ISO-10303-21;
HEADER;
FILE_DESCRIPTION(('Open CASCADE Model'),'2;1');
FILE_NAME('booth','2000-01-01T00:00:00',('Author'),('Open CASCADE'),
  'Open CASCADE STEP processor 7.9','cadgen','Unknown');
FILE_SCHEMA(('AUTOMOTIVE_DESIGN { 1 0 10303 214 1 1 1 1 }'));
ENDSEC;
DATA;
#1 = APPLICATION_PROTOCOL_DEFINITION('international standard',
  'automotive_design',2000,#2);
#2 = APPLICATION_CONTEXT(
  'core data for automotive mechanical design processes');
#3 = SHAPE_DEFINITION_REPRESENTATION(#4,#10);
#4 = PRODUCT_DEFINITION_SHAPE('','',#5);
#5 = PRODUCT_DEFINITION('design','',#6,#9);
#6 = PRODUCT_DEFINITION_FORMATION('','',#7);
#7 = PRODUCT('booth','booth','',(#8));
#8 = PRODUCT_CONTEXT('',#2,'mechanical');
#9 = PRODUCT_DEFINITION_CONTEXT('part definition',#2,'design');
#10 = SHAPE_REPRESENTATION('',(#11,#15,#19,#23,#27),#31);
#11 = AXIS2_PLACEMENT_3D('',#12,#13,#14);
#12 = CARTESIAN_POINT('',(0.,0.,0.));
#13 = DIRECTION('',(0.,0.,1.));
#14 = DIRECTION('',(1.,0.,0.));
#15 = AXIS2_PLACEMENT_3D('',#16,#17,#18);
#16 = CARTESIAN_POINT('',(0.,0.,0.));
#17 = DIRECTION('',(0.,0.,1.));
#18 = DIRECTION('',(1.,0.,0.));
#19 = AXIS2_PLACEMENT_3D('',#20,#21,#22);
#20 = CARTESIAN_POINT('',(0.,25.,97.));
#21 = DIRECTION('',(0.,0.,1.));
#22 = DIRECTION('',(1.,0.,0.));
#23 = AXIS2_PLACEMENT_3D('',#24,#25,#26);
#24 = CARTESIAN_POINT('',(0.,0.,0.));
#25 = DIRECTION('',(0.,0.,1.));
#26 = DIRECTION('',(1.,0.,0.));
#27 = AXIS2_PLACEMENT_3D('',#28,#29,#30);
#28 = CARTESIAN_POINT('',(0.,29.222831407164,103.91776803736));
#29 = DIRECTION('',(0.,0.258819045103,0.965925826289));
#30 = DIRECTION('',(1.,0.,0.));
#31 = ( GEOMETRIC_REPRESENTATION_CONTEXT(3) 
GLOBAL_UNCERTAINTY_ASSIGNED_CONTEXT((#35)) GLOBAL_UNIT_ASSIGNED_CONTEXT(
(#32,#33,#34)) REPRESENTATION_CONTEXT('Context #1',
  '3D Context with UNIT and UNCERTAINTY') );
#32 = ( LENGTH_UNIT() NAMED_UNIT(*) SI_UNIT(.MILLI.,.METRE.) );
#33 = ( NAMED_UNIT(*) PLANE_ANGLE_UNIT() SI_UNIT($,.RADIAN.) );
#34 = ( NAMED_UNIT(*) SI_UNIT($,.STERADIAN.) SOLID_ANGLE_UNIT() );
#35 = UNCERTAINTY_MEASURE_WITH_UNIT(LENGTH_MEASURE(2.E-07),#32,
  'distance_accuracy_value','confusion accuracy');
#36 = PRODUCT_RELATED_PRODUCT_CATEGORY('part',$,(#7));
#37 = SHAPE_DEFINITION_REPRESENTATION(#38,#44);
#38 = PRODUCT_DEFINITION_SHAPE('','',#39);
#39 = PRODUCT_DEFINITION('design','',#40,#43);
#40 = PRODUCT_DEFINITION_FORMATION('','',#41);
#41 = PRODUCT('saddle','saddle','',(#42));
#42 = PRODUCT_CONTEXT('',#2,'mechanical');
#43 = PRODUCT_DEFINITION_CONTEXT('part definition',#2,'design');
#44 = ADVANCED_BREP_SHAPE_REPRESENTATION('',(#11,#45),#2651);
#45 = MANIFOLD_SOLID_BREP('',#46);
#46 = CLOSED_SHELL('',(#47,#167,#603,#755,#809,#882,#1029,#1158,#1205,
    #1259,#1306,#1355,#1424,#1576,#1667,#1717,#1767,#1817,#1867,#1893,
    #1919,#1976,#2033,#2052,#2061,#2111,#2161,#2218,#2275,#2310,#2345,
    #2380,#2415,#2470,#2525,#2580,#2635,#2639,#2643,#2647));
#47 = ADVANCED_FACE('',(#48),#62,.F.);
#48 = FACE_BOUND('',#49,.F.);
#49 = EDGE_LOOP('',(#50,#85,#113,#141));
#50 = ORIENTED_EDGE('',*,*,#51,.F.);
#51 = EDGE_CURVE('',#52,#54,#56,.T.);
#52 = VERTEX_POINT('',#53);
#53 = CARTESIAN_POINT('',(-108.5,-5.,97.));
#54 = VERTEX_POINT('',#55);
#55 = CARTESIAN_POINT('',(-108.5,97.,97.));
#56 = SURFACE_CURVE('',#57,(#61,#73),.PCURVE_S1.);
#57 = LINE('',#58,#59);
#58 = CARTESIAN_POINT('',(-108.5,-8.,97.));
#59 = VECTOR('',#60,1.);
#60 = DIRECTION('',(0.,1.,0.));
#61 = PCURVE('',#62,#67);
#62 = PLANE('',#63);
#63 = AXIS2_PLACEMENT_3D('',#64,#65,#66);
#64 = CARTESIAN_POINT('',(-108.5,-8.,0.));
#65 = DIRECTION('',(1.,0.,0.));
#66 = DIRECTION('',(0.,0.,1.));
#67 = DEFINITIONAL_REPRESENTATION('',(#68),#72);
#68 = LINE('',#69,#70);
#69 = CARTESIAN_POINT('',(97.,0.));
#70 = VECTOR('',#71,1.);
#71 = DIRECTION('',(0.,-1.));
#72 = ( GEOMETRIC_REPRESENTATION_CONTEXT(2) 
PARAMETRIC_REPRESENTATION_CONTEXT() REPRESENTATION_CONTEXT('2D SPACE',''
  ) );
#73 = PCURVE('',#74,#79);
#74 = PLANE('',#75);
#75 = AXIS2_PLACEMENT_3D('',#76,#77,#78);
#76 = CARTESIAN_POINT('',(-108.5,-8.,97.));
#77 = DIRECTION('',(0.,0.,1.));
#78 = DIRECTION('',(1.,0.,0.));
#79 = DEFINITIONAL_REPRESENTATION('',(#80),#84);
#80 = LINE('',#81,#82);
#81 = CARTESIAN_POINT('',(0.,0.));
#82 = VECTOR('',#83,1.);
#83 = DIRECTION('',(0.,1.));
#84 = ( GEOMETRIC_REPRESENTATION_CONTEXT(2) 
PARAMETRIC_REPRESENTATION_CONTEXT() REPRESENTATION_CONTEXT('2D SPACE',''
  ) );
#85 = ORIENTED_EDGE('',*,*,#86,.F.);
#86 = EDGE_CURVE('',#87,#52,#89,.T.);
#87 = VERTEX_POINT('',#88);
#88 = CARTESIAN_POINT('',(-108.5,-5.,0.));
#89 = SURFACE_CURVE('',#90,(#94,#101),.PCURVE_S1.);
#90 = LINE('',#91,#92);
#91 = CARTESIAN_POINT('',(-108.5,-5.,0.));
#92 = VECTOR('',#93,1.);
#93 = DIRECTION('',(0.,0.,1.));
#94 = PCURVE('',#62,#95);
#95 = DEFINITIONAL_REPRESENTATION('',(#96),#100);
#96 = LINE('',#97,#98);
#97 = CARTESIAN_POINT('',(0.,-3.));
#98 = VECTOR('',#99,1.);
#99 = DIRECTION('',(1.,0.));
#100 = ( GEOMETRIC_REPRESENTATION_CONTEXT(2) 
PARAMETRIC_REPRESENTATION_CONTEXT() REPRESENTATION_CONTEXT('2D SPACE',''
  ) );
#101 = PCURVE('',#102,#107);
#102 = CYLINDRICAL_SURFACE('',#103,3.);
#103 = AXIS2_PLACEMENT_3D('',#104,#105,#106);
#104 = CARTESIAN_POINT('',(-105.5,-5.,0.));
#105 = DIRECTION('',(0.,0.,1.));
#106 = DIRECTION('',(-1.,0.,0.));
#107 = DEFINITIONAL_REPRESENTATION('',(#108),#112);
#108 = LINE('',#109,#110);
#109 = CARTESIAN_POINT('',(0.,0.));
#110 = VECTOR('',#111,1.);
#111 = DIRECTION('',(0.,1.));
#112 = ( GEOMETRIC_REPRESENTATION_CONTEXT(2) 
PARAMETRIC_REPRESENTATION_CONTEXT() REPRESENTATION_CONTEXT('2D SPACE',''
  ) );
#113 = ORIENTED_EDGE('',*,*,#114,.T.);
#114 = EDGE_CURVE('',#87,#115,#117,.T.);
#115 = VERTEX_POINT('',#116);
#116 = CARTESIAN_POINT('',(-108.5,97.,0.));
#117 = SURFACE_CURVE('',#118,(#122,#129),.PCURVE_S1.);
#118 = LINE('',#119,#120);
#119 = CARTESIAN_POINT('',(-108.5,-8.,0.));
#120 = VECTOR('',#121,1.);
#121 = DIRECTION('',(0.,1.,0.));
#122 = PCURVE('',#62,#123);
#123 = DEFINITIONAL_REPRESENTATION('',(#124),#128);
#124 = LINE('',#125,#126);
#125 = CARTESIAN_POINT('',(0.,0.));
#126 = VECTOR('',#127,1.);
#127 = DIRECTION('',(0.,-1.));
#128 = ( GEOMETRIC_REPRESENTATION_CONTEXT(2) 
PARAMETRIC_REPRESENTATION_CONTEXT() REPRESENTATION_CONTEXT('2D SPACE',''
  ) );
#129 = PCURVE('',#130,#135);
#130 = PLANE('',#131);
#131 = AXIS2_PLACEMENT_3D('',#132,#133,#134);
#132 = CARTESIAN_POINT('',(-108.5,-8.,0.));
#133 = DIRECTION('',(0.,0.,1.));
#134 = DIRECTION('',(1.,0.,0.));
#135 = DEFINITIONAL_REPRESENTATION('',(#136),#140);
#136 = LINE('',#137,#138);
#137 = CARTESIAN_POINT('',(0.,0.));
#138 = VECTOR('',#139,1.);
#139 = DIRECTION('',(0.,1.));
#140 = ( GEOMETRIC_REPRESENTATION_CONTEXT(2) 
PARAMETRIC_REPRESENTATION_CONTEXT() REPRESENTATION_CONTEXT('2D SPACE',''
  ) );
#141 = ORIENTED_EDGE('',*,*,#142,.F.);
#142 = EDGE_CURVE('',#54,#115,#143,.T.);
#143 = SURFACE_CURVE('',#144,(#148,#155),.PCURVE_S1.);
#144 = LINE('',#145,#146);
#145 = CARTESIAN_POINT('',(-108.5,97.,97.));
#146 = VECTOR('',#147,1.);
#147 = DIRECTION('',(0.,0.,-1.));
#148 = PCURVE('',#62,#149);
#149 = DEFINITIONAL_REPRESENTATION('',(#150),#154);
#150 = LINE('',#151,#152);
#151 = CARTESIAN_POINT('',(97.,-105.));
#152 = VECTOR('',#153,1.);
#153 = DIRECTION('',(-1.,0.));
#154 = ( GEOMETRIC_REPRESENTATION_CONTEXT(2) 
PARAMETRIC_REPRESENTATION_CONTEXT() REPRESENTATION_CONTEXT('2D SPACE',''
  ) );
#155 = PCURVE('',#156,#161);
#156 = CYLINDRICAL_SURFACE('',#157,3.);
#157 = AXIS2_PLACEMENT_3D('',#158,#159,#160);
#158 = CARTESIAN_POINT('',(-105.5,97.,97.));
#159 = DIRECTION('',(0.,0.,-1.));
#160 = DIRECTION('',(-1.,0.,0.));
#161 = DEFINITIONAL_REPRESENTATION('',(#162),#166);
#162 = LINE('',#163,#164);
#163 = CARTESIAN_POINT('',(0.,0.));
#164 = VECTOR('',#165,1.);
#165 = DIRECTION('',(0.,1.));
#166 = ( GEOMETRIC_REPRESENTATION_CONTEXT(2) 
PARAMETRIC_REPRESENTATION_CONTEXT() REPRESENTATION_CONTEXT('2D SPACE',''
  ) );
#167 = ADVANCED_FACE('',(#168,#479,#510,#541,#572),#74,.T.);
#168 = FACE_BOUND('',#169,.T.);
#169 = EDGE_LOOP('',(#170,#171,#195,#223,#251,#279,#307,#335,#364,#392,
    #425,#453));
#170 = ORIENTED_EDGE('',*,*,#51,.F.);
#171 = ORIENTED_EDGE('',*,*,#172,.T.);
#172 = EDGE_CURVE('',#52,#173,#175,.T.);
#173 = VERTEX_POINT('',#174);
#174 = CARTESIAN_POINT('',(-105.5,-8.,97.));
#175 = SURFACE_CURVE('',#176,(#181,#188),.PCURVE_S1.);
#176 = CIRCLE('',#177,3.);
#177 = AXIS2_PLACEMENT_3D('',#178,#179,#180);
#178 = CARTESIAN_POINT('',(-105.5,-5.,97.));
#179 = DIRECTION('',(0.,0.,1.));
#180 = DIRECTION('',(0.,-1.,0.));
#181 = PCURVE('',#74,#182);
#182 = DEFINITIONAL_REPRESENTATION('',(#183),#187);
#183 = CIRCLE('',#184,3.);
#184 = AXIS2_PLACEMENT_2D('',#185,#186);
#185 = CARTESIAN_POINT('',(3.,3.));
#186 = DIRECTION('',(0.,-1.));
#187 = ( GEOMETRIC_REPRESENTATION_CONTEXT(2) 
PARAMETRIC_REPRESENTATION_CONTEXT() REPRESENTATION_CONTEXT('2D SPACE',''
  ) );
#188 = PCURVE('',#102,#189);
#189 = DEFINITIONAL_REPRESENTATION('',(#190),#194);
#190 = LINE('',#191,#192);
#191 = CARTESIAN_POINT('',(-4.712388980385,97.));
#192 = VECTOR('',#193,1.);
#193 = DIRECTION('',(1.,0.));
#194 = ( GEOMETRIC_REPRESENTATION_CONTEXT(2) 
PARAMETRIC_REPRESENTATION_CONTEXT() REPRESENTATION_CONTEXT('2D SPACE',''
  ) );
#195 = ORIENTED_EDGE('',*,*,#196,.T.);
#196 = EDGE_CURVE('',#173,#197,#199,.T.);
#197 = VERTEX_POINT('',#198);
#198 = CARTESIAN_POINT('',(-100.5,-8.,97.));
#199 = SURFACE_CURVE('',#200,(#204,#211),.PCURVE_S1.);
#200 = LINE('',#201,#202);
#201 = CARTESIAN_POINT('',(-108.5,-8.,97.));
#202 = VECTOR('',#203,1.);
#203 = DIRECTION('',(1.,0.,0.));
#204 = PCURVE('',#74,#205);
#205 = DEFINITIONAL_REPRESENTATION('',(#206),#210);
#206 = LINE('',#207,#208);
#207 = CARTESIAN_POINT('',(0.,0.));
#208 = VECTOR('',#209,1.);
#209 = DIRECTION('',(1.,0.));
#210 = ( GEOMETRIC_REPRESENTATION_CONTEXT(2) 
PARAMETRIC_REPRESENTATION_CONTEXT() REPRESENTATION_CONTEXT('2D SPACE',''
  ) );
#211 = PCURVE('',#212,#217);
#212 = PLANE('',#213);
#213 = AXIS2_PLACEMENT_3D('',#214,#215,#216);
#214 = CARTESIAN_POINT('',(-108.5,-8.,0.));
#215 = DIRECTION('',(0.,1.,0.));
#216 = DIRECTION('',(0.,0.,1.));
#217 = DEFINITIONAL_REPRESENTATION('',(#218),#222);
#218 = LINE('',#219,#220);
#219 = CARTESIAN_POINT('',(97.,0.));
#220 = VECTOR('',#221,1.);
#221 = DIRECTION('',(0.,1.));
#222 = ( GEOMETRIC_REPRESENTATION_CONTEXT(2) 
PARAMETRIC_REPRESENTATION_CONTEXT() REPRESENTATION_CONTEXT('2D SPACE',''
  ) );
#223 = ORIENTED_EDGE('',*,*,#224,.T.);
#224 = EDGE_CURVE('',#197,#225,#227,.T.);
#225 = VERTEX_POINT('',#226);
#226 = CARTESIAN_POINT('',(-100.5,25.,97.));
#227 = SURFACE_CURVE('',#228,(#232,#239),.PCURVE_S1.);
#228 = LINE('',#229,#230);
#229 = CARTESIAN_POINT('',(-100.5,-8.,97.));
#230 = VECTOR('',#231,1.);
#231 = DIRECTION('',(0.,1.,0.));
#232 = PCURVE('',#74,#233);
#233 = DEFINITIONAL_REPRESENTATION('',(#234),#238);
#234 = LINE('',#235,#236);
#235 = CARTESIAN_POINT('',(8.,0.));
#236 = VECTOR('',#237,1.);
#237 = DIRECTION('',(0.,1.));
#238 = ( GEOMETRIC_REPRESENTATION_CONTEXT(2) 
PARAMETRIC_REPRESENTATION_CONTEXT() REPRESENTATION_CONTEXT('2D SPACE',''
  ) );
#239 = PCURVE('',#240,#245);
#240 = PLANE('',#241);
#241 = AXIS2_PLACEMENT_3D('',#242,#243,#244);
#242 = CARTESIAN_POINT('',(-100.5,-8.,0.));
#243 = DIRECTION('',(1.,0.,0.));
#244 = DIRECTION('',(0.,0.,1.));
#245 = DEFINITIONAL_REPRESENTATION('',(#246),#250);
#246 = LINE('',#247,#248);
#247 = CARTESIAN_POINT('',(97.,0.));
#248 = VECTOR('',#249,1.);
#249 = DIRECTION('',(0.,-1.));
#250 = ( GEOMETRIC_REPRESENTATION_CONTEXT(2) 
PARAMETRIC_REPRESENTATION_CONTEXT() REPRESENTATION_CONTEXT('2D SPACE',''
  ) );
#251 = ORIENTED_EDGE('',*,*,#252,.T.);
#252 = EDGE_CURVE('',#225,#253,#255,.T.);
#253 = VERTEX_POINT('',#254);
#254 = CARTESIAN_POINT('',(100.5,25.,97.));
#255 = SURFACE_CURVE('',#256,(#260,#267),.PCURVE_S1.);
#256 = LINE('',#257,#258);
#257 = CARTESIAN_POINT('',(-108.5,25.,97.));
#258 = VECTOR('',#259,1.);
#259 = DIRECTION('',(1.,0.,0.));
#260 = PCURVE('',#74,#261);
#261 = DEFINITIONAL_REPRESENTATION('',(#262),#266);
#262 = LINE('',#263,#264);
#263 = CARTESIAN_POINT('',(0.,33.));
#264 = VECTOR('',#265,1.);
#265 = DIRECTION('',(1.,0.));
#266 = ( GEOMETRIC_REPRESENTATION_CONTEXT(2) 
PARAMETRIC_REPRESENTATION_CONTEXT() REPRESENTATION_CONTEXT('2D SPACE',''
  ) );
#267 = PCURVE('',#268,#273);
#268 = PLANE('',#269);
#269 = AXIS2_PLACEMENT_3D('',#270,#271,#272);
#270 = CARTESIAN_POINT('',(-108.5,25.,91.));
#271 = DIRECTION('',(0.,1.,0.));
#272 = DIRECTION('',(0.,0.,1.));
#273 = DEFINITIONAL_REPRESENTATION('',(#274),#278);
#274 = LINE('',#275,#276);
#275 = CARTESIAN_POINT('',(6.,0.));
#276 = VECTOR('',#277,1.);
#277 = DIRECTION('',(0.,1.));
#278 = ( GEOMETRIC_REPRESENTATION_CONTEXT(2) 
PARAMETRIC_REPRESENTATION_CONTEXT() REPRESENTATION_CONTEXT('2D SPACE',''
  ) );
#279 = ORIENTED_EDGE('',*,*,#280,.F.);
#280 = EDGE_CURVE('',#281,#253,#283,.T.);
#281 = VERTEX_POINT('',#282);
#282 = CARTESIAN_POINT('',(100.5,-8.,97.));
#283 = SURFACE_CURVE('',#284,(#288,#295),.PCURVE_S1.);
#284 = LINE('',#285,#286);
#285 = CARTESIAN_POINT('',(100.5,-8.,97.));
#286 = VECTOR('',#287,1.);
#287 = DIRECTION('',(0.,1.,0.));
#288 = PCURVE('',#74,#289);
#289 = DEFINITIONAL_REPRESENTATION('',(#290),#294);
#290 = LINE('',#291,#292);
#291 = CARTESIAN_POINT('',(209.,0.));
#292 = VECTOR('',#293,1.);
#293 = DIRECTION('',(0.,1.));
#294 = ( GEOMETRIC_REPRESENTATION_CONTEXT(2) 
PARAMETRIC_REPRESENTATION_CONTEXT() REPRESENTATION_CONTEXT('2D SPACE',''
  ) );
#295 = PCURVE('',#296,#301);
#296 = PLANE('',#297);
#297 = AXIS2_PLACEMENT_3D('',#298,#299,#300);
#298 = CARTESIAN_POINT('',(100.5,-8.,0.));
#299 = DIRECTION('',(1.,0.,0.));
#300 = DIRECTION('',(0.,0.,1.));
#301 = DEFINITIONAL_REPRESENTATION('',(#302),#306);
#302 = LINE('',#303,#304);
#303 = CARTESIAN_POINT('',(97.,0.));
#304 = VECTOR('',#305,1.);
#305 = DIRECTION('',(0.,-1.));
#306 = ( GEOMETRIC_REPRESENTATION_CONTEXT(2) 
PARAMETRIC_REPRESENTATION_CONTEXT() REPRESENTATION_CONTEXT('2D SPACE',''
  ) );
#307 = ORIENTED_EDGE('',*,*,#308,.T.);
#308 = EDGE_CURVE('',#281,#309,#311,.T.);
#309 = VERTEX_POINT('',#310);
#310 = CARTESIAN_POINT('',(105.5,-8.,97.));
#311 = SURFACE_CURVE('',#312,(#316,#323),.PCURVE_S1.);
#312 = LINE('',#313,#314);
#313 = CARTESIAN_POINT('',(100.5,-8.,97.));
#314 = VECTOR('',#315,1.);
#315 = DIRECTION('',(1.,0.,0.));
#316 = PCURVE('',#74,#317);
#317 = DEFINITIONAL_REPRESENTATION('',(#318),#322);
#318 = LINE('',#319,#320);
#319 = CARTESIAN_POINT('',(209.,0.));
#320 = VECTOR('',#321,1.);
#321 = DIRECTION('',(1.,0.));
#322 = ( GEOMETRIC_REPRESENTATION_CONTEXT(2) 
PARAMETRIC_REPRESENTATION_CONTEXT() REPRESENTATION_CONTEXT('2D SPACE',''
  ) );
#323 = PCURVE('',#324,#329);
#324 = PLANE('',#325);
#325 = AXIS2_PLACEMENT_3D('',#326,#327,#328);
#326 = CARTESIAN_POINT('',(100.5,-8.,0.));
#327 = DIRECTION('',(0.,1.,0.));
#328 = DIRECTION('',(0.,0.,1.));
#329 = DEFINITIONAL_REPRESENTATION('',(#330),#334);
#330 = LINE('',#331,#332);
#331 = CARTESIAN_POINT('',(97.,0.));
#332 = VECTOR('',#333,1.);
#333 = DIRECTION('',(0.,1.));
#334 = ( GEOMETRIC_REPRESENTATION_CONTEXT(2) 
PARAMETRIC_REPRESENTATION_CONTEXT() REPRESENTATION_CONTEXT('2D SPACE',''
  ) );
#335 = ORIENTED_EDGE('',*,*,#336,.T.);
#336 = EDGE_CURVE('',#309,#337,#339,.T.);
#337 = VERTEX_POINT('',#338);
#338 = CARTESIAN_POINT('',(108.5,-5.,97.));
#339 = SURFACE_CURVE('',#340,(#345,#352),.PCURVE_S1.);
#340 = CIRCLE('',#341,3.);
#341 = AXIS2_PLACEMENT_3D('',#342,#343,#344);
#342 = CARTESIAN_POINT('',(105.5,-5.,97.));
#343 = DIRECTION('',(0.,0.,1.));
#344 = DIRECTION('',(0.,-1.,0.));
#345 = PCURVE('',#74,#346);
#346 = DEFINITIONAL_REPRESENTATION('',(#347),#351);
#347 = CIRCLE('',#348,3.);
#348 = AXIS2_PLACEMENT_2D('',#349,#350);
#349 = CARTESIAN_POINT('',(214.,3.));
#350 = DIRECTION('',(0.,-1.));
#351 = ( GEOMETRIC_REPRESENTATION_CONTEXT(2) 
PARAMETRIC_REPRESENTATION_CONTEXT() REPRESENTATION_CONTEXT('2D SPACE',''
  ) );
#352 = PCURVE('',#353,#358);
#353 = CYLINDRICAL_SURFACE('',#354,3.);
#354 = AXIS2_PLACEMENT_3D('',#355,#356,#357);
#355 = CARTESIAN_POINT('',(105.5,-5.,0.));
#356 = DIRECTION('',(0.,0.,1.));
#357 = DIRECTION('',(0.,-1.,0.));
#358 = DEFINITIONAL_REPRESENTATION('',(#359),#363);
#359 = LINE('',#360,#361);
#360 = CARTESIAN_POINT('',(0.,97.));
#361 = VECTOR('',#362,1.);
#362 = DIRECTION('',(1.,0.));
#363 = ( GEOMETRIC_REPRESENTATION_CONTEXT(2) 
PARAMETRIC_REPRESENTATION_CONTEXT() REPRESENTATION_CONTEXT('2D SPACE',''
  ) );
#364 = ORIENTED_EDGE('',*,*,#365,.T.);
#365 = EDGE_CURVE('',#337,#366,#368,.T.);
#366 = VERTEX_POINT('',#367);
#367 = CARTESIAN_POINT('',(108.5,97.,97.));
#368 = SURFACE_CURVE('',#369,(#373,#380),.PCURVE_S1.);
#369 = LINE('',#370,#371);
#370 = CARTESIAN_POINT('',(108.5,-8.,97.));
#371 = VECTOR('',#372,1.);
#372 = DIRECTION('',(0.,1.,0.));
#373 = PCURVE('',#74,#374);
#374 = DEFINITIONAL_REPRESENTATION('',(#375),#379);
#375 = LINE('',#376,#377);
#376 = CARTESIAN_POINT('',(217.,0.));
#377 = VECTOR('',#378,1.);
#378 = DIRECTION('',(0.,1.));
#379 = ( GEOMETRIC_REPRESENTATION_CONTEXT(2) 
PARAMETRIC_REPRESENTATION_CONTEXT() REPRESENTATION_CONTEXT('2D SPACE',''
  ) );
#380 = PCURVE('',#381,#386);
#381 = PLANE('',#382);
#382 = AXIS2_PLACEMENT_3D('',#383,#384,#385);
#383 = CARTESIAN_POINT('',(108.5,-8.,0.));
#384 = DIRECTION('',(1.,0.,0.));
#385 = DIRECTION('',(0.,0.,1.));
#386 = DEFINITIONAL_REPRESENTATION('',(#387),#391);
#387 = LINE('',#388,#389);
#388 = CARTESIAN_POINT('',(97.,0.));
#389 = VECTOR('',#390,1.);
#390 = DIRECTION('',(0.,-1.));
#391 = ( GEOMETRIC_REPRESENTATION_CONTEXT(2) 
PARAMETRIC_REPRESENTATION_CONTEXT() REPRESENTATION_CONTEXT('2D SPACE',''
  ) );
#392 = ORIENTED_EDGE('',*,*,#393,.F.);
#393 = EDGE_CURVE('',#394,#366,#396,.T.);
#394 = VERTEX_POINT('',#395);
#395 = CARTESIAN_POINT('',(105.5,100.,97.));
#396 = SURFACE_CURVE('',#397,(#402,#413),.PCURVE_S1.);
#397 = CIRCLE('',#398,3.);
#398 = AXIS2_PLACEMENT_3D('',#399,#400,#401);
#399 = CARTESIAN_POINT('',(105.5,97.,97.));
#400 = DIRECTION('',(0.,0.,-1.));
#401 = DIRECTION('',(0.,1.,0.));
#402 = PCURVE('',#74,#403);
#403 = DEFINITIONAL_REPRESENTATION('',(#404),#412);
#404 = ( BOUNDED_CURVE() B_SPLINE_CURVE(2,(#405,#406,#407,#408,#409,#410
,#411),.UNSPECIFIED.,.T.,.F.) B_SPLINE_CURVE_WITH_KNOTS((1,2,2,2,2,1),(
    -2.094395102393,0.,2.094395102393,4.188790204786,6.28318530718,
8.377580409573),.UNSPECIFIED.) CURVE() GEOMETRIC_REPRESENTATION_ITEM() 
RATIONAL_B_SPLINE_CURVE((1.,0.5,1.,0.5,1.,0.5,1.)) REPRESENTATION_ITEM(
  '') );
#405 = CARTESIAN_POINT('',(214.,108.));
#406 = CARTESIAN_POINT('',(219.1961524227,108.));
#407 = CARTESIAN_POINT('',(216.59807621135,103.5));
#408 = CARTESIAN_POINT('',(214.,99.));
#409 = CARTESIAN_POINT('',(211.40192378864,103.5));
#410 = CARTESIAN_POINT('',(208.80384757729,108.));
#411 = CARTESIAN_POINT('',(214.,108.));
#412 = ( GEOMETRIC_REPRESENTATION_CONTEXT(2) 
PARAMETRIC_REPRESENTATION_CONTEXT() REPRESENTATION_CONTEXT('2D SPACE',''
  ) );
#413 = PCURVE('',#414,#419);
#414 = CYLINDRICAL_SURFACE('',#415,3.);
#415 = AXIS2_PLACEMENT_3D('',#416,#417,#418);
#416 = CARTESIAN_POINT('',(105.5,97.,97.));
#417 = DIRECTION('',(0.,0.,-1.));
#418 = DIRECTION('',(0.,1.,0.));
#419 = DEFINITIONAL_REPRESENTATION('',(#420),#424);
#420 = LINE('',#421,#422);
#421 = CARTESIAN_POINT('',(0.,0.));
#422 = VECTOR('',#423,1.);
#423 = DIRECTION('',(1.,0.));
#424 = ( GEOMETRIC_REPRESENTATION_CONTEXT(2) 
PARAMETRIC_REPRESENTATION_CONTEXT() REPRESENTATION_CONTEXT('2D SPACE',''
  ) );
#425 = ORIENTED_EDGE('',*,*,#426,.T.);
#426 = EDGE_CURVE('',#394,#427,#429,.T.);
#427 = VERTEX_POINT('',#428);
#428 = CARTESIAN_POINT('',(-105.5,100.,97.));
#429 = SURFACE_CURVE('',#430,(#434,#441),.PCURVE_S1.);
#430 = LINE('',#431,#432);
#431 = CARTESIAN_POINT('',(108.5,100.,97.));
#432 = VECTOR('',#433,1.);
#433 = DIRECTION('',(-1.,0.,0.));
#434 = PCURVE('',#74,#435);
#435 = DEFINITIONAL_REPRESENTATION('',(#436),#440);
#436 = LINE('',#437,#438);
#437 = CARTESIAN_POINT('',(217.,108.));
#438 = VECTOR('',#439,1.);
#439 = DIRECTION('',(-1.,0.));
#440 = ( GEOMETRIC_REPRESENTATION_CONTEXT(2) 
PARAMETRIC_REPRESENTATION_CONTEXT() REPRESENTATION_CONTEXT('2D SPACE',''
  ) );
#441 = PCURVE('',#442,#447);
#442 = PLANE('',#443);
#443 = AXIS2_PLACEMENT_3D('',#444,#445,#446);
#444 = CARTESIAN_POINT('',(-108.5,100.,0.));
#445 = DIRECTION('',(0.,1.,0.));
#446 = DIRECTION('',(0.,0.,1.));
#447 = DEFINITIONAL_REPRESENTATION('',(#448),#452);
#448 = LINE('',#449,#450);
#449 = CARTESIAN_POINT('',(97.,217.));
#450 = VECTOR('',#451,1.);
#451 = DIRECTION('',(0.,-1.));
#452 = ( GEOMETRIC_REPRESENTATION_CONTEXT(2) 
PARAMETRIC_REPRESENTATION_CONTEXT() REPRESENTATION_CONTEXT('2D SPACE',''
  ) );
#453 = ORIENTED_EDGE('',*,*,#454,.F.);
#454 = EDGE_CURVE('',#54,#427,#455,.T.);
#455 = SURFACE_CURVE('',#456,(#461,#472),.PCURVE_S1.);
#456 = CIRCLE('',#457,3.);
#457 = AXIS2_PLACEMENT_3D('',#458,#459,#460);
#458 = CARTESIAN_POINT('',(-105.5,97.,97.));
#459 = DIRECTION('',(0.,0.,-1.));
#460 = DIRECTION('',(0.,1.,0.));
#461 = PCURVE('',#74,#462);
#462 = DEFINITIONAL_REPRESENTATION('',(#463),#471);
#463 = ( BOUNDED_CURVE() B_SPLINE_CURVE(2,(#464,#465,#466,#467,#468,#469
,#470),.UNSPECIFIED.,.T.,.F.) B_SPLINE_CURVE_WITH_KNOTS((1,2,2,2,2,1),(
    -2.094395102393,0.,2.094395102393,4.188790204786,6.28318530718,
8.377580409573),.UNSPECIFIED.) CURVE() GEOMETRIC_REPRESENTATION_ITEM() 
RATIONAL_B_SPLINE_CURVE((1.,0.5,1.,0.5,1.,0.5,1.)) REPRESENTATION_ITEM(
  '') );
#464 = CARTESIAN_POINT('',(3.,108.));
#465 = CARTESIAN_POINT('',(8.196152422707,108.));
#466 = CARTESIAN_POINT('',(5.598076211353,103.5));
#467 = CARTESIAN_POINT('',(3.,99.));
#468 = CARTESIAN_POINT('',(0.401923788647,103.5));
#469 = CARTESIAN_POINT('',(-2.196152422707,108.));
#470 = CARTESIAN_POINT('',(3.,108.));
#471 = ( GEOMETRIC_REPRESENTATION_CONTEXT(2) 
PARAMETRIC_REPRESENTATION_CONTEXT() REPRESENTATION_CONTEXT('2D SPACE',''
  ) );
#472 = PCURVE('',#156,#473);
#473 = DEFINITIONAL_REPRESENTATION('',(#474),#478);
#474 = LINE('',#475,#476);
#475 = CARTESIAN_POINT('',(-4.712388980385,0.));
#476 = VECTOR('',#477,1.);
#477 = DIRECTION('',(1.,0.));
#478 = ( GEOMETRIC_REPRESENTATION_CONTEXT(2) 
PARAMETRIC_REPRESENTATION_CONTEXT() REPRESENTATION_CONTEXT('2D SPACE',''
  ) );
#479 = FACE_BOUND('',#480,.T.);
#480 = EDGE_LOOP('',(#481));
#481 = ORIENTED_EDGE('',*,*,#482,.F.);
#482 = EDGE_CURVE('',#483,#483,#485,.T.);
#483 = VERTEX_POINT('',#484);
#484 = CARTESIAN_POINT('',(-43.3,37.,97.));
#485 = SURFACE_CURVE('',#486,(#491,#498),.PCURVE_S1.);
#486 = CIRCLE('',#487,1.7);
#487 = AXIS2_PLACEMENT_3D('',#488,#489,#490);
#488 = CARTESIAN_POINT('',(-45.,37.,97.));
#489 = DIRECTION('',(0.,0.,1.));
#490 = DIRECTION('',(1.,0.,0.));
#491 = PCURVE('',#74,#492);
#492 = DEFINITIONAL_REPRESENTATION('',(#493),#497);
#493 = CIRCLE('',#494,1.7);
#494 = AXIS2_PLACEMENT_2D('',#495,#496);
#495 = CARTESIAN_POINT('',(63.5,45.));
#496 = DIRECTION('',(1.,0.));
#497 = ( GEOMETRIC_REPRESENTATION_CONTEXT(2) 
PARAMETRIC_REPRESENTATION_CONTEXT() REPRESENTATION_CONTEXT('2D SPACE',''
  ) );
#498 = PCURVE('',#499,#504);
#499 = CYLINDRICAL_SURFACE('',#500,1.7);
#500 = AXIS2_PLACEMENT_3D('',#501,#502,#503);
#501 = CARTESIAN_POINT('',(-45.,37.,71.));
#502 = DIRECTION('',(0.,0.,1.));
#503 = DIRECTION('',(1.,0.,0.));
#504 = DEFINITIONAL_REPRESENTATION('',(#505),#509);
#505 = LINE('',#506,#507);
#506 = CARTESIAN_POINT('',(0.,26.));
#507 = VECTOR('',#508,1.);
#508 = DIRECTION('',(1.,0.));
#509 = ( GEOMETRIC_REPRESENTATION_CONTEXT(2) 
PARAMETRIC_REPRESENTATION_CONTEXT() REPRESENTATION_CONTEXT('2D SPACE',''
  ) );
#510 = FACE_BOUND('',#511,.T.);
#511 = EDGE_LOOP('',(#512));
#512 = ORIENTED_EDGE('',*,*,#513,.F.);
#513 = EDGE_CURVE('',#514,#514,#516,.T.);
#514 = VERTEX_POINT('',#515);
#515 = CARTESIAN_POINT('',(46.7,37.,97.));
#516 = SURFACE_CURVE('',#517,(#522,#529),.PCURVE_S1.);
#517 = CIRCLE('',#518,1.7);
#518 = AXIS2_PLACEMENT_3D('',#519,#520,#521);
#519 = CARTESIAN_POINT('',(45.,37.,97.));
#520 = DIRECTION('',(0.,0.,1.));
#521 = DIRECTION('',(1.,0.,0.));
#522 = PCURVE('',#74,#523);
#523 = DEFINITIONAL_REPRESENTATION('',(#524),#528);
#524 = CIRCLE('',#525,1.7);
#525 = AXIS2_PLACEMENT_2D('',#526,#527);
#526 = CARTESIAN_POINT('',(153.5,45.));
#527 = DIRECTION('',(1.,0.));
#528 = ( GEOMETRIC_REPRESENTATION_CONTEXT(2) 
PARAMETRIC_REPRESENTATION_CONTEXT() REPRESENTATION_CONTEXT('2D SPACE',''
  ) );
#529 = PCURVE('',#530,#535);
#530 = CYLINDRICAL_SURFACE('',#531,1.7);
#531 = AXIS2_PLACEMENT_3D('',#532,#533,#534);
#532 = CARTESIAN_POINT('',(45.,37.,71.));
#533 = DIRECTION('',(0.,0.,1.));
#534 = DIRECTION('',(1.,0.,0.));
#535 = DEFINITIONAL_REPRESENTATION('',(#536),#540);
#536 = LINE('',#537,#538);
#537 = CARTESIAN_POINT('',(0.,26.));
#538 = VECTOR('',#539,1.);
#539 = DIRECTION('',(1.,0.));
#540 = ( GEOMETRIC_REPRESENTATION_CONTEXT(2) 
PARAMETRIC_REPRESENTATION_CONTEXT() REPRESENTATION_CONTEXT('2D SPACE',''
  ) );
#541 = FACE_BOUND('',#542,.T.);
#542 = EDGE_LOOP('',(#543));
#543 = ORIENTED_EDGE('',*,*,#544,.F.);
#544 = EDGE_CURVE('',#545,#545,#547,.T.);
#545 = VERTEX_POINT('',#546);
#546 = CARTESIAN_POINT('',(-43.3,77.,97.));
#547 = SURFACE_CURVE('',#548,(#553,#560),.PCURVE_S1.);
#548 = CIRCLE('',#549,1.7);
#549 = AXIS2_PLACEMENT_3D('',#550,#551,#552);
#550 = CARTESIAN_POINT('',(-45.,77.,97.));
#551 = DIRECTION('',(0.,0.,1.));
#552 = DIRECTION('',(1.,0.,0.));
#553 = PCURVE('',#74,#554);
#554 = DEFINITIONAL_REPRESENTATION('',(#555),#559);
#555 = CIRCLE('',#556,1.7);
#556 = AXIS2_PLACEMENT_2D('',#557,#558);
#557 = CARTESIAN_POINT('',(63.5,85.));
#558 = DIRECTION('',(1.,0.));
#559 = ( GEOMETRIC_REPRESENTATION_CONTEXT(2) 
PARAMETRIC_REPRESENTATION_CONTEXT() REPRESENTATION_CONTEXT('2D SPACE',''
  ) );
#560 = PCURVE('',#561,#566);
#561 = CYLINDRICAL_SURFACE('',#562,1.7);
#562 = AXIS2_PLACEMENT_3D('',#563,#564,#565);
#563 = CARTESIAN_POINT('',(-45.,77.,71.));
#564 = DIRECTION('',(0.,0.,1.));
#565 = DIRECTION('',(1.,0.,0.));
#566 = DEFINITIONAL_REPRESENTATION('',(#567),#571);
#567 = LINE('',#568,#569);
#568 = CARTESIAN_POINT('',(0.,26.));
#569 = VECTOR('',#570,1.);
#570 = DIRECTION('',(1.,0.));
#571 = ( GEOMETRIC_REPRESENTATION_CONTEXT(2) 
PARAMETRIC_REPRESENTATION_CONTEXT() REPRESENTATION_CONTEXT('2D SPACE',''
  ) );
#572 = FACE_BOUND('',#573,.T.);
#573 = EDGE_LOOP('',(#574));
#574 = ORIENTED_EDGE('',*,*,#575,.F.);
#575 = EDGE_CURVE('',#576,#576,#578,.T.);
#576 = VERTEX_POINT('',#577);
#577 = CARTESIAN_POINT('',(46.7,77.,97.));
#578 = SURFACE_CURVE('',#579,(#584,#591),.PCURVE_S1.);
#579 = CIRCLE('',#580,1.7);
#580 = AXIS2_PLACEMENT_3D('',#581,#582,#583);
#581 = CARTESIAN_POINT('',(45.,77.,97.));
#582 = DIRECTION('',(0.,0.,1.));
#583 = DIRECTION('',(1.,0.,0.));
#584 = PCURVE('',#74,#585);
#585 = DEFINITIONAL_REPRESENTATION('',(#586),#590);
#586 = CIRCLE('',#587,1.7);
#587 = AXIS2_PLACEMENT_2D('',#588,#589);
#588 = CARTESIAN_POINT('',(153.5,85.));
#589 = DIRECTION('',(1.,0.));
#590 = ( GEOMETRIC_REPRESENTATION_CONTEXT(2) 
PARAMETRIC_REPRESENTATION_CONTEXT() REPRESENTATION_CONTEXT('2D SPACE',''
  ) );
#591 = PCURVE('',#592,#597);
#592 = CYLINDRICAL_SURFACE('',#593,1.7);
#593 = AXIS2_PLACEMENT_3D('',#594,#595,#596);
#594 = CARTESIAN_POINT('',(45.,77.,71.));
#595 = DIRECTION('',(0.,0.,1.));
#596 = DIRECTION('',(1.,0.,0.));
#597 = DEFINITIONAL_REPRESENTATION('',(#598),#602);
#598 = LINE('',#599,#600);
#599 = CARTESIAN_POINT('',(0.,26.));
#600 = VECTOR('',#601,1.);
#601 = DIRECTION('',(1.,0.));
#602 = ( GEOMETRIC_REPRESENTATION_CONTEXT(2) 
PARAMETRIC_REPRESENTATION_CONTEXT() REPRESENTATION_CONTEXT('2D SPACE',''
  ) );
#603 = ADVANCED_FACE('',(#604),#102,.T.);
#604 = FACE_BOUND('',#605,.T.);
#605 = EDGE_LOOP('',(#606,#630,#653,#681,#704,#732,#753,#754));
#606 = ORIENTED_EDGE('',*,*,#607,.T.);
#607 = EDGE_CURVE('',#87,#608,#610,.T.);
#608 = VERTEX_POINT('',#609);
#609 = CARTESIAN_POINT('',(-105.5,-8.,0.));
#610 = SURFACE_CURVE('',#611,(#616,#623),.PCURVE_S1.);
#611 = CIRCLE('',#612,3.);
#612 = AXIS2_PLACEMENT_3D('',#613,#614,#615);
#613 = CARTESIAN_POINT('',(-105.5,-5.,0.));
#614 = DIRECTION('',(0.,0.,1.));
#615 = DIRECTION('',(0.,-1.,0.));
#616 = PCURVE('',#102,#617);
#617 = DEFINITIONAL_REPRESENTATION('',(#618),#622);
#618 = LINE('',#619,#620);
#619 = CARTESIAN_POINT('',(-4.712388980385,0.));
#620 = VECTOR('',#621,1.);
#621 = DIRECTION('',(1.,0.));
#622 = ( GEOMETRIC_REPRESENTATION_CONTEXT(2) 
PARAMETRIC_REPRESENTATION_CONTEXT() REPRESENTATION_CONTEXT('2D SPACE',''
  ) );
#623 = PCURVE('',#130,#624);
#624 = DEFINITIONAL_REPRESENTATION('',(#625),#629);
#625 = CIRCLE('',#626,3.);
#626 = AXIS2_PLACEMENT_2D('',#627,#628);
#627 = CARTESIAN_POINT('',(3.,3.));
#628 = DIRECTION('',(0.,-1.));
#629 = ( GEOMETRIC_REPRESENTATION_CONTEXT(2) 
PARAMETRIC_REPRESENTATION_CONTEXT() REPRESENTATION_CONTEXT('2D SPACE',''
  ) );
#630 = ORIENTED_EDGE('',*,*,#631,.T.);
#631 = EDGE_CURVE('',#608,#632,#634,.T.);
#632 = VERTEX_POINT('',#633);
#633 = CARTESIAN_POINT('',(-105.5,-8.,20.267949192431));
#634 = SURFACE_CURVE('',#635,(#639,#646),.PCURVE_S1.);
#635 = LINE('',#636,#637);
#636 = CARTESIAN_POINT('',(-105.5,-8.,0.));
#637 = VECTOR('',#638,1.);
#638 = DIRECTION('',(0.,0.,1.));
#639 = PCURVE('',#102,#640);
#640 = DEFINITIONAL_REPRESENTATION('',(#641),#645);
#641 = LINE('',#642,#643);
#642 = CARTESIAN_POINT('',(1.570796326795,0.));
#643 = VECTOR('',#644,1.);
#644 = DIRECTION('',(0.,1.));
#645 = ( GEOMETRIC_REPRESENTATION_CONTEXT(2) 
PARAMETRIC_REPRESENTATION_CONTEXT() REPRESENTATION_CONTEXT('2D SPACE',''
  ) );
#646 = PCURVE('',#212,#647);
#647 = DEFINITIONAL_REPRESENTATION('',(#648),#652);
#648 = LINE('',#649,#650);
#649 = CARTESIAN_POINT('',(0.,3.));
#650 = VECTOR('',#651,1.);
#651 = DIRECTION('',(1.,0.));
#652 = ( GEOMETRIC_REPRESENTATION_CONTEXT(2) 
PARAMETRIC_REPRESENTATION_CONTEXT() REPRESENTATION_CONTEXT('2D SPACE',''
  ) );
#653 = ORIENTED_EDGE('',*,*,#654,.T.);
#654 = EDGE_CURVE('',#632,#655,#657,.T.);
#655 = VERTEX_POINT('',#656);
#656 = CARTESIAN_POINT('',(-105.5,-8.,23.732050807569));
#657 = SURFACE_CURVE('',#658,(#662,#669),.PCURVE_S1.);
#658 = LINE('',#659,#660);
#659 = CARTESIAN_POINT('',(-105.5,-8.,0.));
#660 = VECTOR('',#661,1.);
#661 = DIRECTION('',(0.,0.,1.));
#662 = PCURVE('',#102,#663);
#663 = DEFINITIONAL_REPRESENTATION('',(#664),#668);
#664 = LINE('',#665,#666);
#665 = CARTESIAN_POINT('',(1.570796326795,0.));
#666 = VECTOR('',#667,1.);
#667 = DIRECTION('',(0.,1.));
#668 = ( GEOMETRIC_REPRESENTATION_CONTEXT(2) 
PARAMETRIC_REPRESENTATION_CONTEXT() REPRESENTATION_CONTEXT('2D SPACE',''
  ) );
#669 = PCURVE('',#670,#675);
#670 = PLANE('',#671);
#671 = AXIS2_PLACEMENT_3D('',#672,#673,#674);
#672 = CARTESIAN_POINT('',(-104.5,-8.,22.));
#673 = DIRECTION('',(0.,-1.,1.110223024625E-16));
#674 = DIRECTION('',(1.,0.,0.));
#675 = DEFINITIONAL_REPRESENTATION('',(#676),#680);
#676 = LINE('',#677,#678);
#677 = CARTESIAN_POINT('',(-1.,-22.));
#678 = VECTOR('',#679,1.);
#679 = DIRECTION('',(0.,1.));
#680 = ( GEOMETRIC_REPRESENTATION_CONTEXT(2) 
PARAMETRIC_REPRESENTATION_CONTEXT() REPRESENTATION_CONTEXT('2D SPACE',''
  ) );
#681 = ORIENTED_EDGE('',*,*,#682,.T.);
#682 = EDGE_CURVE('',#655,#683,#685,.T.);
#683 = VERTEX_POINT('',#684);
#684 = CARTESIAN_POINT('',(-105.5,-8.,70.267949192431));
#685 = SURFACE_CURVE('',#686,(#690,#697),.PCURVE_S1.);
#686 = LINE('',#687,#688);
#687 = CARTESIAN_POINT('',(-105.5,-8.,0.));
#688 = VECTOR('',#689,1.);
#689 = DIRECTION('',(0.,0.,1.));
#690 = PCURVE('',#102,#691);
#691 = DEFINITIONAL_REPRESENTATION('',(#692),#696);
#692 = LINE('',#693,#694);
#693 = CARTESIAN_POINT('',(1.570796326795,0.));
#694 = VECTOR('',#695,1.);
#695 = DIRECTION('',(0.,1.));
#696 = ( GEOMETRIC_REPRESENTATION_CONTEXT(2) 
PARAMETRIC_REPRESENTATION_CONTEXT() REPRESENTATION_CONTEXT('2D SPACE',''
  ) );
#697 = PCURVE('',#212,#698);
#698 = DEFINITIONAL_REPRESENTATION('',(#699),#703);
#699 = LINE('',#700,#701);
#700 = CARTESIAN_POINT('',(0.,3.));
#701 = VECTOR('',#702,1.);
#702 = DIRECTION('',(1.,0.));
#703 = ( GEOMETRIC_REPRESENTATION_CONTEXT(2) 
PARAMETRIC_REPRESENTATION_CONTEXT() REPRESENTATION_CONTEXT('2D SPACE',''
  ) );
#704 = ORIENTED_EDGE('',*,*,#705,.T.);
#705 = EDGE_CURVE('',#683,#706,#708,.T.);
#706 = VERTEX_POINT('',#707);
#707 = CARTESIAN_POINT('',(-105.5,-8.,73.732050807569));
#708 = SURFACE_CURVE('',#709,(#713,#720),.PCURVE_S1.);
#709 = LINE('',#710,#711);
#710 = CARTESIAN_POINT('',(-105.5,-8.,0.));
#711 = VECTOR('',#712,1.);
#712 = DIRECTION('',(0.,0.,1.));
#713 = PCURVE('',#102,#714);
#714 = DEFINITIONAL_REPRESENTATION('',(#715),#719);
#715 = LINE('',#716,#717);
#716 = CARTESIAN_POINT('',(1.570796326795,0.));
#717 = VECTOR('',#718,1.);
#718 = DIRECTION('',(0.,1.));
#719 = ( GEOMETRIC_REPRESENTATION_CONTEXT(2) 
PARAMETRIC_REPRESENTATION_CONTEXT() REPRESENTATION_CONTEXT('2D SPACE',''
  ) );
#720 = PCURVE('',#721,#726);
#721 = PLANE('',#722);
#722 = AXIS2_PLACEMENT_3D('',#723,#724,#725);
#723 = CARTESIAN_POINT('',(-104.5,-8.,72.));
#724 = DIRECTION('',(0.,-1.,1.110223024625E-16));
#725 = DIRECTION('',(1.,0.,0.));
#726 = DEFINITIONAL_REPRESENTATION('',(#727),#731);
#727 = LINE('',#728,#729);
#728 = CARTESIAN_POINT('',(-1.,-72.));
#729 = VECTOR('',#730,1.);
#730 = DIRECTION('',(0.,1.));
#731 = ( GEOMETRIC_REPRESENTATION_CONTEXT(2) 
PARAMETRIC_REPRESENTATION_CONTEXT() REPRESENTATION_CONTEXT('2D SPACE',''
  ) );
#732 = ORIENTED_EDGE('',*,*,#733,.T.);
#733 = EDGE_CURVE('',#706,#173,#734,.T.);
#734 = SURFACE_CURVE('',#735,(#739,#746),.PCURVE_S1.);
#735 = LINE('',#736,#737);
#736 = CARTESIAN_POINT('',(-105.5,-8.,0.));
#737 = VECTOR('',#738,1.);
#738 = DIRECTION('',(0.,0.,1.));
#739 = PCURVE('',#102,#740);
#740 = DEFINITIONAL_REPRESENTATION('',(#741),#745);
#741 = LINE('',#742,#743);
#742 = CARTESIAN_POINT('',(1.570796326795,0.));
#743 = VECTOR('',#744,1.);
#744 = DIRECTION('',(0.,1.));
#745 = ( GEOMETRIC_REPRESENTATION_CONTEXT(2) 
PARAMETRIC_REPRESENTATION_CONTEXT() REPRESENTATION_CONTEXT('2D SPACE',''
  ) );
#746 = PCURVE('',#212,#747);
#747 = DEFINITIONAL_REPRESENTATION('',(#748),#752);
#748 = LINE('',#749,#750);
#749 = CARTESIAN_POINT('',(0.,3.));
#750 = VECTOR('',#751,1.);
#751 = DIRECTION('',(1.,0.));
#752 = ( GEOMETRIC_REPRESENTATION_CONTEXT(2) 
PARAMETRIC_REPRESENTATION_CONTEXT() REPRESENTATION_CONTEXT('2D SPACE',''
  ) );
#753 = ORIENTED_EDGE('',*,*,#172,.F.);
#754 = ORIENTED_EDGE('',*,*,#86,.F.);
#755 = ADVANCED_FACE('',(#756),#156,.T.);
#756 = FACE_BOUND('',#757,.T.);
#757 = EDGE_LOOP('',(#758,#759,#782,#808));
#758 = ORIENTED_EDGE('',*,*,#454,.T.);
#759 = ORIENTED_EDGE('',*,*,#760,.T.);
#760 = EDGE_CURVE('',#427,#761,#763,.T.);
#761 = VERTEX_POINT('',#762);
#762 = CARTESIAN_POINT('',(-105.5,100.,0.));
#763 = SURFACE_CURVE('',#764,(#768,#775),.PCURVE_S1.);
#764 = LINE('',#765,#766);
#765 = CARTESIAN_POINT('',(-105.5,100.,97.));
#766 = VECTOR('',#767,1.);
#767 = DIRECTION('',(0.,0.,-1.));
#768 = PCURVE('',#156,#769);
#769 = DEFINITIONAL_REPRESENTATION('',(#770),#774);
#770 = LINE('',#771,#772);
#771 = CARTESIAN_POINT('',(1.570796326795,0.));
#772 = VECTOR('',#773,1.);
#773 = DIRECTION('',(0.,1.));
#774 = ( GEOMETRIC_REPRESENTATION_CONTEXT(2) 
PARAMETRIC_REPRESENTATION_CONTEXT() REPRESENTATION_CONTEXT('2D SPACE',''
  ) );
#775 = PCURVE('',#442,#776);
#776 = DEFINITIONAL_REPRESENTATION('',(#777),#781);
#777 = LINE('',#778,#779);
#778 = CARTESIAN_POINT('',(97.,3.));
#779 = VECTOR('',#780,1.);
#780 = DIRECTION('',(-1.,0.));
#781 = ( GEOMETRIC_REPRESENTATION_CONTEXT(2) 
PARAMETRIC_REPRESENTATION_CONTEXT() REPRESENTATION_CONTEXT('2D SPACE',''
  ) );
#782 = ORIENTED_EDGE('',*,*,#783,.F.);
#783 = EDGE_CURVE('',#115,#761,#784,.T.);
#784 = SURFACE_CURVE('',#785,(#790,#797),.PCURVE_S1.);
#785 = CIRCLE('',#786,3.);
#786 = AXIS2_PLACEMENT_3D('',#787,#788,#789);
#787 = CARTESIAN_POINT('',(-105.5,97.,0.));
#788 = DIRECTION('',(0.,0.,-1.));
#789 = DIRECTION('',(0.,1.,0.));
#790 = PCURVE('',#156,#791);
#791 = DEFINITIONAL_REPRESENTATION('',(#792),#796);
#792 = LINE('',#793,#794);
#793 = CARTESIAN_POINT('',(-4.712388980385,97.));
#794 = VECTOR('',#795,1.);
#795 = DIRECTION('',(1.,0.));
#796 = ( GEOMETRIC_REPRESENTATION_CONTEXT(2) 
PARAMETRIC_REPRESENTATION_CONTEXT() REPRESENTATION_CONTEXT('2D SPACE',''
  ) );
#797 = PCURVE('',#130,#798);
#798 = DEFINITIONAL_REPRESENTATION('',(#799),#807);
#799 = ( BOUNDED_CURVE() B_SPLINE_CURVE(2,(#800,#801,#802,#803,#804,#805
,#806),.UNSPECIFIED.,.T.,.F.) B_SPLINE_CURVE_WITH_KNOTS((1,2,2,2,2,1),(
    -2.094395102393,0.,2.094395102393,4.188790204786,6.28318530718,
8.377580409573),.UNSPECIFIED.) CURVE() GEOMETRIC_REPRESENTATION_ITEM() 
RATIONAL_B_SPLINE_CURVE((1.,0.5,1.,0.5,1.,0.5,1.)) REPRESENTATION_ITEM(
  '') );
#800 = CARTESIAN_POINT('',(3.,108.));
#801 = CARTESIAN_POINT('',(8.196152422707,108.));
#802 = CARTESIAN_POINT('',(5.598076211353,103.5));
#803 = CARTESIAN_POINT('',(3.,99.));
#804 = CARTESIAN_POINT('',(0.401923788647,103.5));
#805 = CARTESIAN_POINT('',(-2.196152422707,108.));
#806 = CARTESIAN_POINT('',(3.,108.));
#807 = ( GEOMETRIC_REPRESENTATION_CONTEXT(2) 
PARAMETRIC_REPRESENTATION_CONTEXT() REPRESENTATION_CONTEXT('2D SPACE',''
  ) );
#808 = ORIENTED_EDGE('',*,*,#142,.F.);
#809 = ADVANCED_FACE('',(#810),#130,.F.);
#810 = FACE_BOUND('',#811,.F.);
#811 = EDGE_LOOP('',(#812,#813,#814,#837,#860,#881));
#812 = ORIENTED_EDGE('',*,*,#114,.F.);
#813 = ORIENTED_EDGE('',*,*,#607,.T.);
#814 = ORIENTED_EDGE('',*,*,#815,.T.);
#815 = EDGE_CURVE('',#608,#816,#818,.T.);
#816 = VERTEX_POINT('',#817);
#817 = CARTESIAN_POINT('',(-100.5,-8.,0.));
#818 = SURFACE_CURVE('',#819,(#823,#830),.PCURVE_S1.);
#819 = LINE('',#820,#821);
#820 = CARTESIAN_POINT('',(-108.5,-8.,0.));
#821 = VECTOR('',#822,1.);
#822 = DIRECTION('',(1.,0.,0.));
#823 = PCURVE('',#130,#824);
#824 = DEFINITIONAL_REPRESENTATION('',(#825),#829);
#825 = LINE('',#826,#827);
#826 = CARTESIAN_POINT('',(0.,0.));
#827 = VECTOR('',#828,1.);
#828 = DIRECTION('',(1.,0.));
#829 = ( GEOMETRIC_REPRESENTATION_CONTEXT(2) 
PARAMETRIC_REPRESENTATION_CONTEXT() REPRESENTATION_CONTEXT('2D SPACE',''
  ) );
#830 = PCURVE('',#212,#831);
#831 = DEFINITIONAL_REPRESENTATION('',(#832),#836);
#832 = LINE('',#833,#834);
#833 = CARTESIAN_POINT('',(0.,0.));
#834 = VECTOR('',#835,1.);
#835 = DIRECTION('',(0.,1.));
#836 = ( GEOMETRIC_REPRESENTATION_CONTEXT(2) 
PARAMETRIC_REPRESENTATION_CONTEXT() REPRESENTATION_CONTEXT('2D SPACE',''
  ) );
#837 = ORIENTED_EDGE('',*,*,#838,.T.);
#838 = EDGE_CURVE('',#816,#839,#841,.T.);
#839 = VERTEX_POINT('',#840);
#840 = CARTESIAN_POINT('',(-100.5,100.,0.));
#841 = SURFACE_CURVE('',#842,(#846,#853),.PCURVE_S1.);
#842 = LINE('',#843,#844);
#843 = CARTESIAN_POINT('',(-100.5,-8.,0.));
#844 = VECTOR('',#845,1.);
#845 = DIRECTION('',(0.,1.,0.));
#846 = PCURVE('',#130,#847);
#847 = DEFINITIONAL_REPRESENTATION('',(#848),#852);
#848 = LINE('',#849,#850);
#849 = CARTESIAN_POINT('',(8.,0.));
#850 = VECTOR('',#851,1.);
#851 = DIRECTION('',(0.,1.));
#852 = ( GEOMETRIC_REPRESENTATION_CONTEXT(2) 
PARAMETRIC_REPRESENTATION_CONTEXT() REPRESENTATION_CONTEXT('2D SPACE',''
  ) );
#853 = PCURVE('',#240,#854);
#854 = DEFINITIONAL_REPRESENTATION('',(#855),#859);
#855 = LINE('',#856,#857);
#856 = CARTESIAN_POINT('',(0.,0.));
#857 = VECTOR('',#858,1.);
#858 = DIRECTION('',(0.,-1.));
#859 = ( GEOMETRIC_REPRESENTATION_CONTEXT(2) 
PARAMETRIC_REPRESENTATION_CONTEXT() REPRESENTATION_CONTEXT('2D SPACE',''
  ) );
#860 = ORIENTED_EDGE('',*,*,#861,.F.);
#861 = EDGE_CURVE('',#761,#839,#862,.T.);
#862 = SURFACE_CURVE('',#863,(#867,#874),.PCURVE_S1.);
#863 = LINE('',#864,#865);
#864 = CARTESIAN_POINT('',(-108.5,100.,0.));
#865 = VECTOR('',#866,1.);
#866 = DIRECTION('',(1.,0.,0.));
#867 = PCURVE('',#130,#868);
#868 = DEFINITIONAL_REPRESENTATION('',(#869),#873);
#869 = LINE('',#870,#871);
#870 = CARTESIAN_POINT('',(0.,108.));
#871 = VECTOR('',#872,1.);
#872 = DIRECTION('',(1.,0.));
#873 = ( GEOMETRIC_REPRESENTATION_CONTEXT(2) 
PARAMETRIC_REPRESENTATION_CONTEXT() REPRESENTATION_CONTEXT('2D SPACE',''
  ) );
#874 = PCURVE('',#442,#875);
#875 = DEFINITIONAL_REPRESENTATION('',(#876),#880);
#876 = LINE('',#877,#878);
#877 = CARTESIAN_POINT('',(0.,0.));
#878 = VECTOR('',#879,1.);
#879 = DIRECTION('',(0.,1.));
#880 = ( GEOMETRIC_REPRESENTATION_CONTEXT(2) 
PARAMETRIC_REPRESENTATION_CONTEXT() REPRESENTATION_CONTEXT('2D SPACE',''
  ) );
#881 = ORIENTED_EDGE('',*,*,#783,.F.);
#882 = ADVANCED_FACE('',(#883),#212,.F.);
#883 = FACE_BOUND('',#884,.F.);
#884 = EDGE_LOOP('',(#885,#886,#887,#920,#946,#947,#980,#1006,#1007,
    #1008));
#885 = ORIENTED_EDGE('',*,*,#815,.F.);
#886 = ORIENTED_EDGE('',*,*,#631,.T.);
#887 = ORIENTED_EDGE('',*,*,#888,.T.);
#888 = EDGE_CURVE('',#632,#889,#891,.T.);
#889 = VERTEX_POINT('',#890);
#890 = CARTESIAN_POINT('',(-102.5,-8.,22.));
#891 = SURFACE_CURVE('',#892,(#897,#908),.PCURVE_S1.);
#892 = CIRCLE('',#893,2.);
#893 = AXIS2_PLACEMENT_3D('',#894,#895,#896);
#894 = CARTESIAN_POINT('',(-104.5,-8.,22.));
#895 = DIRECTION('',(0.,-1.,1.110223024625E-16));
#896 = DIRECTION('',(1.,0.,0.));
#897 = PCURVE('',#212,#898);
#898 = DEFINITIONAL_REPRESENTATION('',(#899),#907);
#899 = ( BOUNDED_CURVE() B_SPLINE_CURVE(2,(#900,#901,#902,#903,#904,#905
,#906),.UNSPECIFIED.,.T.,.F.) B_SPLINE_CURVE_WITH_KNOTS((1,2,2,2,2,1),(
    -2.094395102393,0.,2.094395102393,4.188790204786,6.28318530718,
8.377580409573),.UNSPECIFIED.) CURVE() GEOMETRIC_REPRESENTATION_ITEM() 
RATIONAL_B_SPLINE_CURVE((1.,0.5,1.,0.5,1.,0.5,1.)) REPRESENTATION_ITEM(
  '') );
#900 = CARTESIAN_POINT('',(22.,6.));
#901 = CARTESIAN_POINT('',(25.464101615138,6.));
#902 = CARTESIAN_POINT('',(23.732050807569,3.));
#903 = CARTESIAN_POINT('',(22.,8.881784197001E-16));
#904 = CARTESIAN_POINT('',(20.267949192431,3.));
#905 = CARTESIAN_POINT('',(18.535898384862,6.));
#906 = CARTESIAN_POINT('',(22.,6.));
#907 = ( GEOMETRIC_REPRESENTATION_CONTEXT(2) 
PARAMETRIC_REPRESENTATION_CONTEXT() REPRESENTATION_CONTEXT('2D SPACE',''
  ) );
#908 = PCURVE('',#909,#914);
#909 = CYLINDRICAL_SURFACE('',#910,2.);
#910 = AXIS2_PLACEMENT_3D('',#911,#912,#913);
#911 = CARTESIAN_POINT('',(-104.5,-8.,22.));
#912 = DIRECTION('',(0.,-1.,1.110223024625E-16));
#913 = DIRECTION('',(1.,0.,0.));
#914 = DEFINITIONAL_REPRESENTATION('',(#915),#919);
#915 = LINE('',#916,#917);
#916 = CARTESIAN_POINT('',(0.,0.));
#917 = VECTOR('',#918,1.);
#918 = DIRECTION('',(1.,0.));
#919 = ( GEOMETRIC_REPRESENTATION_CONTEXT(2) 
PARAMETRIC_REPRESENTATION_CONTEXT() REPRESENTATION_CONTEXT('2D SPACE',''
  ) );
#920 = ORIENTED_EDGE('',*,*,#921,.T.);
#921 = EDGE_CURVE('',#889,#655,#922,.T.);
#922 = SURFACE_CURVE('',#923,(#928,#939),.PCURVE_S1.);
#923 = CIRCLE('',#924,2.);
#924 = AXIS2_PLACEMENT_3D('',#925,#926,#927);
#925 = CARTESIAN_POINT('',(-104.5,-8.,22.));
#926 = DIRECTION('',(0.,-1.,1.110223024625E-16));
#927 = DIRECTION('',(1.,0.,0.));
#928 = PCURVE('',#212,#929);
#929 = DEFINITIONAL_REPRESENTATION('',(#930),#938);
#930 = ( BOUNDED_CURVE() B_SPLINE_CURVE(2,(#931,#932,#933,#934,#935,#936
,#937),.UNSPECIFIED.,.T.,.F.) B_SPLINE_CURVE_WITH_KNOTS((1,2,2,2,2,1),(
    -2.094395102393,0.,2.094395102393,4.188790204786,6.28318530718,
8.377580409573),.UNSPECIFIED.) CURVE() GEOMETRIC_REPRESENTATION_ITEM() 
RATIONAL_B_SPLINE_CURVE((1.,0.5,1.,0.5,1.,0.5,1.)) REPRESENTATION_ITEM(
  '') );
#931 = CARTESIAN_POINT('',(22.,6.));
#932 = CARTESIAN_POINT('',(25.464101615138,6.));
#933 = CARTESIAN_POINT('',(23.732050807569,3.));
#934 = CARTESIAN_POINT('',(22.,8.881784197001E-16));
#935 = CARTESIAN_POINT('',(20.267949192431,3.));
#936 = CARTESIAN_POINT('',(18.535898384862,6.));
#937 = CARTESIAN_POINT('',(22.,6.));
#938 = ( GEOMETRIC_REPRESENTATION_CONTEXT(2) 
PARAMETRIC_REPRESENTATION_CONTEXT() REPRESENTATION_CONTEXT('2D SPACE',''
  ) );
#939 = PCURVE('',#909,#940);
#940 = DEFINITIONAL_REPRESENTATION('',(#941),#945);
#941 = LINE('',#942,#943);
#942 = CARTESIAN_POINT('',(0.,0.));
#943 = VECTOR('',#944,1.);
#944 = DIRECTION('',(1.,0.));
#945 = ( GEOMETRIC_REPRESENTATION_CONTEXT(2) 
PARAMETRIC_REPRESENTATION_CONTEXT() REPRESENTATION_CONTEXT('2D SPACE',''
  ) );
#946 = ORIENTED_EDGE('',*,*,#682,.T.);
#947 = ORIENTED_EDGE('',*,*,#948,.T.);
#948 = EDGE_CURVE('',#683,#949,#951,.T.);
#949 = VERTEX_POINT('',#950);
#950 = CARTESIAN_POINT('',(-102.5,-8.,72.));
#951 = SURFACE_CURVE('',#952,(#957,#968),.PCURVE_S1.);
#952 = CIRCLE('',#953,2.);
#953 = AXIS2_PLACEMENT_3D('',#954,#955,#956);
#954 = CARTESIAN_POINT('',(-104.5,-8.,72.));
#955 = DIRECTION('',(0.,-1.,1.110223024625E-16));
#956 = DIRECTION('',(1.,0.,0.));
#957 = PCURVE('',#212,#958);
#958 = DEFINITIONAL_REPRESENTATION('',(#959),#967);
#959 = ( BOUNDED_CURVE() B_SPLINE_CURVE(2,(#960,#961,#962,#963,#964,#965
,#966),.UNSPECIFIED.,.T.,.F.) B_SPLINE_CURVE_WITH_KNOTS((1,2,2,2,2,1),(
    -2.094395102393,0.,2.094395102393,4.188790204786,6.28318530718,
8.377580409573),.UNSPECIFIED.) CURVE() GEOMETRIC_REPRESENTATION_ITEM() 
RATIONAL_B_SPLINE_CURVE((1.,0.5,1.,0.5,1.,0.5,1.)) REPRESENTATION_ITEM(
  '') );
#960 = CARTESIAN_POINT('',(72.,6.));
#961 = CARTESIAN_POINT('',(75.464101615138,6.));
#962 = CARTESIAN_POINT('',(73.732050807569,3.));
#963 = CARTESIAN_POINT('',(72.,8.881784197001E-16));
#964 = CARTESIAN_POINT('',(70.267949192431,3.));
#965 = CARTESIAN_POINT('',(68.535898384862,6.));
#966 = CARTESIAN_POINT('',(72.,6.));
#967 = ( GEOMETRIC_REPRESENTATION_CONTEXT(2) 
PARAMETRIC_REPRESENTATION_CONTEXT() REPRESENTATION_CONTEXT('2D SPACE',''
  ) );
#968 = PCURVE('',#969,#974);
#969 = CYLINDRICAL_SURFACE('',#970,2.);
#970 = AXIS2_PLACEMENT_3D('',#971,#972,#973);
#971 = CARTESIAN_POINT('',(-104.5,-8.,72.));
#972 = DIRECTION('',(0.,-1.,1.110223024625E-16));
#973 = DIRECTION('',(1.,0.,0.));
#974 = DEFINITIONAL_REPRESENTATION('',(#975),#979);
#975 = LINE('',#976,#977);
#976 = CARTESIAN_POINT('',(0.,0.));
#977 = VECTOR('',#978,1.);
#978 = DIRECTION('',(1.,0.));
#979 = ( GEOMETRIC_REPRESENTATION_CONTEXT(2) 
PARAMETRIC_REPRESENTATION_CONTEXT() REPRESENTATION_CONTEXT('2D SPACE',''
  ) );
#980 = ORIENTED_EDGE('',*,*,#981,.T.);
#981 = EDGE_CURVE('',#949,#706,#982,.T.);
#982 = SURFACE_CURVE('',#983,(#988,#999),.PCURVE_S1.);
#983 = CIRCLE('',#984,2.);
#984 = AXIS2_PLACEMENT_3D('',#985,#986,#987);
#985 = CARTESIAN_POINT('',(-104.5,-8.,72.));
#986 = DIRECTION('',(0.,-1.,1.110223024625E-16));
#987 = DIRECTION('',(1.,0.,0.));
#988 = PCURVE('',#212,#989);
#989 = DEFINITIONAL_REPRESENTATION('',(#990),#998);
#990 = ( BOUNDED_CURVE() B_SPLINE_CURVE(2,(#991,#992,#993,#994,#995,#996
,#997),.UNSPECIFIED.,.T.,.F.) B_SPLINE_CURVE_WITH_KNOTS((1,2,2,2,2,1),(
    -2.094395102393,0.,2.094395102393,4.188790204786,6.28318530718,
8.377580409573),.UNSPECIFIED.) CURVE() GEOMETRIC_REPRESENTATION_ITEM() 
RATIONAL_B_SPLINE_CURVE((1.,0.5,1.,0.5,1.,0.5,1.)) REPRESENTATION_ITEM(
  '') );
#991 = CARTESIAN_POINT('',(72.,6.));
#992 = CARTESIAN_POINT('',(75.464101615138,6.));
#993 = CARTESIAN_POINT('',(73.732050807569,3.));
#994 = CARTESIAN_POINT('',(72.,8.881784197001E-16));
#995 = CARTESIAN_POINT('',(70.267949192431,3.));
#996 = CARTESIAN_POINT('',(68.535898384862,6.));
#997 = CARTESIAN_POINT('',(72.,6.));
#998 = ( GEOMETRIC_REPRESENTATION_CONTEXT(2) 
PARAMETRIC_REPRESENTATION_CONTEXT() REPRESENTATION_CONTEXT('2D SPACE',''
  ) );
#999 = PCURVE('',#969,#1000);
#1000 = DEFINITIONAL_REPRESENTATION('',(#1001),#1005);
#1001 = LINE('',#1002,#1003);
#1002 = CARTESIAN_POINT('',(0.,0.));
#1003 = VECTOR('',#1004,1.);
#1004 = DIRECTION('',(1.,0.));
#1005 = ( GEOMETRIC_REPRESENTATION_CONTEXT(2) 
PARAMETRIC_REPRESENTATION_CONTEXT() REPRESENTATION_CONTEXT('2D SPACE',''
  ) );
#1006 = ORIENTED_EDGE('',*,*,#733,.T.);
#1007 = ORIENTED_EDGE('',*,*,#196,.T.);
#1008 = ORIENTED_EDGE('',*,*,#1009,.F.);
#1009 = EDGE_CURVE('',#816,#197,#1010,.T.);
#1010 = SURFACE_CURVE('',#1011,(#1015,#1022),.PCURVE_S1.);
#1011 = LINE('',#1012,#1013);
#1012 = CARTESIAN_POINT('',(-100.5,-8.,0.));
#1013 = VECTOR('',#1014,1.);
#1014 = DIRECTION('',(0.,0.,1.));
#1015 = PCURVE('',#212,#1016);
#1016 = DEFINITIONAL_REPRESENTATION('',(#1017),#1021);
#1017 = LINE('',#1018,#1019);
#1018 = CARTESIAN_POINT('',(0.,8.));
#1019 = VECTOR('',#1020,1.);
#1020 = DIRECTION('',(1.,0.));
#1021 = ( GEOMETRIC_REPRESENTATION_CONTEXT(2) 
PARAMETRIC_REPRESENTATION_CONTEXT() REPRESENTATION_CONTEXT('2D SPACE',''
  ) );
#1022 = PCURVE('',#240,#1023);
#1023 = DEFINITIONAL_REPRESENTATION('',(#1024),#1028);
#1024 = LINE('',#1025,#1026);
#1025 = CARTESIAN_POINT('',(0.,0.));
#1026 = VECTOR('',#1027,1.);
#1027 = DIRECTION('',(1.,0.));
#1028 = ( GEOMETRIC_REPRESENTATION_CONTEXT(2) 
PARAMETRIC_REPRESENTATION_CONTEXT() REPRESENTATION_CONTEXT('2D SPACE',''
  ) );
#1029 = ADVANCED_FACE('',(#1030),#442,.T.);
#1030 = FACE_BOUND('',#1031,.T.);
#1031 = EDGE_LOOP('',(#1032,#1033,#1034,#1035,#1058,#1086,#1109,#1137));
#1032 = ORIENTED_EDGE('',*,*,#861,.F.);
#1033 = ORIENTED_EDGE('',*,*,#760,.F.);
#1034 = ORIENTED_EDGE('',*,*,#426,.F.);
#1035 = ORIENTED_EDGE('',*,*,#1036,.T.);
#1036 = EDGE_CURVE('',#394,#1037,#1039,.T.);
#1037 = VERTEX_POINT('',#1038);
#1038 = CARTESIAN_POINT('',(105.5,100.,0.));
#1039 = SURFACE_CURVE('',#1040,(#1044,#1051),.PCURVE_S1.);
#1040 = LINE('',#1041,#1042);
#1041 = CARTESIAN_POINT('',(105.5,100.,97.));
#1042 = VECTOR('',#1043,1.);
#1043 = DIRECTION('',(0.,0.,-1.));
#1044 = PCURVE('',#442,#1045);
#1045 = DEFINITIONAL_REPRESENTATION('',(#1046),#1050);
#1046 = LINE('',#1047,#1048);
#1047 = CARTESIAN_POINT('',(97.,214.));
#1048 = VECTOR('',#1049,1.);
#1049 = DIRECTION('',(-1.,0.));
#1050 = ( GEOMETRIC_REPRESENTATION_CONTEXT(2) 
PARAMETRIC_REPRESENTATION_CONTEXT() REPRESENTATION_CONTEXT('2D SPACE',''
  ) );
#1051 = PCURVE('',#414,#1052);
#1052 = DEFINITIONAL_REPRESENTATION('',(#1053),#1057);
#1053 = LINE('',#1054,#1055);
#1054 = CARTESIAN_POINT('',(0.,0.));
#1055 = VECTOR('',#1056,1.);
#1056 = DIRECTION('',(0.,1.));
#1057 = ( GEOMETRIC_REPRESENTATION_CONTEXT(2) 
PARAMETRIC_REPRESENTATION_CONTEXT() REPRESENTATION_CONTEXT('2D SPACE',''
  ) );
#1058 = ORIENTED_EDGE('',*,*,#1059,.F.);
#1059 = EDGE_CURVE('',#1060,#1037,#1062,.T.);
#1060 = VERTEX_POINT('',#1061);
#1061 = CARTESIAN_POINT('',(100.5,100.,0.));
#1062 = SURFACE_CURVE('',#1063,(#1067,#1074),.PCURVE_S1.);
#1063 = LINE('',#1064,#1065);
#1064 = CARTESIAN_POINT('',(100.5,100.,0.));
#1065 = VECTOR('',#1066,1.);
#1066 = DIRECTION('',(1.,0.,0.));
#1067 = PCURVE('',#442,#1068);
#1068 = DEFINITIONAL_REPRESENTATION('',(#1069),#1073);
#1069 = LINE('',#1070,#1071);
#1070 = CARTESIAN_POINT('',(0.,209.));
#1071 = VECTOR('',#1072,1.);
#1072 = DIRECTION('',(0.,1.));
#1073 = ( GEOMETRIC_REPRESENTATION_CONTEXT(2) 
PARAMETRIC_REPRESENTATION_CONTEXT() REPRESENTATION_CONTEXT('2D SPACE',''
  ) );
#1074 = PCURVE('',#1075,#1080);
#1075 = PLANE('',#1076);
#1076 = AXIS2_PLACEMENT_3D('',#1077,#1078,#1079);
#1077 = CARTESIAN_POINT('',(100.5,-8.,0.));
#1078 = DIRECTION('',(0.,0.,1.));
#1079 = DIRECTION('',(1.,0.,0.));
#1080 = DEFINITIONAL_REPRESENTATION('',(#1081),#1085);
#1081 = LINE('',#1082,#1083);
#1082 = CARTESIAN_POINT('',(0.,108.));
#1083 = VECTOR('',#1084,1.);
#1084 = DIRECTION('',(1.,0.));
#1085 = ( GEOMETRIC_REPRESENTATION_CONTEXT(2) 
PARAMETRIC_REPRESENTATION_CONTEXT() REPRESENTATION_CONTEXT('2D SPACE',''
  ) );
#1086 = ORIENTED_EDGE('',*,*,#1087,.T.);
#1087 = EDGE_CURVE('',#1060,#1088,#1090,.T.);
#1088 = VERTEX_POINT('',#1089);
#1089 = CARTESIAN_POINT('',(100.5,100.,91.));
#1090 = SURFACE_CURVE('',#1091,(#1095,#1102),.PCURVE_S1.);
#1091 = LINE('',#1092,#1093);
#1092 = CARTESIAN_POINT('',(100.5,100.,0.));
#1093 = VECTOR('',#1094,1.);
#1094 = DIRECTION('',(0.,0.,1.));
#1095 = PCURVE('',#442,#1096);
#1096 = DEFINITIONAL_REPRESENTATION('',(#1097),#1101);
#1097 = LINE('',#1098,#1099);
#1098 = CARTESIAN_POINT('',(0.,209.));
#1099 = VECTOR('',#1100,1.);
#1100 = DIRECTION('',(1.,0.));
#1101 = ( GEOMETRIC_REPRESENTATION_CONTEXT(2) 
PARAMETRIC_REPRESENTATION_CONTEXT() REPRESENTATION_CONTEXT('2D SPACE',''
  ) );
#1102 = PCURVE('',#296,#1103);
#1103 = DEFINITIONAL_REPRESENTATION('',(#1104),#1108);
#1104 = LINE('',#1105,#1106);
#1105 = CARTESIAN_POINT('',(0.,-108.));
#1106 = VECTOR('',#1107,1.);
#1107 = DIRECTION('',(1.,0.));
#1108 = ( GEOMETRIC_REPRESENTATION_CONTEXT(2) 
PARAMETRIC_REPRESENTATION_CONTEXT() REPRESENTATION_CONTEXT('2D SPACE',''
  ) );
#1109 = ORIENTED_EDGE('',*,*,#1110,.F.);
#1110 = EDGE_CURVE('',#1111,#1088,#1113,.T.);
#1111 = VERTEX_POINT('',#1112);
#1112 = CARTESIAN_POINT('',(-100.5,100.,91.));
#1113 = SURFACE_CURVE('',#1114,(#1118,#1125),.PCURVE_S1.);
#1114 = LINE('',#1115,#1116);
#1115 = CARTESIAN_POINT('',(-108.5,100.,91.));
#1116 = VECTOR('',#1117,1.);
#1117 = DIRECTION('',(1.,0.,0.));
#1118 = PCURVE('',#442,#1119);
#1119 = DEFINITIONAL_REPRESENTATION('',(#1120),#1124);
#1120 = LINE('',#1121,#1122);
#1121 = CARTESIAN_POINT('',(91.,0.));
#1122 = VECTOR('',#1123,1.);
#1123 = DIRECTION('',(0.,1.));
#1124 = ( GEOMETRIC_REPRESENTATION_CONTEXT(2) 
PARAMETRIC_REPRESENTATION_CONTEXT() REPRESENTATION_CONTEXT('2D SPACE',''
  ) );
#1125 = PCURVE('',#1126,#1131);
#1126 = PLANE('',#1127);
#1127 = AXIS2_PLACEMENT_3D('',#1128,#1129,#1130);
#1128 = CARTESIAN_POINT('',(-108.5,25.,91.));
#1129 = DIRECTION('',(0.,0.,1.));
#1130 = DIRECTION('',(1.,0.,0.));
#1131 = DEFINITIONAL_REPRESENTATION('',(#1132),#1136);
#1132 = LINE('',#1133,#1134);
#1133 = CARTESIAN_POINT('',(0.,75.));
#1134 = VECTOR('',#1135,1.);
#1135 = DIRECTION('',(1.,0.));
#1136 = ( GEOMETRIC_REPRESENTATION_CONTEXT(2) 
PARAMETRIC_REPRESENTATION_CONTEXT() REPRESENTATION_CONTEXT('2D SPACE',''
  ) );
#1137 = ORIENTED_EDGE('',*,*,#1138,.F.);
#1138 = EDGE_CURVE('',#839,#1111,#1139,.T.);
#1139 = SURFACE_CURVE('',#1140,(#1144,#1151),.PCURVE_S1.);
#1140 = LINE('',#1141,#1142);
#1141 = CARTESIAN_POINT('',(-100.5,100.,0.));
#1142 = VECTOR('',#1143,1.);
#1143 = DIRECTION('',(0.,0.,1.));
#1144 = PCURVE('',#442,#1145);
#1145 = DEFINITIONAL_REPRESENTATION('',(#1146),#1150);
#1146 = LINE('',#1147,#1148);
#1147 = CARTESIAN_POINT('',(0.,8.));
#1148 = VECTOR('',#1149,1.);
#1149 = DIRECTION('',(1.,0.));
#1150 = ( GEOMETRIC_REPRESENTATION_CONTEXT(2) 
PARAMETRIC_REPRESENTATION_CONTEXT() REPRESENTATION_CONTEXT('2D SPACE',''
  ) );
#1151 = PCURVE('',#240,#1152);
#1152 = DEFINITIONAL_REPRESENTATION('',(#1153),#1157);
#1153 = LINE('',#1154,#1155);
#1154 = CARTESIAN_POINT('',(0.,-108.));
#1155 = VECTOR('',#1156,1.);
#1156 = DIRECTION('',(1.,0.));
#1157 = ( GEOMETRIC_REPRESENTATION_CONTEXT(2) 
PARAMETRIC_REPRESENTATION_CONTEXT() REPRESENTATION_CONTEXT('2D SPACE',''
  ) );
#1158 = ADVANCED_FACE('',(#1159),#240,.T.);
#1159 = FACE_BOUND('',#1160,.T.);
#1160 = EDGE_LOOP('',(#1161,#1162,#1163,#1164,#1165,#1186));
#1161 = ORIENTED_EDGE('',*,*,#224,.F.);
#1162 = ORIENTED_EDGE('',*,*,#1009,.F.);
#1163 = ORIENTED_EDGE('',*,*,#838,.T.);
#1164 = ORIENTED_EDGE('',*,*,#1138,.T.);
#1165 = ORIENTED_EDGE('',*,*,#1166,.T.);
#1166 = EDGE_CURVE('',#1111,#1167,#1169,.T.);
#1167 = VERTEX_POINT('',#1168);
#1168 = CARTESIAN_POINT('',(-100.5,25.,91.));
#1169 = SURFACE_CURVE('',#1170,(#1174,#1180),.PCURVE_S1.);
#1170 = LINE('',#1171,#1172);
#1171 = CARTESIAN_POINT('',(-100.5,8.5,91.));
#1172 = VECTOR('',#1173,1.);
#1173 = DIRECTION('',(0.,-1.,0.));
#1174 = PCURVE('',#240,#1175);
#1175 = DEFINITIONAL_REPRESENTATION('',(#1176),#1179);
#1176 = B_SPLINE_CURVE_WITH_KNOTS('',1,(#1177,#1178),.UNSPECIFIED.,.F.,
  .F.,(2,2),(-91.5,-16.5),.PIECEWISE_BEZIER_KNOTS.);
#1177 = CARTESIAN_POINT('',(91.,-108.));
#1178 = CARTESIAN_POINT('',(91.,-33.));
#1179 = ( GEOMETRIC_REPRESENTATION_CONTEXT(2) 
PARAMETRIC_REPRESENTATION_CONTEXT() REPRESENTATION_CONTEXT('2D SPACE',''
  ) );
#1180 = PCURVE('',#1126,#1181);
#1181 = DEFINITIONAL_REPRESENTATION('',(#1182),#1185);
#1182 = B_SPLINE_CURVE_WITH_KNOTS('',1,(#1183,#1184),.UNSPECIFIED.,.F.,
  .F.,(2,2),(-91.5,-16.5),.PIECEWISE_BEZIER_KNOTS.);
#1183 = CARTESIAN_POINT('',(8.,75.));
#1184 = CARTESIAN_POINT('',(8.,0.));
#1185 = ( GEOMETRIC_REPRESENTATION_CONTEXT(2) 
PARAMETRIC_REPRESENTATION_CONTEXT() REPRESENTATION_CONTEXT('2D SPACE',''
  ) );
#1186 = ORIENTED_EDGE('',*,*,#1187,.T.);
#1187 = EDGE_CURVE('',#1167,#225,#1188,.T.);
#1188 = SURFACE_CURVE('',#1189,(#1193,#1199),.PCURVE_S1.);
#1189 = LINE('',#1190,#1191);
#1190 = CARTESIAN_POINT('',(-100.5,25.,45.5));
#1191 = VECTOR('',#1192,1.);
#1192 = DIRECTION('',(0.,0.,1.));
#1193 = PCURVE('',#240,#1194);
#1194 = DEFINITIONAL_REPRESENTATION('',(#1195),#1198);
#1195 = B_SPLINE_CURVE_WITH_KNOTS('',1,(#1196,#1197),.UNSPECIFIED.,.F.,
  .F.,(2,2),(45.5,51.5),.PIECEWISE_BEZIER_KNOTS.);
#1196 = CARTESIAN_POINT('',(91.,-33.));
#1197 = CARTESIAN_POINT('',(97.,-33.));
#1198 = ( GEOMETRIC_REPRESENTATION_CONTEXT(2) 
PARAMETRIC_REPRESENTATION_CONTEXT() REPRESENTATION_CONTEXT('2D SPACE',''
  ) );
#1199 = PCURVE('',#268,#1200);
#1200 = DEFINITIONAL_REPRESENTATION('',(#1201),#1204);
#1201 = B_SPLINE_CURVE_WITH_KNOTS('',1,(#1202,#1203),.UNSPECIFIED.,.F.,
  .F.,(2,2),(45.5,51.5),.PIECEWISE_BEZIER_KNOTS.);
#1202 = CARTESIAN_POINT('',(0.,8.));
#1203 = CARTESIAN_POINT('',(6.,8.));
#1204 = ( GEOMETRIC_REPRESENTATION_CONTEXT(2) 
PARAMETRIC_REPRESENTATION_CONTEXT() REPRESENTATION_CONTEXT('2D SPACE',''
  ) );
#1205 = ADVANCED_FACE('',(#1206),#414,.T.);
#1206 = FACE_BOUND('',#1207,.T.);
#1207 = EDGE_LOOP('',(#1208,#1209,#1232,#1258));
#1208 = ORIENTED_EDGE('',*,*,#393,.T.);
#1209 = ORIENTED_EDGE('',*,*,#1210,.T.);
#1210 = EDGE_CURVE('',#366,#1211,#1213,.T.);
#1211 = VERTEX_POINT('',#1212);
#1212 = CARTESIAN_POINT('',(108.5,97.,0.));
#1213 = SURFACE_CURVE('',#1214,(#1218,#1225),.PCURVE_S1.);
#1214 = LINE('',#1215,#1216);
#1215 = CARTESIAN_POINT('',(108.5,97.,97.));
#1216 = VECTOR('',#1217,1.);
#1217 = DIRECTION('',(0.,0.,-1.));
#1218 = PCURVE('',#414,#1219);
#1219 = DEFINITIONAL_REPRESENTATION('',(#1220),#1224);
#1220 = LINE('',#1221,#1222);
#1221 = CARTESIAN_POINT('',(1.570796326795,0.));
#1222 = VECTOR('',#1223,1.);
#1223 = DIRECTION('',(0.,1.));
#1224 = ( GEOMETRIC_REPRESENTATION_CONTEXT(2) 
PARAMETRIC_REPRESENTATION_CONTEXT() REPRESENTATION_CONTEXT('2D SPACE',''
  ) );
#1225 = PCURVE('',#381,#1226);
#1226 = DEFINITIONAL_REPRESENTATION('',(#1227),#1231);
#1227 = LINE('',#1228,#1229);
#1228 = CARTESIAN_POINT('',(97.,-105.));
#1229 = VECTOR('',#1230,1.);
#1230 = DIRECTION('',(-1.,0.));
#1231 = ( GEOMETRIC_REPRESENTATION_CONTEXT(2) 
PARAMETRIC_REPRESENTATION_CONTEXT() REPRESENTATION_CONTEXT('2D SPACE',''
  ) );
#1232 = ORIENTED_EDGE('',*,*,#1233,.F.);
#1233 = EDGE_CURVE('',#1037,#1211,#1234,.T.);
#1234 = SURFACE_CURVE('',#1235,(#1240,#1247),.PCURVE_S1.);
#1235 = CIRCLE('',#1236,3.);
#1236 = AXIS2_PLACEMENT_3D('',#1237,#1238,#1239);
#1237 = CARTESIAN_POINT('',(105.5,97.,0.));
#1238 = DIRECTION('',(0.,0.,-1.));
#1239 = DIRECTION('',(0.,1.,0.));
#1240 = PCURVE('',#414,#1241);
#1241 = DEFINITIONAL_REPRESENTATION('',(#1242),#1246);
#1242 = LINE('',#1243,#1244);
#1243 = CARTESIAN_POINT('',(0.,97.));
#1244 = VECTOR('',#1245,1.);
#1245 = DIRECTION('',(1.,0.));
#1246 = ( GEOMETRIC_REPRESENTATION_CONTEXT(2) 
PARAMETRIC_REPRESENTATION_CONTEXT() REPRESENTATION_CONTEXT('2D SPACE',''
  ) );
#1247 = PCURVE('',#1075,#1248);
#1248 = DEFINITIONAL_REPRESENTATION('',(#1249),#1257);
#1249 = ( BOUNDED_CURVE() B_SPLINE_CURVE(2,(#1250,#1251,#1252,#1253,
#1254,#1255,#1256),.UNSPECIFIED.,.T.,.F.) B_SPLINE_CURVE_WITH_KNOTS((1,2
    ,2,2,2,1),(-2.094395102393,0.,2.094395102393,4.188790204786,
6.28318530718,8.377580409573),.UNSPECIFIED.) CURVE() 
GEOMETRIC_REPRESENTATION_ITEM() RATIONAL_B_SPLINE_CURVE((1.,0.5,1.,0.5,
1.,0.5,1.)) REPRESENTATION_ITEM('') );
#1250 = CARTESIAN_POINT('',(5.,108.));
#1251 = CARTESIAN_POINT('',(10.196152422707,108.));
#1252 = CARTESIAN_POINT('',(7.598076211353,103.5));
#1253 = CARTESIAN_POINT('',(5.,99.));
#1254 = CARTESIAN_POINT('',(2.401923788647,103.5));
#1255 = CARTESIAN_POINT('',(-0.196152422707,108.));
#1256 = CARTESIAN_POINT('',(5.,108.));
#1257 = ( GEOMETRIC_REPRESENTATION_CONTEXT(2) 
PARAMETRIC_REPRESENTATION_CONTEXT() REPRESENTATION_CONTEXT('2D SPACE',''
  ) );
#1258 = ORIENTED_EDGE('',*,*,#1036,.F.);
#1259 = ADVANCED_FACE('',(#1260),#268,.F.);
#1260 = FACE_BOUND('',#1261,.F.);
#1261 = EDGE_LOOP('',(#1262,#1285,#1286,#1287));
#1262 = ORIENTED_EDGE('',*,*,#1263,.F.);
#1263 = EDGE_CURVE('',#1167,#1264,#1266,.T.);
#1264 = VERTEX_POINT('',#1265);
#1265 = CARTESIAN_POINT('',(100.5,25.,91.));
#1266 = SURFACE_CURVE('',#1267,(#1271,#1278),.PCURVE_S1.);
#1267 = LINE('',#1268,#1269);
#1268 = CARTESIAN_POINT('',(-108.5,25.,91.));
#1269 = VECTOR('',#1270,1.);
#1270 = DIRECTION('',(1.,0.,0.));
#1271 = PCURVE('',#268,#1272);
#1272 = DEFINITIONAL_REPRESENTATION('',(#1273),#1277);
#1273 = LINE('',#1274,#1275);
#1274 = CARTESIAN_POINT('',(0.,0.));
#1275 = VECTOR('',#1276,1.);
#1276 = DIRECTION('',(0.,1.));
#1277 = ( GEOMETRIC_REPRESENTATION_CONTEXT(2) 
PARAMETRIC_REPRESENTATION_CONTEXT() REPRESENTATION_CONTEXT('2D SPACE',''
  ) );
#1278 = PCURVE('',#1126,#1279);
#1279 = DEFINITIONAL_REPRESENTATION('',(#1280),#1284);
#1280 = LINE('',#1281,#1282);
#1281 = CARTESIAN_POINT('',(0.,0.));
#1282 = VECTOR('',#1283,1.);
#1283 = DIRECTION('',(1.,0.));
#1284 = ( GEOMETRIC_REPRESENTATION_CONTEXT(2) 
PARAMETRIC_REPRESENTATION_CONTEXT() REPRESENTATION_CONTEXT('2D SPACE',''
  ) );
#1285 = ORIENTED_EDGE('',*,*,#1187,.T.);
#1286 = ORIENTED_EDGE('',*,*,#252,.T.);
#1287 = ORIENTED_EDGE('',*,*,#1288,.F.);
#1288 = EDGE_CURVE('',#1264,#253,#1289,.T.);
#1289 = SURFACE_CURVE('',#1290,(#1294,#1300),.PCURVE_S1.);
#1290 = LINE('',#1291,#1292);
#1291 = CARTESIAN_POINT('',(100.5,25.,45.5));
#1292 = VECTOR('',#1293,1.);
#1293 = DIRECTION('',(0.,0.,1.));
#1294 = PCURVE('',#268,#1295);
#1295 = DEFINITIONAL_REPRESENTATION('',(#1296),#1299);
#1296 = B_SPLINE_CURVE_WITH_KNOTS('',1,(#1297,#1298),.UNSPECIFIED.,.F.,
  .F.,(2,2),(45.5,51.5),.PIECEWISE_BEZIER_KNOTS.);
#1297 = CARTESIAN_POINT('',(0.,209.));
#1298 = CARTESIAN_POINT('',(6.,209.));
#1299 = ( GEOMETRIC_REPRESENTATION_CONTEXT(2) 
PARAMETRIC_REPRESENTATION_CONTEXT() REPRESENTATION_CONTEXT('2D SPACE',''
  ) );
#1300 = PCURVE('',#296,#1301);
#1301 = DEFINITIONAL_REPRESENTATION('',(#1302),#1305);
#1302 = B_SPLINE_CURVE_WITH_KNOTS('',1,(#1303,#1304),.UNSPECIFIED.,.F.,
  .F.,(2,2),(45.5,51.5),.PIECEWISE_BEZIER_KNOTS.);
#1303 = CARTESIAN_POINT('',(91.,-33.));
#1304 = CARTESIAN_POINT('',(97.,-33.));
#1305 = ( GEOMETRIC_REPRESENTATION_CONTEXT(2) 
PARAMETRIC_REPRESENTATION_CONTEXT() REPRESENTATION_CONTEXT('2D SPACE',''
  ) );
#1306 = ADVANCED_FACE('',(#1307),#381,.T.);
#1307 = FACE_BOUND('',#1308,.T.);
#1308 = EDGE_LOOP('',(#1309,#1310,#1333,#1354));
#1309 = ORIENTED_EDGE('',*,*,#365,.F.);
#1310 = ORIENTED_EDGE('',*,*,#1311,.F.);
#1311 = EDGE_CURVE('',#1312,#337,#1314,.T.);
#1312 = VERTEX_POINT('',#1313);
#1313 = CARTESIAN_POINT('',(108.5,-5.,0.));
#1314 = SURFACE_CURVE('',#1315,(#1319,#1326),.PCURVE_S1.);
#1315 = LINE('',#1316,#1317);
#1316 = CARTESIAN_POINT('',(108.5,-5.,0.));
#1317 = VECTOR('',#1318,1.);
#1318 = DIRECTION('',(0.,0.,1.));
#1319 = PCURVE('',#381,#1320);
#1320 = DEFINITIONAL_REPRESENTATION('',(#1321),#1325);
#1321 = LINE('',#1322,#1323);
#1322 = CARTESIAN_POINT('',(0.,-3.));
#1323 = VECTOR('',#1324,1.);
#1324 = DIRECTION('',(1.,0.));
#1325 = ( GEOMETRIC_REPRESENTATION_CONTEXT(2) 
PARAMETRIC_REPRESENTATION_CONTEXT() REPRESENTATION_CONTEXT('2D SPACE',''
  ) );
#1326 = PCURVE('',#353,#1327);
#1327 = DEFINITIONAL_REPRESENTATION('',(#1328),#1332);
#1328 = LINE('',#1329,#1330);
#1329 = CARTESIAN_POINT('',(1.570796326795,0.));
#1330 = VECTOR('',#1331,1.);
#1331 = DIRECTION('',(0.,1.));
#1332 = ( GEOMETRIC_REPRESENTATION_CONTEXT(2) 
PARAMETRIC_REPRESENTATION_CONTEXT() REPRESENTATION_CONTEXT('2D SPACE',''
  ) );
#1333 = ORIENTED_EDGE('',*,*,#1334,.T.);
#1334 = EDGE_CURVE('',#1312,#1211,#1335,.T.);
#1335 = SURFACE_CURVE('',#1336,(#1340,#1347),.PCURVE_S1.);
#1336 = LINE('',#1337,#1338);
#1337 = CARTESIAN_POINT('',(108.5,-8.,0.));
#1338 = VECTOR('',#1339,1.);
#1339 = DIRECTION('',(0.,1.,0.));
#1340 = PCURVE('',#381,#1341);
#1341 = DEFINITIONAL_REPRESENTATION('',(#1342),#1346);
#1342 = LINE('',#1343,#1344);
#1343 = CARTESIAN_POINT('',(0.,0.));
#1344 = VECTOR('',#1345,1.);
#1345 = DIRECTION('',(0.,-1.));
#1346 = ( GEOMETRIC_REPRESENTATION_CONTEXT(2) 
PARAMETRIC_REPRESENTATION_CONTEXT() REPRESENTATION_CONTEXT('2D SPACE',''
  ) );
#1347 = PCURVE('',#1075,#1348);
#1348 = DEFINITIONAL_REPRESENTATION('',(#1349),#1353);
#1349 = LINE('',#1350,#1351);
#1350 = CARTESIAN_POINT('',(8.,0.));
#1351 = VECTOR('',#1352,1.);
#1352 = DIRECTION('',(0.,1.));
#1353 = ( GEOMETRIC_REPRESENTATION_CONTEXT(2) 
PARAMETRIC_REPRESENTATION_CONTEXT() REPRESENTATION_CONTEXT('2D SPACE',''
  ) );
#1354 = ORIENTED_EDGE('',*,*,#1210,.F.);
#1355 = ADVANCED_FACE('',(#1356),#296,.F.);
#1356 = FACE_BOUND('',#1357,.F.);
#1357 = EDGE_LOOP('',(#1358,#1359,#1382,#1403,#1404,#1423));
#1358 = ORIENTED_EDGE('',*,*,#280,.F.);
#1359 = ORIENTED_EDGE('',*,*,#1360,.F.);
#1360 = EDGE_CURVE('',#1361,#281,#1363,.T.);
#1361 = VERTEX_POINT('',#1362);
#1362 = CARTESIAN_POINT('',(100.5,-8.,0.));
#1363 = SURFACE_CURVE('',#1364,(#1368,#1375),.PCURVE_S1.);
#1364 = LINE('',#1365,#1366);
#1365 = CARTESIAN_POINT('',(100.5,-8.,0.));
#1366 = VECTOR('',#1367,1.);
#1367 = DIRECTION('',(0.,0.,1.));
#1368 = PCURVE('',#296,#1369);
#1369 = DEFINITIONAL_REPRESENTATION('',(#1370),#1374);
#1370 = LINE('',#1371,#1372);
#1371 = CARTESIAN_POINT('',(0.,0.));
#1372 = VECTOR('',#1373,1.);
#1373 = DIRECTION('',(1.,0.));
#1374 = ( GEOMETRIC_REPRESENTATION_CONTEXT(2) 
PARAMETRIC_REPRESENTATION_CONTEXT() REPRESENTATION_CONTEXT('2D SPACE',''
  ) );
#1375 = PCURVE('',#324,#1376);
#1376 = DEFINITIONAL_REPRESENTATION('',(#1377),#1381);
#1377 = LINE('',#1378,#1379);
#1378 = CARTESIAN_POINT('',(0.,0.));
#1379 = VECTOR('',#1380,1.);
#1380 = DIRECTION('',(1.,0.));
#1381 = ( GEOMETRIC_REPRESENTATION_CONTEXT(2) 
PARAMETRIC_REPRESENTATION_CONTEXT() REPRESENTATION_CONTEXT('2D SPACE',''
  ) );
#1382 = ORIENTED_EDGE('',*,*,#1383,.T.);
#1383 = EDGE_CURVE('',#1361,#1060,#1384,.T.);
#1384 = SURFACE_CURVE('',#1385,(#1389,#1396),.PCURVE_S1.);
#1385 = LINE('',#1386,#1387);
#1386 = CARTESIAN_POINT('',(100.5,-8.,0.));
#1387 = VECTOR('',#1388,1.);
#1388 = DIRECTION('',(0.,1.,0.));
#1389 = PCURVE('',#296,#1390);
#1390 = DEFINITIONAL_REPRESENTATION('',(#1391),#1395);
#1391 = LINE('',#1392,#1393);
#1392 = CARTESIAN_POINT('',(0.,0.));
#1393 = VECTOR('',#1394,1.);
#1394 = DIRECTION('',(0.,-1.));
#1395 = ( GEOMETRIC_REPRESENTATION_CONTEXT(2) 
PARAMETRIC_REPRESENTATION_CONTEXT() REPRESENTATION_CONTEXT('2D SPACE',''
  ) );
#1396 = PCURVE('',#1075,#1397);
#1397 = DEFINITIONAL_REPRESENTATION('',(#1398),#1402);
#1398 = LINE('',#1399,#1400);
#1399 = CARTESIAN_POINT('',(0.,0.));
#1400 = VECTOR('',#1401,1.);
#1401 = DIRECTION('',(0.,1.));
#1402 = ( GEOMETRIC_REPRESENTATION_CONTEXT(2) 
PARAMETRIC_REPRESENTATION_CONTEXT() REPRESENTATION_CONTEXT('2D SPACE',''
  ) );
#1403 = ORIENTED_EDGE('',*,*,#1087,.T.);
#1404 = ORIENTED_EDGE('',*,*,#1405,.T.);
#1405 = EDGE_CURVE('',#1088,#1264,#1406,.T.);
#1406 = SURFACE_CURVE('',#1407,(#1411,#1417),.PCURVE_S1.);
#1407 = LINE('',#1408,#1409);
#1408 = CARTESIAN_POINT('',(100.5,8.5,91.));
#1409 = VECTOR('',#1410,1.);
#1410 = DIRECTION('',(0.,-1.,0.));
#1411 = PCURVE('',#296,#1412);
#1412 = DEFINITIONAL_REPRESENTATION('',(#1413),#1416);
#1413 = B_SPLINE_CURVE_WITH_KNOTS('',1,(#1414,#1415),.UNSPECIFIED.,.F.,
  .F.,(2,2),(-91.5,-16.5),.PIECEWISE_BEZIER_KNOTS.);
#1414 = CARTESIAN_POINT('',(91.,-108.));
#1415 = CARTESIAN_POINT('',(91.,-33.));
#1416 = ( GEOMETRIC_REPRESENTATION_CONTEXT(2) 
PARAMETRIC_REPRESENTATION_CONTEXT() REPRESENTATION_CONTEXT('2D SPACE',''
  ) );
#1417 = PCURVE('',#1126,#1418);
#1418 = DEFINITIONAL_REPRESENTATION('',(#1419),#1422);
#1419 = B_SPLINE_CURVE_WITH_KNOTS('',1,(#1420,#1421),.UNSPECIFIED.,.F.,
  .F.,(2,2),(-91.5,-16.5),.PIECEWISE_BEZIER_KNOTS.);
#1420 = CARTESIAN_POINT('',(209.,75.));
#1421 = CARTESIAN_POINT('',(209.,0.));
#1422 = ( GEOMETRIC_REPRESENTATION_CONTEXT(2) 
PARAMETRIC_REPRESENTATION_CONTEXT() REPRESENTATION_CONTEXT('2D SPACE',''
  ) );
#1423 = ORIENTED_EDGE('',*,*,#1288,.T.);
#1424 = ADVANCED_FACE('',(#1425),#353,.T.);
#1425 = FACE_BOUND('',#1426,.T.);
#1426 = EDGE_LOOP('',(#1427,#1451,#1452,#1453,#1476,#1504,#1527,#1555));
#1427 = ORIENTED_EDGE('',*,*,#1428,.T.);
#1428 = EDGE_CURVE('',#1429,#1312,#1431,.T.);
#1429 = VERTEX_POINT('',#1430);
#1430 = CARTESIAN_POINT('',(105.5,-8.,0.));
#1431 = SURFACE_CURVE('',#1432,(#1437,#1444),.PCURVE_S1.);
#1432 = CIRCLE('',#1433,3.);
#1433 = AXIS2_PLACEMENT_3D('',#1434,#1435,#1436);
#1434 = CARTESIAN_POINT('',(105.5,-5.,0.));
#1435 = DIRECTION('',(0.,0.,1.));
#1436 = DIRECTION('',(0.,-1.,0.));
#1437 = PCURVE('',#353,#1438);
#1438 = DEFINITIONAL_REPRESENTATION('',(#1439),#1443);
#1439 = LINE('',#1440,#1441);
#1440 = CARTESIAN_POINT('',(0.,0.));
#1441 = VECTOR('',#1442,1.);
#1442 = DIRECTION('',(1.,0.));
#1443 = ( GEOMETRIC_REPRESENTATION_CONTEXT(2) 
PARAMETRIC_REPRESENTATION_CONTEXT() REPRESENTATION_CONTEXT('2D SPACE',''
  ) );
#1444 = PCURVE('',#1075,#1445);
#1445 = DEFINITIONAL_REPRESENTATION('',(#1446),#1450);
#1446 = CIRCLE('',#1447,3.);
#1447 = AXIS2_PLACEMENT_2D('',#1448,#1449);
#1448 = CARTESIAN_POINT('',(5.,3.));
#1449 = DIRECTION('',(0.,-1.));
#1450 = ( GEOMETRIC_REPRESENTATION_CONTEXT(2) 
PARAMETRIC_REPRESENTATION_CONTEXT() REPRESENTATION_CONTEXT('2D SPACE',''
  ) );
#1451 = ORIENTED_EDGE('',*,*,#1311,.T.);
#1452 = ORIENTED_EDGE('',*,*,#336,.F.);
#1453 = ORIENTED_EDGE('',*,*,#1454,.F.);
#1454 = EDGE_CURVE('',#1455,#309,#1457,.T.);
#1455 = VERTEX_POINT('',#1456);
#1456 = CARTESIAN_POINT('',(105.5,-8.,73.732050807569));
#1457 = SURFACE_CURVE('',#1458,(#1462,#1469),.PCURVE_S1.);
#1458 = LINE('',#1459,#1460);
#1459 = CARTESIAN_POINT('',(105.5,-8.,0.));
#1460 = VECTOR('',#1461,1.);
#1461 = DIRECTION('',(0.,0.,1.));
#1462 = PCURVE('',#353,#1463);
#1463 = DEFINITIONAL_REPRESENTATION('',(#1464),#1468);
#1464 = LINE('',#1465,#1466);
#1465 = CARTESIAN_POINT('',(0.,0.));
#1466 = VECTOR('',#1467,1.);
#1467 = DIRECTION('',(0.,1.));
#1468 = ( GEOMETRIC_REPRESENTATION_CONTEXT(2) 
PARAMETRIC_REPRESENTATION_CONTEXT() REPRESENTATION_CONTEXT('2D SPACE',''
  ) );
#1469 = PCURVE('',#324,#1470);
#1470 = DEFINITIONAL_REPRESENTATION('',(#1471),#1475);
#1471 = LINE('',#1472,#1473);
#1472 = CARTESIAN_POINT('',(0.,5.));
#1473 = VECTOR('',#1474,1.);
#1474 = DIRECTION('',(1.,0.));
#1475 = ( GEOMETRIC_REPRESENTATION_CONTEXT(2) 
PARAMETRIC_REPRESENTATION_CONTEXT() REPRESENTATION_CONTEXT('2D SPACE',''
  ) );
#1476 = ORIENTED_EDGE('',*,*,#1477,.F.);
#1477 = EDGE_CURVE('',#1478,#1455,#1480,.T.);
#1478 = VERTEX_POINT('',#1479);
#1479 = CARTESIAN_POINT('',(105.5,-8.,70.267949192431));
#1480 = SURFACE_CURVE('',#1481,(#1485,#1492),.PCURVE_S1.);
#1481 = LINE('',#1482,#1483);
#1482 = CARTESIAN_POINT('',(105.5,-8.,0.));
#1483 = VECTOR('',#1484,1.);
#1484 = DIRECTION('',(0.,0.,1.));
#1485 = PCURVE('',#353,#1486);
#1486 = DEFINITIONAL_REPRESENTATION('',(#1487),#1491);
#1487 = LINE('',#1488,#1489);
#1488 = CARTESIAN_POINT('',(0.,0.));
#1489 = VECTOR('',#1490,1.);
#1490 = DIRECTION('',(0.,1.));
#1491 = ( GEOMETRIC_REPRESENTATION_CONTEXT(2) 
PARAMETRIC_REPRESENTATION_CONTEXT() REPRESENTATION_CONTEXT('2D SPACE',''
  ) );
#1492 = PCURVE('',#1493,#1498);
#1493 = PLANE('',#1494);
#1494 = AXIS2_PLACEMENT_3D('',#1495,#1496,#1497);
#1495 = CARTESIAN_POINT('',(104.5,-8.,72.));
#1496 = DIRECTION('',(0.,-1.,1.110223024625E-16));
#1497 = DIRECTION('',(1.,0.,0.));
#1498 = DEFINITIONAL_REPRESENTATION('',(#1499),#1503);
#1499 = LINE('',#1500,#1501);
#1500 = CARTESIAN_POINT('',(1.,-72.));
#1501 = VECTOR('',#1502,1.);
#1502 = DIRECTION('',(0.,1.));
#1503 = ( GEOMETRIC_REPRESENTATION_CONTEXT(2) 
PARAMETRIC_REPRESENTATION_CONTEXT() REPRESENTATION_CONTEXT('2D SPACE',''
  ) );
#1504 = ORIENTED_EDGE('',*,*,#1505,.F.);
#1505 = EDGE_CURVE('',#1506,#1478,#1508,.T.);
#1506 = VERTEX_POINT('',#1507);
#1507 = CARTESIAN_POINT('',(105.5,-8.,23.732050807569));
#1508 = SURFACE_CURVE('',#1509,(#1513,#1520),.PCURVE_S1.);
#1509 = LINE('',#1510,#1511);
#1510 = CARTESIAN_POINT('',(105.5,-8.,0.));
#1511 = VECTOR('',#1512,1.);
#1512 = DIRECTION('',(0.,0.,1.));
#1513 = PCURVE('',#353,#1514);
#1514 = DEFINITIONAL_REPRESENTATION('',(#1515),#1519);
#1515 = LINE('',#1516,#1517);
#1516 = CARTESIAN_POINT('',(0.,0.));
#1517 = VECTOR('',#1518,1.);
#1518 = DIRECTION('',(0.,1.));
#1519 = ( GEOMETRIC_REPRESENTATION_CONTEXT(2) 
PARAMETRIC_REPRESENTATION_CONTEXT() REPRESENTATION_CONTEXT('2D SPACE',''
  ) );
#1520 = PCURVE('',#324,#1521);
#1521 = DEFINITIONAL_REPRESENTATION('',(#1522),#1526);
#1522 = LINE('',#1523,#1524);
#1523 = CARTESIAN_POINT('',(0.,5.));
#1524 = VECTOR('',#1525,1.);
#1525 = DIRECTION('',(1.,0.));
#1526 = ( GEOMETRIC_REPRESENTATION_CONTEXT(2) 
PARAMETRIC_REPRESENTATION_CONTEXT() REPRESENTATION_CONTEXT('2D SPACE',''
  ) );
#1527 = ORIENTED_EDGE('',*,*,#1528,.F.);
#1528 = EDGE_CURVE('',#1529,#1506,#1531,.T.);
#1529 = VERTEX_POINT('',#1530);
#1530 = CARTESIAN_POINT('',(105.5,-8.,20.267949192431));
#1531 = SURFACE_CURVE('',#1532,(#1536,#1543),.PCURVE_S1.);
#1532 = LINE('',#1533,#1534);
#1533 = CARTESIAN_POINT('',(105.5,-8.,0.));
#1534 = VECTOR('',#1535,1.);
#1535 = DIRECTION('',(0.,0.,1.));
#1536 = PCURVE('',#353,#1537);
#1537 = DEFINITIONAL_REPRESENTATION('',(#1538),#1542);
#1538 = LINE('',#1539,#1540);
#1539 = CARTESIAN_POINT('',(0.,0.));
#1540 = VECTOR('',#1541,1.);
#1541 = DIRECTION('',(0.,1.));
#1542 = ( GEOMETRIC_REPRESENTATION_CONTEXT(2) 
PARAMETRIC_REPRESENTATION_CONTEXT() REPRESENTATION_CONTEXT('2D SPACE',''
  ) );
#1543 = PCURVE('',#1544,#1549);
#1544 = PLANE('',#1545);
#1545 = AXIS2_PLACEMENT_3D('',#1546,#1547,#1548);
#1546 = CARTESIAN_POINT('',(104.5,-8.,22.));
#1547 = DIRECTION('',(0.,-1.,1.110223024625E-16));
#1548 = DIRECTION('',(1.,0.,0.));
#1549 = DEFINITIONAL_REPRESENTATION('',(#1550),#1554);
#1550 = LINE('',#1551,#1552);
#1551 = CARTESIAN_POINT('',(1.,-22.));
#1552 = VECTOR('',#1553,1.);
#1553 = DIRECTION('',(0.,1.));
#1554 = ( GEOMETRIC_REPRESENTATION_CONTEXT(2) 
PARAMETRIC_REPRESENTATION_CONTEXT() REPRESENTATION_CONTEXT('2D SPACE',''
  ) );
#1555 = ORIENTED_EDGE('',*,*,#1556,.F.);
#1556 = EDGE_CURVE('',#1429,#1529,#1557,.T.);
#1557 = SURFACE_CURVE('',#1558,(#1562,#1569),.PCURVE_S1.);
#1558 = LINE('',#1559,#1560);
#1559 = CARTESIAN_POINT('',(105.5,-8.,0.));
#1560 = VECTOR('',#1561,1.);
#1561 = DIRECTION('',(0.,0.,1.));
#1562 = PCURVE('',#353,#1563);
#1563 = DEFINITIONAL_REPRESENTATION('',(#1564),#1568);
#1564 = LINE('',#1565,#1566);
#1565 = CARTESIAN_POINT('',(0.,0.));
#1566 = VECTOR('',#1567,1.);
#1567 = DIRECTION('',(0.,1.));
#1568 = ( GEOMETRIC_REPRESENTATION_CONTEXT(2) 
PARAMETRIC_REPRESENTATION_CONTEXT() REPRESENTATION_CONTEXT('2D SPACE',''
  ) );
#1569 = PCURVE('',#324,#1570);
#1570 = DEFINITIONAL_REPRESENTATION('',(#1571),#1575);
#1571 = LINE('',#1572,#1573);
#1572 = CARTESIAN_POINT('',(0.,5.));
#1573 = VECTOR('',#1574,1.);
#1574 = DIRECTION('',(1.,0.));
#1575 = ( GEOMETRIC_REPRESENTATION_CONTEXT(2) 
PARAMETRIC_REPRESENTATION_CONTEXT() REPRESENTATION_CONTEXT('2D SPACE',''
  ) );
#1576 = ADVANCED_FACE('',(#1577),#324,.F.);
#1577 = FACE_BOUND('',#1578,.F.);
#1578 = EDGE_LOOP('',(#1579,#1580,#1601,#1602,#1603,#1604,#1635,#1636));
#1579 = ORIENTED_EDGE('',*,*,#1556,.F.);
#1580 = ORIENTED_EDGE('',*,*,#1581,.F.);
#1581 = EDGE_CURVE('',#1361,#1429,#1582,.T.);
#1582 = SURFACE_CURVE('',#1583,(#1587,#1594),.PCURVE_S1.);
#1583 = LINE('',#1584,#1585);
#1584 = CARTESIAN_POINT('',(100.5,-8.,0.));
#1585 = VECTOR('',#1586,1.);
#1586 = DIRECTION('',(1.,0.,0.));
#1587 = PCURVE('',#324,#1588);
#1588 = DEFINITIONAL_REPRESENTATION('',(#1589),#1593);
#1589 = LINE('',#1590,#1591);
#1590 = CARTESIAN_POINT('',(0.,0.));
#1591 = VECTOR('',#1592,1.);
#1592 = DIRECTION('',(0.,1.));
#1593 = ( GEOMETRIC_REPRESENTATION_CONTEXT(2) 
PARAMETRIC_REPRESENTATION_CONTEXT() REPRESENTATION_CONTEXT('2D SPACE',''
  ) );
#1594 = PCURVE('',#1075,#1595);
#1595 = DEFINITIONAL_REPRESENTATION('',(#1596),#1600);
#1596 = LINE('',#1597,#1598);
#1597 = CARTESIAN_POINT('',(0.,0.));
#1598 = VECTOR('',#1599,1.);
#1599 = DIRECTION('',(1.,0.));
#1600 = ( GEOMETRIC_REPRESENTATION_CONTEXT(2) 
PARAMETRIC_REPRESENTATION_CONTEXT() REPRESENTATION_CONTEXT('2D SPACE',''
  ) );
#1601 = ORIENTED_EDGE('',*,*,#1360,.T.);
#1602 = ORIENTED_EDGE('',*,*,#308,.T.);
#1603 = ORIENTED_EDGE('',*,*,#1454,.F.);
#1604 = ORIENTED_EDGE('',*,*,#1605,.T.);
#1605 = EDGE_CURVE('',#1455,#1478,#1606,.T.);
#1606 = SURFACE_CURVE('',#1607,(#1612,#1623),.PCURVE_S1.);
#1607 = CIRCLE('',#1608,2.);
#1608 = AXIS2_PLACEMENT_3D('',#1609,#1610,#1611);
#1609 = CARTESIAN_POINT('',(104.5,-8.,72.));
#1610 = DIRECTION('',(0.,-1.,1.110223024625E-16));
#1611 = DIRECTION('',(1.,0.,0.));
#1612 = PCURVE('',#324,#1613);
#1613 = DEFINITIONAL_REPRESENTATION('',(#1614),#1622);
#1614 = ( BOUNDED_CURVE() B_SPLINE_CURVE(2,(#1615,#1616,#1617,#1618,
#1619,#1620,#1621),.UNSPECIFIED.,.T.,.F.) B_SPLINE_CURVE_WITH_KNOTS((1,2
    ,2,2,2,1),(-2.094395102393,0.,2.094395102393,4.188790204786,
6.28318530718,8.377580409573),.UNSPECIFIED.) CURVE() 
GEOMETRIC_REPRESENTATION_ITEM() RATIONAL_B_SPLINE_CURVE((1.,0.5,1.,0.5,
1.,0.5,1.)) REPRESENTATION_ITEM('') );
#1615 = CARTESIAN_POINT('',(72.,6.));
#1616 = CARTESIAN_POINT('',(75.464101615138,6.));
#1617 = CARTESIAN_POINT('',(73.732050807569,3.));
#1618 = CARTESIAN_POINT('',(72.,8.881784197001E-16));
#1619 = CARTESIAN_POINT('',(70.267949192431,3.));
#1620 = CARTESIAN_POINT('',(68.535898384862,6.));
#1621 = CARTESIAN_POINT('',(72.,6.));
#1622 = ( GEOMETRIC_REPRESENTATION_CONTEXT(2) 
PARAMETRIC_REPRESENTATION_CONTEXT() REPRESENTATION_CONTEXT('2D SPACE',''
  ) );
#1623 = PCURVE('',#1624,#1629);
#1624 = CYLINDRICAL_SURFACE('',#1625,2.);
#1625 = AXIS2_PLACEMENT_3D('',#1626,#1627,#1628);
#1626 = CARTESIAN_POINT('',(104.5,-8.,72.));
#1627 = DIRECTION('',(0.,-1.,1.110223024625E-16));
#1628 = DIRECTION('',(1.,0.,0.));
#1629 = DEFINITIONAL_REPRESENTATION('',(#1630),#1634);
#1630 = LINE('',#1631,#1632);
#1631 = CARTESIAN_POINT('',(0.,0.));
#1632 = VECTOR('',#1633,1.);
#1633 = DIRECTION('',(1.,0.));
#1634 = ( GEOMETRIC_REPRESENTATION_CONTEXT(2) 
PARAMETRIC_REPRESENTATION_CONTEXT() REPRESENTATION_CONTEXT('2D SPACE',''
  ) );
#1635 = ORIENTED_EDGE('',*,*,#1505,.F.);
#1636 = ORIENTED_EDGE('',*,*,#1637,.T.);
#1637 = EDGE_CURVE('',#1506,#1529,#1638,.T.);
#1638 = SURFACE_CURVE('',#1639,(#1644,#1655),.PCURVE_S1.);
#1639 = CIRCLE('',#1640,2.);
#1640 = AXIS2_PLACEMENT_3D('',#1641,#1642,#1643);
#1641 = CARTESIAN_POINT('',(104.5,-8.,22.));
#1642 = DIRECTION('',(0.,-1.,1.110223024625E-16));
#1643 = DIRECTION('',(1.,0.,0.));
#1644 = PCURVE('',#324,#1645);
#1645 = DEFINITIONAL_REPRESENTATION('',(#1646),#1654);
#1646 = ( BOUNDED_CURVE() B_SPLINE_CURVE(2,(#1647,#1648,#1649,#1650,
#1651,#1652,#1653),.UNSPECIFIED.,.T.,.F.) B_SPLINE_CURVE_WITH_KNOTS((1,2
    ,2,2,2,1),(-2.094395102393,0.,2.094395102393,4.188790204786,
6.28318530718,8.377580409573),.UNSPECIFIED.) CURVE() 
GEOMETRIC_REPRESENTATION_ITEM() RATIONAL_B_SPLINE_CURVE((1.,0.5,1.,0.5,
1.,0.5,1.)) REPRESENTATION_ITEM('') );
#1647 = CARTESIAN_POINT('',(22.,6.));
#1648 = CARTESIAN_POINT('',(25.464101615138,6.));
#1649 = CARTESIAN_POINT('',(23.732050807569,3.));
#1650 = CARTESIAN_POINT('',(22.,8.881784197001E-16));
#1651 = CARTESIAN_POINT('',(20.267949192431,3.));
#1652 = CARTESIAN_POINT('',(18.535898384862,6.));
#1653 = CARTESIAN_POINT('',(22.,6.));
#1654 = ( GEOMETRIC_REPRESENTATION_CONTEXT(2) 
PARAMETRIC_REPRESENTATION_CONTEXT() REPRESENTATION_CONTEXT('2D SPACE',''
  ) );
#1655 = PCURVE('',#1656,#1661);
#1656 = CYLINDRICAL_SURFACE('',#1657,2.);
#1657 = AXIS2_PLACEMENT_3D('',#1658,#1659,#1660);
#1658 = CARTESIAN_POINT('',(104.5,-8.,22.));
#1659 = DIRECTION('',(0.,-1.,1.110223024625E-16));
#1660 = DIRECTION('',(1.,0.,0.));
#1661 = DEFINITIONAL_REPRESENTATION('',(#1662),#1666);
#1662 = LINE('',#1663,#1664);
#1663 = CARTESIAN_POINT('',(0.,0.));
#1664 = VECTOR('',#1665,1.);
#1665 = DIRECTION('',(1.,0.));
#1666 = ( GEOMETRIC_REPRESENTATION_CONTEXT(2) 
PARAMETRIC_REPRESENTATION_CONTEXT() REPRESENTATION_CONTEXT('2D SPACE',''
  ) );
#1667 = ADVANCED_FACE('',(#1668),#499,.F.);
#1668 = FACE_BOUND('',#1669,.F.);
#1669 = EDGE_LOOP('',(#1670,#1671,#1694,#1716));
#1670 = ORIENTED_EDGE('',*,*,#482,.F.);
#1671 = ORIENTED_EDGE('',*,*,#1672,.F.);
#1672 = EDGE_CURVE('',#1673,#483,#1675,.T.);
#1673 = VERTEX_POINT('',#1674);
#1674 = CARTESIAN_POINT('',(-43.3,37.,91.));
#1675 = SEAM_CURVE('',#1676,(#1680,#1687),.PCURVE_S1.);
#1676 = LINE('',#1677,#1678);
#1677 = CARTESIAN_POINT('',(-43.3,37.,71.));
#1678 = VECTOR('',#1679,1.);
#1679 = DIRECTION('',(0.,0.,1.));
#1680 = PCURVE('',#499,#1681);
#1681 = DEFINITIONAL_REPRESENTATION('',(#1682),#1686);
#1682 = LINE('',#1683,#1684);
#1683 = CARTESIAN_POINT('',(6.28318530718,0.));
#1684 = VECTOR('',#1685,1.);
#1685 = DIRECTION('',(0.,1.));
#1686 = ( GEOMETRIC_REPRESENTATION_CONTEXT(2) 
PARAMETRIC_REPRESENTATION_CONTEXT() REPRESENTATION_CONTEXT('2D SPACE',''
  ) );
#1687 = PCURVE('',#499,#1688);
#1688 = DEFINITIONAL_REPRESENTATION('',(#1689),#1693);
#1689 = LINE('',#1690,#1691);
#1690 = CARTESIAN_POINT('',(0.,0.));
#1691 = VECTOR('',#1692,1.);
#1692 = DIRECTION('',(0.,1.));
#1693 = ( GEOMETRIC_REPRESENTATION_CONTEXT(2) 
PARAMETRIC_REPRESENTATION_CONTEXT() REPRESENTATION_CONTEXT('2D SPACE',''
  ) );
#1694 = ORIENTED_EDGE('',*,*,#1695,.T.);
#1695 = EDGE_CURVE('',#1673,#1673,#1696,.T.);
#1696 = SURFACE_CURVE('',#1697,(#1702,#1709),.PCURVE_S1.);
#1697 = CIRCLE('',#1698,1.7);
#1698 = AXIS2_PLACEMENT_3D('',#1699,#1700,#1701);
#1699 = CARTESIAN_POINT('',(-45.,37.,91.));
#1700 = DIRECTION('',(0.,0.,1.));
#1701 = DIRECTION('',(1.,0.,0.));
#1702 = PCURVE('',#499,#1703);
#1703 = DEFINITIONAL_REPRESENTATION('',(#1704),#1708);
#1704 = LINE('',#1705,#1706);
#1705 = CARTESIAN_POINT('',(0.,20.));
#1706 = VECTOR('',#1707,1.);
#1707 = DIRECTION('',(1.,0.));
#1708 = ( GEOMETRIC_REPRESENTATION_CONTEXT(2) 
PARAMETRIC_REPRESENTATION_CONTEXT() REPRESENTATION_CONTEXT('2D SPACE',''
  ) );
#1709 = PCURVE('',#1126,#1710);
#1710 = DEFINITIONAL_REPRESENTATION('',(#1711),#1715);
#1711 = CIRCLE('',#1712,1.7);
#1712 = AXIS2_PLACEMENT_2D('',#1713,#1714);
#1713 = CARTESIAN_POINT('',(63.5,12.));
#1714 = DIRECTION('',(1.,0.));
#1715 = ( GEOMETRIC_REPRESENTATION_CONTEXT(2) 
PARAMETRIC_REPRESENTATION_CONTEXT() REPRESENTATION_CONTEXT('2D SPACE',''
  ) );
#1716 = ORIENTED_EDGE('',*,*,#1672,.T.);
#1717 = ADVANCED_FACE('',(#1718),#530,.F.);
#1718 = FACE_BOUND('',#1719,.F.);
#1719 = EDGE_LOOP('',(#1720,#1721,#1744,#1766));
#1720 = ORIENTED_EDGE('',*,*,#513,.F.);
#1721 = ORIENTED_EDGE('',*,*,#1722,.F.);
#1722 = EDGE_CURVE('',#1723,#514,#1725,.T.);
#1723 = VERTEX_POINT('',#1724);
#1724 = CARTESIAN_POINT('',(46.7,37.,91.));
#1725 = SEAM_CURVE('',#1726,(#1730,#1737),.PCURVE_S1.);
#1726 = LINE('',#1727,#1728);
#1727 = CARTESIAN_POINT('',(46.7,37.,71.));
#1728 = VECTOR('',#1729,1.);
#1729 = DIRECTION('',(0.,0.,1.));
#1730 = PCURVE('',#530,#1731);
#1731 = DEFINITIONAL_REPRESENTATION('',(#1732),#1736);
#1732 = LINE('',#1733,#1734);
#1733 = CARTESIAN_POINT('',(6.28318530718,0.));
#1734 = VECTOR('',#1735,1.);
#1735 = DIRECTION('',(0.,1.));
#1736 = ( GEOMETRIC_REPRESENTATION_CONTEXT(2) 
PARAMETRIC_REPRESENTATION_CONTEXT() REPRESENTATION_CONTEXT('2D SPACE',''
  ) );
#1737 = PCURVE('',#530,#1738);
#1738 = DEFINITIONAL_REPRESENTATION('',(#1739),#1743);
#1739 = LINE('',#1740,#1741);
#1740 = CARTESIAN_POINT('',(0.,0.));
#1741 = VECTOR('',#1742,1.);
#1742 = DIRECTION('',(0.,1.));
#1743 = ( GEOMETRIC_REPRESENTATION_CONTEXT(2) 
PARAMETRIC_REPRESENTATION_CONTEXT() REPRESENTATION_CONTEXT('2D SPACE',''
  ) );
#1744 = ORIENTED_EDGE('',*,*,#1745,.T.);
#1745 = EDGE_CURVE('',#1723,#1723,#1746,.T.);
#1746 = SURFACE_CURVE('',#1747,(#1752,#1759),.PCURVE_S1.);
#1747 = CIRCLE('',#1748,1.7);
#1748 = AXIS2_PLACEMENT_3D('',#1749,#1750,#1751);
#1749 = CARTESIAN_POINT('',(45.,37.,91.));
#1750 = DIRECTION('',(0.,0.,1.));
#1751 = DIRECTION('',(1.,0.,0.));
#1752 = PCURVE('',#530,#1753);
#1753 = DEFINITIONAL_REPRESENTATION('',(#1754),#1758);
#1754 = LINE('',#1755,#1756);
#1755 = CARTESIAN_POINT('',(0.,20.));
#1756 = VECTOR('',#1757,1.);
#1757 = DIRECTION('',(1.,0.));
#1758 = ( GEOMETRIC_REPRESENTATION_CONTEXT(2) 
PARAMETRIC_REPRESENTATION_CONTEXT() REPRESENTATION_CONTEXT('2D SPACE',''
  ) );
#1759 = PCURVE('',#1126,#1760);
#1760 = DEFINITIONAL_REPRESENTATION('',(#1761),#1765);
#1761 = CIRCLE('',#1762,1.7);
#1762 = AXIS2_PLACEMENT_2D('',#1763,#1764);
#1763 = CARTESIAN_POINT('',(153.5,12.));
#1764 = DIRECTION('',(1.,0.));
#1765 = ( GEOMETRIC_REPRESENTATION_CONTEXT(2) 
PARAMETRIC_REPRESENTATION_CONTEXT() REPRESENTATION_CONTEXT('2D SPACE',''
  ) );
#1766 = ORIENTED_EDGE('',*,*,#1722,.T.);
#1767 = ADVANCED_FACE('',(#1768),#561,.F.);
#1768 = FACE_BOUND('',#1769,.F.);
#1769 = EDGE_LOOP('',(#1770,#1771,#1794,#1816));
#1770 = ORIENTED_EDGE('',*,*,#544,.F.);
#1771 = ORIENTED_EDGE('',*,*,#1772,.F.);
#1772 = EDGE_CURVE('',#1773,#545,#1775,.T.);
#1773 = VERTEX_POINT('',#1774);
#1774 = CARTESIAN_POINT('',(-43.3,77.,91.));
#1775 = SEAM_CURVE('',#1776,(#1780,#1787),.PCURVE_S1.);
#1776 = LINE('',#1777,#1778);
#1777 = CARTESIAN_POINT('',(-43.3,77.,71.));
#1778 = VECTOR('',#1779,1.);
#1779 = DIRECTION('',(0.,0.,1.));
#1780 = PCURVE('',#561,#1781);
#1781 = DEFINITIONAL_REPRESENTATION('',(#1782),#1786);
#1782 = LINE('',#1783,#1784);
#1783 = CARTESIAN_POINT('',(6.28318530718,0.));
#1784 = VECTOR('',#1785,1.);
#1785 = DIRECTION('',(0.,1.));
#1786 = ( GEOMETRIC_REPRESENTATION_CONTEXT(2) 
PARAMETRIC_REPRESENTATION_CONTEXT() REPRESENTATION_CONTEXT('2D SPACE',''
  ) );
#1787 = PCURVE('',#561,#1788);
#1788 = DEFINITIONAL_REPRESENTATION('',(#1789),#1793);
#1789 = LINE('',#1790,#1791);
#1790 = CARTESIAN_POINT('',(0.,0.));
#1791 = VECTOR('',#1792,1.);
#1792 = DIRECTION('',(0.,1.));
#1793 = ( GEOMETRIC_REPRESENTATION_CONTEXT(2) 
PARAMETRIC_REPRESENTATION_CONTEXT() REPRESENTATION_CONTEXT('2D SPACE',''
  ) );
#1794 = ORIENTED_EDGE('',*,*,#1795,.T.);
#1795 = EDGE_CURVE('',#1773,#1773,#1796,.T.);
#1796 = SURFACE_CURVE('',#1797,(#1802,#1809),.PCURVE_S1.);
#1797 = CIRCLE('',#1798,1.7);
#1798 = AXIS2_PLACEMENT_3D('',#1799,#1800,#1801);
#1799 = CARTESIAN_POINT('',(-45.,77.,91.));
#1800 = DIRECTION('',(0.,0.,1.));
#1801 = DIRECTION('',(1.,0.,0.));
#1802 = PCURVE('',#561,#1803);
#1803 = DEFINITIONAL_REPRESENTATION('',(#1804),#1808);
#1804 = LINE('',#1805,#1806);
#1805 = CARTESIAN_POINT('',(0.,20.));
#1806 = VECTOR('',#1807,1.);
#1807 = DIRECTION('',(1.,0.));
#1808 = ( GEOMETRIC_REPRESENTATION_CONTEXT(2) 
PARAMETRIC_REPRESENTATION_CONTEXT() REPRESENTATION_CONTEXT('2D SPACE',''
  ) );
#1809 = PCURVE('',#1126,#1810);
#1810 = DEFINITIONAL_REPRESENTATION('',(#1811),#1815);
#1811 = CIRCLE('',#1812,1.7);
#1812 = AXIS2_PLACEMENT_2D('',#1813,#1814);
#1813 = CARTESIAN_POINT('',(63.5,52.));
#1814 = DIRECTION('',(1.,0.));
#1815 = ( GEOMETRIC_REPRESENTATION_CONTEXT(2) 
PARAMETRIC_REPRESENTATION_CONTEXT() REPRESENTATION_CONTEXT('2D SPACE',''
  ) );
#1816 = ORIENTED_EDGE('',*,*,#1772,.T.);
#1817 = ADVANCED_FACE('',(#1818),#592,.F.);
#1818 = FACE_BOUND('',#1819,.F.);
#1819 = EDGE_LOOP('',(#1820,#1821,#1844,#1866));
#1820 = ORIENTED_EDGE('',*,*,#575,.F.);
#1821 = ORIENTED_EDGE('',*,*,#1822,.F.);
#1822 = EDGE_CURVE('',#1823,#576,#1825,.T.);
#1823 = VERTEX_POINT('',#1824);
#1824 = CARTESIAN_POINT('',(46.7,77.,91.));
#1825 = SEAM_CURVE('',#1826,(#1830,#1837),.PCURVE_S1.);
#1826 = LINE('',#1827,#1828);
#1827 = CARTESIAN_POINT('',(46.7,77.,71.));
#1828 = VECTOR('',#1829,1.);
#1829 = DIRECTION('',(0.,0.,1.));
#1830 = PCURVE('',#592,#1831);
#1831 = DEFINITIONAL_REPRESENTATION('',(#1832),#1836);
#1832 = LINE('',#1833,#1834);
#1833 = CARTESIAN_POINT('',(6.28318530718,0.));
#1834 = VECTOR('',#1835,1.);
#1835 = DIRECTION('',(0.,1.));
#1836 = ( GEOMETRIC_REPRESENTATION_CONTEXT(2) 
PARAMETRIC_REPRESENTATION_CONTEXT() REPRESENTATION_CONTEXT('2D SPACE',''
  ) );
#1837 = PCURVE('',#592,#1838);
#1838 = DEFINITIONAL_REPRESENTATION('',(#1839),#1843);
#1839 = LINE('',#1840,#1841);
#1840 = CARTESIAN_POINT('',(0.,0.));
#1841 = VECTOR('',#1842,1.);
#1842 = DIRECTION('',(0.,1.));
#1843 = ( GEOMETRIC_REPRESENTATION_CONTEXT(2) 
PARAMETRIC_REPRESENTATION_CONTEXT() REPRESENTATION_CONTEXT('2D SPACE',''
  ) );
#1844 = ORIENTED_EDGE('',*,*,#1845,.T.);
#1845 = EDGE_CURVE('',#1823,#1823,#1846,.T.);
#1846 = SURFACE_CURVE('',#1847,(#1852,#1859),.PCURVE_S1.);
#1847 = CIRCLE('',#1848,1.7);
#1848 = AXIS2_PLACEMENT_3D('',#1849,#1850,#1851);
#1849 = CARTESIAN_POINT('',(45.,77.,91.));
#1850 = DIRECTION('',(0.,0.,1.));
#1851 = DIRECTION('',(1.,0.,0.));
#1852 = PCURVE('',#592,#1853);
#1853 = DEFINITIONAL_REPRESENTATION('',(#1854),#1858);
#1854 = LINE('',#1855,#1856);
#1855 = CARTESIAN_POINT('',(0.,20.));
#1856 = VECTOR('',#1857,1.);
#1857 = DIRECTION('',(1.,0.));
#1858 = ( GEOMETRIC_REPRESENTATION_CONTEXT(2) 
PARAMETRIC_REPRESENTATION_CONTEXT() REPRESENTATION_CONTEXT('2D SPACE',''
  ) );
#1859 = PCURVE('',#1126,#1860);
#1860 = DEFINITIONAL_REPRESENTATION('',(#1861),#1865);
#1861 = CIRCLE('',#1862,1.7);
#1862 = AXIS2_PLACEMENT_2D('',#1863,#1864);
#1863 = CARTESIAN_POINT('',(153.5,52.));
#1864 = DIRECTION('',(1.,0.));
#1865 = ( GEOMETRIC_REPRESENTATION_CONTEXT(2) 
PARAMETRIC_REPRESENTATION_CONTEXT() REPRESENTATION_CONTEXT('2D SPACE',''
  ) );
#1866 = ORIENTED_EDGE('',*,*,#1822,.T.);
#1867 = ADVANCED_FACE('',(#1868),#670,.F.);
#1868 = FACE_BOUND('',#1869,.F.);
#1869 = EDGE_LOOP('',(#1870,#1871));
#1870 = ORIENTED_EDGE('',*,*,#654,.T.);
#1871 = ORIENTED_EDGE('',*,*,#1872,.T.);
#1872 = EDGE_CURVE('',#655,#632,#1873,.T.);
#1873 = SURFACE_CURVE('',#1874,(#1879,#1886),.PCURVE_S1.);
#1874 = CIRCLE('',#1875,2.);
#1875 = AXIS2_PLACEMENT_3D('',#1876,#1877,#1878);
#1876 = CARTESIAN_POINT('',(-104.5,-8.,22.));
#1877 = DIRECTION('',(0.,-1.,1.110223024625E-16));
#1878 = DIRECTION('',(1.,0.,0.));
#1879 = PCURVE('',#670,#1880);
#1880 = DEFINITIONAL_REPRESENTATION('',(#1881),#1885);
#1881 = CIRCLE('',#1882,2.);
#1882 = AXIS2_PLACEMENT_2D('',#1883,#1884);
#1883 = CARTESIAN_POINT('',(0.,0.));
#1884 = DIRECTION('',(1.,0.));
#1885 = ( GEOMETRIC_REPRESENTATION_CONTEXT(2) 
PARAMETRIC_REPRESENTATION_CONTEXT() REPRESENTATION_CONTEXT('2D SPACE',''
  ) );
#1886 = PCURVE('',#909,#1887);
#1887 = DEFINITIONAL_REPRESENTATION('',(#1888),#1892);
#1888 = LINE('',#1889,#1890);
#1889 = CARTESIAN_POINT('',(0.,0.));
#1890 = VECTOR('',#1891,1.);
#1891 = DIRECTION('',(1.,0.));
#1892 = ( GEOMETRIC_REPRESENTATION_CONTEXT(2) 
PARAMETRIC_REPRESENTATION_CONTEXT() REPRESENTATION_CONTEXT('2D SPACE',''
  ) );
#1893 = ADVANCED_FACE('',(#1894),#721,.F.);
#1894 = FACE_BOUND('',#1895,.F.);
#1895 = EDGE_LOOP('',(#1896,#1897));
#1896 = ORIENTED_EDGE('',*,*,#705,.T.);
#1897 = ORIENTED_EDGE('',*,*,#1898,.T.);
#1898 = EDGE_CURVE('',#706,#683,#1899,.T.);
#1899 = SURFACE_CURVE('',#1900,(#1905,#1912),.PCURVE_S1.);
#1900 = CIRCLE('',#1901,2.);
#1901 = AXIS2_PLACEMENT_3D('',#1902,#1903,#1904);
#1902 = CARTESIAN_POINT('',(-104.5,-8.,72.));
#1903 = DIRECTION('',(0.,-1.,1.110223024625E-16));
#1904 = DIRECTION('',(1.,0.,0.));
#1905 = PCURVE('',#721,#1906);
#1906 = DEFINITIONAL_REPRESENTATION('',(#1907),#1911);
#1907 = CIRCLE('',#1908,2.);
#1908 = AXIS2_PLACEMENT_2D('',#1909,#1910);
#1909 = CARTESIAN_POINT('',(0.,0.));
#1910 = DIRECTION('',(1.,0.));
#1911 = ( GEOMETRIC_REPRESENTATION_CONTEXT(2) 
PARAMETRIC_REPRESENTATION_CONTEXT() REPRESENTATION_CONTEXT('2D SPACE',''
  ) );
#1912 = PCURVE('',#969,#1913);
#1913 = DEFINITIONAL_REPRESENTATION('',(#1914),#1918);
#1914 = LINE('',#1915,#1916);
#1915 = CARTESIAN_POINT('',(0.,0.));
#1916 = VECTOR('',#1917,1.);
#1917 = DIRECTION('',(1.,0.));
#1918 = ( GEOMETRIC_REPRESENTATION_CONTEXT(2) 
PARAMETRIC_REPRESENTATION_CONTEXT() REPRESENTATION_CONTEXT('2D SPACE',''
  ) );
#1919 = ADVANCED_FACE('',(#1920),#969,.T.);
#1920 = FACE_BOUND('',#1921,.T.);
#1921 = EDGE_LOOP('',(#1922,#1945,#1972,#1973,#1974,#1975));
#1922 = ORIENTED_EDGE('',*,*,#1923,.T.);
#1923 = EDGE_CURVE('',#949,#1924,#1926,.T.);
#1924 = VERTEX_POINT('',#1925);
#1925 = CARTESIAN_POINT('',(-102.5,-11.6,72.));
#1926 = SEAM_CURVE('',#1927,(#1931,#1938),.PCURVE_S1.);
#1927 = LINE('',#1928,#1929);
#1928 = CARTESIAN_POINT('',(-102.5,-8.,72.));
#1929 = VECTOR('',#1930,1.);
#1930 = DIRECTION('',(0.,-1.,1.110223024625E-16));
#1931 = PCURVE('',#969,#1932);
#1932 = DEFINITIONAL_REPRESENTATION('',(#1933),#1937);
#1933 = LINE('',#1934,#1935);
#1934 = CARTESIAN_POINT('',(6.28318530718,0.));
#1935 = VECTOR('',#1936,1.);
#1936 = DIRECTION('',(0.,1.));
#1937 = ( GEOMETRIC_REPRESENTATION_CONTEXT(2) 
PARAMETRIC_REPRESENTATION_CONTEXT() REPRESENTATION_CONTEXT('2D SPACE',''
  ) );
#1938 = PCURVE('',#969,#1939);
#1939 = DEFINITIONAL_REPRESENTATION('',(#1940),#1944);
#1940 = LINE('',#1941,#1942);
#1941 = CARTESIAN_POINT('',(0.,0.));
#1942 = VECTOR('',#1943,1.);
#1943 = DIRECTION('',(0.,1.));
#1944 = ( GEOMETRIC_REPRESENTATION_CONTEXT(2) 
PARAMETRIC_REPRESENTATION_CONTEXT() REPRESENTATION_CONTEXT('2D SPACE',''
  ) );
#1945 = ORIENTED_EDGE('',*,*,#1946,.F.);
#1946 = EDGE_CURVE('',#1924,#1924,#1947,.T.);
#1947 = SURFACE_CURVE('',#1948,(#1953,#1960),.PCURVE_S1.);
#1948 = CIRCLE('',#1949,2.);
#1949 = AXIS2_PLACEMENT_3D('',#1950,#1951,#1952);
#1950 = CARTESIAN_POINT('',(-104.5,-11.6,72.));
#1951 = DIRECTION('',(0.,-1.,1.110223024625E-16));
#1952 = DIRECTION('',(1.,0.,0.));
#1953 = PCURVE('',#969,#1954);
#1954 = DEFINITIONAL_REPRESENTATION('',(#1955),#1959);
#1955 = LINE('',#1956,#1957);
#1956 = CARTESIAN_POINT('',(0.,3.6));
#1957 = VECTOR('',#1958,1.);
#1958 = DIRECTION('',(1.,0.));
#1959 = ( GEOMETRIC_REPRESENTATION_CONTEXT(2) 
PARAMETRIC_REPRESENTATION_CONTEXT() REPRESENTATION_CONTEXT('2D SPACE',''
  ) );
#1960 = PCURVE('',#1961,#1966);
#1961 = PLANE('',#1962);
#1962 = AXIS2_PLACEMENT_3D('',#1963,#1964,#1965);
#1963 = CARTESIAN_POINT('',(-104.5,-11.6,72.));
#1964 = DIRECTION('',(0.,-1.,1.110223024625E-16));
#1965 = DIRECTION('',(1.,0.,0.));
#1966 = DEFINITIONAL_REPRESENTATION('',(#1967),#1971);
#1967 = CIRCLE('',#1968,2.);
#1968 = AXIS2_PLACEMENT_2D('',#1969,#1970);
#1969 = CARTESIAN_POINT('',(0.,0.));
#1970 = DIRECTION('',(1.,0.));
#1971 = ( GEOMETRIC_REPRESENTATION_CONTEXT(2) 
PARAMETRIC_REPRESENTATION_CONTEXT() REPRESENTATION_CONTEXT('2D SPACE',''
  ) );
#1972 = ORIENTED_EDGE('',*,*,#1923,.F.);
#1973 = ORIENTED_EDGE('',*,*,#981,.T.);
#1974 = ORIENTED_EDGE('',*,*,#1898,.T.);
#1975 = ORIENTED_EDGE('',*,*,#948,.T.);
#1976 = ADVANCED_FACE('',(#1977),#909,.T.);
#1977 = FACE_BOUND('',#1978,.T.);
#1978 = EDGE_LOOP('',(#1979,#2002,#2029,#2030,#2031,#2032));
#1979 = ORIENTED_EDGE('',*,*,#1980,.T.);
#1980 = EDGE_CURVE('',#889,#1981,#1983,.T.);
#1981 = VERTEX_POINT('',#1982);
#1982 = CARTESIAN_POINT('',(-102.5,-11.6,22.));
#1983 = SEAM_CURVE('',#1984,(#1988,#1995),.PCURVE_S1.);
#1984 = LINE('',#1985,#1986);
#1985 = CARTESIAN_POINT('',(-102.5,-8.,22.));
#1986 = VECTOR('',#1987,1.);
#1987 = DIRECTION('',(0.,-1.,1.110223024625E-16));
#1988 = PCURVE('',#909,#1989);
#1989 = DEFINITIONAL_REPRESENTATION('',(#1990),#1994);
#1990 = LINE('',#1991,#1992);
#1991 = CARTESIAN_POINT('',(6.28318530718,0.));
#1992 = VECTOR('',#1993,1.);
#1993 = DIRECTION('',(0.,1.));
#1994 = ( GEOMETRIC_REPRESENTATION_CONTEXT(2) 
PARAMETRIC_REPRESENTATION_CONTEXT() REPRESENTATION_CONTEXT('2D SPACE',''
  ) );
#1995 = PCURVE('',#909,#1996);
#1996 = DEFINITIONAL_REPRESENTATION('',(#1997),#2001);
#1997 = LINE('',#1998,#1999);
#1998 = CARTESIAN_POINT('',(0.,0.));
#1999 = VECTOR('',#2000,1.);
#2000 = DIRECTION('',(0.,1.));
#2001 = ( GEOMETRIC_REPRESENTATION_CONTEXT(2) 
PARAMETRIC_REPRESENTATION_CONTEXT() REPRESENTATION_CONTEXT('2D SPACE',''
  ) );
#2002 = ORIENTED_EDGE('',*,*,#2003,.F.);
#2003 = EDGE_CURVE('',#1981,#1981,#2004,.T.);
#2004 = SURFACE_CURVE('',#2005,(#2010,#2017),.PCURVE_S1.);
#2005 = CIRCLE('',#2006,2.);
#2006 = AXIS2_PLACEMENT_3D('',#2007,#2008,#2009);
#2007 = CARTESIAN_POINT('',(-104.5,-11.6,22.));
#2008 = DIRECTION('',(0.,-1.,1.110223024625E-16));
#2009 = DIRECTION('',(1.,0.,0.));
#2010 = PCURVE('',#909,#2011);
#2011 = DEFINITIONAL_REPRESENTATION('',(#2012),#2016);
#2012 = LINE('',#2013,#2014);
#2013 = CARTESIAN_POINT('',(0.,3.6));
#2014 = VECTOR('',#2015,1.);
#2015 = DIRECTION('',(1.,0.));
#2016 = ( GEOMETRIC_REPRESENTATION_CONTEXT(2) 
PARAMETRIC_REPRESENTATION_CONTEXT() REPRESENTATION_CONTEXT('2D SPACE',''
  ) );
#2017 = PCURVE('',#2018,#2023);
#2018 = PLANE('',#2019);
#2019 = AXIS2_PLACEMENT_3D('',#2020,#2021,#2022);
#2020 = CARTESIAN_POINT('',(-104.5,-11.6,22.));
#2021 = DIRECTION('',(0.,-1.,1.110223024625E-16));
#2022 = DIRECTION('',(1.,0.,0.));
#2023 = DEFINITIONAL_REPRESENTATION('',(#2024),#2028);
#2024 = CIRCLE('',#2025,2.);
#2025 = AXIS2_PLACEMENT_2D('',#2026,#2027);
#2026 = CARTESIAN_POINT('',(0.,0.));
#2027 = DIRECTION('',(1.,0.));
#2028 = ( GEOMETRIC_REPRESENTATION_CONTEXT(2) 
PARAMETRIC_REPRESENTATION_CONTEXT() REPRESENTATION_CONTEXT('2D SPACE',''
  ) );
#2029 = ORIENTED_EDGE('',*,*,#1980,.F.);
#2030 = ORIENTED_EDGE('',*,*,#921,.T.);
#2031 = ORIENTED_EDGE('',*,*,#1872,.T.);
#2032 = ORIENTED_EDGE('',*,*,#888,.T.);
#2033 = ADVANCED_FACE('',(#2034,#2040,#2043,#2046,#2049),#1126,.F.);
#2034 = FACE_BOUND('',#2035,.F.);
#2035 = EDGE_LOOP('',(#2036,#2037,#2038,#2039));
#2036 = ORIENTED_EDGE('',*,*,#1110,.F.);
#2037 = ORIENTED_EDGE('',*,*,#1166,.T.);
#2038 = ORIENTED_EDGE('',*,*,#1263,.T.);
#2039 = ORIENTED_EDGE('',*,*,#1405,.F.);
#2040 = FACE_BOUND('',#2041,.F.);
#2041 = EDGE_LOOP('',(#2042));
#2042 = ORIENTED_EDGE('',*,*,#1695,.F.);
#2043 = FACE_BOUND('',#2044,.F.);
#2044 = EDGE_LOOP('',(#2045));
#2045 = ORIENTED_EDGE('',*,*,#1745,.F.);
#2046 = FACE_BOUND('',#2047,.F.);
#2047 = EDGE_LOOP('',(#2048));
#2048 = ORIENTED_EDGE('',*,*,#1795,.F.);
#2049 = FACE_BOUND('',#2050,.F.);
#2050 = EDGE_LOOP('',(#2051));
#2051 = ORIENTED_EDGE('',*,*,#1845,.F.);
#2052 = ADVANCED_FACE('',(#2053),#1075,.F.);
#2053 = FACE_BOUND('',#2054,.F.);
#2054 = EDGE_LOOP('',(#2055,#2056,#2057,#2058,#2059,#2060));
#2055 = ORIENTED_EDGE('',*,*,#1059,.F.);
#2056 = ORIENTED_EDGE('',*,*,#1383,.F.);
#2057 = ORIENTED_EDGE('',*,*,#1581,.T.);
#2058 = ORIENTED_EDGE('',*,*,#1428,.T.);
#2059 = ORIENTED_EDGE('',*,*,#1334,.T.);
#2060 = ORIENTED_EDGE('',*,*,#1233,.F.);
#2061 = ADVANCED_FACE('',(#2062),#1544,.F.);
#2062 = FACE_BOUND('',#2063,.F.);
#2063 = EDGE_LOOP('',(#2064,#2088,#2110));
#2064 = ORIENTED_EDGE('',*,*,#2065,.T.);
#2065 = EDGE_CURVE('',#1529,#2066,#2068,.T.);
#2066 = VERTEX_POINT('',#2067);
#2067 = CARTESIAN_POINT('',(106.5,-8.,22.));
#2068 = SURFACE_CURVE('',#2069,(#2074,#2081),.PCURVE_S1.);
#2069 = CIRCLE('',#2070,2.);
#2070 = AXIS2_PLACEMENT_3D('',#2071,#2072,#2073);
#2071 = CARTESIAN_POINT('',(104.5,-8.,22.));
#2072 = DIRECTION('',(0.,-1.,1.110223024625E-16));
#2073 = DIRECTION('',(1.,0.,0.));
#2074 = PCURVE('',#1544,#2075);
#2075 = DEFINITIONAL_REPRESENTATION('',(#2076),#2080);
#2076 = CIRCLE('',#2077,2.);
#2077 = AXIS2_PLACEMENT_2D('',#2078,#2079);
#2078 = CARTESIAN_POINT('',(0.,0.));
#2079 = DIRECTION('',(1.,0.));
#2080 = ( GEOMETRIC_REPRESENTATION_CONTEXT(2) 
PARAMETRIC_REPRESENTATION_CONTEXT() REPRESENTATION_CONTEXT('2D SPACE',''
  ) );
#2081 = PCURVE('',#1656,#2082);
#2082 = DEFINITIONAL_REPRESENTATION('',(#2083),#2087);
#2083 = LINE('',#2084,#2085);
#2084 = CARTESIAN_POINT('',(0.,0.));
#2085 = VECTOR('',#2086,1.);
#2086 = DIRECTION('',(1.,0.));
#2087 = ( GEOMETRIC_REPRESENTATION_CONTEXT(2) 
PARAMETRIC_REPRESENTATION_CONTEXT() REPRESENTATION_CONTEXT('2D SPACE',''
  ) );
#2088 = ORIENTED_EDGE('',*,*,#2089,.T.);
#2089 = EDGE_CURVE('',#2066,#1506,#2090,.T.);
#2090 = SURFACE_CURVE('',#2091,(#2096,#2103),.PCURVE_S1.);
#2091 = CIRCLE('',#2092,2.);
#2092 = AXIS2_PLACEMENT_3D('',#2093,#2094,#2095);
#2093 = CARTESIAN_POINT('',(104.5,-8.,22.));
#2094 = DIRECTION('',(0.,-1.,1.110223024625E-16));
#2095 = DIRECTION('',(1.,0.,0.));
#2096 = PCURVE('',#1544,#2097);
#2097 = DEFINITIONAL_REPRESENTATION('',(#2098),#2102);
#2098 = CIRCLE('',#2099,2.);
#2099 = AXIS2_PLACEMENT_2D('',#2100,#2101);
#2100 = CARTESIAN_POINT('',(0.,0.));
#2101 = DIRECTION('',(1.,0.));
#2102 = ( GEOMETRIC_REPRESENTATION_CONTEXT(2) 
PARAMETRIC_REPRESENTATION_CONTEXT() REPRESENTATION_CONTEXT('2D SPACE',''
  ) );
#2103 = PCURVE('',#1656,#2104);
#2104 = DEFINITIONAL_REPRESENTATION('',(#2105),#2109);
#2105 = LINE('',#2106,#2107);
#2106 = CARTESIAN_POINT('',(0.,0.));
#2107 = VECTOR('',#2108,1.);
#2108 = DIRECTION('',(1.,0.));
#2109 = ( GEOMETRIC_REPRESENTATION_CONTEXT(2) 
PARAMETRIC_REPRESENTATION_CONTEXT() REPRESENTATION_CONTEXT('2D SPACE',''
  ) );
#2110 = ORIENTED_EDGE('',*,*,#1528,.F.);
#2111 = ADVANCED_FACE('',(#2112),#1493,.F.);
#2112 = FACE_BOUND('',#2113,.F.);
#2113 = EDGE_LOOP('',(#2114,#2138,#2160));
#2114 = ORIENTED_EDGE('',*,*,#2115,.T.);
#2115 = EDGE_CURVE('',#1478,#2116,#2118,.T.);
#2116 = VERTEX_POINT('',#2117);
#2117 = CARTESIAN_POINT('',(106.5,-8.,72.));
#2118 = SURFACE_CURVE('',#2119,(#2124,#2131),.PCURVE_S1.);
#2119 = CIRCLE('',#2120,2.);
#2120 = AXIS2_PLACEMENT_3D('',#2121,#2122,#2123);
#2121 = CARTESIAN_POINT('',(104.5,-8.,72.));
#2122 = DIRECTION('',(0.,-1.,1.110223024625E-16));
#2123 = DIRECTION('',(1.,0.,0.));
#2124 = PCURVE('',#1493,#2125);
#2125 = DEFINITIONAL_REPRESENTATION('',(#2126),#2130);
#2126 = CIRCLE('',#2127,2.);
#2127 = AXIS2_PLACEMENT_2D('',#2128,#2129);
#2128 = CARTESIAN_POINT('',(0.,0.));
#2129 = DIRECTION('',(1.,0.));
#2130 = ( GEOMETRIC_REPRESENTATION_CONTEXT(2) 
PARAMETRIC_REPRESENTATION_CONTEXT() REPRESENTATION_CONTEXT('2D SPACE',''
  ) );
#2131 = PCURVE('',#1624,#2132);
#2132 = DEFINITIONAL_REPRESENTATION('',(#2133),#2137);
#2133 = LINE('',#2134,#2135);
#2134 = CARTESIAN_POINT('',(0.,0.));
#2135 = VECTOR('',#2136,1.);
#2136 = DIRECTION('',(1.,0.));
#2137 = ( GEOMETRIC_REPRESENTATION_CONTEXT(2) 
PARAMETRIC_REPRESENTATION_CONTEXT() REPRESENTATION_CONTEXT('2D SPACE',''
  ) );
#2138 = ORIENTED_EDGE('',*,*,#2139,.T.);
#2139 = EDGE_CURVE('',#2116,#1455,#2140,.T.);
#2140 = SURFACE_CURVE('',#2141,(#2146,#2153),.PCURVE_S1.);
#2141 = CIRCLE('',#2142,2.);
#2142 = AXIS2_PLACEMENT_3D('',#2143,#2144,#2145);
#2143 = CARTESIAN_POINT('',(104.5,-8.,72.));
#2144 = DIRECTION('',(0.,-1.,1.110223024625E-16));
#2145 = DIRECTION('',(1.,0.,0.));
#2146 = PCURVE('',#1493,#2147);
#2147 = DEFINITIONAL_REPRESENTATION('',(#2148),#2152);
#2148 = CIRCLE('',#2149,2.);
#2149 = AXIS2_PLACEMENT_2D('',#2150,#2151);
#2150 = CARTESIAN_POINT('',(0.,0.));
#2151 = DIRECTION('',(1.,0.));
#2152 = ( GEOMETRIC_REPRESENTATION_CONTEXT(2) 
PARAMETRIC_REPRESENTATION_CONTEXT() REPRESENTATION_CONTEXT('2D SPACE',''
  ) );
#2153 = PCURVE('',#1624,#2154);
#2154 = DEFINITIONAL_REPRESENTATION('',(#2155),#2159);
#2155 = LINE('',#2156,#2157);
#2156 = CARTESIAN_POINT('',(0.,0.));
#2157 = VECTOR('',#2158,1.);
#2158 = DIRECTION('',(1.,0.));
#2159 = ( GEOMETRIC_REPRESENTATION_CONTEXT(2) 
PARAMETRIC_REPRESENTATION_CONTEXT() REPRESENTATION_CONTEXT('2D SPACE',''
  ) );
#2160 = ORIENTED_EDGE('',*,*,#1477,.F.);
#2161 = ADVANCED_FACE('',(#2162),#1656,.T.);
#2162 = FACE_BOUND('',#2163,.T.);
#2163 = EDGE_LOOP('',(#2164,#2187,#2214,#2215,#2216,#2217));
#2164 = ORIENTED_EDGE('',*,*,#2165,.T.);
#2165 = EDGE_CURVE('',#2066,#2166,#2168,.T.);
#2166 = VERTEX_POINT('',#2167);
#2167 = CARTESIAN_POINT('',(106.5,-11.6,22.));
#2168 = SEAM_CURVE('',#2169,(#2173,#2180),.PCURVE_S1.);
#2169 = LINE('',#2170,#2171);
#2170 = CARTESIAN_POINT('',(106.5,-8.,22.));
#2171 = VECTOR('',#2172,1.);
#2172 = DIRECTION('',(0.,-1.,1.110223024625E-16));
#2173 = PCURVE('',#1656,#2174);
#2174 = DEFINITIONAL_REPRESENTATION('',(#2175),#2179);
#2175 = LINE('',#2176,#2177);
#2176 = CARTESIAN_POINT('',(6.28318530718,0.));
#2177 = VECTOR('',#2178,1.);
#2178 = DIRECTION('',(0.,1.));
#2179 = ( GEOMETRIC_REPRESENTATION_CONTEXT(2) 
PARAMETRIC_REPRESENTATION_CONTEXT() REPRESENTATION_CONTEXT('2D SPACE',''
  ) );
#2180 = PCURVE('',#1656,#2181);
#2181 = DEFINITIONAL_REPRESENTATION('',(#2182),#2186);
#2182 = LINE('',#2183,#2184);
#2183 = CARTESIAN_POINT('',(0.,0.));
#2184 = VECTOR('',#2185,1.);
#2185 = DIRECTION('',(0.,1.));
#2186 = ( GEOMETRIC_REPRESENTATION_CONTEXT(2) 
PARAMETRIC_REPRESENTATION_CONTEXT() REPRESENTATION_CONTEXT('2D SPACE',''
  ) );
#2187 = ORIENTED_EDGE('',*,*,#2188,.F.);
#2188 = EDGE_CURVE('',#2166,#2166,#2189,.T.);
#2189 = SURFACE_CURVE('',#2190,(#2195,#2202),.PCURVE_S1.);
#2190 = CIRCLE('',#2191,2.);
#2191 = AXIS2_PLACEMENT_3D('',#2192,#2193,#2194);
#2192 = CARTESIAN_POINT('',(104.5,-11.6,22.));
#2193 = DIRECTION('',(0.,-1.,1.110223024625E-16));
#2194 = DIRECTION('',(1.,0.,0.));
#2195 = PCURVE('',#1656,#2196);
#2196 = DEFINITIONAL_REPRESENTATION('',(#2197),#2201);
#2197 = LINE('',#2198,#2199);
#2198 = CARTESIAN_POINT('',(0.,3.6));
#2199 = VECTOR('',#2200,1.);
#2200 = DIRECTION('',(1.,0.));
#2201 = ( GEOMETRIC_REPRESENTATION_CONTEXT(2) 
PARAMETRIC_REPRESENTATION_CONTEXT() REPRESENTATION_CONTEXT('2D SPACE',''
  ) );
#2202 = PCURVE('',#2203,#2208);
#2203 = PLANE('',#2204);
#2204 = AXIS2_PLACEMENT_3D('',#2205,#2206,#2207);
#2205 = CARTESIAN_POINT('',(104.5,-11.6,22.));
#2206 = DIRECTION('',(0.,-1.,1.110223024625E-16));
#2207 = DIRECTION('',(1.,0.,0.));
#2208 = DEFINITIONAL_REPRESENTATION('',(#2209),#2213);
#2209 = CIRCLE('',#2210,2.);
#2210 = AXIS2_PLACEMENT_2D('',#2211,#2212);
#2211 = CARTESIAN_POINT('',(0.,0.));
#2212 = DIRECTION('',(1.,0.));
#2213 = ( GEOMETRIC_REPRESENTATION_CONTEXT(2) 
PARAMETRIC_REPRESENTATION_CONTEXT() REPRESENTATION_CONTEXT('2D SPACE',''
  ) );
#2214 = ORIENTED_EDGE('',*,*,#2165,.F.);
#2215 = ORIENTED_EDGE('',*,*,#2089,.T.);
#2216 = ORIENTED_EDGE('',*,*,#1637,.T.);
#2217 = ORIENTED_EDGE('',*,*,#2065,.T.);
#2218 = ADVANCED_FACE('',(#2219),#1624,.T.);
#2219 = FACE_BOUND('',#2220,.T.);
#2220 = EDGE_LOOP('',(#2221,#2244,#2271,#2272,#2273,#2274));
#2221 = ORIENTED_EDGE('',*,*,#2222,.T.);
#2222 = EDGE_CURVE('',#2116,#2223,#2225,.T.);
#2223 = VERTEX_POINT('',#2224);
#2224 = CARTESIAN_POINT('',(106.5,-11.6,72.));
#2225 = SEAM_CURVE('',#2226,(#2230,#2237),.PCURVE_S1.);
#2226 = LINE('',#2227,#2228);
#2227 = CARTESIAN_POINT('',(106.5,-8.,72.));
#2228 = VECTOR('',#2229,1.);
#2229 = DIRECTION('',(0.,-1.,1.110223024625E-16));
#2230 = PCURVE('',#1624,#2231);
#2231 = DEFINITIONAL_REPRESENTATION('',(#2232),#2236);
#2232 = LINE('',#2233,#2234);
#2233 = CARTESIAN_POINT('',(6.28318530718,0.));
#2234 = VECTOR('',#2235,1.);
#2235 = DIRECTION('',(0.,1.));
#2236 = ( GEOMETRIC_REPRESENTATION_CONTEXT(2) 
PARAMETRIC_REPRESENTATION_CONTEXT() REPRESENTATION_CONTEXT('2D SPACE',''
  ) );
#2237 = PCURVE('',#1624,#2238);
#2238 = DEFINITIONAL_REPRESENTATION('',(#2239),#2243);
#2239 = LINE('',#2240,#2241);
#2240 = CARTESIAN_POINT('',(0.,0.));
#2241 = VECTOR('',#2242,1.);
#2242 = DIRECTION('',(0.,1.));
#2243 = ( GEOMETRIC_REPRESENTATION_CONTEXT(2) 
PARAMETRIC_REPRESENTATION_CONTEXT() REPRESENTATION_CONTEXT('2D SPACE',''
  ) );
#2244 = ORIENTED_EDGE('',*,*,#2245,.F.);
#2245 = EDGE_CURVE('',#2223,#2223,#2246,.T.);
#2246 = SURFACE_CURVE('',#2247,(#2252,#2259),.PCURVE_S1.);
#2247 = CIRCLE('',#2248,2.);
#2248 = AXIS2_PLACEMENT_3D('',#2249,#2250,#2251);
#2249 = CARTESIAN_POINT('',(104.5,-11.6,72.));
#2250 = DIRECTION('',(0.,-1.,1.110223024625E-16));
#2251 = DIRECTION('',(1.,0.,0.));
#2252 = PCURVE('',#1624,#2253);
#2253 = DEFINITIONAL_REPRESENTATION('',(#2254),#2258);
#2254 = LINE('',#2255,#2256);
#2255 = CARTESIAN_POINT('',(0.,3.6));
#2256 = VECTOR('',#2257,1.);
#2257 = DIRECTION('',(1.,0.));
#2258 = ( GEOMETRIC_REPRESENTATION_CONTEXT(2) 
PARAMETRIC_REPRESENTATION_CONTEXT() REPRESENTATION_CONTEXT('2D SPACE',''
  ) );
#2259 = PCURVE('',#2260,#2265);
#2260 = PLANE('',#2261);
#2261 = AXIS2_PLACEMENT_3D('',#2262,#2263,#2264);
#2262 = CARTESIAN_POINT('',(104.5,-11.6,72.));
#2263 = DIRECTION('',(0.,-1.,1.110223024625E-16));
#2264 = DIRECTION('',(1.,0.,0.));
#2265 = DEFINITIONAL_REPRESENTATION('',(#2266),#2270);
#2266 = CIRCLE('',#2267,2.);
#2267 = AXIS2_PLACEMENT_2D('',#2268,#2269);
#2268 = CARTESIAN_POINT('',(0.,0.));
#2269 = DIRECTION('',(1.,0.));
#2270 = ( GEOMETRIC_REPRESENTATION_CONTEXT(2) 
PARAMETRIC_REPRESENTATION_CONTEXT() REPRESENTATION_CONTEXT('2D SPACE',''
  ) );
#2271 = ORIENTED_EDGE('',*,*,#2222,.F.);
#2272 = ORIENTED_EDGE('',*,*,#2139,.T.);
#2273 = ORIENTED_EDGE('',*,*,#1605,.T.);
#2274 = ORIENTED_EDGE('',*,*,#2115,.T.);
#2275 = ADVANCED_FACE('',(#2276,#2307),#1961,.F.);
#2276 = FACE_BOUND('',#2277,.F.);
#2277 = EDGE_LOOP('',(#2278));
#2278 = ORIENTED_EDGE('',*,*,#2279,.T.);
#2279 = EDGE_CURVE('',#2280,#2280,#2282,.T.);
#2280 = VERTEX_POINT('',#2281);
#2281 = CARTESIAN_POINT('',(-101.,-11.6,72.));
#2282 = SURFACE_CURVE('',#2283,(#2288,#2295),.PCURVE_S1.);
#2283 = CIRCLE('',#2284,3.5);
#2284 = AXIS2_PLACEMENT_3D('',#2285,#2286,#2287);
#2285 = CARTESIAN_POINT('',(-104.5,-11.6,72.));
#2286 = DIRECTION('',(0.,-1.,1.110223024625E-16));
#2287 = DIRECTION('',(1.,0.,0.));
#2288 = PCURVE('',#1961,#2289);
#2289 = DEFINITIONAL_REPRESENTATION('',(#2290),#2294);
#2290 = CIRCLE('',#2291,3.5);
#2291 = AXIS2_PLACEMENT_2D('',#2292,#2293);
#2292 = CARTESIAN_POINT('',(0.,0.));
#2293 = DIRECTION('',(1.,0.));
#2294 = ( GEOMETRIC_REPRESENTATION_CONTEXT(2) 
PARAMETRIC_REPRESENTATION_CONTEXT() REPRESENTATION_CONTEXT('2D SPACE',''
  ) );
#2295 = PCURVE('',#2296,#2301);
#2296 = CYLINDRICAL_SURFACE('',#2297,3.5);
#2297 = AXIS2_PLACEMENT_3D('',#2298,#2299,#2300);
#2298 = CARTESIAN_POINT('',(-104.5,-11.6,72.));
#2299 = DIRECTION('',(0.,-1.,1.110223024625E-16));
#2300 = DIRECTION('',(1.,0.,0.));
#2301 = DEFINITIONAL_REPRESENTATION('',(#2302),#2306);
#2302 = LINE('',#2303,#2304);
#2303 = CARTESIAN_POINT('',(0.,0.));
#2304 = VECTOR('',#2305,1.);
#2305 = DIRECTION('',(1.,0.));
#2306 = ( GEOMETRIC_REPRESENTATION_CONTEXT(2) 
PARAMETRIC_REPRESENTATION_CONTEXT() REPRESENTATION_CONTEXT('2D SPACE',''
  ) );
#2307 = FACE_BOUND('',#2308,.F.);
#2308 = EDGE_LOOP('',(#2309));
#2309 = ORIENTED_EDGE('',*,*,#1946,.F.);
#2310 = ADVANCED_FACE('',(#2311,#2342),#2018,.F.);
#2311 = FACE_BOUND('',#2312,.F.);
#2312 = EDGE_LOOP('',(#2313));
#2313 = ORIENTED_EDGE('',*,*,#2314,.T.);
#2314 = EDGE_CURVE('',#2315,#2315,#2317,.T.);
#2315 = VERTEX_POINT('',#2316);
#2316 = CARTESIAN_POINT('',(-101.,-11.6,22.));
#2317 = SURFACE_CURVE('',#2318,(#2323,#2330),.PCURVE_S1.);
#2318 = CIRCLE('',#2319,3.5);
#2319 = AXIS2_PLACEMENT_3D('',#2320,#2321,#2322);
#2320 = CARTESIAN_POINT('',(-104.5,-11.6,22.));
#2321 = DIRECTION('',(0.,-1.,1.110223024625E-16));
#2322 = DIRECTION('',(1.,0.,0.));
#2323 = PCURVE('',#2018,#2324);
#2324 = DEFINITIONAL_REPRESENTATION('',(#2325),#2329);
#2325 = CIRCLE('',#2326,3.5);
#2326 = AXIS2_PLACEMENT_2D('',#2327,#2328);
#2327 = CARTESIAN_POINT('',(0.,0.));
#2328 = DIRECTION('',(1.,0.));
#2329 = ( GEOMETRIC_REPRESENTATION_CONTEXT(2) 
PARAMETRIC_REPRESENTATION_CONTEXT() REPRESENTATION_CONTEXT('2D SPACE',''
  ) );
#2330 = PCURVE('',#2331,#2336);
#2331 = CYLINDRICAL_SURFACE('',#2332,3.5);
#2332 = AXIS2_PLACEMENT_3D('',#2333,#2334,#2335);
#2333 = CARTESIAN_POINT('',(-104.5,-11.6,22.));
#2334 = DIRECTION('',(0.,-1.,1.110223024625E-16));
#2335 = DIRECTION('',(1.,0.,0.));
#2336 = DEFINITIONAL_REPRESENTATION('',(#2337),#2341);
#2337 = LINE('',#2338,#2339);
#2338 = CARTESIAN_POINT('',(0.,0.));
#2339 = VECTOR('',#2340,1.);
#2340 = DIRECTION('',(1.,0.));
#2341 = ( GEOMETRIC_REPRESENTATION_CONTEXT(2) 
PARAMETRIC_REPRESENTATION_CONTEXT() REPRESENTATION_CONTEXT('2D SPACE',''
  ) );
#2342 = FACE_BOUND('',#2343,.F.);
#2343 = EDGE_LOOP('',(#2344));
#2344 = ORIENTED_EDGE('',*,*,#2003,.F.);
#2345 = ADVANCED_FACE('',(#2346,#2377),#2203,.F.);
#2346 = FACE_BOUND('',#2347,.F.);
#2347 = EDGE_LOOP('',(#2348));
#2348 = ORIENTED_EDGE('',*,*,#2349,.T.);
#2349 = EDGE_CURVE('',#2350,#2350,#2352,.T.);
#2350 = VERTEX_POINT('',#2351);
#2351 = CARTESIAN_POINT('',(108.,-11.6,22.));
#2352 = SURFACE_CURVE('',#2353,(#2358,#2365),.PCURVE_S1.);
#2353 = CIRCLE('',#2354,3.5);
#2354 = AXIS2_PLACEMENT_3D('',#2355,#2356,#2357);
#2355 = CARTESIAN_POINT('',(104.5,-11.6,22.));
#2356 = DIRECTION('',(0.,-1.,1.110223024625E-16));
#2357 = DIRECTION('',(1.,0.,0.));
#2358 = PCURVE('',#2203,#2359);
#2359 = DEFINITIONAL_REPRESENTATION('',(#2360),#2364);
#2360 = CIRCLE('',#2361,3.5);
#2361 = AXIS2_PLACEMENT_2D('',#2362,#2363);
#2362 = CARTESIAN_POINT('',(0.,0.));
#2363 = DIRECTION('',(1.,0.));
#2364 = ( GEOMETRIC_REPRESENTATION_CONTEXT(2) 
PARAMETRIC_REPRESENTATION_CONTEXT() REPRESENTATION_CONTEXT('2D SPACE',''
  ) );
#2365 = PCURVE('',#2366,#2371);
#2366 = CYLINDRICAL_SURFACE('',#2367,3.5);
#2367 = AXIS2_PLACEMENT_3D('',#2368,#2369,#2370);
#2368 = CARTESIAN_POINT('',(104.5,-11.6,22.));
#2369 = DIRECTION('',(0.,-1.,1.110223024625E-16));
#2370 = DIRECTION('',(1.,0.,0.));
#2371 = DEFINITIONAL_REPRESENTATION('',(#2372),#2376);
#2372 = LINE('',#2373,#2374);
#2373 = CARTESIAN_POINT('',(0.,0.));
#2374 = VECTOR('',#2375,1.);
#2375 = DIRECTION('',(1.,0.));
#2376 = ( GEOMETRIC_REPRESENTATION_CONTEXT(2) 
PARAMETRIC_REPRESENTATION_CONTEXT() REPRESENTATION_CONTEXT('2D SPACE',''
  ) );
#2377 = FACE_BOUND('',#2378,.F.);
#2378 = EDGE_LOOP('',(#2379));
#2379 = ORIENTED_EDGE('',*,*,#2188,.F.);
#2380 = ADVANCED_FACE('',(#2381,#2412),#2260,.F.);
#2381 = FACE_BOUND('',#2382,.F.);
#2382 = EDGE_LOOP('',(#2383));
#2383 = ORIENTED_EDGE('',*,*,#2384,.T.);
#2384 = EDGE_CURVE('',#2385,#2385,#2387,.T.);
#2385 = VERTEX_POINT('',#2386);
#2386 = CARTESIAN_POINT('',(108.,-11.6,72.));
#2387 = SURFACE_CURVE('',#2388,(#2393,#2400),.PCURVE_S1.);
#2388 = CIRCLE('',#2389,3.5);
#2389 = AXIS2_PLACEMENT_3D('',#2390,#2391,#2392);
#2390 = CARTESIAN_POINT('',(104.5,-11.6,72.));
#2391 = DIRECTION('',(0.,-1.,1.110223024625E-16));
#2392 = DIRECTION('',(1.,0.,0.));
#2393 = PCURVE('',#2260,#2394);
#2394 = DEFINITIONAL_REPRESENTATION('',(#2395),#2399);
#2395 = CIRCLE('',#2396,3.5);
#2396 = AXIS2_PLACEMENT_2D('',#2397,#2398);
#2397 = CARTESIAN_POINT('',(0.,0.));
#2398 = DIRECTION('',(1.,0.));
#2399 = ( GEOMETRIC_REPRESENTATION_CONTEXT(2) 
PARAMETRIC_REPRESENTATION_CONTEXT() REPRESENTATION_CONTEXT('2D SPACE',''
  ) );
#2400 = PCURVE('',#2401,#2406);
#2401 = CYLINDRICAL_SURFACE('',#2402,3.5);
#2402 = AXIS2_PLACEMENT_3D('',#2403,#2404,#2405);
#2403 = CARTESIAN_POINT('',(104.5,-11.6,72.));
#2404 = DIRECTION('',(0.,-1.,1.110223024625E-16));
#2405 = DIRECTION('',(1.,0.,0.));
#2406 = DEFINITIONAL_REPRESENTATION('',(#2407),#2411);
#2407 = LINE('',#2408,#2409);
#2408 = CARTESIAN_POINT('',(0.,0.));
#2409 = VECTOR('',#2410,1.);
#2410 = DIRECTION('',(1.,0.));
#2411 = ( GEOMETRIC_REPRESENTATION_CONTEXT(2) 
PARAMETRIC_REPRESENTATION_CONTEXT() REPRESENTATION_CONTEXT('2D SPACE',''
  ) );
#2412 = FACE_BOUND('',#2413,.F.);
#2413 = EDGE_LOOP('',(#2414));
#2414 = ORIENTED_EDGE('',*,*,#2245,.F.);
#2415 = ADVANCED_FACE('',(#2416),#2296,.T.);
#2416 = FACE_BOUND('',#2417,.T.);
#2417 = EDGE_LOOP('',(#2418,#2447,#2468,#2469));
#2418 = ORIENTED_EDGE('',*,*,#2419,.F.);
#2419 = EDGE_CURVE('',#2420,#2420,#2422,.T.);
#2420 = VERTEX_POINT('',#2421);
#2421 = CARTESIAN_POINT('',(-101.,-13.6,72.));
#2422 = SURFACE_CURVE('',#2423,(#2428,#2435),.PCURVE_S1.);
#2423 = CIRCLE('',#2424,3.5);
#2424 = AXIS2_PLACEMENT_3D('',#2425,#2426,#2427);
#2425 = CARTESIAN_POINT('',(-104.5,-13.6,72.));
#2426 = DIRECTION('',(0.,-1.,1.110223024625E-16));
#2427 = DIRECTION('',(1.,0.,0.));
#2428 = PCURVE('',#2296,#2429);
#2429 = DEFINITIONAL_REPRESENTATION('',(#2430),#2434);
#2430 = LINE('',#2431,#2432);
#2431 = CARTESIAN_POINT('',(0.,2.));
#2432 = VECTOR('',#2433,1.);
#2433 = DIRECTION('',(1.,0.));
#2434 = ( GEOMETRIC_REPRESENTATION_CONTEXT(2) 
PARAMETRIC_REPRESENTATION_CONTEXT() REPRESENTATION_CONTEXT('2D SPACE',''
  ) );
#2435 = PCURVE('',#2436,#2441);
#2436 = PLANE('',#2437);
#2437 = AXIS2_PLACEMENT_3D('',#2438,#2439,#2440);
#2438 = CARTESIAN_POINT('',(-104.5,-13.6,72.));
#2439 = DIRECTION('',(0.,-1.,1.110223024625E-16));
#2440 = DIRECTION('',(1.,0.,0.));
#2441 = DEFINITIONAL_REPRESENTATION('',(#2442),#2446);
#2442 = CIRCLE('',#2443,3.5);
#2443 = AXIS2_PLACEMENT_2D('',#2444,#2445);
#2444 = CARTESIAN_POINT('',(0.,0.));
#2445 = DIRECTION('',(1.,0.));
#2446 = ( GEOMETRIC_REPRESENTATION_CONTEXT(2) 
PARAMETRIC_REPRESENTATION_CONTEXT() REPRESENTATION_CONTEXT('2D SPACE',''
  ) );
#2447 = ORIENTED_EDGE('',*,*,#2448,.F.);
#2448 = EDGE_CURVE('',#2280,#2420,#2449,.T.);
#2449 = SEAM_CURVE('',#2450,(#2454,#2461),.PCURVE_S1.);
#2450 = LINE('',#2451,#2452);
#2451 = CARTESIAN_POINT('',(-101.,-11.6,72.));
#2452 = VECTOR('',#2453,1.);
#2453 = DIRECTION('',(0.,-1.,1.110223024625E-16));
#2454 = PCURVE('',#2296,#2455);
#2455 = DEFINITIONAL_REPRESENTATION('',(#2456),#2460);
#2456 = LINE('',#2457,#2458);
#2457 = CARTESIAN_POINT('',(6.28318530718,0.));
#2458 = VECTOR('',#2459,1.);
#2459 = DIRECTION('',(0.,1.));
#2460 = ( GEOMETRIC_REPRESENTATION_CONTEXT(2) 
PARAMETRIC_REPRESENTATION_CONTEXT() REPRESENTATION_CONTEXT('2D SPACE',''
  ) );
#2461 = PCURVE('',#2296,#2462);
#2462 = DEFINITIONAL_REPRESENTATION('',(#2463),#2467);
#2463 = LINE('',#2464,#2465);
#2464 = CARTESIAN_POINT('',(0.,0.));
#2465 = VECTOR('',#2466,1.);
#2466 = DIRECTION('',(0.,1.));
#2467 = ( GEOMETRIC_REPRESENTATION_CONTEXT(2) 
PARAMETRIC_REPRESENTATION_CONTEXT() REPRESENTATION_CONTEXT('2D SPACE',''
  ) );
#2468 = ORIENTED_EDGE('',*,*,#2279,.T.);
#2469 = ORIENTED_EDGE('',*,*,#2448,.T.);
#2470 = ADVANCED_FACE('',(#2471),#2331,.T.);
#2471 = FACE_BOUND('',#2472,.T.);
#2472 = EDGE_LOOP('',(#2473,#2502,#2523,#2524));
#2473 = ORIENTED_EDGE('',*,*,#2474,.F.);
#2474 = EDGE_CURVE('',#2475,#2475,#2477,.T.);
#2475 = VERTEX_POINT('',#2476);
#2476 = CARTESIAN_POINT('',(-101.,-13.6,22.));
#2477 = SURFACE_CURVE('',#2478,(#2483,#2490),.PCURVE_S1.);
#2478 = CIRCLE('',#2479,3.5);
#2479 = AXIS2_PLACEMENT_3D('',#2480,#2481,#2482);
#2480 = CARTESIAN_POINT('',(-104.5,-13.6,22.));
#2481 = DIRECTION('',(0.,-1.,1.110223024625E-16));
#2482 = DIRECTION('',(1.,0.,0.));
#2483 = PCURVE('',#2331,#2484);
#2484 = DEFINITIONAL_REPRESENTATION('',(#2485),#2489);
#2485 = LINE('',#2486,#2487);
#2486 = CARTESIAN_POINT('',(0.,2.));
#2487 = VECTOR('',#2488,1.);
#2488 = DIRECTION('',(1.,0.));
#2489 = ( GEOMETRIC_REPRESENTATION_CONTEXT(2) 
PARAMETRIC_REPRESENTATION_CONTEXT() REPRESENTATION_CONTEXT('2D SPACE',''
  ) );
#2490 = PCURVE('',#2491,#2496);
#2491 = PLANE('',#2492);
#2492 = AXIS2_PLACEMENT_3D('',#2493,#2494,#2495);
#2493 = CARTESIAN_POINT('',(-104.5,-13.6,22.));
#2494 = DIRECTION('',(0.,-1.,1.110223024625E-16));
#2495 = DIRECTION('',(1.,0.,0.));
#2496 = DEFINITIONAL_REPRESENTATION('',(#2497),#2501);
#2497 = CIRCLE('',#2498,3.5);
#2498 = AXIS2_PLACEMENT_2D('',#2499,#2500);
#2499 = CARTESIAN_POINT('',(0.,0.));
#2500 = DIRECTION('',(1.,0.));
#2501 = ( GEOMETRIC_REPRESENTATION_CONTEXT(2) 
PARAMETRIC_REPRESENTATION_CONTEXT() REPRESENTATION_CONTEXT('2D SPACE',''
  ) );
#2502 = ORIENTED_EDGE('',*,*,#2503,.F.);
#2503 = EDGE_CURVE('',#2315,#2475,#2504,.T.);
#2504 = SEAM_CURVE('',#2505,(#2509,#2516),.PCURVE_S1.);
#2505 = LINE('',#2506,#2507);
#2506 = CARTESIAN_POINT('',(-101.,-11.6,22.));
#2507 = VECTOR('',#2508,1.);
#2508 = DIRECTION('',(0.,-1.,1.110223024625E-16));
#2509 = PCURVE('',#2331,#2510);
#2510 = DEFINITIONAL_REPRESENTATION('',(#2511),#2515);
#2511 = LINE('',#2512,#2513);
#2512 = CARTESIAN_POINT('',(6.28318530718,0.));
#2513 = VECTOR('',#2514,1.);
#2514 = DIRECTION('',(0.,1.));
#2515 = ( GEOMETRIC_REPRESENTATION_CONTEXT(2) 
PARAMETRIC_REPRESENTATION_CONTEXT() REPRESENTATION_CONTEXT('2D SPACE',''
  ) );
#2516 = PCURVE('',#2331,#2517);
#2517 = DEFINITIONAL_REPRESENTATION('',(#2518),#2522);
#2518 = LINE('',#2519,#2520);
#2519 = CARTESIAN_POINT('',(0.,0.));
#2520 = VECTOR('',#2521,1.);
#2521 = DIRECTION('',(0.,1.));
#2522 = ( GEOMETRIC_REPRESENTATION_CONTEXT(2) 
PARAMETRIC_REPRESENTATION_CONTEXT() REPRESENTATION_CONTEXT('2D SPACE',''
  ) );
#2523 = ORIENTED_EDGE('',*,*,#2314,.T.);
#2524 = ORIENTED_EDGE('',*,*,#2503,.T.);
#2525 = ADVANCED_FACE('',(#2526),#2366,.T.);
#2526 = FACE_BOUND('',#2527,.T.);
#2527 = EDGE_LOOP('',(#2528,#2557,#2578,#2579));
#2528 = ORIENTED_EDGE('',*,*,#2529,.F.);
#2529 = EDGE_CURVE('',#2530,#2530,#2532,.T.);
#2530 = VERTEX_POINT('',#2531);
#2531 = CARTESIAN_POINT('',(108.,-13.6,22.));
#2532 = SURFACE_CURVE('',#2533,(#2538,#2545),.PCURVE_S1.);
#2533 = CIRCLE('',#2534,3.5);
#2534 = AXIS2_PLACEMENT_3D('',#2535,#2536,#2537);
#2535 = CARTESIAN_POINT('',(104.5,-13.6,22.));
#2536 = DIRECTION('',(0.,-1.,1.110223024625E-16));
#2537 = DIRECTION('',(1.,0.,0.));
#2538 = PCURVE('',#2366,#2539);
#2539 = DEFINITIONAL_REPRESENTATION('',(#2540),#2544);
#2540 = LINE('',#2541,#2542);
#2541 = CARTESIAN_POINT('',(0.,2.));
#2542 = VECTOR('',#2543,1.);
#2543 = DIRECTION('',(1.,0.));
#2544 = ( GEOMETRIC_REPRESENTATION_CONTEXT(2) 
PARAMETRIC_REPRESENTATION_CONTEXT() REPRESENTATION_CONTEXT('2D SPACE',''
  ) );
#2545 = PCURVE('',#2546,#2551);
#2546 = PLANE('',#2547);
#2547 = AXIS2_PLACEMENT_3D('',#2548,#2549,#2550);
#2548 = CARTESIAN_POINT('',(104.5,-13.6,22.));
#2549 = DIRECTION('',(0.,-1.,1.110223024625E-16));
#2550 = DIRECTION('',(1.,0.,0.));
#2551 = DEFINITIONAL_REPRESENTATION('',(#2552),#2556);
#2552 = CIRCLE('',#2553,3.5);
#2553 = AXIS2_PLACEMENT_2D('',#2554,#2555);
#2554 = CARTESIAN_POINT('',(0.,0.));
#2555 = DIRECTION('',(1.,0.));
#2556 = ( GEOMETRIC_REPRESENTATION_CONTEXT(2) 
PARAMETRIC_REPRESENTATION_CONTEXT() REPRESENTATION_CONTEXT('2D SPACE',''
  ) );
#2557 = ORIENTED_EDGE('',*,*,#2558,.F.);
#2558 = EDGE_CURVE('',#2350,#2530,#2559,.T.);
#2559 = SEAM_CURVE('',#2560,(#2564,#2571),.PCURVE_S1.);
#2560 = LINE('',#2561,#2562);
#2561 = CARTESIAN_POINT('',(108.,-11.6,22.));
#2562 = VECTOR('',#2563,1.);
#2563 = DIRECTION('',(0.,-1.,1.110223024625E-16));
#2564 = PCURVE('',#2366,#2565);
#2565 = DEFINITIONAL_REPRESENTATION('',(#2566),#2570);
#2566 = LINE('',#2567,#2568);
#2567 = CARTESIAN_POINT('',(6.28318530718,0.));
#2568 = VECTOR('',#2569,1.);
#2569 = DIRECTION('',(0.,1.));
#2570 = ( GEOMETRIC_REPRESENTATION_CONTEXT(2) 
PARAMETRIC_REPRESENTATION_CONTEXT() REPRESENTATION_CONTEXT('2D SPACE',''
  ) );
#2571 = PCURVE('',#2366,#2572);
#2572 = DEFINITIONAL_REPRESENTATION('',(#2573),#2577);
#2573 = LINE('',#2574,#2575);
#2574 = CARTESIAN_POINT('',(0.,0.));
#2575 = VECTOR('',#2576,1.);
#2576 = DIRECTION('',(0.,1.));
#2577 = ( GEOMETRIC_REPRESENTATION_CONTEXT(2) 
PARAMETRIC_REPRESENTATION_CONTEXT() REPRESENTATION_CONTEXT('2D SPACE',''
  ) );
#2578 = ORIENTED_EDGE('',*,*,#2349,.T.);
#2579 = ORIENTED_EDGE('',*,*,#2558,.T.);
#2580 = ADVANCED_FACE('',(#2581),#2401,.T.);
#2581 = FACE_BOUND('',#2582,.T.);
#2582 = EDGE_LOOP('',(#2583,#2612,#2633,#2634));
#2583 = ORIENTED_EDGE('',*,*,#2584,.F.);
#2584 = EDGE_CURVE('',#2585,#2585,#2587,.T.);
#2585 = VERTEX_POINT('',#2586);
#2586 = CARTESIAN_POINT('',(108.,-13.6,72.));
#2587 = SURFACE_CURVE('',#2588,(#2593,#2600),.PCURVE_S1.);
#2588 = CIRCLE('',#2589,3.5);
#2589 = AXIS2_PLACEMENT_3D('',#2590,#2591,#2592);
#2590 = CARTESIAN_POINT('',(104.5,-13.6,72.));
#2591 = DIRECTION('',(0.,-1.,1.110223024625E-16));
#2592 = DIRECTION('',(1.,0.,0.));
#2593 = PCURVE('',#2401,#2594);
#2594 = DEFINITIONAL_REPRESENTATION('',(#2595),#2599);
#2595 = LINE('',#2596,#2597);
#2596 = CARTESIAN_POINT('',(0.,2.));
#2597 = VECTOR('',#2598,1.);
#2598 = DIRECTION('',(1.,0.));
#2599 = ( GEOMETRIC_REPRESENTATION_CONTEXT(2) 
PARAMETRIC_REPRESENTATION_CONTEXT() REPRESENTATION_CONTEXT('2D SPACE',''
  ) );
#2600 = PCURVE('',#2601,#2606);
#2601 = PLANE('',#2602);
#2602 = AXIS2_PLACEMENT_3D('',#2603,#2604,#2605);
#2603 = CARTESIAN_POINT('',(104.5,-13.6,72.));
#2604 = DIRECTION('',(0.,-1.,1.110223024625E-16));
#2605 = DIRECTION('',(1.,0.,0.));
#2606 = DEFINITIONAL_REPRESENTATION('',(#2607),#2611);
#2607 = CIRCLE('',#2608,3.5);
#2608 = AXIS2_PLACEMENT_2D('',#2609,#2610);
#2609 = CARTESIAN_POINT('',(0.,0.));
#2610 = DIRECTION('',(1.,0.));
#2611 = ( GEOMETRIC_REPRESENTATION_CONTEXT(2) 
PARAMETRIC_REPRESENTATION_CONTEXT() REPRESENTATION_CONTEXT('2D SPACE',''
  ) );
#2612 = ORIENTED_EDGE('',*,*,#2613,.F.);
#2613 = EDGE_CURVE('',#2385,#2585,#2614,.T.);
#2614 = SEAM_CURVE('',#2615,(#2619,#2626),.PCURVE_S1.);
#2615 = LINE('',#2616,#2617);
#2616 = CARTESIAN_POINT('',(108.,-11.6,72.));
#2617 = VECTOR('',#2618,1.);
#2618 = DIRECTION('',(0.,-1.,1.110223024625E-16));
#2619 = PCURVE('',#2401,#2620);
#2620 = DEFINITIONAL_REPRESENTATION('',(#2621),#2625);
#2621 = LINE('',#2622,#2623);
#2622 = CARTESIAN_POINT('',(6.28318530718,0.));
#2623 = VECTOR('',#2624,1.);
#2624 = DIRECTION('',(0.,1.));
#2625 = ( GEOMETRIC_REPRESENTATION_CONTEXT(2) 
PARAMETRIC_REPRESENTATION_CONTEXT() REPRESENTATION_CONTEXT('2D SPACE',''
  ) );
#2626 = PCURVE('',#2401,#2627);
#2627 = DEFINITIONAL_REPRESENTATION('',(#2628),#2632);
#2628 = LINE('',#2629,#2630);
#2629 = CARTESIAN_POINT('',(0.,0.));
#2630 = VECTOR('',#2631,1.);
#2631 = DIRECTION('',(0.,1.));
#2632 = ( GEOMETRIC_REPRESENTATION_CONTEXT(2) 
PARAMETRIC_REPRESENTATION_CONTEXT() REPRESENTATION_CONTEXT('2D SPACE',''
  ) );
#2633 = ORIENTED_EDGE('',*,*,#2384,.T.);
#2634 = ORIENTED_EDGE('',*,*,#2613,.T.);
#2635 = ADVANCED_FACE('',(#2636),#2436,.T.);
#2636 = FACE_BOUND('',#2637,.T.);
#2637 = EDGE_LOOP('',(#2638));
#2638 = ORIENTED_EDGE('',*,*,#2419,.T.);
#2639 = ADVANCED_FACE('',(#2640),#2491,.T.);
#2640 = FACE_BOUND('',#2641,.T.);
#2641 = EDGE_LOOP('',(#2642));
#2642 = ORIENTED_EDGE('',*,*,#2474,.T.);
#2643 = ADVANCED_FACE('',(#2644),#2546,.T.);
#2644 = FACE_BOUND('',#2645,.T.);
#2645 = EDGE_LOOP('',(#2646));
#2646 = ORIENTED_EDGE('',*,*,#2529,.T.);
#2647 = ADVANCED_FACE('',(#2648),#2601,.T.);
#2648 = FACE_BOUND('',#2649,.T.);
#2649 = EDGE_LOOP('',(#2650));
#2650 = ORIENTED_EDGE('',*,*,#2584,.T.);
#2651 = ( GEOMETRIC_REPRESENTATION_CONTEXT(3) 
GLOBAL_UNCERTAINTY_ASSIGNED_CONTEXT((#2655)) 
GLOBAL_UNIT_ASSIGNED_CONTEXT((#2652,#2653,#2654)) REPRESENTATION_CONTEXT
('Context #1','3D Context with UNIT and UNCERTAINTY') );
#2652 = ( LENGTH_UNIT() NAMED_UNIT(*) SI_UNIT(.MILLI.,.METRE.) );
#2653 = ( NAMED_UNIT(*) PLANE_ANGLE_UNIT() SI_UNIT($,.RADIAN.) );
#2654 = ( NAMED_UNIT(*) SI_UNIT($,.STERADIAN.) SOLID_ANGLE_UNIT() );
#2655 = UNCERTAINTY_MEASURE_WITH_UNIT(LENGTH_MEASURE(2.E-07),#2652,
  'distance_accuracy_value','confusion accuracy');
#2656 = CONTEXT_DEPENDENT_SHAPE_REPRESENTATION(#2657,#2659);
#2657 = ( REPRESENTATION_RELATIONSHIP('','',#44,#10) 
REPRESENTATION_RELATIONSHIP_WITH_TRANSFORMATION(#2658) 
SHAPE_REPRESENTATION_RELATIONSHIP() );
#2658 = ITEM_DEFINED_TRANSFORMATION('','',#11,#15);
#2659 = PRODUCT_DEFINITION_SHAPE('Placement','Placement of an item',
  #2660);
#2660 = NEXT_ASSEMBLY_USAGE_OCCURRENCE('1','saddle','',#5,#39,$);
#2661 = PRODUCT_RELATED_PRODUCT_CATEGORY('part',$,(#41));
#2662 = SHAPE_DEFINITION_REPRESENTATION(#2663,#2669);
#2663 = PRODUCT_DEFINITION_SHAPE('','',#2664);
#2664 = PRODUCT_DEFINITION('design','',#2665,#2668);
#2665 = PRODUCT_DEFINITION_FORMATION('','',#2666);
#2666 = PRODUCT('cradle','cradle','',(#2667));
#2667 = PRODUCT_CONTEXT('',#2,'mechanical');
#2668 = PRODUCT_DEFINITION_CONTEXT('part definition',#2,'design');
#2669 = ADVANCED_BREP_SHAPE_REPRESENTATION('',(#11,#2670),#6084);
#2670 = MANIFOLD_SOLID_BREP('',#2671);
#2671 = CLOSED_SHELL('',(#2672,#2876,#3076,#3186,#3589,#3762,#3811,#4365
    ,#4392,#4483,#4530,#4577,#4632,#4687,#4739,#4907,#4933,#4959,#4986,
    #5012,#5018,#5045,#5051,#5130,#5185,#5264,#5319,#5346,#5351,#5423,
    #5470,#5475,#5542,#5549,#5556,#5591,#5626,#5653,#5708,#5763,#5767,
    #5771,#5778,#5833,#5888,#5923,#5958,#5962,#5966,#6021,#6076,#6080));
#2672 = ADVANCED_FACE('',(#2673),#2687,.F.);
#2673 = FACE_BOUND('',#2674,.F.);
#2674 = EDGE_LOOP('',(#2675,#2710,#2738,#2766,#2794,#2822,#2850));
#2675 = ORIENTED_EDGE('',*,*,#2676,.F.);
#2676 = EDGE_CURVE('',#2677,#2679,#2681,.T.);
#2677 = VERTEX_POINT('',#2678);
#2678 = CARTESIAN_POINT('',(-76.,0.,3.908167581048));
#2679 = VERTEX_POINT('',#2680);
#2680 = CARTESIAN_POINT('',(-76.,32.352380637815,124.64889586718));
#2681 = SURFACE_CURVE('',#2682,(#2686,#2698),.PCURVE_S1.);
#2682 = LINE('',#2683,#2684);
#2683 = CARTESIAN_POINT('',(-76.,0.,3.908167581048));
#2684 = VECTOR('',#2685,1.);
#2685 = DIRECTION('',(0.,0.258819045103,0.965925826289));
#2686 = PCURVE('',#2687,#2692);
#2687 = PLANE('',#2688);
#2688 = AXIS2_PLACEMENT_3D('',#2689,#2690,#2691);
#2689 = CARTESIAN_POINT('',(-76.,0.,3.908167581048));
#2690 = DIRECTION('',(1.,0.,0.));
#2691 = DIRECTION('',(0.,0.258819045103,0.965925826289));
#2692 = DEFINITIONAL_REPRESENTATION('',(#2693),#2697);
#2693 = LINE('',#2694,#2695);
#2694 = CARTESIAN_POINT('',(0.,0.));
#2695 = VECTOR('',#2696,1.);
#2696 = DIRECTION('',(1.,1.225300278295E-17));
#2697 = ( GEOMETRIC_REPRESENTATION_CONTEXT(2) 
PARAMETRIC_REPRESENTATION_CONTEXT() REPRESENTATION_CONTEXT('2D SPACE',''
  ) );
#2698 = PCURVE('',#2699,#2704);
#2699 = PLANE('',#2700);
#2700 = AXIS2_PLACEMENT_3D('',#2701,#2702,#2703);
#2701 = CARTESIAN_POINT('',(-76.,0.,3.908167581048));
#2702 = DIRECTION('',(0.,0.965925826289,-0.258819045103));
#2703 = DIRECTION('',(0.,0.258819045103,0.965925826289));
#2704 = DEFINITIONAL_REPRESENTATION('',(#2705),#2709);
#2705 = LINE('',#2706,#2707);
#2706 = CARTESIAN_POINT('',(0.,0.));
#2707 = VECTOR('',#2708,1.);
#2708 = DIRECTION('',(1.,0.));
#2709 = ( GEOMETRIC_REPRESENTATION_CONTEXT(2) 
PARAMETRIC_REPRESENTATION_CONTEXT() REPRESENTATION_CONTEXT('2D SPACE',''
  ) );
#2710 = ORIENTED_EDGE('',*,*,#2711,.T.);
#2711 = EDGE_CURVE('',#2677,#2712,#2714,.T.);
#2712 = VERTEX_POINT('',#2713);
#2713 = CARTESIAN_POINT('',(-76.,0.,0.));
#2714 = SURFACE_CURVE('',#2715,(#2719,#2726),.PCURVE_S1.);
#2715 = LINE('',#2716,#2717);
#2716 = CARTESIAN_POINT('',(-76.,0.,3.908167581048));
#2717 = VECTOR('',#2718,1.);
#2718 = DIRECTION('',(0.,0.,-1.));
#2719 = PCURVE('',#2687,#2720);
#2720 = DEFINITIONAL_REPRESENTATION('',(#2721),#2725);
#2721 = LINE('',#2722,#2723);
#2722 = CARTESIAN_POINT('',(0.,0.));
#2723 = VECTOR('',#2724,1.);
#2724 = DIRECTION('',(-0.965925826289,-0.258819045103));
#2725 = ( GEOMETRIC_REPRESENTATION_CONTEXT(2) 
PARAMETRIC_REPRESENTATION_CONTEXT() REPRESENTATION_CONTEXT('2D SPACE',''
  ) );
#2726 = PCURVE('',#2727,#2732);
#2727 = PLANE('',#2728);
#2728 = AXIS2_PLACEMENT_3D('',#2729,#2730,#2731);
#2729 = CARTESIAN_POINT('',(0.,0.,3.908167581048));
#2730 = DIRECTION('',(0.,-1.,0.));
#2731 = DIRECTION('',(0.,0.,-1.));
#2732 = DEFINITIONAL_REPRESENTATION('',(#2733),#2737);
#2733 = LINE('',#2734,#2735);
#2734 = CARTESIAN_POINT('',(0.,-76.));
#2735 = VECTOR('',#2736,1.);
#2736 = DIRECTION('',(1.,0.));
#2737 = ( GEOMETRIC_REPRESENTATION_CONTEXT(2) 
PARAMETRIC_REPRESENTATION_CONTEXT() REPRESENTATION_CONTEXT('2D SPACE',''
  ) );
#2738 = ORIENTED_EDGE('',*,*,#2739,.T.);
#2739 = EDGE_CURVE('',#2712,#2740,#2742,.T.);
#2740 = VERTEX_POINT('',#2741);
#2741 = CARTESIAN_POINT('',(-76.,14.585479976965,0.));
#2742 = SURFACE_CURVE('',#2743,(#2747,#2754),.PCURVE_S1.);
#2743 = LINE('',#2744,#2745);
#2744 = CARTESIAN_POINT('',(-76.,0.,0.));
#2745 = VECTOR('',#2746,1.);
#2746 = DIRECTION('',(0.,1.,0.));
#2747 = PCURVE('',#2687,#2748);
#2748 = DEFINITIONAL_REPRESENTATION('',(#2749),#2753);
#2749 = LINE('',#2750,#2751);
#2750 = CARTESIAN_POINT('',(-3.775,-1.011508201427));
#2751 = VECTOR('',#2752,1.);
#2752 = DIRECTION('',(0.258819045103,-0.965925826289));
#2753 = ( GEOMETRIC_REPRESENTATION_CONTEXT(2) 
PARAMETRIC_REPRESENTATION_CONTEXT() REPRESENTATION_CONTEXT('2D SPACE',''
  ) );
#2754 = PCURVE('',#2755,#2760);
#2755 = PLANE('',#2756);
#2756 = AXIS2_PLACEMENT_3D('',#2757,#2758,#2759);
#2757 = CARTESIAN_POINT('',(0.,0.,0.));
#2758 = DIRECTION('',(0.,0.,-1.));
#2759 = DIRECTION('',(0.,1.,0.));
#2760 = DEFINITIONAL_REPRESENTATION('',(#2761),#2765);
#2761 = LINE('',#2762,#2763);
#2762 = CARTESIAN_POINT('',(0.,-76.));
#2763 = VECTOR('',#2764,1.);
#2764 = DIRECTION('',(1.,0.));
#2765 = ( GEOMETRIC_REPRESENTATION_CONTEXT(2) 
PARAMETRIC_REPRESENTATION_CONTEXT() REPRESENTATION_CONTEXT('2D SPACE',''
  ) );
#2766 = ORIENTED_EDGE('',*,*,#2767,.F.);
#2767 = EDGE_CURVE('',#2768,#2740,#2770,.T.);
#2768 = VERTEX_POINT('',#2769);
#2769 = CARTESIAN_POINT('',(-76.,53.408336742343,144.88887394336));
#2770 = SURFACE_CURVE('',#2771,(#2775,#2782),.PCURVE_S1.);
#2771 = LINE('',#2772,#2773);
#2772 = CARTESIAN_POINT('',(-76.,53.408336742343,144.88887394336));
#2773 = VECTOR('',#2774,1.);
#2774 = DIRECTION('',(0.,-0.258819045103,-0.965925826289));
#2775 = PCURVE('',#2687,#2776);
#2776 = DEFINITIONAL_REPRESENTATION('',(#2777),#2781);
#2777 = LINE('',#2778,#2779);
#2778 = CARTESIAN_POINT('',(150.,-15.1));
#2779 = VECTOR('',#2780,1.);
#2780 = DIRECTION('',(-1.,-1.225300278295E-17));
#2781 = ( GEOMETRIC_REPRESENTATION_CONTEXT(2) 
PARAMETRIC_REPRESENTATION_CONTEXT() REPRESENTATION_CONTEXT('2D SPACE',''
  ) );
#2782 = PCURVE('',#2783,#2788);
#2783 = PLANE('',#2784);
#2784 = AXIS2_PLACEMENT_3D('',#2785,#2786,#2787);
#2785 = CARTESIAN_POINT('',(-76.,14.585479976965,0.));
#2786 = DIRECTION('',(0.,0.965925826289,-0.258819045103));
#2787 = DIRECTION('',(0.,0.258819045103,0.965925826289));
#2788 = DEFINITIONAL_REPRESENTATION('',(#2789),#2793);
#2789 = LINE('',#2790,#2791);
#2790 = CARTESIAN_POINT('',(150.,0.));
#2791 = VECTOR('',#2792,1.);
#2792 = DIRECTION('',(-1.,0.));
#2793 = ( GEOMETRIC_REPRESENTATION_CONTEXT(2) 
PARAMETRIC_REPRESENTATION_CONTEXT() REPRESENTATION_CONTEXT('2D SPACE',''
  ) );
#2794 = ORIENTED_EDGE('',*,*,#2795,.F.);
#2795 = EDGE_CURVE('',#2796,#2768,#2798,.T.);
#2796 = VERTEX_POINT('',#2797);
#2797 = CARTESIAN_POINT('',(-76.,48.578707610898,146.18296916887));
#2798 = SURFACE_CURVE('',#2799,(#2803,#2810),.PCURVE_S1.);
#2799 = LINE('',#2800,#2801);
#2800 = CARTESIAN_POINT('',(-76.,48.578707610898,146.18296916887));
#2801 = VECTOR('',#2802,1.);
#2802 = DIRECTION('',(0.,0.965925826289,-0.258819045103));
#2803 = PCURVE('',#2687,#2804);
#2804 = DEFINITIONAL_REPRESENTATION('',(#2805),#2809);
#2805 = LINE('',#2806,#2807);
#2806 = CARTESIAN_POINT('',(150.,-10.1));
#2807 = VECTOR('',#2808,1.);
#2808 = DIRECTION('',(-1.225300278295E-17,-1.));
#2809 = ( GEOMETRIC_REPRESENTATION_CONTEXT(2) 
PARAMETRIC_REPRESENTATION_CONTEXT() REPRESENTATION_CONTEXT('2D SPACE',''
  ) );
#2810 = PCURVE('',#2811,#2816);
#2811 = PLANE('',#2812);
#2812 = AXIS2_PLACEMENT_3D('',#2813,#2814,#2815);
#2813 = CARTESIAN_POINT('',(-76.,48.578707610898,146.18296916887));
#2814 = DIRECTION('',(0.,0.258819045103,0.965925826289));
#2815 = DIRECTION('',(1.,0.,0.));
#2816 = DEFINITIONAL_REPRESENTATION('',(#2817),#2821);
#2817 = LINE('',#2818,#2819);
#2818 = CARTESIAN_POINT('',(0.,0.));
#2819 = VECTOR('',#2820,1.);
#2820 = DIRECTION('',(0.,1.));
#2821 = ( GEOMETRIC_REPRESENTATION_CONTEXT(2) 
PARAMETRIC_REPRESENTATION_CONTEXT() REPRESENTATION_CONTEXT('2D SPACE',''
  ) );
#2822 = ORIENTED_EDGE('',*,*,#2823,.F.);
#2823 = EDGE_CURVE('',#2824,#2796,#2826,.T.);
#2824 = VERTEX_POINT('',#2825);
#2825 = CARTESIAN_POINT('',(-76.,42.108231483335,122.03482351164));
#2826 = SURFACE_CURVE('',#2827,(#2831,#2838),.PCURVE_S1.);
#2827 = LINE('',#2828,#2829);
#2828 = CARTESIAN_POINT('',(-76.,9.75585084552,1.294095225513));
#2829 = VECTOR('',#2830,1.);
#2830 = DIRECTION('',(0.,0.258819045103,0.965925826289));
#2831 = PCURVE('',#2687,#2832);
#2832 = DEFINITIONAL_REPRESENTATION('',(#2833),#2837);
#2833 = LINE('',#2834,#2835);
#2834 = CARTESIAN_POINT('',(-3.7633106621E-16,-10.1));
#2835 = VECTOR('',#2836,1.);
#2836 = DIRECTION('',(1.,1.225300278295E-17));
#2837 = ( GEOMETRIC_REPRESENTATION_CONTEXT(2) 
PARAMETRIC_REPRESENTATION_CONTEXT() REPRESENTATION_CONTEXT('2D SPACE',''
  ) );
#2838 = PCURVE('',#2839,#2844);
#2839 = PLANE('',#2840);
#2840 = AXIS2_PLACEMENT_3D('',#2841,#2842,#2843);
#2841 = CARTESIAN_POINT('',(-76.,9.75585084552,1.294095225513));
#2842 = DIRECTION('',(0.,0.965925826289,-0.258819045103));
#2843 = DIRECTION('',(0.,0.258819045103,0.965925826289));
#2844 = DEFINITIONAL_REPRESENTATION('',(#2845),#2849);
#2845 = LINE('',#2846,#2847);
#2846 = CARTESIAN_POINT('',(0.,0.));
#2847 = VECTOR('',#2848,1.);
#2848 = DIRECTION('',(1.,0.));
#2849 = ( GEOMETRIC_REPRESENTATION_CONTEXT(2) 
PARAMETRIC_REPRESENTATION_CONTEXT() REPRESENTATION_CONTEXT('2D SPACE',''
  ) );
#2850 = ORIENTED_EDGE('',*,*,#2851,.F.);
#2851 = EDGE_CURVE('',#2679,#2824,#2852,.T.);
#2852 = SURFACE_CURVE('',#2853,(#2857,#2864),.PCURVE_S1.);
#2853 = LINE('',#2854,#2855);
#2854 = CARTESIAN_POINT('',(-76.,32.352380637815,124.64889586718));
#2855 = VECTOR('',#2856,1.);
#2856 = DIRECTION('',(0.,0.965925826289,-0.258819045103));
#2857 = PCURVE('',#2687,#2858);
#2858 = DEFINITIONAL_REPRESENTATION('',(#2859),#2863);
#2859 = LINE('',#2860,#2861);
#2860 = CARTESIAN_POINT('',(125.,-1.275363666538E-16));
#2861 = VECTOR('',#2862,1.);
#2862 = DIRECTION('',(-1.225300278295E-17,-1.));
#2863 = ( GEOMETRIC_REPRESENTATION_CONTEXT(2) 
PARAMETRIC_REPRESENTATION_CONTEXT() REPRESENTATION_CONTEXT('2D SPACE',''
  ) );
#2864 = PCURVE('',#2865,#2870);
#2865 = PLANE('',#2866);
#2866 = AXIS2_PLACEMENT_3D('',#2867,#2868,#2869);
#2867 = CARTESIAN_POINT('',(-76.,32.352380637815,124.64889586718));
#2868 = DIRECTION('',(0.,0.258819045103,0.965925826289));
#2869 = DIRECTION('',(1.,0.,0.));
#2870 = DEFINITIONAL_REPRESENTATION('',(#2871),#2875);
#2871 = LINE('',#2872,#2873);
#2872 = CARTESIAN_POINT('',(0.,0.));
#2873 = VECTOR('',#2874,1.);
#2874 = DIRECTION('',(0.,1.));
#2875 = ( GEOMETRIC_REPRESENTATION_CONTEXT(2) 
PARAMETRIC_REPRESENTATION_CONTEXT() REPRESENTATION_CONTEXT('2D SPACE',''
  ) );
#2876 = ADVANCED_FACE('',(#2877,#3006,#3041),#2699,.F.);
#2877 = FACE_BOUND('',#2878,.F.);
#2878 = EDGE_LOOP('',(#2879,#2902,#2903,#2926,#2954,#2982));
#2879 = ORIENTED_EDGE('',*,*,#2880,.F.);
#2880 = EDGE_CURVE('',#2677,#2881,#2883,.T.);
#2881 = VERTEX_POINT('',#2882);
#2882 = CARTESIAN_POINT('',(-17.,0.,3.908167581048));
#2883 = SURFACE_CURVE('',#2884,(#2888,#2895),.PCURVE_S1.);
#2884 = LINE('',#2885,#2886);
#2885 = CARTESIAN_POINT('',(-76.,0.,3.908167581048));
#2886 = VECTOR('',#2887,1.);
#2887 = DIRECTION('',(1.,0.,0.));
#2888 = PCURVE('',#2699,#2889);
#2889 = DEFINITIONAL_REPRESENTATION('',(#2890),#2894);
#2890 = LINE('',#2891,#2892);
#2891 = CARTESIAN_POINT('',(0.,0.));
#2892 = VECTOR('',#2893,1.);
#2893 = DIRECTION('',(0.,1.));
#2894 = ( GEOMETRIC_REPRESENTATION_CONTEXT(2) 
PARAMETRIC_REPRESENTATION_CONTEXT() REPRESENTATION_CONTEXT('2D SPACE',''
  ) );
#2895 = PCURVE('',#2727,#2896);
#2896 = DEFINITIONAL_REPRESENTATION('',(#2897),#2901);
#2897 = LINE('',#2898,#2899);
#2898 = CARTESIAN_POINT('',(0.,-76.));
#2899 = VECTOR('',#2900,1.);
#2900 = DIRECTION('',(0.,1.));
#2901 = ( GEOMETRIC_REPRESENTATION_CONTEXT(2) 
PARAMETRIC_REPRESENTATION_CONTEXT() REPRESENTATION_CONTEXT('2D SPACE',''
  ) );
#2902 = ORIENTED_EDGE('',*,*,#2676,.T.);
#2903 = ORIENTED_EDGE('',*,*,#2904,.T.);
#2904 = EDGE_CURVE('',#2679,#2905,#2907,.T.);
#2905 = VERTEX_POINT('',#2906);
#2906 = CARTESIAN_POINT('',(-68.,32.352380637815,124.64889586718));
#2907 = SURFACE_CURVE('',#2908,(#2912,#2919),.PCURVE_S1.);
#2908 = LINE('',#2909,#2910);
#2909 = CARTESIAN_POINT('',(-76.,32.352380637815,124.64889586718));
#2910 = VECTOR('',#2911,1.);
#2911 = DIRECTION('',(1.,0.,0.));
#2912 = PCURVE('',#2699,#2913);
#2913 = DEFINITIONAL_REPRESENTATION('',(#2914),#2918);
#2914 = LINE('',#2915,#2916);
#2915 = CARTESIAN_POINT('',(125.,0.));
#2916 = VECTOR('',#2917,1.);
#2917 = DIRECTION('',(0.,1.));
#2918 = ( GEOMETRIC_REPRESENTATION_CONTEXT(2) 
PARAMETRIC_REPRESENTATION_CONTEXT() REPRESENTATION_CONTEXT('2D SPACE',''
  ) );
#2919 = PCURVE('',#2865,#2920);
#2920 = DEFINITIONAL_REPRESENTATION('',(#2921),#2925);
#2921 = LINE('',#2922,#2923);
#2922 = CARTESIAN_POINT('',(0.,0.));
#2923 = VECTOR('',#2924,1.);
#2924 = DIRECTION('',(1.,0.));
#2925 = ( GEOMETRIC_REPRESENTATION_CONTEXT(2) 
PARAMETRIC_REPRESENTATION_CONTEXT() REPRESENTATION_CONTEXT('2D SPACE',''
  ) );
#2926 = ORIENTED_EDGE('',*,*,#2927,.F.);
#2927 = EDGE_CURVE('',#2928,#2905,#2930,.T.);
#2928 = VERTEX_POINT('',#2929);
#2929 = CARTESIAN_POINT('',(-68.,3.364647586333,16.465203322806));
#2930 = SURFACE_CURVE('',#2931,(#2935,#2942),.PCURVE_S1.);
#2931 = LINE('',#2932,#2933);
#2932 = CARTESIAN_POINT('',(-68.,0.,3.908167581048));
#2933 = VECTOR('',#2934,1.);
#2934 = DIRECTION('',(0.,0.258819045103,0.965925826289));
#2935 = PCURVE('',#2699,#2936);
#2936 = DEFINITIONAL_REPRESENTATION('',(#2937),#2941);
#2937 = LINE('',#2938,#2939);
#2938 = CARTESIAN_POINT('',(0.,8.));
#2939 = VECTOR('',#2940,1.);
#2940 = DIRECTION('',(1.,0.));
#2941 = ( GEOMETRIC_REPRESENTATION_CONTEXT(2) 
PARAMETRIC_REPRESENTATION_CONTEXT() REPRESENTATION_CONTEXT('2D SPACE',''
  ) );
#2942 = PCURVE('',#2943,#2948);
#2943 = PLANE('',#2944);
#2944 = AXIS2_PLACEMENT_3D('',#2945,#2946,#2947);
#2945 = CARTESIAN_POINT('',(-68.,0.,3.908167581048));
#2946 = DIRECTION('',(1.,0.,0.));
#2947 = DIRECTION('',(0.,0.258819045103,0.965925826289));
#2948 = DEFINITIONAL_REPRESENTATION('',(#2949),#2953);
#2949 = LINE('',#2950,#2951);
#2950 = CARTESIAN_POINT('',(0.,0.));
#2951 = VECTOR('',#2952,1.);
#2952 = DIRECTION('',(1.,0.));
#2953 = ( GEOMETRIC_REPRESENTATION_CONTEXT(2) 
PARAMETRIC_REPRESENTATION_CONTEXT() REPRESENTATION_CONTEXT('2D SPACE',''
  ) );
#2954 = ORIENTED_EDGE('',*,*,#2955,.T.);
#2955 = EDGE_CURVE('',#2928,#2956,#2958,.T.);
#2956 = VERTEX_POINT('',#2957);
#2957 = CARTESIAN_POINT('',(-17.,3.364647586333,16.465203322806));
#2958 = SURFACE_CURVE('',#2959,(#2963,#2970),.PCURVE_S1.);
#2959 = LINE('',#2960,#2961);
#2960 = CARTESIAN_POINT('',(-76.,3.364647586333,16.465203322806));
#2961 = VECTOR('',#2962,1.);
#2962 = DIRECTION('',(1.,0.,0.));
#2963 = PCURVE('',#2699,#2964);
#2964 = DEFINITIONAL_REPRESENTATION('',(#2965),#2969);
#2965 = LINE('',#2966,#2967);
#2966 = CARTESIAN_POINT('',(13.,0.));
#2967 = VECTOR('',#2968,1.);
#2968 = DIRECTION('',(0.,1.));
#2969 = ( GEOMETRIC_REPRESENTATION_CONTEXT(2) 
PARAMETRIC_REPRESENTATION_CONTEXT() REPRESENTATION_CONTEXT('2D SPACE',''
  ) );
#2970 = PCURVE('',#2971,#2976);
#2971 = PLANE('',#2972);
#2972 = AXIS2_PLACEMENT_3D('',#2973,#2974,#2975);
#2973 = CARTESIAN_POINT('',(-76.,3.364647586333,16.465203322806));
#2974 = DIRECTION('',(0.,0.258819045103,0.965925826289));
#2975 = DIRECTION('',(1.,0.,0.));
#2976 = DEFINITIONAL_REPRESENTATION('',(#2977),#2981);
#2977 = LINE('',#2978,#2979);
#2978 = CARTESIAN_POINT('',(0.,0.));
#2979 = VECTOR('',#2980,1.);
#2980 = DIRECTION('',(1.,0.));
#2981 = ( GEOMETRIC_REPRESENTATION_CONTEXT(2) 
PARAMETRIC_REPRESENTATION_CONTEXT() REPRESENTATION_CONTEXT('2D SPACE',''
  ) );
#2982 = ORIENTED_EDGE('',*,*,#2983,.T.);
#2983 = EDGE_CURVE('',#2956,#2881,#2984,.T.);
#2984 = SURFACE_CURVE('',#2985,(#2989,#2995),.PCURVE_S1.);
#2985 = LINE('',#2986,#2987);
#2986 = CARTESIAN_POINT('',(-17.,-0.129409522551,3.425204667904));
#2987 = VECTOR('',#2988,1.);
#2988 = DIRECTION('',(0.,-0.258819045103,-0.965925826289));
#2989 = PCURVE('',#2699,#2990);
#2990 = DEFINITIONAL_REPRESENTATION('',(#2991),#2994);
#2991 = B_SPLINE_CURVE_WITH_KNOTS('',1,(#2992,#2993),.UNSPECIFIED.,.F.,
  .F.,(2,2),(-14.5,-0.5),.PIECEWISE_BEZIER_KNOTS.);
#2992 = CARTESIAN_POINT('',(14.,59.));
#2993 = CARTESIAN_POINT('',(0.,59.));
#2994 = ( GEOMETRIC_REPRESENTATION_CONTEXT(2) 
PARAMETRIC_REPRESENTATION_CONTEXT() REPRESENTATION_CONTEXT('2D SPACE',''
  ) );
#2995 = PCURVE('',#2996,#3001);
#2996 = PLANE('',#2997);
#2997 = AXIS2_PLACEMENT_3D('',#2998,#2999,#3000);
#2998 = CARTESIAN_POINT('',(-17.,-1.224744871392,3.201060799862));
#2999 = DIRECTION('',(1.,0.,0.));
#3000 = DIRECTION('',(0.,0.258819045103,0.965925826289));
#3001 = DEFINITIONAL_REPRESENTATION('',(#3002),#3005);
#3002 = B_SPLINE_CURVE_WITH_KNOTS('',1,(#3003,#3004),.UNSPECIFIED.,.F.,
  .F.,(2,2),(-14.5,-0.5),.PIECEWISE_BEZIER_KNOTS.);
#3003 = CARTESIAN_POINT('',(15.,-1.));
#3004 = CARTESIAN_POINT('',(1.,-1.));
#3005 = ( GEOMETRIC_REPRESENTATION_CONTEXT(2) 
PARAMETRIC_REPRESENTATION_CONTEXT() REPRESENTATION_CONTEXT('2D SPACE',''
  ) );
#3006 = FACE_BOUND('',#3007,.F.);
#3007 = EDGE_LOOP('',(#3008));
#3008 = ORIENTED_EDGE('',*,*,#3009,.T.);
#3009 = EDGE_CURVE('',#3010,#3010,#3012,.T.);
#3010 = VERTEX_POINT('',#3011);
#3011 = CARTESIAN_POINT('',(-70.,9.058666578588,37.715571501165));
#3012 = SURFACE_CURVE('',#3013,(#3018,#3029),.PCURVE_S1.);
#3013 = CIRCLE('',#3014,2.);
#3014 = AXIS2_PLACEMENT_3D('',#3015,#3016,#3017);
#3015 = CARTESIAN_POINT('',(-72.,9.058666578588,37.715571501165));
#3016 = DIRECTION('',(0.,-0.965925826289,0.258819045103));
#3017 = DIRECTION('',(1.,0.,0.));
#3018 = PCURVE('',#2699,#3019);
#3019 = DEFINITIONAL_REPRESENTATION('',(#3020),#3028);
#3020 = ( BOUNDED_CURVE() B_SPLINE_CURVE(2,(#3021,#3022,#3023,#3024,
#3025,#3026,#3027),.UNSPECIFIED.,.T.,.F.) B_SPLINE_CURVE_WITH_KNOTS((1,2
    ,2,2,2,1),(-2.094395102393,0.,2.094395102393,4.188790204786,
6.28318530718,8.377580409573),.UNSPECIFIED.) CURVE() 
GEOMETRIC_REPRESENTATION_ITEM() RATIONAL_B_SPLINE_CURVE((1.,0.5,1.,0.5,
1.,0.5,1.)) REPRESENTATION_ITEM('') );
#3021 = CARTESIAN_POINT('',(35.,6.));
#3022 = CARTESIAN_POINT('',(38.464101615138,6.));
#3023 = CARTESIAN_POINT('',(36.732050807569,3.));
#3024 = CARTESIAN_POINT('',(35.,8.881784197001E-16));
#3025 = CARTESIAN_POINT('',(33.267949192431,3.));
#3026 = CARTESIAN_POINT('',(31.535898384862,6.));
#3027 = CARTESIAN_POINT('',(35.,6.));
#3028 = ( GEOMETRIC_REPRESENTATION_CONTEXT(2) 
PARAMETRIC_REPRESENTATION_CONTEXT() REPRESENTATION_CONTEXT('2D SPACE',''
  ) );
#3029 = PCURVE('',#3030,#3035);
#3030 = CYLINDRICAL_SURFACE('',#3031,2.);
#3031 = AXIS2_PLACEMENT_3D('',#3032,#3033,#3034);
#3032 = CARTESIAN_POINT('',(-72.,9.058666578588,37.715571501165));
#3033 = DIRECTION('',(0.,-0.965925826289,0.258819045103));
#3034 = DIRECTION('',(1.,0.,0.));
#3035 = DEFINITIONAL_REPRESENTATION('',(#3036),#3040);
#3036 = LINE('',#3037,#3038);
#3037 = CARTESIAN_POINT('',(0.,0.));
#3038 = VECTOR('',#3039,1.);
#3039 = DIRECTION('',(1.,0.));
#3040 = ( GEOMETRIC_REPRESENTATION_CONTEXT(2) 
PARAMETRIC_REPRESENTATION_CONTEXT() REPRESENTATION_CONTEXT('2D SPACE',''
  ) );
#3041 = FACE_BOUND('',#3042,.F.);
#3042 = EDGE_LOOP('',(#3043));
#3043 = ORIENTED_EDGE('',*,*,#3044,.T.);
#3044 = EDGE_CURVE('',#3045,#3045,#3047,.T.);
#3045 = VERTEX_POINT('',#3046);
#3046 = CARTESIAN_POINT('',(-70.,28.987733051482,112.09186012542));
#3047 = SURFACE_CURVE('',#3048,(#3053,#3064),.PCURVE_S1.);
#3048 = CIRCLE('',#3049,2.);
#3049 = AXIS2_PLACEMENT_3D('',#3050,#3051,#3052);
#3050 = CARTESIAN_POINT('',(-72.,28.987733051482,112.09186012542));
#3051 = DIRECTION('',(0.,-0.965925826289,0.258819045103));
#3052 = DIRECTION('',(1.,0.,0.));
#3053 = PCURVE('',#2699,#3054);
#3054 = DEFINITIONAL_REPRESENTATION('',(#3055),#3063);
#3055 = ( BOUNDED_CURVE() B_SPLINE_CURVE(2,(#3056,#3057,#3058,#3059,
#3060,#3061,#3062),.UNSPECIFIED.,.T.,.F.) B_SPLINE_CURVE_WITH_KNOTS((1,2
    ,2,2,2,1),(-2.094395102393,0.,2.094395102393,4.188790204786,
6.28318530718,8.377580409573),.UNSPECIFIED.) CURVE() 
GEOMETRIC_REPRESENTATION_ITEM() RATIONAL_B_SPLINE_CURVE((1.,0.5,1.,0.5,
1.,0.5,1.)) REPRESENTATION_ITEM('') );
#3056 = CARTESIAN_POINT('',(112.,6.));
#3057 = CARTESIAN_POINT('',(115.46410161513,6.));
#3058 = CARTESIAN_POINT('',(113.73205080756,3.));
#3059 = CARTESIAN_POINT('',(112.,8.881784197001E-16));
#3060 = CARTESIAN_POINT('',(110.26794919243,3.));
#3061 = CARTESIAN_POINT('',(108.53589838486,6.));
#3062 = CARTESIAN_POINT('',(112.,6.));
#3063 = ( GEOMETRIC_REPRESENTATION_CONTEXT(2) 
PARAMETRIC_REPRESENTATION_CONTEXT() REPRESENTATION_CONTEXT('2D SPACE',''
  ) );
#3064 = PCURVE('',#3065,#3070);
#3065 = CYLINDRICAL_SURFACE('',#3066,2.);
#3066 = AXIS2_PLACEMENT_3D('',#3067,#3068,#3069);
#3067 = CARTESIAN_POINT('',(-72.,28.987733051482,112.09186012542));
#3068 = DIRECTION('',(0.,-0.965925826289,0.258819045103));
#3069 = DIRECTION('',(1.,0.,0.));
#3070 = DEFINITIONAL_REPRESENTATION('',(#3071),#3075);
#3071 = LINE('',#3072,#3073);
#3072 = CARTESIAN_POINT('',(0.,0.));
#3073 = VECTOR('',#3074,1.);
#3074 = DIRECTION('',(1.,0.));
#3075 = ( GEOMETRIC_REPRESENTATION_CONTEXT(2) 
PARAMETRIC_REPRESENTATION_CONTEXT() REPRESENTATION_CONTEXT('2D SPACE',''
  ) );
#3076 = ADVANCED_FACE('',(#3077),#2727,.T.);
#3077 = FACE_BOUND('',#3078,.T.);
#3078 = EDGE_LOOP('',(#3079,#3080,#3103,#3131,#3159,#3185));
#3079 = ORIENTED_EDGE('',*,*,#2711,.T.);
#3080 = ORIENTED_EDGE('',*,*,#3081,.F.);
#3081 = EDGE_CURVE('',#3082,#2712,#3084,.T.);
#3082 = VERTEX_POINT('',#3083);
#3083 = CARTESIAN_POINT('',(76.,0.,0.));
#3084 = SURFACE_CURVE('',#3085,(#3089,#3096),.PCURVE_S1.);
#3085 = LINE('',#3086,#3087);
#3086 = CARTESIAN_POINT('',(76.,0.,0.));
#3087 = VECTOR('',#3088,1.);
#3088 = DIRECTION('',(-1.,0.,0.));
#3089 = PCURVE('',#2727,#3090);
#3090 = DEFINITIONAL_REPRESENTATION('',(#3091),#3095);
#3091 = LINE('',#3092,#3093);
#3092 = CARTESIAN_POINT('',(3.908167581048,76.));
#3093 = VECTOR('',#3094,1.);
#3094 = DIRECTION('',(0.,-1.));
#3095 = ( GEOMETRIC_REPRESENTATION_CONTEXT(2) 
PARAMETRIC_REPRESENTATION_CONTEXT() REPRESENTATION_CONTEXT('2D SPACE',''
  ) );
#3096 = PCURVE('',#2755,#3097);
#3097 = DEFINITIONAL_REPRESENTATION('',(#3098),#3102);
#3098 = LINE('',#3099,#3100);
#3099 = CARTESIAN_POINT('',(0.,76.));
#3100 = VECTOR('',#3101,1.);
#3101 = DIRECTION('',(0.,-1.));
#3102 = ( GEOMETRIC_REPRESENTATION_CONTEXT(2) 
PARAMETRIC_REPRESENTATION_CONTEXT() REPRESENTATION_CONTEXT('2D SPACE',''
  ) );
#3103 = ORIENTED_EDGE('',*,*,#3104,.F.);
#3104 = EDGE_CURVE('',#3105,#3082,#3107,.T.);
#3105 = VERTEX_POINT('',#3106);
#3106 = CARTESIAN_POINT('',(76.,0.,3.908167581048));
#3107 = SURFACE_CURVE('',#3108,(#3112,#3119),.PCURVE_S1.);
#3108 = LINE('',#3109,#3110);
#3109 = CARTESIAN_POINT('',(76.,0.,3.908167581048));
#3110 = VECTOR('',#3111,1.);
#3111 = DIRECTION('',(0.,0.,-1.));
#3112 = PCURVE('',#2727,#3113);
#3113 = DEFINITIONAL_REPRESENTATION('',(#3114),#3118);
#3114 = LINE('',#3115,#3116);
#3115 = CARTESIAN_POINT('',(0.,76.));
#3116 = VECTOR('',#3117,1.);
#3117 = DIRECTION('',(1.,0.));
#3118 = ( GEOMETRIC_REPRESENTATION_CONTEXT(2) 
PARAMETRIC_REPRESENTATION_CONTEXT() REPRESENTATION_CONTEXT('2D SPACE',''
  ) );
#3119 = PCURVE('',#3120,#3125);
#3120 = PLANE('',#3121);
#3121 = AXIS2_PLACEMENT_3D('',#3122,#3123,#3124);
#3122 = CARTESIAN_POINT('',(76.,0.,3.908167581048));
#3123 = DIRECTION('',(1.,0.,0.));
#3124 = DIRECTION('',(0.,0.258819045103,0.965925826289));
#3125 = DEFINITIONAL_REPRESENTATION('',(#3126),#3130);
#3126 = LINE('',#3127,#3128);
#3127 = CARTESIAN_POINT('',(0.,0.));
#3128 = VECTOR('',#3129,1.);
#3129 = DIRECTION('',(-0.965925826289,-0.258819045103));
#3130 = ( GEOMETRIC_REPRESENTATION_CONTEXT(2) 
PARAMETRIC_REPRESENTATION_CONTEXT() REPRESENTATION_CONTEXT('2D SPACE',''
  ) );
#3131 = ORIENTED_EDGE('',*,*,#3132,.F.);
#3132 = EDGE_CURVE('',#3133,#3105,#3135,.T.);
#3133 = VERTEX_POINT('',#3134);
#3134 = CARTESIAN_POINT('',(17.,0.,3.908167581048));
#3135 = SURFACE_CURVE('',#3136,(#3140,#3147),.PCURVE_S1.);
#3136 = LINE('',#3137,#3138);
#3137 = CARTESIAN_POINT('',(-76.,0.,3.908167581048));
#3138 = VECTOR('',#3139,1.);
#3139 = DIRECTION('',(1.,0.,0.));
#3140 = PCURVE('',#2727,#3141);
#3141 = DEFINITIONAL_REPRESENTATION('',(#3142),#3146);
#3142 = LINE('',#3143,#3144);
#3143 = CARTESIAN_POINT('',(0.,-76.));
#3144 = VECTOR('',#3145,1.);
#3145 = DIRECTION('',(0.,1.));
#3146 = ( GEOMETRIC_REPRESENTATION_CONTEXT(2) 
PARAMETRIC_REPRESENTATION_CONTEXT() REPRESENTATION_CONTEXT('2D SPACE',''
  ) );
#3147 = PCURVE('',#3148,#3153);
#3148 = PLANE('',#3149);
#3149 = AXIS2_PLACEMENT_3D('',#3150,#3151,#3152);
#3150 = CARTESIAN_POINT('',(-76.,0.,3.908167581048));
#3151 = DIRECTION('',(0.,0.965925826289,-0.258819045103));
#3152 = DIRECTION('',(0.,0.258819045103,0.965925826289));
#3153 = DEFINITIONAL_REPRESENTATION('',(#3154),#3158);
#3154 = LINE('',#3155,#3156);
#3155 = CARTESIAN_POINT('',(0.,0.));
#3156 = VECTOR('',#3157,1.);
#3157 = DIRECTION('',(0.,1.));
#3158 = ( GEOMETRIC_REPRESENTATION_CONTEXT(2) 
PARAMETRIC_REPRESENTATION_CONTEXT() REPRESENTATION_CONTEXT('2D SPACE',''
  ) );
#3159 = ORIENTED_EDGE('',*,*,#3160,.T.);
#3160 = EDGE_CURVE('',#3133,#2881,#3161,.T.);
#3161 = SURFACE_CURVE('',#3162,(#3166,#3173),.PCURVE_S1.);
#3162 = LINE('',#3163,#3164);
#3163 = CARTESIAN_POINT('',(76.,0.,3.908167581048));
#3164 = VECTOR('',#3165,1.);
#3165 = DIRECTION('',(-1.,0.,0.));
#3166 = PCURVE('',#2727,#3167);
#3167 = DEFINITIONAL_REPRESENTATION('',(#3168),#3172);
#3168 = LINE('',#3169,#3170);
#3169 = CARTESIAN_POINT('',(0.,76.));
#3170 = VECTOR('',#3171,1.);
#3171 = DIRECTION('',(0.,-1.));
#3172 = ( GEOMETRIC_REPRESENTATION_CONTEXT(2) 
PARAMETRIC_REPRESENTATION_CONTEXT() REPRESENTATION_CONTEXT('2D SPACE',''
  ) );
#3173 = PCURVE('',#3174,#3179);
#3174 = PLANE('',#3175);
#3175 = AXIS2_PLACEMENT_3D('',#3176,#3177,#3178);
#3176 = CARTESIAN_POINT('',(0.,14.585479976965,0.));
#3177 = DIRECTION('',(0.,0.258819045103,0.965925826289));
#3178 = DIRECTION('',(0.,-0.965925826289,0.258819045103));
#3179 = DEFINITIONAL_REPRESENTATION('',(#3180),#3184);
#3180 = LINE('',#3181,#3182);
#3181 = CARTESIAN_POINT('',(15.1,76.));
#3182 = VECTOR('',#3183,1.);
#3183 = DIRECTION('',(0.,-1.));
#3184 = ( GEOMETRIC_REPRESENTATION_CONTEXT(2) 
PARAMETRIC_REPRESENTATION_CONTEXT() REPRESENTATION_CONTEXT('2D SPACE',''
  ) );
#3185 = ORIENTED_EDGE('',*,*,#2880,.F.);
#3186 = ADVANCED_FACE('',(#3187,#3449,#3484,#3519,#3554),#2755,.T.);
#3187 = FACE_BOUND('',#3188,.T.);
#3188 = EDGE_LOOP('',(#3189,#3212,#3213,#3214,#3237,#3265,#3293,#3321,
    #3344,#3372,#3400,#3428));
#3189 = ORIENTED_EDGE('',*,*,#3190,.F.);
#3190 = EDGE_CURVE('',#3082,#3191,#3193,.T.);
#3191 = VERTEX_POINT('',#3192);
#3192 = CARTESIAN_POINT('',(76.,14.585479976965,0.));
#3193 = SURFACE_CURVE('',#3194,(#3198,#3205),.PCURVE_S1.);
#3194 = LINE('',#3195,#3196);
#3195 = CARTESIAN_POINT('',(76.,0.,0.));
#3196 = VECTOR('',#3197,1.);
#3197 = DIRECTION('',(0.,1.,0.));
#3198 = PCURVE('',#2755,#3199);
#3199 = DEFINITIONAL_REPRESENTATION('',(#3200),#3204);
#3200 = LINE('',#3201,#3202);
#3201 = CARTESIAN_POINT('',(0.,76.));
#3202 = VECTOR('',#3203,1.);
#3203 = DIRECTION('',(1.,0.));
#3204 = ( GEOMETRIC_REPRESENTATION_CONTEXT(2) 
PARAMETRIC_REPRESENTATION_CONTEXT() REPRESENTATION_CONTEXT('2D SPACE',''
  ) );
#3205 = PCURVE('',#3120,#3206);
#3206 = DEFINITIONAL_REPRESENTATION('',(#3207),#3211);
#3207 = LINE('',#3208,#3209);
#3208 = CARTESIAN_POINT('',(-3.775,-1.011508201427));
#3209 = VECTOR('',#3210,1.);
#3210 = DIRECTION('',(0.258819045103,-0.965925826289));
#3211 = ( GEOMETRIC_REPRESENTATION_CONTEXT(2) 
PARAMETRIC_REPRESENTATION_CONTEXT() REPRESENTATION_CONTEXT('2D SPACE',''
  ) );
#3212 = ORIENTED_EDGE('',*,*,#3081,.T.);
#3213 = ORIENTED_EDGE('',*,*,#2739,.T.);
#3214 = ORIENTED_EDGE('',*,*,#3215,.T.);
#3215 = EDGE_CURVE('',#2740,#3216,#3218,.T.);
#3216 = VERTEX_POINT('',#3217);
#3217 = CARTESIAN_POINT('',(-50.,14.585479976965,0.));
#3218 = SURFACE_CURVE('',#3219,(#3223,#3230),.PCURVE_S1.);
#3219 = LINE('',#3220,#3221);
#3220 = CARTESIAN_POINT('',(-76.,14.585479976965,0.));
#3221 = VECTOR('',#3222,1.);
#3222 = DIRECTION('',(1.,0.,0.));
#3223 = PCURVE('',#2755,#3224);
#3224 = DEFINITIONAL_REPRESENTATION('',(#3225),#3229);
#3225 = LINE('',#3226,#3227);
#3226 = CARTESIAN_POINT('',(14.585479976965,-76.));
#3227 = VECTOR('',#3228,1.);
#3228 = DIRECTION('',(0.,1.));
#3229 = ( GEOMETRIC_REPRESENTATION_CONTEXT(2) 
PARAMETRIC_REPRESENTATION_CONTEXT() REPRESENTATION_CONTEXT('2D SPACE',''
  ) );
#3230 = PCURVE('',#2783,#3231);
#3231 = DEFINITIONAL_REPRESENTATION('',(#3232),#3236);
#3232 = LINE('',#3233,#3234);
#3233 = CARTESIAN_POINT('',(0.,0.));
#3234 = VECTOR('',#3235,1.);
#3235 = DIRECTION('',(0.,1.));
#3236 = ( GEOMETRIC_REPRESENTATION_CONTEXT(2) 
PARAMETRIC_REPRESENTATION_CONTEXT() REPRESENTATION_CONTEXT('2D SPACE',''
  ) );
#3237 = ORIENTED_EDGE('',*,*,#3238,.T.);
#3238 = EDGE_CURVE('',#3216,#3239,#3241,.T.);
#3239 = VERTEX_POINT('',#3240);
#3240 = CARTESIAN_POINT('',(-50.,59.585479976965,0.));
#3241 = SURFACE_CURVE('',#3242,(#3246,#3253),.PCURVE_S1.);
#3242 = LINE('',#3243,#3244);
#3243 = CARTESIAN_POINT('',(-50.,13.585479976965,0.));
#3244 = VECTOR('',#3245,1.);
#3245 = DIRECTION('',(0.,1.,0.));
#3246 = PCURVE('',#2755,#3247);
#3247 = DEFINITIONAL_REPRESENTATION('',(#3248),#3252);
#3248 = LINE('',#3249,#3250);
#3249 = CARTESIAN_POINT('',(13.585479976965,-50.));
#3250 = VECTOR('',#3251,1.);
#3251 = DIRECTION('',(1.,0.));
#3252 = ( GEOMETRIC_REPRESENTATION_CONTEXT(2) 
PARAMETRIC_REPRESENTATION_CONTEXT() REPRESENTATION_CONTEXT('2D SPACE',''
  ) );
#3253 = PCURVE('',#3254,#3259);
#3254 = PLANE('',#3255);
#3255 = AXIS2_PLACEMENT_3D('',#3256,#3257,#3258);
#3256 = CARTESIAN_POINT('',(-50.,38.057904405408,40.849598663726));
#3257 = DIRECTION('',(1.,0.,0.));
#3258 = DIRECTION('',(0.,1.,0.));
#3259 = DEFINITIONAL_REPRESENTATION('',(#3260),#3264);
#3260 = LINE('',#3261,#3262);
#3261 = CARTESIAN_POINT('',(-24.47242442844,-40.84959866372));
#3262 = VECTOR('',#3263,1.);
#3263 = DIRECTION('',(1.,0.));
#3264 = ( GEOMETRIC_REPRESENTATION_CONTEXT(2) 
PARAMETRIC_REPRESENTATION_CONTEXT() REPRESENTATION_CONTEXT('2D SPACE',''
  ) );
#3265 = ORIENTED_EDGE('',*,*,#3266,.T.);
#3266 = EDGE_CURVE('',#3239,#3267,#3269,.T.);
#3267 = VERTEX_POINT('',#3268);
#3268 = CARTESIAN_POINT('',(-40.,59.585479976965,0.));
#3269 = SURFACE_CURVE('',#3270,(#3274,#3281),.PCURVE_S1.);
#3270 = LINE('',#3271,#3272);
#3271 = CARTESIAN_POINT('',(-50.,59.585479976965,0.));
#3272 = VECTOR('',#3273,1.);
#3273 = DIRECTION('',(1.,0.,0.));
#3274 = PCURVE('',#2755,#3275);
#3275 = DEFINITIONAL_REPRESENTATION('',(#3276),#3280);
#3276 = LINE('',#3277,#3278);
#3277 = CARTESIAN_POINT('',(59.585479976965,-50.));
#3278 = VECTOR('',#3279,1.);
#3279 = DIRECTION('',(0.,1.));
#3280 = ( GEOMETRIC_REPRESENTATION_CONTEXT(2) 
PARAMETRIC_REPRESENTATION_CONTEXT() REPRESENTATION_CONTEXT('2D SPACE',''
  ) );
#3281 = PCURVE('',#3282,#3287);
#3282 = PLANE('',#3283);
#3283 = AXIS2_PLACEMENT_3D('',#3284,#3285,#3286);
#3284 = CARTESIAN_POINT('',(-45.,59.585479976965,0.));
#3285 = DIRECTION('',(0.,0.982053200987,0.188604110325));
#3286 = DIRECTION('',(0.,-0.188604110325,0.982053200987));
#3287 = DEFINITIONAL_REPRESENTATION('',(#3288),#3292);
#3288 = LINE('',#3289,#3290);
#3289 = CARTESIAN_POINT('',(0.,-5.));
#3290 = VECTOR('',#3291,1.);
#3291 = DIRECTION('',(0.,1.));
#3292 = ( GEOMETRIC_REPRESENTATION_CONTEXT(2) 
PARAMETRIC_REPRESENTATION_CONTEXT() REPRESENTATION_CONTEXT('2D SPACE',''
  ) );
#3293 = ORIENTED_EDGE('',*,*,#3294,.F.);
#3294 = EDGE_CURVE('',#3295,#3267,#3297,.T.);
#3295 = VERTEX_POINT('',#3296);
#3296 = CARTESIAN_POINT('',(-40.,14.585479976965,0.));
#3297 = SURFACE_CURVE('',#3298,(#3302,#3309),.PCURVE_S1.);
#3298 = LINE('',#3299,#3300);
#3299 = CARTESIAN_POINT('',(-40.,13.585479976965,0.));
#3300 = VECTOR('',#3301,1.);
#3301 = DIRECTION('',(0.,1.,0.));
#3302 = PCURVE('',#2755,#3303);
#3303 = DEFINITIONAL_REPRESENTATION('',(#3304),#3308);
#3304 = LINE('',#3305,#3306);
#3305 = CARTESIAN_POINT('',(13.585479976965,-40.));
#3306 = VECTOR('',#3307,1.);
#3307 = DIRECTION('',(1.,0.));
#3308 = ( GEOMETRIC_REPRESENTATION_CONTEXT(2) 
PARAMETRIC_REPRESENTATION_CONTEXT() REPRESENTATION_CONTEXT('2D SPACE',''
  ) );
#3309 = PCURVE('',#3310,#3315);
#3310 = PLANE('',#3311);
#3311 = AXIS2_PLACEMENT_3D('',#3312,#3313,#3314);
#3312 = CARTESIAN_POINT('',(-40.,38.057904405408,40.849598663726));
#3313 = DIRECTION('',(1.,0.,0.));
#3314 = DIRECTION('',(0.,1.,0.));
#3315 = DEFINITIONAL_REPRESENTATION('',(#3316),#3320);
#3316 = LINE('',#3317,#3318);
#3317 = CARTESIAN_POINT('',(-24.47242442844,-40.84959866372));
#3318 = VECTOR('',#3319,1.);
#3319 = DIRECTION('',(1.,0.));
#3320 = ( GEOMETRIC_REPRESENTATION_CONTEXT(2) 
PARAMETRIC_REPRESENTATION_CONTEXT() REPRESENTATION_CONTEXT('2D SPACE',''
  ) );
#3321 = ORIENTED_EDGE('',*,*,#3322,.T.);
#3322 = EDGE_CURVE('',#3295,#3323,#3325,.T.);
#3323 = VERTEX_POINT('',#3324);
#3324 = CARTESIAN_POINT('',(40.,14.585479976965,0.));
#3325 = SURFACE_CURVE('',#3326,(#3330,#3337),.PCURVE_S1.);
#3326 = LINE('',#3327,#3328);
#3327 = CARTESIAN_POINT('',(-76.,14.585479976965,0.));
#3328 = VECTOR('',#3329,1.);
#3329 = DIRECTION('',(1.,0.,0.));
#3330 = PCURVE('',#2755,#3331);
#3331 = DEFINITIONAL_REPRESENTATION('',(#3332),#3336);
#3332 = LINE('',#3333,#3334);
#3333 = CARTESIAN_POINT('',(14.585479976965,-76.));
#3334 = VECTOR('',#3335,1.);
#3335 = DIRECTION('',(0.,1.));
#3336 = ( GEOMETRIC_REPRESENTATION_CONTEXT(2) 
PARAMETRIC_REPRESENTATION_CONTEXT() REPRESENTATION_CONTEXT('2D SPACE',''
  ) );
#3337 = PCURVE('',#2783,#3338);
#3338 = DEFINITIONAL_REPRESENTATION('',(#3339),#3343);
#3339 = LINE('',#3340,#3341);
#3340 = CARTESIAN_POINT('',(0.,0.));
#3341 = VECTOR('',#3342,1.);
#3342 = DIRECTION('',(0.,1.));
#3343 = ( GEOMETRIC_REPRESENTATION_CONTEXT(2) 
PARAMETRIC_REPRESENTATION_CONTEXT() REPRESENTATION_CONTEXT('2D SPACE',''
  ) );
#3344 = ORIENTED_EDGE('',*,*,#3345,.T.);
#3345 = EDGE_CURVE('',#3323,#3346,#3348,.T.);
#3346 = VERTEX_POINT('',#3347);
#3347 = CARTESIAN_POINT('',(40.,59.585479976965,0.));
#3348 = SURFACE_CURVE('',#3349,(#3353,#3360),.PCURVE_S1.);
#3349 = LINE('',#3350,#3351);
#3350 = CARTESIAN_POINT('',(40.,13.585479976965,0.));
#3351 = VECTOR('',#3352,1.);
#3352 = DIRECTION('',(0.,1.,0.));
#3353 = PCURVE('',#2755,#3354);
#3354 = DEFINITIONAL_REPRESENTATION('',(#3355),#3359);
#3355 = LINE('',#3356,#3357);
#3356 = CARTESIAN_POINT('',(13.585479976965,40.));
#3357 = VECTOR('',#3358,1.);
#3358 = DIRECTION('',(1.,0.));
#3359 = ( GEOMETRIC_REPRESENTATION_CONTEXT(2) 
PARAMETRIC_REPRESENTATION_CONTEXT() REPRESENTATION_CONTEXT('2D SPACE',''
  ) );
#3360 = PCURVE('',#3361,#3366);
#3361 = PLANE('',#3362);
#3362 = AXIS2_PLACEMENT_3D('',#3363,#3364,#3365);
#3363 = CARTESIAN_POINT('',(40.,38.057904405408,40.849598663726));
#3364 = DIRECTION('',(1.,0.,0.));
#3365 = DIRECTION('',(0.,1.,0.));
#3366 = DEFINITIONAL_REPRESENTATION('',(#3367),#3371);
#3367 = LINE('',#3368,#3369);
#3368 = CARTESIAN_POINT('',(-24.47242442844,-40.84959866372));
#3369 = VECTOR('',#3370,1.);
#3370 = DIRECTION('',(1.,0.));
#3371 = ( GEOMETRIC_REPRESENTATION_CONTEXT(2) 
PARAMETRIC_REPRESENTATION_CONTEXT() REPRESENTATION_CONTEXT('2D SPACE',''
  ) );
#3372 = ORIENTED_EDGE('',*,*,#3373,.T.);
#3373 = EDGE_CURVE('',#3346,#3374,#3376,.T.);
#3374 = VERTEX_POINT('',#3375);
#3375 = CARTESIAN_POINT('',(50.,59.585479976965,0.));
#3376 = SURFACE_CURVE('',#3377,(#3381,#3388),.PCURVE_S1.);
#3377 = LINE('',#3378,#3379);
#3378 = CARTESIAN_POINT('',(40.,59.585479976965,0.));
#3379 = VECTOR('',#3380,1.);
#3380 = DIRECTION('',(1.,0.,0.));
#3381 = PCURVE('',#2755,#3382);
#3382 = DEFINITIONAL_REPRESENTATION('',(#3383),#3387);
#3383 = LINE('',#3384,#3385);
#3384 = CARTESIAN_POINT('',(59.585479976965,40.));
#3385 = VECTOR('',#3386,1.);
#3386 = DIRECTION('',(0.,1.));
#3387 = ( GEOMETRIC_REPRESENTATION_CONTEXT(2) 
PARAMETRIC_REPRESENTATION_CONTEXT() REPRESENTATION_CONTEXT('2D SPACE',''
  ) );
#3388 = PCURVE('',#3389,#3394);
#3389 = PLANE('',#3390);
#3390 = AXIS2_PLACEMENT_3D('',#3391,#3392,#3393);
#3391 = CARTESIAN_POINT('',(45.,59.585479976965,0.));
#3392 = DIRECTION('',(0.,0.982053200987,0.188604110325));
#3393 = DIRECTION('',(0.,-0.188604110325,0.982053200987));
#3394 = DEFINITIONAL_REPRESENTATION('',(#3395),#3399);
#3395 = LINE('',#3396,#3397);
#3396 = CARTESIAN_POINT('',(0.,-5.));
#3397 = VECTOR('',#3398,1.);
#3398 = DIRECTION('',(0.,1.));
#3399 = ( GEOMETRIC_REPRESENTATION_CONTEXT(2) 
PARAMETRIC_REPRESENTATION_CONTEXT() REPRESENTATION_CONTEXT('2D SPACE',''
  ) );
#3400 = ORIENTED_EDGE('',*,*,#3401,.F.);
#3401 = EDGE_CURVE('',#3402,#3374,#3404,.T.);
#3402 = VERTEX_POINT('',#3403);
#3403 = CARTESIAN_POINT('',(50.,14.585479976965,0.));
#3404 = SURFACE_CURVE('',#3405,(#3409,#3416),.PCURVE_S1.);
#3405 = LINE('',#3406,#3407);
#3406 = CARTESIAN_POINT('',(50.,13.585479976965,0.));
#3407 = VECTOR('',#3408,1.);
#3408 = DIRECTION('',(0.,1.,0.));
#3409 = PCURVE('',#2755,#3410);
#3410 = DEFINITIONAL_REPRESENTATION('',(#3411),#3415);
#3411 = LINE('',#3412,#3413);
#3412 = CARTESIAN_POINT('',(13.585479976965,50.));
#3413 = VECTOR('',#3414,1.);
#3414 = DIRECTION('',(1.,0.));
#3415 = ( GEOMETRIC_REPRESENTATION_CONTEXT(2) 
PARAMETRIC_REPRESENTATION_CONTEXT() REPRESENTATION_CONTEXT('2D SPACE',''
  ) );
#3416 = PCURVE('',#3417,#3422);
#3417 = PLANE('',#3418);
#3418 = AXIS2_PLACEMENT_3D('',#3419,#3420,#3421);
#3419 = CARTESIAN_POINT('',(50.,38.057904405408,40.849598663726));
#3420 = DIRECTION('',(1.,0.,0.));
#3421 = DIRECTION('',(0.,1.,0.));
#3422 = DEFINITIONAL_REPRESENTATION('',(#3423),#3427);
#3423 = LINE('',#3424,#3425);
#3424 = CARTESIAN_POINT('',(-24.47242442844,-40.84959866372));
#3425 = VECTOR('',#3426,1.);
#3426 = DIRECTION('',(1.,0.));
#3427 = ( GEOMETRIC_REPRESENTATION_CONTEXT(2) 
PARAMETRIC_REPRESENTATION_CONTEXT() REPRESENTATION_CONTEXT('2D SPACE',''
  ) );
#3428 = ORIENTED_EDGE('',*,*,#3429,.T.);
#3429 = EDGE_CURVE('',#3402,#3191,#3430,.T.);
#3430 = SURFACE_CURVE('',#3431,(#3435,#3442),.PCURVE_S1.);
#3431 = LINE('',#3432,#3433);
#3432 = CARTESIAN_POINT('',(-76.,14.585479976965,0.));
#3433 = VECTOR('',#3434,1.);
#3434 = DIRECTION('',(1.,0.,0.));
#3435 = PCURVE('',#2755,#3436);
#3436 = DEFINITIONAL_REPRESENTATION('',(#3437),#3441);
#3437 = LINE('',#3438,#3439);
#3438 = CARTESIAN_POINT('',(14.585479976965,-76.));
#3439 = VECTOR('',#3440,1.);
#3440 = DIRECTION('',(0.,1.));
#3441 = ( GEOMETRIC_REPRESENTATION_CONTEXT(2) 
PARAMETRIC_REPRESENTATION_CONTEXT() REPRESENTATION_CONTEXT('2D SPACE',''
  ) );
#3442 = PCURVE('',#2783,#3443);
#3443 = DEFINITIONAL_REPRESENTATION('',(#3444),#3448);
#3444 = LINE('',#3445,#3446);
#3445 = CARTESIAN_POINT('',(0.,0.));
#3446 = VECTOR('',#3447,1.);
#3447 = DIRECTION('',(0.,1.));
#3448 = ( GEOMETRIC_REPRESENTATION_CONTEXT(2) 
PARAMETRIC_REPRESENTATION_CONTEXT() REPRESENTATION_CONTEXT('2D SPACE',''
  ) );
#3449 = FACE_BOUND('',#3450,.T.);
#3450 = EDGE_LOOP('',(#3451));
#3451 = ORIENTED_EDGE('',*,*,#3452,.T.);
#3452 = EDGE_CURVE('',#3453,#3453,#3455,.T.);
#3453 = VERTEX_POINT('',#3454);
#3454 = CARTESIAN_POINT('',(-43.7,12.,0.));
#3455 = SURFACE_CURVE('',#3456,(#3461,#3472),.PCURVE_S1.);
#3456 = CIRCLE('',#3457,1.3);
#3457 = AXIS2_PLACEMENT_3D('',#3458,#3459,#3460);
#3458 = CARTESIAN_POINT('',(-45.,12.,0.));
#3459 = DIRECTION('',(0.,0.,1.));
#3460 = DIRECTION('',(1.,0.,0.));
#3461 = PCURVE('',#2755,#3462);
#3462 = DEFINITIONAL_REPRESENTATION('',(#3463),#3471);
#3463 = ( BOUNDED_CURVE() B_SPLINE_CURVE(2,(#3464,#3465,#3466,#3467,
#3468,#3469,#3470),.UNSPECIFIED.,.T.,.F.) B_SPLINE_CURVE_WITH_KNOTS((1,2
    ,2,2,2,1),(-2.094395102393,0.,2.094395102393,4.188790204786,
6.28318530718,8.377580409573),.UNSPECIFIED.) CURVE() 
GEOMETRIC_REPRESENTATION_ITEM() RATIONAL_B_SPLINE_CURVE((1.,0.5,1.,0.5,
1.,0.5,1.)) REPRESENTATION_ITEM('') );
#3464 = CARTESIAN_POINT('',(12.,-43.7));
#3465 = CARTESIAN_POINT('',(14.25166604984,-43.7));
#3466 = CARTESIAN_POINT('',(13.12583302492,-45.65));
#3467 = CARTESIAN_POINT('',(12.,-47.6));
#3468 = CARTESIAN_POINT('',(10.87416697508,-45.65));
#3469 = CARTESIAN_POINT('',(9.74833395016,-43.7));
#3470 = CARTESIAN_POINT('',(12.,-43.7));
#3471 = ( GEOMETRIC_REPRESENTATION_CONTEXT(2) 
PARAMETRIC_REPRESENTATION_CONTEXT() REPRESENTATION_CONTEXT('2D SPACE',''
  ) );
#3472 = PCURVE('',#3473,#3478);
#3473 = CYLINDRICAL_SURFACE('',#3474,1.3);
#3474 = AXIS2_PLACEMENT_3D('',#3475,#3476,#3477);
#3475 = CARTESIAN_POINT('',(-45.,12.,0.));
#3476 = DIRECTION('',(0.,0.,1.));
#3477 = DIRECTION('',(1.,0.,0.));
#3478 = DEFINITIONAL_REPRESENTATION('',(#3479),#3483);
#3479 = LINE('',#3480,#3481);
#3480 = CARTESIAN_POINT('',(0.,0.));
#3481 = VECTOR('',#3482,1.);
#3482 = DIRECTION('',(1.,0.));
#3483 = ( GEOMETRIC_REPRESENTATION_CONTEXT(2) 
PARAMETRIC_REPRESENTATION_CONTEXT() REPRESENTATION_CONTEXT('2D SPACE',''
  ) );
#3484 = FACE_BOUND('',#3485,.T.);
#3485 = EDGE_LOOP('',(#3486));
#3486 = ORIENTED_EDGE('',*,*,#3487,.T.);
#3487 = EDGE_CURVE('',#3488,#3488,#3490,.T.);
#3488 = VERTEX_POINT('',#3489);
#3489 = CARTESIAN_POINT('',(-43.7,52.,0.));
#3490 = SURFACE_CURVE('',#3491,(#3496,#3507),.PCURVE_S1.);
#3491 = CIRCLE('',#3492,1.3);
#3492 = AXIS2_PLACEMENT_3D('',#3493,#3494,#3495);
#3493 = CARTESIAN_POINT('',(-45.,52.,0.));
#3494 = DIRECTION('',(0.,0.,1.));
#3495 = DIRECTION('',(1.,0.,0.));
#3496 = PCURVE('',#2755,#3497);
#3497 = DEFINITIONAL_REPRESENTATION('',(#3498),#3506);
#3498 = ( BOUNDED_CURVE() B_SPLINE_CURVE(2,(#3499,#3500,#3501,#3502,
#3503,#3504,#3505),.UNSPECIFIED.,.T.,.F.) B_SPLINE_CURVE_WITH_KNOTS((1,2
    ,2,2,2,1),(-2.094395102393,0.,2.094395102393,4.188790204786,
6.28318530718,8.377580409573),.UNSPECIFIED.) CURVE() 
GEOMETRIC_REPRESENTATION_ITEM() RATIONAL_B_SPLINE_CURVE((1.,0.5,1.,0.5,
1.,0.5,1.)) REPRESENTATION_ITEM('') );
#3499 = CARTESIAN_POINT('',(52.,-43.7));
#3500 = CARTESIAN_POINT('',(54.25166604984,-43.7));
#3501 = CARTESIAN_POINT('',(53.12583302492,-45.65));
#3502 = CARTESIAN_POINT('',(52.,-47.6));
#3503 = CARTESIAN_POINT('',(50.87416697508,-45.65));
#3504 = CARTESIAN_POINT('',(49.74833395016,-43.7));
#3505 = CARTESIAN_POINT('',(52.,-43.7));
#3506 = ( GEOMETRIC_REPRESENTATION_CONTEXT(2) 
PARAMETRIC_REPRESENTATION_CONTEXT() REPRESENTATION_CONTEXT('2D SPACE',''
  ) );
#3507 = PCURVE('',#3508,#3513);
#3508 = CYLINDRICAL_SURFACE('',#3509,1.3);
#3509 = AXIS2_PLACEMENT_3D('',#3510,#3511,#3512);
#3510 = CARTESIAN_POINT('',(-45.,52.,0.));
#3511 = DIRECTION('',(0.,0.,1.));
#3512 = DIRECTION('',(1.,0.,0.));
#3513 = DEFINITIONAL_REPRESENTATION('',(#3514),#3518);
#3514 = LINE('',#3515,#3516);
#3515 = CARTESIAN_POINT('',(0.,0.));
#3516 = VECTOR('',#3517,1.);
#3517 = DIRECTION('',(1.,0.));
#3518 = ( GEOMETRIC_REPRESENTATION_CONTEXT(2) 
PARAMETRIC_REPRESENTATION_CONTEXT() REPRESENTATION_CONTEXT('2D SPACE',''
  ) );
#3519 = FACE_BOUND('',#3520,.T.);
#3520 = EDGE_LOOP('',(#3521));
#3521 = ORIENTED_EDGE('',*,*,#3522,.T.);
#3522 = EDGE_CURVE('',#3523,#3523,#3525,.T.);
#3523 = VERTEX_POINT('',#3524);
#3524 = CARTESIAN_POINT('',(46.3,12.,0.));
#3525 = SURFACE_CURVE('',#3526,(#3531,#3542),.PCURVE_S1.);
#3526 = CIRCLE('',#3527,1.3);
#3527 = AXIS2_PLACEMENT_3D('',#3528,#3529,#3530);
#3528 = CARTESIAN_POINT('',(45.,12.,0.));
#3529 = DIRECTION('',(0.,0.,1.));
#3530 = DIRECTION('',(1.,0.,0.));
#3531 = PCURVE('',#2755,#3532);
#3532 = DEFINITIONAL_REPRESENTATION('',(#3533),#3541);
#3533 = ( BOUNDED_CURVE() B_SPLINE_CURVE(2,(#3534,#3535,#3536,#3537,
#3538,#3539,#3540),.UNSPECIFIED.,.T.,.F.) B_SPLINE_CURVE_WITH_KNOTS((1,2
    ,2,2,2,1),(-2.094395102393,0.,2.094395102393,4.188790204786,
6.28318530718,8.377580409573),.UNSPECIFIED.) CURVE() 
GEOMETRIC_REPRESENTATION_ITEM() RATIONAL_B_SPLINE_CURVE((1.,0.5,1.,0.5,
1.,0.5,1.)) REPRESENTATION_ITEM('') );
#3534 = CARTESIAN_POINT('',(12.,46.3));
#3535 = CARTESIAN_POINT('',(14.25166604984,46.3));
#3536 = CARTESIAN_POINT('',(13.12583302492,44.35));
#3537 = CARTESIAN_POINT('',(12.,42.4));
#3538 = CARTESIAN_POINT('',(10.87416697508,44.35));
#3539 = CARTESIAN_POINT('',(9.74833395016,46.3));
#3540 = CARTESIAN_POINT('',(12.,46.3));
#3541 = ( GEOMETRIC_REPRESENTATION_CONTEXT(2) 
PARAMETRIC_REPRESENTATION_CONTEXT() REPRESENTATION_CONTEXT('2D SPACE',''
  ) );
#3542 = PCURVE('',#3543,#3548);
#3543 = CYLINDRICAL_SURFACE('',#3544,1.3);
#3544 = AXIS2_PLACEMENT_3D('',#3545,#3546,#3547);
#3545 = CARTESIAN_POINT('',(45.,12.,0.));
#3546 = DIRECTION('',(0.,0.,1.));
#3547 = DIRECTION('',(1.,0.,0.));
#3548 = DEFINITIONAL_REPRESENTATION('',(#3549),#3553);
#3549 = LINE('',#3550,#3551);
#3550 = CARTESIAN_POINT('',(0.,0.));
#3551 = VECTOR('',#3552,1.);
#3552 = DIRECTION('',(1.,0.));
#3553 = ( GEOMETRIC_REPRESENTATION_CONTEXT(2) 
PARAMETRIC_REPRESENTATION_CONTEXT() REPRESENTATION_CONTEXT('2D SPACE',''
  ) );
#3554 = FACE_BOUND('',#3555,.T.);
#3555 = EDGE_LOOP('',(#3556));
#3556 = ORIENTED_EDGE('',*,*,#3557,.T.);
#3557 = EDGE_CURVE('',#3558,#3558,#3560,.T.);
#3558 = VERTEX_POINT('',#3559);
#3559 = CARTESIAN_POINT('',(46.3,52.,0.));
#3560 = SURFACE_CURVE('',#3561,(#3566,#3577),.PCURVE_S1.);
#3561 = CIRCLE('',#3562,1.3);
#3562 = AXIS2_PLACEMENT_3D('',#3563,#3564,#3565);
#3563 = CARTESIAN_POINT('',(45.,52.,0.));
#3564 = DIRECTION('',(0.,0.,1.));
#3565 = DIRECTION('',(1.,0.,0.));
#3566 = PCURVE('',#2755,#3567);
#3567 = DEFINITIONAL_REPRESENTATION('',(#3568),#3576);
#3568 = ( BOUNDED_CURVE() B_SPLINE_CURVE(2,(#3569,#3570,#3571,#3572,
#3573,#3574,#3575),.UNSPECIFIED.,.T.,.F.) B_SPLINE_CURVE_WITH_KNOTS((1,2
    ,2,2,2,1),(-2.094395102393,0.,2.094395102393,4.188790204786,
6.28318530718,8.377580409573),.UNSPECIFIED.) CURVE() 
GEOMETRIC_REPRESENTATION_ITEM() RATIONAL_B_SPLINE_CURVE((1.,0.5,1.,0.5,
1.,0.5,1.)) REPRESENTATION_ITEM('') );
#3569 = CARTESIAN_POINT('',(52.,46.3));
#3570 = CARTESIAN_POINT('',(54.25166604984,46.3));
#3571 = CARTESIAN_POINT('',(53.12583302492,44.35));
#3572 = CARTESIAN_POINT('',(52.,42.4));
#3573 = CARTESIAN_POINT('',(50.87416697508,44.35));
#3574 = CARTESIAN_POINT('',(49.74833395016,46.3));
#3575 = CARTESIAN_POINT('',(52.,46.3));
#3576 = ( GEOMETRIC_REPRESENTATION_CONTEXT(2) 
PARAMETRIC_REPRESENTATION_CONTEXT() REPRESENTATION_CONTEXT('2D SPACE',''
  ) );
#3577 = PCURVE('',#3578,#3583);
#3578 = CYLINDRICAL_SURFACE('',#3579,1.3);
#3579 = AXIS2_PLACEMENT_3D('',#3580,#3581,#3582);
#3580 = CARTESIAN_POINT('',(45.,52.,0.));
#3581 = DIRECTION('',(0.,0.,1.));
#3582 = DIRECTION('',(1.,0.,0.));
#3583 = DEFINITIONAL_REPRESENTATION('',(#3584),#3588);
#3584 = LINE('',#3585,#3586);
#3585 = CARTESIAN_POINT('',(0.,0.));
#3586 = VECTOR('',#3587,1.);
#3587 = DIRECTION('',(1.,0.));
#3588 = ( GEOMETRIC_REPRESENTATION_CONTEXT(2) 
PARAMETRIC_REPRESENTATION_CONTEXT() REPRESENTATION_CONTEXT('2D SPACE',''
  ) );
#3589 = ADVANCED_FACE('',(#3590),#2783,.T.);
#3590 = FACE_BOUND('',#3591,.T.);
#3591 = EDGE_LOOP('',(#3592,#3593,#3594,#3617,#3638,#3639,#3660,#3681,
    #3700,#3701,#3722,#3743));
#3592 = ORIENTED_EDGE('',*,*,#3215,.F.);
#3593 = ORIENTED_EDGE('',*,*,#2767,.F.);
#3594 = ORIENTED_EDGE('',*,*,#3595,.T.);
#3595 = EDGE_CURVE('',#2768,#3596,#3598,.T.);
#3596 = VERTEX_POINT('',#3597);
#3597 = CARTESIAN_POINT('',(76.,53.408336742343,144.88887394336));
#3598 = SURFACE_CURVE('',#3599,(#3603,#3610),.PCURVE_S1.);
#3599 = LINE('',#3600,#3601);
#3600 = CARTESIAN_POINT('',(-76.,53.408336742343,144.88887394336));
#3601 = VECTOR('',#3602,1.);
#3602 = DIRECTION('',(1.,0.,0.));
#3603 = PCURVE('',#2783,#3604);
#3604 = DEFINITIONAL_REPRESENTATION('',(#3605),#3609);
#3605 = LINE('',#3606,#3607);
#3606 = CARTESIAN_POINT('',(150.,0.));
#3607 = VECTOR('',#3608,1.);
#3608 = DIRECTION('',(0.,1.));
#3609 = ( GEOMETRIC_REPRESENTATION_CONTEXT(2) 
PARAMETRIC_REPRESENTATION_CONTEXT() REPRESENTATION_CONTEXT('2D SPACE',''
  ) );
#3610 = PCURVE('',#2811,#3611);
#3611 = DEFINITIONAL_REPRESENTATION('',(#3612),#3616);
#3612 = LINE('',#3613,#3614);
#3613 = CARTESIAN_POINT('',(0.,5.));
#3614 = VECTOR('',#3615,1.);
#3615 = DIRECTION('',(1.,0.));
#3616 = ( GEOMETRIC_REPRESENTATION_CONTEXT(2) 
PARAMETRIC_REPRESENTATION_CONTEXT() REPRESENTATION_CONTEXT('2D SPACE',''
  ) );
#3617 = ORIENTED_EDGE('',*,*,#3618,.F.);
#3618 = EDGE_CURVE('',#3191,#3596,#3619,.T.);
#3619 = SURFACE_CURVE('',#3620,(#3624,#3631),.PCURVE_S1.);
#3620 = LINE('',#3621,#3622);
#3621 = CARTESIAN_POINT('',(76.,14.585479976965,0.));
#3622 = VECTOR('',#3623,1.);
#3623 = DIRECTION('',(0.,0.258819045103,0.965925826289));
#3624 = PCURVE('',#2783,#3625);
#3625 = DEFINITIONAL_REPRESENTATION('',(#3626),#3630);
#3626 = LINE('',#3627,#3628);
#3627 = CARTESIAN_POINT('',(0.,152.));
#3628 = VECTOR('',#3629,1.);
#3629 = DIRECTION('',(1.,0.));
#3630 = ( GEOMETRIC_REPRESENTATION_CONTEXT(2) 
PARAMETRIC_REPRESENTATION_CONTEXT() REPRESENTATION_CONTEXT('2D SPACE',''
  ) );
#3631 = PCURVE('',#3120,#3632);
#3632 = DEFINITIONAL_REPRESENTATION('',(#3633),#3637);
#3633 = LINE('',#3634,#3635);
#3634 = CARTESIAN_POINT('',(1.452710078035E-16,-15.1));
#3635 = VECTOR('',#3636,1.);
#3636 = DIRECTION('',(1.,1.225300278295E-17));
#3637 = ( GEOMETRIC_REPRESENTATION_CONTEXT(2) 
PARAMETRIC_REPRESENTATION_CONTEXT() REPRESENTATION_CONTEXT('2D SPACE',''
  ) );
#3638 = ORIENTED_EDGE('',*,*,#3429,.F.);
#3639 = ORIENTED_EDGE('',*,*,#3640,.F.);
#3640 = EDGE_CURVE('',#3641,#3402,#3643,.T.);
#3641 = VERTEX_POINT('',#3642);
#3642 = CARTESIAN_POINT('',(50.,40.797900975662,97.826086956522));
#3643 = SURFACE_CURVE('',#3644,(#3648,#3654),.PCURVE_S1.);
#3644 = LINE('',#3645,#3646);
#3645 = CARTESIAN_POINT('',(50.,20.477856956181,21.990650263783));
#3646 = VECTOR('',#3647,1.);
#3647 = DIRECTION('',(0.,-0.258819045103,-0.965925826289));
#3648 = PCURVE('',#2783,#3649);
#3649 = DEFINITIONAL_REPRESENTATION('',(#3650),#3653);
#3650 = B_SPLINE_CURVE_WITH_KNOTS('',1,(#3651,#3652),.UNSPECIFIED.,.F.,
  .F.,(2,2),(-80.76122163118,22.766396409823),.PIECEWISE_BEZIER_KNOTS.);
#3651 = CARTESIAN_POINT('',(103.527618041,126.));
#3652 = CARTESIAN_POINT('',(0.,126.));
#3653 = ( GEOMETRIC_REPRESENTATION_CONTEXT(2) 
PARAMETRIC_REPRESENTATION_CONTEXT() REPRESENTATION_CONTEXT('2D SPACE',''
  ) );
#3654 = PCURVE('',#3417,#3655);
#3655 = DEFINITIONAL_REPRESENTATION('',(#3656),#3659);
#3656 = B_SPLINE_CURVE_WITH_KNOTS('',1,(#3657,#3658),.UNSPECIFIED.,.F.,
  .F.,(2,2),(-80.76122163118,22.766396409823),.PIECEWISE_BEZIER_KNOTS.);
#3657 = CARTESIAN_POINT('',(3.322494814669,59.150401336274));
#3658 = CARTESIAN_POINT('',(-23.47242442844,-40.84959866372));
#3659 = ( GEOMETRIC_REPRESENTATION_CONTEXT(2) 
PARAMETRIC_REPRESENTATION_CONTEXT() REPRESENTATION_CONTEXT('2D SPACE',''
  ) );
#3660 = ORIENTED_EDGE('',*,*,#3661,.F.);
#3661 = EDGE_CURVE('',#3662,#3641,#3664,.T.);
#3662 = VERTEX_POINT('',#3663);
#3663 = CARTESIAN_POINT('',(40.,40.797900975662,97.826086956522));
#3664 = SURFACE_CURVE('',#3665,(#3669,#3675),.PCURVE_S1.);
#3665 = LINE('',#3666,#3667);
#3666 = CARTESIAN_POINT('',(-15.5,40.797900975662,97.826086956522));
#3667 = VECTOR('',#3668,1.);
#3668 = DIRECTION('',(1.,0.,0.));
#3669 = PCURVE('',#2783,#3670);
#3670 = DEFINITIONAL_REPRESENTATION('',(#3671),#3674);
#3671 = B_SPLINE_CURVE_WITH_KNOTS('',1,(#3672,#3673),.UNSPECIFIED.,.F.,
  .F.,(2,2),(55.5,65.5),.PIECEWISE_BEZIER_KNOTS.);
#3672 = CARTESIAN_POINT('',(101.27701764881,116.));
#3673 = CARTESIAN_POINT('',(101.27701764881,126.));
#3674 = ( GEOMETRIC_REPRESENTATION_CONTEXT(2) 
PARAMETRIC_REPRESENTATION_CONTEXT() REPRESENTATION_CONTEXT('2D SPACE',''
  ) );
#3675 = PCURVE('',#3389,#3676);
#3676 = DEFINITIONAL_REPRESENTATION('',(#3677),#3680);
#3677 = B_SPLINE_CURVE_WITH_KNOTS('',1,(#3678,#3679),.UNSPECIFIED.,.F.,
  .F.,(2,2),(55.5,65.5),.PIECEWISE_BEZIER_KNOTS.);
#3678 = CARTESIAN_POINT('',(99.613836458371,-5.));
#3679 = CARTESIAN_POINT('',(99.613836458371,5.));
#3680 = ( GEOMETRIC_REPRESENTATION_CONTEXT(2) 
PARAMETRIC_REPRESENTATION_CONTEXT() REPRESENTATION_CONTEXT('2D SPACE',''
  ) );
#3681 = ORIENTED_EDGE('',*,*,#3682,.T.);
#3682 = EDGE_CURVE('',#3662,#3323,#3683,.T.);
#3683 = SURFACE_CURVE('',#3684,(#3688,#3694),.PCURVE_S1.);
#3684 = LINE('',#3685,#3686);
#3685 = CARTESIAN_POINT('',(40.,20.477856956181,21.990650263783));
#3686 = VECTOR('',#3687,1.);
#3687 = DIRECTION('',(0.,-0.258819045103,-0.965925826289));
#3688 = PCURVE('',#2783,#3689);
#3689 = DEFINITIONAL_REPRESENTATION('',(#3690),#3693);
#3690 = B_SPLINE_CURVE_WITH_KNOTS('',1,(#3691,#3692),.UNSPECIFIED.,.F.,
  .F.,(2,2),(-80.76122163118,22.766396409823),.PIECEWISE_BEZIER_KNOTS.);
#3691 = CARTESIAN_POINT('',(103.527618041,116.));
#3692 = CARTESIAN_POINT('',(0.,116.));
#3693 = ( GEOMETRIC_REPRESENTATION_CONTEXT(2) 
PARAMETRIC_REPRESENTATION_CONTEXT() REPRESENTATION_CONTEXT('2D SPACE',''
  ) );
#3694 = PCURVE('',#3361,#3695);
#3695 = DEFINITIONAL_REPRESENTATION('',(#3696),#3699);
#3696 = B_SPLINE_CURVE_WITH_KNOTS('',1,(#3697,#3698),.UNSPECIFIED.,.F.,
  .F.,(2,2),(-80.76122163118,22.766396409823),.PIECEWISE_BEZIER_KNOTS.);
#3697 = CARTESIAN_POINT('',(3.322494814669,59.150401336274));
#3698 = CARTESIAN_POINT('',(-23.47242442844,-40.84959866372));
#3699 = ( GEOMETRIC_REPRESENTATION_CONTEXT(2) 
PARAMETRIC_REPRESENTATION_CONTEXT() REPRESENTATION_CONTEXT('2D SPACE',''
  ) );
#3700 = ORIENTED_EDGE('',*,*,#3322,.F.);
#3701 = ORIENTED_EDGE('',*,*,#3702,.F.);
#3702 = EDGE_CURVE('',#3703,#3295,#3705,.T.);
#3703 = VERTEX_POINT('',#3704);
#3704 = CARTESIAN_POINT('',(-40.,40.797900975662,97.826086956522));
#3705 = SURFACE_CURVE('',#3706,(#3710,#3716),.PCURVE_S1.);
#3706 = LINE('',#3707,#3708);
#3707 = CARTESIAN_POINT('',(-40.,20.477856956181,21.990650263783));
#3708 = VECTOR('',#3709,1.);
#3709 = DIRECTION('',(0.,-0.258819045103,-0.965925826289));
#3710 = PCURVE('',#2783,#3711);
#3711 = DEFINITIONAL_REPRESENTATION('',(#3712),#3715);
#3712 = B_SPLINE_CURVE_WITH_KNOTS('',1,(#3713,#3714),.UNSPECIFIED.,.F.,
  .F.,(2,2),(-80.76122163118,22.766396409823),.PIECEWISE_BEZIER_KNOTS.);
#3713 = CARTESIAN_POINT('',(103.527618041,36.));
#3714 = CARTESIAN_POINT('',(0.,36.));
#3715 = ( GEOMETRIC_REPRESENTATION_CONTEXT(2) 
PARAMETRIC_REPRESENTATION_CONTEXT() REPRESENTATION_CONTEXT('2D SPACE',''
  ) );
#3716 = PCURVE('',#3310,#3717);
#3717 = DEFINITIONAL_REPRESENTATION('',(#3718),#3721);
#3718 = B_SPLINE_CURVE_WITH_KNOTS('',1,(#3719,#3720),.UNSPECIFIED.,.F.,
  .F.,(2,2),(-80.76122163118,22.766396409823),.PIECEWISE_BEZIER_KNOTS.);
#3719 = CARTESIAN_POINT('',(3.322494814669,59.150401336274));
#3720 = CARTESIAN_POINT('',(-23.47242442844,-40.84959866372));
#3721 = ( GEOMETRIC_REPRESENTATION_CONTEXT(2) 
PARAMETRIC_REPRESENTATION_CONTEXT() REPRESENTATION_CONTEXT('2D SPACE',''
  ) );
#3722 = ORIENTED_EDGE('',*,*,#3723,.F.);
#3723 = EDGE_CURVE('',#3724,#3703,#3726,.T.);
#3724 = VERTEX_POINT('',#3725);
#3725 = CARTESIAN_POINT('',(-50.,40.797900975662,97.826086956522));
#3726 = SURFACE_CURVE('',#3727,(#3731,#3737),.PCURVE_S1.);
#3727 = LINE('',#3728,#3729);
#3728 = CARTESIAN_POINT('',(-60.5,40.797900975662,97.826086956522));
#3729 = VECTOR('',#3730,1.);
#3730 = DIRECTION('',(1.,0.,0.));
#3731 = PCURVE('',#2783,#3732);
#3732 = DEFINITIONAL_REPRESENTATION('',(#3733),#3736);
#3733 = B_SPLINE_CURVE_WITH_KNOTS('',1,(#3734,#3735),.UNSPECIFIED.,.F.,
  .F.,(2,2),(10.5,20.5),.PIECEWISE_BEZIER_KNOTS.);
#3734 = CARTESIAN_POINT('',(101.27701764881,26.));
#3735 = CARTESIAN_POINT('',(101.27701764881,36.));
#3736 = ( GEOMETRIC_REPRESENTATION_CONTEXT(2) 
PARAMETRIC_REPRESENTATION_CONTEXT() REPRESENTATION_CONTEXT('2D SPACE',''
  ) );
#3737 = PCURVE('',#3282,#3738);
#3738 = DEFINITIONAL_REPRESENTATION('',(#3739),#3742);
#3739 = B_SPLINE_CURVE_WITH_KNOTS('',1,(#3740,#3741),.UNSPECIFIED.,.F.,
  .F.,(2,2),(10.5,20.5),.PIECEWISE_BEZIER_KNOTS.);
#3740 = CARTESIAN_POINT('',(99.613836458371,-5.));
#3741 = CARTESIAN_POINT('',(99.613836458371,5.));
#3742 = ( GEOMETRIC_REPRESENTATION_CONTEXT(2) 
PARAMETRIC_REPRESENTATION_CONTEXT() REPRESENTATION_CONTEXT('2D SPACE',''
  ) );
#3743 = ORIENTED_EDGE('',*,*,#3744,.T.);
#3744 = EDGE_CURVE('',#3724,#3216,#3745,.T.);
#3745 = SURFACE_CURVE('',#3746,(#3750,#3756),.PCURVE_S1.);
#3746 = LINE('',#3747,#3748);
#3747 = CARTESIAN_POINT('',(-50.,20.477856956181,21.990650263783));
#3748 = VECTOR('',#3749,1.);
#3749 = DIRECTION('',(0.,-0.258819045103,-0.965925826289));
#3750 = PCURVE('',#2783,#3751);
#3751 = DEFINITIONAL_REPRESENTATION('',(#3752),#3755);
#3752 = B_SPLINE_CURVE_WITH_KNOTS('',1,(#3753,#3754),.UNSPECIFIED.,.F.,
  .F.,(2,2),(-80.76122163118,22.766396409823),.PIECEWISE_BEZIER_KNOTS.);
#3753 = CARTESIAN_POINT('',(103.527618041,26.));
#3754 = CARTESIAN_POINT('',(0.,26.));
#3755 = ( GEOMETRIC_REPRESENTATION_CONTEXT(2) 
PARAMETRIC_REPRESENTATION_CONTEXT() REPRESENTATION_CONTEXT('2D SPACE',''
  ) );
#3756 = PCURVE('',#3254,#3757);
#3757 = DEFINITIONAL_REPRESENTATION('',(#3758),#3761);
#3758 = B_SPLINE_CURVE_WITH_KNOTS('',1,(#3759,#3760),.UNSPECIFIED.,.F.,
  .F.,(2,2),(-80.76122163118,22.766396409823),.PIECEWISE_BEZIER_KNOTS.);
#3759 = CARTESIAN_POINT('',(3.322494814669,59.150401336274));
#3760 = CARTESIAN_POINT('',(-23.47242442844,-40.84959866372));
#3761 = ( GEOMETRIC_REPRESENTATION_CONTEXT(2) 
PARAMETRIC_REPRESENTATION_CONTEXT() REPRESENTATION_CONTEXT('2D SPACE',''
  ) );
#3762 = ADVANCED_FACE('',(#3763),#2811,.T.);
#3763 = FACE_BOUND('',#3764,.T.);
#3764 = EDGE_LOOP('',(#3765,#3766,#3789,#3810));
#3765 = ORIENTED_EDGE('',*,*,#2795,.F.);
#3766 = ORIENTED_EDGE('',*,*,#3767,.T.);
#3767 = EDGE_CURVE('',#2796,#3768,#3770,.T.);
#3768 = VERTEX_POINT('',#3769);
#3769 = CARTESIAN_POINT('',(76.,48.578707610898,146.18296916887));
#3770 = SURFACE_CURVE('',#3771,(#3775,#3782),.PCURVE_S1.);
#3771 = LINE('',#3772,#3773);
#3772 = CARTESIAN_POINT('',(-76.,48.578707610898,146.18296916887));
#3773 = VECTOR('',#3774,1.);
#3774 = DIRECTION('',(1.,0.,0.));
#3775 = PCURVE('',#2811,#3776);
#3776 = DEFINITIONAL_REPRESENTATION('',(#3777),#3781);
#3777 = LINE('',#3778,#3779);
#3778 = CARTESIAN_POINT('',(0.,0.));
#3779 = VECTOR('',#3780,1.);
#3780 = DIRECTION('',(1.,0.));
#3781 = ( GEOMETRIC_REPRESENTATION_CONTEXT(2) 
PARAMETRIC_REPRESENTATION_CONTEXT() REPRESENTATION_CONTEXT('2D SPACE',''
  ) );
#3782 = PCURVE('',#2839,#3783);
#3783 = DEFINITIONAL_REPRESENTATION('',(#3784),#3788);
#3784 = LINE('',#3785,#3786);
#3785 = CARTESIAN_POINT('',(150.,0.));
#3786 = VECTOR('',#3787,1.);
#3787 = DIRECTION('',(0.,1.));
#3788 = ( GEOMETRIC_REPRESENTATION_CONTEXT(2) 
PARAMETRIC_REPRESENTATION_CONTEXT() REPRESENTATION_CONTEXT('2D SPACE',''
  ) );
#3789 = ORIENTED_EDGE('',*,*,#3790,.T.);
#3790 = EDGE_CURVE('',#3768,#3596,#3791,.T.);
#3791 = SURFACE_CURVE('',#3792,(#3796,#3803),.PCURVE_S1.);
#3792 = LINE('',#3793,#3794);
#3793 = CARTESIAN_POINT('',(76.,48.578707610898,146.18296916887));
#3794 = VECTOR('',#3795,1.);
#3795 = DIRECTION('',(0.,0.965925826289,-0.258819045103));
#3796 = PCURVE('',#2811,#3797);
#3797 = DEFINITIONAL_REPRESENTATION('',(#3798),#3802);
#3798 = LINE('',#3799,#3800);
#3799 = CARTESIAN_POINT('',(152.,0.));
#3800 = VECTOR('',#3801,1.);
#3801 = DIRECTION('',(0.,1.));
#3802 = ( GEOMETRIC_REPRESENTATION_CONTEXT(2) 
PARAMETRIC_REPRESENTATION_CONTEXT() REPRESENTATION_CONTEXT('2D SPACE',''
  ) );
#3803 = PCURVE('',#3120,#3804);
#3804 = DEFINITIONAL_REPRESENTATION('',(#3805),#3809);
#3805 = LINE('',#3806,#3807);
#3806 = CARTESIAN_POINT('',(150.,-10.1));
#3807 = VECTOR('',#3808,1.);
#3808 = DIRECTION('',(-1.225300278295E-17,-1.));
#3809 = ( GEOMETRIC_REPRESENTATION_CONTEXT(2) 
PARAMETRIC_REPRESENTATION_CONTEXT() REPRESENTATION_CONTEXT('2D SPACE',''
  ) );
#3810 = ORIENTED_EDGE('',*,*,#3595,.F.);
#3811 = ADVANCED_FACE('',(#3812),#2839,.F.);
#3812 = FACE_BOUND('',#3813,.F.);
#3813 = EDGE_LOOP('',(#3814,#3837,#3865,#3893,#3920,#3957,#3984,#4010,
    #4047,#4069,#4097,#4120,#4143,#4170,#4207,#4234,#4260,#4297,#4319,
    #4342,#4363,#4364));
#3814 = ORIENTED_EDGE('',*,*,#3815,.F.);
#3815 = EDGE_CURVE('',#3816,#3768,#3818,.T.);
#3816 = VERTEX_POINT('',#3817);
#3817 = CARTESIAN_POINT('',(76.,42.108231483335,122.03482351164));
#3818 = SURFACE_CURVE('',#3819,(#3823,#3830),.PCURVE_S1.);
#3819 = LINE('',#3820,#3821);
#3820 = CARTESIAN_POINT('',(76.,9.75585084552,1.294095225513));
#3821 = VECTOR('',#3822,1.);
#3822 = DIRECTION('',(0.,0.258819045103,0.965925826289));
#3823 = PCURVE('',#2839,#3824);
#3824 = DEFINITIONAL_REPRESENTATION('',(#3825),#3829);
#3825 = LINE('',#3826,#3827);
#3826 = CARTESIAN_POINT('',(0.,152.));
#3827 = VECTOR('',#3828,1.);
#3828 = DIRECTION('',(1.,0.));
#3829 = ( GEOMETRIC_REPRESENTATION_CONTEXT(2) 
PARAMETRIC_REPRESENTATION_CONTEXT() REPRESENTATION_CONTEXT('2D SPACE',''
  ) );
#3830 = PCURVE('',#3120,#3831);
#3831 = DEFINITIONAL_REPRESENTATION('',(#3832),#3836);
#3832 = LINE('',#3833,#3834);
#3833 = CARTESIAN_POINT('',(-3.7633106621E-16,-10.1));
#3834 = VECTOR('',#3835,1.);
#3835 = DIRECTION('',(1.,1.225300278295E-17));
#3836 = ( GEOMETRIC_REPRESENTATION_CONTEXT(2) 
PARAMETRIC_REPRESENTATION_CONTEXT() REPRESENTATION_CONTEXT('2D SPACE',''
  ) );
#3837 = ORIENTED_EDGE('',*,*,#3838,.F.);
#3838 = EDGE_CURVE('',#3839,#3816,#3841,.T.);
#3839 = VERTEX_POINT('',#3840);
#3840 = CARTESIAN_POINT('',(68.,42.108231483335,122.03482351164));
#3841 = SURFACE_CURVE('',#3842,(#3846,#3853),.PCURVE_S1.);
#3842 = LINE('',#3843,#3844);
#3843 = CARTESIAN_POINT('',(68.,42.108231483335,122.03482351164));
#3844 = VECTOR('',#3845,1.);
#3845 = DIRECTION('',(1.,0.,0.));
#3846 = PCURVE('',#2839,#3847);
#3847 = DEFINITIONAL_REPRESENTATION('',(#3848),#3852);
#3848 = LINE('',#3849,#3850);
#3849 = CARTESIAN_POINT('',(125.,144.));
#3850 = VECTOR('',#3851,1.);
#3851 = DIRECTION('',(0.,1.));
#3852 = ( GEOMETRIC_REPRESENTATION_CONTEXT(2) 
PARAMETRIC_REPRESENTATION_CONTEXT() REPRESENTATION_CONTEXT('2D SPACE',''
  ) );
#3853 = PCURVE('',#3854,#3859);
#3854 = PLANE('',#3855);
#3855 = AXIS2_PLACEMENT_3D('',#3856,#3857,#3858);
#3856 = CARTESIAN_POINT('',(68.,32.352380637815,124.64889586718));
#3857 = DIRECTION('',(0.,0.258819045103,0.965925826289));
#3858 = DIRECTION('',(1.,0.,0.));
#3859 = DEFINITIONAL_REPRESENTATION('',(#3860),#3864);
#3860 = LINE('',#3861,#3862);
#3861 = CARTESIAN_POINT('',(0.,10.1));
#3862 = VECTOR('',#3863,1.);
#3863 = DIRECTION('',(1.,0.));
#3864 = ( GEOMETRIC_REPRESENTATION_CONTEXT(2) 
PARAMETRIC_REPRESENTATION_CONTEXT() REPRESENTATION_CONTEXT('2D SPACE',''
  ) );
#3865 = ORIENTED_EDGE('',*,*,#3866,.F.);
#3866 = EDGE_CURVE('',#3867,#3839,#3869,.T.);
#3867 = VERTEX_POINT('',#3868);
#3868 = CARTESIAN_POINT('',(68.,10.79112702593,5.157798530669));
#3869 = SURFACE_CURVE('',#3870,(#3874,#3881),.PCURVE_S1.);
#3870 = LINE('',#3871,#3872);
#3871 = CARTESIAN_POINT('',(68.,9.75585084552,1.294095225513));
#3872 = VECTOR('',#3873,1.);
#3873 = DIRECTION('',(0.,0.258819045103,0.965925826289));
#3874 = PCURVE('',#2839,#3875);
#3875 = DEFINITIONAL_REPRESENTATION('',(#3876),#3880);
#3876 = LINE('',#3877,#3878);
#3877 = CARTESIAN_POINT('',(0.,144.));
#3878 = VECTOR('',#3879,1.);
#3879 = DIRECTION('',(1.,0.));
#3880 = ( GEOMETRIC_REPRESENTATION_CONTEXT(2) 
PARAMETRIC_REPRESENTATION_CONTEXT() REPRESENTATION_CONTEXT('2D SPACE',''
  ) );
#3881 = PCURVE('',#3882,#3887);
#3882 = PLANE('',#3883);
#3883 = AXIS2_PLACEMENT_3D('',#3884,#3885,#3886);
#3884 = CARTESIAN_POINT('',(68.,0.,3.908167581048));
#3885 = DIRECTION('',(1.,0.,0.));
#3886 = DIRECTION('',(0.,0.258819045103,0.965925826289));
#3887 = DEFINITIONAL_REPRESENTATION('',(#3888),#3892);
#3888 = LINE('',#3889,#3890);
#3889 = CARTESIAN_POINT('',(0.,-10.1));
#3890 = VECTOR('',#3891,1.);
#3891 = DIRECTION('',(1.,0.));
#3892 = ( GEOMETRIC_REPRESENTATION_CONTEXT(2) 
PARAMETRIC_REPRESENTATION_CONTEXT() REPRESENTATION_CONTEXT('2D SPACE',''
  ) );
#3893 = ORIENTED_EDGE('',*,*,#3894,.T.);
#3894 = EDGE_CURVE('',#3867,#3895,#3897,.T.);
#3895 = VERTEX_POINT('',#3896);
#3896 = CARTESIAN_POINT('',(45.478148651114,10.79112702593,
    5.157798530669));
#3897 = SURFACE_CURVE('',#3898,(#3902,#3909),.PCURVE_S1.);
#3898 = LINE('',#3899,#3900);
#3899 = CARTESIAN_POINT('',(-76.,10.79112702593,5.157798530669));
#3900 = VECTOR('',#3901,1.);
#3901 = DIRECTION('',(-1.,0.,0.));
#3902 = PCURVE('',#2839,#3903);
#3903 = DEFINITIONAL_REPRESENTATION('',(#3904),#3908);
#3904 = LINE('',#3905,#3906);
#3905 = CARTESIAN_POINT('',(4.,0.));
#3906 = VECTOR('',#3907,1.);
#3907 = DIRECTION('',(0.,-1.));
#3908 = ( GEOMETRIC_REPRESENTATION_CONTEXT(2) 
PARAMETRIC_REPRESENTATION_CONTEXT() REPRESENTATION_CONTEXT('2D SPACE',''
  ) );
#3909 = PCURVE('',#3910,#3915);
#3910 = PLANE('',#3911);
#3911 = AXIS2_PLACEMENT_3D('',#3912,#3913,#3914);
#3912 = CARTESIAN_POINT('',(-76.,1.03527618041,7.771870886204));
#3913 = DIRECTION('',(0.,0.258819045103,0.965925826289));
#3914 = DIRECTION('',(1.,0.,0.));
#3915 = DEFINITIONAL_REPRESENTATION('',(#3916),#3919);
#3916 = B_SPLINE_CURVE_WITH_KNOTS('',1,(#3917,#3918),.UNSPECIFIED.,.F.,
  .F.,(2,2),(-152.,0.),.PIECEWISE_BEZIER_KNOTS.);
#3917 = CARTESIAN_POINT('',(152.,10.1));
#3918 = CARTESIAN_POINT('',(0.,10.1));
#3919 = ( GEOMETRIC_REPRESENTATION_CONTEXT(2) 
PARAMETRIC_REPRESENTATION_CONTEXT() REPRESENTATION_CONTEXT('2D SPACE',''
  ) );
#3920 = ORIENTED_EDGE('',*,*,#3921,.F.);
#3921 = EDGE_CURVE('',#3922,#3895,#3924,.T.);
#3922 = VERTEX_POINT('',#3923);
#3923 = CARTESIAN_POINT('',(46.3,12.,9.669373889796));
#3924 = SURFACE_CURVE('',#3925,(#3930,#3937),.PCURVE_S1.);
#3925 = ELLIPSE('',#3926,5.022814296703,1.3);
#3926 = AXIS2_PLACEMENT_3D('',#3927,#3928,#3929);
#3927 = CARTESIAN_POINT('',(45.,12.,9.669373889796));
#3928 = DIRECTION('',(0.,0.965925826289,-0.258819045103));
#3929 = DIRECTION('',(0.,0.258819045103,0.965925826289));
#3930 = PCURVE('',#2839,#3931);
#3931 = DEFINITIONAL_REPRESENTATION('',(#3932),#3936);
#3932 = ELLIPSE('',#3933,5.022814296703,1.3);
#3933 = AXIS2_PLACEMENT_2D('',#3934,#3935);
#3934 = CARTESIAN_POINT('',(8.67072650543,121.));
#3935 = DIRECTION('',(1.,0.));
#3936 = ( GEOMETRIC_REPRESENTATION_CONTEXT(2) 
PARAMETRIC_REPRESENTATION_CONTEXT() REPRESENTATION_CONTEXT('2D SPACE',''
  ) );
#3937 = PCURVE('',#3543,#3938);
#3938 = DEFINITIONAL_REPRESENTATION('',(#3939),#3956);
#3939 = B_SPLINE_CURVE_WITH_KNOTS('',8,(#3940,#3941,#3942,#3943,#3944,
    #3945,#3946,#3947,#3948,#3949,#3950,#3951,#3952,#3953,#3954,#3955),
  .UNSPECIFIED.,.F.,.F.,(9,7,9),(1.570796326795,3.175692604952,
    4.780588883109),.UNSPECIFIED.);
#3940 = CARTESIAN_POINT('',(6.28318530718,9.669373889796));
#3941 = CARTESIAN_POINT('',(6.08257327241,8.696071291515));
#3942 = CARTESIAN_POINT('',(5.88196123764,7.722768423023));
#3943 = CARTESIAN_POINT('',(5.681349202872,6.80915652358));
#3944 = CARTESIAN_POINT('',(5.480737168102,6.014913408919));
#3945 = CARTESIAN_POINT('',(5.280125133333,5.392073181184));
#3946 = CARTESIAN_POINT('',(5.079513098562,4.977182536946));
#3947 = CARTESIAN_POINT('',(4.878901063792,4.787345202025));
#3948 = CARTESIAN_POINT('',(4.477676994253,4.853711480946));
#3949 = CARTESIAN_POINT('',(4.277064959484,5.109915113217));
#3950 = CARTESIAN_POINT('',(4.076452924715,5.587101925395));
#3951 = CARTESIAN_POINT('',(3.875840889945,6.264098959267));
#3952 = CARTESIAN_POINT('',(3.675228855175,7.100811485077));
#3953 = CARTESIAN_POINT('',(3.474616820405,8.042713402752));
#3954 = CARTESIAN_POINT('',(3.274004785635,9.028960650039));
#3955 = CARTESIAN_POINT('',(3.073392750865,10.0000006));
#3956 = ( GEOMETRIC_REPRESENTATION_CONTEXT(2) 
PARAMETRIC_REPRESENTATION_CONTEXT() REPRESENTATION_CONTEXT('2D SPACE',''
  ) );
#3957 = ORIENTED_EDGE('',*,*,#3958,.F.);
#3958 = EDGE_CURVE('',#3959,#3922,#3961,.T.);
#3959 = VERTEX_POINT('',#3960);
#3960 = CARTESIAN_POINT('',(46.296977885261,12.088590999226,10.));
#3961 = SURFACE_CURVE('',#3962,(#3967,#3974),.PCURVE_S1.);
#3962 = ELLIPSE('',#3963,5.022814296703,1.3);
#3963 = AXIS2_PLACEMENT_3D('',#3964,#3965,#3966);
#3964 = CARTESIAN_POINT('',(45.,12.,9.669373889796));
#3965 = DIRECTION('',(0.,0.965925826289,-0.258819045103));
#3966 = DIRECTION('',(0.,0.258819045103,0.965925826289));
#3967 = PCURVE('',#2839,#3968);
#3968 = DEFINITIONAL_REPRESENTATION('',(#3969),#3973);
#3969 = ELLIPSE('',#3970,5.022814296703,1.3);
#3970 = AXIS2_PLACEMENT_2D('',#3971,#3972);
#3971 = CARTESIAN_POINT('',(8.67072650543,121.));
#3972 = DIRECTION('',(1.,0.));
#3973 = ( GEOMETRIC_REPRESENTATION_CONTEXT(2) 
PARAMETRIC_REPRESENTATION_CONTEXT() REPRESENTATION_CONTEXT('2D SPACE',''
  ) );
#3974 = PCURVE('',#3543,#3975);
#3975 = DEFINITIONAL_REPRESENTATION('',(#3976),#3983);
#3976 = B_SPLINE_CURVE_WITH_KNOTS('',5,(#3977,#3978,#3979,#3980,#3981,
    #3982),.UNSPECIFIED.,.F.,.F.,(6,6),(1.50259642407,1.570796326795),
  .PIECEWISE_BEZIER_KNOTS.);
#3977 = CARTESIAN_POINT('',(6.819990272475E-02,10.0000006));
#3978 = CARTESIAN_POINT('',(5.45599221798E-02,9.933977811083));
#3979 = CARTESIAN_POINT('',(4.091994163484E-02,9.867878131177));
#3980 = CARTESIAN_POINT('',(2.72799610899E-02,9.801727150857));
#3981 = CARTESIAN_POINT('',(1.363998054495E-02,9.735550520327));
#3982 = CARTESIAN_POINT('',(0.,9.669373889796));
#3983 = ( GEOMETRIC_REPRESENTATION_CONTEXT(2) 
PARAMETRIC_REPRESENTATION_CONTEXT() REPRESENTATION_CONTEXT('2D SPACE',''
  ) );
#3984 = ORIENTED_EDGE('',*,*,#3985,.F.);
#3985 = EDGE_CURVE('',#3986,#3959,#3988,.T.);
#3986 = VERTEX_POINT('',#3987);
#3987 = CARTESIAN_POINT('',(43.703022114739,12.088590999226,10.));
#3988 = SURFACE_CURVE('',#3989,(#3993,#3999),.PCURVE_S1.);
#3989 = LINE('',#3990,#3991);
#3990 = CARTESIAN_POINT('',(-15.5,12.088590999226,10.));
#3991 = VECTOR('',#3992,1.);
#3992 = DIRECTION('',(1.,0.,0.));
#3993 = PCURVE('',#2839,#3994);
#3994 = DEFINITIONAL_REPRESENTATION('',(#3995),#3998);
#3995 = B_SPLINE_CURVE_WITH_KNOTS('',1,(#3996,#3997),.UNSPECIFIED.,.F.,
  .F.,(2,2),(59.2,61.8),.PIECEWISE_BEZIER_KNOTS.);
#3996 = CARTESIAN_POINT('',(9.013015841945,119.7));
#3997 = CARTESIAN_POINT('',(9.013015841945,122.3));
#3998 = ( GEOMETRIC_REPRESENTATION_CONTEXT(2) 
PARAMETRIC_REPRESENTATION_CONTEXT() REPRESENTATION_CONTEXT('2D SPACE',''
  ) );
#3999 = PCURVE('',#4000,#4005);
#4000 = PLANE('',#4001);
#4001 = AXIS2_PLACEMENT_3D('',#4002,#4003,#4004);
#4002 = CARTESIAN_POINT('',(45.,12.,10.));
#4003 = DIRECTION('',(0.,0.,1.));
#4004 = DIRECTION('',(1.,0.,0.));
#4005 = DEFINITIONAL_REPRESENTATION('',(#4006),#4009);
#4006 = B_SPLINE_CURVE_WITH_KNOTS('',1,(#4007,#4008),.UNSPECIFIED.,.F.,
  .F.,(2,2),(59.2,61.8),.PIECEWISE_BEZIER_KNOTS.);
#4007 = CARTESIAN_POINT('',(-1.3,8.859099922574E-02));
#4008 = CARTESIAN_POINT('',(1.3,8.859099922574E-02));
#4009 = ( GEOMETRIC_REPRESENTATION_CONTEXT(2) 
PARAMETRIC_REPRESENTATION_CONTEXT() REPRESENTATION_CONTEXT('2D SPACE',''
  ) );
#4010 = ORIENTED_EDGE('',*,*,#4011,.F.);
#4011 = EDGE_CURVE('',#4012,#3986,#4014,.T.);
#4012 = VERTEX_POINT('',#4013);
#4013 = CARTESIAN_POINT('',(44.521851348886,10.79112702593,
    5.157798530669));
#4014 = SURFACE_CURVE('',#4015,(#4020,#4027),.PCURVE_S1.);
#4015 = ELLIPSE('',#4016,5.022814296703,1.3);
#4016 = AXIS2_PLACEMENT_3D('',#4017,#4018,#4019);
#4017 = CARTESIAN_POINT('',(45.,12.,9.669373889796));
#4018 = DIRECTION('',(0.,0.965925826289,-0.258819045103));
#4019 = DIRECTION('',(0.,0.258819045103,0.965925826289));
#4020 = PCURVE('',#2839,#4021);
#4021 = DEFINITIONAL_REPRESENTATION('',(#4022),#4026);
#4022 = ELLIPSE('',#4023,5.022814296703,1.3);
#4023 = AXIS2_PLACEMENT_2D('',#4024,#4025);
#4024 = CARTESIAN_POINT('',(8.67072650543,121.));
#4025 = DIRECTION('',(1.,0.));
#4026 = ( GEOMETRIC_REPRESENTATION_CONTEXT(2) 
PARAMETRIC_REPRESENTATION_CONTEXT() REPRESENTATION_CONTEXT('2D SPACE',''
  ) );
#4027 = PCURVE('',#3543,#4028);
#4028 = DEFINITIONAL_REPRESENTATION('',(#4029),#4046);
#4029 = B_SPLINE_CURVE_WITH_KNOTS('',8,(#4030,#4031,#4032,#4033,#4034,
    #4035,#4036,#4037,#4038,#4039,#4040,#4041,#4042,#4043,#4044,#4045),
  .UNSPECIFIED.,.F.,.F.,(9,7,9),(1.570796326795,3.175692604952,
    4.780588883109),.UNSPECIFIED.);
#4030 = CARTESIAN_POINT('',(6.28318530718,9.669373889796));
#4031 = CARTESIAN_POINT('',(6.08257327241,8.696071291515));
#4032 = CARTESIAN_POINT('',(5.88196123764,7.722768423023));
#4033 = CARTESIAN_POINT('',(5.681349202872,6.80915652358));
#4034 = CARTESIAN_POINT('',(5.480737168102,6.014913408919));
#4035 = CARTESIAN_POINT('',(5.280125133333,5.392073181184));
#4036 = CARTESIAN_POINT('',(5.079513098562,4.977182536946));
#4037 = CARTESIAN_POINT('',(4.878901063792,4.787345202025));
#4038 = CARTESIAN_POINT('',(4.477676994253,4.853711480946));
#4039 = CARTESIAN_POINT('',(4.277064959484,5.109915113217));
#4040 = CARTESIAN_POINT('',(4.076452924715,5.587101925395));
#4041 = CARTESIAN_POINT('',(3.875840889945,6.264098959267));
#4042 = CARTESIAN_POINT('',(3.675228855175,7.100811485077));
#4043 = CARTESIAN_POINT('',(3.474616820405,8.042713402752));
#4044 = CARTESIAN_POINT('',(3.274004785635,9.028960650039));
#4045 = CARTESIAN_POINT('',(3.073392750865,10.0000006));
#4046 = ( GEOMETRIC_REPRESENTATION_CONTEXT(2) 
PARAMETRIC_REPRESENTATION_CONTEXT() REPRESENTATION_CONTEXT('2D SPACE',''
  ) );
#4047 = ORIENTED_EDGE('',*,*,#4048,.T.);
#4048 = EDGE_CURVE('',#4012,#4049,#4051,.T.);
#4049 = VERTEX_POINT('',#4050);
#4050 = CARTESIAN_POINT('',(17.,10.79112702593,5.157798530669));
#4051 = SURFACE_CURVE('',#4052,(#4056,#4063),.PCURVE_S1.);
#4052 = LINE('',#4053,#4054);
#4053 = CARTESIAN_POINT('',(-76.,10.79112702593,5.157798530669));
#4054 = VECTOR('',#4055,1.);
#4055 = DIRECTION('',(-1.,0.,0.));
#4056 = PCURVE('',#2839,#4057);
#4057 = DEFINITIONAL_REPRESENTATION('',(#4058),#4062);
#4058 = LINE('',#4059,#4060);
#4059 = CARTESIAN_POINT('',(4.,0.));
#4060 = VECTOR('',#4061,1.);
#4061 = DIRECTION('',(0.,-1.));
#4062 = ( GEOMETRIC_REPRESENTATION_CONTEXT(2) 
PARAMETRIC_REPRESENTATION_CONTEXT() REPRESENTATION_CONTEXT('2D SPACE',''
  ) );
#4063 = PCURVE('',#3910,#4064);
#4064 = DEFINITIONAL_REPRESENTATION('',(#4065),#4068);
#4065 = B_SPLINE_CURVE_WITH_KNOTS('',1,(#4066,#4067),.UNSPECIFIED.,.F.,
  .F.,(2,2),(-152.,0.),.PIECEWISE_BEZIER_KNOTS.);
#4066 = CARTESIAN_POINT('',(152.,10.1));
#4067 = CARTESIAN_POINT('',(0.,10.1));
#4068 = ( GEOMETRIC_REPRESENTATION_CONTEXT(2) 
PARAMETRIC_REPRESENTATION_CONTEXT() REPRESENTATION_CONTEXT('2D SPACE',''
  ) );
#4069 = ORIENTED_EDGE('',*,*,#4070,.F.);
#4070 = EDGE_CURVE('',#4071,#4049,#4073,.T.);
#4071 = VERTEX_POINT('',#4072);
#4072 = CARTESIAN_POINT('',(17.,9.75585084552,1.294095225513));
#4073 = SURFACE_CURVE('',#4074,(#4078,#4085),.PCURVE_S1.);
#4074 = LINE('',#4075,#4076);
#4075 = CARTESIAN_POINT('',(17.,9.497031800417,0.328169399224));
#4076 = VECTOR('',#4077,1.);
#4077 = DIRECTION('',(0.,0.258819045103,0.965925826289));
#4078 = PCURVE('',#2839,#4079);
#4079 = DEFINITIONAL_REPRESENTATION('',(#4080),#4084);
#4080 = LINE('',#4081,#4082);
#4081 = CARTESIAN_POINT('',(-1.,93.));
#4082 = VECTOR('',#4083,1.);
#4083 = DIRECTION('',(1.,0.));
#4084 = ( GEOMETRIC_REPRESENTATION_CONTEXT(2) 
PARAMETRIC_REPRESENTATION_CONTEXT() REPRESENTATION_CONTEXT('2D SPACE',''
  ) );
#4085 = PCURVE('',#4086,#4091);
#4086 = PLANE('',#4087);
#4087 = AXIS2_PLACEMENT_3D('',#4088,#4089,#4090);
#4088 = CARTESIAN_POINT('',(17.,-1.224744871392,3.201060799862));
#4089 = DIRECTION('',(1.,0.,0.));
#4090 = DIRECTION('',(0.,0.258819045103,0.965925826289));
#4091 = DEFINITIONAL_REPRESENTATION('',(#4092),#4096);
#4092 = LINE('',#4093,#4094);
#4093 = CARTESIAN_POINT('',(0.,-11.1));
#4094 = VECTOR('',#4095,1.);
#4095 = DIRECTION('',(1.,0.));
#4096 = ( GEOMETRIC_REPRESENTATION_CONTEXT(2) 
PARAMETRIC_REPRESENTATION_CONTEXT() REPRESENTATION_CONTEXT('2D SPACE',''
  ) );
#4097 = ORIENTED_EDGE('',*,*,#4098,.T.);
#4098 = EDGE_CURVE('',#4071,#4099,#4101,.T.);
#4099 = VERTEX_POINT('',#4100);
#4100 = CARTESIAN_POINT('',(-17.,9.75585084552,1.294095225513));
#4101 = SURFACE_CURVE('',#4102,(#4106,#4113),.PCURVE_S1.);
#4102 = LINE('',#4103,#4104);
#4103 = CARTESIAN_POINT('',(-46.5,9.75585084552,1.294095225513));
#4104 = VECTOR('',#4105,1.);
#4105 = DIRECTION('',(-1.,0.,0.));
#4106 = PCURVE('',#2839,#4107);
#4107 = DEFINITIONAL_REPRESENTATION('',(#4108),#4112);
#4108 = LINE('',#4109,#4110);
#4109 = CARTESIAN_POINT('',(0.,29.5));
#4110 = VECTOR('',#4111,1.);
#4111 = DIRECTION('',(0.,-1.));
#4112 = ( GEOMETRIC_REPRESENTATION_CONTEXT(2) 
PARAMETRIC_REPRESENTATION_CONTEXT() REPRESENTATION_CONTEXT('2D SPACE',''
  ) );
#4113 = PCURVE('',#3174,#4114);
#4114 = DEFINITIONAL_REPRESENTATION('',(#4115),#4119);
#4115 = LINE('',#4116,#4117);
#4116 = CARTESIAN_POINT('',(5.,-46.5));
#4117 = VECTOR('',#4118,1.);
#4118 = DIRECTION('',(0.,-1.));
#4119 = ( GEOMETRIC_REPRESENTATION_CONTEXT(2) 
PARAMETRIC_REPRESENTATION_CONTEXT() REPRESENTATION_CONTEXT('2D SPACE',''
  ) );
#4120 = ORIENTED_EDGE('',*,*,#4121,.T.);
#4121 = EDGE_CURVE('',#4099,#4122,#4124,.T.);
#4122 = VERTEX_POINT('',#4123);
#4123 = CARTESIAN_POINT('',(-17.,10.79112702593,5.157798530669));
#4124 = SURFACE_CURVE('',#4125,(#4129,#4136),.PCURVE_S1.);
#4125 = LINE('',#4126,#4127);
#4126 = CARTESIAN_POINT('',(-17.,9.497031800417,0.328169399224));
#4127 = VECTOR('',#4128,1.);
#4128 = DIRECTION('',(0.,0.258819045103,0.965925826289));
#4129 = PCURVE('',#2839,#4130);
#4130 = DEFINITIONAL_REPRESENTATION('',(#4131),#4135);
#4131 = LINE('',#4132,#4133);
#4132 = CARTESIAN_POINT('',(-1.,59.));
#4133 = VECTOR('',#4134,1.);
#4134 = DIRECTION('',(1.,0.));
#4135 = ( GEOMETRIC_REPRESENTATION_CONTEXT(2) 
PARAMETRIC_REPRESENTATION_CONTEXT() REPRESENTATION_CONTEXT('2D SPACE',''
  ) );
#4136 = PCURVE('',#2996,#4137);
#4137 = DEFINITIONAL_REPRESENTATION('',(#4138),#4142);
#4138 = LINE('',#4139,#4140);
#4139 = CARTESIAN_POINT('',(0.,-11.1));
#4140 = VECTOR('',#4141,1.);
#4141 = DIRECTION('',(1.,0.));
#4142 = ( GEOMETRIC_REPRESENTATION_CONTEXT(2) 
PARAMETRIC_REPRESENTATION_CONTEXT() REPRESENTATION_CONTEXT('2D SPACE',''
  ) );
#4143 = ORIENTED_EDGE('',*,*,#4144,.T.);
#4144 = EDGE_CURVE('',#4122,#4145,#4147,.T.);
#4145 = VERTEX_POINT('',#4146);
#4146 = CARTESIAN_POINT('',(-44.52185134888,10.79112702593,
    5.157798530669));
#4147 = SURFACE_CURVE('',#4148,(#4152,#4159),.PCURVE_S1.);
#4148 = LINE('',#4149,#4150);
#4149 = CARTESIAN_POINT('',(-76.,10.79112702593,5.157798530669));
#4150 = VECTOR('',#4151,1.);
#4151 = DIRECTION('',(-1.,0.,0.));
#4152 = PCURVE('',#2839,#4153);
#4153 = DEFINITIONAL_REPRESENTATION('',(#4154),#4158);
#4154 = LINE('',#4155,#4156);
#4155 = CARTESIAN_POINT('',(4.,0.));
#4156 = VECTOR('',#4157,1.);
#4157 = DIRECTION('',(0.,-1.));
#4158 = ( GEOMETRIC_REPRESENTATION_CONTEXT(2) 
PARAMETRIC_REPRESENTATION_CONTEXT() REPRESENTATION_CONTEXT('2D SPACE',''
  ) );
#4159 = PCURVE('',#4160,#4165);
#4160 = PLANE('',#4161);
#4161 = AXIS2_PLACEMENT_3D('',#4162,#4163,#4164);
#4162 = CARTESIAN_POINT('',(-76.,1.03527618041,7.771870886204));
#4163 = DIRECTION('',(0.,0.258819045103,0.965925826289));
#4164 = DIRECTION('',(1.,0.,0.));
#4165 = DEFINITIONAL_REPRESENTATION('',(#4166),#4169);
#4166 = B_SPLINE_CURVE_WITH_KNOTS('',1,(#4167,#4168),.UNSPECIFIED.,.F.,
  .F.,(2,2),(-152.,0.),.PIECEWISE_BEZIER_KNOTS.);
#4167 = CARTESIAN_POINT('',(152.,10.1));
#4168 = CARTESIAN_POINT('',(0.,10.1));
#4169 = ( GEOMETRIC_REPRESENTATION_CONTEXT(2) 
PARAMETRIC_REPRESENTATION_CONTEXT() REPRESENTATION_CONTEXT('2D SPACE',''
  ) );
#4170 = ORIENTED_EDGE('',*,*,#4171,.F.);
#4171 = EDGE_CURVE('',#4172,#4145,#4174,.T.);
#4172 = VERTEX_POINT('',#4173);
#4173 = CARTESIAN_POINT('',(-43.7,12.,9.669373889796));
#4174 = SURFACE_CURVE('',#4175,(#4180,#4187),.PCURVE_S1.);
#4175 = ELLIPSE('',#4176,5.022814296703,1.3);
#4176 = AXIS2_PLACEMENT_3D('',#4177,#4178,#4179);
#4177 = CARTESIAN_POINT('',(-45.,12.,9.669373889796));
#4178 = DIRECTION('',(0.,0.965925826289,-0.258819045103));
#4179 = DIRECTION('',(0.,0.258819045103,0.965925826289));
#4180 = PCURVE('',#2839,#4181);
#4181 = DEFINITIONAL_REPRESENTATION('',(#4182),#4186);
#4182 = ELLIPSE('',#4183,5.022814296703,1.3);
#4183 = AXIS2_PLACEMENT_2D('',#4184,#4185);
#4184 = CARTESIAN_POINT('',(8.67072650543,31.));
#4185 = DIRECTION('',(1.,0.));
#4186 = ( GEOMETRIC_REPRESENTATION_CONTEXT(2) 
PARAMETRIC_REPRESENTATION_CONTEXT() REPRESENTATION_CONTEXT('2D SPACE',''
  ) );
#4187 = PCURVE('',#3473,#4188);
#4188 = DEFINITIONAL_REPRESENTATION('',(#4189),#4206);
#4189 = B_SPLINE_CURVE_WITH_KNOTS('',8,(#4190,#4191,#4192,#4193,#4194,
    #4195,#4196,#4197,#4198,#4199,#4200,#4201,#4202,#4203,#4204,#4205),
  .UNSPECIFIED.,.F.,.F.,(9,7,9),(1.570796326795,3.175692604952,
    4.780588883109),.UNSPECIFIED.);
#4190 = CARTESIAN_POINT('',(6.28318530718,9.669373889796));
#4191 = CARTESIAN_POINT('',(6.08257327241,8.696071291515));
#4192 = CARTESIAN_POINT('',(5.88196123764,7.722768423023));
#4193 = CARTESIAN_POINT('',(5.681349202872,6.80915652358));
#4194 = CARTESIAN_POINT('',(5.480737168102,6.014913408919));
#4195 = CARTESIAN_POINT('',(5.280125133333,5.392073181184));
#4196 = CARTESIAN_POINT('',(5.079513098562,4.977182536946));
#4197 = CARTESIAN_POINT('',(4.878901063792,4.787345202025));
#4198 = CARTESIAN_POINT('',(4.477676994253,4.853711480946));
#4199 = CARTESIAN_POINT('',(4.277064959484,5.109915113217));
#4200 = CARTESIAN_POINT('',(4.076452924715,5.587101925395));
#4201 = CARTESIAN_POINT('',(3.875840889945,6.264098959267));
#4202 = CARTESIAN_POINT('',(3.675228855175,7.100811485077));
#4203 = CARTESIAN_POINT('',(3.474616820405,8.042713402752));
#4204 = CARTESIAN_POINT('',(3.274004785635,9.028960650039));
#4205 = CARTESIAN_POINT('',(3.073392750865,10.0000006));
#4206 = ( GEOMETRIC_REPRESENTATION_CONTEXT(2) 
PARAMETRIC_REPRESENTATION_CONTEXT() REPRESENTATION_CONTEXT('2D SPACE',''
  ) );
#4207 = ORIENTED_EDGE('',*,*,#4208,.F.);
#4208 = EDGE_CURVE('',#4209,#4172,#4211,.T.);
#4209 = VERTEX_POINT('',#4210);
#4210 = CARTESIAN_POINT('',(-43.70302211473,12.088590999226,10.));
#4211 = SURFACE_CURVE('',#4212,(#4217,#4224),.PCURVE_S1.);
#4212 = ELLIPSE('',#4213,5.022814296703,1.3);
#4213 = AXIS2_PLACEMENT_3D('',#4214,#4215,#4216);
#4214 = CARTESIAN_POINT('',(-45.,12.,9.669373889796));
#4215 = DIRECTION('',(0.,0.965925826289,-0.258819045103));
#4216 = DIRECTION('',(0.,0.258819045103,0.965925826289));
#4217 = PCURVE('',#2839,#4218);
#4218 = DEFINITIONAL_REPRESENTATION('',(#4219),#4223);
#4219 = ELLIPSE('',#4220,5.022814296703,1.3);
#4220 = AXIS2_PLACEMENT_2D('',#4221,#4222);
#4221 = CARTESIAN_POINT('',(8.67072650543,31.));
#4222 = DIRECTION('',(1.,0.));
#4223 = ( GEOMETRIC_REPRESENTATION_CONTEXT(2) 
PARAMETRIC_REPRESENTATION_CONTEXT() REPRESENTATION_CONTEXT('2D SPACE',''
  ) );
#4224 = PCURVE('',#3473,#4225);
#4225 = DEFINITIONAL_REPRESENTATION('',(#4226),#4233);
#4226 = B_SPLINE_CURVE_WITH_KNOTS('',5,(#4227,#4228,#4229,#4230,#4231,
    #4232),.UNSPECIFIED.,.F.,.F.,(6,6),(1.50259642407,1.570796326795),
  .PIECEWISE_BEZIER_KNOTS.);
#4227 = CARTESIAN_POINT('',(6.819990272475E-02,10.0000006));
#4228 = CARTESIAN_POINT('',(5.45599221798E-02,9.933977811083));
#4229 = CARTESIAN_POINT('',(4.091994163484E-02,9.867878131177));
#4230 = CARTESIAN_POINT('',(2.72799610899E-02,9.801727150857));
#4231 = CARTESIAN_POINT('',(1.363998054495E-02,9.735550520327));
#4232 = CARTESIAN_POINT('',(0.,9.669373889796));
#4233 = ( GEOMETRIC_REPRESENTATION_CONTEXT(2) 
PARAMETRIC_REPRESENTATION_CONTEXT() REPRESENTATION_CONTEXT('2D SPACE',''
  ) );
#4234 = ORIENTED_EDGE('',*,*,#4235,.F.);
#4235 = EDGE_CURVE('',#4236,#4209,#4238,.T.);
#4236 = VERTEX_POINT('',#4237);
#4237 = CARTESIAN_POINT('',(-46.29697788526,12.088590999226,10.));
#4238 = SURFACE_CURVE('',#4239,(#4243,#4249),.PCURVE_S1.);
#4239 = LINE('',#4240,#4241);
#4240 = CARTESIAN_POINT('',(-60.5,12.088590999226,10.));
#4241 = VECTOR('',#4242,1.);
#4242 = DIRECTION('',(1.,0.,0.));
#4243 = PCURVE('',#2839,#4244);
#4244 = DEFINITIONAL_REPRESENTATION('',(#4245),#4248);
#4245 = B_SPLINE_CURVE_WITH_KNOTS('',1,(#4246,#4247),.UNSPECIFIED.,.F.,
  .F.,(2,2),(14.2,16.8),.PIECEWISE_BEZIER_KNOTS.);
#4246 = CARTESIAN_POINT('',(9.013015841945,29.7));
#4247 = CARTESIAN_POINT('',(9.013015841945,32.3));
#4248 = ( GEOMETRIC_REPRESENTATION_CONTEXT(2) 
PARAMETRIC_REPRESENTATION_CONTEXT() REPRESENTATION_CONTEXT('2D SPACE',''
  ) );
#4249 = PCURVE('',#4250,#4255);
#4250 = PLANE('',#4251);
#4251 = AXIS2_PLACEMENT_3D('',#4252,#4253,#4254);
#4252 = CARTESIAN_POINT('',(-45.,12.,10.));
#4253 = DIRECTION('',(0.,0.,1.));
#4254 = DIRECTION('',(1.,0.,0.));
#4255 = DEFINITIONAL_REPRESENTATION('',(#4256),#4259);
#4256 = B_SPLINE_CURVE_WITH_KNOTS('',1,(#4257,#4258),.UNSPECIFIED.,.F.,
  .F.,(2,2),(14.2,16.8),.PIECEWISE_BEZIER_KNOTS.);
#4257 = CARTESIAN_POINT('',(-1.3,8.859099922574E-02));
#4258 = CARTESIAN_POINT('',(1.3,8.859099922574E-02));
#4259 = ( GEOMETRIC_REPRESENTATION_CONTEXT(2) 
PARAMETRIC_REPRESENTATION_CONTEXT() REPRESENTATION_CONTEXT('2D SPACE',''
  ) );
#4260 = ORIENTED_EDGE('',*,*,#4261,.F.);
#4261 = EDGE_CURVE('',#4262,#4236,#4264,.T.);
#4262 = VERTEX_POINT('',#4263);
#4263 = CARTESIAN_POINT('',(-45.47814865111,10.79112702593,
    5.157798530669));
#4264 = SURFACE_CURVE('',#4265,(#4270,#4277),.PCURVE_S1.);
#4265 = ELLIPSE('',#4266,5.022814296703,1.3);
#4266 = AXIS2_PLACEMENT_3D('',#4267,#4268,#4269);
#4267 = CARTESIAN_POINT('',(-45.,12.,9.669373889796));
#4268 = DIRECTION('',(0.,0.965925826289,-0.258819045103));
#4269 = DIRECTION('',(0.,0.258819045103,0.965925826289));
#4270 = PCURVE('',#2839,#4271);
#4271 = DEFINITIONAL_REPRESENTATION('',(#4272),#4276);
#4272 = ELLIPSE('',#4273,5.022814296703,1.3);
#4273 = AXIS2_PLACEMENT_2D('',#4274,#4275);
#4274 = CARTESIAN_POINT('',(8.67072650543,31.));
#4275 = DIRECTION('',(1.,0.));
#4276 = ( GEOMETRIC_REPRESENTATION_CONTEXT(2) 
PARAMETRIC_REPRESENTATION_CONTEXT() REPRESENTATION_CONTEXT('2D SPACE',''
  ) );
#4277 = PCURVE('',#3473,#4278);
#4278 = DEFINITIONAL_REPRESENTATION('',(#4279),#4296);
#4279 = B_SPLINE_CURVE_WITH_KNOTS('',8,(#4280,#4281,#4282,#4283,#4284,
    #4285,#4286,#4287,#4288,#4289,#4290,#4291,#4292,#4293,#4294,#4295),
  .UNSPECIFIED.,.F.,.F.,(9,7,9),(1.570796326795,3.175692604952,
    4.780588883109),.UNSPECIFIED.);
#4280 = CARTESIAN_POINT('',(6.28318530718,9.669373889796));
#4281 = CARTESIAN_POINT('',(6.08257327241,8.696071291515));
#4282 = CARTESIAN_POINT('',(5.88196123764,7.722768423023));
#4283 = CARTESIAN_POINT('',(5.681349202872,6.80915652358));
#4284 = CARTESIAN_POINT('',(5.480737168102,6.014913408919));
#4285 = CARTESIAN_POINT('',(5.280125133333,5.392073181184));
#4286 = CARTESIAN_POINT('',(5.079513098562,4.977182536946));
#4287 = CARTESIAN_POINT('',(4.878901063792,4.787345202025));
#4288 = CARTESIAN_POINT('',(4.477676994253,4.853711480946));
#4289 = CARTESIAN_POINT('',(4.277064959484,5.109915113217));
#4290 = CARTESIAN_POINT('',(4.076452924715,5.587101925395));
#4291 = CARTESIAN_POINT('',(3.875840889945,6.264098959267));
#4292 = CARTESIAN_POINT('',(3.675228855175,7.100811485077));
#4293 = CARTESIAN_POINT('',(3.474616820405,8.042713402752));
#4294 = CARTESIAN_POINT('',(3.274004785635,9.028960650039));
#4295 = CARTESIAN_POINT('',(3.073392750865,10.0000006));
#4296 = ( GEOMETRIC_REPRESENTATION_CONTEXT(2) 
PARAMETRIC_REPRESENTATION_CONTEXT() REPRESENTATION_CONTEXT('2D SPACE',''
  ) );
#4297 = ORIENTED_EDGE('',*,*,#4298,.T.);
#4298 = EDGE_CURVE('',#4262,#4299,#4301,.T.);
#4299 = VERTEX_POINT('',#4300);
#4300 = CARTESIAN_POINT('',(-68.,10.79112702593,5.157798530669));
#4301 = SURFACE_CURVE('',#4302,(#4306,#4313),.PCURVE_S1.);
#4302 = LINE('',#4303,#4304);
#4303 = CARTESIAN_POINT('',(-76.,10.79112702593,5.157798530669));
#4304 = VECTOR('',#4305,1.);
#4305 = DIRECTION('',(-1.,0.,0.));
#4306 = PCURVE('',#2839,#4307);
#4307 = DEFINITIONAL_REPRESENTATION('',(#4308),#4312);
#4308 = LINE('',#4309,#4310);
#4309 = CARTESIAN_POINT('',(4.,0.));
#4310 = VECTOR('',#4311,1.);
#4311 = DIRECTION('',(0.,-1.));
#4312 = ( GEOMETRIC_REPRESENTATION_CONTEXT(2) 
PARAMETRIC_REPRESENTATION_CONTEXT() REPRESENTATION_CONTEXT('2D SPACE',''
  ) );
#4313 = PCURVE('',#4160,#4314);
#4314 = DEFINITIONAL_REPRESENTATION('',(#4315),#4318);
#4315 = B_SPLINE_CURVE_WITH_KNOTS('',1,(#4316,#4317),.UNSPECIFIED.,.F.,
  .F.,(2,2),(-152.,0.),.PIECEWISE_BEZIER_KNOTS.);
#4316 = CARTESIAN_POINT('',(152.,10.1));
#4317 = CARTESIAN_POINT('',(0.,10.1));
#4318 = ( GEOMETRIC_REPRESENTATION_CONTEXT(2) 
PARAMETRIC_REPRESENTATION_CONTEXT() REPRESENTATION_CONTEXT('2D SPACE',''
  ) );
#4319 = ORIENTED_EDGE('',*,*,#4320,.T.);
#4320 = EDGE_CURVE('',#4299,#4321,#4323,.T.);
#4321 = VERTEX_POINT('',#4322);
#4322 = CARTESIAN_POINT('',(-68.,42.108231483335,122.03482351164));
#4323 = SURFACE_CURVE('',#4324,(#4328,#4335),.PCURVE_S1.);
#4324 = LINE('',#4325,#4326);
#4325 = CARTESIAN_POINT('',(-68.,9.75585084552,1.294095225513));
#4326 = VECTOR('',#4327,1.);
#4327 = DIRECTION('',(0.,0.258819045103,0.965925826289));
#4328 = PCURVE('',#2839,#4329);
#4329 = DEFINITIONAL_REPRESENTATION('',(#4330),#4334);
#4330 = LINE('',#4331,#4332);
#4331 = CARTESIAN_POINT('',(0.,8.));
#4332 = VECTOR('',#4333,1.);
#4333 = DIRECTION('',(1.,0.));
#4334 = ( GEOMETRIC_REPRESENTATION_CONTEXT(2) 
PARAMETRIC_REPRESENTATION_CONTEXT() REPRESENTATION_CONTEXT('2D SPACE',''
  ) );
#4335 = PCURVE('',#2943,#4336);
#4336 = DEFINITIONAL_REPRESENTATION('',(#4337),#4341);
#4337 = LINE('',#4338,#4339);
#4338 = CARTESIAN_POINT('',(0.,-10.1));
#4339 = VECTOR('',#4340,1.);
#4340 = DIRECTION('',(1.,0.));
#4341 = ( GEOMETRIC_REPRESENTATION_CONTEXT(2) 
PARAMETRIC_REPRESENTATION_CONTEXT() REPRESENTATION_CONTEXT('2D SPACE',''
  ) );
#4342 = ORIENTED_EDGE('',*,*,#4343,.F.);
#4343 = EDGE_CURVE('',#2824,#4321,#4344,.T.);
#4344 = SURFACE_CURVE('',#4345,(#4349,#4356),.PCURVE_S1.);
#4345 = LINE('',#4346,#4347);
#4346 = CARTESIAN_POINT('',(-76.,42.108231483335,122.03482351164));
#4347 = VECTOR('',#4348,1.);
#4348 = DIRECTION('',(1.,0.,0.));
#4349 = PCURVE('',#2839,#4350);
#4350 = DEFINITIONAL_REPRESENTATION('',(#4351),#4355);
#4351 = LINE('',#4352,#4353);
#4352 = CARTESIAN_POINT('',(125.,0.));
#4353 = VECTOR('',#4354,1.);
#4354 = DIRECTION('',(0.,1.));
#4355 = ( GEOMETRIC_REPRESENTATION_CONTEXT(2) 
PARAMETRIC_REPRESENTATION_CONTEXT() REPRESENTATION_CONTEXT('2D SPACE',''
  ) );
#4356 = PCURVE('',#2865,#4357);
#4357 = DEFINITIONAL_REPRESENTATION('',(#4358),#4362);
#4358 = LINE('',#4359,#4360);
#4359 = CARTESIAN_POINT('',(0.,10.1));
#4360 = VECTOR('',#4361,1.);
#4361 = DIRECTION('',(1.,0.));
#4362 = ( GEOMETRIC_REPRESENTATION_CONTEXT(2) 
PARAMETRIC_REPRESENTATION_CONTEXT() REPRESENTATION_CONTEXT('2D SPACE',''
  ) );
#4363 = ORIENTED_EDGE('',*,*,#2823,.T.);
#4364 = ORIENTED_EDGE('',*,*,#3767,.T.);
#4365 = ADVANCED_FACE('',(#4366),#2865,.T.);
#4366 = FACE_BOUND('',#4367,.T.);
#4367 = EDGE_LOOP('',(#4368,#4369,#4370,#4391));
#4368 = ORIENTED_EDGE('',*,*,#2851,.F.);
#4369 = ORIENTED_EDGE('',*,*,#2904,.T.);
#4370 = ORIENTED_EDGE('',*,*,#4371,.T.);
#4371 = EDGE_CURVE('',#2905,#4321,#4372,.T.);
#4372 = SURFACE_CURVE('',#4373,(#4377,#4384),.PCURVE_S1.);
#4373 = LINE('',#4374,#4375);
#4374 = CARTESIAN_POINT('',(-68.,32.352380637815,124.64889586718));
#4375 = VECTOR('',#4376,1.);
#4376 = DIRECTION('',(0.,0.965925826289,-0.258819045103));
#4377 = PCURVE('',#2865,#4378);
#4378 = DEFINITIONAL_REPRESENTATION('',(#4379),#4383);
#4379 = LINE('',#4380,#4381);
#4380 = CARTESIAN_POINT('',(8.,0.));
#4381 = VECTOR('',#4382,1.);
#4382 = DIRECTION('',(0.,1.));
#4383 = ( GEOMETRIC_REPRESENTATION_CONTEXT(2) 
PARAMETRIC_REPRESENTATION_CONTEXT() REPRESENTATION_CONTEXT('2D SPACE',''
  ) );
#4384 = PCURVE('',#2943,#4385);
#4385 = DEFINITIONAL_REPRESENTATION('',(#4386),#4390);
#4386 = LINE('',#4387,#4388);
#4387 = CARTESIAN_POINT('',(125.,0.));
#4388 = VECTOR('',#4389,1.);
#4389 = DIRECTION('',(0.,-1.));
#4390 = ( GEOMETRIC_REPRESENTATION_CONTEXT(2) 
PARAMETRIC_REPRESENTATION_CONTEXT() REPRESENTATION_CONTEXT('2D SPACE',''
  ) );
#4391 = ORIENTED_EDGE('',*,*,#4343,.F.);
#4392 = ADVANCED_FACE('',(#4393),#2996,.T.);
#4393 = FACE_BOUND('',#4394,.T.);
#4394 = EDGE_LOOP('',(#4395,#4396,#4417,#4443,#4462,#4463));
#4395 = ORIENTED_EDGE('',*,*,#4121,.T.);
#4396 = ORIENTED_EDGE('',*,*,#4397,.F.);
#4397 = EDGE_CURVE('',#4398,#4122,#4400,.T.);
#4398 = VERTEX_POINT('',#4399);
#4399 = CARTESIAN_POINT('',(-17.,3.933053659277,6.995413750897));
#4400 = SURFACE_CURVE('',#4401,(#4405,#4411),.PCURVE_S1.);
#4401 = LINE('',#4402,#4403);
#4402 = CARTESIAN_POINT('',(-17.,0.552313267266,7.901280408756));
#4403 = VECTOR('',#4404,1.);
#4404 = DIRECTION('',(0.,0.965925826289,-0.258819045103));
#4405 = PCURVE('',#2996,#4406);
#4406 = DEFINITIONAL_REPRESENTATION('',(#4407),#4410);
#4407 = B_SPLINE_CURVE_WITH_KNOTS('',1,(#4408,#4409),.UNSPECIFIED.,.F.,
  .F.,(2,2),(3.5,10.6),.PIECEWISE_BEZIER_KNOTS.);
#4408 = CARTESIAN_POINT('',(5.,-4.));
#4409 = CARTESIAN_POINT('',(5.,-11.1));
#4410 = ( GEOMETRIC_REPRESENTATION_CONTEXT(2) 
PARAMETRIC_REPRESENTATION_CONTEXT() REPRESENTATION_CONTEXT('2D SPACE',''
  ) );
#4411 = PCURVE('',#4160,#4412);
#4412 = DEFINITIONAL_REPRESENTATION('',(#4413),#4416);
#4413 = B_SPLINE_CURVE_WITH_KNOTS('',1,(#4414,#4415),.UNSPECIFIED.,.F.,
  .F.,(2,2),(3.5,10.6),.PIECEWISE_BEZIER_KNOTS.);
#4414 = CARTESIAN_POINT('',(59.,3.));
#4415 = CARTESIAN_POINT('',(59.,10.1));
#4416 = ( GEOMETRIC_REPRESENTATION_CONTEXT(2) 
PARAMETRIC_REPRESENTATION_CONTEXT() REPRESENTATION_CONTEXT('2D SPACE',''
  ) );
#4417 = ORIENTED_EDGE('',*,*,#4418,.F.);
#4418 = EDGE_CURVE('',#4419,#4398,#4421,.T.);
#4419 = VERTEX_POINT('',#4420);
#4420 = CARTESIAN_POINT('',(-17.,6.2624250652,15.688746187498));
#4421 = SURFACE_CURVE('',#4422,(#4426,#4432),.PCURVE_S1.);
#4422 = LINE('',#4423,#4424);
#4423 = CARTESIAN_POINT('',(-17.,2.768367956316,2.648747532596));
#4424 = VECTOR('',#4425,1.);
#4425 = DIRECTION('',(0.,-0.258819045103,-0.965925826289));
#4426 = PCURVE('',#2996,#4427);
#4427 = DEFINITIONAL_REPRESENTATION('',(#4428),#4431);
#4428 = B_SPLINE_CURVE_WITH_KNOTS('',1,(#4429,#4430),.UNSPECIFIED.,.F.,
  .F.,(2,2),(-13.5,-4.5),.PIECEWISE_BEZIER_KNOTS.);
#4429 = CARTESIAN_POINT('',(14.,-4.));
#4430 = CARTESIAN_POINT('',(5.,-4.));
#4431 = ( GEOMETRIC_REPRESENTATION_CONTEXT(2) 
PARAMETRIC_REPRESENTATION_CONTEXT() REPRESENTATION_CONTEXT('2D SPACE',''
  ) );
#4432 = PCURVE('',#4433,#4438);
#4433 = PLANE('',#4434);
#4434 = AXIS2_PLACEMENT_3D('',#4435,#4436,#4437);
#4435 = CARTESIAN_POINT('',(-76.,2.897777478867,3.131710445741));
#4436 = DIRECTION('',(0.,0.965925826289,-0.258819045103));
#4437 = DIRECTION('',(0.,0.258819045103,0.965925826289));
#4438 = DEFINITIONAL_REPRESENTATION('',(#4439),#4442);
#4439 = B_SPLINE_CURVE_WITH_KNOTS('',1,(#4440,#4441),.UNSPECIFIED.,.F.,
  .F.,(2,2),(-13.5,-4.5),.PIECEWISE_BEZIER_KNOTS.);
#4440 = CARTESIAN_POINT('',(13.,59.));
#4441 = CARTESIAN_POINT('',(4.,59.));
#4442 = ( GEOMETRIC_REPRESENTATION_CONTEXT(2) 
PARAMETRIC_REPRESENTATION_CONTEXT() REPRESENTATION_CONTEXT('2D SPACE',''
  ) );
#4443 = ORIENTED_EDGE('',*,*,#4444,.F.);
#4444 = EDGE_CURVE('',#2956,#4419,#4445,.T.);
#4445 = SURFACE_CURVE('',#4446,(#4450,#4456),.PCURVE_S1.);
#4446 = LINE('',#4447,#4448);
#4447 = CARTESIAN_POINT('',(-17.,2.881684673188,16.594612845357));
#4448 = VECTOR('',#4449,1.);
#4449 = DIRECTION('',(0.,0.965925826289,-0.258819045103));
#4450 = PCURVE('',#2996,#4451);
#4451 = DEFINITIONAL_REPRESENTATION('',(#4452),#4455);
#4452 = B_SPLINE_CURVE_WITH_KNOTS('',1,(#4453,#4454),.UNSPECIFIED.,.F.,
  .F.,(2,2),(0.5,3.5),.PIECEWISE_BEZIER_KNOTS.);
#4453 = CARTESIAN_POINT('',(14.,-1.));
#4454 = CARTESIAN_POINT('',(14.,-4.));
#4455 = ( GEOMETRIC_REPRESENTATION_CONTEXT(2) 
PARAMETRIC_REPRESENTATION_CONTEXT() REPRESENTATION_CONTEXT('2D SPACE',''
  ) );
#4456 = PCURVE('',#2971,#4457);
#4457 = DEFINITIONAL_REPRESENTATION('',(#4458),#4461);
#4458 = B_SPLINE_CURVE_WITH_KNOTS('',1,(#4459,#4460),.UNSPECIFIED.,.F.,
  .F.,(2,2),(0.5,3.5),.PIECEWISE_BEZIER_KNOTS.);
#4459 = CARTESIAN_POINT('',(59.,0.));
#4460 = CARTESIAN_POINT('',(59.,3.));
#4461 = ( GEOMETRIC_REPRESENTATION_CONTEXT(2) 
PARAMETRIC_REPRESENTATION_CONTEXT() REPRESENTATION_CONTEXT('2D SPACE',''
  ) );
#4462 = ORIENTED_EDGE('',*,*,#2983,.T.);
#4463 = ORIENTED_EDGE('',*,*,#4464,.T.);
#4464 = EDGE_CURVE('',#2881,#4099,#4465,.T.);
#4465 = SURFACE_CURVE('',#4466,(#4470,#4476),.PCURVE_S1.);
#4466 = LINE('',#4467,#4468);
#4467 = CARTESIAN_POINT('',(-17.,-0.482962913145,4.037577103599));
#4468 = VECTOR('',#4469,1.);
#4469 = DIRECTION('',(0.,0.965925826289,-0.258819045103));
#4470 = PCURVE('',#2996,#4471);
#4471 = DEFINITIONAL_REPRESENTATION('',(#4472),#4475);
#4472 = B_SPLINE_CURVE_WITH_KNOTS('',1,(#4473,#4474),.UNSPECIFIED.,.F.,
  .F.,(2,2),(0.5,10.6),.PIECEWISE_BEZIER_KNOTS.);
#4473 = CARTESIAN_POINT('',(1.,-1.));
#4474 = CARTESIAN_POINT('',(1.,-11.1));
#4475 = ( GEOMETRIC_REPRESENTATION_CONTEXT(2) 
PARAMETRIC_REPRESENTATION_CONTEXT() REPRESENTATION_CONTEXT('2D SPACE',''
  ) );
#4476 = PCURVE('',#3174,#4477);
#4477 = DEFINITIONAL_REPRESENTATION('',(#4478),#4482);
#4478 = LINE('',#4479,#4480);
#4479 = CARTESIAN_POINT('',(15.6,-17.));
#4480 = VECTOR('',#4481,1.);
#4481 = DIRECTION('',(-1.,0.));
#4482 = ( GEOMETRIC_REPRESENTATION_CONTEXT(2) 
PARAMETRIC_REPRESENTATION_CONTEXT() REPRESENTATION_CONTEXT('2D SPACE',''
  ) );
#4483 = ADVANCED_FACE('',(#4484),#2971,.T.);
#4484 = FACE_BOUND('',#4485,.T.);
#4485 = EDGE_LOOP('',(#4486,#4509,#4528,#4529));
#4486 = ORIENTED_EDGE('',*,*,#4487,.F.);
#4487 = EDGE_CURVE('',#4488,#4419,#4490,.T.);
#4488 = VERTEX_POINT('',#4489);
#4489 = CARTESIAN_POINT('',(-68.,6.2624250652,15.688746187498));
#4490 = SURFACE_CURVE('',#4491,(#4495,#4502),.PCURVE_S1.);
#4491 = LINE('',#4492,#4493);
#4492 = CARTESIAN_POINT('',(-76.,6.2624250652,15.688746187498));
#4493 = VECTOR('',#4494,1.);
#4494 = DIRECTION('',(1.,0.,0.));
#4495 = PCURVE('',#2971,#4496);
#4496 = DEFINITIONAL_REPRESENTATION('',(#4497),#4501);
#4497 = LINE('',#4498,#4499);
#4498 = CARTESIAN_POINT('',(0.,3.));
#4499 = VECTOR('',#4500,1.);
#4500 = DIRECTION('',(1.,0.));
#4501 = ( GEOMETRIC_REPRESENTATION_CONTEXT(2) 
PARAMETRIC_REPRESENTATION_CONTEXT() REPRESENTATION_CONTEXT('2D SPACE',''
  ) );
#4502 = PCURVE('',#4433,#4503);
#4503 = DEFINITIONAL_REPRESENTATION('',(#4504),#4508);
#4504 = LINE('',#4505,#4506);
#4505 = CARTESIAN_POINT('',(13.,0.));
#4506 = VECTOR('',#4507,1.);
#4507 = DIRECTION('',(0.,1.));
#4508 = ( GEOMETRIC_REPRESENTATION_CONTEXT(2) 
PARAMETRIC_REPRESENTATION_CONTEXT() REPRESENTATION_CONTEXT('2D SPACE',''
  ) );
#4509 = ORIENTED_EDGE('',*,*,#4510,.F.);
#4510 = EDGE_CURVE('',#2928,#4488,#4511,.T.);
#4511 = SURFACE_CURVE('',#4512,(#4516,#4522),.PCURVE_S1.);
#4512 = LINE('',#4513,#4514);
#4513 = CARTESIAN_POINT('',(-68.,3.364647586333,16.465203322806));
#4514 = VECTOR('',#4515,1.);
#4515 = DIRECTION('',(0.,0.965925826289,-0.258819045103));
#4516 = PCURVE('',#2971,#4517);
#4517 = DEFINITIONAL_REPRESENTATION('',(#4518),#4521);
#4518 = B_SPLINE_CURVE_WITH_KNOTS('',1,(#4519,#4520),.UNSPECIFIED.,.F.,
  .F.,(2,2),(0.,3.),.PIECEWISE_BEZIER_KNOTS.);
#4519 = CARTESIAN_POINT('',(8.,0.));
#4520 = CARTESIAN_POINT('',(8.,3.));
#4521 = ( GEOMETRIC_REPRESENTATION_CONTEXT(2) 
PARAMETRIC_REPRESENTATION_CONTEXT() REPRESENTATION_CONTEXT('2D SPACE',''
  ) );
#4522 = PCURVE('',#2943,#4523);
#4523 = DEFINITIONAL_REPRESENTATION('',(#4524),#4527);
#4524 = B_SPLINE_CURVE_WITH_KNOTS('',1,(#4525,#4526),.UNSPECIFIED.,.F.,
  .F.,(2,2),(0.,3.),.PIECEWISE_BEZIER_KNOTS.);
#4525 = CARTESIAN_POINT('',(13.,0.));
#4526 = CARTESIAN_POINT('',(13.,-3.));
#4527 = ( GEOMETRIC_REPRESENTATION_CONTEXT(2) 
PARAMETRIC_REPRESENTATION_CONTEXT() REPRESENTATION_CONTEXT('2D SPACE',''
  ) );
#4528 = ORIENTED_EDGE('',*,*,#2955,.T.);
#4529 = ORIENTED_EDGE('',*,*,#4444,.T.);
#4530 = ADVANCED_FACE('',(#4531),#2943,.T.);
#4531 = FACE_BOUND('',#4532,.T.);
#4532 = EDGE_LOOP('',(#4533,#4534,#4535,#4556,#4575,#4576));
#4533 = ORIENTED_EDGE('',*,*,#2927,.F.);
#4534 = ORIENTED_EDGE('',*,*,#4510,.T.);
#4535 = ORIENTED_EDGE('',*,*,#4536,.T.);
#4536 = EDGE_CURVE('',#4488,#4537,#4539,.T.);
#4537 = VERTEX_POINT('',#4538);
#4538 = CARTESIAN_POINT('',(-68.,3.933053659277,6.995413750897));
#4539 = SURFACE_CURVE('',#4540,(#4544,#4550),.PCURVE_S1.);
#4540 = LINE('',#4541,#4542);
#4541 = CARTESIAN_POINT('',(-68.,2.897777478867,3.131710445741));
#4542 = VECTOR('',#4543,1.);
#4543 = DIRECTION('',(0.,-0.258819045103,-0.965925826289));
#4544 = PCURVE('',#2943,#4545);
#4545 = DEFINITIONAL_REPRESENTATION('',(#4546),#4549);
#4546 = B_SPLINE_CURVE_WITH_KNOTS('',1,(#4547,#4548),.UNSPECIFIED.,.F.,
  .F.,(2,2),(-13.,-4.),.PIECEWISE_BEZIER_KNOTS.);
#4547 = CARTESIAN_POINT('',(13.,-3.));
#4548 = CARTESIAN_POINT('',(4.,-3.));
#4549 = ( GEOMETRIC_REPRESENTATION_CONTEXT(2) 
PARAMETRIC_REPRESENTATION_CONTEXT() REPRESENTATION_CONTEXT('2D SPACE',''
  ) );
#4550 = PCURVE('',#4433,#4551);
#4551 = DEFINITIONAL_REPRESENTATION('',(#4552),#4555);
#4552 = B_SPLINE_CURVE_WITH_KNOTS('',1,(#4553,#4554),.UNSPECIFIED.,.F.,
  .F.,(2,2),(-13.,-4.),.PIECEWISE_BEZIER_KNOTS.);
#4553 = CARTESIAN_POINT('',(13.,8.));
#4554 = CARTESIAN_POINT('',(4.,8.));
#4555 = ( GEOMETRIC_REPRESENTATION_CONTEXT(2) 
PARAMETRIC_REPRESENTATION_CONTEXT() REPRESENTATION_CONTEXT('2D SPACE',''
  ) );
#4556 = ORIENTED_EDGE('',*,*,#4557,.T.);
#4557 = EDGE_CURVE('',#4537,#4299,#4558,.T.);
#4558 = SURFACE_CURVE('',#4559,(#4563,#4569),.PCURVE_S1.);
#4559 = LINE('',#4560,#4561);
#4560 = CARTESIAN_POINT('',(-68.,1.03527618041,7.771870886204));
#4561 = VECTOR('',#4562,1.);
#4562 = DIRECTION('',(0.,0.965925826289,-0.258819045103));
#4563 = PCURVE('',#2943,#4564);
#4564 = DEFINITIONAL_REPRESENTATION('',(#4565),#4568);
#4565 = B_SPLINE_CURVE_WITH_KNOTS('',1,(#4566,#4567),.UNSPECIFIED.,.F.,
  .F.,(2,2),(3.,10.1),.PIECEWISE_BEZIER_KNOTS.);
#4566 = CARTESIAN_POINT('',(4.,-3.));
#4567 = CARTESIAN_POINT('',(4.,-10.1));
#4568 = ( GEOMETRIC_REPRESENTATION_CONTEXT(2) 
PARAMETRIC_REPRESENTATION_CONTEXT() REPRESENTATION_CONTEXT('2D SPACE',''
  ) );
#4569 = PCURVE('',#4160,#4570);
#4570 = DEFINITIONAL_REPRESENTATION('',(#4571),#4574);
#4571 = B_SPLINE_CURVE_WITH_KNOTS('',1,(#4572,#4573),.UNSPECIFIED.,.F.,
  .F.,(2,2),(3.,10.1),.PIECEWISE_BEZIER_KNOTS.);
#4572 = CARTESIAN_POINT('',(8.,3.));
#4573 = CARTESIAN_POINT('',(8.,10.1));
#4574 = ( GEOMETRIC_REPRESENTATION_CONTEXT(2) 
PARAMETRIC_REPRESENTATION_CONTEXT() REPRESENTATION_CONTEXT('2D SPACE',''
  ) );
#4575 = ORIENTED_EDGE('',*,*,#4320,.T.);
#4576 = ORIENTED_EDGE('',*,*,#4371,.F.);
#4577 = ADVANCED_FACE('',(#4578),#3030,.T.);
#4578 = FACE_BOUND('',#4579,.T.);
#4579 = EDGE_LOOP('',(#4580,#4609,#4630,#4631));
#4580 = ORIENTED_EDGE('',*,*,#4581,.F.);
#4581 = EDGE_CURVE('',#4582,#4582,#4584,.T.);
#4582 = VERTEX_POINT('',#4583);
#4583 = CARTESIAN_POINT('',(-70.,5.581333603948,38.647320063535));
#4584 = SURFACE_CURVE('',#4585,(#4590,#4597),.PCURVE_S1.);
#4585 = CIRCLE('',#4586,2.);
#4586 = AXIS2_PLACEMENT_3D('',#4587,#4588,#4589);
#4587 = CARTESIAN_POINT('',(-72.,5.581333603948,38.647320063535));
#4588 = DIRECTION('',(0.,-0.965925826289,0.258819045103));
#4589 = DIRECTION('',(1.,0.,0.));
#4590 = PCURVE('',#3030,#4591);
#4591 = DEFINITIONAL_REPRESENTATION('',(#4592),#4596);
#4592 = LINE('',#4593,#4594);
#4593 = CARTESIAN_POINT('',(0.,3.6));
#4594 = VECTOR('',#4595,1.);
#4595 = DIRECTION('',(1.,0.));
#4596 = ( GEOMETRIC_REPRESENTATION_CONTEXT(2) 
PARAMETRIC_REPRESENTATION_CONTEXT() REPRESENTATION_CONTEXT('2D SPACE',''
  ) );
#4597 = PCURVE('',#4598,#4603);
#4598 = PLANE('',#4599);
#4599 = AXIS2_PLACEMENT_3D('',#4600,#4601,#4602);
#4600 = CARTESIAN_POINT('',(-72.,5.581333603948,38.647320063535));
#4601 = DIRECTION('',(0.,-0.965925826289,0.258819045103));
#4602 = DIRECTION('',(1.,0.,0.));
#4603 = DEFINITIONAL_REPRESENTATION('',(#4604),#4608);
#4604 = CIRCLE('',#4605,2.);
#4605 = AXIS2_PLACEMENT_2D('',#4606,#4607);
#4606 = CARTESIAN_POINT('',(0.,0.));
#4607 = DIRECTION('',(1.,0.));
#4608 = ( GEOMETRIC_REPRESENTATION_CONTEXT(2) 
PARAMETRIC_REPRESENTATION_CONTEXT() REPRESENTATION_CONTEXT('2D SPACE',''
  ) );
#4609 = ORIENTED_EDGE('',*,*,#4610,.F.);
#4610 = EDGE_CURVE('',#3010,#4582,#4611,.T.);
#4611 = SEAM_CURVE('',#4612,(#4616,#4623),.PCURVE_S1.);
#4612 = LINE('',#4613,#4614);
#4613 = CARTESIAN_POINT('',(-70.,9.058666578588,37.715571501165));
#4614 = VECTOR('',#4615,1.);
#4615 = DIRECTION('',(0.,-0.965925826289,0.258819045103));
#4616 = PCURVE('',#3030,#4617);
#4617 = DEFINITIONAL_REPRESENTATION('',(#4618),#4622);
#4618 = LINE('',#4619,#4620);
#4619 = CARTESIAN_POINT('',(6.28318530718,0.));
#4620 = VECTOR('',#4621,1.);
#4621 = DIRECTION('',(0.,1.));
#4622 = ( GEOMETRIC_REPRESENTATION_CONTEXT(2) 
PARAMETRIC_REPRESENTATION_CONTEXT() REPRESENTATION_CONTEXT('2D SPACE',''
  ) );
#4623 = PCURVE('',#3030,#4624);
#4624 = DEFINITIONAL_REPRESENTATION('',(#4625),#4629);
#4625 = LINE('',#4626,#4627);
#4626 = CARTESIAN_POINT('',(0.,0.));
#4627 = VECTOR('',#4628,1.);
#4628 = DIRECTION('',(0.,1.));
#4629 = ( GEOMETRIC_REPRESENTATION_CONTEXT(2) 
PARAMETRIC_REPRESENTATION_CONTEXT() REPRESENTATION_CONTEXT('2D SPACE',''
  ) );
#4630 = ORIENTED_EDGE('',*,*,#3009,.T.);
#4631 = ORIENTED_EDGE('',*,*,#4610,.T.);
#4632 = ADVANCED_FACE('',(#4633),#3065,.T.);
#4633 = FACE_BOUND('',#4634,.T.);
#4634 = EDGE_LOOP('',(#4635,#4664,#4685,#4686));
#4635 = ORIENTED_EDGE('',*,*,#4636,.F.);
#4636 = EDGE_CURVE('',#4637,#4637,#4639,.T.);
#4637 = VERTEX_POINT('',#4638);
#4638 = CARTESIAN_POINT('',(-70.,25.510400076842,113.02360868779));
#4639 = SURFACE_CURVE('',#4640,(#4645,#4652),.PCURVE_S1.);
#4640 = CIRCLE('',#4641,2.);
#4641 = AXIS2_PLACEMENT_3D('',#4642,#4643,#4644);
#4642 = CARTESIAN_POINT('',(-72.,25.510400076842,113.02360868779));
#4643 = DIRECTION('',(0.,-0.965925826289,0.258819045103));
#4644 = DIRECTION('',(1.,0.,0.));
#4645 = PCURVE('',#3065,#4646);
#4646 = DEFINITIONAL_REPRESENTATION('',(#4647),#4651);
#4647 = LINE('',#4648,#4649);
#4648 = CARTESIAN_POINT('',(0.,3.6));
#4649 = VECTOR('',#4650,1.);
#4650 = DIRECTION('',(1.,0.));
#4651 = ( GEOMETRIC_REPRESENTATION_CONTEXT(2) 
PARAMETRIC_REPRESENTATION_CONTEXT() REPRESENTATION_CONTEXT('2D SPACE',''
  ) );
#4652 = PCURVE('',#4653,#4658);
#4653 = PLANE('',#4654);
#4654 = AXIS2_PLACEMENT_3D('',#4655,#4656,#4657);
#4655 = CARTESIAN_POINT('',(-72.,25.510400076842,113.02360868779));
#4656 = DIRECTION('',(0.,-0.965925826289,0.258819045103));
#4657 = DIRECTION('',(1.,0.,0.));
#4658 = DEFINITIONAL_REPRESENTATION('',(#4659),#4663);
#4659 = CIRCLE('',#4660,2.);
#4660 = AXIS2_PLACEMENT_2D('',#4661,#4662);
#4661 = CARTESIAN_POINT('',(0.,0.));
#4662 = DIRECTION('',(1.,0.));
#4663 = ( GEOMETRIC_REPRESENTATION_CONTEXT(2) 
PARAMETRIC_REPRESENTATION_CONTEXT() REPRESENTATION_CONTEXT('2D SPACE',''
  ) );
#4664 = ORIENTED_EDGE('',*,*,#4665,.F.);
#4665 = EDGE_CURVE('',#3045,#4637,#4666,.T.);
#4666 = SEAM_CURVE('',#4667,(#4671,#4678),.PCURVE_S1.);
#4667 = LINE('',#4668,#4669);
#4668 = CARTESIAN_POINT('',(-70.,28.987733051482,112.09186012542));
#4669 = VECTOR('',#4670,1.);
#4670 = DIRECTION('',(0.,-0.965925826289,0.258819045103));
#4671 = PCURVE('',#3065,#4672);
#4672 = DEFINITIONAL_REPRESENTATION('',(#4673),#4677);
#4673 = LINE('',#4674,#4675);
#4674 = CARTESIAN_POINT('',(6.28318530718,0.));
#4675 = VECTOR('',#4676,1.);
#4676 = DIRECTION('',(0.,1.));
#4677 = ( GEOMETRIC_REPRESENTATION_CONTEXT(2) 
PARAMETRIC_REPRESENTATION_CONTEXT() REPRESENTATION_CONTEXT('2D SPACE',''
  ) );
#4678 = PCURVE('',#3065,#4679);
#4679 = DEFINITIONAL_REPRESENTATION('',(#4680),#4684);
#4680 = LINE('',#4681,#4682);
#4681 = CARTESIAN_POINT('',(0.,0.));
#4682 = VECTOR('',#4683,1.);
#4683 = DIRECTION('',(0.,1.));
#4684 = ( GEOMETRIC_REPRESENTATION_CONTEXT(2) 
PARAMETRIC_REPRESENTATION_CONTEXT() REPRESENTATION_CONTEXT('2D SPACE',''
  ) );
#4685 = ORIENTED_EDGE('',*,*,#3044,.T.);
#4686 = ORIENTED_EDGE('',*,*,#4665,.T.);
#4687 = ADVANCED_FACE('',(#4688),#3120,.T.);
#4688 = FACE_BOUND('',#4689,.T.);
#4689 = EDGE_LOOP('',(#4690,#4691,#4714,#4735,#4736,#4737,#4738));
#4690 = ORIENTED_EDGE('',*,*,#3815,.F.);
#4691 = ORIENTED_EDGE('',*,*,#4692,.F.);
#4692 = EDGE_CURVE('',#4693,#3816,#4695,.T.);
#4693 = VERTEX_POINT('',#4694);
#4694 = CARTESIAN_POINT('',(76.,32.352380637815,124.64889586718));
#4695 = SURFACE_CURVE('',#4696,(#4700,#4707),.PCURVE_S1.);
#4696 = LINE('',#4697,#4698);
#4697 = CARTESIAN_POINT('',(76.,32.352380637815,124.64889586718));
#4698 = VECTOR('',#4699,1.);
#4699 = DIRECTION('',(0.,0.965925826289,-0.258819045103));
#4700 = PCURVE('',#3120,#4701);
#4701 = DEFINITIONAL_REPRESENTATION('',(#4702),#4706);
#4702 = LINE('',#4703,#4704);
#4703 = CARTESIAN_POINT('',(125.,-1.275363666538E-16));
#4704 = VECTOR('',#4705,1.);
#4705 = DIRECTION('',(-1.225300278295E-17,-1.));
#4706 = ( GEOMETRIC_REPRESENTATION_CONTEXT(2) 
PARAMETRIC_REPRESENTATION_CONTEXT() REPRESENTATION_CONTEXT('2D SPACE',''
  ) );
#4707 = PCURVE('',#3854,#4708);
#4708 = DEFINITIONAL_REPRESENTATION('',(#4709),#4713);
#4709 = LINE('',#4710,#4711);
#4710 = CARTESIAN_POINT('',(8.,0.));
#4711 = VECTOR('',#4712,1.);
#4712 = DIRECTION('',(0.,1.));
#4713 = ( GEOMETRIC_REPRESENTATION_CONTEXT(2) 
PARAMETRIC_REPRESENTATION_CONTEXT() REPRESENTATION_CONTEXT('2D SPACE',''
  ) );
#4714 = ORIENTED_EDGE('',*,*,#4715,.F.);
#4715 = EDGE_CURVE('',#3105,#4693,#4716,.T.);
#4716 = SURFACE_CURVE('',#4717,(#4721,#4728),.PCURVE_S1.);
#4717 = LINE('',#4718,#4719);
#4718 = CARTESIAN_POINT('',(76.,0.,3.908167581048));
#4719 = VECTOR('',#4720,1.);
#4720 = DIRECTION('',(0.,0.258819045103,0.965925826289));
#4721 = PCURVE('',#3120,#4722);
#4722 = DEFINITIONAL_REPRESENTATION('',(#4723),#4727);
#4723 = LINE('',#4724,#4725);
#4724 = CARTESIAN_POINT('',(0.,0.));
#4725 = VECTOR('',#4726,1.);
#4726 = DIRECTION('',(1.,1.225300278295E-17));
#4727 = ( GEOMETRIC_REPRESENTATION_CONTEXT(2) 
PARAMETRIC_REPRESENTATION_CONTEXT() REPRESENTATION_CONTEXT('2D SPACE',''
  ) );
#4728 = PCURVE('',#3148,#4729);
#4729 = DEFINITIONAL_REPRESENTATION('',(#4730),#4734);
#4730 = LINE('',#4731,#4732);
#4731 = CARTESIAN_POINT('',(0.,152.));
#4732 = VECTOR('',#4733,1.);
#4733 = DIRECTION('',(1.,0.));
#4734 = ( GEOMETRIC_REPRESENTATION_CONTEXT(2) 
PARAMETRIC_REPRESENTATION_CONTEXT() REPRESENTATION_CONTEXT('2D SPACE',''
  ) );
#4735 = ORIENTED_EDGE('',*,*,#3104,.T.);
#4736 = ORIENTED_EDGE('',*,*,#3190,.T.);
#4737 = ORIENTED_EDGE('',*,*,#3618,.T.);
#4738 = ORIENTED_EDGE('',*,*,#3790,.F.);
#4739 = ADVANCED_FACE('',(#4740,#4837,#4872),#3148,.F.);
#4740 = FACE_BOUND('',#4741,.F.);
#4741 = EDGE_LOOP('',(#4742,#4743,#4764,#4792,#4815,#4836));
#4742 = ORIENTED_EDGE('',*,*,#3132,.F.);
#4743 = ORIENTED_EDGE('',*,*,#4744,.F.);
#4744 = EDGE_CURVE('',#4745,#3133,#4747,.T.);
#4745 = VERTEX_POINT('',#4746);
#4746 = CARTESIAN_POINT('',(17.,3.364647586333,16.465203322806));
#4747 = SURFACE_CURVE('',#4748,(#4752,#4758),.PCURVE_S1.);
#4748 = LINE('',#4749,#4750);
#4749 = CARTESIAN_POINT('',(17.,-0.129409522551,3.425204667904));
#4750 = VECTOR('',#4751,1.);
#4751 = DIRECTION('',(0.,-0.258819045103,-0.965925826289));
#4752 = PCURVE('',#3148,#4753);
#4753 = DEFINITIONAL_REPRESENTATION('',(#4754),#4757);
#4754 = B_SPLINE_CURVE_WITH_KNOTS('',1,(#4755,#4756),.UNSPECIFIED.,.F.,
  .F.,(2,2),(-14.5,-0.5),.PIECEWISE_BEZIER_KNOTS.);
#4755 = CARTESIAN_POINT('',(14.,93.));
#4756 = CARTESIAN_POINT('',(0.,93.));
#4757 = ( GEOMETRIC_REPRESENTATION_CONTEXT(2) 
PARAMETRIC_REPRESENTATION_CONTEXT() REPRESENTATION_CONTEXT('2D SPACE',''
  ) );
#4758 = PCURVE('',#4086,#4759);
#4759 = DEFINITIONAL_REPRESENTATION('',(#4760),#4763);
#4760 = B_SPLINE_CURVE_WITH_KNOTS('',1,(#4761,#4762),.UNSPECIFIED.,.F.,
  .F.,(2,2),(-14.5,-0.5),.PIECEWISE_BEZIER_KNOTS.);
#4761 = CARTESIAN_POINT('',(15.,-1.));
#4762 = CARTESIAN_POINT('',(1.,-1.));
#4763 = ( GEOMETRIC_REPRESENTATION_CONTEXT(2) 
PARAMETRIC_REPRESENTATION_CONTEXT() REPRESENTATION_CONTEXT('2D SPACE',''
  ) );
#4764 = ORIENTED_EDGE('',*,*,#4765,.T.);
#4765 = EDGE_CURVE('',#4745,#4766,#4768,.T.);
#4766 = VERTEX_POINT('',#4767);
#4767 = CARTESIAN_POINT('',(68.,3.364647586333,16.465203322806));
#4768 = SURFACE_CURVE('',#4769,(#4773,#4780),.PCURVE_S1.);
#4769 = LINE('',#4770,#4771);
#4770 = CARTESIAN_POINT('',(-76.,3.364647586333,16.465203322806));
#4771 = VECTOR('',#4772,1.);
#4772 = DIRECTION('',(1.,0.,0.));
#4773 = PCURVE('',#3148,#4774);
#4774 = DEFINITIONAL_REPRESENTATION('',(#4775),#4779);
#4775 = LINE('',#4776,#4777);
#4776 = CARTESIAN_POINT('',(13.,0.));
#4777 = VECTOR('',#4778,1.);
#4778 = DIRECTION('',(0.,1.));
#4779 = ( GEOMETRIC_REPRESENTATION_CONTEXT(2) 
PARAMETRIC_REPRESENTATION_CONTEXT() REPRESENTATION_CONTEXT('2D SPACE',''
  ) );
#4780 = PCURVE('',#4781,#4786);
#4781 = PLANE('',#4782);
#4782 = AXIS2_PLACEMENT_3D('',#4783,#4784,#4785);
#4783 = CARTESIAN_POINT('',(-76.,3.364647586333,16.465203322806));
#4784 = DIRECTION('',(0.,0.258819045103,0.965925826289));
#4785 = DIRECTION('',(1.,0.,0.));
#4786 = DEFINITIONAL_REPRESENTATION('',(#4787),#4791);
#4787 = LINE('',#4788,#4789);
#4788 = CARTESIAN_POINT('',(0.,0.));
#4789 = VECTOR('',#4790,1.);
#4790 = DIRECTION('',(1.,0.));
#4791 = ( GEOMETRIC_REPRESENTATION_CONTEXT(2) 
PARAMETRIC_REPRESENTATION_CONTEXT() REPRESENTATION_CONTEXT('2D SPACE',''
  ) );
#4792 = ORIENTED_EDGE('',*,*,#4793,.T.);
#4793 = EDGE_CURVE('',#4766,#4794,#4796,.T.);
#4794 = VERTEX_POINT('',#4795);
#4795 = CARTESIAN_POINT('',(68.,32.352380637815,124.64889586718));
#4796 = SURFACE_CURVE('',#4797,(#4801,#4808),.PCURVE_S1.);
#4797 = LINE('',#4798,#4799);
#4798 = CARTESIAN_POINT('',(68.,0.,3.908167581048));
#4799 = VECTOR('',#4800,1.);
#4800 = DIRECTION('',(0.,0.258819045103,0.965925826289));
#4801 = PCURVE('',#3148,#4802);
#4802 = DEFINITIONAL_REPRESENTATION('',(#4803),#4807);
#4803 = LINE('',#4804,#4805);
#4804 = CARTESIAN_POINT('',(0.,144.));
#4805 = VECTOR('',#4806,1.);
#4806 = DIRECTION('',(1.,0.));
#4807 = ( GEOMETRIC_REPRESENTATION_CONTEXT(2) 
PARAMETRIC_REPRESENTATION_CONTEXT() REPRESENTATION_CONTEXT('2D SPACE',''
  ) );
#4808 = PCURVE('',#3882,#4809);
#4809 = DEFINITIONAL_REPRESENTATION('',(#4810),#4814);
#4810 = LINE('',#4811,#4812);
#4811 = CARTESIAN_POINT('',(0.,0.));
#4812 = VECTOR('',#4813,1.);
#4813 = DIRECTION('',(1.,0.));
#4814 = ( GEOMETRIC_REPRESENTATION_CONTEXT(2) 
PARAMETRIC_REPRESENTATION_CONTEXT() REPRESENTATION_CONTEXT('2D SPACE',''
  ) );
#4815 = ORIENTED_EDGE('',*,*,#4816,.T.);
#4816 = EDGE_CURVE('',#4794,#4693,#4817,.T.);
#4817 = SURFACE_CURVE('',#4818,(#4822,#4829),.PCURVE_S1.);
#4818 = LINE('',#4819,#4820);
#4819 = CARTESIAN_POINT('',(68.,32.352380637815,124.64889586718));
#4820 = VECTOR('',#4821,1.);
#4821 = DIRECTION('',(1.,0.,0.));
#4822 = PCURVE('',#3148,#4823);
#4823 = DEFINITIONAL_REPRESENTATION('',(#4824),#4828);
#4824 = LINE('',#4825,#4826);
#4825 = CARTESIAN_POINT('',(125.,144.));
#4826 = VECTOR('',#4827,1.);
#4827 = DIRECTION('',(0.,1.));
#4828 = ( GEOMETRIC_REPRESENTATION_CONTEXT(2) 
PARAMETRIC_REPRESENTATION_CONTEXT() REPRESENTATION_CONTEXT('2D SPACE',''
  ) );
#4829 = PCURVE('',#3854,#4830);
#4830 = DEFINITIONAL_REPRESENTATION('',(#4831),#4835);
#4831 = LINE('',#4832,#4833);
#4832 = CARTESIAN_POINT('',(0.,0.));
#4833 = VECTOR('',#4834,1.);
#4834 = DIRECTION('',(1.,0.));
#4835 = ( GEOMETRIC_REPRESENTATION_CONTEXT(2) 
PARAMETRIC_REPRESENTATION_CONTEXT() REPRESENTATION_CONTEXT('2D SPACE',''
  ) );
#4836 = ORIENTED_EDGE('',*,*,#4715,.F.);
#4837 = FACE_BOUND('',#4838,.F.);
#4838 = EDGE_LOOP('',(#4839));
#4839 = ORIENTED_EDGE('',*,*,#4840,.T.);
#4840 = EDGE_CURVE('',#4841,#4841,#4843,.T.);
#4841 = VERTEX_POINT('',#4842);
#4842 = CARTESIAN_POINT('',(74.,9.058666578588,37.715571501165));
#4843 = SURFACE_CURVE('',#4844,(#4849,#4860),.PCURVE_S1.);
#4844 = CIRCLE('',#4845,2.);
#4845 = AXIS2_PLACEMENT_3D('',#4846,#4847,#4848);
#4846 = CARTESIAN_POINT('',(72.,9.058666578588,37.715571501165));
#4847 = DIRECTION('',(0.,-0.965925826289,0.258819045103));
#4848 = DIRECTION('',(1.,0.,0.));
#4849 = PCURVE('',#3148,#4850);
#4850 = DEFINITIONAL_REPRESENTATION('',(#4851),#4859);
#4851 = ( BOUNDED_CURVE() B_SPLINE_CURVE(2,(#4852,#4853,#4854,#4855,
#4856,#4857,#4858),.UNSPECIFIED.,.T.,.F.) B_SPLINE_CURVE_WITH_KNOTS((1,2
    ,2,2,2,1),(-2.094395102393,0.,2.094395102393,4.188790204786,
6.28318530718,8.377580409573),.UNSPECIFIED.) CURVE() 
GEOMETRIC_REPRESENTATION_ITEM() RATIONAL_B_SPLINE_CURVE((1.,0.5,1.,0.5,
1.,0.5,1.)) REPRESENTATION_ITEM('') );
#4852 = CARTESIAN_POINT('',(35.,150.));
#4853 = CARTESIAN_POINT('',(38.464101615138,150.));
#4854 = CARTESIAN_POINT('',(36.732050807569,147.));
#4855 = CARTESIAN_POINT('',(35.,144.));
#4856 = CARTESIAN_POINT('',(33.267949192431,147.));
#4857 = CARTESIAN_POINT('',(31.535898384862,150.));
#4858 = CARTESIAN_POINT('',(35.,150.));
#4859 = ( GEOMETRIC_REPRESENTATION_CONTEXT(2) 
PARAMETRIC_REPRESENTATION_CONTEXT() REPRESENTATION_CONTEXT('2D SPACE',''
  ) );
#4860 = PCURVE('',#4861,#4866);
#4861 = CYLINDRICAL_SURFACE('',#4862,2.);
#4862 = AXIS2_PLACEMENT_3D('',#4863,#4864,#4865);
#4863 = CARTESIAN_POINT('',(72.,9.058666578588,37.715571501165));
#4864 = DIRECTION('',(0.,-0.965925826289,0.258819045103));
#4865 = DIRECTION('',(1.,0.,0.));
#4866 = DEFINITIONAL_REPRESENTATION('',(#4867),#4871);
#4867 = LINE('',#4868,#4869);
#4868 = CARTESIAN_POINT('',(0.,0.));
#4869 = VECTOR('',#4870,1.);
#4870 = DIRECTION('',(1.,0.));
#4871 = ( GEOMETRIC_REPRESENTATION_CONTEXT(2) 
PARAMETRIC_REPRESENTATION_CONTEXT() REPRESENTATION_CONTEXT('2D SPACE',''
  ) );
#4872 = FACE_BOUND('',#4873,.F.);
#4873 = EDGE_LOOP('',(#4874));
#4874 = ORIENTED_EDGE('',*,*,#4875,.T.);
#4875 = EDGE_CURVE('',#4876,#4876,#4878,.T.);
#4876 = VERTEX_POINT('',#4877);
#4877 = CARTESIAN_POINT('',(74.,28.987733051482,112.09186012542));
#4878 = SURFACE_CURVE('',#4879,(#4884,#4895),.PCURVE_S1.);
#4879 = CIRCLE('',#4880,2.);
#4880 = AXIS2_PLACEMENT_3D('',#4881,#4882,#4883);
#4881 = CARTESIAN_POINT('',(72.,28.987733051482,112.09186012542));
#4882 = DIRECTION('',(0.,-0.965925826289,0.258819045103));
#4883 = DIRECTION('',(1.,0.,0.));
#4884 = PCURVE('',#3148,#4885);
#4885 = DEFINITIONAL_REPRESENTATION('',(#4886),#4894);
#4886 = ( BOUNDED_CURVE() B_SPLINE_CURVE(2,(#4887,#4888,#4889,#4890,
#4891,#4892,#4893),.UNSPECIFIED.,.T.,.F.) B_SPLINE_CURVE_WITH_KNOTS((1,2
    ,2,2,2,1),(-2.094395102393,0.,2.094395102393,4.188790204786,
6.28318530718,8.377580409573),.UNSPECIFIED.) CURVE() 
GEOMETRIC_REPRESENTATION_ITEM() RATIONAL_B_SPLINE_CURVE((1.,0.5,1.,0.5,
1.,0.5,1.)) REPRESENTATION_ITEM('') );
#4887 = CARTESIAN_POINT('',(112.,150.));
#4888 = CARTESIAN_POINT('',(115.46410161513,150.));
#4889 = CARTESIAN_POINT('',(113.73205080756,147.));
#4890 = CARTESIAN_POINT('',(112.,144.));
#4891 = CARTESIAN_POINT('',(110.26794919243,147.));
#4892 = CARTESIAN_POINT('',(108.53589838486,150.));
#4893 = CARTESIAN_POINT('',(112.,150.));
#4894 = ( GEOMETRIC_REPRESENTATION_CONTEXT(2) 
PARAMETRIC_REPRESENTATION_CONTEXT() REPRESENTATION_CONTEXT('2D SPACE',''
  ) );
#4895 = PCURVE('',#4896,#4901);
#4896 = CYLINDRICAL_SURFACE('',#4897,2.);
#4897 = AXIS2_PLACEMENT_3D('',#4898,#4899,#4900);
#4898 = CARTESIAN_POINT('',(72.,28.987733051482,112.09186012542));
#4899 = DIRECTION('',(0.,-0.965925826289,0.258819045103));
#4900 = DIRECTION('',(1.,0.,0.));
#4901 = DEFINITIONAL_REPRESENTATION('',(#4902),#4906);
#4902 = LINE('',#4903,#4904);
#4903 = CARTESIAN_POINT('',(0.,0.));
#4904 = VECTOR('',#4905,1.);
#4905 = DIRECTION('',(1.,0.));
#4906 = ( GEOMETRIC_REPRESENTATION_CONTEXT(2) 
PARAMETRIC_REPRESENTATION_CONTEXT() REPRESENTATION_CONTEXT('2D SPACE',''
  ) );
#4907 = ADVANCED_FACE('',(#4908),#3174,.T.);
#4908 = FACE_BOUND('',#4909,.T.);
#4909 = EDGE_LOOP('',(#4910,#4911,#4912,#4932));
#4910 = ORIENTED_EDGE('',*,*,#4464,.F.);
#4911 = ORIENTED_EDGE('',*,*,#3160,.F.);
#4912 = ORIENTED_EDGE('',*,*,#4913,.T.);
#4913 = EDGE_CURVE('',#3133,#4071,#4914,.T.);
#4914 = SURFACE_CURVE('',#4915,(#4919,#4926),.PCURVE_S1.);
#4915 = LINE('',#4916,#4917);
#4916 = CARTESIAN_POINT('',(17.,-0.482962913145,4.037577103599));
#4917 = VECTOR('',#4918,1.);
#4918 = DIRECTION('',(0.,0.965925826289,-0.258819045103));
#4919 = PCURVE('',#3174,#4920);
#4920 = DEFINITIONAL_REPRESENTATION('',(#4921),#4925);
#4921 = LINE('',#4922,#4923);
#4922 = CARTESIAN_POINT('',(15.6,17.));
#4923 = VECTOR('',#4924,1.);
#4924 = DIRECTION('',(-1.,0.));
#4925 = ( GEOMETRIC_REPRESENTATION_CONTEXT(2) 
PARAMETRIC_REPRESENTATION_CONTEXT() REPRESENTATION_CONTEXT('2D SPACE',''
  ) );
#4926 = PCURVE('',#4086,#4927);
#4927 = DEFINITIONAL_REPRESENTATION('',(#4928),#4931);
#4928 = B_SPLINE_CURVE_WITH_KNOTS('',1,(#4929,#4930),.UNSPECIFIED.,.F.,
  .F.,(2,2),(0.5,10.6),.PIECEWISE_BEZIER_KNOTS.);
#4929 = CARTESIAN_POINT('',(1.,-1.));
#4930 = CARTESIAN_POINT('',(1.,-11.1));
#4931 = ( GEOMETRIC_REPRESENTATION_CONTEXT(2) 
PARAMETRIC_REPRESENTATION_CONTEXT() REPRESENTATION_CONTEXT('2D SPACE',''
  ) );
#4932 = ORIENTED_EDGE('',*,*,#4098,.T.);
#4933 = ADVANCED_FACE('',(#4934),#3417,.T.);
#4934 = FACE_BOUND('',#4935,.T.);
#4935 = EDGE_LOOP('',(#4936,#4937,#4938));
#4936 = ORIENTED_EDGE('',*,*,#3640,.T.);
#4937 = ORIENTED_EDGE('',*,*,#3401,.T.);
#4938 = ORIENTED_EDGE('',*,*,#4939,.T.);
#4939 = EDGE_CURVE('',#3374,#3641,#4940,.T.);
#4940 = SURFACE_CURVE('',#4941,(#4945,#4952),.PCURVE_S1.);
#4941 = LINE('',#4942,#4943);
#4942 = CARTESIAN_POINT('',(50.,59.585479976965,0.));
#4943 = VECTOR('',#4944,1.);
#4944 = DIRECTION('',(0.,-0.188604110325,0.982053200987));
#4945 = PCURVE('',#3417,#4946);
#4946 = DEFINITIONAL_REPRESENTATION('',(#4947),#4951);
#4947 = LINE('',#4948,#4949);
#4948 = CARTESIAN_POINT('',(21.527575571557,-40.84959866372));
#4949 = VECTOR('',#4950,1.);
#4950 = DIRECTION('',(-0.188604110325,0.982053200987));
#4951 = ( GEOMETRIC_REPRESENTATION_CONTEXT(2) 
PARAMETRIC_REPRESENTATION_CONTEXT() REPRESENTATION_CONTEXT('2D SPACE',''
  ) );
#4952 = PCURVE('',#3389,#4953);
#4953 = DEFINITIONAL_REPRESENTATION('',(#4954),#4958);
#4954 = LINE('',#4955,#4956);
#4955 = CARTESIAN_POINT('',(0.,5.));
#4956 = VECTOR('',#4957,1.);
#4957 = DIRECTION('',(1.,0.));
#4958 = ( GEOMETRIC_REPRESENTATION_CONTEXT(2) 
PARAMETRIC_REPRESENTATION_CONTEXT() REPRESENTATION_CONTEXT('2D SPACE',''
  ) );
#4959 = ADVANCED_FACE('',(#4960),#3389,.T.);
#4960 = FACE_BOUND('',#4961,.T.);
#4961 = EDGE_LOOP('',(#4962,#4963,#4984,#4985));
#4962 = ORIENTED_EDGE('',*,*,#3373,.F.);
#4963 = ORIENTED_EDGE('',*,*,#4964,.T.);
#4964 = EDGE_CURVE('',#3346,#3662,#4965,.T.);
#4965 = SURFACE_CURVE('',#4966,(#4970,#4977),.PCURVE_S1.);
#4966 = LINE('',#4967,#4968);
#4967 = CARTESIAN_POINT('',(40.,59.585479976965,0.));
#4968 = VECTOR('',#4969,1.);
#4969 = DIRECTION('',(0.,-0.188604110325,0.982053200987));
#4970 = PCURVE('',#3389,#4971);
#4971 = DEFINITIONAL_REPRESENTATION('',(#4972),#4976);
#4972 = LINE('',#4973,#4974);
#4973 = CARTESIAN_POINT('',(0.,-5.));
#4974 = VECTOR('',#4975,1.);
#4975 = DIRECTION('',(1.,0.));
#4976 = ( GEOMETRIC_REPRESENTATION_CONTEXT(2) 
PARAMETRIC_REPRESENTATION_CONTEXT() REPRESENTATION_CONTEXT('2D SPACE',''
  ) );
#4977 = PCURVE('',#3361,#4978);
#4978 = DEFINITIONAL_REPRESENTATION('',(#4979),#4983);
#4979 = LINE('',#4980,#4981);
#4980 = CARTESIAN_POINT('',(21.527575571557,-40.84959866372));
#4981 = VECTOR('',#4982,1.);
#4982 = DIRECTION('',(-0.188604110325,0.982053200987));
#4983 = ( GEOMETRIC_REPRESENTATION_CONTEXT(2) 
PARAMETRIC_REPRESENTATION_CONTEXT() REPRESENTATION_CONTEXT('2D SPACE',''
  ) );
#4984 = ORIENTED_EDGE('',*,*,#3661,.T.);
#4985 = ORIENTED_EDGE('',*,*,#4939,.F.);
#4986 = ADVANCED_FACE('',(#4987),#3254,.F.);
#4987 = FACE_BOUND('',#4988,.F.);
#4988 = EDGE_LOOP('',(#4989,#4990,#4991));
#4989 = ORIENTED_EDGE('',*,*,#3744,.T.);
#4990 = ORIENTED_EDGE('',*,*,#3238,.T.);
#4991 = ORIENTED_EDGE('',*,*,#4992,.T.);
#4992 = EDGE_CURVE('',#3239,#3724,#4993,.T.);
#4993 = SURFACE_CURVE('',#4994,(#4998,#5005),.PCURVE_S1.);
#4994 = LINE('',#4995,#4996);
#4995 = CARTESIAN_POINT('',(-50.,59.585479976965,0.));
#4996 = VECTOR('',#4997,1.);
#4997 = DIRECTION('',(0.,-0.188604110325,0.982053200987));
#4998 = PCURVE('',#3254,#4999);
#4999 = DEFINITIONAL_REPRESENTATION('',(#5000),#5004);
#5000 = LINE('',#5001,#5002);
#5001 = CARTESIAN_POINT('',(21.527575571557,-40.84959866372));
#5002 = VECTOR('',#5003,1.);
#5003 = DIRECTION('',(-0.188604110325,0.982053200987));
#5004 = ( GEOMETRIC_REPRESENTATION_CONTEXT(2) 
PARAMETRIC_REPRESENTATION_CONTEXT() REPRESENTATION_CONTEXT('2D SPACE',''
  ) );
#5005 = PCURVE('',#3282,#5006);
#5006 = DEFINITIONAL_REPRESENTATION('',(#5007),#5011);
#5007 = LINE('',#5008,#5009);
#5008 = CARTESIAN_POINT('',(0.,-5.));
#5009 = VECTOR('',#5010,1.);
#5010 = DIRECTION('',(1.,0.));
#5011 = ( GEOMETRIC_REPRESENTATION_CONTEXT(2) 
PARAMETRIC_REPRESENTATION_CONTEXT() REPRESENTATION_CONTEXT('2D SPACE',''
  ) );
#5012 = ADVANCED_FACE('',(#5013),#3361,.F.);
#5013 = FACE_BOUND('',#5014,.F.);
#5014 = EDGE_LOOP('',(#5015,#5016,#5017));
#5015 = ORIENTED_EDGE('',*,*,#3682,.T.);
#5016 = ORIENTED_EDGE('',*,*,#3345,.T.);
#5017 = ORIENTED_EDGE('',*,*,#4964,.T.);
#5018 = ADVANCED_FACE('',(#5019),#3282,.T.);
#5019 = FACE_BOUND('',#5020,.T.);
#5020 = EDGE_LOOP('',(#5021,#5022,#5023,#5024));
#5021 = ORIENTED_EDGE('',*,*,#3266,.F.);
#5022 = ORIENTED_EDGE('',*,*,#4992,.T.);
#5023 = ORIENTED_EDGE('',*,*,#3723,.T.);
#5024 = ORIENTED_EDGE('',*,*,#5025,.F.);
#5025 = EDGE_CURVE('',#3267,#3703,#5026,.T.);
#5026 = SURFACE_CURVE('',#5027,(#5031,#5038),.PCURVE_S1.);
#5027 = LINE('',#5028,#5029);
#5028 = CARTESIAN_POINT('',(-40.,59.585479976965,0.));
#5029 = VECTOR('',#5030,1.);
#5030 = DIRECTION('',(0.,-0.188604110325,0.982053200987));
#5031 = PCURVE('',#3282,#5032);
#5032 = DEFINITIONAL_REPRESENTATION('',(#5033),#5037);
#5033 = LINE('',#5034,#5035);
#5034 = CARTESIAN_POINT('',(0.,5.));
#5035 = VECTOR('',#5036,1.);
#5036 = DIRECTION('',(1.,0.));
#5037 = ( GEOMETRIC_REPRESENTATION_CONTEXT(2) 
PARAMETRIC_REPRESENTATION_CONTEXT() REPRESENTATION_CONTEXT('2D SPACE',''
  ) );
#5038 = PCURVE('',#3310,#5039);
#5039 = DEFINITIONAL_REPRESENTATION('',(#5040),#5044);
#5040 = LINE('',#5041,#5042);
#5041 = CARTESIAN_POINT('',(21.527575571557,-40.84959866372));
#5042 = VECTOR('',#5043,1.);
#5043 = DIRECTION('',(-0.188604110325,0.982053200987));
#5044 = ( GEOMETRIC_REPRESENTATION_CONTEXT(2) 
PARAMETRIC_REPRESENTATION_CONTEXT() REPRESENTATION_CONTEXT('2D SPACE',''
  ) );
#5045 = ADVANCED_FACE('',(#5046),#3310,.T.);
#5046 = FACE_BOUND('',#5047,.T.);
#5047 = EDGE_LOOP('',(#5048,#5049,#5050));
#5048 = ORIENTED_EDGE('',*,*,#3702,.T.);
#5049 = ORIENTED_EDGE('',*,*,#3294,.T.);
#5050 = ORIENTED_EDGE('',*,*,#5025,.T.);
#5051 = ADVANCED_FACE('',(#5052),#3473,.F.);
#5052 = FACE_BOUND('',#5053,.F.);
#5053 = EDGE_LOOP('',(#5054,#5076,#5077,#5098,#5099,#5100,#5101,#5129));
#5054 = ORIENTED_EDGE('',*,*,#5055,.F.);
#5055 = EDGE_CURVE('',#4209,#4236,#5056,.T.);
#5056 = SURFACE_CURVE('',#5057,(#5062,#5069),.PCURVE_S1.);
#5057 = CIRCLE('',#5058,1.3);
#5058 = AXIS2_PLACEMENT_3D('',#5059,#5060,#5061);
#5059 = CARTESIAN_POINT('',(-45.,12.,10.));
#5060 = DIRECTION('',(0.,0.,1.));
#5061 = DIRECTION('',(1.,0.,0.));
#5062 = PCURVE('',#3473,#5063);
#5063 = DEFINITIONAL_REPRESENTATION('',(#5064),#5068);
#5064 = LINE('',#5065,#5066);
#5065 = CARTESIAN_POINT('',(0.,10.));
#5066 = VECTOR('',#5067,1.);
#5067 = DIRECTION('',(1.,0.));
#5068 = ( GEOMETRIC_REPRESENTATION_CONTEXT(2) 
PARAMETRIC_REPRESENTATION_CONTEXT() REPRESENTATION_CONTEXT('2D SPACE',''
  ) );
#5069 = PCURVE('',#4250,#5070);
#5070 = DEFINITIONAL_REPRESENTATION('',(#5071),#5075);
#5071 = CIRCLE('',#5072,1.3);
#5072 = AXIS2_PLACEMENT_2D('',#5073,#5074);
#5073 = CARTESIAN_POINT('',(0.,0.));
#5074 = DIRECTION('',(1.,0.));
#5075 = ( GEOMETRIC_REPRESENTATION_CONTEXT(2) 
PARAMETRIC_REPRESENTATION_CONTEXT() REPRESENTATION_CONTEXT('2D SPACE',''
  ) );
#5076 = ORIENTED_EDGE('',*,*,#4208,.T.);
#5077 = ORIENTED_EDGE('',*,*,#5078,.F.);
#5078 = EDGE_CURVE('',#3453,#4172,#5079,.T.);
#5079 = SEAM_CURVE('',#5080,(#5084,#5091),.PCURVE_S1.);
#5080 = LINE('',#5081,#5082);
#5081 = CARTESIAN_POINT('',(-43.7,12.,0.));
#5082 = VECTOR('',#5083,1.);
#5083 = DIRECTION('',(0.,0.,1.));
#5084 = PCURVE('',#3473,#5085);
#5085 = DEFINITIONAL_REPRESENTATION('',(#5086),#5090);
#5086 = LINE('',#5087,#5088);
#5087 = CARTESIAN_POINT('',(6.28318530718,0.));
#5088 = VECTOR('',#5089,1.);
#5089 = DIRECTION('',(0.,1.));
#5090 = ( GEOMETRIC_REPRESENTATION_CONTEXT(2) 
PARAMETRIC_REPRESENTATION_CONTEXT() REPRESENTATION_CONTEXT('2D SPACE',''
  ) );
#5091 = PCURVE('',#3473,#5092);
#5092 = DEFINITIONAL_REPRESENTATION('',(#5093),#5097);
#5093 = LINE('',#5094,#5095);
#5094 = CARTESIAN_POINT('',(0.,0.));
#5095 = VECTOR('',#5096,1.);
#5096 = DIRECTION('',(0.,1.));
#5097 = ( GEOMETRIC_REPRESENTATION_CONTEXT(2) 
PARAMETRIC_REPRESENTATION_CONTEXT() REPRESENTATION_CONTEXT('2D SPACE',''
  ) );
#5098 = ORIENTED_EDGE('',*,*,#3452,.T.);
#5099 = ORIENTED_EDGE('',*,*,#5078,.T.);
#5100 = ORIENTED_EDGE('',*,*,#4171,.T.);
#5101 = ORIENTED_EDGE('',*,*,#5102,.F.);
#5102 = EDGE_CURVE('',#4262,#4145,#5103,.T.);
#5103 = SURFACE_CURVE('',#5104,(#5109,#5122),.PCURVE_S1.);
#5104 = ELLIPSE('',#5105,1.345859034533,1.3);
#5105 = AXIS2_PLACEMENT_3D('',#5106,#5107,#5108);
#5106 = CARTESIAN_POINT('',(-45.,12.,4.833881993515));
#5107 = DIRECTION('',(0.,0.258819045103,0.965925826289));
#5108 = DIRECTION('',(0.,-0.965925826289,0.258819045103));
#5109 = PCURVE('',#3473,#5110);
#5110 = DEFINITIONAL_REPRESENTATION('',(#5111),#5121);
#5111 = B_SPLINE_CURVE_WITH_KNOTS('',8,(#5112,#5113,#5114,#5115,#5116,
    #5117,#5118,#5119,#5120),.UNSPECIFIED.,.F.,.F.,(9,9),(5.126480263764
    ,7.439890350596),.PIECEWISE_BEZIER_KNOTS.);
#5112 = CARTESIAN_POINT('',(3.555683936969,4.974037008646));
#5113 = CARTESIAN_POINT('',(3.844860197823,5.066253460453));
#5114 = CARTESIAN_POINT('',(4.134036458676,5.145075484901));
#5115 = CARTESIAN_POINT('',(4.42321271952,5.198751743739));
#5116 = CARTESIAN_POINT('',(4.712388980379,5.21792470117));
#5117 = CARTESIAN_POINT('',(5.001565241237,5.198751743739));
#5118 = CARTESIAN_POINT('',(5.290741502091,5.1450754849));
#5119 = CARTESIAN_POINT('',(5.579917762947,5.066253460453));
#5120 = CARTESIAN_POINT('',(5.869094023801,4.974037008646));
#5121 = ( GEOMETRIC_REPRESENTATION_CONTEXT(2) 
PARAMETRIC_REPRESENTATION_CONTEXT() REPRESENTATION_CONTEXT('2D SPACE',''
  ) );
#5122 = PCURVE('',#4160,#5123);
#5123 = DEFINITIONAL_REPRESENTATION('',(#5124),#5128);
#5124 = ELLIPSE('',#5125,1.345859034533,1.3);
#5125 = AXIS2_PLACEMENT_2D('',#5126,#5127);
#5126 = CARTESIAN_POINT('',(31.,11.351517395197));
#5127 = DIRECTION('',(0.,-1.));
#5128 = ( GEOMETRIC_REPRESENTATION_CONTEXT(2) 
PARAMETRIC_REPRESENTATION_CONTEXT() REPRESENTATION_CONTEXT('2D SPACE',''
  ) );
#5129 = ORIENTED_EDGE('',*,*,#4261,.T.);
#5130 = ADVANCED_FACE('',(#5131),#3508,.F.);
#5131 = FACE_BOUND('',#5132,.F.);
#5132 = EDGE_LOOP('',(#5133,#5162,#5183,#5184));
#5133 = ORIENTED_EDGE('',*,*,#5134,.F.);
#5134 = EDGE_CURVE('',#5135,#5135,#5137,.T.);
#5135 = VERTEX_POINT('',#5136);
#5136 = CARTESIAN_POINT('',(-43.7,52.,10.));
#5137 = SURFACE_CURVE('',#5138,(#5143,#5150),.PCURVE_S1.);
#5138 = CIRCLE('',#5139,1.3);
#5139 = AXIS2_PLACEMENT_3D('',#5140,#5141,#5142);
#5140 = CARTESIAN_POINT('',(-45.,52.,10.));
#5141 = DIRECTION('',(0.,0.,1.));
#5142 = DIRECTION('',(1.,0.,0.));
#5143 = PCURVE('',#3508,#5144);
#5144 = DEFINITIONAL_REPRESENTATION('',(#5145),#5149);
#5145 = LINE('',#5146,#5147);
#5146 = CARTESIAN_POINT('',(0.,10.));
#5147 = VECTOR('',#5148,1.);
#5148 = DIRECTION('',(1.,0.));
#5149 = ( GEOMETRIC_REPRESENTATION_CONTEXT(2) 
PARAMETRIC_REPRESENTATION_CONTEXT() REPRESENTATION_CONTEXT('2D SPACE',''
  ) );
#5150 = PCURVE('',#5151,#5156);
#5151 = PLANE('',#5152);
#5152 = AXIS2_PLACEMENT_3D('',#5153,#5154,#5155);
#5153 = CARTESIAN_POINT('',(-45.,52.,10.));
#5154 = DIRECTION('',(0.,0.,1.));
#5155 = DIRECTION('',(1.,0.,0.));
#5156 = DEFINITIONAL_REPRESENTATION('',(#5157),#5161);
#5157 = CIRCLE('',#5158,1.3);
#5158 = AXIS2_PLACEMENT_2D('',#5159,#5160);
#5159 = CARTESIAN_POINT('',(0.,0.));
#5160 = DIRECTION('',(1.,0.));
#5161 = ( GEOMETRIC_REPRESENTATION_CONTEXT(2) 
PARAMETRIC_REPRESENTATION_CONTEXT() REPRESENTATION_CONTEXT('2D SPACE',''
  ) );
#5162 = ORIENTED_EDGE('',*,*,#5163,.F.);
#5163 = EDGE_CURVE('',#3488,#5135,#5164,.T.);
#5164 = SEAM_CURVE('',#5165,(#5169,#5176),.PCURVE_S1.);
#5165 = LINE('',#5166,#5167);
#5166 = CARTESIAN_POINT('',(-43.7,52.,0.));
#5167 = VECTOR('',#5168,1.);
#5168 = DIRECTION('',(0.,0.,1.));
#5169 = PCURVE('',#3508,#5170);
#5170 = DEFINITIONAL_REPRESENTATION('',(#5171),#5175);
#5171 = LINE('',#5172,#5173);
#5172 = CARTESIAN_POINT('',(6.28318530718,0.));
#5173 = VECTOR('',#5174,1.);
#5174 = DIRECTION('',(0.,1.));
#5175 = ( GEOMETRIC_REPRESENTATION_CONTEXT(2) 
PARAMETRIC_REPRESENTATION_CONTEXT() REPRESENTATION_CONTEXT('2D SPACE',''
  ) );
#5176 = PCURVE('',#3508,#5177);
#5177 = DEFINITIONAL_REPRESENTATION('',(#5178),#5182);
#5178 = LINE('',#5179,#5180);
#5179 = CARTESIAN_POINT('',(0.,0.));
#5180 = VECTOR('',#5181,1.);
#5181 = DIRECTION('',(0.,1.));
#5182 = ( GEOMETRIC_REPRESENTATION_CONTEXT(2) 
PARAMETRIC_REPRESENTATION_CONTEXT() REPRESENTATION_CONTEXT('2D SPACE',''
  ) );
#5183 = ORIENTED_EDGE('',*,*,#3487,.T.);
#5184 = ORIENTED_EDGE('',*,*,#5163,.T.);
#5185 = ADVANCED_FACE('',(#5186),#3543,.F.);
#5186 = FACE_BOUND('',#5187,.F.);
#5187 = EDGE_LOOP('',(#5188,#5210,#5211,#5232,#5233,#5234,#5235,#5263));
#5188 = ORIENTED_EDGE('',*,*,#5189,.F.);
#5189 = EDGE_CURVE('',#3959,#3986,#5190,.T.);
#5190 = SURFACE_CURVE('',#5191,(#5196,#5203),.PCURVE_S1.);
#5191 = CIRCLE('',#5192,1.3);
#5192 = AXIS2_PLACEMENT_3D('',#5193,#5194,#5195);
#5193 = CARTESIAN_POINT('',(45.,12.,10.));
#5194 = DIRECTION('',(0.,0.,1.));
#5195 = DIRECTION('',(1.,0.,0.));
#5196 = PCURVE('',#3543,#5197);
#5197 = DEFINITIONAL_REPRESENTATION('',(#5198),#5202);
#5198 = LINE('',#5199,#5200);
#5199 = CARTESIAN_POINT('',(0.,10.));
#5200 = VECTOR('',#5201,1.);
#5201 = DIRECTION('',(1.,0.));
#5202 = ( GEOMETRIC_REPRESENTATION_CONTEXT(2) 
PARAMETRIC_REPRESENTATION_CONTEXT() REPRESENTATION_CONTEXT('2D SPACE',''
  ) );
#5203 = PCURVE('',#4000,#5204);
#5204 = DEFINITIONAL_REPRESENTATION('',(#5205),#5209);
#5205 = CIRCLE('',#5206,1.3);
#5206 = AXIS2_PLACEMENT_2D('',#5207,#5208);
#5207 = CARTESIAN_POINT('',(0.,0.));
#5208 = DIRECTION('',(1.,0.));
#5209 = ( GEOMETRIC_REPRESENTATION_CONTEXT(2) 
PARAMETRIC_REPRESENTATION_CONTEXT() REPRESENTATION_CONTEXT('2D SPACE',''
  ) );
#5210 = ORIENTED_EDGE('',*,*,#3958,.T.);
#5211 = ORIENTED_EDGE('',*,*,#5212,.F.);
#5212 = EDGE_CURVE('',#3523,#3922,#5213,.T.);
#5213 = SEAM_CURVE('',#5214,(#5218,#5225),.PCURVE_S1.);
#5214 = LINE('',#5215,#5216);
#5215 = CARTESIAN_POINT('',(46.3,12.,0.));
#5216 = VECTOR('',#5217,1.);
#5217 = DIRECTION('',(0.,0.,1.));
#5218 = PCURVE('',#3543,#5219);
#5219 = DEFINITIONAL_REPRESENTATION('',(#5220),#5224);
#5220 = LINE('',#5221,#5222);
#5221 = CARTESIAN_POINT('',(6.28318530718,0.));
#5222 = VECTOR('',#5223,1.);
#5223 = DIRECTION('',(0.,1.));
#5224 = ( GEOMETRIC_REPRESENTATION_CONTEXT(2) 
PARAMETRIC_REPRESENTATION_CONTEXT() REPRESENTATION_CONTEXT('2D SPACE',''
  ) );
#5225 = PCURVE('',#3543,#5226);
#5226 = DEFINITIONAL_REPRESENTATION('',(#5227),#5231);
#5227 = LINE('',#5228,#5229);
#5228 = CARTESIAN_POINT('',(0.,0.));
#5229 = VECTOR('',#5230,1.);
#5230 = DIRECTION('',(0.,1.));
#5231 = ( GEOMETRIC_REPRESENTATION_CONTEXT(2) 
PARAMETRIC_REPRESENTATION_CONTEXT() REPRESENTATION_CONTEXT('2D SPACE',''
  ) );
#5232 = ORIENTED_EDGE('',*,*,#3522,.T.);
#5233 = ORIENTED_EDGE('',*,*,#5212,.T.);
#5234 = ORIENTED_EDGE('',*,*,#3921,.T.);
#5235 = ORIENTED_EDGE('',*,*,#5236,.F.);
#5236 = EDGE_CURVE('',#4012,#3895,#5237,.T.);
#5237 = SURFACE_CURVE('',#5238,(#5243,#5256),.PCURVE_S1.);
#5238 = ELLIPSE('',#5239,1.345859034533,1.3);
#5239 = AXIS2_PLACEMENT_3D('',#5240,#5241,#5242);
#5240 = CARTESIAN_POINT('',(45.,12.,4.833881993515));
#5241 = DIRECTION('',(0.,0.258819045103,0.965925826289));
#5242 = DIRECTION('',(0.,-0.965925826289,0.258819045103));
#5243 = PCURVE('',#3543,#5244);
#5244 = DEFINITIONAL_REPRESENTATION('',(#5245),#5255);
#5245 = B_SPLINE_CURVE_WITH_KNOTS('',8,(#5246,#5247,#5248,#5249,#5250,
    #5251,#5252,#5253,#5254),.UNSPECIFIED.,.F.,.F.,(9,9),(5.126480263764
    ,7.439890350596),.PIECEWISE_BEZIER_KNOTS.);
#5246 = CARTESIAN_POINT('',(3.555683936969,4.974037008646));
#5247 = CARTESIAN_POINT('',(3.844860197823,5.066253460452));
#5248 = CARTESIAN_POINT('',(4.134036458674,5.145075484901));
#5249 = CARTESIAN_POINT('',(4.423212719525,5.198751743735));
#5250 = CARTESIAN_POINT('',(4.712388980369,5.217924701166));
#5251 = CARTESIAN_POINT('',(5.001565241233,5.198751743736));
#5252 = CARTESIAN_POINT('',(5.29074150209,5.145075484901));
#5253 = CARTESIAN_POINT('',(5.579917762947,5.066253460452));
#5254 = CARTESIAN_POINT('',(5.869094023801,4.974037008646));
#5255 = ( GEOMETRIC_REPRESENTATION_CONTEXT(2) 
PARAMETRIC_REPRESENTATION_CONTEXT() REPRESENTATION_CONTEXT('2D SPACE',''
  ) );
#5256 = PCURVE('',#3910,#5257);
#5257 = DEFINITIONAL_REPRESENTATION('',(#5258),#5262);
#5258 = ELLIPSE('',#5259,1.345859034533,1.3);
#5259 = AXIS2_PLACEMENT_2D('',#5260,#5261);
#5260 = CARTESIAN_POINT('',(121.,11.351517395197));
#5261 = DIRECTION('',(0.,-1.));
#5262 = ( GEOMETRIC_REPRESENTATION_CONTEXT(2) 
PARAMETRIC_REPRESENTATION_CONTEXT() REPRESENTATION_CONTEXT('2D SPACE',''
  ) );
#5263 = ORIENTED_EDGE('',*,*,#4011,.T.);
#5264 = ADVANCED_FACE('',(#5265),#3578,.F.);
#5265 = FACE_BOUND('',#5266,.F.);
#5266 = EDGE_LOOP('',(#5267,#5296,#5317,#5318));
#5267 = ORIENTED_EDGE('',*,*,#5268,.F.);
#5268 = EDGE_CURVE('',#5269,#5269,#5271,.T.);
#5269 = VERTEX_POINT('',#5270);
#5270 = CARTESIAN_POINT('',(46.3,52.,10.));
#5271 = SURFACE_CURVE('',#5272,(#5277,#5284),.PCURVE_S1.);
#5272 = CIRCLE('',#5273,1.3);
#5273 = AXIS2_PLACEMENT_3D('',#5274,#5275,#5276);
#5274 = CARTESIAN_POINT('',(45.,52.,10.));
#5275 = DIRECTION('',(0.,0.,1.));
#5276 = DIRECTION('',(1.,0.,0.));
#5277 = PCURVE('',#3578,#5278);
#5278 = DEFINITIONAL_REPRESENTATION('',(#5279),#5283);
#5279 = LINE('',#5280,#5281);
#5280 = CARTESIAN_POINT('',(0.,10.));
#5281 = VECTOR('',#5282,1.);
#5282 = DIRECTION('',(1.,0.));
#5283 = ( GEOMETRIC_REPRESENTATION_CONTEXT(2) 
PARAMETRIC_REPRESENTATION_CONTEXT() REPRESENTATION_CONTEXT('2D SPACE',''
  ) );
#5284 = PCURVE('',#5285,#5290);
#5285 = PLANE('',#5286);
#5286 = AXIS2_PLACEMENT_3D('',#5287,#5288,#5289);
#5287 = CARTESIAN_POINT('',(45.,52.,10.));
#5288 = DIRECTION('',(0.,0.,1.));
#5289 = DIRECTION('',(1.,0.,0.));
#5290 = DEFINITIONAL_REPRESENTATION('',(#5291),#5295);
#5291 = CIRCLE('',#5292,1.3);
#5292 = AXIS2_PLACEMENT_2D('',#5293,#5294);
#5293 = CARTESIAN_POINT('',(0.,0.));
#5294 = DIRECTION('',(1.,0.));
#5295 = ( GEOMETRIC_REPRESENTATION_CONTEXT(2) 
PARAMETRIC_REPRESENTATION_CONTEXT() REPRESENTATION_CONTEXT('2D SPACE',''
  ) );
#5296 = ORIENTED_EDGE('',*,*,#5297,.F.);
#5297 = EDGE_CURVE('',#3558,#5269,#5298,.T.);
#5298 = SEAM_CURVE('',#5299,(#5303,#5310),.PCURVE_S1.);
#5299 = LINE('',#5300,#5301);
#5300 = CARTESIAN_POINT('',(46.3,52.,0.));
#5301 = VECTOR('',#5302,1.);
#5302 = DIRECTION('',(0.,0.,1.));
#5303 = PCURVE('',#3578,#5304);
#5304 = DEFINITIONAL_REPRESENTATION('',(#5305),#5309);
#5305 = LINE('',#5306,#5307);
#5306 = CARTESIAN_POINT('',(6.28318530718,0.));
#5307 = VECTOR('',#5308,1.);
#5308 = DIRECTION('',(0.,1.));
#5309 = ( GEOMETRIC_REPRESENTATION_CONTEXT(2) 
PARAMETRIC_REPRESENTATION_CONTEXT() REPRESENTATION_CONTEXT('2D SPACE',''
  ) );
#5310 = PCURVE('',#3578,#5311);
#5311 = DEFINITIONAL_REPRESENTATION('',(#5312),#5316);
#5312 = LINE('',#5313,#5314);
#5313 = CARTESIAN_POINT('',(0.,0.));
#5314 = VECTOR('',#5315,1.);
#5315 = DIRECTION('',(0.,1.));
#5316 = ( GEOMETRIC_REPRESENTATION_CONTEXT(2) 
PARAMETRIC_REPRESENTATION_CONTEXT() REPRESENTATION_CONTEXT('2D SPACE',''
  ) );
#5317 = ORIENTED_EDGE('',*,*,#3557,.T.);
#5318 = ORIENTED_EDGE('',*,*,#5297,.T.);
#5319 = ADVANCED_FACE('',(#5320),#4160,.T.);
#5320 = FACE_BOUND('',#5321,.T.);
#5321 = EDGE_LOOP('',(#5322,#5323,#5342,#5343,#5344,#5345));
#5322 = ORIENTED_EDGE('',*,*,#4557,.F.);
#5323 = ORIENTED_EDGE('',*,*,#5324,.F.);
#5324 = EDGE_CURVE('',#4398,#4537,#5325,.T.);
#5325 = SURFACE_CURVE('',#5326,(#5330,#5336),.PCURVE_S1.);
#5326 = LINE('',#5327,#5328);
#5327 = CARTESIAN_POINT('',(-76.,3.933053659277,6.995413750897));
#5328 = VECTOR('',#5329,1.);
#5329 = DIRECTION('',(-1.,0.,0.));
#5330 = PCURVE('',#4160,#5331);
#5331 = DEFINITIONAL_REPRESENTATION('',(#5332),#5335);
#5332 = B_SPLINE_CURVE_WITH_KNOTS('',1,(#5333,#5334),.UNSPECIFIED.,.F.,
  .F.,(2,2),(-152.,0.),.PIECEWISE_BEZIER_KNOTS.);
#5333 = CARTESIAN_POINT('',(152.,3.));
#5334 = CARTESIAN_POINT('',(0.,3.));
#5335 = ( GEOMETRIC_REPRESENTATION_CONTEXT(2) 
PARAMETRIC_REPRESENTATION_CONTEXT() REPRESENTATION_CONTEXT('2D SPACE',''
  ) );
#5336 = PCURVE('',#4433,#5337);
#5337 = DEFINITIONAL_REPRESENTATION('',(#5338),#5341);
#5338 = B_SPLINE_CURVE_WITH_KNOTS('',1,(#5339,#5340),.UNSPECIFIED.,.F.,
  .F.,(2,2),(-152.,0.),.PIECEWISE_BEZIER_KNOTS.);
#5339 = CARTESIAN_POINT('',(4.,152.));
#5340 = CARTESIAN_POINT('',(4.,0.));
#5341 = ( GEOMETRIC_REPRESENTATION_CONTEXT(2) 
PARAMETRIC_REPRESENTATION_CONTEXT() REPRESENTATION_CONTEXT('2D SPACE',''
  ) );
#5342 = ORIENTED_EDGE('',*,*,#4397,.T.);
#5343 = ORIENTED_EDGE('',*,*,#4144,.T.);
#5344 = ORIENTED_EDGE('',*,*,#5102,.F.);
#5345 = ORIENTED_EDGE('',*,*,#4298,.T.);
#5346 = ADVANCED_FACE('',(#5347),#4250,.F.);
#5347 = FACE_BOUND('',#5348,.F.);
#5348 = EDGE_LOOP('',(#5349,#5350));
#5349 = ORIENTED_EDGE('',*,*,#4235,.T.);
#5350 = ORIENTED_EDGE('',*,*,#5055,.T.);
#5351 = ADVANCED_FACE('',(#5352),#4086,.F.);
#5352 = FACE_BOUND('',#5353,.F.);
#5353 = EDGE_LOOP('',(#5354,#5355,#5376,#5402,#5421,#5422));
#5354 = ORIENTED_EDGE('',*,*,#4070,.T.);
#5355 = ORIENTED_EDGE('',*,*,#5356,.F.);
#5356 = EDGE_CURVE('',#5357,#4049,#5359,.T.);
#5357 = VERTEX_POINT('',#5358);
#5358 = CARTESIAN_POINT('',(17.,3.933053659277,6.995413750897));
#5359 = SURFACE_CURVE('',#5360,(#5364,#5370),.PCURVE_S1.);
#5360 = LINE('',#5361,#5362);
#5361 = CARTESIAN_POINT('',(17.,0.552313267266,7.901280408756));
#5362 = VECTOR('',#5363,1.);
#5363 = DIRECTION('',(0.,0.965925826289,-0.258819045103));
#5364 = PCURVE('',#4086,#5365);
#5365 = DEFINITIONAL_REPRESENTATION('',(#5366),#5369);
#5366 = B_SPLINE_CURVE_WITH_KNOTS('',1,(#5367,#5368),.UNSPECIFIED.,.F.,
  .F.,(2,2),(3.5,10.6),.PIECEWISE_BEZIER_KNOTS.);
#5367 = CARTESIAN_POINT('',(5.,-4.));
#5368 = CARTESIAN_POINT('',(5.,-11.1));
#5369 = ( GEOMETRIC_REPRESENTATION_CONTEXT(2) 
PARAMETRIC_REPRESENTATION_CONTEXT() REPRESENTATION_CONTEXT('2D SPACE',''
  ) );
#5370 = PCURVE('',#3910,#5371);
#5371 = DEFINITIONAL_REPRESENTATION('',(#5372),#5375);
#5372 = B_SPLINE_CURVE_WITH_KNOTS('',1,(#5373,#5374),.UNSPECIFIED.,.F.,
  .F.,(2,2),(3.5,10.6),.PIECEWISE_BEZIER_KNOTS.);
#5373 = CARTESIAN_POINT('',(93.,3.));
#5374 = CARTESIAN_POINT('',(93.,10.1));
#5375 = ( GEOMETRIC_REPRESENTATION_CONTEXT(2) 
PARAMETRIC_REPRESENTATION_CONTEXT() REPRESENTATION_CONTEXT('2D SPACE',''
  ) );
#5376 = ORIENTED_EDGE('',*,*,#5377,.F.);
#5377 = EDGE_CURVE('',#5378,#5357,#5380,.T.);
#5378 = VERTEX_POINT('',#5379);
#5379 = CARTESIAN_POINT('',(17.,6.2624250652,15.688746187498));
#5380 = SURFACE_CURVE('',#5381,(#5385,#5391),.PCURVE_S1.);
#5381 = LINE('',#5382,#5383);
#5382 = CARTESIAN_POINT('',(17.,2.768367956316,2.648747532596));
#5383 = VECTOR('',#5384,1.);
#5384 = DIRECTION('',(0.,-0.258819045103,-0.965925826289));
#5385 = PCURVE('',#4086,#5386);
#5386 = DEFINITIONAL_REPRESENTATION('',(#5387),#5390);
#5387 = B_SPLINE_CURVE_WITH_KNOTS('',1,(#5388,#5389),.UNSPECIFIED.,.F.,
  .F.,(2,2),(-13.5,-4.5),.PIECEWISE_BEZIER_KNOTS.);
#5388 = CARTESIAN_POINT('',(14.,-4.));
#5389 = CARTESIAN_POINT('',(5.,-4.));
#5390 = ( GEOMETRIC_REPRESENTATION_CONTEXT(2) 
PARAMETRIC_REPRESENTATION_CONTEXT() REPRESENTATION_CONTEXT('2D SPACE',''
  ) );
#5391 = PCURVE('',#5392,#5397);
#5392 = PLANE('',#5393);
#5393 = AXIS2_PLACEMENT_3D('',#5394,#5395,#5396);
#5394 = CARTESIAN_POINT('',(-76.,2.897777478867,3.131710445741));
#5395 = DIRECTION('',(0.,0.965925826289,-0.258819045103));
#5396 = DIRECTION('',(0.,0.258819045103,0.965925826289));
#5397 = DEFINITIONAL_REPRESENTATION('',(#5398),#5401);
#5398 = B_SPLINE_CURVE_WITH_KNOTS('',1,(#5399,#5400),.UNSPECIFIED.,.F.,
  .F.,(2,2),(-13.5,-4.5),.PIECEWISE_BEZIER_KNOTS.);
#5399 = CARTESIAN_POINT('',(13.,93.));
#5400 = CARTESIAN_POINT('',(4.,93.));
#5401 = ( GEOMETRIC_REPRESENTATION_CONTEXT(2) 
PARAMETRIC_REPRESENTATION_CONTEXT() REPRESENTATION_CONTEXT('2D SPACE',''
  ) );
#5402 = ORIENTED_EDGE('',*,*,#5403,.F.);
#5403 = EDGE_CURVE('',#4745,#5378,#5404,.T.);
#5404 = SURFACE_CURVE('',#5405,(#5409,#5415),.PCURVE_S1.);
#5405 = LINE('',#5406,#5407);
#5406 = CARTESIAN_POINT('',(17.,2.881684673188,16.594612845357));
#5407 = VECTOR('',#5408,1.);
#5408 = DIRECTION('',(0.,0.965925826289,-0.258819045103));
#5409 = PCURVE('',#4086,#5410);
#5410 = DEFINITIONAL_REPRESENTATION('',(#5411),#5414);
#5411 = B_SPLINE_CURVE_WITH_KNOTS('',1,(#5412,#5413),.UNSPECIFIED.,.F.,
  .F.,(2,2),(0.5,3.5),.PIECEWISE_BEZIER_KNOTS.);
#5412 = CARTESIAN_POINT('',(14.,-1.));
#5413 = CARTESIAN_POINT('',(14.,-4.));
#5414 = ( GEOMETRIC_REPRESENTATION_CONTEXT(2) 
PARAMETRIC_REPRESENTATION_CONTEXT() REPRESENTATION_CONTEXT('2D SPACE',''
  ) );
#5415 = PCURVE('',#4781,#5416);
#5416 = DEFINITIONAL_REPRESENTATION('',(#5417),#5420);
#5417 = B_SPLINE_CURVE_WITH_KNOTS('',1,(#5418,#5419),.UNSPECIFIED.,.F.,
  .F.,(2,2),(0.5,3.5),.PIECEWISE_BEZIER_KNOTS.);
#5418 = CARTESIAN_POINT('',(93.,0.));
#5419 = CARTESIAN_POINT('',(93.,3.));
#5420 = ( GEOMETRIC_REPRESENTATION_CONTEXT(2) 
PARAMETRIC_REPRESENTATION_CONTEXT() REPRESENTATION_CONTEXT('2D SPACE',''
  ) );
#5421 = ORIENTED_EDGE('',*,*,#4744,.T.);
#5422 = ORIENTED_EDGE('',*,*,#4913,.T.);
#5423 = ADVANCED_FACE('',(#5424),#3910,.T.);
#5424 = FACE_BOUND('',#5425,.T.);
#5425 = EDGE_LOOP('',(#5426,#5427,#5448,#5467,#5468,#5469));
#5426 = ORIENTED_EDGE('',*,*,#5356,.F.);
#5427 = ORIENTED_EDGE('',*,*,#5428,.F.);
#5428 = EDGE_CURVE('',#5429,#5357,#5431,.T.);
#5429 = VERTEX_POINT('',#5430);
#5430 = CARTESIAN_POINT('',(68.,3.933053659277,6.995413750897));
#5431 = SURFACE_CURVE('',#5432,(#5436,#5442),.PCURVE_S1.);
#5432 = LINE('',#5433,#5434);
#5433 = CARTESIAN_POINT('',(-76.,3.933053659277,6.995413750897));
#5434 = VECTOR('',#5435,1.);
#5435 = DIRECTION('',(-1.,0.,0.));
#5436 = PCURVE('',#3910,#5437);
#5437 = DEFINITIONAL_REPRESENTATION('',(#5438),#5441);
#5438 = B_SPLINE_CURVE_WITH_KNOTS('',1,(#5439,#5440),.UNSPECIFIED.,.F.,
  .F.,(2,2),(-152.,0.),.PIECEWISE_BEZIER_KNOTS.);
#5439 = CARTESIAN_POINT('',(152.,3.));
#5440 = CARTESIAN_POINT('',(0.,3.));
#5441 = ( GEOMETRIC_REPRESENTATION_CONTEXT(2) 
PARAMETRIC_REPRESENTATION_CONTEXT() REPRESENTATION_CONTEXT('2D SPACE',''
  ) );
#5442 = PCURVE('',#5392,#5443);
#5443 = DEFINITIONAL_REPRESENTATION('',(#5444),#5447);
#5444 = B_SPLINE_CURVE_WITH_KNOTS('',1,(#5445,#5446),.UNSPECIFIED.,.F.,
  .F.,(2,2),(-152.,0.),.PIECEWISE_BEZIER_KNOTS.);
#5445 = CARTESIAN_POINT('',(4.,152.));
#5446 = CARTESIAN_POINT('',(4.,0.));
#5447 = ( GEOMETRIC_REPRESENTATION_CONTEXT(2) 
PARAMETRIC_REPRESENTATION_CONTEXT() REPRESENTATION_CONTEXT('2D SPACE',''
  ) );
#5448 = ORIENTED_EDGE('',*,*,#5449,.T.);
#5449 = EDGE_CURVE('',#5429,#3867,#5450,.T.);
#5450 = SURFACE_CURVE('',#5451,(#5455,#5461),.PCURVE_S1.);
#5451 = LINE('',#5452,#5453);
#5452 = CARTESIAN_POINT('',(68.,1.03527618041,7.771870886204));
#5453 = VECTOR('',#5454,1.);
#5454 = DIRECTION('',(0.,0.965925826289,-0.258819045103));
#5455 = PCURVE('',#3910,#5456);
#5456 = DEFINITIONAL_REPRESENTATION('',(#5457),#5460);
#5457 = B_SPLINE_CURVE_WITH_KNOTS('',1,(#5458,#5459),.UNSPECIFIED.,.F.,
  .F.,(2,2),(3.,10.1),.PIECEWISE_BEZIER_KNOTS.);
#5458 = CARTESIAN_POINT('',(144.,3.));
#5459 = CARTESIAN_POINT('',(144.,10.1));
#5460 = ( GEOMETRIC_REPRESENTATION_CONTEXT(2) 
PARAMETRIC_REPRESENTATION_CONTEXT() REPRESENTATION_CONTEXT('2D SPACE',''
  ) );
#5461 = PCURVE('',#3882,#5462);
#5462 = DEFINITIONAL_REPRESENTATION('',(#5463),#5466);
#5463 = B_SPLINE_CURVE_WITH_KNOTS('',1,(#5464,#5465),.UNSPECIFIED.,.F.,
  .F.,(2,2),(3.,10.1),.PIECEWISE_BEZIER_KNOTS.);
#5464 = CARTESIAN_POINT('',(4.,-3.));
#5465 = CARTESIAN_POINT('',(4.,-10.1));
#5466 = ( GEOMETRIC_REPRESENTATION_CONTEXT(2) 
PARAMETRIC_REPRESENTATION_CONTEXT() REPRESENTATION_CONTEXT('2D SPACE',''
  ) );
#5467 = ORIENTED_EDGE('',*,*,#3894,.T.);
#5468 = ORIENTED_EDGE('',*,*,#5236,.F.);
#5469 = ORIENTED_EDGE('',*,*,#4048,.T.);
#5470 = ADVANCED_FACE('',(#5471),#4000,.F.);
#5471 = FACE_BOUND('',#5472,.F.);
#5472 = EDGE_LOOP('',(#5473,#5474));
#5473 = ORIENTED_EDGE('',*,*,#3985,.T.);
#5474 = ORIENTED_EDGE('',*,*,#5189,.T.);
#5475 = ADVANCED_FACE('',(#5476),#3882,.F.);
#5476 = FACE_BOUND('',#5477,.F.);
#5477 = EDGE_LOOP('',(#5478,#5479,#5500,#5519,#5520,#5521));
#5478 = ORIENTED_EDGE('',*,*,#4793,.F.);
#5479 = ORIENTED_EDGE('',*,*,#5480,.T.);
#5480 = EDGE_CURVE('',#4766,#5481,#5483,.T.);
#5481 = VERTEX_POINT('',#5482);
#5482 = CARTESIAN_POINT('',(68.,6.2624250652,15.688746187498));
#5483 = SURFACE_CURVE('',#5484,(#5488,#5494),.PCURVE_S1.);
#5484 = LINE('',#5485,#5486);
#5485 = CARTESIAN_POINT('',(68.,3.364647586333,16.465203322806));
#5486 = VECTOR('',#5487,1.);
#5487 = DIRECTION('',(0.,0.965925826289,-0.258819045103));
#5488 = PCURVE('',#3882,#5489);
#5489 = DEFINITIONAL_REPRESENTATION('',(#5490),#5493);
#5490 = B_SPLINE_CURVE_WITH_KNOTS('',1,(#5491,#5492),.UNSPECIFIED.,.F.,
  .F.,(2,2),(0.,3.),.PIECEWISE_BEZIER_KNOTS.);
#5491 = CARTESIAN_POINT('',(13.,0.));
#5492 = CARTESIAN_POINT('',(13.,-3.));
#5493 = ( GEOMETRIC_REPRESENTATION_CONTEXT(2) 
PARAMETRIC_REPRESENTATION_CONTEXT() REPRESENTATION_CONTEXT('2D SPACE',''
  ) );
#5494 = PCURVE('',#4781,#5495);
#5495 = DEFINITIONAL_REPRESENTATION('',(#5496),#5499);
#5496 = B_SPLINE_CURVE_WITH_KNOTS('',1,(#5497,#5498),.UNSPECIFIED.,.F.,
  .F.,(2,2),(0.,3.),.PIECEWISE_BEZIER_KNOTS.);
#5497 = CARTESIAN_POINT('',(144.,0.));
#5498 = CARTESIAN_POINT('',(144.,3.));
#5499 = ( GEOMETRIC_REPRESENTATION_CONTEXT(2) 
PARAMETRIC_REPRESENTATION_CONTEXT() REPRESENTATION_CONTEXT('2D SPACE',''
  ) );
#5500 = ORIENTED_EDGE('',*,*,#5501,.T.);
#5501 = EDGE_CURVE('',#5481,#5429,#5502,.T.);
#5502 = SURFACE_CURVE('',#5503,(#5507,#5513),.PCURVE_S1.);
#5503 = LINE('',#5504,#5505);
#5504 = CARTESIAN_POINT('',(68.,2.897777478867,3.131710445741));
#5505 = VECTOR('',#5506,1.);
#5506 = DIRECTION('',(0.,-0.258819045103,-0.965925826289));
#5507 = PCURVE('',#3882,#5508);
#5508 = DEFINITIONAL_REPRESENTATION('',(#5509),#5512);
#5509 = B_SPLINE_CURVE_WITH_KNOTS('',1,(#5510,#5511),.UNSPECIFIED.,.F.,
  .F.,(2,2),(-13.,-4.),.PIECEWISE_BEZIER_KNOTS.);
#5510 = CARTESIAN_POINT('',(13.,-3.));
#5511 = CARTESIAN_POINT('',(4.,-3.));
#5512 = ( GEOMETRIC_REPRESENTATION_CONTEXT(2) 
PARAMETRIC_REPRESENTATION_CONTEXT() REPRESENTATION_CONTEXT('2D SPACE',''
  ) );
#5513 = PCURVE('',#5392,#5514);
#5514 = DEFINITIONAL_REPRESENTATION('',(#5515),#5518);
#5515 = B_SPLINE_CURVE_WITH_KNOTS('',1,(#5516,#5517),.UNSPECIFIED.,.F.,
  .F.,(2,2),(-13.,-4.),.PIECEWISE_BEZIER_KNOTS.);
#5516 = CARTESIAN_POINT('',(13.,144.));
#5517 = CARTESIAN_POINT('',(4.,144.));
#5518 = ( GEOMETRIC_REPRESENTATION_CONTEXT(2) 
PARAMETRIC_REPRESENTATION_CONTEXT() REPRESENTATION_CONTEXT('2D SPACE',''
  ) );
#5519 = ORIENTED_EDGE('',*,*,#5449,.T.);
#5520 = ORIENTED_EDGE('',*,*,#3866,.T.);
#5521 = ORIENTED_EDGE('',*,*,#5522,.F.);
#5522 = EDGE_CURVE('',#4794,#3839,#5523,.T.);
#5523 = SURFACE_CURVE('',#5524,(#5528,#5535),.PCURVE_S1.);
#5524 = LINE('',#5525,#5526);
#5525 = CARTESIAN_POINT('',(68.,32.352380637815,124.64889586718));
#5526 = VECTOR('',#5527,1.);
#5527 = DIRECTION('',(0.,0.965925826289,-0.258819045103));
#5528 = PCURVE('',#3882,#5529);
#5529 = DEFINITIONAL_REPRESENTATION('',(#5530),#5534);
#5530 = LINE('',#5531,#5532);
#5531 = CARTESIAN_POINT('',(125.,0.));
#5532 = VECTOR('',#5533,1.);
#5533 = DIRECTION('',(0.,-1.));
#5534 = ( GEOMETRIC_REPRESENTATION_CONTEXT(2) 
PARAMETRIC_REPRESENTATION_CONTEXT() REPRESENTATION_CONTEXT('2D SPACE',''
  ) );
#5535 = PCURVE('',#3854,#5536);
#5536 = DEFINITIONAL_REPRESENTATION('',(#5537),#5541);
#5537 = LINE('',#5538,#5539);
#5538 = CARTESIAN_POINT('',(0.,0.));
#5539 = VECTOR('',#5540,1.);
#5540 = DIRECTION('',(0.,1.));
#5541 = ( GEOMETRIC_REPRESENTATION_CONTEXT(2) 
PARAMETRIC_REPRESENTATION_CONTEXT() REPRESENTATION_CONTEXT('2D SPACE',''
  ) );
#5542 = ADVANCED_FACE('',(#5543),#3854,.T.);
#5543 = FACE_BOUND('',#5544,.T.);
#5544 = EDGE_LOOP('',(#5545,#5546,#5547,#5548));
#5545 = ORIENTED_EDGE('',*,*,#5522,.F.);
#5546 = ORIENTED_EDGE('',*,*,#4816,.T.);
#5547 = ORIENTED_EDGE('',*,*,#4692,.T.);
#5548 = ORIENTED_EDGE('',*,*,#3838,.F.);
#5549 = ADVANCED_FACE('',(#5550),#4433,.T.);
#5550 = FACE_BOUND('',#5551,.T.);
#5551 = EDGE_LOOP('',(#5552,#5553,#5554,#5555));
#5552 = ORIENTED_EDGE('',*,*,#4536,.F.);
#5553 = ORIENTED_EDGE('',*,*,#4487,.T.);
#5554 = ORIENTED_EDGE('',*,*,#4418,.T.);
#5555 = ORIENTED_EDGE('',*,*,#5324,.T.);
#5556 = ADVANCED_FACE('',(#5557,#5588),#4598,.F.);
#5557 = FACE_BOUND('',#5558,.F.);
#5558 = EDGE_LOOP('',(#5559));
#5559 = ORIENTED_EDGE('',*,*,#5560,.T.);
#5560 = EDGE_CURVE('',#5561,#5561,#5563,.T.);
#5561 = VERTEX_POINT('',#5562);
#5562 = CARTESIAN_POINT('',(-68.5,5.581333603948,38.647320063535));
#5563 = SURFACE_CURVE('',#5564,(#5569,#5576),.PCURVE_S1.);
#5564 = CIRCLE('',#5565,3.5);
#5565 = AXIS2_PLACEMENT_3D('',#5566,#5567,#5568);
#5566 = CARTESIAN_POINT('',(-72.,5.581333603948,38.647320063535));
#5567 = DIRECTION('',(0.,-0.965925826289,0.258819045103));
#5568 = DIRECTION('',(1.,0.,0.));
#5569 = PCURVE('',#4598,#5570);
#5570 = DEFINITIONAL_REPRESENTATION('',(#5571),#5575);
#5571 = CIRCLE('',#5572,3.5);
#5572 = AXIS2_PLACEMENT_2D('',#5573,#5574);
#5573 = CARTESIAN_POINT('',(0.,0.));
#5574 = DIRECTION('',(1.,0.));
#5575 = ( GEOMETRIC_REPRESENTATION_CONTEXT(2) 
PARAMETRIC_REPRESENTATION_CONTEXT() REPRESENTATION_CONTEXT('2D SPACE',''
  ) );
#5576 = PCURVE('',#5577,#5582);
#5577 = CYLINDRICAL_SURFACE('',#5578,3.5);
#5578 = AXIS2_PLACEMENT_3D('',#5579,#5580,#5581);
#5579 = CARTESIAN_POINT('',(-72.,5.581333603948,38.647320063535));
#5580 = DIRECTION('',(0.,-0.965925826289,0.258819045103));
#5581 = DIRECTION('',(1.,0.,0.));
#5582 = DEFINITIONAL_REPRESENTATION('',(#5583),#5587);
#5583 = LINE('',#5584,#5585);
#5584 = CARTESIAN_POINT('',(0.,0.));
#5585 = VECTOR('',#5586,1.);
#5586 = DIRECTION('',(1.,0.));
#5587 = ( GEOMETRIC_REPRESENTATION_CONTEXT(2) 
PARAMETRIC_REPRESENTATION_CONTEXT() REPRESENTATION_CONTEXT('2D SPACE',''
  ) );
#5588 = FACE_BOUND('',#5589,.F.);
#5589 = EDGE_LOOP('',(#5590));
#5590 = ORIENTED_EDGE('',*,*,#4581,.F.);
#5591 = ADVANCED_FACE('',(#5592,#5623),#4653,.F.);
#5592 = FACE_BOUND('',#5593,.F.);
#5593 = EDGE_LOOP('',(#5594));
#5594 = ORIENTED_EDGE('',*,*,#5595,.T.);
#5595 = EDGE_CURVE('',#5596,#5596,#5598,.T.);
#5596 = VERTEX_POINT('',#5597);
#5597 = CARTESIAN_POINT('',(-68.5,25.510400076842,113.02360868779));
#5598 = SURFACE_CURVE('',#5599,(#5604,#5611),.PCURVE_S1.);
#5599 = CIRCLE('',#5600,3.5);
#5600 = AXIS2_PLACEMENT_3D('',#5601,#5602,#5603);
#5601 = CARTESIAN_POINT('',(-72.,25.510400076842,113.02360868779));
#5602 = DIRECTION('',(0.,-0.965925826289,0.258819045103));
#5603 = DIRECTION('',(1.,0.,0.));
#5604 = PCURVE('',#4653,#5605);
#5605 = DEFINITIONAL_REPRESENTATION('',(#5606),#5610);
#5606 = CIRCLE('',#5607,3.5);
#5607 = AXIS2_PLACEMENT_2D('',#5608,#5609);
#5608 = CARTESIAN_POINT('',(0.,0.));
#5609 = DIRECTION('',(1.,0.));
#5610 = ( GEOMETRIC_REPRESENTATION_CONTEXT(2) 
PARAMETRIC_REPRESENTATION_CONTEXT() REPRESENTATION_CONTEXT('2D SPACE',''
  ) );
#5611 = PCURVE('',#5612,#5617);
#5612 = CYLINDRICAL_SURFACE('',#5613,3.5);
#5613 = AXIS2_PLACEMENT_3D('',#5614,#5615,#5616);
#5614 = CARTESIAN_POINT('',(-72.,25.510400076842,113.02360868779));
#5615 = DIRECTION('',(0.,-0.965925826289,0.258819045103));
#5616 = DIRECTION('',(1.,0.,0.));
#5617 = DEFINITIONAL_REPRESENTATION('',(#5618),#5622);
#5618 = LINE('',#5619,#5620);
#5619 = CARTESIAN_POINT('',(0.,0.));
#5620 = VECTOR('',#5621,1.);
#5621 = DIRECTION('',(1.,0.));
#5622 = ( GEOMETRIC_REPRESENTATION_CONTEXT(2) 
PARAMETRIC_REPRESENTATION_CONTEXT() REPRESENTATION_CONTEXT('2D SPACE',''
  ) );
#5623 = FACE_BOUND('',#5624,.F.);
#5624 = EDGE_LOOP('',(#5625));
#5625 = ORIENTED_EDGE('',*,*,#4636,.F.);
#5626 = ADVANCED_FACE('',(#5627),#4781,.T.);
#5627 = FACE_BOUND('',#5628,.T.);
#5628 = EDGE_LOOP('',(#5629,#5650,#5651,#5652));
#5629 = ORIENTED_EDGE('',*,*,#5630,.F.);
#5630 = EDGE_CURVE('',#5378,#5481,#5631,.T.);
#5631 = SURFACE_CURVE('',#5632,(#5636,#5643),.PCURVE_S1.);
#5632 = LINE('',#5633,#5634);
#5633 = CARTESIAN_POINT('',(-76.,6.2624250652,15.688746187498));
#5634 = VECTOR('',#5635,1.);
#5635 = DIRECTION('',(1.,0.,0.));
#5636 = PCURVE('',#4781,#5637);
#5637 = DEFINITIONAL_REPRESENTATION('',(#5638),#5642);
#5638 = LINE('',#5639,#5640);
#5639 = CARTESIAN_POINT('',(0.,3.));
#5640 = VECTOR('',#5641,1.);
#5641 = DIRECTION('',(1.,0.));
#5642 = ( GEOMETRIC_REPRESENTATION_CONTEXT(2) 
PARAMETRIC_REPRESENTATION_CONTEXT() REPRESENTATION_CONTEXT('2D SPACE',''
  ) );
#5643 = PCURVE('',#5392,#5644);
#5644 = DEFINITIONAL_REPRESENTATION('',(#5645),#5649);
#5645 = LINE('',#5646,#5647);
#5646 = CARTESIAN_POINT('',(13.,0.));
#5647 = VECTOR('',#5648,1.);
#5648 = DIRECTION('',(0.,1.));
#5649 = ( GEOMETRIC_REPRESENTATION_CONTEXT(2) 
PARAMETRIC_REPRESENTATION_CONTEXT() REPRESENTATION_CONTEXT('2D SPACE',''
  ) );
#5650 = ORIENTED_EDGE('',*,*,#5403,.F.);
#5651 = ORIENTED_EDGE('',*,*,#4765,.T.);
#5652 = ORIENTED_EDGE('',*,*,#5480,.T.);
#5653 = ADVANCED_FACE('',(#5654),#4861,.T.);
#5654 = FACE_BOUND('',#5655,.T.);
#5655 = EDGE_LOOP('',(#5656,#5685,#5706,#5707));
#5656 = ORIENTED_EDGE('',*,*,#5657,.F.);
#5657 = EDGE_CURVE('',#5658,#5658,#5660,.T.);
#5658 = VERTEX_POINT('',#5659);
#5659 = CARTESIAN_POINT('',(74.,5.581333603948,38.647320063535));
#5660 = SURFACE_CURVE('',#5661,(#5666,#5673),.PCURVE_S1.);
#5661 = CIRCLE('',#5662,2.);
#5662 = AXIS2_PLACEMENT_3D('',#5663,#5664,#5665);
#5663 = CARTESIAN_POINT('',(72.,5.581333603948,38.647320063535));
#5664 = DIRECTION('',(0.,-0.965925826289,0.258819045103));
#5665 = DIRECTION('',(1.,0.,0.));
#5666 = PCURVE('',#4861,#5667);
#5667 = DEFINITIONAL_REPRESENTATION('',(#5668),#5672);
#5668 = LINE('',#5669,#5670);
#5669 = CARTESIAN_POINT('',(0.,3.6));
#5670 = VECTOR('',#5671,1.);
#5671 = DIRECTION('',(1.,0.));
#5672 = ( GEOMETRIC_REPRESENTATION_CONTEXT(2) 
PARAMETRIC_REPRESENTATION_CONTEXT() REPRESENTATION_CONTEXT('2D SPACE',''
  ) );
#5673 = PCURVE('',#5674,#5679);
#5674 = PLANE('',#5675);
#5675 = AXIS2_PLACEMENT_3D('',#5676,#5677,#5678);
#5676 = CARTESIAN_POINT('',(72.,5.581333603948,38.647320063535));
#5677 = DIRECTION('',(0.,-0.965925826289,0.258819045103));
#5678 = DIRECTION('',(1.,0.,0.));
#5679 = DEFINITIONAL_REPRESENTATION('',(#5680),#5684);
#5680 = CIRCLE('',#5681,2.);
#5681 = AXIS2_PLACEMENT_2D('',#5682,#5683);
#5682 = CARTESIAN_POINT('',(0.,0.));
#5683 = DIRECTION('',(1.,0.));
#5684 = ( GEOMETRIC_REPRESENTATION_CONTEXT(2) 
PARAMETRIC_REPRESENTATION_CONTEXT() REPRESENTATION_CONTEXT('2D SPACE',''
  ) );
#5685 = ORIENTED_EDGE('',*,*,#5686,.F.);
#5686 = EDGE_CURVE('',#4841,#5658,#5687,.T.);
#5687 = SEAM_CURVE('',#5688,(#5692,#5699),.PCURVE_S1.);
#5688 = LINE('',#5689,#5690);
#5689 = CARTESIAN_POINT('',(74.,9.058666578588,37.715571501165));
#5690 = VECTOR('',#5691,1.);
#5691 = DIRECTION('',(0.,-0.965925826289,0.258819045103));
#5692 = PCURVE('',#4861,#5693);
#5693 = DEFINITIONAL_REPRESENTATION('',(#5694),#5698);
#5694 = LINE('',#5695,#5696);
#5695 = CARTESIAN_POINT('',(6.28318530718,0.));
#5696 = VECTOR('',#5697,1.);
#5697 = DIRECTION('',(0.,1.));
#5698 = ( GEOMETRIC_REPRESENTATION_CONTEXT(2) 
PARAMETRIC_REPRESENTATION_CONTEXT() REPRESENTATION_CONTEXT('2D SPACE',''
  ) );
#5699 = PCURVE('',#4861,#5700);
#5700 = DEFINITIONAL_REPRESENTATION('',(#5701),#5705);
#5701 = LINE('',#5702,#5703);
#5702 = CARTESIAN_POINT('',(0.,0.));
#5703 = VECTOR('',#5704,1.);
#5704 = DIRECTION('',(0.,1.));
#5705 = ( GEOMETRIC_REPRESENTATION_CONTEXT(2) 
PARAMETRIC_REPRESENTATION_CONTEXT() REPRESENTATION_CONTEXT('2D SPACE',''
  ) );
#5706 = ORIENTED_EDGE('',*,*,#4840,.T.);
#5707 = ORIENTED_EDGE('',*,*,#5686,.T.);
#5708 = ADVANCED_FACE('',(#5709),#4896,.T.);
#5709 = FACE_BOUND('',#5710,.T.);
#5710 = EDGE_LOOP('',(#5711,#5740,#5761,#5762));
#5711 = ORIENTED_EDGE('',*,*,#5712,.F.);
#5712 = EDGE_CURVE('',#5713,#5713,#5715,.T.);
#5713 = VERTEX_POINT('',#5714);
#5714 = CARTESIAN_POINT('',(74.,25.510400076842,113.02360868779));
#5715 = SURFACE_CURVE('',#5716,(#5721,#5728),.PCURVE_S1.);
#5716 = CIRCLE('',#5717,2.);
#5717 = AXIS2_PLACEMENT_3D('',#5718,#5719,#5720);
#5718 = CARTESIAN_POINT('',(72.,25.510400076842,113.02360868779));
#5719 = DIRECTION('',(0.,-0.965925826289,0.258819045103));
#5720 = DIRECTION('',(1.,0.,0.));
#5721 = PCURVE('',#4896,#5722);
#5722 = DEFINITIONAL_REPRESENTATION('',(#5723),#5727);
#5723 = LINE('',#5724,#5725);
#5724 = CARTESIAN_POINT('',(0.,3.6));
#5725 = VECTOR('',#5726,1.);
#5726 = DIRECTION('',(1.,0.));
#5727 = ( GEOMETRIC_REPRESENTATION_CONTEXT(2) 
PARAMETRIC_REPRESENTATION_CONTEXT() REPRESENTATION_CONTEXT('2D SPACE',''
  ) );
#5728 = PCURVE('',#5729,#5734);
#5729 = PLANE('',#5730);
#5730 = AXIS2_PLACEMENT_3D('',#5731,#5732,#5733);
#5731 = CARTESIAN_POINT('',(72.,25.510400076842,113.02360868779));
#5732 = DIRECTION('',(0.,-0.965925826289,0.258819045103));
#5733 = DIRECTION('',(1.,0.,0.));
#5734 = DEFINITIONAL_REPRESENTATION('',(#5735),#5739);
#5735 = CIRCLE('',#5736,2.);
#5736 = AXIS2_PLACEMENT_2D('',#5737,#5738);
#5737 = CARTESIAN_POINT('',(0.,0.));
#5738 = DIRECTION('',(1.,0.));
#5739 = ( GEOMETRIC_REPRESENTATION_CONTEXT(2) 
PARAMETRIC_REPRESENTATION_CONTEXT() REPRESENTATION_CONTEXT('2D SPACE',''
  ) );
#5740 = ORIENTED_EDGE('',*,*,#5741,.F.);
#5741 = EDGE_CURVE('',#4876,#5713,#5742,.T.);
#5742 = SEAM_CURVE('',#5743,(#5747,#5754),.PCURVE_S1.);
#5743 = LINE('',#5744,#5745);
#5744 = CARTESIAN_POINT('',(74.,28.987733051482,112.09186012542));
#5745 = VECTOR('',#5746,1.);
#5746 = DIRECTION('',(0.,-0.965925826289,0.258819045103));
#5747 = PCURVE('',#4896,#5748);
#5748 = DEFINITIONAL_REPRESENTATION('',(#5749),#5753);
#5749 = LINE('',#5750,#5751);
#5750 = CARTESIAN_POINT('',(6.28318530718,0.));
#5751 = VECTOR('',#5752,1.);
#5752 = DIRECTION('',(0.,1.));
#5753 = ( GEOMETRIC_REPRESENTATION_CONTEXT(2) 
PARAMETRIC_REPRESENTATION_CONTEXT() REPRESENTATION_CONTEXT('2D SPACE',''
  ) );
#5754 = PCURVE('',#4896,#5755);
#5755 = DEFINITIONAL_REPRESENTATION('',(#5756),#5760);
#5756 = LINE('',#5757,#5758);
#5757 = CARTESIAN_POINT('',(0.,0.));
#5758 = VECTOR('',#5759,1.);
#5759 = DIRECTION('',(0.,1.));
#5760 = ( GEOMETRIC_REPRESENTATION_CONTEXT(2) 
PARAMETRIC_REPRESENTATION_CONTEXT() REPRESENTATION_CONTEXT('2D SPACE',''
  ) );
#5761 = ORIENTED_EDGE('',*,*,#4875,.T.);
#5762 = ORIENTED_EDGE('',*,*,#5741,.T.);
#5763 = ADVANCED_FACE('',(#5764),#5151,.F.);
#5764 = FACE_BOUND('',#5765,.F.);
#5765 = EDGE_LOOP('',(#5766));
#5766 = ORIENTED_EDGE('',*,*,#5134,.T.);
#5767 = ADVANCED_FACE('',(#5768),#5285,.F.);
#5768 = FACE_BOUND('',#5769,.F.);
#5769 = EDGE_LOOP('',(#5770));
#5770 = ORIENTED_EDGE('',*,*,#5268,.T.);
#5771 = ADVANCED_FACE('',(#5772),#5392,.T.);
#5772 = FACE_BOUND('',#5773,.T.);
#5773 = EDGE_LOOP('',(#5774,#5775,#5776,#5777));
#5774 = ORIENTED_EDGE('',*,*,#5377,.F.);
#5775 = ORIENTED_EDGE('',*,*,#5630,.T.);
#5776 = ORIENTED_EDGE('',*,*,#5501,.T.);
#5777 = ORIENTED_EDGE('',*,*,#5428,.T.);
#5778 = ADVANCED_FACE('',(#5779),#5577,.T.);
#5779 = FACE_BOUND('',#5780,.T.);
#5780 = EDGE_LOOP('',(#5781,#5810,#5831,#5832));
#5781 = ORIENTED_EDGE('',*,*,#5782,.F.);
#5782 = EDGE_CURVE('',#5783,#5783,#5785,.T.);
#5783 = VERTEX_POINT('',#5784);
#5784 = CARTESIAN_POINT('',(-68.5,3.649481951369,39.16495815374));
#5785 = SURFACE_CURVE('',#5786,(#5791,#5798),.PCURVE_S1.);
#5786 = CIRCLE('',#5787,3.5);
#5787 = AXIS2_PLACEMENT_3D('',#5788,#5789,#5790);
#5788 = CARTESIAN_POINT('',(-72.,3.649481951369,39.16495815374));
#5789 = DIRECTION('',(0.,-0.965925826289,0.258819045103));
#5790 = DIRECTION('',(1.,0.,0.));
#5791 = PCURVE('',#5577,#5792);
#5792 = DEFINITIONAL_REPRESENTATION('',(#5793),#5797);
#5793 = LINE('',#5794,#5795);
#5794 = CARTESIAN_POINT('',(0.,2.));
#5795 = VECTOR('',#5796,1.);
#5796 = DIRECTION('',(1.,0.));
#5797 = ( GEOMETRIC_REPRESENTATION_CONTEXT(2) 
PARAMETRIC_REPRESENTATION_CONTEXT() REPRESENTATION_CONTEXT('2D SPACE',''
  ) );
#5798 = PCURVE('',#5799,#5804);
#5799 = PLANE('',#5800);
#5800 = AXIS2_PLACEMENT_3D('',#5801,#5802,#5803);
#5801 = CARTESIAN_POINT('',(-72.,3.649481951369,39.16495815374));
#5802 = DIRECTION('',(0.,-0.965925826289,0.258819045103));
#5803 = DIRECTION('',(1.,0.,0.));
#5804 = DEFINITIONAL_REPRESENTATION('',(#5805),#5809);
#5805 = CIRCLE('',#5806,3.5);
#5806 = AXIS2_PLACEMENT_2D('',#5807,#5808);
#5807 = CARTESIAN_POINT('',(0.,0.));
#5808 = DIRECTION('',(1.,0.));
#5809 = ( GEOMETRIC_REPRESENTATION_CONTEXT(2) 
PARAMETRIC_REPRESENTATION_CONTEXT() REPRESENTATION_CONTEXT('2D SPACE',''
  ) );
#5810 = ORIENTED_EDGE('',*,*,#5811,.F.);
#5811 = EDGE_CURVE('',#5561,#5783,#5812,.T.);
#5812 = SEAM_CURVE('',#5813,(#5817,#5824),.PCURVE_S1.);
#5813 = LINE('',#5814,#5815);
#5814 = CARTESIAN_POINT('',(-68.5,5.581333603948,38.647320063535));
#5815 = VECTOR('',#5816,1.);
#5816 = DIRECTION('',(0.,-0.965925826289,0.258819045103));
#5817 = PCURVE('',#5577,#5818);
#5818 = DEFINITIONAL_REPRESENTATION('',(#5819),#5823);
#5819 = LINE('',#5820,#5821);
#5820 = CARTESIAN_POINT('',(6.28318530718,0.));
#5821 = VECTOR('',#5822,1.);
#5822 = DIRECTION('',(0.,1.));
#5823 = ( GEOMETRIC_REPRESENTATION_CONTEXT(2) 
PARAMETRIC_REPRESENTATION_CONTEXT() REPRESENTATION_CONTEXT('2D SPACE',''
  ) );
#5824 = PCURVE('',#5577,#5825);
#5825 = DEFINITIONAL_REPRESENTATION('',(#5826),#5830);
#5826 = LINE('',#5827,#5828);
#5827 = CARTESIAN_POINT('',(0.,0.));
#5828 = VECTOR('',#5829,1.);
#5829 = DIRECTION('',(0.,1.));
#5830 = ( GEOMETRIC_REPRESENTATION_CONTEXT(2) 
PARAMETRIC_REPRESENTATION_CONTEXT() REPRESENTATION_CONTEXT('2D SPACE',''
  ) );
#5831 = ORIENTED_EDGE('',*,*,#5560,.T.);
#5832 = ORIENTED_EDGE('',*,*,#5811,.T.);
#5833 = ADVANCED_FACE('',(#5834),#5612,.T.);
#5834 = FACE_BOUND('',#5835,.T.);
#5835 = EDGE_LOOP('',(#5836,#5865,#5886,#5887));
#5836 = ORIENTED_EDGE('',*,*,#5837,.F.);
#5837 = EDGE_CURVE('',#5838,#5838,#5840,.T.);
#5838 = VERTEX_POINT('',#5839);
#5839 = CARTESIAN_POINT('',(-68.5,23.578548424264,113.54124677799));
#5840 = SURFACE_CURVE('',#5841,(#5846,#5853),.PCURVE_S1.);
#5841 = CIRCLE('',#5842,3.5);
#5842 = AXIS2_PLACEMENT_3D('',#5843,#5844,#5845);
#5843 = CARTESIAN_POINT('',(-72.,23.578548424264,113.54124677799));
#5844 = DIRECTION('',(0.,-0.965925826289,0.258819045103));
#5845 = DIRECTION('',(1.,0.,0.));
#5846 = PCURVE('',#5612,#5847);
#5847 = DEFINITIONAL_REPRESENTATION('',(#5848),#5852);
#5848 = LINE('',#5849,#5850);
#5849 = CARTESIAN_POINT('',(0.,2.));
#5850 = VECTOR('',#5851,1.);
#5851 = DIRECTION('',(1.,0.));
#5852 = ( GEOMETRIC_REPRESENTATION_CONTEXT(2) 
PARAMETRIC_REPRESENTATION_CONTEXT() REPRESENTATION_CONTEXT('2D SPACE',''
  ) );
#5853 = PCURVE('',#5854,#5859);
#5854 = PLANE('',#5855);
#5855 = AXIS2_PLACEMENT_3D('',#5856,#5857,#5858);
#5856 = CARTESIAN_POINT('',(-72.,23.578548424264,113.54124677799));
#5857 = DIRECTION('',(0.,-0.965925826289,0.258819045103));
#5858 = DIRECTION('',(1.,0.,0.));
#5859 = DEFINITIONAL_REPRESENTATION('',(#5860),#5864);
#5860 = CIRCLE('',#5861,3.5);
#5861 = AXIS2_PLACEMENT_2D('',#5862,#5863);
#5862 = CARTESIAN_POINT('',(0.,0.));
#5863 = DIRECTION('',(1.,0.));
#5864 = ( GEOMETRIC_REPRESENTATION_CONTEXT(2) 
PARAMETRIC_REPRESENTATION_CONTEXT() REPRESENTATION_CONTEXT('2D SPACE',''
  ) );
#5865 = ORIENTED_EDGE('',*,*,#5866,.F.);
#5866 = EDGE_CURVE('',#5596,#5838,#5867,.T.);
#5867 = SEAM_CURVE('',#5868,(#5872,#5879),.PCURVE_S1.);
#5868 = LINE('',#5869,#5870);
#5869 = CARTESIAN_POINT('',(-68.5,25.510400076842,113.02360868779));
#5870 = VECTOR('',#5871,1.);
#5871 = DIRECTION('',(0.,-0.965925826289,0.258819045103));
#5872 = PCURVE('',#5612,#5873);
#5873 = DEFINITIONAL_REPRESENTATION('',(#5874),#5878);
#5874 = LINE('',#5875,#5876);
#5875 = CARTESIAN_POINT('',(6.28318530718,0.));
#5876 = VECTOR('',#5877,1.);
#5877 = DIRECTION('',(0.,1.));
#5878 = ( GEOMETRIC_REPRESENTATION_CONTEXT(2) 
PARAMETRIC_REPRESENTATION_CONTEXT() REPRESENTATION_CONTEXT('2D SPACE',''
  ) );
#5879 = PCURVE('',#5612,#5880);
#5880 = DEFINITIONAL_REPRESENTATION('',(#5881),#5885);
#5881 = LINE('',#5882,#5883);
#5882 = CARTESIAN_POINT('',(0.,0.));
#5883 = VECTOR('',#5884,1.);
#5884 = DIRECTION('',(0.,1.));
#5885 = ( GEOMETRIC_REPRESENTATION_CONTEXT(2) 
PARAMETRIC_REPRESENTATION_CONTEXT() REPRESENTATION_CONTEXT('2D SPACE',''
  ) );
#5886 = ORIENTED_EDGE('',*,*,#5595,.T.);
#5887 = ORIENTED_EDGE('',*,*,#5866,.T.);
#5888 = ADVANCED_FACE('',(#5889,#5920),#5674,.F.);
#5889 = FACE_BOUND('',#5890,.F.);
#5890 = EDGE_LOOP('',(#5891));
#5891 = ORIENTED_EDGE('',*,*,#5892,.T.);
#5892 = EDGE_CURVE('',#5893,#5893,#5895,.T.);
#5893 = VERTEX_POINT('',#5894);
#5894 = CARTESIAN_POINT('',(75.5,5.581333603948,38.647320063535));
#5895 = SURFACE_CURVE('',#5896,(#5901,#5908),.PCURVE_S1.);
#5896 = CIRCLE('',#5897,3.5);
#5897 = AXIS2_PLACEMENT_3D('',#5898,#5899,#5900);
#5898 = CARTESIAN_POINT('',(72.,5.581333603948,38.647320063535));
#5899 = DIRECTION('',(0.,-0.965925826289,0.258819045103));
#5900 = DIRECTION('',(1.,0.,0.));
#5901 = PCURVE('',#5674,#5902);
#5902 = DEFINITIONAL_REPRESENTATION('',(#5903),#5907);
#5903 = CIRCLE('',#5904,3.5);
#5904 = AXIS2_PLACEMENT_2D('',#5905,#5906);
#5905 = CARTESIAN_POINT('',(0.,0.));
#5906 = DIRECTION('',(1.,0.));
#5907 = ( GEOMETRIC_REPRESENTATION_CONTEXT(2) 
PARAMETRIC_REPRESENTATION_CONTEXT() REPRESENTATION_CONTEXT('2D SPACE',''
  ) );
#5908 = PCURVE('',#5909,#5914);
#5909 = CYLINDRICAL_SURFACE('',#5910,3.5);
#5910 = AXIS2_PLACEMENT_3D('',#5911,#5912,#5913);
#5911 = CARTESIAN_POINT('',(72.,5.581333603948,38.647320063535));
#5912 = DIRECTION('',(0.,-0.965925826289,0.258819045103));
#5913 = DIRECTION('',(1.,0.,0.));
#5914 = DEFINITIONAL_REPRESENTATION('',(#5915),#5919);
#5915 = LINE('',#5916,#5917);
#5916 = CARTESIAN_POINT('',(0.,0.));
#5917 = VECTOR('',#5918,1.);
#5918 = DIRECTION('',(1.,0.));
#5919 = ( GEOMETRIC_REPRESENTATION_CONTEXT(2) 
PARAMETRIC_REPRESENTATION_CONTEXT() REPRESENTATION_CONTEXT('2D SPACE',''
  ) );
#5920 = FACE_BOUND('',#5921,.F.);
#5921 = EDGE_LOOP('',(#5922));
#5922 = ORIENTED_EDGE('',*,*,#5657,.F.);
#5923 = ADVANCED_FACE('',(#5924,#5955),#5729,.F.);
#5924 = FACE_BOUND('',#5925,.F.);
#5925 = EDGE_LOOP('',(#5926));
#5926 = ORIENTED_EDGE('',*,*,#5927,.T.);
#5927 = EDGE_CURVE('',#5928,#5928,#5930,.T.);
#5928 = VERTEX_POINT('',#5929);
#5929 = CARTESIAN_POINT('',(75.5,25.510400076842,113.02360868779));
#5930 = SURFACE_CURVE('',#5931,(#5936,#5943),.PCURVE_S1.);
#5931 = CIRCLE('',#5932,3.5);
#5932 = AXIS2_PLACEMENT_3D('',#5933,#5934,#5935);
#5933 = CARTESIAN_POINT('',(72.,25.510400076842,113.02360868779));
#5934 = DIRECTION('',(0.,-0.965925826289,0.258819045103));
#5935 = DIRECTION('',(1.,0.,0.));
#5936 = PCURVE('',#5729,#5937);
#5937 = DEFINITIONAL_REPRESENTATION('',(#5938),#5942);
#5938 = CIRCLE('',#5939,3.5);
#5939 = AXIS2_PLACEMENT_2D('',#5940,#5941);
#5940 = CARTESIAN_POINT('',(0.,0.));
#5941 = DIRECTION('',(1.,0.));
#5942 = ( GEOMETRIC_REPRESENTATION_CONTEXT(2) 
PARAMETRIC_REPRESENTATION_CONTEXT() REPRESENTATION_CONTEXT('2D SPACE',''
  ) );
#5943 = PCURVE('',#5944,#5949);
#5944 = CYLINDRICAL_SURFACE('',#5945,3.5);
#5945 = AXIS2_PLACEMENT_3D('',#5946,#5947,#5948);
#5946 = CARTESIAN_POINT('',(72.,25.510400076842,113.02360868779));
#5947 = DIRECTION('',(0.,-0.965925826289,0.258819045103));
#5948 = DIRECTION('',(1.,0.,0.));
#5949 = DEFINITIONAL_REPRESENTATION('',(#5950),#5954);
#5950 = LINE('',#5951,#5952);
#5951 = CARTESIAN_POINT('',(0.,0.));
#5952 = VECTOR('',#5953,1.);
#5953 = DIRECTION('',(1.,0.));
#5954 = ( GEOMETRIC_REPRESENTATION_CONTEXT(2) 
PARAMETRIC_REPRESENTATION_CONTEXT() REPRESENTATION_CONTEXT('2D SPACE',''
  ) );
#5955 = FACE_BOUND('',#5956,.F.);
#5956 = EDGE_LOOP('',(#5957));
#5957 = ORIENTED_EDGE('',*,*,#5712,.F.);
#5958 = ADVANCED_FACE('',(#5959),#5799,.T.);
#5959 = FACE_BOUND('',#5960,.T.);
#5960 = EDGE_LOOP('',(#5961));
#5961 = ORIENTED_EDGE('',*,*,#5782,.T.);
#5962 = ADVANCED_FACE('',(#5963),#5854,.T.);
#5963 = FACE_BOUND('',#5964,.T.);
#5964 = EDGE_LOOP('',(#5965));
#5965 = ORIENTED_EDGE('',*,*,#5837,.T.);
#5966 = ADVANCED_FACE('',(#5967),#5909,.T.);
#5967 = FACE_BOUND('',#5968,.T.);
#5968 = EDGE_LOOP('',(#5969,#5998,#6019,#6020));
#5969 = ORIENTED_EDGE('',*,*,#5970,.F.);
#5970 = EDGE_CURVE('',#5971,#5971,#5973,.T.);
#5971 = VERTEX_POINT('',#5972);
#5972 = CARTESIAN_POINT('',(75.5,3.649481951369,39.16495815374));
#5973 = SURFACE_CURVE('',#5974,(#5979,#5986),.PCURVE_S1.);
#5974 = CIRCLE('',#5975,3.5);
#5975 = AXIS2_PLACEMENT_3D('',#5976,#5977,#5978);
#5976 = CARTESIAN_POINT('',(72.,3.649481951369,39.16495815374));
#5977 = DIRECTION('',(0.,-0.965925826289,0.258819045103));
#5978 = DIRECTION('',(1.,0.,0.));
#5979 = PCURVE('',#5909,#5980);
#5980 = DEFINITIONAL_REPRESENTATION('',(#5981),#5985);
#5981 = LINE('',#5982,#5983);
#5982 = CARTESIAN_POINT('',(0.,2.));
#5983 = VECTOR('',#5984,1.);
#5984 = DIRECTION('',(1.,0.));
#5985 = ( GEOMETRIC_REPRESENTATION_CONTEXT(2) 
PARAMETRIC_REPRESENTATION_CONTEXT() REPRESENTATION_CONTEXT('2D SPACE',''
  ) );
#5986 = PCURVE('',#5987,#5992);
#5987 = PLANE('',#5988);
#5988 = AXIS2_PLACEMENT_3D('',#5989,#5990,#5991);
#5989 = CARTESIAN_POINT('',(72.,3.649481951369,39.16495815374));
#5990 = DIRECTION('',(0.,-0.965925826289,0.258819045103));
#5991 = DIRECTION('',(1.,0.,0.));
#5992 = DEFINITIONAL_REPRESENTATION('',(#5993),#5997);
#5993 = CIRCLE('',#5994,3.5);
#5994 = AXIS2_PLACEMENT_2D('',#5995,#5996);
#5995 = CARTESIAN_POINT('',(0.,0.));
#5996 = DIRECTION('',(1.,0.));
#5997 = ( GEOMETRIC_REPRESENTATION_CONTEXT(2) 
PARAMETRIC_REPRESENTATION_CONTEXT() REPRESENTATION_CONTEXT('2D SPACE',''
  ) );
#5998 = ORIENTED_EDGE('',*,*,#5999,.F.);
#5999 = EDGE_CURVE('',#5893,#5971,#6000,.T.);
#6000 = SEAM_CURVE('',#6001,(#6005,#6012),.PCURVE_S1.);
#6001 = LINE('',#6002,#6003);
#6002 = CARTESIAN_POINT('',(75.5,5.581333603948,38.647320063535));
#6003 = VECTOR('',#6004,1.);
#6004 = DIRECTION('',(0.,-0.965925826289,0.258819045103));
#6005 = PCURVE('',#5909,#6006);
#6006 = DEFINITIONAL_REPRESENTATION('',(#6007),#6011);
#6007 = LINE('',#6008,#6009);
#6008 = CARTESIAN_POINT('',(6.28318530718,0.));
#6009 = VECTOR('',#6010,1.);
#6010 = DIRECTION('',(0.,1.));
#6011 = ( GEOMETRIC_REPRESENTATION_CONTEXT(2) 
PARAMETRIC_REPRESENTATION_CONTEXT() REPRESENTATION_CONTEXT('2D SPACE',''
  ) );
#6012 = PCURVE('',#5909,#6013);
#6013 = DEFINITIONAL_REPRESENTATION('',(#6014),#6018);
#6014 = LINE('',#6015,#6016);
#6015 = CARTESIAN_POINT('',(0.,0.));
#6016 = VECTOR('',#6017,1.);
#6017 = DIRECTION('',(0.,1.));
#6018 = ( GEOMETRIC_REPRESENTATION_CONTEXT(2) 
PARAMETRIC_REPRESENTATION_CONTEXT() REPRESENTATION_CONTEXT('2D SPACE',''
  ) );
#6019 = ORIENTED_EDGE('',*,*,#5892,.T.);
#6020 = ORIENTED_EDGE('',*,*,#5999,.T.);
#6021 = ADVANCED_FACE('',(#6022),#5944,.T.);
#6022 = FACE_BOUND('',#6023,.T.);
#6023 = EDGE_LOOP('',(#6024,#6053,#6074,#6075));
#6024 = ORIENTED_EDGE('',*,*,#6025,.F.);
#6025 = EDGE_CURVE('',#6026,#6026,#6028,.T.);
#6026 = VERTEX_POINT('',#6027);
#6027 = CARTESIAN_POINT('',(75.5,23.578548424264,113.54124677799));
#6028 = SURFACE_CURVE('',#6029,(#6034,#6041),.PCURVE_S1.);
#6029 = CIRCLE('',#6030,3.5);
#6030 = AXIS2_PLACEMENT_3D('',#6031,#6032,#6033);
#6031 = CARTESIAN_POINT('',(72.,23.578548424264,113.54124677799));
#6032 = DIRECTION('',(0.,-0.965925826289,0.258819045103));
#6033 = DIRECTION('',(1.,0.,0.));
#6034 = PCURVE('',#5944,#6035);
#6035 = DEFINITIONAL_REPRESENTATION('',(#6036),#6040);
#6036 = LINE('',#6037,#6038);
#6037 = CARTESIAN_POINT('',(0.,2.));
#6038 = VECTOR('',#6039,1.);
#6039 = DIRECTION('',(1.,0.));
#6040 = ( GEOMETRIC_REPRESENTATION_CONTEXT(2) 
PARAMETRIC_REPRESENTATION_CONTEXT() REPRESENTATION_CONTEXT('2D SPACE',''
  ) );
#6041 = PCURVE('',#6042,#6047);
#6042 = PLANE('',#6043);
#6043 = AXIS2_PLACEMENT_3D('',#6044,#6045,#6046);
#6044 = CARTESIAN_POINT('',(72.,23.578548424264,113.54124677799));
#6045 = DIRECTION('',(0.,-0.965925826289,0.258819045103));
#6046 = DIRECTION('',(1.,0.,0.));
#6047 = DEFINITIONAL_REPRESENTATION('',(#6048),#6052);
#6048 = CIRCLE('',#6049,3.5);
#6049 = AXIS2_PLACEMENT_2D('',#6050,#6051);
#6050 = CARTESIAN_POINT('',(0.,0.));
#6051 = DIRECTION('',(1.,0.));
#6052 = ( GEOMETRIC_REPRESENTATION_CONTEXT(2) 
PARAMETRIC_REPRESENTATION_CONTEXT() REPRESENTATION_CONTEXT('2D SPACE',''
  ) );
#6053 = ORIENTED_EDGE('',*,*,#6054,.F.);
#6054 = EDGE_CURVE('',#5928,#6026,#6055,.T.);
#6055 = SEAM_CURVE('',#6056,(#6060,#6067),.PCURVE_S1.);
#6056 = LINE('',#6057,#6058);
#6057 = CARTESIAN_POINT('',(75.5,25.510400076842,113.02360868779));
#6058 = VECTOR('',#6059,1.);
#6059 = DIRECTION('',(0.,-0.965925826289,0.258819045103));
#6060 = PCURVE('',#5944,#6061);
#6061 = DEFINITIONAL_REPRESENTATION('',(#6062),#6066);
#6062 = LINE('',#6063,#6064);
#6063 = CARTESIAN_POINT('',(6.28318530718,0.));
#6064 = VECTOR('',#6065,1.);
#6065 = DIRECTION('',(0.,1.));
#6066 = ( GEOMETRIC_REPRESENTATION_CONTEXT(2) 
PARAMETRIC_REPRESENTATION_CONTEXT() REPRESENTATION_CONTEXT('2D SPACE',''
  ) );
#6067 = PCURVE('',#5944,#6068);
#6068 = DEFINITIONAL_REPRESENTATION('',(#6069),#6073);
#6069 = LINE('',#6070,#6071);
#6070 = CARTESIAN_POINT('',(0.,0.));
#6071 = VECTOR('',#6072,1.);
#6072 = DIRECTION('',(0.,1.));
#6073 = ( GEOMETRIC_REPRESENTATION_CONTEXT(2) 
PARAMETRIC_REPRESENTATION_CONTEXT() REPRESENTATION_CONTEXT('2D SPACE',''
  ) );
#6074 = ORIENTED_EDGE('',*,*,#5927,.T.);
#6075 = ORIENTED_EDGE('',*,*,#6054,.T.);
#6076 = ADVANCED_FACE('',(#6077),#5987,.T.);
#6077 = FACE_BOUND('',#6078,.T.);
#6078 = EDGE_LOOP('',(#6079));
#6079 = ORIENTED_EDGE('',*,*,#5970,.T.);
#6080 = ADVANCED_FACE('',(#6081),#6042,.T.);
#6081 = FACE_BOUND('',#6082,.T.);
#6082 = EDGE_LOOP('',(#6083));
#6083 = ORIENTED_EDGE('',*,*,#6025,.T.);
#6084 = ( GEOMETRIC_REPRESENTATION_CONTEXT(3) 
GLOBAL_UNCERTAINTY_ASSIGNED_CONTEXT((#6088)) 
GLOBAL_UNIT_ASSIGNED_CONTEXT((#6085,#6086,#6087)) REPRESENTATION_CONTEXT
('Context #1','3D Context with UNIT and UNCERTAINTY') );
#6085 = ( LENGTH_UNIT() NAMED_UNIT(*) SI_UNIT(.MILLI.,.METRE.) );
#6086 = ( NAMED_UNIT(*) PLANE_ANGLE_UNIT() SI_UNIT($,.RADIAN.) );
#6087 = ( NAMED_UNIT(*) SI_UNIT($,.STERADIAN.) SOLID_ANGLE_UNIT() );
#6088 = UNCERTAINTY_MEASURE_WITH_UNIT(LENGTH_MEASURE(2.E-07),#6085,
  'distance_accuracy_value','confusion accuracy');
#6089 = CONTEXT_DEPENDENT_SHAPE_REPRESENTATION(#6090,#6092);
#6090 = ( REPRESENTATION_RELATIONSHIP('','',#2669,#10) 
REPRESENTATION_RELATIONSHIP_WITH_TRANSFORMATION(#6091) 
SHAPE_REPRESENTATION_RELATIONSHIP() );
#6091 = ITEM_DEFINED_TRANSFORMATION('','',#11,#19);
#6092 = PRODUCT_DEFINITION_SHAPE('Placement','Placement of an item',
  #6093);
#6093 = NEXT_ASSEMBLY_USAGE_OCCURRENCE('2','cradle','',#5,#2664,$);
#6094 = PRODUCT_RELATED_PRODUCT_CATEGORY('part',$,(#2666));
#6095 = SHAPE_DEFINITION_REPRESENTATION(#6096,#6102);
#6096 = PRODUCT_DEFINITION_SHAPE('','',#6097);
#6097 = PRODUCT_DEFINITION('design','',#6098,#6101);
#6098 = PRODUCT_DEFINITION_FORMATION('','',#6099);
#6099 = PRODUCT('rollo_x1038_standin','rollo_x1038_standin','',(#6100));
#6100 = PRODUCT_CONTEXT('',#2,'mechanical');
#6101 = PRODUCT_DEFINITION_CONTEXT('part definition',#2,'design');
#6102 = ADVANCED_BREP_SHAPE_REPRESENTATION('',(#11,#6103),#6433);
#6103 = MANIFOLD_SOLID_BREP('',#6104);
#6104 = CLOSED_SHELL('',(#6105,#6225,#6325,#6372,#6419,#6426));
#6105 = ADVANCED_FACE('',(#6106),#6120,.F.);
#6106 = FACE_BOUND('',#6107,.F.);
#6107 = EDGE_LOOP('',(#6108,#6143,#6171,#6199));
#6108 = ORIENTED_EDGE('',*,*,#6109,.F.);
#6109 = EDGE_CURVE('',#6110,#6112,#6114,.T.);
#6110 = VERTEX_POINT('',#6111);
#6111 = CARTESIAN_POINT('',(-97.5,0.,0.));
#6112 = VERTEX_POINT('',#6113);
#6113 = CARTESIAN_POINT('',(-97.5,0.,85.));
#6114 = SURFACE_CURVE('',#6115,(#6119,#6131),.PCURVE_S1.);
#6115 = LINE('',#6116,#6117);
#6116 = CARTESIAN_POINT('',(-97.5,0.,0.));
#6117 = VECTOR('',#6118,1.);
#6118 = DIRECTION('',(0.,0.,1.));
#6119 = PCURVE('',#6120,#6125);
#6120 = PLANE('',#6121);
#6121 = AXIS2_PLACEMENT_3D('',#6122,#6123,#6124);
#6122 = CARTESIAN_POINT('',(-97.5,0.,0.));
#6123 = DIRECTION('',(1.,0.,0.));
#6124 = DIRECTION('',(0.,0.,1.));
#6125 = DEFINITIONAL_REPRESENTATION('',(#6126),#6130);
#6126 = LINE('',#6127,#6128);
#6127 = CARTESIAN_POINT('',(0.,0.));
#6128 = VECTOR('',#6129,1.);
#6129 = DIRECTION('',(1.,0.));
#6130 = ( GEOMETRIC_REPRESENTATION_CONTEXT(2) 
PARAMETRIC_REPRESENTATION_CONTEXT() REPRESENTATION_CONTEXT('2D SPACE',''
  ) );
#6131 = PCURVE('',#6132,#6137);
#6132 = PLANE('',#6133);
#6133 = AXIS2_PLACEMENT_3D('',#6134,#6135,#6136);
#6134 = CARTESIAN_POINT('',(-97.5,0.,0.));
#6135 = DIRECTION('',(0.,1.,0.));
#6136 = DIRECTION('',(0.,0.,1.));
#6137 = DEFINITIONAL_REPRESENTATION('',(#6138),#6142);
#6138 = LINE('',#6139,#6140);
#6139 = CARTESIAN_POINT('',(0.,0.));
#6140 = VECTOR('',#6141,1.);
#6141 = DIRECTION('',(1.,0.));
#6142 = ( GEOMETRIC_REPRESENTATION_CONTEXT(2) 
PARAMETRIC_REPRESENTATION_CONTEXT() REPRESENTATION_CONTEXT('2D SPACE',''
  ) );
#6143 = ORIENTED_EDGE('',*,*,#6144,.T.);
#6144 = EDGE_CURVE('',#6110,#6145,#6147,.T.);
#6145 = VERTEX_POINT('',#6146);
#6146 = CARTESIAN_POINT('',(-97.5,75.,0.));
#6147 = SURFACE_CURVE('',#6148,(#6152,#6159),.PCURVE_S1.);
#6148 = LINE('',#6149,#6150);
#6149 = CARTESIAN_POINT('',(-97.5,0.,0.));
#6150 = VECTOR('',#6151,1.);
#6151 = DIRECTION('',(0.,1.,0.));
#6152 = PCURVE('',#6120,#6153);
#6153 = DEFINITIONAL_REPRESENTATION('',(#6154),#6158);
#6154 = LINE('',#6155,#6156);
#6155 = CARTESIAN_POINT('',(0.,0.));
#6156 = VECTOR('',#6157,1.);
#6157 = DIRECTION('',(0.,-1.));
#6158 = ( GEOMETRIC_REPRESENTATION_CONTEXT(2) 
PARAMETRIC_REPRESENTATION_CONTEXT() REPRESENTATION_CONTEXT('2D SPACE',''
  ) );
#6159 = PCURVE('',#6160,#6165);
#6160 = PLANE('',#6161);
#6161 = AXIS2_PLACEMENT_3D('',#6162,#6163,#6164);
#6162 = CARTESIAN_POINT('',(-97.5,0.,0.));
#6163 = DIRECTION('',(0.,0.,1.));
#6164 = DIRECTION('',(1.,0.,0.));
#6165 = DEFINITIONAL_REPRESENTATION('',(#6166),#6170);
#6166 = LINE('',#6167,#6168);
#6167 = CARTESIAN_POINT('',(0.,0.));
#6168 = VECTOR('',#6169,1.);
#6169 = DIRECTION('',(0.,1.));
#6170 = ( GEOMETRIC_REPRESENTATION_CONTEXT(2) 
PARAMETRIC_REPRESENTATION_CONTEXT() REPRESENTATION_CONTEXT('2D SPACE',''
  ) );
#6171 = ORIENTED_EDGE('',*,*,#6172,.T.);
#6172 = EDGE_CURVE('',#6145,#6173,#6175,.T.);
#6173 = VERTEX_POINT('',#6174);
#6174 = CARTESIAN_POINT('',(-97.5,75.,85.));
#6175 = SURFACE_CURVE('',#6176,(#6180,#6187),.PCURVE_S1.);
#6176 = LINE('',#6177,#6178);
#6177 = CARTESIAN_POINT('',(-97.5,75.,0.));
#6178 = VECTOR('',#6179,1.);
#6179 = DIRECTION('',(0.,0.,1.));
#6180 = PCURVE('',#6120,#6181);
#6181 = DEFINITIONAL_REPRESENTATION('',(#6182),#6186);
#6182 = LINE('',#6183,#6184);
#6183 = CARTESIAN_POINT('',(0.,-75.));
#6184 = VECTOR('',#6185,1.);
#6185 = DIRECTION('',(1.,0.));
#6186 = ( GEOMETRIC_REPRESENTATION_CONTEXT(2) 
PARAMETRIC_REPRESENTATION_CONTEXT() REPRESENTATION_CONTEXT('2D SPACE',''
  ) );
#6187 = PCURVE('',#6188,#6193);
#6188 = PLANE('',#6189);
#6189 = AXIS2_PLACEMENT_3D('',#6190,#6191,#6192);
#6190 = CARTESIAN_POINT('',(-97.5,75.,0.));
#6191 = DIRECTION('',(0.,1.,0.));
#6192 = DIRECTION('',(0.,0.,1.));
#6193 = DEFINITIONAL_REPRESENTATION('',(#6194),#6198);
#6194 = LINE('',#6195,#6196);
#6195 = CARTESIAN_POINT('',(0.,0.));
#6196 = VECTOR('',#6197,1.);
#6197 = DIRECTION('',(1.,0.));
#6198 = ( GEOMETRIC_REPRESENTATION_CONTEXT(2) 
PARAMETRIC_REPRESENTATION_CONTEXT() REPRESENTATION_CONTEXT('2D SPACE',''
  ) );
#6199 = ORIENTED_EDGE('',*,*,#6200,.F.);
#6200 = EDGE_CURVE('',#6112,#6173,#6201,.T.);
#6201 = SURFACE_CURVE('',#6202,(#6206,#6213),.PCURVE_S1.);
#6202 = LINE('',#6203,#6204);
#6203 = CARTESIAN_POINT('',(-97.5,0.,85.));
#6204 = VECTOR('',#6205,1.);
#6205 = DIRECTION('',(0.,1.,0.));
#6206 = PCURVE('',#6120,#6207);
#6207 = DEFINITIONAL_REPRESENTATION('',(#6208),#6212);
#6208 = LINE('',#6209,#6210);
#6209 = CARTESIAN_POINT('',(85.,0.));
#6210 = VECTOR('',#6211,1.);
#6211 = DIRECTION('',(0.,-1.));
#6212 = ( GEOMETRIC_REPRESENTATION_CONTEXT(2) 
PARAMETRIC_REPRESENTATION_CONTEXT() REPRESENTATION_CONTEXT('2D SPACE',''
  ) );
#6213 = PCURVE('',#6214,#6219);
#6214 = PLANE('',#6215);
#6215 = AXIS2_PLACEMENT_3D('',#6216,#6217,#6218);
#6216 = CARTESIAN_POINT('',(-97.5,0.,85.));
#6217 = DIRECTION('',(0.,0.,1.));
#6218 = DIRECTION('',(1.,0.,0.));
#6219 = DEFINITIONAL_REPRESENTATION('',(#6220),#6224);
#6220 = LINE('',#6221,#6222);
#6221 = CARTESIAN_POINT('',(0.,0.));
#6222 = VECTOR('',#6223,1.);
#6223 = DIRECTION('',(0.,1.));
#6224 = ( GEOMETRIC_REPRESENTATION_CONTEXT(2) 
PARAMETRIC_REPRESENTATION_CONTEXT() REPRESENTATION_CONTEXT('2D SPACE',''
  ) );
#6225 = ADVANCED_FACE('',(#6226),#6240,.T.);
#6226 = FACE_BOUND('',#6227,.T.);
#6227 = EDGE_LOOP('',(#6228,#6258,#6281,#6304));
#6228 = ORIENTED_EDGE('',*,*,#6229,.F.);
#6229 = EDGE_CURVE('',#6230,#6232,#6234,.T.);
#6230 = VERTEX_POINT('',#6231);
#6231 = CARTESIAN_POINT('',(97.5,0.,0.));
#6232 = VERTEX_POINT('',#6233);
#6233 = CARTESIAN_POINT('',(97.5,0.,85.));
#6234 = SURFACE_CURVE('',#6235,(#6239,#6251),.PCURVE_S1.);
#6235 = LINE('',#6236,#6237);
#6236 = CARTESIAN_POINT('',(97.5,0.,0.));
#6237 = VECTOR('',#6238,1.);
#6238 = DIRECTION('',(0.,0.,1.));
#6239 = PCURVE('',#6240,#6245);
#6240 = PLANE('',#6241);
#6241 = AXIS2_PLACEMENT_3D('',#6242,#6243,#6244);
#6242 = CARTESIAN_POINT('',(97.5,0.,0.));
#6243 = DIRECTION('',(1.,0.,0.));
#6244 = DIRECTION('',(0.,0.,1.));
#6245 = DEFINITIONAL_REPRESENTATION('',(#6246),#6250);
#6246 = LINE('',#6247,#6248);
#6247 = CARTESIAN_POINT('',(0.,0.));
#6248 = VECTOR('',#6249,1.);
#6249 = DIRECTION('',(1.,0.));
#6250 = ( GEOMETRIC_REPRESENTATION_CONTEXT(2) 
PARAMETRIC_REPRESENTATION_CONTEXT() REPRESENTATION_CONTEXT('2D SPACE',''
  ) );
#6251 = PCURVE('',#6132,#6252);
#6252 = DEFINITIONAL_REPRESENTATION('',(#6253),#6257);
#6253 = LINE('',#6254,#6255);
#6254 = CARTESIAN_POINT('',(0.,195.));
#6255 = VECTOR('',#6256,1.);
#6256 = DIRECTION('',(1.,0.));
#6257 = ( GEOMETRIC_REPRESENTATION_CONTEXT(2) 
PARAMETRIC_REPRESENTATION_CONTEXT() REPRESENTATION_CONTEXT('2D SPACE',''
  ) );
#6258 = ORIENTED_EDGE('',*,*,#6259,.T.);
#6259 = EDGE_CURVE('',#6230,#6260,#6262,.T.);
#6260 = VERTEX_POINT('',#6261);
#6261 = CARTESIAN_POINT('',(97.5,75.,0.));
#6262 = SURFACE_CURVE('',#6263,(#6267,#6274),.PCURVE_S1.);
#6263 = LINE('',#6264,#6265);
#6264 = CARTESIAN_POINT('',(97.5,0.,0.));
#6265 = VECTOR('',#6266,1.);
#6266 = DIRECTION('',(0.,1.,0.));
#6267 = PCURVE('',#6240,#6268);
#6268 = DEFINITIONAL_REPRESENTATION('',(#6269),#6273);
#6269 = LINE('',#6270,#6271);
#6270 = CARTESIAN_POINT('',(0.,0.));
#6271 = VECTOR('',#6272,1.);
#6272 = DIRECTION('',(0.,-1.));
#6273 = ( GEOMETRIC_REPRESENTATION_CONTEXT(2) 
PARAMETRIC_REPRESENTATION_CONTEXT() REPRESENTATION_CONTEXT('2D SPACE',''
  ) );
#6274 = PCURVE('',#6160,#6275);
#6275 = DEFINITIONAL_REPRESENTATION('',(#6276),#6280);
#6276 = LINE('',#6277,#6278);
#6277 = CARTESIAN_POINT('',(195.,0.));
#6278 = VECTOR('',#6279,1.);
#6279 = DIRECTION('',(0.,1.));
#6280 = ( GEOMETRIC_REPRESENTATION_CONTEXT(2) 
PARAMETRIC_REPRESENTATION_CONTEXT() REPRESENTATION_CONTEXT('2D SPACE',''
  ) );
#6281 = ORIENTED_EDGE('',*,*,#6282,.T.);
#6282 = EDGE_CURVE('',#6260,#6283,#6285,.T.);
#6283 = VERTEX_POINT('',#6284);
#6284 = CARTESIAN_POINT('',(97.5,75.,85.));
#6285 = SURFACE_CURVE('',#6286,(#6290,#6297),.PCURVE_S1.);
#6286 = LINE('',#6287,#6288);
#6287 = CARTESIAN_POINT('',(97.5,75.,0.));
#6288 = VECTOR('',#6289,1.);
#6289 = DIRECTION('',(0.,0.,1.));
#6290 = PCURVE('',#6240,#6291);
#6291 = DEFINITIONAL_REPRESENTATION('',(#6292),#6296);
#6292 = LINE('',#6293,#6294);
#6293 = CARTESIAN_POINT('',(0.,-75.));
#6294 = VECTOR('',#6295,1.);
#6295 = DIRECTION('',(1.,0.));
#6296 = ( GEOMETRIC_REPRESENTATION_CONTEXT(2) 
PARAMETRIC_REPRESENTATION_CONTEXT() REPRESENTATION_CONTEXT('2D SPACE',''
  ) );
#6297 = PCURVE('',#6188,#6298);
#6298 = DEFINITIONAL_REPRESENTATION('',(#6299),#6303);
#6299 = LINE('',#6300,#6301);
#6300 = CARTESIAN_POINT('',(0.,195.));
#6301 = VECTOR('',#6302,1.);
#6302 = DIRECTION('',(1.,0.));
#6303 = ( GEOMETRIC_REPRESENTATION_CONTEXT(2) 
PARAMETRIC_REPRESENTATION_CONTEXT() REPRESENTATION_CONTEXT('2D SPACE',''
  ) );
#6304 = ORIENTED_EDGE('',*,*,#6305,.F.);
#6305 = EDGE_CURVE('',#6232,#6283,#6306,.T.);
#6306 = SURFACE_CURVE('',#6307,(#6311,#6318),.PCURVE_S1.);
#6307 = LINE('',#6308,#6309);
#6308 = CARTESIAN_POINT('',(97.5,0.,85.));
#6309 = VECTOR('',#6310,1.);
#6310 = DIRECTION('',(0.,1.,0.));
#6311 = PCURVE('',#6240,#6312);
#6312 = DEFINITIONAL_REPRESENTATION('',(#6313),#6317);
#6313 = LINE('',#6314,#6315);
#6314 = CARTESIAN_POINT('',(85.,0.));
#6315 = VECTOR('',#6316,1.);
#6316 = DIRECTION('',(0.,-1.));
#6317 = ( GEOMETRIC_REPRESENTATION_CONTEXT(2) 
PARAMETRIC_REPRESENTATION_CONTEXT() REPRESENTATION_CONTEXT('2D SPACE',''
  ) );
#6318 = PCURVE('',#6214,#6319);
#6319 = DEFINITIONAL_REPRESENTATION('',(#6320),#6324);
#6320 = LINE('',#6321,#6322);
#6321 = CARTESIAN_POINT('',(195.,0.));
#6322 = VECTOR('',#6323,1.);
#6323 = DIRECTION('',(0.,1.));
#6324 = ( GEOMETRIC_REPRESENTATION_CONTEXT(2) 
PARAMETRIC_REPRESENTATION_CONTEXT() REPRESENTATION_CONTEXT('2D SPACE',''
  ) );
#6325 = ADVANCED_FACE('',(#6326),#6132,.F.);
#6326 = FACE_BOUND('',#6327,.F.);
#6327 = EDGE_LOOP('',(#6328,#6349,#6350,#6371));
#6328 = ORIENTED_EDGE('',*,*,#6329,.F.);
#6329 = EDGE_CURVE('',#6110,#6230,#6330,.T.);
#6330 = SURFACE_CURVE('',#6331,(#6335,#6342),.PCURVE_S1.);
#6331 = LINE('',#6332,#6333);
#6332 = CARTESIAN_POINT('',(-97.5,0.,0.));
#6333 = VECTOR('',#6334,1.);
#6334 = DIRECTION('',(1.,0.,0.));
#6335 = PCURVE('',#6132,#6336);
#6336 = DEFINITIONAL_REPRESENTATION('',(#6337),#6341);
#6337 = LINE('',#6338,#6339);
#6338 = CARTESIAN_POINT('',(0.,0.));
#6339 = VECTOR('',#6340,1.);
#6340 = DIRECTION('',(0.,1.));
#6341 = ( GEOMETRIC_REPRESENTATION_CONTEXT(2) 
PARAMETRIC_REPRESENTATION_CONTEXT() REPRESENTATION_CONTEXT('2D SPACE',''
  ) );
#6342 = PCURVE('',#6160,#6343);
#6343 = DEFINITIONAL_REPRESENTATION('',(#6344),#6348);
#6344 = LINE('',#6345,#6346);
#6345 = CARTESIAN_POINT('',(0.,0.));
#6346 = VECTOR('',#6347,1.);
#6347 = DIRECTION('',(1.,0.));
#6348 = ( GEOMETRIC_REPRESENTATION_CONTEXT(2) 
PARAMETRIC_REPRESENTATION_CONTEXT() REPRESENTATION_CONTEXT('2D SPACE',''
  ) );
#6349 = ORIENTED_EDGE('',*,*,#6109,.T.);
#6350 = ORIENTED_EDGE('',*,*,#6351,.T.);
#6351 = EDGE_CURVE('',#6112,#6232,#6352,.T.);
#6352 = SURFACE_CURVE('',#6353,(#6357,#6364),.PCURVE_S1.);
#6353 = LINE('',#6354,#6355);
#6354 = CARTESIAN_POINT('',(-97.5,0.,85.));
#6355 = VECTOR('',#6356,1.);
#6356 = DIRECTION('',(1.,0.,0.));
#6357 = PCURVE('',#6132,#6358);
#6358 = DEFINITIONAL_REPRESENTATION('',(#6359),#6363);
#6359 = LINE('',#6360,#6361);
#6360 = CARTESIAN_POINT('',(85.,0.));
#6361 = VECTOR('',#6362,1.);
#6362 = DIRECTION('',(0.,1.));
#6363 = ( GEOMETRIC_REPRESENTATION_CONTEXT(2) 
PARAMETRIC_REPRESENTATION_CONTEXT() REPRESENTATION_CONTEXT('2D SPACE',''
  ) );
#6364 = PCURVE('',#6214,#6365);
#6365 = DEFINITIONAL_REPRESENTATION('',(#6366),#6370);
#6366 = LINE('',#6367,#6368);
#6367 = CARTESIAN_POINT('',(0.,0.));
#6368 = VECTOR('',#6369,1.);
#6369 = DIRECTION('',(1.,0.));
#6370 = ( GEOMETRIC_REPRESENTATION_CONTEXT(2) 
PARAMETRIC_REPRESENTATION_CONTEXT() REPRESENTATION_CONTEXT('2D SPACE',''
  ) );
#6371 = ORIENTED_EDGE('',*,*,#6229,.F.);
#6372 = ADVANCED_FACE('',(#6373),#6188,.T.);
#6373 = FACE_BOUND('',#6374,.T.);
#6374 = EDGE_LOOP('',(#6375,#6396,#6397,#6418));
#6375 = ORIENTED_EDGE('',*,*,#6376,.F.);
#6376 = EDGE_CURVE('',#6145,#6260,#6377,.T.);
#6377 = SURFACE_CURVE('',#6378,(#6382,#6389),.PCURVE_S1.);
#6378 = LINE('',#6379,#6380);
#6379 = CARTESIAN_POINT('',(-97.5,75.,0.));
#6380 = VECTOR('',#6381,1.);
#6381 = DIRECTION('',(1.,0.,0.));
#6382 = PCURVE('',#6188,#6383);
#6383 = DEFINITIONAL_REPRESENTATION('',(#6384),#6388);
#6384 = LINE('',#6385,#6386);
#6385 = CARTESIAN_POINT('',(0.,0.));
#6386 = VECTOR('',#6387,1.);
#6387 = DIRECTION('',(0.,1.));
#6388 = ( GEOMETRIC_REPRESENTATION_CONTEXT(2) 
PARAMETRIC_REPRESENTATION_CONTEXT() REPRESENTATION_CONTEXT('2D SPACE',''
  ) );
#6389 = PCURVE('',#6160,#6390);
#6390 = DEFINITIONAL_REPRESENTATION('',(#6391),#6395);
#6391 = LINE('',#6392,#6393);
#6392 = CARTESIAN_POINT('',(0.,75.));
#6393 = VECTOR('',#6394,1.);
#6394 = DIRECTION('',(1.,0.));
#6395 = ( GEOMETRIC_REPRESENTATION_CONTEXT(2) 
PARAMETRIC_REPRESENTATION_CONTEXT() REPRESENTATION_CONTEXT('2D SPACE',''
  ) );
#6396 = ORIENTED_EDGE('',*,*,#6172,.T.);
#6397 = ORIENTED_EDGE('',*,*,#6398,.T.);
#6398 = EDGE_CURVE('',#6173,#6283,#6399,.T.);
#6399 = SURFACE_CURVE('',#6400,(#6404,#6411),.PCURVE_S1.);
#6400 = LINE('',#6401,#6402);
#6401 = CARTESIAN_POINT('',(-97.5,75.,85.));
#6402 = VECTOR('',#6403,1.);
#6403 = DIRECTION('',(1.,0.,0.));
#6404 = PCURVE('',#6188,#6405);
#6405 = DEFINITIONAL_REPRESENTATION('',(#6406),#6410);
#6406 = LINE('',#6407,#6408);
#6407 = CARTESIAN_POINT('',(85.,0.));
#6408 = VECTOR('',#6409,1.);
#6409 = DIRECTION('',(0.,1.));
#6410 = ( GEOMETRIC_REPRESENTATION_CONTEXT(2) 
PARAMETRIC_REPRESENTATION_CONTEXT() REPRESENTATION_CONTEXT('2D SPACE',''
  ) );
#6411 = PCURVE('',#6214,#6412);
#6412 = DEFINITIONAL_REPRESENTATION('',(#6413),#6417);
#6413 = LINE('',#6414,#6415);
#6414 = CARTESIAN_POINT('',(0.,75.));
#6415 = VECTOR('',#6416,1.);
#6416 = DIRECTION('',(1.,0.));
#6417 = ( GEOMETRIC_REPRESENTATION_CONTEXT(2) 
PARAMETRIC_REPRESENTATION_CONTEXT() REPRESENTATION_CONTEXT('2D SPACE',''
  ) );
#6418 = ORIENTED_EDGE('',*,*,#6282,.F.);
#6419 = ADVANCED_FACE('',(#6420),#6160,.F.);
#6420 = FACE_BOUND('',#6421,.F.);
#6421 = EDGE_LOOP('',(#6422,#6423,#6424,#6425));
#6422 = ORIENTED_EDGE('',*,*,#6144,.F.);
#6423 = ORIENTED_EDGE('',*,*,#6329,.T.);
#6424 = ORIENTED_EDGE('',*,*,#6259,.T.);
#6425 = ORIENTED_EDGE('',*,*,#6376,.F.);
#6426 = ADVANCED_FACE('',(#6427),#6214,.T.);
#6427 = FACE_BOUND('',#6428,.T.);
#6428 = EDGE_LOOP('',(#6429,#6430,#6431,#6432));
#6429 = ORIENTED_EDGE('',*,*,#6200,.F.);
#6430 = ORIENTED_EDGE('',*,*,#6351,.T.);
#6431 = ORIENTED_EDGE('',*,*,#6305,.T.);
#6432 = ORIENTED_EDGE('',*,*,#6398,.F.);
#6433 = ( GEOMETRIC_REPRESENTATION_CONTEXT(3) 
GLOBAL_UNCERTAINTY_ASSIGNED_CONTEXT((#6437)) 
GLOBAL_UNIT_ASSIGNED_CONTEXT((#6434,#6435,#6436)) REPRESENTATION_CONTEXT
('Context #1','3D Context with UNIT and UNCERTAINTY') );
#6434 = ( LENGTH_UNIT() NAMED_UNIT(*) SI_UNIT(.MILLI.,.METRE.) );
#6435 = ( NAMED_UNIT(*) PLANE_ANGLE_UNIT() SI_UNIT($,.RADIAN.) );
#6436 = ( NAMED_UNIT(*) SI_UNIT($,.STERADIAN.) SOLID_ANGLE_UNIT() );
#6437 = UNCERTAINTY_MEASURE_WITH_UNIT(LENGTH_MEASURE(1.E-07),#6434,
  'distance_accuracy_value','confusion accuracy');
#6438 = CONTEXT_DEPENDENT_SHAPE_REPRESENTATION(#6439,#6441);
#6439 = ( REPRESENTATION_RELATIONSHIP('','',#6102,#10) 
REPRESENTATION_RELATIONSHIP_WITH_TRANSFORMATION(#6440) 
SHAPE_REPRESENTATION_RELATIONSHIP() );
#6440 = ITEM_DEFINED_TRANSFORMATION('','',#11,#23);
#6441 = PRODUCT_DEFINITION_SHAPE('Placement','Placement of an item',
  #6442);
#6442 = NEXT_ASSEMBLY_USAGE_OCCURRENCE('3','rollo_x1038_standin','',#5,
  #6097,$);
#6443 = PRODUCT_RELATED_PRODUCT_CATEGORY('part',$,(#6099));
#6444 = SHAPE_DEFINITION_REPRESENTATION(#6445,#6451);
#6445 = PRODUCT_DEFINITION_SHAPE('','',#6446);
#6446 = PRODUCT_DEFINITION('design','',#6447,#6450);
#6447 = PRODUCT_DEFINITION_FORMATION('','',#6448);
#6448 = PRODUCT('ipad_mini_standin','ipad_mini_standin','',(#6449));
#6449 = PRODUCT_CONTEXT('',#2,'mechanical');
#6450 = PRODUCT_DEFINITION_CONTEXT('part definition',#2,'design');
#6451 = ADVANCED_BREP_SHAPE_REPRESENTATION('',(#11,#6452),#6782);
#6452 = MANIFOLD_SOLID_BREP('',#6453);
#6453 = CLOSED_SHELL('',(#6454,#6574,#6674,#6721,#6768,#6775));
#6454 = ADVANCED_FACE('',(#6455),#6469,.F.);
#6455 = FACE_BOUND('',#6456,.F.);
#6456 = EDGE_LOOP('',(#6457,#6492,#6520,#6548));
#6457 = ORIENTED_EDGE('',*,*,#6458,.F.);
#6458 = EDGE_CURVE('',#6459,#6461,#6463,.T.);
#6459 = VERTEX_POINT('',#6460);
#6460 = CARTESIAN_POINT('',(-67.4,0.,0.));
#6461 = VERTEX_POINT('',#6462);
#6462 = CARTESIAN_POINT('',(-67.4,0.,195.4));
#6463 = SURFACE_CURVE('',#6464,(#6468,#6480),.PCURVE_S1.);
#6464 = LINE('',#6465,#6466);
#6465 = CARTESIAN_POINT('',(-67.4,0.,0.));
#6466 = VECTOR('',#6467,1.);
#6467 = DIRECTION('',(0.,0.,1.));
#6468 = PCURVE('',#6469,#6474);
#6469 = PLANE('',#6470);
#6470 = AXIS2_PLACEMENT_3D('',#6471,#6472,#6473);
#6471 = CARTESIAN_POINT('',(-67.4,0.,0.));
#6472 = DIRECTION('',(1.,0.,0.));
#6473 = DIRECTION('',(0.,0.,1.));
#6474 = DEFINITIONAL_REPRESENTATION('',(#6475),#6479);
#6475 = LINE('',#6476,#6477);
#6476 = CARTESIAN_POINT('',(0.,0.));
#6477 = VECTOR('',#6478,1.);
#6478 = DIRECTION('',(1.,0.));
#6479 = ( GEOMETRIC_REPRESENTATION_CONTEXT(2) 
PARAMETRIC_REPRESENTATION_CONTEXT() REPRESENTATION_CONTEXT('2D SPACE',''
  ) );
#6480 = PCURVE('',#6481,#6486);
#6481 = PLANE('',#6482);
#6482 = AXIS2_PLACEMENT_3D('',#6483,#6484,#6485);
#6483 = CARTESIAN_POINT('',(-67.4,0.,0.));
#6484 = DIRECTION('',(0.,1.,0.));
#6485 = DIRECTION('',(0.,0.,1.));
#6486 = DEFINITIONAL_REPRESENTATION('',(#6487),#6491);
#6487 = LINE('',#6488,#6489);
#6488 = CARTESIAN_POINT('',(0.,0.));
#6489 = VECTOR('',#6490,1.);
#6490 = DIRECTION('',(1.,0.));
#6491 = ( GEOMETRIC_REPRESENTATION_CONTEXT(2) 
PARAMETRIC_REPRESENTATION_CONTEXT() REPRESENTATION_CONTEXT('2D SPACE',''
  ) );
#6492 = ORIENTED_EDGE('',*,*,#6493,.T.);
#6493 = EDGE_CURVE('',#6459,#6494,#6496,.T.);
#6494 = VERTEX_POINT('',#6495);
#6495 = CARTESIAN_POINT('',(-67.4,6.3,0.));
#6496 = SURFACE_CURVE('',#6497,(#6501,#6508),.PCURVE_S1.);
#6497 = LINE('',#6498,#6499);
#6498 = CARTESIAN_POINT('',(-67.4,0.,0.));
#6499 = VECTOR('',#6500,1.);
#6500 = DIRECTION('',(0.,1.,0.));
#6501 = PCURVE('',#6469,#6502);
#6502 = DEFINITIONAL_REPRESENTATION('',(#6503),#6507);
#6503 = LINE('',#6504,#6505);
#6504 = CARTESIAN_POINT('',(0.,0.));
#6505 = VECTOR('',#6506,1.);
#6506 = DIRECTION('',(0.,-1.));
#6507 = ( GEOMETRIC_REPRESENTATION_CONTEXT(2) 
PARAMETRIC_REPRESENTATION_CONTEXT() REPRESENTATION_CONTEXT('2D SPACE',''
  ) );
#6508 = PCURVE('',#6509,#6514);
#6509 = PLANE('',#6510);
#6510 = AXIS2_PLACEMENT_3D('',#6511,#6512,#6513);
#6511 = CARTESIAN_POINT('',(-67.4,0.,0.));
#6512 = DIRECTION('',(0.,0.,1.));
#6513 = DIRECTION('',(1.,0.,0.));
#6514 = DEFINITIONAL_REPRESENTATION('',(#6515),#6519);
#6515 = LINE('',#6516,#6517);
#6516 = CARTESIAN_POINT('',(0.,0.));
#6517 = VECTOR('',#6518,1.);
#6518 = DIRECTION('',(0.,1.));
#6519 = ( GEOMETRIC_REPRESENTATION_CONTEXT(2) 
PARAMETRIC_REPRESENTATION_CONTEXT() REPRESENTATION_CONTEXT('2D SPACE',''
  ) );
#6520 = ORIENTED_EDGE('',*,*,#6521,.T.);
#6521 = EDGE_CURVE('',#6494,#6522,#6524,.T.);
#6522 = VERTEX_POINT('',#6523);
#6523 = CARTESIAN_POINT('',(-67.4,6.3,195.4));
#6524 = SURFACE_CURVE('',#6525,(#6529,#6536),.PCURVE_S1.);
#6525 = LINE('',#6526,#6527);
#6526 = CARTESIAN_POINT('',(-67.4,6.3,0.));
#6527 = VECTOR('',#6528,1.);
#6528 = DIRECTION('',(0.,0.,1.));
#6529 = PCURVE('',#6469,#6530);
#6530 = DEFINITIONAL_REPRESENTATION('',(#6531),#6535);
#6531 = LINE('',#6532,#6533);
#6532 = CARTESIAN_POINT('',(0.,-6.3));
#6533 = VECTOR('',#6534,1.);
#6534 = DIRECTION('',(1.,0.));
#6535 = ( GEOMETRIC_REPRESENTATION_CONTEXT(2) 
PARAMETRIC_REPRESENTATION_CONTEXT() REPRESENTATION_CONTEXT('2D SPACE',''
  ) );
#6536 = PCURVE('',#6537,#6542);
#6537 = PLANE('',#6538);
#6538 = AXIS2_PLACEMENT_3D('',#6539,#6540,#6541);
#6539 = CARTESIAN_POINT('',(-67.4,6.3,0.));
#6540 = DIRECTION('',(0.,1.,0.));
#6541 = DIRECTION('',(0.,0.,1.));
#6542 = DEFINITIONAL_REPRESENTATION('',(#6543),#6547);
#6543 = LINE('',#6544,#6545);
#6544 = CARTESIAN_POINT('',(0.,0.));
#6545 = VECTOR('',#6546,1.);
#6546 = DIRECTION('',(1.,0.));
#6547 = ( GEOMETRIC_REPRESENTATION_CONTEXT(2) 
PARAMETRIC_REPRESENTATION_CONTEXT() REPRESENTATION_CONTEXT('2D SPACE',''
  ) );
#6548 = ORIENTED_EDGE('',*,*,#6549,.F.);
#6549 = EDGE_CURVE('',#6461,#6522,#6550,.T.);
#6550 = SURFACE_CURVE('',#6551,(#6555,#6562),.PCURVE_S1.);
#6551 = LINE('',#6552,#6553);
#6552 = CARTESIAN_POINT('',(-67.4,0.,195.4));
#6553 = VECTOR('',#6554,1.);
#6554 = DIRECTION('',(0.,1.,0.));
#6555 = PCURVE('',#6469,#6556);
#6556 = DEFINITIONAL_REPRESENTATION('',(#6557),#6561);
#6557 = LINE('',#6558,#6559);
#6558 = CARTESIAN_POINT('',(195.4,0.));
#6559 = VECTOR('',#6560,1.);
#6560 = DIRECTION('',(0.,-1.));
#6561 = ( GEOMETRIC_REPRESENTATION_CONTEXT(2) 
PARAMETRIC_REPRESENTATION_CONTEXT() REPRESENTATION_CONTEXT('2D SPACE',''
  ) );
#6562 = PCURVE('',#6563,#6568);
#6563 = PLANE('',#6564);
#6564 = AXIS2_PLACEMENT_3D('',#6565,#6566,#6567);
#6565 = CARTESIAN_POINT('',(-67.4,0.,195.4));
#6566 = DIRECTION('',(0.,0.,1.));
#6567 = DIRECTION('',(1.,0.,0.));
#6568 = DEFINITIONAL_REPRESENTATION('',(#6569),#6573);
#6569 = LINE('',#6570,#6571);
#6570 = CARTESIAN_POINT('',(0.,0.));
#6571 = VECTOR('',#6572,1.);
#6572 = DIRECTION('',(0.,1.));
#6573 = ( GEOMETRIC_REPRESENTATION_CONTEXT(2) 
PARAMETRIC_REPRESENTATION_CONTEXT() REPRESENTATION_CONTEXT('2D SPACE',''
  ) );
#6574 = ADVANCED_FACE('',(#6575),#6589,.T.);
#6575 = FACE_BOUND('',#6576,.T.);
#6576 = EDGE_LOOP('',(#6577,#6607,#6630,#6653));
#6577 = ORIENTED_EDGE('',*,*,#6578,.F.);
#6578 = EDGE_CURVE('',#6579,#6581,#6583,.T.);
#6579 = VERTEX_POINT('',#6580);
#6580 = CARTESIAN_POINT('',(67.4,0.,0.));
#6581 = VERTEX_POINT('',#6582);
#6582 = CARTESIAN_POINT('',(67.4,0.,195.4));
#6583 = SURFACE_CURVE('',#6584,(#6588,#6600),.PCURVE_S1.);
#6584 = LINE('',#6585,#6586);
#6585 = CARTESIAN_POINT('',(67.4,0.,0.));
#6586 = VECTOR('',#6587,1.);
#6587 = DIRECTION('',(0.,0.,1.));
#6588 = PCURVE('',#6589,#6594);
#6589 = PLANE('',#6590);
#6590 = AXIS2_PLACEMENT_3D('',#6591,#6592,#6593);
#6591 = CARTESIAN_POINT('',(67.4,0.,0.));
#6592 = DIRECTION('',(1.,0.,0.));
#6593 = DIRECTION('',(0.,0.,1.));
#6594 = DEFINITIONAL_REPRESENTATION('',(#6595),#6599);
#6595 = LINE('',#6596,#6597);
#6596 = CARTESIAN_POINT('',(0.,0.));
#6597 = VECTOR('',#6598,1.);
#6598 = DIRECTION('',(1.,0.));
#6599 = ( GEOMETRIC_REPRESENTATION_CONTEXT(2) 
PARAMETRIC_REPRESENTATION_CONTEXT() REPRESENTATION_CONTEXT('2D SPACE',''
  ) );
#6600 = PCURVE('',#6481,#6601);
#6601 = DEFINITIONAL_REPRESENTATION('',(#6602),#6606);
#6602 = LINE('',#6603,#6604);
#6603 = CARTESIAN_POINT('',(0.,134.8));
#6604 = VECTOR('',#6605,1.);
#6605 = DIRECTION('',(1.,0.));
#6606 = ( GEOMETRIC_REPRESENTATION_CONTEXT(2) 
PARAMETRIC_REPRESENTATION_CONTEXT() REPRESENTATION_CONTEXT('2D SPACE',''
  ) );
#6607 = ORIENTED_EDGE('',*,*,#6608,.T.);
#6608 = EDGE_CURVE('',#6579,#6609,#6611,.T.);
#6609 = VERTEX_POINT('',#6610);
#6610 = CARTESIAN_POINT('',(67.4,6.3,0.));
#6611 = SURFACE_CURVE('',#6612,(#6616,#6623),.PCURVE_S1.);
#6612 = LINE('',#6613,#6614);
#6613 = CARTESIAN_POINT('',(67.4,0.,0.));
#6614 = VECTOR('',#6615,1.);
#6615 = DIRECTION('',(0.,1.,0.));
#6616 = PCURVE('',#6589,#6617);
#6617 = DEFINITIONAL_REPRESENTATION('',(#6618),#6622);
#6618 = LINE('',#6619,#6620);
#6619 = CARTESIAN_POINT('',(0.,0.));
#6620 = VECTOR('',#6621,1.);
#6621 = DIRECTION('',(0.,-1.));
#6622 = ( GEOMETRIC_REPRESENTATION_CONTEXT(2) 
PARAMETRIC_REPRESENTATION_CONTEXT() REPRESENTATION_CONTEXT('2D SPACE',''
  ) );
#6623 = PCURVE('',#6509,#6624);
#6624 = DEFINITIONAL_REPRESENTATION('',(#6625),#6629);
#6625 = LINE('',#6626,#6627);
#6626 = CARTESIAN_POINT('',(134.8,0.));
#6627 = VECTOR('',#6628,1.);
#6628 = DIRECTION('',(0.,1.));
#6629 = ( GEOMETRIC_REPRESENTATION_CONTEXT(2) 
PARAMETRIC_REPRESENTATION_CONTEXT() REPRESENTATION_CONTEXT('2D SPACE',''
  ) );
#6630 = ORIENTED_EDGE('',*,*,#6631,.T.);
#6631 = EDGE_CURVE('',#6609,#6632,#6634,.T.);
#6632 = VERTEX_POINT('',#6633);
#6633 = CARTESIAN_POINT('',(67.4,6.3,195.4));
#6634 = SURFACE_CURVE('',#6635,(#6639,#6646),.PCURVE_S1.);
#6635 = LINE('',#6636,#6637);
#6636 = CARTESIAN_POINT('',(67.4,6.3,0.));
#6637 = VECTOR('',#6638,1.);
#6638 = DIRECTION('',(0.,0.,1.));
#6639 = PCURVE('',#6589,#6640);
#6640 = DEFINITIONAL_REPRESENTATION('',(#6641),#6645);
#6641 = LINE('',#6642,#6643);
#6642 = CARTESIAN_POINT('',(0.,-6.3));
#6643 = VECTOR('',#6644,1.);
#6644 = DIRECTION('',(1.,0.));
#6645 = ( GEOMETRIC_REPRESENTATION_CONTEXT(2) 
PARAMETRIC_REPRESENTATION_CONTEXT() REPRESENTATION_CONTEXT('2D SPACE',''
  ) );
#6646 = PCURVE('',#6537,#6647);
#6647 = DEFINITIONAL_REPRESENTATION('',(#6648),#6652);
#6648 = LINE('',#6649,#6650);
#6649 = CARTESIAN_POINT('',(0.,134.8));
#6650 = VECTOR('',#6651,1.);
#6651 = DIRECTION('',(1.,0.));
#6652 = ( GEOMETRIC_REPRESENTATION_CONTEXT(2) 
PARAMETRIC_REPRESENTATION_CONTEXT() REPRESENTATION_CONTEXT('2D SPACE',''
  ) );
#6653 = ORIENTED_EDGE('',*,*,#6654,.F.);
#6654 = EDGE_CURVE('',#6581,#6632,#6655,.T.);
#6655 = SURFACE_CURVE('',#6656,(#6660,#6667),.PCURVE_S1.);
#6656 = LINE('',#6657,#6658);
#6657 = CARTESIAN_POINT('',(67.4,0.,195.4));
#6658 = VECTOR('',#6659,1.);
#6659 = DIRECTION('',(0.,1.,0.));
#6660 = PCURVE('',#6589,#6661);
#6661 = DEFINITIONAL_REPRESENTATION('',(#6662),#6666);
#6662 = LINE('',#6663,#6664);
#6663 = CARTESIAN_POINT('',(195.4,0.));
#6664 = VECTOR('',#6665,1.);
#6665 = DIRECTION('',(0.,-1.));
#6666 = ( GEOMETRIC_REPRESENTATION_CONTEXT(2) 
PARAMETRIC_REPRESENTATION_CONTEXT() REPRESENTATION_CONTEXT('2D SPACE',''
  ) );
#6667 = PCURVE('',#6563,#6668);
#6668 = DEFINITIONAL_REPRESENTATION('',(#6669),#6673);
#6669 = LINE('',#6670,#6671);
#6670 = CARTESIAN_POINT('',(134.8,0.));
#6671 = VECTOR('',#6672,1.);
#6672 = DIRECTION('',(0.,1.));
#6673 = ( GEOMETRIC_REPRESENTATION_CONTEXT(2) 
PARAMETRIC_REPRESENTATION_CONTEXT() REPRESENTATION_CONTEXT('2D SPACE',''
  ) );
#6674 = ADVANCED_FACE('',(#6675),#6481,.F.);
#6675 = FACE_BOUND('',#6676,.F.);
#6676 = EDGE_LOOP('',(#6677,#6698,#6699,#6720));
#6677 = ORIENTED_EDGE('',*,*,#6678,.F.);
#6678 = EDGE_CURVE('',#6459,#6579,#6679,.T.);
#6679 = SURFACE_CURVE('',#6680,(#6684,#6691),.PCURVE_S1.);
#6680 = LINE('',#6681,#6682);
#6681 = CARTESIAN_POINT('',(-67.4,0.,0.));
#6682 = VECTOR('',#6683,1.);
#6683 = DIRECTION('',(1.,0.,0.));
#6684 = PCURVE('',#6481,#6685);
#6685 = DEFINITIONAL_REPRESENTATION('',(#6686),#6690);
#6686 = LINE('',#6687,#6688);
#6687 = CARTESIAN_POINT('',(0.,0.));
#6688 = VECTOR('',#6689,1.);
#6689 = DIRECTION('',(0.,1.));
#6690 = ( GEOMETRIC_REPRESENTATION_CONTEXT(2) 
PARAMETRIC_REPRESENTATION_CONTEXT() REPRESENTATION_CONTEXT('2D SPACE',''
  ) );
#6691 = PCURVE('',#6509,#6692);
#6692 = DEFINITIONAL_REPRESENTATION('',(#6693),#6697);
#6693 = LINE('',#6694,#6695);
#6694 = CARTESIAN_POINT('',(0.,0.));
#6695 = VECTOR('',#6696,1.);
#6696 = DIRECTION('',(1.,0.));
#6697 = ( GEOMETRIC_REPRESENTATION_CONTEXT(2) 
PARAMETRIC_REPRESENTATION_CONTEXT() REPRESENTATION_CONTEXT('2D SPACE',''
  ) );
#6698 = ORIENTED_EDGE('',*,*,#6458,.T.);
#6699 = ORIENTED_EDGE('',*,*,#6700,.T.);
#6700 = EDGE_CURVE('',#6461,#6581,#6701,.T.);
#6701 = SURFACE_CURVE('',#6702,(#6706,#6713),.PCURVE_S1.);
#6702 = LINE('',#6703,#6704);
#6703 = CARTESIAN_POINT('',(-67.4,0.,195.4));
#6704 = VECTOR('',#6705,1.);
#6705 = DIRECTION('',(1.,0.,0.));
#6706 = PCURVE('',#6481,#6707);
#6707 = DEFINITIONAL_REPRESENTATION('',(#6708),#6712);
#6708 = LINE('',#6709,#6710);
#6709 = CARTESIAN_POINT('',(195.4,0.));
#6710 = VECTOR('',#6711,1.);
#6711 = DIRECTION('',(0.,1.));
#6712 = ( GEOMETRIC_REPRESENTATION_CONTEXT(2) 
PARAMETRIC_REPRESENTATION_CONTEXT() REPRESENTATION_CONTEXT('2D SPACE',''
  ) );
#6713 = PCURVE('',#6563,#6714);
#6714 = DEFINITIONAL_REPRESENTATION('',(#6715),#6719);
#6715 = LINE('',#6716,#6717);
#6716 = CARTESIAN_POINT('',(0.,0.));
#6717 = VECTOR('',#6718,1.);
#6718 = DIRECTION('',(1.,0.));
#6719 = ( GEOMETRIC_REPRESENTATION_CONTEXT(2) 
PARAMETRIC_REPRESENTATION_CONTEXT() REPRESENTATION_CONTEXT('2D SPACE',''
  ) );
#6720 = ORIENTED_EDGE('',*,*,#6578,.F.);
#6721 = ADVANCED_FACE('',(#6722),#6537,.T.);
#6722 = FACE_BOUND('',#6723,.T.);
#6723 = EDGE_LOOP('',(#6724,#6745,#6746,#6767));
#6724 = ORIENTED_EDGE('',*,*,#6725,.F.);
#6725 = EDGE_CURVE('',#6494,#6609,#6726,.T.);
#6726 = SURFACE_CURVE('',#6727,(#6731,#6738),.PCURVE_S1.);
#6727 = LINE('',#6728,#6729);
#6728 = CARTESIAN_POINT('',(-67.4,6.3,0.));
#6729 = VECTOR('',#6730,1.);
#6730 = DIRECTION('',(1.,0.,0.));
#6731 = PCURVE('',#6537,#6732);
#6732 = DEFINITIONAL_REPRESENTATION('',(#6733),#6737);
#6733 = LINE('',#6734,#6735);
#6734 = CARTESIAN_POINT('',(0.,0.));
#6735 = VECTOR('',#6736,1.);
#6736 = DIRECTION('',(0.,1.));
#6737 = ( GEOMETRIC_REPRESENTATION_CONTEXT(2) 
PARAMETRIC_REPRESENTATION_CONTEXT() REPRESENTATION_CONTEXT('2D SPACE',''
  ) );
#6738 = PCURVE('',#6509,#6739);
#6739 = DEFINITIONAL_REPRESENTATION('',(#6740),#6744);
#6740 = LINE('',#6741,#6742);
#6741 = CARTESIAN_POINT('',(0.,6.3));
#6742 = VECTOR('',#6743,1.);
#6743 = DIRECTION('',(1.,0.));
#6744 = ( GEOMETRIC_REPRESENTATION_CONTEXT(2) 
PARAMETRIC_REPRESENTATION_CONTEXT() REPRESENTATION_CONTEXT('2D SPACE',''
  ) );
#6745 = ORIENTED_EDGE('',*,*,#6521,.T.);
#6746 = ORIENTED_EDGE('',*,*,#6747,.T.);
#6747 = EDGE_CURVE('',#6522,#6632,#6748,.T.);
#6748 = SURFACE_CURVE('',#6749,(#6753,#6760),.PCURVE_S1.);
#6749 = LINE('',#6750,#6751);
#6750 = CARTESIAN_POINT('',(-67.4,6.3,195.4));
#6751 = VECTOR('',#6752,1.);
#6752 = DIRECTION('',(1.,0.,0.));
#6753 = PCURVE('',#6537,#6754);
#6754 = DEFINITIONAL_REPRESENTATION('',(#6755),#6759);
#6755 = LINE('',#6756,#6757);
#6756 = CARTESIAN_POINT('',(195.4,0.));
#6757 = VECTOR('',#6758,1.);
#6758 = DIRECTION('',(0.,1.));
#6759 = ( GEOMETRIC_REPRESENTATION_CONTEXT(2) 
PARAMETRIC_REPRESENTATION_CONTEXT() REPRESENTATION_CONTEXT('2D SPACE',''
  ) );
#6760 = PCURVE('',#6563,#6761);
#6761 = DEFINITIONAL_REPRESENTATION('',(#6762),#6766);
#6762 = LINE('',#6763,#6764);
#6763 = CARTESIAN_POINT('',(0.,6.3));
#6764 = VECTOR('',#6765,1.);
#6765 = DIRECTION('',(1.,0.));
#6766 = ( GEOMETRIC_REPRESENTATION_CONTEXT(2) 
PARAMETRIC_REPRESENTATION_CONTEXT() REPRESENTATION_CONTEXT('2D SPACE',''
  ) );
#6767 = ORIENTED_EDGE('',*,*,#6631,.F.);
#6768 = ADVANCED_FACE('',(#6769),#6509,.F.);
#6769 = FACE_BOUND('',#6770,.F.);
#6770 = EDGE_LOOP('',(#6771,#6772,#6773,#6774));
#6771 = ORIENTED_EDGE('',*,*,#6493,.F.);
#6772 = ORIENTED_EDGE('',*,*,#6678,.T.);
#6773 = ORIENTED_EDGE('',*,*,#6608,.T.);
#6774 = ORIENTED_EDGE('',*,*,#6725,.F.);
#6775 = ADVANCED_FACE('',(#6776),#6563,.T.);
#6776 = FACE_BOUND('',#6777,.T.);
#6777 = EDGE_LOOP('',(#6778,#6779,#6780,#6781));
#6778 = ORIENTED_EDGE('',*,*,#6549,.F.);
#6779 = ORIENTED_EDGE('',*,*,#6700,.T.);
#6780 = ORIENTED_EDGE('',*,*,#6654,.T.);
#6781 = ORIENTED_EDGE('',*,*,#6747,.F.);
#6782 = ( GEOMETRIC_REPRESENTATION_CONTEXT(3) 
GLOBAL_UNCERTAINTY_ASSIGNED_CONTEXT((#6786)) 
GLOBAL_UNIT_ASSIGNED_CONTEXT((#6783,#6784,#6785)) REPRESENTATION_CONTEXT
('Context #1','3D Context with UNIT and UNCERTAINTY') );
#6783 = ( LENGTH_UNIT() NAMED_UNIT(*) SI_UNIT(.MILLI.,.METRE.) );
#6784 = ( NAMED_UNIT(*) PLANE_ANGLE_UNIT() SI_UNIT($,.RADIAN.) );
#6785 = ( NAMED_UNIT(*) SI_UNIT($,.STERADIAN.) SOLID_ANGLE_UNIT() );
#6786 = UNCERTAINTY_MEASURE_WITH_UNIT(LENGTH_MEASURE(1.E-07),#6783,
  'distance_accuracy_value','confusion accuracy');
#6787 = CONTEXT_DEPENDENT_SHAPE_REPRESENTATION(#6788,#6790);
#6788 = ( REPRESENTATION_RELATIONSHIP('','',#6451,#10) 
REPRESENTATION_RELATIONSHIP_WITH_TRANSFORMATION(#6789) 
SHAPE_REPRESENTATION_RELATIONSHIP() );
#6789 = ITEM_DEFINED_TRANSFORMATION('','',#11,#27);
#6790 = PRODUCT_DEFINITION_SHAPE('Placement','Placement of an item',
  #6791);
#6791 = NEXT_ASSEMBLY_USAGE_OCCURRENCE('4','ipad_mini_standin','',#5,
  #6446,$);
#6792 = PRODUCT_RELATED_PRODUCT_CATEGORY('part',$,(#6448));
#6793 = SHAPE_DEFINITION_REPRESENTATION(#2659,#6794);
#6794 = SHAPE_REPRESENTATION('',(#15),#2651);
#6795 = SHAPE_DEFINITION_REPRESENTATION(#6092,#6796);
#6796 = SHAPE_REPRESENTATION('',(#19),#6084);
#6797 = SHAPE_DEFINITION_REPRESENTATION(#6441,#6798);
#6798 = SHAPE_REPRESENTATION('',(#23),#6433);
#6799 = SHAPE_DEFINITION_REPRESENTATION(#6790,#6800);
#6800 = SHAPE_REPRESENTATION('',(#27),#6782);
#6801 = SHAPE_DEFINITION_REPRESENTATION(#2659,#6802);
#6802 = SHAPE_REPRESENTATION('',(#15),#2651);
#6803 = SHAPE_DEFINITION_REPRESENTATION(#6092,#6804);
#6804 = SHAPE_REPRESENTATION('',(#19),#6084);
#6805 = SHAPE_DEFINITION_REPRESENTATION(#6441,#6806);
#6806 = SHAPE_REPRESENTATION('',(#23),#6433);
#6807 = SHAPE_DEFINITION_REPRESENTATION(#6790,#6808);
#6808 = SHAPE_REPRESENTATION('',(#27),#6782);
#6809 = MECHANICAL_DESIGN_GEOMETRIC_PRESENTATION_REPRESENTATION('',(
    #6810,#6818),#2651);
#6810 = STYLED_ITEM('color',(#6811),#45);
#6811 = PRESENTATION_STYLE_ASSIGNMENT((#6812));
#6812 = SURFACE_STYLE_USAGE(.BOTH.,#6813);
#6813 = SURFACE_SIDE_STYLE('',(#6814));
#6814 = SURFACE_STYLE_FILL_AREA(#6815);
#6815 = FILL_AREA_STYLE('',(#6816));
#6816 = FILL_AREA_STYLE_COLOUR('',#6817);
#6817 = COLOUR_RGB('',1.,0.698039211323,0.850980411111);
#6818 = OVER_RIDING_STYLED_ITEM('overriding color',(#6819),#45,#6810);
#6819 = PRESENTATION_STYLE_BY_CONTEXT((#6820),#6802);
#6820 = SURFACE_STYLE_USAGE(.BOTH.,#6821);
#6821 = SURFACE_SIDE_STYLE('',(#6822));
#6822 = SURFACE_STYLE_FILL_AREA(#6823);
#6823 = FILL_AREA_STYLE('',(#6824));
#6824 = FILL_AREA_STYLE_COLOUR('',#6825);
#6825 = COLOUR_RGB('',1.,0.698039211323,0.850980411111);
#6826 = MECHANICAL_DESIGN_GEOMETRIC_PRESENTATION_REPRESENTATION('',(
    #6827,#6835),#6084);
#6827 = STYLED_ITEM('color',(#6828),#2670);
#6828 = PRESENTATION_STYLE_ASSIGNMENT((#6829));
#6829 = SURFACE_STYLE_USAGE(.BOTH.,#6830);
#6830 = SURFACE_SIDE_STYLE('',(#6831));
#6831 = SURFACE_STYLE_FILL_AREA(#6832);
#6832 = FILL_AREA_STYLE('',(#6833));
#6833 = FILL_AREA_STYLE_COLOUR('',#6834);
#6834 = COLOUR_RGB('',1.,0.43529407817,0.639215690656);
#6835 = OVER_RIDING_STYLED_ITEM('overriding color',(#6836),#2670,#6827);
#6836 = PRESENTATION_STYLE_BY_CONTEXT((#6837),#6804);
#6837 = SURFACE_STYLE_USAGE(.BOTH.,#6838);
#6838 = SURFACE_SIDE_STYLE('',(#6839));
#6839 = SURFACE_STYLE_FILL_AREA(#6840);
#6840 = FILL_AREA_STYLE('',(#6841));
#6841 = FILL_AREA_STYLE_COLOUR('',#6842);
#6842 = COLOUR_RGB('',1.,0.43529407817,0.639215690656);
#6843 = MECHANICAL_DESIGN_GEOMETRIC_PRESENTATION_REPRESENTATION('',(
    #6844),#6433);
#6844 = STYLED_ITEM('color',(#6845),#6103);
#6845 = PRESENTATION_STYLE_ASSIGNMENT((#6846));
#6846 = SURFACE_STYLE_USAGE(.BOTH.,#6847);
#6847 = SURFACE_SIDE_STYLE('',(#6848));
#6848 = SURFACE_STYLE_FILL_AREA(#6849);
#6849 = FILL_AREA_STYLE('',(#6850));
#6850 = FILL_AREA_STYLE_COLOUR('',#6851);
#6851 = COLOUR_RGB('',0.949019609525,0.949019609525,0.949019609525);
#6852 = MECHANICAL_DESIGN_GEOMETRIC_PRESENTATION_REPRESENTATION('',(
    #6853),#6782);
#6853 = STYLED_ITEM('color',(#6854),#6452);
#6854 = PRESENTATION_STYLE_ASSIGNMENT((#6855));
#6855 = SURFACE_STYLE_USAGE(.BOTH.,#6856);
#6856 = SURFACE_SIDE_STYLE('',(#6857));
#6857 = SURFACE_STYLE_FILL_AREA(#6858);
#6858 = FILL_AREA_STYLE('',(#6859));
#6859 = FILL_AREA_STYLE_COLOUR('',#6860);
#6860 = COLOUR_RGB('',0.168627327665,0.168627327665,0.180392183537);
ENDSEC;
END-ISO-10303-21;
