ISO-10303-21;
HEADER;
FILE_DESCRIPTION(('Open CASCADE Model'),'2;1');
FILE_NAME('saddle','2000-01-01T00:00:00',('Author'),('Open CASCADE'),
  'Open CASCADE STEP processor 7.9','cadgen','Unknown');
FILE_SCHEMA(('AUTOMOTIVE_DESIGN { 1 0 10303 214 1 1 1 1 }'));
ENDSEC;
DATA;
#1 = APPLICATION_PROTOCOL_DEFINITION('international standard',
  'automotive_design',2000,#2);
#2 = APPLICATION_CONTEXT(
  'core data for automotive mechanical design processes');
#3 = SHAPE_DEFINITION_REPRESENTATION(#4,#10);
#4 = PRODUCT_DEFINITION_SHAPE('','',#5);
#5 = PRODUCT_DEFINITION('design','',#6,#9);
#6 = PRODUCT_DEFINITION_FORMATION('','',#7);
#7 = PRODUCT('=>[0:1:1:2]','=>[0:1:1:2]','',(#8));
#8 = PRODUCT_CONTEXT('',#2,'mechanical');
#9 = PRODUCT_DEFINITION_CONTEXT('part definition',#2,'design');
#10 = SHAPE_REPRESENTATION('',(#11,#15),#19);
#11 = AXIS2_PLACEMENT_3D('',#12,#13,#14);
#12 = CARTESIAN_POINT('',(0.,0.,0.));
#13 = DIRECTION('',(0.,0.,1.));
#14 = DIRECTION('',(1.,0.,0.));
#15 = AXIS2_PLACEMENT_3D('',#16,#17,#18);
#16 = CARTESIAN_POINT('',(0.,0.,0.));
#17 = DIRECTION('',(0.,0.,1.));
#18 = DIRECTION('',(1.,0.,0.));
#19 = ( GEOMETRIC_REPRESENTATION_CONTEXT(3) 
GLOBAL_UNCERTAINTY_ASSIGNED_CONTEXT((#23)) GLOBAL_UNIT_ASSIGNED_CONTEXT(
(#20,#21,#22)) REPRESENTATION_CONTEXT('Context #1',
  '3D Context with UNIT and UNCERTAINTY') );
#20 = ( LENGTH_UNIT() NAMED_UNIT(*) SI_UNIT(.MILLI.,.METRE.) );
#21 = ( NAMED_UNIT(*) PLANE_ANGLE_UNIT() SI_UNIT($,.RADIAN.) );
#22 = ( NAMED_UNIT(*) SI_UNIT($,.STERADIAN.) SOLID_ANGLE_UNIT() );
#23 = UNCERTAINTY_MEASURE_WITH_UNIT(LENGTH_MEASURE(1.E-04),#20,
  'distance_accuracy_value','confusion accuracy');
#24 = PRODUCT_RELATED_PRODUCT_CATEGORY('part',$,(#7));
#25 = SHAPE_DEFINITION_REPRESENTATION(#26,#32);
#26 = PRODUCT_DEFINITION_SHAPE('','',#27);
#27 = PRODUCT_DEFINITION('design','',#28,#31);
#28 = PRODUCT_DEFINITION_FORMATION('','',#29);
#29 = PRODUCT('saddle','saddle','',(#30));
#30 = PRODUCT_CONTEXT('',#2,'mechanical');
#31 = PRODUCT_DEFINITION_CONTEXT('part definition',#2,'design');
#32 = ADVANCED_BREP_SHAPE_REPRESENTATION('',(#11,#33),#13715);
#33 = MANIFOLD_SOLID_BREP('',#34);
#34 = CLOSED_SHELL('',(#35,#2461,#3611,#3763,#3817,#3890,#6141,#6288,
    #6417,#6467,#6521,#6568,#8923,#11219,#11371,#11462,#11512,#11562,
    #11631,#11685,#11739,#11786,#11833,#11887,#11941,#11966,#12035,
    #12089,#12143,#12190,#12237,#12291,#12345,#12370,#12420,#12470,
    #12539,#12593,#12647,#12694,#12741,#12795,#12849,#12874,#12900,
    #12926,#12983,#13040,#13089,#13098,#13125,#13175,#13225,#13282,
    #13339,#13374,#13409,#13444,#13479,#13534,#13589,#13644,#13699,
    #13703,#13707,#13711));
#35 = ADVANCED_FACE('',(#36,#155),#50,.F.);
#36 = FACE_BOUND('',#37,.F.);
#37 = EDGE_LOOP('',(#38,#73,#101,#129));
#38 = ORIENTED_EDGE('',*,*,#39,.F.);
#39 = EDGE_CURVE('',#40,#42,#44,.T.);
#40 = VERTEX_POINT('',#41);
#41 = CARTESIAN_POINT('',(-105.5,-5.,95.));
#42 = VERTEX_POINT('',#43);
#43 = CARTESIAN_POINT('',(-105.5,97.,95.));
#44 = SURFACE_CURVE('',#45,(#49,#61),.PCURVE_S1.);
#45 = LINE('',#46,#47);
#46 = CARTESIAN_POINT('',(-105.5,-8.,95.));
#47 = VECTOR('',#48,1.);
#48 = DIRECTION('',(0.,1.,0.));
#49 = PCURVE('',#50,#55);
#50 = PLANE('',#51);
#51 = AXIS2_PLACEMENT_3D('',#52,#53,#54);
#52 = CARTESIAN_POINT('',(-105.5,-8.,0.));
#53 = DIRECTION('',(1.,0.,0.));
#54 = DIRECTION('',(0.,0.,1.));
#55 = DEFINITIONAL_REPRESENTATION('',(#56),#60);
#56 = LINE('',#57,#58);
#57 = CARTESIAN_POINT('',(95.,0.));
#58 = VECTOR('',#59,1.);
#59 = DIRECTION('',(0.,-1.));
#60 = ( GEOMETRIC_REPRESENTATION_CONTEXT(2) 
PARAMETRIC_REPRESENTATION_CONTEXT() REPRESENTATION_CONTEXT('2D SPACE',''
  ) );
#61 = PCURVE('',#62,#67);
#62 = PLANE('',#63);
#63 = AXIS2_PLACEMENT_3D('',#64,#65,#66);
#64 = CARTESIAN_POINT('',(-105.5,-8.,95.));
#65 = DIRECTION('',(0.,0.,1.));
#66 = DIRECTION('',(1.,0.,0.));
#67 = DEFINITIONAL_REPRESENTATION('',(#68),#72);
#68 = LINE('',#69,#70);
#69 = CARTESIAN_POINT('',(0.,0.));
#70 = VECTOR('',#71,1.);
#71 = DIRECTION('',(0.,1.));
#72 = ( GEOMETRIC_REPRESENTATION_CONTEXT(2) 
PARAMETRIC_REPRESENTATION_CONTEXT() REPRESENTATION_CONTEXT('2D SPACE',''
  ) );
#73 = ORIENTED_EDGE('',*,*,#74,.F.);
#74 = EDGE_CURVE('',#75,#40,#77,.T.);
#75 = VERTEX_POINT('',#76);
#76 = CARTESIAN_POINT('',(-105.5,-5.,0.));
#77 = SURFACE_CURVE('',#78,(#82,#89),.PCURVE_S1.);
#78 = LINE('',#79,#80);
#79 = CARTESIAN_POINT('',(-105.5,-5.,0.));
#80 = VECTOR('',#81,1.);
#81 = DIRECTION('',(0.,0.,1.));
#82 = PCURVE('',#50,#83);
#83 = DEFINITIONAL_REPRESENTATION('',(#84),#88);
#84 = LINE('',#85,#86);
#85 = CARTESIAN_POINT('',(0.,-3.));
#86 = VECTOR('',#87,1.);
#87 = DIRECTION('',(1.,0.));
#88 = ( GEOMETRIC_REPRESENTATION_CONTEXT(2) 
PARAMETRIC_REPRESENTATION_CONTEXT() REPRESENTATION_CONTEXT('2D SPACE',''
  ) );
#89 = PCURVE('',#90,#95);
#90 = CYLINDRICAL_SURFACE('',#91,3.);
#91 = AXIS2_PLACEMENT_3D('',#92,#93,#94);
#92 = CARTESIAN_POINT('',(-102.5,-5.,0.));
#93 = DIRECTION('',(0.,0.,1.));
#94 = DIRECTION('',(-1.,0.,0.));
#95 = DEFINITIONAL_REPRESENTATION('',(#96),#100);
#96 = LINE('',#97,#98);
#97 = CARTESIAN_POINT('',(0.,0.));
#98 = VECTOR('',#99,1.);
#99 = DIRECTION('',(0.,1.));
#100 = ( GEOMETRIC_REPRESENTATION_CONTEXT(2) 
PARAMETRIC_REPRESENTATION_CONTEXT() REPRESENTATION_CONTEXT('2D SPACE',''
  ) );
#101 = ORIENTED_EDGE('',*,*,#102,.T.);
#102 = EDGE_CURVE('',#75,#103,#105,.T.);
#103 = VERTEX_POINT('',#104);
#104 = CARTESIAN_POINT('',(-105.5,97.,0.));
#105 = SURFACE_CURVE('',#106,(#110,#117),.PCURVE_S1.);
#106 = LINE('',#107,#108);
#107 = CARTESIAN_POINT('',(-105.5,-8.,0.));
#108 = VECTOR('',#109,1.);
#109 = DIRECTION('',(0.,1.,0.));
#110 = PCURVE('',#50,#111);
#111 = DEFINITIONAL_REPRESENTATION('',(#112),#116);
#112 = LINE('',#113,#114);
#113 = CARTESIAN_POINT('',(0.,0.));
#114 = VECTOR('',#115,1.);
#115 = DIRECTION('',(0.,-1.));
#116 = ( GEOMETRIC_REPRESENTATION_CONTEXT(2) 
PARAMETRIC_REPRESENTATION_CONTEXT() REPRESENTATION_CONTEXT('2D SPACE',''
  ) );
#117 = PCURVE('',#118,#123);
#118 = PLANE('',#119);
#119 = AXIS2_PLACEMENT_3D('',#120,#121,#122);
#120 = CARTESIAN_POINT('',(-105.5,-8.,0.));
#121 = DIRECTION('',(0.,0.,1.));
#122 = DIRECTION('',(1.,0.,0.));
#123 = DEFINITIONAL_REPRESENTATION('',(#124),#128);
#124 = LINE('',#125,#126);
#125 = CARTESIAN_POINT('',(0.,0.));
#126 = VECTOR('',#127,1.);
#127 = DIRECTION('',(0.,1.));
#128 = ( GEOMETRIC_REPRESENTATION_CONTEXT(2) 
PARAMETRIC_REPRESENTATION_CONTEXT() REPRESENTATION_CONTEXT('2D SPACE',''
  ) );
#129 = ORIENTED_EDGE('',*,*,#130,.F.);
#130 = EDGE_CURVE('',#42,#103,#131,.T.);
#131 = SURFACE_CURVE('',#132,(#136,#143),.PCURVE_S1.);
#132 = LINE('',#133,#134);
#133 = CARTESIAN_POINT('',(-105.5,97.,95.));
#134 = VECTOR('',#135,1.);
#135 = DIRECTION('',(0.,0.,-1.));
#136 = PCURVE('',#50,#137);
#137 = DEFINITIONAL_REPRESENTATION('',(#138),#142);
#138 = LINE('',#139,#140);
#139 = CARTESIAN_POINT('',(95.,-105.));
#140 = VECTOR('',#141,1.);
#141 = DIRECTION('',(-1.,0.));
#142 = ( GEOMETRIC_REPRESENTATION_CONTEXT(2) 
PARAMETRIC_REPRESENTATION_CONTEXT() REPRESENTATION_CONTEXT('2D SPACE',''
  ) );
#143 = PCURVE('',#144,#149);
#144 = CYLINDRICAL_SURFACE('',#145,3.);
#145 = AXIS2_PLACEMENT_3D('',#146,#147,#148);
#146 = CARTESIAN_POINT('',(-102.5,97.,95.));
#147 = DIRECTION('',(0.,0.,-1.));
#148 = DIRECTION('',(-1.,0.,0.));
#149 = DEFINITIONAL_REPRESENTATION('',(#150),#154);
#150 = LINE('',#151,#152);
#151 = CARTESIAN_POINT('',(0.,0.));
#152 = VECTOR('',#153,1.);
#153 = DIRECTION('',(0.,1.));
#154 = ( GEOMETRIC_REPRESENTATION_CONTEXT(2) 
PARAMETRIC_REPRESENTATION_CONTEXT() REPRESENTATION_CONTEXT('2D SPACE',''
  ) );
#155 = FACE_BOUND('',#156,.F.);
#156 = EDGE_LOOP('',(#157));
#157 = ORIENTED_EDGE('',*,*,#158,.F.);
#158 = EDGE_CURVE('',#159,#159,#161,.T.);
#159 = VERTEX_POINT('',#160);
#160 = CARTESIAN_POINT('',(-105.5,46.,52.181764705882));
#161 = SURFACE_CURVE('',#162,(#900,#1641),.PCURVE_S1.);
#162 = B_SPLINE_CURVE_WITH_KNOTS('',8,(#163,#164,#165,#166,#167,#168,
    #169,#170,#171,#172,#173,#174,#175,#176,#177,#178,#179,#180,#181,
    #182,#183,#184,#185,#186,#187,#188,#189,#190,#191,#192,#193,#194,
    #195,#196,#197,#198,#199,#200,#201,#202,#203,#204,#205,#206,#207,
    #208,#209,#210,#211,#212,#213,#214,#215,#216,#217,#218,#219,#220,
    #221,#222,#223,#224,#225,#226,#227,#228,#229,#230,#231,#232,#233,
    #234,#235,#236,#237,#238,#239,#240,#241,#242,#243,#244,#245,#246,
    #247,#248,#249,#250,#251,#252,#253,#254,#255,#256,#257,#258,#259,
    #260,#261,#262,#263,#264,#265,#266,#267,#268,#269,#270,#271,#272,
    #273,#274,#275,#276,#277,#278,#279,#280,#281,#282,#283,#284,#285,
    #286,#287,#288,#289,#290,#291,#292,#293,#294,#295,#296,#297,#298,
    #299,#300,#301,#302,#303,#304,#305,#306,#307,#308,#309,#310,#311,
    #312,#313,#314,#315,#316,#317,#318,#319,#320,#321,#322,#323,#324,
    #325,#326,#327,#328,#329,#330,#331,#332,#333,#334,#335,#336,#337,
    #338,#339,#340,#341,#342,#343,#344,#345,#346,#347,#348,#349,#350,
    #351,#352,#353,#354,#355,#356,#357,#358,#359,#360,#361,#362,#363,
    #364,#365,#366,#367,#368,#369,#370,#371,#372,#373,#374,#375,#376,
    #377,#378,#379,#380,#381,#382,#383,#384,#385,#386,#387,#388,#389,
    #390,#391,#392,#393,#394,#395,#396,#397,#398,#399,#400,#401,#402,
    #403,#404,#405,#406,#407,#408,#409,#410,#411,#412,#413,#414,#415,
    #416,#417,#418,#419,#420,#421,#422,#423,#424,#425,#426,#427,#428,
    #429,#430,#431,#432,#433,#434,#435,#436,#437,#438,#439,#440,#441,
    #442,#443,#444,#445,#446,#447,#448,#449,#450,#451,#452,#453,#454,
    #455,#456,#457,#458,#459,#460,#461,#462,#463,#464,#465,#466,#467,
    #468,#469,#470,#471,#472,#473,#474,#475,#476,#477,#478,#479,#480,
    #481,#482,#483,#484,#485,#486,#487,#488,#489,#490,#491,#492,#493,
    #494,#495,#496,#497,#498,#499,#500,#501,#502,#503,#504,#505,#506,
    #507,#508,#509,#510,#511,#512,#513,#514,#515,#516,#517,#518,#519,
    #520,#521,#522,#523,#524,#525,#526,#527,#528,#529,#530,#531,#532,
    #533,#534,#535,#536,#537,#538,#539,#540,#541,#542,#543,#544,#545,
    #546,#547,#548,#549,#550,#551,#552,#553,#554,#555,#556,#557,#558,
    #559,#560,#561,#562,#563,#564,#565,#566,#567,#568,#569,#570,#571,
    #572,#573,#574,#575,#576,#577,#578,#579,#580,#581,#582,#583,#584,
    #585,#586,#587,#588,#589,#590,#591,#592,#593,#594,#595,#596,#597,
    #598,#599,#600,#601,#602,#603,#604,#605,#606,#607,#608,#609,#610,
    #611,#612,#613,#614,#615,#616,#617,#618,#619,#620,#621,#622,#623,
    #624,#625,#626,#627,#628,#629,#630,#631,#632,#633,#634,#635,#636,
    #637,#638,#639,#640,#641,#642,#643,#644,#645,#646,#647,#648,#649,
    #650,#651,#652,#653,#654,#655,#656,#657,#658,#659,#660,#661,#662,
    #663,#664,#665,#666,#667,#668,#669,#670,#671,#672,#673,#674,#675,
    #676,#677,#678,#679,#680,#681,#682,#683,#684,#685,#686,#687,#688,
    #689,#690,#691,#692,#693,#694,#695,#696,#697,#698,#699,#700,#701,
    #702,#703,#704,#705,#706,#707,#708,#709,#710,#711,#712,#713,#714,
    #715,#716,#717,#718,#719,#720,#721,#722,#723,#724,#725,#726,#727,
    #728,#729,#730,#731,#732,#733,#734,#735,#736,#737,#738,#739,#740,
    #741,#742,#743,#744,#745,#746,#747,#748,#749,#750,#751,#752,#753,
    #754,#755,#756,#757,#758,#759,#760,#761,#762,#763,#764,#765,#766,
    #767,#768,#769,#770,#771,#772,#773,#774,#775,#776,#777,#778,#779,
    #780,#781,#782,#783,#784,#785,#786,#787,#788,#789,#790,#791,#792,
    #793,#794,#795,#796,#797,#798,#799,#800,#801,#802,#803,#804,#805,
    #806,#807,#808,#809,#810,#811,#812,#813,#814,#815,#816,#817,#818,
    #819,#820,#821,#822,#823,#824,#825,#826,#827,#828,#829,#830,#831,
    #832,#833,#834,#835,#836,#837,#838,#839,#840,#841,#842,#843,#844,
    #845,#846,#847,#848,#849,#850,#851,#852,#853,#854,#855,#856,#857,
    #858,#859,#860,#861,#862,#863,#864,#865,#866,#867,#868,#869,#870,
    #871,#872,#873,#874,#875,#876,#877,#878,#879,#880,#881,#882,#883,
    #884,#885,#886,#887,#888,#889,#890,#891,#892,#893,#894,#895,#896,
    #897,#898,#899),.UNSPECIFIED.,.T.,.F.,(9,7,7,7,7,7,7,7,7,7,7,7,7,7,7
    ,7,7,7,7,7,7,7,7,7,7,7,7,7,7,7,7,7,7,7,7,7,7,7,7,7,7,7,7,7,7,7,7,7,7
    ,7,7,7,7,7,7,7,7,7,7,7,7,7,7,7,7,7,7,7,7,7,7,7,7,7,7,7,7,7,7,7,7,7,7
    ,7,7,7,7,7,7,7,7,7,7,7,7,7,7,7,7,7,7,7,7,7,7,9),(0.,
    2.585563898404E-04,5.266174359606E-04,6.522571671076E-03,
    1.428140419735E-02,2.661881815357E-02,3.894612961984E-02,
    4.568059994725E-02,5.915033272466E-02,6.925295758497E-02,
    7.71105536954E-02,8.833602519878E-02,0.100685091033,0.108543587578,
    0.117524727676,0.129873817934,0.14222286278,0.151203944752,
    0.157939553395,0.169165304439,0.180391082723,0.190494271157,
    0.205087873273,0.212946284836,0.220805038406,0.233154599622,
    0.245504211753,0.262345372394,0.270204203212,0.283676353251,
    0.293778647924,0.301635684465,0.313980737771,0.327447801795,
    0.340914792801,0.351014029611,0.358868612035,0.371210975264,
    0.384674622688,0.391406328645,0.402625611059,0.413844891017,
    0.435161427118,0.457600019634,0.468819538582,0.48116102778,
    0.492380538722,0.500234237405,0.51369769741,0.527161170021,
    0.535014247682,0.547353835629,0.559395644038,0.561352616001,
    0.561474277881,0.566701264326,0.572028259206,0.580756664462,
    0.590377052406,0.599119743499,0.605240930343,0.615736932315,
    0.626231910863,0.63235394386,0.641974293249,0.652469242672,
    0.67083538137,0.679581136264,0.693574392478,0.700571053293,
    0.707567716739,0.712815214323,0.723310117021,0.731181326751,
    0.737303893115,0.74605084133,0.755672396625,0.765294135461,
    0.780165872558,0.7871656752,0.795040681732,0.802040677941,
    0.809040673043,0.818665667166,0.82829064968,0.836165572018,
    0.847539838856,0.859788773356,0.86678803866,0.878161772727,
    0.883411164801,0.889535469547,0.894784872982,0.903533865614,
    0.912282865501,0.919282088996,0.925406287908,0.935904585613,
    0.943777748954,0.94990130162,0.959524011444,0.970021522536,
    0.977019863345,0.982268659844,0.991016763424,1.),.UNSPECIFIED.);
#163 = CARTESIAN_POINT('',(-105.5,46.,52.181764705882));
#164 = CARTESIAN_POINT('',(-105.5,45.999786973164,52.176494738673));
#165 = CARTESIAN_POINT('',(-105.5,45.999550351693,52.171491965114));
#166 = CARTESIAN_POINT('',(-105.5,45.999285821742,52.166872083943));
#167 = CARTESIAN_POINT('',(-105.5,45.998991614225,52.162891010139));
#168 = CARTESIAN_POINT('',(-105.5,45.998668084487,52.159827130339));
#169 = CARTESIAN_POINT('',(-105.5,45.998317836137,52.157891989433));
#170 = CARTESIAN_POINT('',(-105.5,45.997946389065,52.157169408327));
#171 = CARTESIAN_POINT('',(-105.5,45.997166315015,52.158011862473));
#172 = CARTESIAN_POINT('',(-105.5,45.996763304327,52.159691832105));
#173 = CARTESIAN_POINT('',(-105.5,45.996361374023,52.162383954465));
#174 = CARTESIAN_POINT('',(-105.5,45.995965659276,52.165877726046));
#175 = CARTESIAN_POINT('',(-105.5,45.995579415973,52.169991127145));
#176 = CARTESIAN_POINT('',(-105.5,45.995204020711,52.174570621865));
#177 = CARTESIAN_POINT('',(-105.5,45.994838970799,52.179491158114));
#178 = CARTESIAN_POINT('',(-105.5,45.986494619479,52.300186420775));
#179 = CARTESIAN_POINT('',(-105.5,45.981864369543,52.513828923724));
#180 = CARTESIAN_POINT('',(-105.5,45.971544708293,52.652517013531));
#181 = CARTESIAN_POINT('',(-105.5,45.959508217823,52.806647158912));
#182 = CARTESIAN_POINT('',(-105.5,45.942962223978,52.960376713443));
#183 = CARTESIAN_POINT('',(-105.5,45.918114600612,53.061572196573));
#184 = CARTESIAN_POINT('',(-105.5,45.889291640868,53.162804891853));
#185 = CARTESIAN_POINT('',(-105.5,45.82028400247,53.396761148075));
#186 = CARTESIAN_POINT('',(-105.5,45.780190782792,53.543252285611));
#187 = CARTESIAN_POINT('',(-105.5,45.739111479639,53.699973704324));
#188 = CARTESIAN_POINT('',(-105.5,45.697065870171,53.863285301113));
#189 = CARTESIAN_POINT('',(-105.5,45.653912363767,54.030197129864));
#190 = CARTESIAN_POINT('',(-105.5,45.609348002031,54.198369401446));
#191 = CARTESIAN_POINT('',(-105.5,45.562908458787,54.366112483718));
#192 = CARTESIAN_POINT('',(-105.5,45.436147285127,54.796781875354));
#193 = CARTESIAN_POINT('',(-105.5,45.35211673315,55.05566273439));
#194 = CARTESIAN_POINT('',(-105.5,45.260534580656,55.304738564435));
#195 = CARTESIAN_POINT('',(-105.5,45.163122014449,55.549789699556));
#196 = CARTESIAN_POINT('',(-105.5,45.059800821588,55.790393943658));
#197 = CARTESIAN_POINT('',(-105.5,44.950570652064,56.025841521754));
#198 = CARTESIAN_POINT('',(-105.5,44.837535826562,56.261914812909));
#199 = CARTESIAN_POINT('',(-105.5,44.603543178395,56.732310350233));
#200 = CARTESIAN_POINT('',(-105.5,44.482558722233,56.966716747543));
#201 = CARTESIAN_POINT('',(-105.5,44.357560032404,57.200068094561));
#202 = CARTESIAN_POINT('',(-105.5,44.228502927431,57.431861995112));
#203 = CARTESIAN_POINT('',(-105.5,44.095383747353,57.661771687139));
#204 = CARTESIAN_POINT('',(-105.5,43.958167092788,57.889413145616));
#205 = CARTESIAN_POINT('',(-105.5,43.816735234716,58.114183551631));
#206 = CARTESIAN_POINT('',(-105.5,43.591476366526,58.456859950897));
#207 = CARTESIAN_POINT('',(-105.5,43.510680322027,58.576926137296));
#208 = CARTESIAN_POINT('',(-105.5,43.428680074726,58.695997700081));
#209 = CARTESIAN_POINT('',(-105.5,43.345484183908,58.814080373164));
#210 = CARTESIAN_POINT('',(-105.5,43.261101208856,58.931179890456));
#211 = CARTESIAN_POINT('',(-105.5,43.175539708853,59.047301985865));
#212 = CARTESIAN_POINT('',(-105.5,43.088808243184,59.162452393304));
#213 = CARTESIAN_POINT('',(-105.5,42.825119288883,59.505019184054));
#214 = CARTESIAN_POINT('',(-105.5,42.644697248173,59.729479072227));
#215 = CARTESIAN_POINT('',(-105.5,42.459736716771,59.95028360718));
#216 = CARTESIAN_POINT('',(-105.5,42.270111739777,60.166906081075));
#217 = CARTESIAN_POINT('',(-105.5,42.076235490915,60.380514594438));
#218 = CARTESIAN_POINT('',(-105.5,41.877887435686,60.589921221089));
#219 = CARTESIAN_POINT('',(-105.5,41.675259457469,60.795393587534));
#220 = CARTESIAN_POINT('',(-105.5,41.313327591336,61.147529903789));
#221 = CARTESIAN_POINT('',(-105.5,41.155842733722,61.296072986403));
#222 = CARTESIAN_POINT('',(-105.5,40.996025498598,61.442172120697));
#223 = CARTESIAN_POINT('',(-105.5,40.833907991927,61.585752942843));
#224 = CARTESIAN_POINT('',(-105.5,40.669520807919,61.726738965225));
#225 = CARTESIAN_POINT('',(-105.5,40.502895380611,61.865055126329));
#226 = CARTESIAN_POINT('',(-105.5,40.334066335434,62.000631340626));
#227 = CARTESIAN_POINT('',(-105.5,40.03007969527,62.236675252483));
#228 = CARTESIAN_POINT('',(-105.5,39.89577906147,62.338253339779));
#229 = CARTESIAN_POINT('',(-105.5,39.760194623337,62.438117471168));
#230 = CARTESIAN_POINT('',(-105.5,39.623349064816,62.53624480747));
#231 = CARTESIAN_POINT('',(-105.5,39.485265069852,62.632612509506));
#232 = CARTESIAN_POINT('',(-105.5,39.34596532239,62.727197738094));
#233 = CARTESIAN_POINT('',(-105.5,39.205472506376,62.819977654054));
#234 = CARTESIAN_POINT('',(-105.5,38.861427279583,63.040864378254));
#235 = CARTESIAN_POINT('',(-105.5,38.656651091573,63.167067589186));
#236 = CARTESIAN_POINT('',(-105.5,38.449557198754,63.289480469857));
#237 = CARTESIAN_POINT('',(-105.5,38.240207144344,63.408026287424));
#238 = CARTESIAN_POINT('',(-105.5,38.028664181893,63.522630090528));
#239 = CARTESIAN_POINT('',(-105.5,37.815002863202,63.63322920529));
#240 = CARTESIAN_POINT('',(-105.5,37.599311590009,63.73977429411));
#241 = CARTESIAN_POINT('',(-105.5,37.142282021569,63.954921885646));
#242 = CARTESIAN_POINT('',(-105.5,36.900528382838,64.062662461422));
#243 = CARTESIAN_POINT('',(-105.5,36.656547050863,64.165373175758));
#244 = CARTESIAN_POINT('',(-105.5,36.410457863256,64.262984499793));
#245 = CARTESIAN_POINT('',(-105.5,36.162380657628,64.355426904666));
#246 = CARTESIAN_POINT('',(-105.5,35.912435271594,64.442630861517));
#247 = CARTESIAN_POINT('',(-105.5,35.660741542763,64.524526841485));
#248 = CARTESIAN_POINT('',(-105.5,35.246214248612,64.649738890859));
#249 = CARTESIAN_POINT('',(-105.5,35.084348749465,64.69625207683));
#250 = CARTESIAN_POINT('',(-105.5,34.921858105719,64.740579335625));
#251 = CARTESIAN_POINT('',(-105.5,34.758777660639,64.782715247309));
#252 = CARTESIAN_POINT('',(-105.5,34.59514280634,64.822654510009));
#253 = CARTESIAN_POINT('',(-105.5,34.430988983794,64.860391939913));
#254 = CARTESIAN_POINT('',(-105.5,34.266351682823,64.895922471272));
#255 = CARTESIAN_POINT('',(-105.5,33.912597570558,64.967319658731));
#256 = CARTESIAN_POINT('',(-105.5,33.723343523251,65.002509014113));
#257 = CARTESIAN_POINT('',(-105.5,33.533557199457,65.034801500257));
#258 = CARTESIAN_POINT('',(-105.5,33.343291498449,65.064189394881));
#259 = CARTESIAN_POINT('',(-105.5,33.152599319501,65.090664975698));
#260 = CARTESIAN_POINT('',(-105.5,32.961533561884,65.114220520426));
#261 = CARTESIAN_POINT('',(-105.5,32.770147124873,65.134848306779));
#262 = CARTESIAN_POINT('',(-105.5,32.314967876399,65.176867577371));
#263 = CARTESIAN_POINT('',(-105.5,32.050938750665,65.195639078271));
#264 = CARTESIAN_POINT('',(-105.5,31.786537041144,65.208857515525));
#265 = CARTESIAN_POINT('',(-105.5,31.521894915333,65.216569018935));
#266 = CARTESIAN_POINT('',(-105.5,31.257144332703,65.218794074602));
#267 = CARTESIAN_POINT('',(-105.5,30.992417311379,65.21554727463));
#268 = CARTESIAN_POINT('',(-105.5,30.727846191315,65.206866339627));
#269 = CARTESIAN_POINT('',(-105.5,30.199280298316,65.178674839995));
#270 = CARTESIAN_POINT('',(-105.5,29.935284508813,65.159160566339));
#271 = CARTESIAN_POINT('',(-105.5,29.671701417553,65.13427585387));
#272 = CARTESIAN_POINT('',(-105.5,29.408682989152,65.104009477817));
#273 = CARTESIAN_POINT('',(-105.5,29.146355481377,65.068388159059));
#274 = CARTESIAN_POINT('',(-105.5,28.884825043591,65.027479888223));
#275 = CARTESIAN_POINT('',(-105.5,28.624200345447,64.981354004952));
#276 = CARTESIAN_POINT('',(-105.5,28.175786844504,64.892736000817));
#277 = CARTESIAN_POINT('',(-105.5,27.98752067455,64.852685811564));
#278 = CARTESIAN_POINT('',(-105.5,27.799836766055,64.809918657076));
#279 = CARTESIAN_POINT('',(-105.5,27.612778371536,64.764455017463));
#280 = CARTESIAN_POINT('',(-105.5,27.426388743513,64.71631537284));
#281 = CARTESIAN_POINT('',(-105.5,27.240711134504,64.665520203316));
#282 = CARTESIAN_POINT('',(-105.5,27.055788797028,64.612089989006));
#283 = CARTESIAN_POINT('',(-105.5,26.73357628195,64.514012891546));
#284 = CARTESIAN_POINT('',(-105.5,26.595936035517,64.470509785515));
#285 = CARTESIAN_POINT('',(-105.5,26.45876247951,64.425543961488));
#286 = CARTESIAN_POINT('',(-105.5,26.322073161981,64.379124088495));
#287 = CARTESIAN_POINT('',(-105.5,26.185884943829,64.331259435027));
#288 = CARTESIAN_POINT('',(-105.5,26.050213998804,64.281959869041));
#289 = CARTESIAN_POINT('',(-105.5,25.9150758135,64.231235857957));
#290 = CARTESIAN_POINT('',(-105.5,25.5561727396,64.092204858391));
#291 = CARTESIAN_POINT('',(-105.5,25.3333832919,64.001384177752));
#292 = CARTESIAN_POINT('',(-105.5,25.112188106634,63.906682933486));
#293 = CARTESIAN_POINT('',(-105.5,24.892658446172,63.808147632338));
#294 = CARTESIAN_POINT('',(-105.5,24.674865572887,63.705824781051));
#295 = CARTESIAN_POINT('',(-105.5,24.458880749151,63.599760886372));
#296 = CARTESIAN_POINT('',(-105.5,24.244775237335,63.490002455043));
#297 = CARTESIAN_POINT('',(-105.5,23.820464847465,63.263189257382));
#298 = CARTESIAN_POINT('',(-105.5,23.610260318883,63.146135291478));
#299 = CARTESIAN_POINT('',(-105.5,23.402080026892,63.025479200492));
#300 = CARTESIAN_POINT('',(-105.5,23.195991919156,62.901267787887));
#301 = CARTESIAN_POINT('',(-105.5,22.992062149944,62.773548318877));
#302 = CARTESIAN_POINT('',(-105.5,22.790357035204,62.642367787454));
#303 = CARTESIAN_POINT('',(-105.5,22.590943390929,62.507772687793));
#304 = CARTESIAN_POINT('',(-105.5,22.216536943362,62.245642379744));
#305 = CARTESIAN_POINT('',(-105.5,22.041096619725,62.118747473554));
#306 = CARTESIAN_POINT('',(-105.5,21.867614884846,61.989158656662));
#307 = CARTESIAN_POINT('',(-105.5,21.69614033966,61.856910014301));
#308 = CARTESIAN_POINT('',(-105.5,21.526721585105,61.722035631704));
#309 = CARTESIAN_POINT('',(-105.5,21.359407222117,61.584569594104));
#310 = CARTESIAN_POINT('',(-105.5,21.194245851633,61.444545986732));
#311 = CARTESIAN_POINT('',(-105.5,20.795897992631,61.096096020124));
#312 = CARTESIAN_POINT('',(-105.5,20.565107048833,60.884931045434));
#313 = CARTESIAN_POINT('',(-105.5,20.339063587026,60.668612823212));
#314 = CARTESIAN_POINT('',(-105.5,20.117919503993,60.447250855412));
#315 = CARTESIAN_POINT('',(-105.5,19.901828029188,60.220955494401));
#316 = CARTESIAN_POINT('',(-105.5,19.690943504475,59.989838143895));
#317 = CARTESIAN_POINT('',(-105.5,19.485421163846,59.754011459882));
#318 = CARTESIAN_POINT('',(-105.5,19.177717956867,59.384126360112));
#319 = CARTESIAN_POINT('',(-105.5,19.071619052297,59.253331553015));
#320 = CARTESIAN_POINT('',(-105.5,18.967144845468,59.121221496912));
#321 = CARTESIAN_POINT('',(-105.5,18.864319868903,58.987814026484));
#322 = CARTESIAN_POINT('',(-105.5,18.763168541625,58.853128444446));
#323 = CARTESIAN_POINT('',(-105.5,18.663715169155,58.717185521545));
#324 = CARTESIAN_POINT('',(-105.5,18.565983943513,58.580007496559));
#325 = CARTESIAN_POINT('',(-105.5,18.374009765549,58.303222633185));
#326 = CARTESIAN_POINT('',(-105.5,18.279766720852,58.163614420009));
#327 = CARTESIAN_POINT('',(-105.5,18.187294693867,58.02281619561));
#328 = CARTESIAN_POINT('',(-105.5,18.096618569333,57.880850718821));
#329 = CARTESIAN_POINT('',(-105.5,18.007763231991,57.737740748476));
#330 = CARTESIAN_POINT('',(-105.5,17.920753566581,57.593509043412));
#331 = CARTESIAN_POINT('',(-105.5,17.835614457842,57.448178362461));
#332 = CARTESIAN_POINT('',(-105.5,17.62155834599,57.071701780623));
#333 = CARTESIAN_POINT('',(-105.5,17.495431598755,56.838977720823));
#334 = CARTESIAN_POINT('',(-105.5,17.374073601238,56.603686530499));
#335 = CARTESIAN_POINT('',(-105.5,17.257587772046,56.365913306949));
#336 = CARTESIAN_POINT('',(-105.5,17.146090112814,56.125727803705));
#337 = CARTESIAN_POINT('',(-105.5,17.039661184752,55.883239626801));
#338 = CARTESIAN_POINT('',(-105.5,16.938336991687,55.638617303916));
#339 = CARTESIAN_POINT('',(-105.5,16.746098444865,55.145315093941));
#340 = CARTESIAN_POINT('',(-105.5,16.655178041919,54.896636290642));
#341 = CARTESIAN_POINT('',(-105.5,16.569531637239,54.646054348648));
#342 = CARTESIAN_POINT('',(-105.5,16.489234154476,54.393693319517));
#343 = CARTESIAN_POINT('',(-105.5,16.414360511273,54.139677255203));
#344 = CARTESIAN_POINT('',(-105.5,16.344985619265,53.88413020806));
#345 = CARTESIAN_POINT('',(-105.5,16.281184384082,53.62717623084));
#346 = CARTESIAN_POINT('',(-105.5,16.14372892289,53.016781892094));
#347 = CARTESIAN_POINT('',(-105.5,16.074930327788,52.662251132877));
#348 = CARTESIAN_POINT('',(-105.5,16.016656235831,52.305722753699));
#349 = CARTESIAN_POINT('',(-105.5,15.968926933719,51.947570900661));
#350 = CARTESIAN_POINT('',(-105.5,15.931763035357,51.588168226881));
#351 = CARTESIAN_POINT('',(-105.5,15.905185838141,51.227885908069));
#352 = CARTESIAN_POINT('',(-105.5,15.889217679257,50.867093658107));
#353 = CARTESIAN_POINT('',(-105.5,15.88139256415,50.337732008343));
#354 = CARTESIAN_POINT('',(-105.5,15.881227597355,50.169281424317));
#355 = CARTESIAN_POINT('',(-105.5,15.883374057113,50.000841251984));
#356 = CARTESIAN_POINT('',(-105.5,15.887816438051,49.832444461885));
#357 = CARTESIAN_POINT('',(-105.5,15.894537063885,49.664123735657));
#358 = CARTESIAN_POINT('',(-105.5,15.903516087423,49.495911466035));
#359 = CARTESIAN_POINT('',(-105.5,15.914731490562,49.327839756849));
#360 = CARTESIAN_POINT('',(-105.5,15.951177591948,48.872115800156));
#361 = CARTESIAN_POINT('',(-105.5,15.980703266097,48.584803551211));
#362 = CARTESIAN_POINT('',(-105.5,16.016645057647,48.298174370854));
#363 = CARTESIAN_POINT('',(-105.5,16.058860045493,48.012361177519));
#364 = CARTESIAN_POINT('',(-105.5,16.107340441848,47.727582283141));
#365 = CARTESIAN_POINT('',(-105.5,16.161838974832,47.443890673734));
#366 = CARTESIAN_POINT('',(-105.5,16.222428832487,47.161552696573));
#367 = CARTESIAN_POINT('',(-105.5,16.338689020644,46.669940233579));
#368 = CARTESIAN_POINT('',(-105.5,16.391800886867,46.460069103501));
#369 = CARTESIAN_POINT('',(-105.5,16.448133954152,46.251029341112));
#370 = CARTESIAN_POINT('',(-105.5,16.507618229425,46.042854050823));
#371 = CARTESIAN_POINT('',(-105.5,16.570183719607,45.835576337048));
#372 = CARTESIAN_POINT('',(-105.5,16.635760431622,45.629229304198));
#373 = CARTESIAN_POINT('',(-105.5,16.704278372393,45.423846056686));
#374 = CARTESIAN_POINT('',(-105.5,16.8311903173,45.060498677351));
#375 = CARTESIAN_POINT('',(-105.5,16.888449297811,44.902142130569));
#376 = CARTESIAN_POINT('',(-105.5,16.947411839288,44.744404808796));
#377 = CARTESIAN_POINT('',(-105.5,17.008045594596,44.587300850472));
#378 = CARTESIAN_POINT('',(-105.5,17.07031852056,44.430843782262));
#379 = CARTESIAN_POINT('',(-105.5,17.13419887796,44.275046519055));
#380 = CARTESIAN_POINT('',(-105.5,17.199655231536,44.119921363964));
#381 = CARTESIAN_POINT('',(-105.5,17.37192942522,43.722820227123));
#382 = CARTESIAN_POINT('',(-105.5,17.481004914321,43.481866644746));
#383 = CARTESIAN_POINT('',(-105.5,17.593760814393,43.242620363166));
#384 = CARTESIAN_POINT('',(-105.5,17.710075022543,43.00508248436));
#385 = CARTESIAN_POINT('',(-105.5,17.82982543588,42.769254110299));
#386 = CARTESIAN_POINT('',(-105.5,17.952889951511,42.535136342959));
#387 = CARTESIAN_POINT('',(-105.5,18.079146466544,42.302730284314));
#388 = CARTESIAN_POINT('',(-105.5,18.349553440568,41.820376661656));
#389 = CARTESIAN_POINT('',(-105.5,18.494298522006,41.570739335178));
#390 = CARTESIAN_POINT('',(-105.5,18.642511783588,41.323161156795));
#391 = CARTESIAN_POINT('',(-105.5,18.794123795353,41.077593006511));
#392 = CARTESIAN_POINT('',(-105.5,18.948812369352,40.834129931161));
#393 = CARTESIAN_POINT('',(-105.5,19.106578244028,40.592673147797));
#394 = CARTESIAN_POINT('',(-105.5,19.267264348153,40.353203313631));
#395 = CARTESIAN_POINT('',(-105.5,19.59426796792,39.878137045335));
#396 = CARTESIAN_POINT('',(-105.5,19.760581182922,39.642546465486));
#397 = CARTESIAN_POINT('',(-105.5,19.929588199642,39.408860411086));
#398 = CARTESIAN_POINT('',(-105.5,20.101170971431,39.177041497236));
#399 = CARTESIAN_POINT('',(-105.5,20.275211451636,38.947052339036));
#400 = CARTESIAN_POINT('',(-105.5,20.451591593606,38.718855551587));
#401 = CARTESIAN_POINT('',(-105.5,20.63019335069,38.492413749989));
#402 = CARTESIAN_POINT('',(-105.5,20.94641416554,38.099163193429));
#403 = CARTESIAN_POINT('',(-105.5,21.083114785314,37.931598163992));
#404 = CARTESIAN_POINT('',(-105.5,21.220953184705,37.76497639629));
#405 = CARTESIAN_POINT('',(-105.5,21.3598907399,37.599279986171));
#406 = CARTESIAN_POINT('',(-105.5,21.499894109603,37.434490935863));
#407 = CARTESIAN_POINT('',(-105.5,21.64093179049,37.270590899763));
#408 = CARTESIAN_POINT('',(-105.5,21.782970672682,37.107560930224));
#409 = CARTESIAN_POINT('',(-105.5,22.037190938566,36.819247546205));
#410 = CARTESIAN_POINT('',(-105.5,22.148992714396,36.693628287539));
#411 = CARTESIAN_POINT('',(-105.5,22.261362159901,36.568513998636));
#412 = CARTESIAN_POINT('',(-105.5,22.374283512286,36.443895230786));
#413 = CARTESIAN_POINT('',(-105.5,22.487741008758,36.319762535279));
#414 = CARTESIAN_POINT('',(-105.5,22.601718886523,36.196106463402));
#415 = CARTESIAN_POINT('',(-105.5,22.716201382788,36.072917566447));
#416 = CARTESIAN_POINT('',(-105.5,23.011833922103,35.757331752773));
#417 = CARTESIAN_POINT('',(-105.5,23.193700113942,35.565606903646));
#418 = CARTESIAN_POINT('',(-105.5,23.376719152227,35.374977197174));
#419 = CARTESIAN_POINT('',(-105.5,23.560821998871,35.185399860257));
#420 = CARTESIAN_POINT('',(-105.5,23.745943010337,34.996833754722));
#421 = CARTESIAN_POINT('',(-105.5,23.932039338869,34.809245879861));
#422 = CARTESIAN_POINT('',(-105.5,24.119087217453,34.62260890061));
#423 = CARTESIAN_POINT('',(-105.5,24.512053120698,34.234286246609));
#424 = CARTESIAN_POINT('',(-105.5,24.718143047373,34.032776403697));
#425 = CARTESIAN_POINT('',(-105.5,24.925249257748,33.832308544244));
#426 = CARTESIAN_POINT('',(-105.5,25.133318343954,33.632836759902));
#427 = CARTESIAN_POINT('',(-105.5,25.342296898123,33.434315142322));
#428 = CARTESIAN_POINT('',(-105.5,25.552131512386,33.236697783157));
#429 = CARTESIAN_POINT('',(-105.5,25.762768778873,33.039938774057));
#430 = CARTESIAN_POINT('',(-105.5,26.079846696316,32.746020636765));
#431 = CARTESIAN_POINT('',(-105.5,26.185726035301,32.648252154187));
#432 = CARTESIAN_POINT('',(-105.5,26.291786053943,32.550680467783));
#433 = CARTESIAN_POINT('',(-105.5,26.398020057499,32.453299578903));
#434 = CARTESIAN_POINT('',(-105.5,26.504421909211,32.356103781402));
#435 = CARTESIAN_POINT('',(-105.5,26.610986030305,32.259087661645));
#436 = CARTESIAN_POINT('',(-105.5,26.717707399992,32.162246098502));
#437 = CARTESIAN_POINT('',(-105.5,27.002701535862,31.904457805349));
#438 = CARTESIAN_POINT('',(-105.5,27.181244132115,31.743813657548));
#439 = CARTESIAN_POINT('',(-105.5,27.360186756705,31.583617555392));
#440 = CARTESIAN_POINT('',(-105.5,27.539506822111,31.423845234327));
#441 = CARTESIAN_POINT('',(-105.5,27.719181740812,31.2644724298));
#442 = CARTESIAN_POINT('',(-105.5,27.899188925288,31.105474877256));
#443 = CARTESIAN_POINT('',(-105.5,28.079505788018,30.946828312143));
#444 = CARTESIAN_POINT('',(-105.5,28.440713655387,30.630188662342));
#445 = CARTESIAN_POINT('',(-105.5,28.621604949909,30.472195657876));
#446 = CARTESIAN_POINT('',(-105.5,28.802760094806,30.314504634791));
#447 = CARTESIAN_POINT('',(-105.5,28.984157556566,30.157092178394));
#448 = CARTESIAN_POINT('',(-105.5,29.165774895462,29.99993413386));
#449 = CARTESIAN_POINT('',(-105.5,29.347588323933,29.843005278549));
#450 = CARTESIAN_POINT('',(-105.5,29.52957472628,29.686280813791));
#451 = CARTESIAN_POINT('',(-105.5,30.057783269577,29.232312851548));
#452 = CARTESIAN_POINT('',(-105.5,30.404412300492,28.935544504873));
#453 = CARTESIAN_POINT('',(-105.5,30.751470218234,28.63927929226));
#454 = CARTESIAN_POINT('',(-105.5,31.098824185541,28.343361712805));
#455 = CARTESIAN_POINT('',(-105.5,31.446341542082,28.047636108563));
#456 = CARTESIAN_POINT('',(-105.5,31.793889804457,27.751946664547));
#457 = CARTESIAN_POINT('',(-105.5,32.141336666198,27.456137408726));
#458 = CARTESIAN_POINT('',(-105.5,32.85403988912,26.848381730126));
#459 = CARTESIAN_POINT('',(-105.5,33.219270011163,26.536406051546));
#460 = CARTESIAN_POINT('',(-105.5,33.584081430495,26.223939911111));
#461 = CARTESIAN_POINT('',(-105.5,33.94831445991,25.910798897123));
#462 = CARTESIAN_POINT('',(-105.5,34.311808565567,25.596799416872));
#463 = CARTESIAN_POINT('',(-105.5,34.674402274146,25.281758662162));
#464 = CARTESIAN_POINT('',(-105.5,35.035933080012,24.965494574826));
#465 = CARTESIAN_POINT('',(-105.5,35.576393064355,24.488988278288));
#466 = CARTESIAN_POINT('',(-105.5,35.756242768816,24.329798095054));
#467 = CARTESIAN_POINT('',(-105.5,35.935761472195,24.170231167327));
#468 = CARTESIAN_POINT('',(-105.5,36.114924180924,24.01026339989));
#469 = CARTESIAN_POINT('',(-105.5,36.293705901439,23.849870697526));
#470 = CARTESIAN_POINT('',(-105.5,36.472081640174,23.68902896502));
#471 = CARTESIAN_POINT('',(-105.5,36.650026403565,23.527714107155));
#472 = CARTESIAN_POINT('',(-105.5,37.022753162349,23.187908477701));
#473 = CARTESIAN_POINT('',(-105.5,37.217437945162,23.009313137346));
#474 = CARTESIAN_POINT('',(-105.5,37.411541169702,22.830086750664));
#475 = CARTESIAN_POINT('',(-105.5,37.605022349549,22.650191117592));
#476 = CARTESIAN_POINT('',(-105.5,37.797851115357,22.469596329688));
#477 = CARTESIAN_POINT('',(-105.5,37.99000117692,22.288276361708));
#478 = CARTESIAN_POINT('',(-105.5,38.181434438124,22.106196570181));
#479 = CARTESIAN_POINT('',(-105.5,38.545419886518,21.757043450249));
#480 = CARTESIAN_POINT('',(-105.5,38.7181074334,21.590113003254));
#481 = CARTESIAN_POINT('',(-105.5,38.890120243865,21.422484335977));
#482 = CARTESIAN_POINT('',(-105.5,39.061422238798,21.254126476357));
#483 = CARTESIAN_POINT('',(-105.5,39.231977339084,21.085008452332));
#484 = CARTESIAN_POINT('',(-105.5,39.401749465609,20.915099291842));
#485 = CARTESIAN_POINT('',(-105.5,39.570702539257,20.744368022826));
#486 = CARTESIAN_POINT('',(-105.5,39.856469654711,20.452674001118));
#487 = CARTESIAN_POINT('',(-105.5,39.973717023704,20.332147820492));
#488 = CARTESIAN_POINT('',(-105.5,40.090534200593,20.211192732011));
#489 = CARTESIAN_POINT('',(-105.5,40.206910345896,20.089797347066));
#490 = CARTESIAN_POINT('',(-105.5,40.322832167954,19.967951287776));
#491 = CARTESIAN_POINT('',(-105.5,40.438283922928,19.845645186983));
#492 = CARTESIAN_POINT('',(-105.5,40.553247414804,19.72287068826));
#493 = CARTESIAN_POINT('',(-105.5,40.863909506063,19.388334684157));
#494 = CARTESIAN_POINT('',(-105.5,41.058620713524,19.175651180763));
#495 = CARTESIAN_POINT('',(-105.5,41.251738253556,18.961529922018));
#496 = CARTESIAN_POINT('',(-105.5,41.443164761946,18.745930894221));
#497 = CARTESIAN_POINT('',(-105.5,41.632802874484,18.528814083668));
#498 = CARTESIAN_POINT('',(-105.5,41.820555226958,18.310139476656));
#499 = CARTESIAN_POINT('',(-105.5,42.006324455155,18.089867059484));
#500 = CARTESIAN_POINT('',(-105.5,42.373702106538,17.646046369664));
#501 = CARTESIAN_POINT('',(-105.5,42.555316568205,17.422511145244));
#502 = CARTESIAN_POINT('',(-105.5,42.734709840104,17.19721847869));
#503 = CARTESIAN_POINT('',(-105.5,42.911664785438,16.969949716109));
#504 = CARTESIAN_POINT('',(-105.5,43.086058214054,16.740600395865));
#505 = CARTESIAN_POINT('',(-105.5,43.257678857836,16.508958508993));
#506 = CARTESIAN_POINT('',(-105.5,43.42637321358,16.274883248795));
#507 = CARTESIAN_POINT('',(-105.5,43.688548625946,15.900148483117));
#508 = CARTESIAN_POINT('',(-105.5,43.784096309221,15.761153107275));
#509 = CARTESIAN_POINT('',(-105.5,43.878552192133,15.621254939816));
#510 = CARTESIAN_POINT('',(-105.5,43.971861651482,15.480504037324));
#511 = CARTESIAN_POINT('',(-105.5,44.063968757981,15.338961280703));
#512 = CARTESIAN_POINT('',(-105.5,44.154816276262,15.196698375176));
#513 = CARTESIAN_POINT('',(-105.5,44.244345664869,15.053797850288));
#514 = CARTESIAN_POINT('',(-105.5,44.471009916769,14.684957401935));
#515 = CARTESIAN_POINT('',(-105.5,44.606382468326,14.458322833496));
#516 = CARTESIAN_POINT('',(-105.5,44.737290258639,14.229465652512));
#517 = CARTESIAN_POINT('',(-105.5,44.86530455727,14.001860159984));
#518 = CARTESIAN_POINT('',(-105.5,44.989523852632,13.774091080736));
#519 = CARTESIAN_POINT('',(-105.5,45.108274819062,13.542486827158));
#520 = CARTESIAN_POINT('',(-105.5,45.221744699192,13.30565430483));
#521 = CARTESIAN_POINT('',(-105.5,45.434471241944,12.821925581258));
#522 = CARTESIAN_POINT('',(-105.5,45.537326402566,12.554333773064));
#523 = CARTESIAN_POINT('',(-105.5,45.644052297855,12.305990167961));
#524 = CARTESIAN_POINT('',(-105.5,45.717656478418,12.01889054845));
#525 = CARTESIAN_POINT('',(-105.5,45.789171542858,11.759417553869));
#526 = CARTESIAN_POINT('',(-105.5,45.881152481639,11.583610860089));
#527 = CARTESIAN_POINT('',(-105.5,45.940003827589,11.383517434432));
#528 = CARTESIAN_POINT('',(-105.5,45.97902077066,11.008298388863));
#529 = CARTESIAN_POINT('',(-105.5,45.982381354573,10.974440568581));
#530 = CARTESIAN_POINT('',(-105.5,45.984731837694,10.942798331224));
#531 = CARTESIAN_POINT('',(-105.5,45.986875331143,10.90450068936));
#532 = CARTESIAN_POINT('',(-105.5,45.989334333587,10.85818634538));
#533 = CARTESIAN_POINT('',(-105.5,45.992350731238,10.810003691491));
#534 = CARTESIAN_POINT('',(-105.5,45.995885797851,10.773610809721));
#535 = CARTESIAN_POINT('',(-105.5,45.99985235633,10.769961902348));
#536 = CARTESIAN_POINT('',(-105.5,46.000085110627,10.769893962016));
#537 = CARTESIAN_POINT('',(-105.5,46.000317978318,10.769982233867));
#538 = CARTESIAN_POINT('',(-105.5,46.000550436671,10.770222309533));
#539 = CARTESIAN_POINT('',(-105.5,46.000781935334,10.770605761329));
#540 = CARTESIAN_POINT('',(-105.5,46.001011940993,10.771125476952));
#541 = CARTESIAN_POINT('',(-105.5,46.001240010887,10.771775356865));
#542 = CARTESIAN_POINT('',(-105.5,46.011170612175,10.805583844477));
#543 = CARTESIAN_POINT('',(-105.5,46.015080033769,11.004113025401));
#544 = CARTESIAN_POINT('',(-105.5,46.028461595133,11.161758594297));
#545 = CARTESIAN_POINT('',(-105.5,46.050126479828,11.271499768824));
#546 = CARTESIAN_POINT('',(-105.5,46.074220573347,11.370008708149));
#547 = CARTESIAN_POINT('',(-105.5,46.097821443079,11.464476048305));
#548 = CARTESIAN_POINT('',(-105.5,46.124341344691,11.541921571916));
#549 = CARTESIAN_POINT('',(-105.5,46.201865778689,11.782336600586));
#550 = CARTESIAN_POINT('',(-105.5,46.243566567294,11.911941349878));
#551 = CARTESIAN_POINT('',(-105.5,46.287742017235,12.04783845735));
#552 = CARTESIAN_POINT('',(-105.5,46.334291530203,12.188075455146));
#553 = CARTESIAN_POINT('',(-105.5,46.383110513099,12.330713210367));
#554 = CARTESIAN_POINT('',(-105.5,46.434090378023,12.473825925068));
#555 = CARTESIAN_POINT('',(-105.5,46.487118542284,12.615501136255));
#556 = CARTESIAN_POINT('',(-105.5,46.632131482617,12.980510702582));
#557 = CARTESIAN_POINT('',(-105.5,46.728394260462,13.201987404628));
#558 = CARTESIAN_POINT('',(-105.5,46.83022004066,13.419146618466));
#559 = CARTESIAN_POINT('',(-105.5,46.937246674632,13.632337484091));
#560 = CARTESIAN_POINT('',(-105.5,47.048785248961,13.842471720946));
#561 = CARTESIAN_POINT('',(-105.5,47.163780104287,14.051092149097));
#562 = CARTESIAN_POINT('',(-105.5,47.281340210612,14.259419495705));
#563 = CARTESIAN_POINT('',(-105.5,47.534658027096,14.694485154127));
#564 = CARTESIAN_POINT('',(-105.5,47.670956551321,14.921185668701));
#565 = CARTESIAN_POINT('',(-105.5,47.810565685656,15.146271487517));
#566 = CARTESIAN_POINT('',(-105.5,47.953325060604,15.369686142149));
#567 = CARTESIAN_POINT('',(-105.5,48.099082971407,15.591264711011));
#568 = CARTESIAN_POINT('',(-105.5,48.247712227934,15.810738593679));
#569 = CARTESIAN_POINT('',(-105.5,48.39910059487,16.027947624321));
#570 = CARTESIAN_POINT('',(-105.5,48.692995770905,16.438819144657));
#571 = CARTESIAN_POINT('',(-105.5,48.834997189784,16.632701518414));
#572 = CARTESIAN_POINT('',(-105.5,48.978975962764,16.824945191569));
#573 = CARTESIAN_POINT('',(-105.5,49.124831985128,17.015645673125));
#574 = CARTESIAN_POINT('',(-105.5,49.272465152157,17.20489847208));
#575 = CARTESIAN_POINT('',(-105.5,49.421775359134,17.392799097437));
#576 = CARTESIAN_POINT('',(-105.5,49.57266250134,17.579443058195));
#577 = CARTESIAN_POINT('',(-105.5,49.831703964481,17.894791472779));
#578 = CARTESIAN_POINT('',(-105.5,49.93909508,18.024085040726));
#579 = CARTESIAN_POINT('',(-105.5,50.047179810283,18.152815495099));
#580 = CARTESIAN_POINT('',(-105.5,50.155938508695,18.280991686356));
#581 = CARTESIAN_POINT('',(-105.5,50.265351892297,18.4086223875));
#582 = CARTESIAN_POINT('',(-105.5,50.375401041846,18.535716294088));
#583 = CARTESIAN_POINT('',(-105.5,50.486067401795,18.662282024226));
#584 = CARTESIAN_POINT('',(-105.5,50.788119577327,19.004459416038));
#585 = CARTESIAN_POINT('',(-105.5,50.980665038824,19.219063236976));
#586 = CARTESIAN_POINT('',(-105.5,51.17488710587,19.432185826474));
#587 = CARTESIAN_POINT('',(-105.5,51.370651454767,19.643870625949));
#588 = CARTESIAN_POINT('',(-105.5,51.567962500277,19.854170598088));
#589 = CARTESIAN_POINT('',(-105.5,51.766590808098,20.063125315612));
#590 = CARTESIAN_POINT('',(-105.5,51.966567587219,20.270789468638));
#591 = CARTESIAN_POINT('',(-105.5,52.369014460443,20.683616202146));
#592 = CARTESIAN_POINT('',(-105.5,52.571481153401,20.888772460507));
#593 = CARTESIAN_POINT('',(-105.5,52.775138568717,21.092735193955));
#594 = CARTESIAN_POINT('',(-105.5,52.979924361681,21.295557922212));
#595 = CARTESIAN_POINT('',(-105.5,53.185776187581,21.497294164999));
#596 = CARTESIAN_POINT('',(-105.5,53.392631701709,21.697997442037));
#597 = CARTESIAN_POINT('',(-105.5,53.600428559353,21.897721273048));
#598 = CARTESIAN_POINT('',(-105.5,53.930831246689,22.21248390572));
#599 = CARTESIAN_POINT('',(-105.5,54.052856099684,22.328134931877));
#600 = CARTESIAN_POINT('',(-105.5,54.175168573555,22.443481496256));
#601 = CARTESIAN_POINT('',(-105.5,54.297758796629,22.558532492948));
#602 = CARTESIAN_POINT('',(-105.5,54.420617426797,22.673296470105));
#603 = CARTESIAN_POINT('',(-105.5,54.543735651516,22.787781629941));
#604 = CARTESIAN_POINT('',(-105.5,54.667105187805,22.901995828728));
#605 = CARTESIAN_POINT('',(-105.5,54.984967669349,23.195012258094));
#606 = CARTESIAN_POINT('',(-105.5,55.179817687606,23.373429151661));
#607 = CARTESIAN_POINT('',(-105.5,55.375235070578,23.551229328233));
#608 = CARTESIAN_POINT('',(-105.5,55.571186551832,23.728444858542));
#609 = CARTESIAN_POINT('',(-105.5,55.767638864931,23.905107813323));
#610 = CARTESIAN_POINT('',(-105.5,55.964558743439,24.081250263307));
#611 = CARTESIAN_POINT('',(-105.5,56.161912920922,24.256904279229));
#612 = CARTESIAN_POINT('',(-105.5,56.57540155635,24.623227059259));
#613 = CARTESIAN_POINT('',(-105.5,56.79161191137,24.813807355579));
#614 = CARTESIAN_POINT('',(-105.5,57.00825088649,25.00388948518));
#615 = CARTESIAN_POINT('',(-105.5,57.225290879924,25.193508968201));
#616 = CARTESIAN_POINT('',(-105.5,57.442697050986,25.382705490482));
#617 = CARTESIAN_POINT('',(-105.5,57.660431305513,25.571520698054));
#618 = CARTESIAN_POINT('',(-105.5,57.878462094317,25.759992816226));
#619 = CARTESIAN_POINT('',(-105.5,58.478764101438,26.277458854675));
#620 = CARTESIAN_POINT('',(-105.5,58.861573292004,26.605827249945));
#621 = CARTESIAN_POINT('',(-105.5,59.244992891253,26.933482566692));
#622 = CARTESIAN_POINT('',(-105.5,59.628851473753,27.260629446208));
#623 = CARTESIAN_POINT('',(-105.5,60.012930373572,27.587502883308));
#624 = CARTESIAN_POINT('',(-105.5,60.397090241582,27.914288135387));
#625 = CARTESIAN_POINT('',(-105.5,60.781131387558,28.241209230022));
#626 = CARTESIAN_POINT('',(-105.5,61.347619736705,28.724312526367));
#627 = CARTESIAN_POINT('',(-105.5,61.530291420226,28.880229724181));
#628 = CARTESIAN_POINT('',(-105.5,61.712877572911,29.036247490692));
#629 = CARTESIAN_POINT('',(-105.5,61.895358945666,29.192388553324));
#630 = CARTESIAN_POINT('',(-105.5,62.077716347423,29.34867559581));
#631 = CARTESIAN_POINT('',(-105.5,62.259930554986,29.505131323897));
#632 = CARTESIAN_POINT('',(-105.5,62.441982222872,29.661778531048));
#633 = CARTESIAN_POINT('',(-105.5,62.914844111755,30.069619644933));
#634 = CARTESIAN_POINT('',(-105.5,63.205366565502,30.321147070926));
#635 = CARTESIAN_POINT('',(-105.5,63.495328222804,30.573323220085));
#636 = CARTESIAN_POINT('',(-105.5,63.784637523418,30.826248317538));
#637 = CARTESIAN_POINT('',(-105.5,64.073202278455,31.080022035601));
#638 = CARTESIAN_POINT('',(-105.5,64.360929670378,31.334743493775));
#639 = CARTESIAN_POINT('',(-105.5,64.647726253002,31.590511258745));
#640 = CARTESIAN_POINT('',(-105.5,65.076384468689,31.975879987694));
#641 = CARTESIAN_POINT('',(-105.5,65.219013812322,32.104623192186));
#642 = CARTESIAN_POINT('',(-105.5,65.361376776795,32.233664945556));
#643 = CARTESIAN_POINT('',(-105.5,65.50346250127,32.363017616571));
#644 = CARTESIAN_POINT('',(-105.5,65.645258469665,32.49269395507));
#645 = CARTESIAN_POINT('',(-105.5,65.786750510661,32.622707091964));
#646 = CARTESIAN_POINT('',(-105.5,65.927922797692,32.753070539234));
#647 = CARTESIAN_POINT('',(-105.5,66.209592953195,33.0145258898));
#648 = CARTESIAN_POINT('',(-105.5,66.350091444727,33.145617782447));
#649 = CARTESIAN_POINT('',(-105.5,66.490237498998,33.277087470343));
#650 = CARTESIAN_POINT('',(-105.5,66.630015291453,33.408948555963));
#651 = CARTESIAN_POINT('',(-105.5,66.76940899754,33.54121464178));
#652 = CARTESIAN_POINT('',(-105.5,66.908402792703,33.673899330268));
#653 = CARTESIAN_POINT('',(-105.5,67.046980852391,33.807016223899));
#654 = CARTESIAN_POINT('',(-105.5,67.28873722679,34.040750951085));
#655 = CARTESIAN_POINT('',(-105.5,67.392104349016,34.141173743807));
#656 = CARTESIAN_POINT('',(-105.5,67.495222042741,34.241853041858));
#657 = CARTESIAN_POINT('',(-105.5,67.598083631982,34.342794583781));
#658 = CARTESIAN_POINT('',(-105.5,67.700682440755,34.444004108119));
#659 = CARTESIAN_POINT('',(-105.5,67.803011793076,34.545487353416));
#660 = CARTESIAN_POINT('',(-105.5,67.905065012962,34.647250058216));
#661 = CARTESIAN_POINT('',(-105.5,68.210374453977,34.953391968476));
#662 = CARTESIAN_POINT('',(-105.5,68.412786450791,35.158630189169));
#663 = CARTESIAN_POINT('',(-105.5,68.614006077052,35.365060026429));
#664 = CARTESIAN_POINT('',(-105.5,68.814029411274,35.572701639843));
#665 = CARTESIAN_POINT('',(-105.5,69.012668780425,35.781647131863));
#666 = CARTESIAN_POINT('',(-105.5,69.209933660768,35.991909174503));
#667 = CARTESIAN_POINT('',(-105.5,69.405698464207,36.203552342197));
#668 = CARTESIAN_POINT('',(-105.5,69.745543965071,36.57641545161));
#669 = CARTESIAN_POINT('',(-105.5,69.890310467666,36.737015197939));
#670 = CARTESIAN_POINT('',(-105.5,70.034161553549,36.898435917664));
#671 = CARTESIAN_POINT('',(-105.5,70.177063721038,37.060697692737));
#672 = CARTESIAN_POINT('',(-105.5,70.318983468453,37.223820605113));
#673 = CARTESIAN_POINT('',(-105.5,70.459887294112,37.387824736745));
#674 = CARTESIAN_POINT('',(-105.5,70.599741696335,37.552730169588));
#675 = CARTESIAN_POINT('',(-105.5,70.846455612676,37.847544234157));
#676 = CARTESIAN_POINT('',(-105.5,70.953741890399,37.977086183181));
#677 = CARTESIAN_POINT('',(-105.5,71.060354802156,38.107191417668));
#678 = CARTESIAN_POINT('',(-105.5,71.166275524347,38.237868475882));
#679 = CARTESIAN_POINT('',(-105.5,71.27148361422,38.369125849349));
#680 = CARTESIAN_POINT('',(-105.5,71.375957009874,38.500971982858));
#681 = CARTESIAN_POINT('',(-105.5,71.479672030258,38.633415274459));
#682 = CARTESIAN_POINT('',(-105.5,71.729655295901,38.956543023285));
#683 = CARTESIAN_POINT('',(-105.5,71.875110954527,39.147857646225));
#684 = CARTESIAN_POINT('',(-105.5,72.018902037018,39.340429579065));
#685 = CARTESIAN_POINT('',(-105.5,72.160960229338,39.534280456586));
#686 = CARTESIAN_POINT('',(-105.5,72.301217217453,39.729431913567));
#687 = CARTESIAN_POINT('',(-105.5,72.439604687329,39.925905584789));
#688 = CARTESIAN_POINT('',(-105.5,72.576054324932,40.12372310503));
#689 = CARTESIAN_POINT('',(-105.5,72.858384308041,40.542005415498));
#690 = CARTESIAN_POINT('',(-105.5,73.003847264806,40.762760180843));
#691 = CARTESIAN_POINT('',(-105.5,73.146780216821,40.985192185678));
#692 = CARTESIAN_POINT('',(-105.5,73.287134003171,41.209353502901));
#693 = CARTESIAN_POINT('',(-105.5,73.424777504981,41.435241805283));
#694 = CARTESIAN_POINT('',(-105.5,73.559559578897,41.662839426365));
#695 = CARTESIAN_POINT('',(-105.5,73.691384241836,41.892159190476));
#696 = CARTESIAN_POINT('',(-105.5,73.948840529707,42.354205271753));
#697 = CARTESIAN_POINT('',(-105.5,74.074479717553,42.586943143456));
#698 = CARTESIAN_POINT('',(-105.5,74.196906618611,42.82139254076));
#699 = CARTESIAN_POINT('',(-105.5,74.315999129991,43.057552361691));
#700 = CARTESIAN_POINT('',(-105.5,74.431635148801,43.295421504275));
#701 = CARTESIAN_POINT('',(-105.5,74.543692572147,43.534998866537));
#702 = CARTESIAN_POINT('',(-105.5,74.652049297138,43.776283346502));
#703 = CARTESIAN_POINT('',(-105.5,74.918154955272,44.394849487153));
#704 = CARTESIAN_POINT('',(-105.5,75.070565210276,44.774441283067));
#705 = CARTESIAN_POINT('',(-105.5,75.21337140531,45.157876712897));
#706 = CARTESIAN_POINT('',(-105.5,75.346114388818,45.544965933728));
#707 = CARTESIAN_POINT('',(-105.5,75.468323202288,45.935500335592));
#708 = CARTESIAN_POINT('',(-105.5,75.579519844273,46.32925110028));
#709 = CARTESIAN_POINT('',(-105.5,75.679224034411,46.725967760166));
#710 = CARTESIAN_POINT('',(-105.5,75.808252432972,47.313369869924));
#711 = CARTESIAN_POINT('',(-105.5,75.846892109882,47.501960500502));
#712 = CARTESIAN_POINT('',(-105.5,75.882848172879,47.691104858712));
#713 = CARTESIAN_POINT('',(-105.5,75.916091528767,47.880758501151));
#714 = CARTESIAN_POINT('',(-105.5,75.946592826449,48.070876331061));
#715 = CARTESIAN_POINT('',(-105.5,75.974322456924,48.261412598323));
#716 = CARTESIAN_POINT('',(-105.5,75.999250553292,48.452320899464));
#717 = CARTESIAN_POINT('',(-105.5,76.046206204396,48.858697859854));
#718 = CARTESIAN_POINT('',(-105.5,76.067480374394,49.074250082788));
#719 = CARTESIAN_POINT('',(-105.5,76.085128268088,49.290142092487));
#720 = CARTESIAN_POINT('',(-105.5,76.099106606957,49.506305336092));
#721 = CARTESIAN_POINT('',(-105.5,76.109371302383,49.722671345125));
#722 = CARTESIAN_POINT('',(-105.5,76.115878691422,49.939171618768));
#723 = CARTESIAN_POINT('',(-105.5,76.118586772567,50.155737507134));
#724 = CARTESIAN_POINT('',(-105.5,76.116451704196,50.564799908301));
#725 = CARTESIAN_POINT('',(-105.5,76.112421045043,50.757294785686));
#726 = CARTESIAN_POINT('',(-105.5,76.105367783053,50.949727529081));
#727 = CARTESIAN_POINT('',(-105.5,76.095295237217,51.142040940864));
#728 = CARTESIAN_POINT('',(-105.5,76.082206726524,51.334177823413));
#729 = CARTESIAN_POINT('',(-105.5,76.066105569964,51.526080979106));
#730 = CARTESIAN_POINT('',(-105.5,76.046995086528,51.717693210322));
#731 = CARTESIAN_POINT('',(-105.5,76.002762107378,52.100221398323));
#732 = CARTESIAN_POINT('',(-105.5,75.977639799653,52.291137456799));
#733 = CARTESIAN_POINT('',(-105.5,75.949514722936,52.481648181887));
#734 = CARTESIAN_POINT('',(-105.5,75.918390067715,52.671696315937));
#735 = CARTESIAN_POINT('',(-105.5,75.884269164063,52.861224656627));
#736 = CARTESIAN_POINT('',(-105.5,75.847155481633,53.050176056966));
#737 = CARTESIAN_POINT('',(-105.5,75.807052629663,53.238493425291));
#738 = CARTESIAN_POINT('',(-105.5,75.704717976752,53.684105910714));
#739 = CARTESIAN_POINT('',(-105.5,75.639835460142,53.940788603986));
#740 = CARTESIAN_POINT('',(-105.5,75.569391724829,54.196043753882));
#741 = CARTESIAN_POINT('',(-105.5,75.4934616885,54.449747309202));
#742 = CARTESIAN_POINT('',(-105.5,75.412120268841,54.701775218746));
#743 = CARTESIAN_POINT('',(-105.5,75.325442383537,54.952003431316));
#744 = CARTESIAN_POINT('',(-105.5,75.233502950274,55.20030789571));
#745 = CARTESIAN_POINT('',(-105.5,75.039250940342,55.692820928745));
#746 = CARTESIAN_POINT('',(-105.5,74.936932288454,55.937026823224));
#747 = CARTESIAN_POINT('',(-105.5,74.829525153415,56.179080265738));
#748 = CARTESIAN_POINT('',(-105.5,74.717052751281,56.418803457393));
#749 = CARTESIAN_POINT('',(-105.5,74.599608371117,56.656099537726));
#750 = CARTESIAN_POINT('',(-105.5,74.477318060896,56.890908096824));
#751 = CARTESIAN_POINT('',(-105.5,74.350268012693,57.123128738419));
#752 = CARTESIAN_POINT('',(-105.5,74.110781110965,57.540496778879));
#753 = CARTESIAN_POINT('',(-105.5,73.999889941661,57.726522690754));
#754 = CARTESIAN_POINT('',(-105.5,73.885929121107,57.910711356636));
#755 = CARTESIAN_POINT('',(-105.5,73.768951538444,58.093014405801));
#756 = CARTESIAN_POINT('',(-105.5,73.649010082814,58.273383467528));
#757 = CARTESIAN_POINT('',(-105.5,73.526157643358,58.451770171094));
#758 = CARTESIAN_POINT('',(-105.5,73.400447109216,58.628126145777));
#759 = CARTESIAN_POINT('',(-105.5,73.086307657538,59.054122542102));
#760 = CARTESIAN_POINT('',(-105.5,72.894827250036,59.301511105471));
#761 = CARTESIAN_POINT('',(-105.5,72.697641652932,59.54441886055));
#762 = CARTESIAN_POINT('',(-105.5,72.494916640646,59.782774987344));
#763 = CARTESIAN_POINT('',(-105.5,72.286799402583,60.016418490035));
#764 = CARTESIAN_POINT('',(-105.5,72.073452424577,60.245270453872));
#765 = CARTESIAN_POINT('',(-105.5,71.855025826265,60.469203657334));
#766 = CARTESIAN_POINT('',(-105.5,71.391145314067,60.923856008671));
#767 = CARTESIAN_POINT('',(-105.5,71.144905843292,61.153770248786));
#768 = CARTESIAN_POINT('',(-105.5,70.893139821089,61.377726915152));
#769 = CARTESIAN_POINT('',(-105.5,70.636053718176,61.595563306363));
#770 = CARTESIAN_POINT('',(-105.5,70.373809041525,61.807181250914));
#771 = CARTESIAN_POINT('',(-105.5,70.106604253908,62.012432718197));
#772 = CARTESIAN_POINT('',(-105.5,69.834617055605,62.211196056542));
#773 = CARTESIAN_POINT('',(-105.5,69.39998579751,62.513136762117));
#774 = CARTESIAN_POINT('',(-105.5,69.240438704826,62.620771244603));
#775 = CARTESIAN_POINT('',(-105.5,69.079424354542,62.726220849139));
#776 = CARTESIAN_POINT('',(-105.5,68.916976778244,62.829461610509));
#777 = CARTESIAN_POINT('',(-105.5,68.753130126018,62.930469594684));
#778 = CARTESIAN_POINT('',(-105.5,68.587918666456,63.029220898818));
#779 = CARTESIAN_POINT('',(-105.5,68.421376786655,63.125691651252));
#780 = CARTESIAN_POINT('',(-105.5,67.98080430403,63.372877377556));
#781 = CARTESIAN_POINT('',(-105.5,67.704652959345,63.519810321704));
#782 = CARTESIAN_POINT('',(-105.5,67.425238854225,63.660556387201));
#783 = CARTESIAN_POINT('',(-105.5,67.142716839257,63.795014128195));
#784 = CARTESIAN_POINT('',(-105.5,66.857242824723,63.923081338713));
#785 = CARTESIAN_POINT('',(-105.5,66.568973885768,64.044655281625));
#786 = CARTESIAN_POINT('',(-105.5,66.278068367565,64.159632917612));
#787 = CARTESIAN_POINT('',(-105.5,65.849279349561,64.317885470464));
#788 = CARTESIAN_POINT('',(-105.5,65.713344515712,64.366432908492));
#789 = CARTESIAN_POINT('',(-105.5,65.576896218116,64.413543162432));
#790 = CARTESIAN_POINT('',(-105.5,65.43995023156,64.459206411422));
#791 = CARTESIAN_POINT('',(-105.5,65.302523376444,64.503413299518));
#792 = CARTESIAN_POINT('',(-105.5,65.164633518781,64.546154935698));
#793 = CARTESIAN_POINT('',(-105.5,65.026299570197,64.587422893859));
#794 = CARTESIAN_POINT('',(-105.5,64.725656688728,64.673626691003));
#795 = CARTESIAN_POINT('',(-105.5,64.563192921332,64.718027053083));
#796 = CARTESIAN_POINT('',(-105.5,64.400179161547,64.760396587773));
#797 = CARTESIAN_POINT('',(-105.5,64.236644385181,64.800721583782));
#798 = CARTESIAN_POINT('',(-105.5,64.072617568043,64.83898832982));
#799 = CARTESIAN_POINT('',(-105.5,63.908127685942,64.875183114597));
#800 = CARTESIAN_POINT('',(-105.5,63.743203714685,64.909292226822));
#801 = CARTESIAN_POINT('',(-105.5,63.436164003216,64.96873886194));
#802 = CARTESIAN_POINT('',(-105.5,63.294155844309,64.994633661373));
#803 = CARTESIAN_POINT('',(-105.5,63.151868235088,65.018977296648));
#804 = CARTESIAN_POINT('',(-105.5,63.00931934951,65.041760934197));
#805 = CARTESIAN_POINT('',(-105.5,62.86652745376,65.062975963739));
#806 = CARTESIAN_POINT('',(-105.5,62.723510906253,65.082613998278));
#807 = CARTESIAN_POINT('',(-105.5,62.580288157632,65.100666874108));
#808 = CARTESIAN_POINT('',(-105.5,62.197860763689,65.144559570915));
#809 = CARTESIAN_POINT('',(-105.5,61.958326564295,65.16757185158));
#810 = CARTESIAN_POINT('',(-105.5,61.718374343305,65.186144451137));
#811 = CARTESIAN_POINT('',(-105.5,61.47810329144,65.200258327924));
#812 = CARTESIAN_POINT('',(-105.5,61.237612599419,65.209894440281));
#813 = CARTESIAN_POINT('',(-105.5,60.997001457958,65.215033746545));
#814 = CARTESIAN_POINT('',(-105.5,60.756369057779,65.215657205053));
#815 = CARTESIAN_POINT('',(-105.5,60.275259921959,65.207834339992));
#816 = CARTESIAN_POINT('',(-105.5,60.034783817158,65.199382957079));
#817 = CARTESIAN_POINT('',(-105.5,59.79448477729,65.186395597653));
#818 = CARTESIAN_POINT('',(-105.5,59.554460907601,65.168821342313));
#819 = CARTESIAN_POINT('',(-105.5,59.314811690953,65.146632254887));
#820 = CARTESIAN_POINT('',(-105.5,59.075638990279,65.119849972531));
#821 = CARTESIAN_POINT('',(-105.5,58.837047279021,65.088521011042));
#822 = CARTESIAN_POINT('',(-105.5,58.408819114669,65.023936508149));
#823 = CARTESIAN_POINT('',(-105.5,58.218933692873,64.992321933031));
#824 = CARTESIAN_POINT('',(-105.5,58.029539733453,64.957804978247));
#825 = CARTESIAN_POINT('',(-105.5,57.840690135683,64.920393562007));
#826 = CARTESIAN_POINT('',(-105.5,57.652437798835,64.880095602521));
#827 = CARTESIAN_POINT('',(-105.5,57.464835622182,64.836919017997));
#828 = CARTESIAN_POINT('',(-105.5,57.277936504997,64.790871726645));
#829 = CARTESIAN_POINT('',(-105.5,56.928921318054,64.69916617675));
#830 = CARTESIAN_POINT('',(-105.5,56.766627327346,64.654177132627));
#831 = CARTESIAN_POINT('',(-105.5,56.604947014149,64.606999322093));
#832 = CARTESIAN_POINT('',(-105.5,56.443914746037,64.55764131285));
#833 = CARTESIAN_POINT('',(-105.5,56.283563618431,64.506115432512));
#834 = CARTESIAN_POINT('',(-105.5,56.123925454606,64.452437768608));
#835 = CARTESIAN_POINT('',(-105.5,55.965030805685,64.396628168579));
#836 = CARTESIAN_POINT('',(-105.5,55.535851408009,64.239425473286));
#837 = CARTESIAN_POINT('',(-105.5,55.267066606717,64.133934012728));
#838 = CARTESIAN_POINT('',(-105.5,55.00071108487,64.0223207434));
#839 = CARTESIAN_POINT('',(-105.5,54.736933263197,63.90468546219));
#840 = CARTESIAN_POINT('',(-105.5,54.475908541129,63.781081115223));
#841 = CARTESIAN_POINT('',(-105.5,54.217745707258,63.651658540057));
#842 = CARTESIAN_POINT('',(-105.5,53.962662056471,63.516414863583));
#843 = CARTESIAN_POINT('',(-105.5,53.521811289957,63.269863096686));
#844 = CARTESIAN_POINT('',(-105.5,53.334666727547,63.161024663709));
#845 = CARTESIAN_POINT('',(-105.5,53.14935417914,63.049061337028));
#846 = CARTESIAN_POINT('',(-105.5,52.965921856388,62.934025907005));
#847 = CARTESIAN_POINT('',(-105.5,52.784417970939,62.815971164002));
#848 = CARTESIAN_POINT('',(-105.5,52.604890734445,62.694949898378));
#849 = CARTESIAN_POINT('',(-105.5,52.427388358556,62.571014900495));
#850 = CARTESIAN_POINT('',(-105.5,52.115514460368,62.34560019956));
#851 = CARTESIAN_POINT('',(-105.5,51.98032158504,62.245250693162));
#852 = CARTESIAN_POINT('',(-105.5,51.846407116607,62.143194844475));
#853 = CARTESIAN_POINT('',(-105.5,51.713794835472,62.039457519186));
#854 = CARTESIAN_POINT('',(-105.5,51.582505614769,61.934064045715));
#855 = CARTESIAN_POINT('',(-105.5,51.452557420363,61.827040215212));
#856 = CARTESIAN_POINT('',(-105.5,51.323965310849,61.718412281557));
#857 = CARTESIAN_POINT('',(-105.5,50.996818536204,61.435027456714));
#858 = CARTESIAN_POINT('',(-105.5,50.800278021451,61.257952885027));
#859 = CARTESIAN_POINT('',(-105.5,50.607180068222,61.07708597664));
#860 = CARTESIAN_POINT('',(-105.5,50.417584299927,60.892528760542));
#861 = CARTESIAN_POINT('',(-105.5,50.231550531796,60.704383514591));
#862 = CARTESIAN_POINT('',(-105.5,50.049138939154,60.512752979058));
#863 = CARTESIAN_POINT('',(-105.5,49.870409650647,60.317739833487));
#864 = CARTESIAN_POINT('',(-105.5,49.504525720587,59.903124081908));
#865 = CARTESIAN_POINT('',(-105.5,49.318080306391,59.682895457147));
#866 = CARTESIAN_POINT('',(-105.5,49.136153998102,59.458881278444));
#867 = CARTESIAN_POINT('',(-105.5,48.958815269986,59.231203261635));
#868 = CARTESIAN_POINT('',(-105.5,48.786132596315,58.999983122561));
#869 = CARTESIAN_POINT('',(-105.5,48.618174451355,58.765342577058));
#870 = CARTESIAN_POINT('',(-105.5,48.455009309376,58.527403340966));
#871 = CARTESIAN_POINT('',(-105.5,48.191169866948,58.125542987712));
#872 = CARTESIAN_POINT('',(-105.5,48.08779392323,57.963387623718));
#873 = CARTESIAN_POINT('',(-105.5,47.986603618352,57.79985195411));
#874 = CARTESIAN_POINT('',(-105.5,47.887624778494,57.634966872405));
#875 = CARTESIAN_POINT('',(-105.5,47.790883251153,57.468763249661));
#876 = CARTESIAN_POINT('',(-105.5,47.696404905141,57.301271934484));
#877 = CARTESIAN_POINT('',(-105.5,47.60421563059,57.132523753024));
#878 = CARTESIAN_POINT('',(-105.5,47.446935095064,56.835067832739));
#879 = CARTESIAN_POINT('',(-105.5,47.380837597292,56.706897164005));
#880 = CARTESIAN_POINT('',(-105.5,47.316048928673,56.578050736776));
#881 = CARTESIAN_POINT('',(-105.5,47.252576297049,56.448541361994));
#882 = CARTESIAN_POINT('',(-105.5,47.190434035063,56.318381427542));
#883 = CARTESIAN_POINT('',(-105.5,47.129643600163,56.187582898243));
#884 = CARTESIAN_POINT('',(-105.5,47.070233574597,56.05615731586));
#885 = CARTESIAN_POINT('',(-105.5,46.915581941188,55.704043851983));
#886 = CARTESIAN_POINT('',(-105.5,46.822855710037,55.482264714191));
#887 = CARTESIAN_POINT('',(-105.5,46.734208951741,55.258825369498));
#888 = CARTESIAN_POINT('',(-105.5,46.649784373813,55.033772045177));
#889 = CARTESIAN_POINT('',(-105.5,46.569711047444,54.80715735059));
#890 = CARTESIAN_POINT('',(-105.5,46.494119690872,54.579038611219));
#891 = CARTESIAN_POINT('',(-105.5,46.423181600189,54.349467398132));
#892 = CARTESIAN_POINT('',(-105.5,46.289386617089,53.881264327602));
#893 = CARTESIAN_POINT('',(-105.5,46.226443741226,53.642702045743));
#894 = CARTESIAN_POINT('',(-105.5,46.170598846111,53.402443570449));
#895 = CARTESIAN_POINT('',(-105.5,46.117813513888,53.160909385345));
#896 = CARTESIAN_POINT('',(-105.5,46.070127747338,52.918227183892));
#897 = CARTESIAN_POINT('',(-105.5,46.033251778056,52.674164835509));
#898 = CARTESIAN_POINT('',(-105.5,46.009976196223,52.428560968013));
#899 = CARTESIAN_POINT('',(-105.5,46.,52.181764705882));
#900 = PCURVE('',#50,#901);
#901 = DEFINITIONAL_REPRESENTATION('',(#902),#1640);
#902 = B_SPLINE_CURVE_WITH_KNOTS('',8,(#903,#904,#905,#906,#907,#908,
    #909,#910,#911,#912,#913,#914,#915,#916,#917,#918,#919,#920,#921,
    #922,#923,#924,#925,#926,#927,#928,#929,#930,#931,#932,#933,#934,
    #935,#936,#937,#938,#939,#940,#941,#942,#943,#944,#945,#946,#947,
    #948,#949,#950,#951,#952,#953,#954,#955,#956,#957,#958,#959,#960,
    #961,#962,#963,#964,#965,#966,#967,#968,#969,#970,#971,#972,#973,
    #974,#975,#976,#977,#978,#979,#980,#981,#982,#983,#984,#985,#986,
    #987,#988,#989,#990,#991,#992,#993,#994,#995,#996,#997,#998,#999,
    #1000,#1001,#1002,#1003,#1004,#1005,#1006,#1007,#1008,#1009,#1010,
    #1011,#1012,#1013,#1014,#1015,#1016,#1017,#1018,#1019,#1020,#1021,
    #1022,#1023,#1024,#1025,#1026,#1027,#1028,#1029,#1030,#1031,#1032,
    #1033,#1034,#1035,#1036,#1037,#1038,#1039,#1040,#1041,#1042,#1043,
    #1044,#1045,#1046,#1047,#1048,#1049,#1050,#1051,#1052,#1053,#1054,
    #1055,#1056,#1057,#1058,#1059,#1060,#1061,#1062,#1063,#1064,#1065,
    #1066,#1067,#1068,#1069,#1070,#1071,#1072,#1073,#1074,#1075,#1076,
    #1077,#1078,#1079,#1080,#1081,#1082,#1083,#1084,#1085,#1086,#1087,
    #1088,#1089,#1090,#1091,#1092,#1093,#1094,#1095,#1096,#1097,#1098,
    #1099,#1100,#1101,#1102,#1103,#1104,#1105,#1106,#1107,#1108,#1109,
    #1110,#1111,#1112,#1113,#1114,#1115,#1116,#1117,#1118,#1119,#1120,
    #1121,#1122,#1123,#1124,#1125,#1126,#1127,#1128,#1129,#1130,#1131,
    #1132,#1133,#1134,#1135,#1136,#1137,#1138,#1139,#1140,#1141,#1142,
    #1143,#1144,#1145,#1146,#1147,#1148,#1149,#1150,#1151,#1152,#1153,
    #1154,#1155,#1156,#1157,#1158,#1159,#1160,#1161,#1162,#1163,#1164,
    #1165,#1166,#1167,#1168,#1169,#1170,#1171,#1172,#1173,#1174,#1175,
    #1176,#1177,#1178,#1179,#1180,#1181,#1182,#1183,#1184,#1185,#1186,
    #1187,#1188,#1189,#1190,#1191,#1192,#1193,#1194,#1195,#1196,#1197,
    #1198,#1199,#1200,#1201,#1202,#1203,#1204,#1205,#1206,#1207,#1208,
    #1209,#1210,#1211,#1212,#1213,#1214,#1215,#1216,#1217,#1218,#1219,
    #1220,#1221,#1222,#1223,#1224,#1225,#1226,#1227,#1228,#1229,#1230,
    #1231,#1232,#1233,#1234,#1235,#1236,#1237,#1238,#1239,#1240,#1241,
    #1242,#1243,#1244,#1245,#1246,#1247,#1248,#1249,#1250,#1251,#1252,
    #1253,#1254,#1255,#1256,#1257,#1258,#1259,#1260,#1261,#1262,#1263,
    #1264,#1265,#1266,#1267,#1268,#1269,#1270,#1271,#1272,#1273,#1274,
    #1275,#1276,#1277,#1278,#1279,#1280,#1281,#1282,#1283,#1284,#1285,
    #1286,#1287,#1288,#1289,#1290,#1291,#1292,#1293,#1294,#1295,#1296,
    #1297,#1298,#1299,#1300,#1301,#1302,#1303,#1304,#1305,#1306,#1307,
    #1308,#1309,#1310,#1311,#1312,#1313,#1314,#1315,#1316,#1317,#1318,
    #1319,#1320,#1321,#1322,#1323,#1324,#1325,#1326,#1327,#1328,#1329,
    #1330,#1331,#1332,#1333,#1334,#1335,#1336,#1337,#1338,#1339,#1340,
    #1341,#1342,#1343,#1344,#1345,#1346,#1347,#1348,#1349,#1350,#1351,
    #1352,#1353,#1354,#1355,#1356,#1357,#1358,#1359,#1360,#1361,#1362,
    #1363,#1364,#1365,#1366,#1367,#1368,#1369,#1370,#1371,#1372,#1373,
    #1374,#1375,#1376,#1377,#1378,#1379,#1380,#1381,#1382,#1383,#1384,
    #1385,#1386,#1387,#1388,#1389,#1390,#1391,#1392,#1393,#1394,#1395,
    #1396,#1397,#1398,#1399,#1400,#1401,#1402,#1403,#1404,#1405,#1406,
    #1407,#1408,#1409,#1410,#1411,#1412,#1413,#1414,#1415,#1416,#1417,
    #1418,#1419,#1420,#1421,#1422,#1423,#1424,#1425,#1426,#1427,#1428,
    #1429,#1430,#1431,#1432,#1433,#1434,#1435,#1436,#1437,#1438,#1439,
    #1440,#1441,#1442,#1443,#1444,#1445,#1446,#1447,#1448,#1449,#1450,
    #1451,#1452,#1453,#1454,#1455,#1456,#1457,#1458,#1459,#1460,#1461,
    #1462,#1463,#1464,#1465,#1466,#1467,#1468,#1469,#1470,#1471,#1472,
    #1473,#1474,#1475,#1476,#1477,#1478,#1479,#1480,#1481,#1482,#1483,
    #1484,#1485,#1486,#1487,#1488,#1489,#1490,#1491,#1492,#1493,#1494,
    #1495,#1496,#1497,#1498,#1499,#1500,#1501,#1502,#1503,#1504,#1505,
    #1506,#1507,#1508,#1509,#1510,#1511,#1512,#1513,#1514,#1515,#1516,
    #1517,#1518,#1519,#1520,#1521,#1522,#1523,#1524,#1525,#1526,#1527,
    #1528,#1529,#1530,#1531,#1532,#1533,#1534,#1535,#1536,#1537,#1538,
    #1539,#1540,#1541,#1542,#1543,#1544,#1545,#1546,#1547,#1548,#1549,
    #1550,#1551,#1552,#1553,#1554,#1555,#1556,#1557,#1558,#1559,#1560,
    #1561,#1562,#1563,#1564,#1565,#1566,#1567,#1568,#1569,#1570,#1571,
    #1572,#1573,#1574,#1575,#1576,#1577,#1578,#1579,#1580,#1581,#1582,
    #1583,#1584,#1585,#1586,#1587,#1588,#1589,#1590,#1591,#1592,#1593,
    #1594,#1595,#1596,#1597,#1598,#1599,#1600,#1601,#1602,#1603,#1604,
    #1605,#1606,#1607,#1608,#1609,#1610,#1611,#1612,#1613,#1614,#1615,
    #1616,#1617,#1618,#1619,#1620,#1621,#1622,#1623,#1624,#1625,#1626,
    #1627,#1628,#1629,#1630,#1631,#1632,#1633,#1634,#1635,#1636,#1637,
    #1638,#1639),.UNSPECIFIED.,.T.,.F.,(9,7,7,7,7,7,7,7,7,7,7,7,7,7,7,7,
    7,7,7,7,7,7,7,7,7,7,7,7,7,7,7,7,7,7,7,7,7,7,7,7,7,7,7,7,7,7,7,7,7,7,
    7,7,7,7,7,7,7,7,7,7,7,7,7,7,7,7,7,7,7,7,7,7,7,7,7,7,7,7,7,7,7,7,7,7,
    7,7,7,7,7,7,7,7,7,7,7,7,7,7,7,7,7,7,7,7,7,9),(0.,2.585563898404E-04,
    5.266174359606E-04,6.522571671076E-03,1.428140419735E-02,
    2.661881815357E-02,3.894612961984E-02,4.568059994725E-02,
    5.915033272466E-02,6.925295758497E-02,7.71105536954E-02,
    8.833602519878E-02,0.100685091033,0.108543587578,0.117524727676,
    0.129873817934,0.14222286278,0.151203944752,0.157939553395,
    0.169165304439,0.180391082723,0.190494271157,0.205087873273,
    0.212946284836,0.220805038406,0.233154599622,0.245504211753,
    0.262345372394,0.270204203212,0.283676353251,0.293778647924,
    0.301635684465,0.313980737771,0.327447801795,0.340914792801,
    0.351014029611,0.358868612035,0.371210975264,0.384674622688,
    0.391406328645,0.402625611059,0.413844891017,0.435161427118,
    0.457600019634,0.468819538582,0.48116102778,0.492380538722,
    0.500234237405,0.51369769741,0.527161170021,0.535014247682,
    0.547353835629,0.559395644038,0.561352616001,0.561474277881,
    0.566701264326,0.572028259206,0.580756664462,0.590377052406,
    0.599119743499,0.605240930343,0.615736932315,0.626231910863,
    0.63235394386,0.641974293249,0.652469242672,0.67083538137,
    0.679581136264,0.693574392478,0.700571053293,0.707567716739,
    0.712815214323,0.723310117021,0.731181326751,0.737303893115,
    0.74605084133,0.755672396625,0.765294135461,0.780165872558,
    0.7871656752,0.795040681732,0.802040677941,0.809040673043,
    0.818665667166,0.82829064968,0.836165572018,0.847539838856,
    0.859788773356,0.86678803866,0.878161772727,0.883411164801,
    0.889535469547,0.894784872982,0.903533865614,0.912282865501,
    0.919282088996,0.925406287908,0.935904585613,0.943777748954,
    0.94990130162,0.959524011444,0.970021522536,0.977019863345,
    0.982268659844,0.991016763424,1.),.UNSPECIFIED.);
#903 = CARTESIAN_POINT('',(52.181764705882,-54.));
#904 = CARTESIAN_POINT('',(52.176494738673,-53.99978697316));
#905 = CARTESIAN_POINT('',(52.171491965114,-53.99955035169));
#906 = CARTESIAN_POINT('',(52.166872083943,-53.99928582174));
#907 = CARTESIAN_POINT('',(52.162891010139,-53.99899161422));
#908 = CARTESIAN_POINT('',(52.159827130339,-53.99866808448));
#909 = CARTESIAN_POINT('',(52.157891989433,-53.99831783613));
#910 = CARTESIAN_POINT('',(52.157169408327,-53.99794638906));
#911 = CARTESIAN_POINT('',(52.158011862473,-53.99716631501));
#912 = CARTESIAN_POINT('',(52.159691832105,-53.99676330432));
#913 = CARTESIAN_POINT('',(52.162383954465,-53.99636137402));
#914 = CARTESIAN_POINT('',(52.165877726046,-53.99596565927));
#915 = CARTESIAN_POINT('',(52.169991127145,-53.99557941597));
#916 = CARTESIAN_POINT('',(52.174570621865,-53.99520402071));
#917 = CARTESIAN_POINT('',(52.179491158114,-53.99483897079));
#918 = CARTESIAN_POINT('',(52.300186420775,-53.98649461947));
#919 = CARTESIAN_POINT('',(52.513828923724,-53.98186436954));
#920 = CARTESIAN_POINT('',(52.652517013531,-53.97154470829));
#921 = CARTESIAN_POINT('',(52.806647158912,-53.95950821782));
#922 = CARTESIAN_POINT('',(52.960376713443,-53.94296222397));
#923 = CARTESIAN_POINT('',(53.061572196573,-53.91811460061));
#924 = CARTESIAN_POINT('',(53.162804891853,-53.88929164086));
#925 = CARTESIAN_POINT('',(53.396761148075,-53.82028400247));
#926 = CARTESIAN_POINT('',(53.543252285611,-53.78019078279));
#927 = CARTESIAN_POINT('',(53.699973704324,-53.73911147963));
#928 = CARTESIAN_POINT('',(53.863285301113,-53.69706587017));
#929 = CARTESIAN_POINT('',(54.030197129864,-53.65391236376));
#930 = CARTESIAN_POINT('',(54.198369401446,-53.60934800203));
#931 = CARTESIAN_POINT('',(54.366112483718,-53.56290845878));
#932 = CARTESIAN_POINT('',(54.796781875354,-53.43614728512));
#933 = CARTESIAN_POINT('',(55.05566273439,-53.35211673315));
#934 = CARTESIAN_POINT('',(55.304738564435,-53.26053458065));
#935 = CARTESIAN_POINT('',(55.549789699556,-53.16312201444));
#936 = CARTESIAN_POINT('',(55.790393943658,-53.05980082158));
#937 = CARTESIAN_POINT('',(56.025841521754,-52.95057065206));
#938 = CARTESIAN_POINT('',(56.261914812909,-52.83753582656));
#939 = CARTESIAN_POINT('',(56.732310350233,-52.60354317839));
#940 = CARTESIAN_POINT('',(56.966716747543,-52.48255872223));
#941 = CARTESIAN_POINT('',(57.200068094561,-52.3575600324));
#942 = CARTESIAN_POINT('',(57.431861995112,-52.22850292743));
#943 = CARTESIAN_POINT('',(57.661771687139,-52.09538374735));
#944 = CARTESIAN_POINT('',(57.889413145616,-51.95816709278));
#945 = CARTESIAN_POINT('',(58.114183551631,-51.81673523471));
#946 = CARTESIAN_POINT('',(58.456859950897,-51.59147636652));
#947 = CARTESIAN_POINT('',(58.576926137296,-51.51068032202));
#948 = CARTESIAN_POINT('',(58.695997700081,-51.42868007472));
#949 = CARTESIAN_POINT('',(58.814080373164,-51.3454841839));
#950 = CARTESIAN_POINT('',(58.931179890456,-51.26110120885));
#951 = CARTESIAN_POINT('',(59.047301985865,-51.17553970885));
#952 = CARTESIAN_POINT('',(59.162452393304,-51.08880824318));
#953 = CARTESIAN_POINT('',(59.505019184054,-50.82511928888));
#954 = CARTESIAN_POINT('',(59.729479072227,-50.64469724817));
#955 = CARTESIAN_POINT('',(59.95028360718,-50.45973671677));
#956 = CARTESIAN_POINT('',(60.166906081075,-50.27011173977));
#957 = CARTESIAN_POINT('',(60.380514594438,-50.07623549091));
#958 = CARTESIAN_POINT('',(60.589921221089,-49.87788743568));
#959 = CARTESIAN_POINT('',(60.795393587534,-49.67525945746));
#960 = CARTESIAN_POINT('',(61.147529903789,-49.31332759133));
#961 = CARTESIAN_POINT('',(61.296072986403,-49.15584273372));
#962 = CARTESIAN_POINT('',(61.442172120697,-48.99602549859));
#963 = CARTESIAN_POINT('',(61.585752942843,-48.83390799192));
#964 = CARTESIAN_POINT('',(61.726738965225,-48.66952080791));
#965 = CARTESIAN_POINT('',(61.865055126329,-48.50289538061));
#966 = CARTESIAN_POINT('',(62.000631340626,-48.33406633543));
#967 = CARTESIAN_POINT('',(62.236675252483,-48.03007969527));
#968 = CARTESIAN_POINT('',(62.338253339779,-47.89577906147));
#969 = CARTESIAN_POINT('',(62.438117471168,-47.76019462333));
#970 = CARTESIAN_POINT('',(62.53624480747,-47.62334906481));
#971 = CARTESIAN_POINT('',(62.632612509506,-47.48526506985));
#972 = CARTESIAN_POINT('',(62.727197738094,-47.34596532239));
#973 = CARTESIAN_POINT('',(62.819977654054,-47.20547250637));
#974 = CARTESIAN_POINT('',(63.040864378254,-46.86142727958));
#975 = CARTESIAN_POINT('',(63.167067589186,-46.65665109157));
#976 = CARTESIAN_POINT('',(63.289480469857,-46.44955719875));
#977 = CARTESIAN_POINT('',(63.408026287424,-46.24020714434));
#978 = CARTESIAN_POINT('',(63.522630090528,-46.02866418189));
#979 = CARTESIAN_POINT('',(63.63322920529,-45.8150028632));
#980 = CARTESIAN_POINT('',(63.73977429411,-45.59931159));
#981 = CARTESIAN_POINT('',(63.954921885646,-45.14228202156));
#982 = CARTESIAN_POINT('',(64.062662461422,-44.90052838283));
#983 = CARTESIAN_POINT('',(64.165373175758,-44.65654705086));
#984 = CARTESIAN_POINT('',(64.262984499793,-44.41045786325));
#985 = CARTESIAN_POINT('',(64.355426904666,-44.16238065762));
#986 = CARTESIAN_POINT('',(64.442630861517,-43.91243527159));
#987 = CARTESIAN_POINT('',(64.524526841485,-43.66074154276));
#988 = CARTESIAN_POINT('',(64.649738890859,-43.24621424861));
#989 = CARTESIAN_POINT('',(64.69625207683,-43.08434874946));
#990 = CARTESIAN_POINT('',(64.740579335625,-42.92185810571));
#991 = CARTESIAN_POINT('',(64.782715247309,-42.75877766063));
#992 = CARTESIAN_POINT('',(64.822654510009,-42.59514280634));
#993 = CARTESIAN_POINT('',(64.860391939913,-42.43098898379));
#994 = CARTESIAN_POINT('',(64.895922471272,-42.26635168282));
#995 = CARTESIAN_POINT('',(64.967319658731,-41.91259757055));
#996 = CARTESIAN_POINT('',(65.002509014113,-41.72334352325));
#997 = CARTESIAN_POINT('',(65.034801500257,-41.53355719945));
#998 = CARTESIAN_POINT('',(65.064189394881,-41.34329149844));
#999 = CARTESIAN_POINT('',(65.090664975698,-41.1525993195));
#1000 = CARTESIAN_POINT('',(65.114220520426,-40.96153356188));
#1001 = CARTESIAN_POINT('',(65.134848306779,-40.77014712487));
#1002 = CARTESIAN_POINT('',(65.176867577371,-40.31496787639));
#1003 = CARTESIAN_POINT('',(65.195639078271,-40.05093875066));
#1004 = CARTESIAN_POINT('',(65.208857515525,-39.78653704114));
#1005 = CARTESIAN_POINT('',(65.216569018935,-39.52189491533));
#1006 = CARTESIAN_POINT('',(65.218794074602,-39.2571443327));
#1007 = CARTESIAN_POINT('',(65.21554727463,-38.99241731137));
#1008 = CARTESIAN_POINT('',(65.206866339627,-38.72784619131));
#1009 = CARTESIAN_POINT('',(65.178674839995,-38.19928029831));
#1010 = CARTESIAN_POINT('',(65.159160566339,-37.93528450881));
#1011 = CARTESIAN_POINT('',(65.13427585387,-37.67170141755));
#1012 = CARTESIAN_POINT('',(65.104009477817,-37.40868298915));
#1013 = CARTESIAN_POINT('',(65.068388159059,-37.14635548137));
#1014 = CARTESIAN_POINT('',(65.027479888223,-36.88482504359));
#1015 = CARTESIAN_POINT('',(64.981354004952,-36.62420034544));
#1016 = CARTESIAN_POINT('',(64.892736000817,-36.1757868445));
#1017 = CARTESIAN_POINT('',(64.852685811564,-35.98752067455));
#1018 = CARTESIAN_POINT('',(64.809918657076,-35.79983676605));
#1019 = CARTESIAN_POINT('',(64.764455017463,-35.61277837153));
#1020 = CARTESIAN_POINT('',(64.71631537284,-35.42638874351));
#1021 = CARTESIAN_POINT('',(64.665520203316,-35.2407111345));
#1022 = CARTESIAN_POINT('',(64.612089989006,-35.05578879702));
#1023 = CARTESIAN_POINT('',(64.514012891546,-34.73357628195));
#1024 = CARTESIAN_POINT('',(64.470509785515,-34.59593603551));
#1025 = CARTESIAN_POINT('',(64.425543961488,-34.45876247951));
#1026 = CARTESIAN_POINT('',(64.379124088495,-34.32207316198));
#1027 = CARTESIAN_POINT('',(64.331259435027,-34.18588494382));
#1028 = CARTESIAN_POINT('',(64.281959869041,-34.0502139988));
#1029 = CARTESIAN_POINT('',(64.231235857957,-33.9150758135));
#1030 = CARTESIAN_POINT('',(64.092204858391,-33.5561727396));
#1031 = CARTESIAN_POINT('',(64.001384177752,-33.3333832919));
#1032 = CARTESIAN_POINT('',(63.906682933486,-33.11218810663));
#1033 = CARTESIAN_POINT('',(63.808147632338,-32.89265844617));
#1034 = CARTESIAN_POINT('',(63.705824781051,-32.67486557288));
#1035 = CARTESIAN_POINT('',(63.599760886372,-32.45888074915));
#1036 = CARTESIAN_POINT('',(63.490002455043,-32.24477523733));
#1037 = CARTESIAN_POINT('',(63.263189257382,-31.82046484746));
#1038 = CARTESIAN_POINT('',(63.146135291478,-31.61026031888));
#1039 = CARTESIAN_POINT('',(63.025479200492,-31.40208002689));
#1040 = CARTESIAN_POINT('',(62.901267787887,-31.19599191915));
#1041 = CARTESIAN_POINT('',(62.773548318877,-30.99206214994));
#1042 = CARTESIAN_POINT('',(62.642367787454,-30.7903570352));
#1043 = CARTESIAN_POINT('',(62.507772687793,-30.59094339092));
#1044 = CARTESIAN_POINT('',(62.245642379744,-30.21653694336));
#1045 = CARTESIAN_POINT('',(62.118747473554,-30.04109661972));
#1046 = CARTESIAN_POINT('',(61.989158656662,-29.86761488484));
#1047 = CARTESIAN_POINT('',(61.856910014301,-29.69614033966));
#1048 = CARTESIAN_POINT('',(61.722035631704,-29.5267215851));
#1049 = CARTESIAN_POINT('',(61.584569594104,-29.35940722211));
#1050 = CARTESIAN_POINT('',(61.444545986732,-29.19424585163));
#1051 = CARTESIAN_POINT('',(61.096096020124,-28.79589799263));
#1052 = CARTESIAN_POINT('',(60.884931045434,-28.56510704883));
#1053 = CARTESIAN_POINT('',(60.668612823212,-28.33906358702));
#1054 = CARTESIAN_POINT('',(60.447250855412,-28.11791950399));
#1055 = CARTESIAN_POINT('',(60.220955494401,-27.90182802918));
#1056 = CARTESIAN_POINT('',(59.989838143895,-27.69094350447));
#1057 = CARTESIAN_POINT('',(59.754011459882,-27.48542116384));
#1058 = CARTESIAN_POINT('',(59.384126360112,-27.17771795686));
#1059 = CARTESIAN_POINT('',(59.253331553015,-27.07161905229));
#1060 = CARTESIAN_POINT('',(59.121221496912,-26.96714484546));
#1061 = CARTESIAN_POINT('',(58.987814026484,-26.8643198689));
#1062 = CARTESIAN_POINT('',(58.853128444446,-26.76316854162));
#1063 = CARTESIAN_POINT('',(58.717185521545,-26.66371516915));
#1064 = CARTESIAN_POINT('',(58.580007496559,-26.56598394351));
#1065 = CARTESIAN_POINT('',(58.303222633185,-26.37400976554));
#1066 = CARTESIAN_POINT('',(58.163614420009,-26.27976672085));
#1067 = CARTESIAN_POINT('',(58.02281619561,-26.18729469386));
#1068 = CARTESIAN_POINT('',(57.880850718821,-26.09661856933));
#1069 = CARTESIAN_POINT('',(57.737740748476,-26.00776323199));
#1070 = CARTESIAN_POINT('',(57.593509043412,-25.92075356658));
#1071 = CARTESIAN_POINT('',(57.448178362461,-25.83561445784));
#1072 = CARTESIAN_POINT('',(57.071701780623,-25.62155834599));
#1073 = CARTESIAN_POINT('',(56.838977720823,-25.49543159875));
#1074 = CARTESIAN_POINT('',(56.603686530499,-25.37407360123));
#1075 = CARTESIAN_POINT('',(56.365913306949,-25.25758777204));
#1076 = CARTESIAN_POINT('',(56.125727803705,-25.14609011281));
#1077 = CARTESIAN_POINT('',(55.883239626801,-25.03966118475));
#1078 = CARTESIAN_POINT('',(55.638617303916,-24.93833699168));
#1079 = CARTESIAN_POINT('',(55.145315093941,-24.74609844486));
#1080 = CARTESIAN_POINT('',(54.896636290642,-24.65517804191));
#1081 = CARTESIAN_POINT('',(54.646054348648,-24.56953163723));
#1082 = CARTESIAN_POINT('',(54.393693319517,-24.48923415447));
#1083 = CARTESIAN_POINT('',(54.139677255203,-24.41436051127));
#1084 = CARTESIAN_POINT('',(53.88413020806,-24.34498561926));
#1085 = CARTESIAN_POINT('',(53.62717623084,-24.28118438408));
#1086 = CARTESIAN_POINT('',(53.016781892094,-24.14372892289));
#1087 = CARTESIAN_POINT('',(52.662251132877,-24.07493032778));
#1088 = CARTESIAN_POINT('',(52.305722753699,-24.01665623583));
#1089 = CARTESIAN_POINT('',(51.947570900661,-23.96892693371));
#1090 = CARTESIAN_POINT('',(51.588168226881,-23.93176303535));
#1091 = CARTESIAN_POINT('',(51.227885908069,-23.90518583814));
#1092 = CARTESIAN_POINT('',(50.867093658107,-23.88921767925));
#1093 = CARTESIAN_POINT('',(50.337732008343,-23.88139256415));
#1094 = CARTESIAN_POINT('',(50.169281424317,-23.88122759735));
#1095 = CARTESIAN_POINT('',(50.000841251984,-23.88337405711));
#1096 = CARTESIAN_POINT('',(49.832444461885,-23.88781643805));
#1097 = CARTESIAN_POINT('',(49.664123735657,-23.89453706388));
#1098 = CARTESIAN_POINT('',(49.495911466035,-23.90351608742));
#1099 = CARTESIAN_POINT('',(49.327839756849,-23.91473149056));
#1100 = CARTESIAN_POINT('',(48.872115800156,-23.95117759194));
#1101 = CARTESIAN_POINT('',(48.584803551211,-23.98070326609));
#1102 = CARTESIAN_POINT('',(48.298174370854,-24.01664505764));
#1103 = CARTESIAN_POINT('',(48.012361177519,-24.05886004549));
#1104 = CARTESIAN_POINT('',(47.727582283141,-24.10734044184));
#1105 = CARTESIAN_POINT('',(47.443890673734,-24.16183897483));
#1106 = CARTESIAN_POINT('',(47.161552696573,-24.22242883248));
#1107 = CARTESIAN_POINT('',(46.669940233579,-24.33868902064));
#1108 = CARTESIAN_POINT('',(46.460069103501,-24.39180088686));
#1109 = CARTESIAN_POINT('',(46.251029341112,-24.44813395415));
#1110 = CARTESIAN_POINT('',(46.042854050823,-24.50761822942));
#1111 = CARTESIAN_POINT('',(45.835576337048,-24.5701837196));
#1112 = CARTESIAN_POINT('',(45.629229304198,-24.63576043162));
#1113 = CARTESIAN_POINT('',(45.423846056686,-24.70427837239));
#1114 = CARTESIAN_POINT('',(45.060498677351,-24.8311903173));
#1115 = CARTESIAN_POINT('',(44.902142130569,-24.88844929781));
#1116 = CARTESIAN_POINT('',(44.744404808796,-24.94741183928));
#1117 = CARTESIAN_POINT('',(44.587300850472,-25.00804559459));
#1118 = CARTESIAN_POINT('',(44.430843782262,-25.07031852056));
#1119 = CARTESIAN_POINT('',(44.275046519055,-25.13419887796));
#1120 = CARTESIAN_POINT('',(44.119921363964,-25.19965523153));
#1121 = CARTESIAN_POINT('',(43.722820227123,-25.37192942522));
#1122 = CARTESIAN_POINT('',(43.481866644746,-25.48100491432));
#1123 = CARTESIAN_POINT('',(43.242620363166,-25.59376081439));
#1124 = CARTESIAN_POINT('',(43.00508248436,-25.71007502254));
#1125 = CARTESIAN_POINT('',(42.769254110299,-25.82982543588));
#1126 = CARTESIAN_POINT('',(42.535136342959,-25.95288995151));
#1127 = CARTESIAN_POINT('',(42.302730284314,-26.07914646654));
#1128 = CARTESIAN_POINT('',(41.820376661656,-26.34955344056));
#1129 = CARTESIAN_POINT('',(41.570739335178,-26.494298522));
#1130 = CARTESIAN_POINT('',(41.323161156795,-26.64251178358));
#1131 = CARTESIAN_POINT('',(41.077593006511,-26.79412379535));
#1132 = CARTESIAN_POINT('',(40.834129931161,-26.94881236935));
#1133 = CARTESIAN_POINT('',(40.592673147797,-27.10657824402));
#1134 = CARTESIAN_POINT('',(40.353203313631,-27.26726434815));
#1135 = CARTESIAN_POINT('',(39.878137045335,-27.59426796792));
#1136 = CARTESIAN_POINT('',(39.642546465486,-27.76058118292));
#1137 = CARTESIAN_POINT('',(39.408860411086,-27.92958819964));
#1138 = CARTESIAN_POINT('',(39.177041497236,-28.10117097143));
#1139 = CARTESIAN_POINT('',(38.947052339036,-28.27521145163));
#1140 = CARTESIAN_POINT('',(38.718855551587,-28.4515915936));
#1141 = CARTESIAN_POINT('',(38.492413749989,-28.63019335069));
#1142 = CARTESIAN_POINT('',(38.099163193429,-28.94641416554));
#1143 = CARTESIAN_POINT('',(37.931598163992,-29.08311478531));
#1144 = CARTESIAN_POINT('',(37.76497639629,-29.2209531847));
#1145 = CARTESIAN_POINT('',(37.599279986171,-29.3598907399));
#1146 = CARTESIAN_POINT('',(37.434490935863,-29.4998941096));
#1147 = CARTESIAN_POINT('',(37.270590899763,-29.64093179049));
#1148 = CARTESIAN_POINT('',(37.107560930224,-29.78297067268));
#1149 = CARTESIAN_POINT('',(36.819247546205,-30.03719093856));
#1150 = CARTESIAN_POINT('',(36.693628287539,-30.14899271439));
#1151 = CARTESIAN_POINT('',(36.568513998636,-30.2613621599));
#1152 = CARTESIAN_POINT('',(36.443895230786,-30.37428351228));
#1153 = CARTESIAN_POINT('',(36.319762535279,-30.48774100875));
#1154 = CARTESIAN_POINT('',(36.196106463402,-30.60171888652));
#1155 = CARTESIAN_POINT('',(36.072917566447,-30.71620138278));
#1156 = CARTESIAN_POINT('',(35.757331752773,-31.0118339221));
#1157 = CARTESIAN_POINT('',(35.565606903646,-31.19370011394));
#1158 = CARTESIAN_POINT('',(35.374977197174,-31.37671915222));
#1159 = CARTESIAN_POINT('',(35.185399860257,-31.56082199887));
#1160 = CARTESIAN_POINT('',(34.996833754722,-31.74594301033));
#1161 = CARTESIAN_POINT('',(34.809245879861,-31.93203933886));
#1162 = CARTESIAN_POINT('',(34.62260890061,-32.11908721745));
#1163 = CARTESIAN_POINT('',(34.234286246609,-32.51205312069));
#1164 = CARTESIAN_POINT('',(34.032776403697,-32.71814304737));
#1165 = CARTESIAN_POINT('',(33.832308544244,-32.92524925774));
#1166 = CARTESIAN_POINT('',(33.632836759902,-33.13331834395));
#1167 = CARTESIAN_POINT('',(33.434315142322,-33.34229689812));
#1168 = CARTESIAN_POINT('',(33.236697783157,-33.55213151238));
#1169 = CARTESIAN_POINT('',(33.039938774057,-33.76276877887));
#1170 = CARTESIAN_POINT('',(32.746020636765,-34.07984669631));
#1171 = CARTESIAN_POINT('',(32.648252154187,-34.1857260353));
#1172 = CARTESIAN_POINT('',(32.550680467783,-34.29178605394));
#1173 = CARTESIAN_POINT('',(32.453299578903,-34.39802005749));
#1174 = CARTESIAN_POINT('',(32.356103781402,-34.50442190921));
#1175 = CARTESIAN_POINT('',(32.259087661645,-34.6109860303));
#1176 = CARTESIAN_POINT('',(32.162246098502,-34.71770739999));
#1177 = CARTESIAN_POINT('',(31.904457805349,-35.00270153586));
#1178 = CARTESIAN_POINT('',(31.743813657548,-35.18124413211));
#1179 = CARTESIAN_POINT('',(31.583617555392,-35.3601867567));
#1180 = CARTESIAN_POINT('',(31.423845234327,-35.53950682211));
#1181 = CARTESIAN_POINT('',(31.2644724298,-35.71918174081));
#1182 = CARTESIAN_POINT('',(31.105474877256,-35.89918892528));
#1183 = CARTESIAN_POINT('',(30.946828312143,-36.07950578801));
#1184 = CARTESIAN_POINT('',(30.630188662342,-36.44071365538));
#1185 = CARTESIAN_POINT('',(30.472195657876,-36.6216049499));
#1186 = CARTESIAN_POINT('',(30.314504634791,-36.8027600948));
#1187 = CARTESIAN_POINT('',(30.157092178394,-36.98415755656));
#1188 = CARTESIAN_POINT('',(29.99993413386,-37.16577489546));
#1189 = CARTESIAN_POINT('',(29.843005278549,-37.34758832393));
#1190 = CARTESIAN_POINT('',(29.686280813791,-37.52957472628));
#1191 = CARTESIAN_POINT('',(29.232312851548,-38.05778326957));
#1192 = CARTESIAN_POINT('',(28.935544504873,-38.40441230049));
#1193 = CARTESIAN_POINT('',(28.63927929226,-38.75147021823));
#1194 = CARTESIAN_POINT('',(28.343361712805,-39.09882418554));
#1195 = CARTESIAN_POINT('',(28.047636108563,-39.44634154208));
#1196 = CARTESIAN_POINT('',(27.751946664547,-39.79388980445));
#1197 = CARTESIAN_POINT('',(27.456137408726,-40.14133666619));
#1198 = CARTESIAN_POINT('',(26.848381730126,-40.85403988912));
#1199 = CARTESIAN_POINT('',(26.536406051546,-41.21927001116));
#1200 = CARTESIAN_POINT('',(26.223939911111,-41.58408143049));
#1201 = CARTESIAN_POINT('',(25.910798897123,-41.94831445991));
#1202 = CARTESIAN_POINT('',(25.596799416872,-42.31180856556));
#1203 = CARTESIAN_POINT('',(25.281758662162,-42.67440227414));
#1204 = CARTESIAN_POINT('',(24.965494574826,-43.03593308001));
#1205 = CARTESIAN_POINT('',(24.488988278288,-43.57639306435));
#1206 = CARTESIAN_POINT('',(24.329798095054,-43.75624276881));
#1207 = CARTESIAN_POINT('',(24.170231167327,-43.93576147219));
#1208 = CARTESIAN_POINT('',(24.01026339989,-44.11492418092));
#1209 = CARTESIAN_POINT('',(23.849870697526,-44.29370590143));
#1210 = CARTESIAN_POINT('',(23.68902896502,-44.47208164017));
#1211 = CARTESIAN_POINT('',(23.527714107155,-44.65002640356));
#1212 = CARTESIAN_POINT('',(23.187908477701,-45.02275316234));
#1213 = CARTESIAN_POINT('',(23.009313137346,-45.21743794516));
#1214 = CARTESIAN_POINT('',(22.830086750664,-45.4115411697));
#1215 = CARTESIAN_POINT('',(22.650191117592,-45.60502234954));
#1216 = CARTESIAN_POINT('',(22.469596329688,-45.79785111535));
#1217 = CARTESIAN_POINT('',(22.288276361708,-45.99000117692));
#1218 = CARTESIAN_POINT('',(22.106196570181,-46.18143443812));
#1219 = CARTESIAN_POINT('',(21.757043450249,-46.54541988651));
#1220 = CARTESIAN_POINT('',(21.590113003254,-46.7181074334));
#1221 = CARTESIAN_POINT('',(21.422484335977,-46.89012024386));
#1222 = CARTESIAN_POINT('',(21.254126476357,-47.06142223879));
#1223 = CARTESIAN_POINT('',(21.085008452332,-47.23197733908));
#1224 = CARTESIAN_POINT('',(20.915099291842,-47.4017494656));
#1225 = CARTESIAN_POINT('',(20.744368022826,-47.57070253925));
#1226 = CARTESIAN_POINT('',(20.452674001118,-47.85646965471));
#1227 = CARTESIAN_POINT('',(20.332147820492,-47.9737170237));
#1228 = CARTESIAN_POINT('',(20.211192732011,-48.09053420059));
#1229 = CARTESIAN_POINT('',(20.089797347066,-48.20691034589));
#1230 = CARTESIAN_POINT('',(19.967951287776,-48.32283216795));
#1231 = CARTESIAN_POINT('',(19.845645186983,-48.43828392292));
#1232 = CARTESIAN_POINT('',(19.72287068826,-48.5532474148));
#1233 = CARTESIAN_POINT('',(19.388334684157,-48.86390950606));
#1234 = CARTESIAN_POINT('',(19.175651180763,-49.05862071352));
#1235 = CARTESIAN_POINT('',(18.961529922018,-49.25173825355));
#1236 = CARTESIAN_POINT('',(18.745930894221,-49.44316476194));
#1237 = CARTESIAN_POINT('',(18.528814083668,-49.63280287448));
#1238 = CARTESIAN_POINT('',(18.310139476656,-49.82055522695));
#1239 = CARTESIAN_POINT('',(18.089867059484,-50.00632445515));
#1240 = CARTESIAN_POINT('',(17.646046369664,-50.37370210653));
#1241 = CARTESIAN_POINT('',(17.422511145244,-50.5553165682));
#1242 = CARTESIAN_POINT('',(17.19721847869,-50.7347098401));
#1243 = CARTESIAN_POINT('',(16.969949716109,-50.91166478543));
#1244 = CARTESIAN_POINT('',(16.740600395865,-51.08605821405));
#1245 = CARTESIAN_POINT('',(16.508958508993,-51.25767885783));
#1246 = CARTESIAN_POINT('',(16.274883248795,-51.42637321358));
#1247 = CARTESIAN_POINT('',(15.900148483117,-51.68854862594));
#1248 = CARTESIAN_POINT('',(15.761153107275,-51.78409630922));
#1249 = CARTESIAN_POINT('',(15.621254939816,-51.87855219213));
#1250 = CARTESIAN_POINT('',(15.480504037324,-51.97186165148));
#1251 = CARTESIAN_POINT('',(15.338961280703,-52.06396875798));
#1252 = CARTESIAN_POINT('',(15.196698375176,-52.15481627626));
#1253 = CARTESIAN_POINT('',(15.053797850288,-52.24434566486));
#1254 = CARTESIAN_POINT('',(14.684957401935,-52.47100991676));
#1255 = CARTESIAN_POINT('',(14.458322833496,-52.60638246832));
#1256 = CARTESIAN_POINT('',(14.229465652512,-52.73729025863));
#1257 = CARTESIAN_POINT('',(14.001860159984,-52.86530455727));
#1258 = CARTESIAN_POINT('',(13.774091080736,-52.98952385263));
#1259 = CARTESIAN_POINT('',(13.542486827158,-53.10827481906));
#1260 = CARTESIAN_POINT('',(13.30565430483,-53.22174469919));
#1261 = CARTESIAN_POINT('',(12.821925581258,-53.43447124194));
#1262 = CARTESIAN_POINT('',(12.554333773064,-53.53732640256));
#1263 = CARTESIAN_POINT('',(12.305990167961,-53.64405229785));
#1264 = CARTESIAN_POINT('',(12.01889054845,-53.71765647841));
#1265 = CARTESIAN_POINT('',(11.759417553869,-53.78917154285));
#1266 = CARTESIAN_POINT('',(11.583610860089,-53.88115248163));
#1267 = CARTESIAN_POINT('',(11.383517434432,-53.94000382758));
#1268 = CARTESIAN_POINT('',(11.008298388863,-53.97902077066));
#1269 = CARTESIAN_POINT('',(10.974440568581,-53.98238135457));
#1270 = CARTESIAN_POINT('',(10.942798331224,-53.98473183769));
#1271 = CARTESIAN_POINT('',(10.90450068936,-53.98687533114));
#1272 = CARTESIAN_POINT('',(10.85818634538,-53.98933433358));
#1273 = CARTESIAN_POINT('',(10.810003691491,-53.99235073123));
#1274 = CARTESIAN_POINT('',(10.773610809721,-53.99588579785));
#1275 = CARTESIAN_POINT('',(10.769961902348,-53.99985235633));
#1276 = CARTESIAN_POINT('',(10.769893962016,-54.00008511062));
#1277 = CARTESIAN_POINT('',(10.769982233867,-54.00031797831));
#1278 = CARTESIAN_POINT('',(10.770222309533,-54.00055043667));
#1279 = CARTESIAN_POINT('',(10.770605761329,-54.00078193533));
#1280 = CARTESIAN_POINT('',(10.771125476952,-54.00101194099));
#1281 = CARTESIAN_POINT('',(10.771775356865,-54.00124001088));
#1282 = CARTESIAN_POINT('',(10.805583844477,-54.01117061217));
#1283 = CARTESIAN_POINT('',(11.004113025401,-54.01508003376));
#1284 = CARTESIAN_POINT('',(11.161758594297,-54.02846159513));
#1285 = CARTESIAN_POINT('',(11.271499768824,-54.05012647982));
#1286 = CARTESIAN_POINT('',(11.370008708149,-54.07422057334));
#1287 = CARTESIAN_POINT('',(11.464476048305,-54.09782144307));
#1288 = CARTESIAN_POINT('',(11.541921571916,-54.12434134469));
#1289 = CARTESIAN_POINT('',(11.782336600586,-54.20186577868));
#1290 = CARTESIAN_POINT('',(11.911941349878,-54.24356656729));
#1291 = CARTESIAN_POINT('',(12.04783845735,-54.28774201723));
#1292 = CARTESIAN_POINT('',(12.188075455146,-54.3342915302));
#1293 = CARTESIAN_POINT('',(12.330713210367,-54.38311051309));
#1294 = CARTESIAN_POINT('',(12.473825925068,-54.43409037802));
#1295 = CARTESIAN_POINT('',(12.615501136255,-54.48711854228));
#1296 = CARTESIAN_POINT('',(12.980510702582,-54.63213148261));
#1297 = CARTESIAN_POINT('',(13.201987404628,-54.72839426046));
#1298 = CARTESIAN_POINT('',(13.419146618466,-54.83022004066));
#1299 = CARTESIAN_POINT('',(13.632337484091,-54.93724667463));
#1300 = CARTESIAN_POINT('',(13.842471720946,-55.04878524896));
#1301 = CARTESIAN_POINT('',(14.051092149097,-55.16378010428));
#1302 = CARTESIAN_POINT('',(14.259419495705,-55.28134021061));
#1303 = CARTESIAN_POINT('',(14.694485154127,-55.53465802709));
#1304 = CARTESIAN_POINT('',(14.921185668701,-55.67095655132));
#1305 = CARTESIAN_POINT('',(15.146271487517,-55.81056568565));
#1306 = CARTESIAN_POINT('',(15.369686142149,-55.9533250606));
#1307 = CARTESIAN_POINT('',(15.591264711011,-56.0990829714));
#1308 = CARTESIAN_POINT('',(15.810738593679,-56.24771222793));
#1309 = CARTESIAN_POINT('',(16.027947624321,-56.39910059487));
#1310 = CARTESIAN_POINT('',(16.438819144657,-56.6929957709));
#1311 = CARTESIAN_POINT('',(16.632701518414,-56.83499718978));
#1312 = CARTESIAN_POINT('',(16.824945191569,-56.97897596276));
#1313 = CARTESIAN_POINT('',(17.015645673125,-57.12483198512));
#1314 = CARTESIAN_POINT('',(17.20489847208,-57.27246515215));
#1315 = CARTESIAN_POINT('',(17.392799097437,-57.42177535913));
#1316 = CARTESIAN_POINT('',(17.579443058195,-57.57266250134));
#1317 = CARTESIAN_POINT('',(17.894791472779,-57.83170396448));
#1318 = CARTESIAN_POINT('',(18.024085040726,-57.93909508));
#1319 = CARTESIAN_POINT('',(18.152815495099,-58.04717981028));
#1320 = CARTESIAN_POINT('',(18.280991686356,-58.15593850869));
#1321 = CARTESIAN_POINT('',(18.4086223875,-58.26535189229));
#1322 = CARTESIAN_POINT('',(18.535716294088,-58.37540104184));
#1323 = CARTESIAN_POINT('',(18.662282024226,-58.48606740179));
#1324 = CARTESIAN_POINT('',(19.004459416038,-58.78811957732));
#1325 = CARTESIAN_POINT('',(19.219063236976,-58.98066503882));
#1326 = CARTESIAN_POINT('',(19.432185826474,-59.17488710587));
#1327 = CARTESIAN_POINT('',(19.643870625949,-59.37065145476));
#1328 = CARTESIAN_POINT('',(19.854170598088,-59.56796250027));
#1329 = CARTESIAN_POINT('',(20.063125315612,-59.76659080809));
#1330 = CARTESIAN_POINT('',(20.270789468638,-59.96656758721));
#1331 = CARTESIAN_POINT('',(20.683616202146,-60.36901446044));
#1332 = CARTESIAN_POINT('',(20.888772460507,-60.5714811534));
#1333 = CARTESIAN_POINT('',(21.092735193955,-60.77513856871));
#1334 = CARTESIAN_POINT('',(21.295557922212,-60.97992436168));
#1335 = CARTESIAN_POINT('',(21.497294164999,-61.18577618758));
#1336 = CARTESIAN_POINT('',(21.697997442037,-61.3926317017));
#1337 = CARTESIAN_POINT('',(21.897721273048,-61.60042855935));
#1338 = CARTESIAN_POINT('',(22.21248390572,-61.93083124668));
#1339 = CARTESIAN_POINT('',(22.328134931877,-62.05285609968));
#1340 = CARTESIAN_POINT('',(22.443481496256,-62.17516857355));
#1341 = CARTESIAN_POINT('',(22.558532492948,-62.29775879662));
#1342 = CARTESIAN_POINT('',(22.673296470105,-62.42061742679));
#1343 = CARTESIAN_POINT('',(22.787781629941,-62.54373565151));
#1344 = CARTESIAN_POINT('',(22.901995828728,-62.6671051878));
#1345 = CARTESIAN_POINT('',(23.195012258094,-62.98496766934));
#1346 = CARTESIAN_POINT('',(23.373429151661,-63.1798176876));
#1347 = CARTESIAN_POINT('',(23.551229328233,-63.37523507057));
#1348 = CARTESIAN_POINT('',(23.728444858542,-63.57118655183));
#1349 = CARTESIAN_POINT('',(23.905107813323,-63.76763886493));
#1350 = CARTESIAN_POINT('',(24.081250263307,-63.96455874343));
#1351 = CARTESIAN_POINT('',(24.256904279229,-64.16191292092));
#1352 = CARTESIAN_POINT('',(24.623227059259,-64.57540155635));
#1353 = CARTESIAN_POINT('',(24.813807355579,-64.79161191137));
#1354 = CARTESIAN_POINT('',(25.00388948518,-65.00825088649));
#1355 = CARTESIAN_POINT('',(25.193508968201,-65.22529087992));
#1356 = CARTESIAN_POINT('',(25.382705490482,-65.44269705098));
#1357 = CARTESIAN_POINT('',(25.571520698054,-65.66043130551));
#1358 = CARTESIAN_POINT('',(25.759992816226,-65.87846209431));
#1359 = CARTESIAN_POINT('',(26.277458854675,-66.47876410143));
#1360 = CARTESIAN_POINT('',(26.605827249945,-66.861573292));
#1361 = CARTESIAN_POINT('',(26.933482566692,-67.24499289125));
#1362 = CARTESIAN_POINT('',(27.260629446208,-67.62885147375));
#1363 = CARTESIAN_POINT('',(27.587502883308,-68.01293037357));
#1364 = CARTESIAN_POINT('',(27.914288135387,-68.39709024158));
#1365 = CARTESIAN_POINT('',(28.241209230022,-68.78113138755));
#1366 = CARTESIAN_POINT('',(28.724312526367,-69.3476197367));
#1367 = CARTESIAN_POINT('',(28.880229724181,-69.53029142022));
#1368 = CARTESIAN_POINT('',(29.036247490692,-69.71287757291));
#1369 = CARTESIAN_POINT('',(29.192388553324,-69.89535894566));
#1370 = CARTESIAN_POINT('',(29.34867559581,-70.07771634742));
#1371 = CARTESIAN_POINT('',(29.505131323897,-70.25993055498));
#1372 = CARTESIAN_POINT('',(29.661778531048,-70.44198222287));
#1373 = CARTESIAN_POINT('',(30.069619644933,-70.91484411175));
#1374 = CARTESIAN_POINT('',(30.321147070926,-71.2053665655));
#1375 = CARTESIAN_POINT('',(30.573323220085,-71.4953282228));
#1376 = CARTESIAN_POINT('',(30.826248317538,-71.78463752341));
#1377 = CARTESIAN_POINT('',(31.080022035601,-72.07320227845));
#1378 = CARTESIAN_POINT('',(31.334743493775,-72.36092967037));
#1379 = CARTESIAN_POINT('',(31.590511258745,-72.647726253));
#1380 = CARTESIAN_POINT('',(31.975879987694,-73.07638446868));
#1381 = CARTESIAN_POINT('',(32.104623192186,-73.21901381232));
#1382 = CARTESIAN_POINT('',(32.233664945556,-73.36137677679));
#1383 = CARTESIAN_POINT('',(32.363017616571,-73.50346250127));
#1384 = CARTESIAN_POINT('',(32.49269395507,-73.64525846966));
#1385 = CARTESIAN_POINT('',(32.622707091964,-73.78675051066));
#1386 = CARTESIAN_POINT('',(32.753070539234,-73.92792279769));
#1387 = CARTESIAN_POINT('',(33.0145258898,-74.20959295319));
#1388 = CARTESIAN_POINT('',(33.145617782447,-74.35009144472));
#1389 = CARTESIAN_POINT('',(33.277087470343,-74.49023749899));
#1390 = CARTESIAN_POINT('',(33.408948555963,-74.63001529145));
#1391 = CARTESIAN_POINT('',(33.54121464178,-74.76940899754));
#1392 = CARTESIAN_POINT('',(33.673899330268,-74.9084027927));
#1393 = CARTESIAN_POINT('',(33.807016223899,-75.04698085239));
#1394 = CARTESIAN_POINT('',(34.040750951085,-75.28873722679));
#1395 = CARTESIAN_POINT('',(34.141173743807,-75.39210434901));
#1396 = CARTESIAN_POINT('',(34.241853041858,-75.49522204274));
#1397 = CARTESIAN_POINT('',(34.342794583781,-75.59808363198));
#1398 = CARTESIAN_POINT('',(34.444004108119,-75.70068244075));
#1399 = CARTESIAN_POINT('',(34.545487353416,-75.80301179307));
#1400 = CARTESIAN_POINT('',(34.647250058216,-75.90506501296));
#1401 = CARTESIAN_POINT('',(34.953391968476,-76.21037445397));
#1402 = CARTESIAN_POINT('',(35.158630189169,-76.41278645079));
#1403 = CARTESIAN_POINT('',(35.365060026429,-76.61400607705));
#1404 = CARTESIAN_POINT('',(35.572701639843,-76.81402941127));
#1405 = CARTESIAN_POINT('',(35.781647131863,-77.01266878042));
#1406 = CARTESIAN_POINT('',(35.991909174503,-77.20993366076));
#1407 = CARTESIAN_POINT('',(36.203552342197,-77.4056984642));
#1408 = CARTESIAN_POINT('',(36.57641545161,-77.74554396507));
#1409 = CARTESIAN_POINT('',(36.737015197939,-77.89031046766));
#1410 = CARTESIAN_POINT('',(36.898435917664,-78.03416155354));
#1411 = CARTESIAN_POINT('',(37.060697692737,-78.17706372103));
#1412 = CARTESIAN_POINT('',(37.223820605113,-78.31898346845));
#1413 = CARTESIAN_POINT('',(37.387824736745,-78.45988729411));
#1414 = CARTESIAN_POINT('',(37.552730169588,-78.59974169633));
#1415 = CARTESIAN_POINT('',(37.847544234157,-78.84645561267));
#1416 = CARTESIAN_POINT('',(37.977086183181,-78.95374189039));
#1417 = CARTESIAN_POINT('',(38.107191417668,-79.06035480215));
#1418 = CARTESIAN_POINT('',(38.237868475882,-79.16627552434));
#1419 = CARTESIAN_POINT('',(38.369125849349,-79.27148361422));
#1420 = CARTESIAN_POINT('',(38.500971982858,-79.37595700987));
#1421 = CARTESIAN_POINT('',(38.633415274459,-79.47967203025));
#1422 = CARTESIAN_POINT('',(38.956543023285,-79.7296552959));
#1423 = CARTESIAN_POINT('',(39.147857646225,-79.87511095452));
#1424 = CARTESIAN_POINT('',(39.340429579065,-80.01890203701));
#1425 = CARTESIAN_POINT('',(39.534280456586,-80.16096022933));
#1426 = CARTESIAN_POINT('',(39.729431913567,-80.30121721745));
#1427 = CARTESIAN_POINT('',(39.925905584789,-80.43960468732));
#1428 = CARTESIAN_POINT('',(40.12372310503,-80.57605432493));
#1429 = CARTESIAN_POINT('',(40.542005415498,-80.85838430804));
#1430 = CARTESIAN_POINT('',(40.762760180843,-81.0038472648));
#1431 = CARTESIAN_POINT('',(40.985192185678,-81.14678021682));
#1432 = CARTESIAN_POINT('',(41.209353502901,-81.28713400317));
#1433 = CARTESIAN_POINT('',(41.435241805283,-81.42477750498));
#1434 = CARTESIAN_POINT('',(41.662839426365,-81.55955957889));
#1435 = CARTESIAN_POINT('',(41.892159190476,-81.69138424183));
#1436 = CARTESIAN_POINT('',(42.354205271753,-81.9488405297));
#1437 = CARTESIAN_POINT('',(42.586943143456,-82.07447971755));
#1438 = CARTESIAN_POINT('',(42.82139254076,-82.19690661861));
#1439 = CARTESIAN_POINT('',(43.057552361691,-82.31599912999));
#1440 = CARTESIAN_POINT('',(43.295421504275,-82.4316351488));
#1441 = CARTESIAN_POINT('',(43.534998866537,-82.54369257214));
#1442 = CARTESIAN_POINT('',(43.776283346502,-82.65204929713));
#1443 = CARTESIAN_POINT('',(44.394849487153,-82.91815495527));
#1444 = CARTESIAN_POINT('',(44.774441283067,-83.07056521027));
#1445 = CARTESIAN_POINT('',(45.157876712897,-83.21337140531));
#1446 = CARTESIAN_POINT('',(45.544965933728,-83.34611438881));
#1447 = CARTESIAN_POINT('',(45.935500335592,-83.46832320228));
#1448 = CARTESIAN_POINT('',(46.32925110028,-83.57951984427));
#1449 = CARTESIAN_POINT('',(46.725967760166,-83.67922403441));
#1450 = CARTESIAN_POINT('',(47.313369869924,-83.80825243297));
#1451 = CARTESIAN_POINT('',(47.501960500502,-83.84689210988));
#1452 = CARTESIAN_POINT('',(47.691104858712,-83.88284817287));
#1453 = CARTESIAN_POINT('',(47.880758501151,-83.91609152876));
#1454 = CARTESIAN_POINT('',(48.070876331061,-83.94659282644));
#1455 = CARTESIAN_POINT('',(48.261412598323,-83.97432245692));
#1456 = CARTESIAN_POINT('',(48.452320899464,-83.99925055329));
#1457 = CARTESIAN_POINT('',(48.858697859854,-84.04620620439));
#1458 = CARTESIAN_POINT('',(49.074250082788,-84.06748037439));
#1459 = CARTESIAN_POINT('',(49.290142092487,-84.08512826808));
#1460 = CARTESIAN_POINT('',(49.506305336092,-84.09910660695));
#1461 = CARTESIAN_POINT('',(49.722671345125,-84.10937130238));
#1462 = CARTESIAN_POINT('',(49.939171618768,-84.11587869142));
#1463 = CARTESIAN_POINT('',(50.155737507134,-84.11858677256));
#1464 = CARTESIAN_POINT('',(50.564799908301,-84.11645170419));
#1465 = CARTESIAN_POINT('',(50.757294785686,-84.11242104504));
#1466 = CARTESIAN_POINT('',(50.949727529081,-84.10536778305));
#1467 = CARTESIAN_POINT('',(51.142040940864,-84.09529523721));
#1468 = CARTESIAN_POINT('',(51.334177823413,-84.08220672652));
#1469 = CARTESIAN_POINT('',(51.526080979106,-84.06610556996));
#1470 = CARTESIAN_POINT('',(51.717693210322,-84.04699508652));
#1471 = CARTESIAN_POINT('',(52.100221398323,-84.00276210737));
#1472 = CARTESIAN_POINT('',(52.291137456799,-83.97763979965));
#1473 = CARTESIAN_POINT('',(52.481648181887,-83.94951472293));
#1474 = CARTESIAN_POINT('',(52.671696315937,-83.91839006771));
#1475 = CARTESIAN_POINT('',(52.861224656627,-83.88426916406));
#1476 = CARTESIAN_POINT('',(53.050176056966,-83.84715548163));
#1477 = CARTESIAN_POINT('',(53.238493425291,-83.80705262966));
#1478 = CARTESIAN_POINT('',(53.684105910714,-83.70471797675));
#1479 = CARTESIAN_POINT('',(53.940788603986,-83.63983546014));
#1480 = CARTESIAN_POINT('',(54.196043753882,-83.56939172482));
#1481 = CARTESIAN_POINT('',(54.449747309202,-83.4934616885));
#1482 = CARTESIAN_POINT('',(54.701775218746,-83.41212026884));
#1483 = CARTESIAN_POINT('',(54.952003431316,-83.32544238353));
#1484 = CARTESIAN_POINT('',(55.20030789571,-83.23350295027));
#1485 = CARTESIAN_POINT('',(55.692820928745,-83.03925094034));
#1486 = CARTESIAN_POINT('',(55.937026823224,-82.93693228845));
#1487 = CARTESIAN_POINT('',(56.179080265738,-82.82952515341));
#1488 = CARTESIAN_POINT('',(56.418803457393,-82.71705275128));
#1489 = CARTESIAN_POINT('',(56.656099537726,-82.59960837111));
#1490 = CARTESIAN_POINT('',(56.890908096824,-82.47731806089));
#1491 = CARTESIAN_POINT('',(57.123128738419,-82.35026801269));
#1492 = CARTESIAN_POINT('',(57.540496778879,-82.11078111096));
#1493 = CARTESIAN_POINT('',(57.726522690754,-81.99988994166));
#1494 = CARTESIAN_POINT('',(57.910711356636,-81.8859291211));
#1495 = CARTESIAN_POINT('',(58.093014405801,-81.76895153844));
#1496 = CARTESIAN_POINT('',(58.273383467528,-81.64901008281));
#1497 = CARTESIAN_POINT('',(58.451770171094,-81.52615764335));
#1498 = CARTESIAN_POINT('',(58.628126145777,-81.40044710921));
#1499 = CARTESIAN_POINT('',(59.054122542102,-81.08630765753));
#1500 = CARTESIAN_POINT('',(59.301511105471,-80.89482725003));
#1501 = CARTESIAN_POINT('',(59.54441886055,-80.69764165293));
#1502 = CARTESIAN_POINT('',(59.782774987344,-80.49491664064));
#1503 = CARTESIAN_POINT('',(60.016418490035,-80.28679940258));
#1504 = CARTESIAN_POINT('',(60.245270453872,-80.07345242457));
#1505 = CARTESIAN_POINT('',(60.469203657334,-79.85502582626));
#1506 = CARTESIAN_POINT('',(60.923856008671,-79.39114531406));
#1507 = CARTESIAN_POINT('',(61.153770248786,-79.14490584329));
#1508 = CARTESIAN_POINT('',(61.377726915152,-78.89313982108));
#1509 = CARTESIAN_POINT('',(61.595563306363,-78.63605371817));
#1510 = CARTESIAN_POINT('',(61.807181250914,-78.37380904152));
#1511 = CARTESIAN_POINT('',(62.012432718197,-78.1066042539));
#1512 = CARTESIAN_POINT('',(62.211196056542,-77.8346170556));
#1513 = CARTESIAN_POINT('',(62.513136762117,-77.39998579751));
#1514 = CARTESIAN_POINT('',(62.620771244603,-77.24043870482));
#1515 = CARTESIAN_POINT('',(62.726220849139,-77.07942435454));
#1516 = CARTESIAN_POINT('',(62.829461610509,-76.91697677824));
#1517 = CARTESIAN_POINT('',(62.930469594684,-76.75313012601));
#1518 = CARTESIAN_POINT('',(63.029220898818,-76.58791866645));
#1519 = CARTESIAN_POINT('',(63.125691651252,-76.42137678665));
#1520 = CARTESIAN_POINT('',(63.372877377556,-75.98080430403));
#1521 = CARTESIAN_POINT('',(63.519810321704,-75.70465295934));
#1522 = CARTESIAN_POINT('',(63.660556387201,-75.42523885422));
#1523 = CARTESIAN_POINT('',(63.795014128195,-75.14271683925));
#1524 = CARTESIAN_POINT('',(63.923081338713,-74.85724282472));
#1525 = CARTESIAN_POINT('',(64.044655281625,-74.56897388576));
#1526 = CARTESIAN_POINT('',(64.159632917612,-74.27806836756));
#1527 = CARTESIAN_POINT('',(64.317885470464,-73.84927934956));
#1528 = CARTESIAN_POINT('',(64.366432908492,-73.71334451571));
#1529 = CARTESIAN_POINT('',(64.413543162432,-73.57689621811));
#1530 = CARTESIAN_POINT('',(64.459206411422,-73.43995023156));
#1531 = CARTESIAN_POINT('',(64.503413299518,-73.30252337644));
#1532 = CARTESIAN_POINT('',(64.546154935698,-73.16463351878));
#1533 = CARTESIAN_POINT('',(64.587422893859,-73.02629957019));
#1534 = CARTESIAN_POINT('',(64.673626691003,-72.72565668872));
#1535 = CARTESIAN_POINT('',(64.718027053083,-72.56319292133));
#1536 = CARTESIAN_POINT('',(64.760396587773,-72.40017916154));
#1537 = CARTESIAN_POINT('',(64.800721583782,-72.23664438518));
#1538 = CARTESIAN_POINT('',(64.83898832982,-72.07261756804));
#1539 = CARTESIAN_POINT('',(64.875183114597,-71.90812768594));
#1540 = CARTESIAN_POINT('',(64.909292226822,-71.74320371468));
#1541 = CARTESIAN_POINT('',(64.96873886194,-71.43616400321));
#1542 = CARTESIAN_POINT('',(64.994633661373,-71.2941558443));
#1543 = CARTESIAN_POINT('',(65.018977296648,-71.15186823508));
#1544 = CARTESIAN_POINT('',(65.041760934197,-71.00931934951));
#1545 = CARTESIAN_POINT('',(65.062975963739,-70.86652745376));
#1546 = CARTESIAN_POINT('',(65.082613998278,-70.72351090625));
#1547 = CARTESIAN_POINT('',(65.100666874108,-70.58028815763));
#1548 = CARTESIAN_POINT('',(65.144559570915,-70.19786076368));
#1549 = CARTESIAN_POINT('',(65.16757185158,-69.95832656429));
#1550 = CARTESIAN_POINT('',(65.186144451137,-69.7183743433));
#1551 = CARTESIAN_POINT('',(65.200258327924,-69.47810329144));
#1552 = CARTESIAN_POINT('',(65.209894440281,-69.23761259941));
#1553 = CARTESIAN_POINT('',(65.215033746545,-68.99700145795));
#1554 = CARTESIAN_POINT('',(65.215657205053,-68.75636905777));
#1555 = CARTESIAN_POINT('',(65.207834339992,-68.27525992195));
#1556 = CARTESIAN_POINT('',(65.199382957079,-68.03478381715));
#1557 = CARTESIAN_POINT('',(65.186395597653,-67.79448477729));
#1558 = CARTESIAN_POINT('',(65.168821342313,-67.5544609076));
#1559 = CARTESIAN_POINT('',(65.146632254887,-67.31481169095));
#1560 = CARTESIAN_POINT('',(65.119849972531,-67.07563899027));
#1561 = CARTESIAN_POINT('',(65.088521011042,-66.83704727902));
#1562 = CARTESIAN_POINT('',(65.023936508149,-66.40881911466));
#1563 = CARTESIAN_POINT('',(64.992321933031,-66.21893369287));
#1564 = CARTESIAN_POINT('',(64.957804978247,-66.02953973345));
#1565 = CARTESIAN_POINT('',(64.920393562007,-65.84069013568));
#1566 = CARTESIAN_POINT('',(64.880095602521,-65.65243779883));
#1567 = CARTESIAN_POINT('',(64.836919017997,-65.46483562218));
#1568 = CARTESIAN_POINT('',(64.790871726645,-65.27793650499));
#1569 = CARTESIAN_POINT('',(64.69916617675,-64.92892131805));
#1570 = CARTESIAN_POINT('',(64.654177132627,-64.76662732734));
#1571 = CARTESIAN_POINT('',(64.606999322093,-64.60494701414));
#1572 = CARTESIAN_POINT('',(64.55764131285,-64.44391474603));
#1573 = CARTESIAN_POINT('',(64.506115432512,-64.28356361843));
#1574 = CARTESIAN_POINT('',(64.452437768608,-64.1239254546));
#1575 = CARTESIAN_POINT('',(64.396628168579,-63.96503080568));
#1576 = CARTESIAN_POINT('',(64.239425473286,-63.535851408));
#1577 = CARTESIAN_POINT('',(64.133934012728,-63.26706660671));
#1578 = CARTESIAN_POINT('',(64.0223207434,-63.00071108487));
#1579 = CARTESIAN_POINT('',(63.90468546219,-62.73693326319));
#1580 = CARTESIAN_POINT('',(63.781081115223,-62.47590854112));
#1581 = CARTESIAN_POINT('',(63.651658540057,-62.21774570725));
#1582 = CARTESIAN_POINT('',(63.516414863583,-61.96266205647));
#1583 = CARTESIAN_POINT('',(63.269863096686,-61.52181128995));
#1584 = CARTESIAN_POINT('',(63.161024663709,-61.33466672754));
#1585 = CARTESIAN_POINT('',(63.049061337028,-61.14935417914));
#1586 = CARTESIAN_POINT('',(62.934025907005,-60.96592185638));
#1587 = CARTESIAN_POINT('',(62.815971164002,-60.78441797093));
#1588 = CARTESIAN_POINT('',(62.694949898378,-60.60489073444));
#1589 = CARTESIAN_POINT('',(62.571014900495,-60.42738835855));
#1590 = CARTESIAN_POINT('',(62.34560019956,-60.11551446036));
#1591 = CARTESIAN_POINT('',(62.245250693162,-59.98032158504));
#1592 = CARTESIAN_POINT('',(62.143194844475,-59.8464071166));
#1593 = CARTESIAN_POINT('',(62.039457519186,-59.71379483547));
#1594 = CARTESIAN_POINT('',(61.934064045715,-59.58250561476));
#1595 = CARTESIAN_POINT('',(61.827040215212,-59.45255742036));
#1596 = CARTESIAN_POINT('',(61.718412281557,-59.32396531084));
#1597 = CARTESIAN_POINT('',(61.435027456714,-58.9968185362));
#1598 = CARTESIAN_POINT('',(61.257952885027,-58.80027802145));
#1599 = CARTESIAN_POINT('',(61.07708597664,-58.60718006822));
#1600 = CARTESIAN_POINT('',(60.892528760542,-58.41758429992));
#1601 = CARTESIAN_POINT('',(60.704383514591,-58.23155053179));
#1602 = CARTESIAN_POINT('',(60.512752979058,-58.04913893915));
#1603 = CARTESIAN_POINT('',(60.317739833487,-57.87040965064));
#1604 = CARTESIAN_POINT('',(59.903124081908,-57.50452572058));
#1605 = CARTESIAN_POINT('',(59.682895457147,-57.31808030639));
#1606 = CARTESIAN_POINT('',(59.458881278444,-57.1361539981));
#1607 = CARTESIAN_POINT('',(59.231203261635,-56.95881526998));
#1608 = CARTESIAN_POINT('',(58.999983122561,-56.78613259631));
#1609 = CARTESIAN_POINT('',(58.765342577058,-56.61817445135));
#1610 = CARTESIAN_POINT('',(58.527403340966,-56.45500930937));
#1611 = CARTESIAN_POINT('',(58.125542987712,-56.19116986694));
#1612 = CARTESIAN_POINT('',(57.963387623718,-56.08779392323));
#1613 = CARTESIAN_POINT('',(57.79985195411,-55.98660361835));
#1614 = CARTESIAN_POINT('',(57.634966872405,-55.88762477849));
#1615 = CARTESIAN_POINT('',(57.468763249661,-55.79088325115));
#1616 = CARTESIAN_POINT('',(57.301271934484,-55.69640490514));
#1617 = CARTESIAN_POINT('',(57.132523753024,-55.60421563059));
#1618 = CARTESIAN_POINT('',(56.835067832739,-55.44693509506));
#1619 = CARTESIAN_POINT('',(56.706897164005,-55.38083759729));
#1620 = CARTESIAN_POINT('',(56.578050736776,-55.31604892867));
#1621 = CARTESIAN_POINT('',(56.448541361994,-55.25257629704));
#1622 = CARTESIAN_POINT('',(56.318381427542,-55.19043403506));
#1623 = CARTESIAN_POINT('',(56.187582898243,-55.12964360016));
#1624 = CARTESIAN_POINT('',(56.05615731586,-55.07023357459));
#1625 = CARTESIAN_POINT('',(55.704043851983,-54.91558194118));
#1626 = CARTESIAN_POINT('',(55.482264714191,-54.82285571003));
#1627 = CARTESIAN_POINT('',(55.258825369498,-54.73420895174));
#1628 = CARTESIAN_POINT('',(55.033772045177,-54.64978437381));
#1629 = CARTESIAN_POINT('',(54.80715735059,-54.56971104744));
#1630 = CARTESIAN_POINT('',(54.579038611219,-54.49411969087));
#1631 = CARTESIAN_POINT('',(54.349467398132,-54.42318160018));
#1632 = CARTESIAN_POINT('',(53.881264327602,-54.28938661708));
#1633 = CARTESIAN_POINT('',(53.642702045743,-54.22644374122));
#1634 = CARTESIAN_POINT('',(53.402443570449,-54.17059884611));
#1635 = CARTESIAN_POINT('',(53.160909385345,-54.11781351388));
#1636 = CARTESIAN_POINT('',(52.918227183892,-54.07012774733));
#1637 = CARTESIAN_POINT('',(52.674164835509,-54.03325177805));
#1638 = CARTESIAN_POINT('',(52.428560968013,-54.00997619622));
#1639 = CARTESIAN_POINT('',(52.181764705882,-54.));
#1640 = ( GEOMETRIC_REPRESENTATION_CONTEXT(2) 
PARAMETRIC_REPRESENTATION_CONTEXT() REPRESENTATION_CONTEXT('2D SPACE',''
  ) );
#1641 = PCURVE('',#1642,#1721);
#1642 = SURFACE_OF_LINEAR_EXTRUSION('',#1643,#1719);
#1643 = B_SPLINE_CURVE_WITH_KNOTS('',3,(#1644,#1645,#1646,#1647,#1648,
    #1649,#1650,#1651,#1652,#1653,#1654,#1655,#1656,#1657,#1658,#1659,
    #1660,#1661,#1662,#1663,#1664,#1665,#1666,#1667,#1668,#1669,#1670,
    #1671,#1672,#1673,#1674,#1675,#1676,#1677,#1678,#1679,#1680,#1681,
    #1682,#1683,#1684,#1685,#1686,#1687,#1688,#1689,#1690,#1691,#1692,
    #1693,#1694,#1695,#1696,#1697,#1698,#1699,#1700,#1701,#1702,#1703,
    #1704,#1705,#1706,#1707,#1708,#1709,#1710,#1711,#1712,#1713,#1714,
    #1715,#1716,#1717,#1718),.UNSPECIFIED.,.T.,.F.,(1,1,2,1,1,1,1,1,1,1,
    1,1,1,1,1,1,1,1,1,1,1,1,1,1,1,1,1,1,1,1,1,1,1,1,1,1,1,1,1,1,1,1,1,1,
    1,1,1,1,1,1,1,1,1,1,1,1,1,1,1,1,1,1,1,1,1,1,1,1,1,1,1,1,1,1,2,1,1),(
    -1.152383258025,-0.292347653421,0.,0.292347653421,1.152383258025,
    2.531763211623,4.357324372874,6.541311303742,8.993722965874,
    11.634747290256,14.40458572829,17.267683896657,20.209332921746,
    23.225482163113,26.310290024712,29.447477795922,32.609491162747,
    35.764772884072,38.890530666964,41.986457081389,45.083121407609,
    48.238363033234,51.519717655134,54.980369079723,58.64071456808,
    62.481879447563,66.449538918026,70.463470696588,74.42907647933,
    78.24855442511,81.830376582503,85.096297538584,87.985521631181,
    90.456001778319,92.483159141607,94.056586553485,95.175507777349,
    95.843888565093,96.066129200632,96.288369836172,96.956750623916,
    98.07567184778,99.649099259658,101.67625662294,104.14673677008,
    107.03596086268,110.30188181876,113.88370397615,117.70318192193,
    121.66878770467,125.68271948323,129.6503789537,133.49154383318,
    137.15188932154,140.61254074613,143.89389536803,147.04913699365,
    150.14580131987,153.2417277343,156.36748551719,159.52276723851,
    162.68478060534,165.82196837655,168.90677623815,171.92292547951,
    174.8645745046,177.72767267297,180.497511111,183.13853543539,
    185.59094709752,187.77493402839,189.60049518964,190.97987514323,
    191.83991074784,192.13225840126,192.42460605468,193.28464165929),
  .UNSPECIFIED.);
#1644 = CARTESIAN_POINT('',(0.,45.996059908033,52.084292688677));
#1645 = CARTESIAN_POINT('',(0.,46.003940091967,52.279236723088));
#1646 = CARTESIAN_POINT('',(0.,46.030305728054,52.662481329338));
#1647 = CARTESIAN_POINT('',(0.,46.177729743067,53.495741258526));
#1648 = CARTESIAN_POINT('',(0.,46.540108551456,54.80344883785));
#1649 = CARTESIAN_POINT('',(0.,47.21870913623,56.471793593433));
#1650 = CARTESIAN_POINT('',(0.,48.276510257732,58.355343134553));
#1651 = CARTESIAN_POINT('',(0.,49.756254987285,60.289174282998));
#1652 = CARTESIAN_POINT('',(0.,51.66679210055,62.101597561795));
#1653 = CARTESIAN_POINT('',(0.,53.983482853792,63.627137736795));
#1654 = CARTESIAN_POINT('',(0.,56.6450219814,64.719980108453));
#1655 = CARTESIAN_POINT('',(0.,59.555140997232,65.268006634203));
#1656 = CARTESIAN_POINT('',(0.,62.590227041243,65.204190358077));
#1657 = CARTESIAN_POINT('',(0.,65.612023924359,64.510048562488));
#1658 = CARTESIAN_POINT('',(0.,68.479639610149,63.210244036678));
#1659 = CARTESIAN_POINT('',(0.,71.057731247999,61.362690938386));
#1660 = CARTESIAN_POINT('',(0.,73.221838535132,59.048124585569));
#1661 = CARTESIAN_POINT('',(0.,74.862352020622,56.360884752481));
#1662 = CARTESIAN_POINT('',(0.,75.888307715109,53.402593222809));
#1663 = CARTESIAN_POINT('',(0.,76.234483069148,50.279412319181));
#1664 = CARTESIAN_POINT('',(0.,75.874831354333,47.096940684692));
#1665 = CARTESIAN_POINT('',(0.,74.833046889411,43.945094052989));
#1666 = CARTESIAN_POINT('',(0.,73.176706075742,40.882391363139));
#1667 = CARTESIAN_POINT('',(0.,71.002044066417,37.934894052153));
#1668 = CARTESIAN_POINT('',(0.,68.423637378015,35.105911634133));
#1669 = CARTESIAN_POINT('',(0.,65.569101123956,32.386039143772));
#1670 = CARTESIAN_POINT('',(0.,62.573743209763,29.760955455541));
#1671 = CARTESIAN_POINT('',(0.,59.573561160218,27.21788320301));
#1672 = CARTESIAN_POINT('',(0.,56.697217501955,24.751396483482));
#1673 = CARTESIAN_POINT('',(0.,54.058087197002,22.367228343477));
#1674 = CARTESIAN_POINT('',(0.,51.747043811977,20.086841972818));
#1675 = CARTESIAN_POINT('',(0.,49.827152635952,17.941409936288));
#1676 = CARTESIAN_POINT('',(0.,48.328862061635,15.989725582082));
#1677 = CARTESIAN_POINT('',(0.,47.251383176153,14.255941209396));
#1678 = CARTESIAN_POINT('',(0.,46.554841039136,12.885229310288));
#1679 = CARTESIAN_POINT('',(0.,46.184587098762,11.726584638171));
#1680 = CARTESIAN_POINT('',(0.,46.028456857849,11.246401772859));
#1681 = CARTESIAN_POINT('',(0.,46.,10.651121394563));
#1682 = CARTESIAN_POINT('',(0.,45.971543142151,11.246401772859));
#1683 = CARTESIAN_POINT('',(0.,45.815412901238,11.726584638171));
#1684 = CARTESIAN_POINT('',(0.,45.445158960864,12.885229310288));
#1685 = CARTESIAN_POINT('',(0.,44.748616823847,14.255941209396));
#1686 = CARTESIAN_POINT('',(0.,43.671137938365,15.989725582082));
#1687 = CARTESIAN_POINT('',(0.,42.172847364048,17.941409936288));
#1688 = CARTESIAN_POINT('',(0.,40.252956188023,20.086841972818));
#1689 = CARTESIAN_POINT('',(0.,37.941912802998,22.367228343477));
#1690 = CARTESIAN_POINT('',(0.,35.302782498045,24.751396483482));
#1691 = CARTESIAN_POINT('',(0.,32.426438839782,27.21788320301));
#1692 = CARTESIAN_POINT('',(0.,29.426256790238,29.760955455541));
#1693 = CARTESIAN_POINT('',(0.,26.430898876044,32.386039143771));
#1694 = CARTESIAN_POINT('',(0.,23.576362621985,35.105911634134));
#1695 = CARTESIAN_POINT('',(0.,20.997955933583,37.93489405215));
#1696 = CARTESIAN_POINT('',(0.,18.823293924258,40.88239136315));
#1697 = CARTESIAN_POINT('',(0.,17.166953110589,43.94509405295));
#1698 = CARTESIAN_POINT('',(0.,16.125168645667,47.096940684826));
#1699 = CARTESIAN_POINT('',(0.,15.765516930852,50.279412318704));
#1700 = CARTESIAN_POINT('',(0.,16.111692284891,53.402593224554));
#1701 = CARTESIAN_POINT('',(0.,17.137647979378,56.360884745938));
#1702 = CARTESIAN_POINT('',(0.,18.778161464868,59.048124610347));
#1703 = CARTESIAN_POINT('',(0.,20.942268752001,61.362690844883));
#1704 = CARTESIAN_POINT('',(0.,23.520360389851,63.210244385188));
#1705 = CARTESIAN_POINT('',(0.,26.387976075641,64.510047282405));
#1706 = CARTESIAN_POINT('',(0.,29.409772958757,65.204195003847));
#1707 = CARTESIAN_POINT('',(0.,32.444859002768,65.267989891554));
#1708 = CARTESIAN_POINT('',(0.,35.3549780186,64.720040239931));
#1709 = CARTESIAN_POINT('',(0.,38.016517146208,63.626922785218));
#1710 = CARTESIAN_POINT('',(0.,40.33320789945,62.102356309622));
#1711 = CARTESIAN_POINT('',(0.,42.243745012715,60.286566497251));
#1712 = CARTESIAN_POINT('',(0.,43.723489742268,58.363907252262));
#1713 = CARTESIAN_POINT('',(0.,44.78129086377,56.445563067829));
#1714 = CARTESIAN_POINT('',(0.,45.459891448543,54.875768290399));
#1715 = CARTESIAN_POINT('',(0.,45.822270256933,53.327792326805));
#1716 = CARTESIAN_POINT('',(0.,45.969694271946,52.936816196338));
#1717 = CARTESIAN_POINT('',(0.,45.996059908033,52.084292688677));
#1718 = CARTESIAN_POINT('',(0.,46.003940091967,52.279236723088));
#1719 = VECTOR('',#1720,1.);
#1720 = DIRECTION('',(1.,0.,0.));
#1721 = DEFINITIONAL_REPRESENTATION('',(#1722),#2460);
#1722 = B_SPLINE_CURVE_WITH_KNOTS('',8,(#1723,#1724,#1725,#1726,#1727,
    #1728,#1729,#1730,#1731,#1732,#1733,#1734,#1735,#1736,#1737,#1738,
    #1739,#1740,#1741,#1742,#1743,#1744,#1745,#1746,#1747,#1748,#1749,
    #1750,#1751,#1752,#1753,#1754,#1755,#1756,#1757,#1758,#1759,#1760,
    #1761,#1762,#1763,#1764,#1765,#1766,#1767,#1768,#1769,#1770,#1771,
    #1772,#1773,#1774,#1775,#1776,#1777,#1778,#1779,#1780,#1781,#1782,
    #1783,#1784,#1785,#1786,#1787,#1788,#1789,#1790,#1791,#1792,#1793,
    #1794,#1795,#1796,#1797,#1798,#1799,#1800,#1801,#1802,#1803,#1804,
    #1805,#1806,#1807,#1808,#1809,#1810,#1811,#1812,#1813,#1814,#1815,
    #1816,#1817,#1818,#1819,#1820,#1821,#1822,#1823,#1824,#1825,#1826,
    #1827,#1828,#1829,#1830,#1831,#1832,#1833,#1834,#1835,#1836,#1837,
    #1838,#1839,#1840,#1841,#1842,#1843,#1844,#1845,#1846,#1847,#1848,
    #1849,#1850,#1851,#1852,#1853,#1854,#1855,#1856,#1857,#1858,#1859,
    #1860,#1861,#1862,#1863,#1864,#1865,#1866,#1867,#1868,#1869,#1870,
    #1871,#1872,#1873,#1874,#1875,#1876,#1877,#1878,#1879,#1880,#1881,
    #1882,#1883,#1884,#1885,#1886,#1887,#1888,#1889,#1890,#1891,#1892,
    #1893,#1894,#1895,#1896,#1897,#1898,#1899,#1900,#1901,#1902,#1903,
    #1904,#1905,#1906,#1907,#1908,#1909,#1910,#1911,#1912,#1913,#1914,
    #1915,#1916,#1917,#1918,#1919,#1920,#1921,#1922,#1923,#1924,#1925,
    #1926,#1927,#1928,#1929,#1930,#1931,#1932,#1933,#1934,#1935,#1936,
    #1937,#1938,#1939,#1940,#1941,#1942,#1943,#1944,#1945,#1946,#1947,
    #1948,#1949,#1950,#1951,#1952,#1953,#1954,#1955,#1956,#1957,#1958,
    #1959,#1960,#1961,#1962,#1963,#1964,#1965,#1966,#1967,#1968,#1969,
    #1970,#1971,#1972,#1973,#1974,#1975,#1976,#1977,#1978,#1979,#1980,
    #1981,#1982,#1983,#1984,#1985,#1986,#1987,#1988,#1989,#1990,#1991,
    #1992,#1993,#1994,#1995,#1996,#1997,#1998,#1999,#2000,#2001,#2002,
    #2003,#2004,#2005,#2006,#2007,#2008,#2009,#2010,#2011,#2012,#2013,
    #2014,#2015,#2016,#2017,#2018,#2019,#2020,#2021,#2022,#2023,#2024,
    #2025,#2026,#2027,#2028,#2029,#2030,#2031,#2032,#2033,#2034,#2035,
    #2036,#2037,#2038,#2039,#2040,#2041,#2042,#2043,#2044,#2045,#2046,
    #2047,#2048,#2049,#2050,#2051,#2052,#2053,#2054,#2055,#2056,#2057,
    #2058,#2059,#2060,#2061,#2062,#2063,#2064,#2065,#2066,#2067,#2068,
    #2069,#2070,#2071,#2072,#2073,#2074,#2075,#2076,#2077,#2078,#2079,
    #2080,#2081,#2082,#2083,#2084,#2085,#2086,#2087,#2088,#2089,#2090,
    #2091,#2092,#2093,#2094,#2095,#2096,#2097,#2098,#2099,#2100,#2101,
    #2102,#2103,#2104,#2105,#2106,#2107,#2108,#2109,#2110,#2111,#2112,
    #2113,#2114,#2115,#2116,#2117,#2118,#2119,#2120,#2121,#2122,#2123,
    #2124,#2125,#2126,#2127,#2128,#2129,#2130,#2131,#2132,#2133,#2134,
    #2135,#2136,#2137,#2138,#2139,#2140,#2141,#2142,#2143,#2144,#2145,
    #2146,#2147,#2148,#2149,#2150,#2151,#2152,#2153,#2154,#2155,#2156,
    #2157,#2158,#2159,#2160,#2161,#2162,#2163,#2164,#2165,#2166,#2167,
    #2168,#2169,#2170,#2171,#2172,#2173,#2174,#2175,#2176,#2177,#2178,
    #2179,#2180,#2181,#2182,#2183,#2184,#2185,#2186,#2187,#2188,#2189,
    #2190,#2191,#2192,#2193,#2194,#2195,#2196,#2197,#2198,#2199,#2200,
    #2201,#2202,#2203,#2204,#2205,#2206,#2207,#2208,#2209,#2210,#2211,
    #2212,#2213,#2214,#2215,#2216,#2217,#2218,#2219,#2220,#2221,#2222,
    #2223,#2224,#2225,#2226,#2227,#2228,#2229,#2230,#2231,#2232,#2233,
    #2234,#2235,#2236,#2237,#2238,#2239,#2240,#2241,#2242,#2243,#2244,
    #2245,#2246,#2247,#2248,#2249,#2250,#2251,#2252,#2253,#2254,#2255,
    #2256,#2257,#2258,#2259,#2260,#2261,#2262,#2263,#2264,#2265,#2266,
    #2267,#2268,#2269,#2270,#2271,#2272,#2273,#2274,#2275,#2276,#2277,
    #2278,#2279,#2280,#2281,#2282,#2283,#2284,#2285,#2286,#2287,#2288,
    #2289,#2290,#2291,#2292,#2293,#2294,#2295,#2296,#2297,#2298,#2299,
    #2300,#2301,#2302,#2303,#2304,#2305,#2306,#2307,#2308,#2309,#2310,
    #2311,#2312,#2313,#2314,#2315,#2316,#2317,#2318,#2319,#2320,#2321,
    #2322,#2323,#2324,#2325,#2326,#2327,#2328,#2329,#2330,#2331,#2332,
    #2333,#2334,#2335,#2336,#2337,#2338,#2339,#2340,#2341,#2342,#2343,
    #2344,#2345,#2346,#2347,#2348,#2349,#2350,#2351,#2352,#2353,#2354,
    #2355,#2356,#2357,#2358,#2359,#2360,#2361,#2362,#2363,#2364,#2365,
    #2366,#2367,#2368,#2369,#2370,#2371,#2372,#2373,#2374,#2375,#2376,
    #2377,#2378,#2379,#2380,#2381,#2382,#2383,#2384,#2385,#2386,#2387,
    #2388,#2389,#2390,#2391,#2392,#2393,#2394,#2395,#2396,#2397,#2398,
    #2399,#2400,#2401,#2402,#2403,#2404,#2405,#2406,#2407,#2408,#2409,
    #2410,#2411,#2412,#2413,#2414,#2415,#2416,#2417,#2418,#2419,#2420,
    #2421,#2422,#2423,#2424,#2425,#2426,#2427,#2428,#2429,#2430,#2431,
    #2432,#2433,#2434,#2435,#2436,#2437,#2438,#2439,#2440,#2441,#2442,
    #2443,#2444,#2445,#2446,#2447,#2448,#2449,#2450,#2451,#2452,#2453,
    #2454,#2455,#2456,#2457,#2458,#2459),.UNSPECIFIED.,.F.,.F.,(9,7,7,7,
    7,7,7,7,7,7,7,7,7,7,7,7,7,7,7,7,7,7,7,7,7,7,7,7,7,7,7,7,7,7,7,7,7,7,
    7,7,7,7,7,7,7,7,7,7,7,7,7,7,7,7,7,7,7,7,7,7,7,7,7,7,7,7,7,7,7,7,7,7,
    7,7,7,7,7,7,7,7,7,7,7,7,7,7,7,7,7,7,7,7,7,7,7,7,7,7,7,7,7,7,7,7,7,9)
  ,(0.,2.585563898404E-04,5.266174359606E-04,6.522571671076E-03,
    1.428140419735E-02,2.661881815357E-02,3.894612961984E-02,
    4.568059994725E-02,5.915033272466E-02,6.925295758497E-02,
    7.71105536954E-02,8.833602519878E-02,0.100685091033,0.108543587578,
    0.117524727676,0.129873817934,0.14222286278,0.151203944752,
    0.157939553395,0.169165304439,0.180391082723,0.190494271157,
    0.205087873273,0.212946284836,0.220805038406,0.233154599622,
    0.245504211753,0.262345372394,0.270204203212,0.283676353251,
    0.293778647924,0.301635684465,0.313980737771,0.327447801795,
    0.340914792801,0.351014029611,0.358868612035,0.371210975264,
    0.384674622688,0.391406328645,0.402625611059,0.413844891017,
    0.435161427118,0.457600019634,0.468819538582,0.48116102778,
    0.492380538722,0.500234237405,0.51369769741,0.527161170021,
    0.535014247682,0.547353835629,0.559395644038,0.561352616001,
    0.561474277881,0.566701264326,0.572028259206,0.580756664462,
    0.590377052406,0.599119743499,0.605240930343,0.615736932315,
    0.626231910863,0.63235394386,0.641974293249,0.652469242672,
    0.67083538137,0.679581136264,0.693574392478,0.700571053293,
    0.707567716739,0.712815214323,0.723310117021,0.731181326751,
    0.737303893115,0.74605084133,0.755672396625,0.765294135461,
    0.780165872558,0.7871656752,0.795040681732,0.802040677941,
    0.809040673043,0.818665667166,0.82829064968,0.836165572018,
    0.847539838856,0.859788773356,0.86678803866,0.878161772727,
    0.883411164801,0.889535469547,0.894784872982,0.903533865614,
    0.912282865501,0.919282088996,0.925406287908,0.935904585613,
    0.943777748954,0.94990130162,0.959524011444,0.970021522536,
    0.977019863345,0.982268659844,0.991016763424,1.),.UNSPECIFIED.);
#1723 = CARTESIAN_POINT('',(192.13225840126,-105.5));
#1724 = CARTESIAN_POINT('',(192.12698966673,-105.5));
#1725 = CARTESIAN_POINT('',(192.12128878309,-105.5));
#1726 = CARTESIAN_POINT('',(192.11509233777,-105.5));
#1727 = CARTESIAN_POINT('',(192.1084149378,-105.5));
#1728 = CARTESIAN_POINT('',(192.10132299119,-105.5));
#1729 = CARTESIAN_POINT('',(192.0939208186,-105.5));
#1730 = CARTESIAN_POINT('',(192.08634909513,-105.5));
#1731 = CARTESIAN_POINT('',(192.07096448058,-105.5));
#1732 = CARTESIAN_POINT('',(192.06328959832,-105.5));
#1733 = CARTESIAN_POINT('',(192.05587104975,-105.5));
#1734 = CARTESIAN_POINT('',(192.04877463859,-105.5));
#1735 = CARTESIAN_POINT('',(192.04203189829,-105.5));
#1736 = CARTESIAN_POINT('',(192.03564009197,-105.5));
#1737 = CARTESIAN_POINT('',(192.02956221248,-105.5));
#1738 = CARTESIAN_POINT('',(191.89320532208,-105.5));
#1739 = CARTESIAN_POINT('',(191.86301059677,-105.5));
#1740 = CARTESIAN_POINT('',(191.73550353444,-105.5));
#1741 = CARTESIAN_POINT('',(191.62927340978,-105.5));
#1742 = CARTESIAN_POINT('',(191.52379932558,-105.5));
#1743 = CARTESIAN_POINT('',(191.35877251695,-105.5));
#1744 = CARTESIAN_POINT('',(191.20972980172,-105.5));
#1745 = CARTESIAN_POINT('',(190.87002916466,-105.5));
#1746 = CARTESIAN_POINT('',(190.6899203609,-105.5));
#1747 = CARTESIAN_POINT('',(190.51865217874,-105.5));
#1748 = CARTESIAN_POINT('',(190.35377264724,-105.5));
#1749 = CARTESIAN_POINT('',(190.19304753496,-105.5));
#1750 = CARTESIAN_POINT('',(190.03446034998,-105.5));
#1751 = CARTESIAN_POINT('',(189.87621233985,-105.5));
#1752 = CARTESIAN_POINT('',(189.46311574439,-105.5));
#1753 = CARTESIAN_POINT('',(189.20591945094,-105.5));
#1754 = CARTESIAN_POINT('',(188.94149976895,-105.5));
#1755 = CARTESIAN_POINT('',(188.675470656,-105.5));
#1756 = CARTESIAN_POINT('',(188.4077479097,-105.5));
#1757 = CARTESIAN_POINT('',(188.13760747508,-105.5));
#1758 = CARTESIAN_POINT('',(187.86986175373,-105.5));
#1759 = CARTESIAN_POINT('',(187.33689184525,-105.5));
#1760 = CARTESIAN_POINT('',(187.07168804788,-105.5));
#1761 = CARTESIAN_POINT('',(186.80738416374,-105.5));
#1762 = CARTESIAN_POINT('',(186.54364393396,-105.5));
#1763 = CARTESIAN_POINT('',(186.28026448512,-105.5));
#1764 = CARTESIAN_POINT('',(186.01702520045,-105.5));
#1765 = CARTESIAN_POINT('',(185.75358346101,-105.5));
#1766 = CARTESIAN_POINT('',(185.345713613,-105.5));
#1767 = CARTESIAN_POINT('',(185.2016144192,-105.5));
#1768 = CARTESIAN_POINT('',(185.0575152254,-105.5));
#1769 = CARTESIAN_POINT('',(184.9134160316,-105.5));
#1770 = CARTESIAN_POINT('',(184.7693168378,-105.5));
#1771 = CARTESIAN_POINT('',(184.62521764399,-105.5));
#1772 = CARTESIAN_POINT('',(184.48111845019,-105.5));
#1773 = CARTESIAN_POINT('',(184.04880391954,-105.5));
#1774 = CARTESIAN_POINT('',(183.76062105317,-105.5));
#1775 = CARTESIAN_POINT('',(183.47250336193,-105.5));
#1776 = CARTESIAN_POINT('',(183.18411426016,-105.5));
#1777 = CARTESIAN_POINT('',(182.8960764468,-105.5));
#1778 = CARTESIAN_POINT('',(182.60783633137,-105.5));
#1779 = CARTESIAN_POINT('',(182.31962107603,-105.5));
#1780 = CARTESIAN_POINT('',(181.81528350584,-105.5));
#1781 = CARTESIAN_POINT('',(181.5991345578,-105.5));
#1782 = CARTESIAN_POINT('',(181.38298565983,-105.5));
#1783 = CARTESIAN_POINT('',(181.16683689957,-105.5));
#1784 = CARTESIAN_POINT('',(180.95068821052,-105.5));
#1785 = CARTESIAN_POINT('',(180.7345394785,-105.5));
#1786 = CARTESIAN_POINT('',(180.51839064826,-105.5));
#1787 = CARTESIAN_POINT('',(180.13412610386,-105.5));
#1788 = CARTESIAN_POINT('',(179.96601037776,-105.5));
#1789 = CARTESIAN_POINT('',(179.79789465166,-105.5));
#1790 = CARTESIAN_POINT('',(179.62977892556,-105.5));
#1791 = CARTESIAN_POINT('',(179.46166319946,-105.5));
#1792 = CARTESIAN_POINT('',(179.29354747336,-105.5));
#1793 = CARTESIAN_POINT('',(179.12543174726,-105.5));
#1794 = CARTESIAN_POINT('',(178.71714354778,-105.5));
#1795 = CARTESIAN_POINT('',(178.47696855186,-105.5));
#1796 = CARTESIAN_POINT('',(178.236789045,-105.5));
#1797 = CARTESIAN_POINT('',(177.99661212653,-105.5));
#1798 = CARTESIAN_POINT('',(177.75644447251,-105.5));
#1799 = CARTESIAN_POINT('',(177.51628766969,-105.5));
#1800 = CARTESIAN_POINT('',(177.27613839451,-105.5));
#1801 = CARTESIAN_POINT('',(176.77181158184,-105.5));
#1802 = CARTESIAN_POINT('',(176.50762972654,-105.5));
#1803 = CARTESIAN_POINT('',(176.24344787124,-105.5));
#1804 = CARTESIAN_POINT('',(175.97926601594,-105.5));
#1805 = CARTESIAN_POINT('',(175.71508416064,-105.5));
#1806 = CARTESIAN_POINT('',(175.45090230533,-105.5));
#1807 = CARTESIAN_POINT('',(175.18672045003,-105.5));
#1808 = CARTESIAN_POINT('',(174.75442286641,-105.5));
#1809 = CARTESIAN_POINT('',(174.58630714876,-105.5));
#1810 = CARTESIAN_POINT('',(174.41819142887,-105.5));
#1811 = CARTESIAN_POINT('',(174.25007570016,-105.5));
#1812 = CARTESIAN_POINT('',(174.08195996233,-105.5));
#1813 = CARTESIAN_POINT('',(173.91384422141,-105.5));
#1814 = CARTESIAN_POINT('',(173.74572848973,-105.5));
#1815 = CARTESIAN_POINT('',(173.38548052752,-105.5));
#1816 = CARTESIAN_POINT('',(173.19334826912,-105.5));
#1817 = CARTESIAN_POINT('',(173.00121601072,-105.5));
#1818 = CARTESIAN_POINT('',(172.80908375232,-105.5));
#1819 = CARTESIAN_POINT('',(172.61695149391,-105.5));
#1820 = CARTESIAN_POINT('',(172.42481923551,-105.5));
#1821 = CARTESIAN_POINT('',(172.23268697711,-105.5));
#1822 = CARTESIAN_POINT('',(171.77637237942,-105.5));
#1823 = CARTESIAN_POINT('',(171.51219156389,-105.5));
#1824 = CARTESIAN_POINT('',(171.2480089418,-105.5));
#1825 = CARTESIAN_POINT('',(170.98382723618,-105.5));
#1826 = CARTESIAN_POINT('',(170.71964580479,-105.5));
#1827 = CARTESIAN_POINT('',(170.45546333442,-105.5));
#1828 = CARTESIAN_POINT('',(170.19128167951,-105.5));
#1829 = CARTESIAN_POINT('',(169.66291904461,-105.5));
#1830 = CARTESIAN_POINT('',(169.39873397825,-105.5));
#1831 = CARTESIAN_POINT('',(169.13455439912,-105.5));
#1832 = CARTESIAN_POINT('',(168.87037467412,-105.5));
#1833 = CARTESIAN_POINT('',(168.60619067841,-105.5));
#1834 = CARTESIAN_POINT('',(168.34200636072,-105.5));
#1835 = CARTESIAN_POINT('',(168.07782811142,-105.5));
#1836 = CARTESIAN_POINT('',(167.62151277548,-105.5));
#1837 = CARTESIAN_POINT('',(167.42938051708,-105.5));
#1838 = CARTESIAN_POINT('',(167.23724825868,-105.5));
#1839 = CARTESIAN_POINT('',(167.04511600028,-105.5));
#1840 = CARTESIAN_POINT('',(166.85298374188,-105.5));
#1841 = CARTESIAN_POINT('',(166.66085148348,-105.5));
#1842 = CARTESIAN_POINT('',(166.46871922507,-105.5));
#1843 = CARTESIAN_POINT('',(166.13249211216,-105.5));
#1844 = CARTESIAN_POINT('',(165.98839654444,-105.5));
#1845 = CARTESIAN_POINT('',(165.84429959998,-105.5));
#1846 = CARTESIAN_POINT('',(165.70020093542,-105.5));
#1847 = CARTESIAN_POINT('',(165.55610052762,-105.5));
#1848 = CARTESIAN_POINT('',(165.41199867363,-105.5));
#1849 = CARTESIAN_POINT('',(165.2678959907,-105.5));
#1850 = CARTESIAN_POINT('',(164.88362809326,-105.5));
#1851 = CARTESIAN_POINT('',(164.64346277026,-105.5));
#1852 = CARTESIAN_POINT('',(164.40329744726,-105.5));
#1853 = CARTESIAN_POINT('',(164.16313212426,-105.5));
#1854 = CARTESIAN_POINT('',(163.92296680126,-105.5));
#1855 = CARTESIAN_POINT('',(163.68280147826,-105.5));
#1856 = CARTESIAN_POINT('',(163.44263615525,-105.5));
#1857 = CARTESIAN_POINT('',(162.96230492646,-105.5));
#1858 = CARTESIAN_POINT('',(162.72214060562,-105.5));
#1859 = CARTESIAN_POINT('',(162.48197533223,-105.5));
#1860 = CARTESIAN_POINT('',(162.2418094169,-105.5));
#1861 = CARTESIAN_POINT('',(162.00164379778,-105.5));
#1862 = CARTESIAN_POINT('',(161.76147879742,-105.5));
#1863 = CARTESIAN_POINT('',(161.52131385703,-105.5));
#1864 = CARTESIAN_POINT('',(161.06499945754,-105.5));
#1865 = CARTESIAN_POINT('',(160.84885066684,-105.5));
#1866 = CARTESIAN_POINT('',(160.63270187614,-105.5));
#1867 = CARTESIAN_POINT('',(160.41655308543,-105.5));
#1868 = CARTESIAN_POINT('',(160.20040429473,-105.5));
#1869 = CARTESIAN_POINT('',(159.98425550403,-105.5));
#1870 = CARTESIAN_POINT('',(159.76810671333,-105.5));
#1871 = CARTESIAN_POINT('',(159.23974069833,-105.5));
#1872 = CARTESIAN_POINT('',(158.92752890368,-105.5));
#1873 = CARTESIAN_POINT('',(158.61531826649,-105.5));
#1874 = CARTESIAN_POINT('',(158.30310601678,-105.5));
#1875 = CARTESIAN_POINT('',(157.99089089559,-105.5));
#1876 = CARTESIAN_POINT('',(157.67867316378,-105.5));
#1877 = CARTESIAN_POINT('',(157.36645461077,-105.5));
#1878 = CARTESIAN_POINT('',(156.88611542442,-105.5));
#1879 = CARTESIAN_POINT('',(156.71799262626,-105.5));
#1880 = CARTESIAN_POINT('',(156.54987195987,-105.5));
#1881 = CARTESIAN_POINT('',(156.3817544943,-105.5));
#1882 = CARTESIAN_POINT('',(156.21364057669,-105.5));
#1883 = CARTESIAN_POINT('',(156.04552983228,-105.5));
#1884 = CARTESIAN_POINT('',(155.87742116444,-105.5));
#1885 = CARTESIAN_POINT('',(155.5411970285,-105.5));
#1886 = CARTESIAN_POINT('',(155.3730813024,-105.5));
#1887 = CARTESIAN_POINT('',(155.2049655763,-105.5));
#1888 = CARTESIAN_POINT('',(155.0368498502,-105.5));
#1889 = CARTESIAN_POINT('',(154.8687341241,-105.5));
#1890 = CARTESIAN_POINT('',(154.700618398,-105.5));
#1891 = CARTESIAN_POINT('',(154.53250267189,-105.5));
#1892 = CARTESIAN_POINT('',(154.10020313697,-105.5));
#1893 = CARTESIAN_POINT('',(153.83602619753,-105.5));
#1894 = CARTESIAN_POINT('',(153.57184258517,-105.5));
#1895 = CARTESIAN_POINT('',(153.30765631112,-105.5));
#1896 = CARTESIAN_POINT('',(153.04347615194,-105.5));
#1897 = CARTESIAN_POINT('',(152.77929939101,-105.5));
#1898 = CARTESIAN_POINT('',(152.51511286663,-105.5));
#1899 = CARTESIAN_POINT('',(151.98675025094,-105.5));
#1900 = CARTESIAN_POINT('',(151.72256839362,-105.5));
#1901 = CARTESIAN_POINT('',(151.45838653562,-105.5));
#1902 = CARTESIAN_POINT('',(151.19420467938,-105.5));
#1903 = CARTESIAN_POINT('',(150.93002282565,-105.5));
#1904 = CARTESIAN_POINT('',(150.66584097343,-105.5));
#1905 = CARTESIAN_POINT('',(150.40165912002,-105.5));
#1906 = CARTESIAN_POINT('',(149.77721257579,-105.5));
#1907 = CARTESIAN_POINT('',(149.41695955611,-105.5));
#1908 = CARTESIAN_POINT('',(149.05671640599,-105.5));
#1909 = CARTESIAN_POINT('',(148.69648005331,-105.5));
#1910 = CARTESIAN_POINT('',(148.33624609401,-105.5));
#1911 = CARTESIAN_POINT('',(147.97600873626,-105.5));
#1912 = CARTESIAN_POINT('',(147.61576074477,-105.5));
#1913 = CARTESIAN_POINT('',(147.08737669211,-105.5));
#1914 = CARTESIAN_POINT('',(146.919261241,-105.5));
#1915 = CARTESIAN_POINT('',(146.75114617731,-105.5));
#1916 = CARTESIAN_POINT('',(146.58303094395,-105.5));
#1917 = CARTESIAN_POINT('',(146.41491528111,-105.5));
#1918 = CARTESIAN_POINT('',(146.24679922621,-105.5));
#1919 = CARTESIAN_POINT('',(146.07868311391,-105.5));
#1920 = CARTESIAN_POINT('',(145.62237232154,-105.5));
#1921 = CARTESIAN_POINT('',(145.33418404077,-105.5));
#1922 = CARTESIAN_POINT('',(145.04599811063,-105.5));
#1923 = CARTESIAN_POINT('',(144.75783204389,-105.5));
#1924 = CARTESIAN_POINT('',(144.46963386444,-105.5));
#1925 = CARTESIAN_POINT('',(144.18146523402,-105.5));
#1926 = CARTESIAN_POINT('',(143.89323072274,-105.5));
#1927 = CARTESIAN_POINT('',(143.38883168462,-105.5));
#1928 = CARTESIAN_POINT('',(143.17268289392,-105.5));
#1929 = CARTESIAN_POINT('',(142.95653410322,-105.5));
#1930 = CARTESIAN_POINT('',(142.74038531252,-105.5));
#1931 = CARTESIAN_POINT('',(142.52423652182,-105.5));
#1932 = CARTESIAN_POINT('',(142.30808773111,-105.5));
#1933 = CARTESIAN_POINT('',(142.09193894041,-105.5));
#1934 = CARTESIAN_POINT('',(141.70768092286,-105.5));
#1935 = CARTESIAN_POINT('',(141.5395736197,-105.5));
#1936 = CARTESIAN_POINT('',(141.37146687419,-105.5));
#1937 = CARTESIAN_POINT('',(141.20335890087,-105.5));
#1938 = CARTESIAN_POINT('',(141.03524749488,-105.5));
#1939 = CARTESIAN_POINT('',(140.86713003193,-105.5));
#1940 = CARTESIAN_POINT('',(140.69900346831,-105.5));
#1941 = CARTESIAN_POINT('',(140.2666824856,-105.5));
#1942 = CARTESIAN_POINT('',(140.0025006303,-105.5));
#1943 = CARTESIAN_POINT('',(139.738318775,-105.5));
#1944 = CARTESIAN_POINT('',(139.47413691969,-105.5));
#1945 = CARTESIAN_POINT('',(139.20995506439,-105.5));
#1946 = CARTESIAN_POINT('',(138.94577320909,-105.5));
#1947 = CARTESIAN_POINT('',(138.68159135379,-105.5));
#1948 = CARTESIAN_POINT('',(138.12921682153,-105.5));
#1949 = CARTESIAN_POINT('',(137.84101389787,-105.5));
#1950 = CARTESIAN_POINT('',(137.55278844276,-105.5));
#1951 = CARTESIAN_POINT('',(137.26464698175,-105.5));
#1952 = CARTESIAN_POINT('',(136.97640866026,-105.5));
#1953 = CARTESIAN_POINT('',(136.68821529556,-105.5));
#1954 = CARTESIAN_POINT('',(136.40002234788,-105.5));
#1955 = CARTESIAN_POINT('',(135.82362401007,-105.5));
#1956 = CARTESIAN_POINT('',(135.53542562247,-105.5));
#1957 = CARTESIAN_POINT('',(135.24722723487,-105.5));
#1958 = CARTESIAN_POINT('',(134.95902884727,-105.5));
#1959 = CARTESIAN_POINT('',(134.67083045966,-105.5));
#1960 = CARTESIAN_POINT('',(134.38263207206,-105.5));
#1961 = CARTESIAN_POINT('',(134.09443368446,-105.5));
#1962 = CARTESIAN_POINT('',(133.59010804442,-105.5));
#1963 = CARTESIAN_POINT('',(133.37397420752,-105.5));
#1964 = CARTESIAN_POINT('',(133.1578306966,-105.5));
#1965 = CARTESIAN_POINT('',(132.94167861432,-105.5));
#1966 = CARTESIAN_POINT('',(132.72552132023,-105.5));
#1967 = CARTESIAN_POINT('',(132.50936249527,-105.5));
#1968 = CARTESIAN_POINT('',(132.29320420642,-105.5));
#1969 = CARTESIAN_POINT('',(131.90892924514,-105.5));
#1970 = CARTESIAN_POINT('',(131.74081351904,-105.5));
#1971 = CARTESIAN_POINT('',(131.57269779294,-105.5));
#1972 = CARTESIAN_POINT('',(131.40458206684,-105.5));
#1973 = CARTESIAN_POINT('',(131.23646634074,-105.5));
#1974 = CARTESIAN_POINT('',(131.06835061464,-105.5));
#1975 = CARTESIAN_POINT('',(130.90023488854,-105.5));
#1976 = CARTESIAN_POINT('',(130.46794912209,-105.5));
#1977 = CARTESIAN_POINT('',(130.2037787223,-105.5));
#1978 = CARTESIAN_POINT('',(129.93960981614,-105.5));
#1979 = CARTESIAN_POINT('',(129.67543519319,-105.5));
#1980 = CARTESIAN_POINT('',(129.41124912657,-105.5));
#1981 = CARTESIAN_POINT('',(129.14705462456,-105.5));
#1982 = CARTESIAN_POINT('',(128.88286086866,-105.5));
#1983 = CARTESIAN_POINT('',(128.33046593242,-105.5));
#1984 = CARTESIAN_POINT('',(128.04226754482,-105.5));
#1985 = CARTESIAN_POINT('',(127.75406915722,-105.5));
#1986 = CARTESIAN_POINT('',(127.46587076962,-105.5));
#1987 = CARTESIAN_POINT('',(127.17767238201,-105.5));
#1988 = CARTESIAN_POINT('',(126.88947399441,-105.5));
#1989 = CARTESIAN_POINT('',(126.60127560681,-105.5));
#1990 = CARTESIAN_POINT('',(126.16898054604,-105.5));
#1991 = CARTESIAN_POINT('',(126.02488365955,-105.5));
#1992 = CARTESIAN_POINT('',(125.88078611025,-105.5));
#1993 = CARTESIAN_POINT('',(125.73668760549,-105.5));
#1994 = CARTESIAN_POINT('',(125.59258800946,-105.5));
#1995 = CARTESIAN_POINT('',(125.44848734325,-105.5));
#1996 = CARTESIAN_POINT('',(125.30438578476,-105.5));
#1997 = CARTESIAN_POINT('',(124.9201183458,-105.5));
#1998 = CARTESIAN_POINT('',(124.6799530228,-105.5));
#1999 = CARTESIAN_POINT('',(124.4397876998,-105.5));
#2000 = CARTESIAN_POINT('',(124.19962237679,-105.5));
#2001 = CARTESIAN_POINT('',(123.95945705379,-105.5));
#2002 = CARTESIAN_POINT('',(123.71929173079,-105.5));
#2003 = CARTESIAN_POINT('',(123.47912640779,-105.5));
#2004 = CARTESIAN_POINT('',(122.99879581439,-105.5));
#2005 = CARTESIAN_POINT('',(122.7586304919,-105.5));
#2006 = CARTESIAN_POINT('',(122.5184649913,-105.5));
#2007 = CARTESIAN_POINT('',(122.27829967959,-105.5));
#2008 = CARTESIAN_POINT('',(122.03813459911,-105.5));
#2009 = CARTESIAN_POINT('',(121.79796934175,-105.5));
#2010 = CARTESIAN_POINT('',(121.55780361515,-105.5));
#2011 = CARTESIAN_POINT('',(120.86132683459,-105.5));
#2012 = CARTESIAN_POINT('',(120.40501298458,-105.5));
#2013 = CARTESIAN_POINT('',(119.94869799052,-105.5));
#2014 = CARTESIAN_POINT('',(119.49238265419,-105.5));
#2015 = CARTESIAN_POINT('',(119.03606753935,-105.5));
#2016 = CARTESIAN_POINT('',(118.57975297174,-105.5));
#2017 = CARTESIAN_POINT('',(118.12343903909,-105.5));
#2018 = CARTESIAN_POINT('',(117.18679278896,-105.5));
#2019 = CARTESIAN_POINT('',(116.70646152195,-105.5));
#2020 = CARTESIAN_POINT('',(116.22612977366,-105.5));
#2021 = CARTESIAN_POINT('',(115.74579680786,-105.5));
#2022 = CARTESIAN_POINT('',(115.26546312516,-105.5));
#2023 = CARTESIAN_POINT('',(114.78513041962,-105.5));
#2024 = CARTESIAN_POINT('',(114.30480153535,-105.5));
#2025 = CARTESIAN_POINT('',(113.58431510012,-105.5));
#2026 = CARTESIAN_POINT('',(113.34414977712,-105.5));
#2027 = CARTESIAN_POINT('',(113.10398445412,-105.5));
#2028 = CARTESIAN_POINT('',(112.86381913112,-105.5));
#2029 = CARTESIAN_POINT('',(112.62365380812,-105.5));
#2030 = CARTESIAN_POINT('',(112.38348848512,-105.5));
#2031 = CARTESIAN_POINT('',(112.14332316212,-105.5));
#2032 = CARTESIAN_POINT('',(111.63897559089,-105.5));
#2033 = CARTESIAN_POINT('',(111.37479400855,-105.5));
#2034 = CARTESIAN_POINT('',(111.11061289435,-105.5));
#2035 = CARTESIAN_POINT('',(110.84643079297,-105.5));
#2036 = CARTESIAN_POINT('',(110.58224803294,-105.5));
#2037 = CARTESIAN_POINT('',(110.31806612642,-105.5));
#2038 = CARTESIAN_POINT('',(110.05388543342,-105.5));
#2039 = CARTESIAN_POINT('',(109.5495376737,-105.5));
#2040 = CARTESIAN_POINT('',(109.3093723507,-105.5));
#2041 = CARTESIAN_POINT('',(109.0692070277,-105.5));
#2042 = CARTESIAN_POINT('',(108.82904170469,-105.5));
#2043 = CARTESIAN_POINT('',(108.58887638169,-105.5));
#2044 = CARTESIAN_POINT('',(108.34871105869,-105.5));
#2045 = CARTESIAN_POINT('',(108.10854573569,-105.5));
#2046 = CARTESIAN_POINT('',(107.70026380844,-105.5));
#2047 = CARTESIAN_POINT('',(107.53214816623,-105.5));
#2048 = CARTESIAN_POINT('',(107.3640329422,-105.5));
#2049 = CARTESIAN_POINT('',(107.19591774311,-105.5));
#2050 = CARTESIAN_POINT('',(107.02780232639,-105.5));
#2051 = CARTESIAN_POINT('',(106.85968660007,-105.5));
#2052 = CARTESIAN_POINT('',(106.6915706228,-105.5));
#2053 = CARTESIAN_POINT('',(106.23525621628,-105.5));
#2054 = CARTESIAN_POINT('',(105.94705782867,-105.5));
#2055 = CARTESIAN_POINT('',(105.65885944107,-105.5));
#2056 = CARTESIAN_POINT('',(105.37066105347,-105.5));
#2057 = CARTESIAN_POINT('',(105.08246266587,-105.5));
#2058 = CARTESIAN_POINT('',(104.79426427827,-105.5));
#2059 = CARTESIAN_POINT('',(104.50606589067,-105.5));
#2060 = CARTESIAN_POINT('',(103.92966884566,-105.5));
#2061 = CARTESIAN_POINT('',(103.64147186841,-105.5));
#2062 = CARTESIAN_POINT('',(103.35327053357,-105.5));
#2063 = CARTESIAN_POINT('',(103.06507546504,-105.5));
#2064 = CARTESIAN_POINT('',(102.77687476046,-105.5));
#2065 = CARTESIAN_POINT('',(102.48867735067,-105.5));
#2066 = CARTESIAN_POINT('',(102.20047888686,-105.5));
#2067 = CARTESIAN_POINT('',(101.74417777769,-105.5));
#2068 = CARTESIAN_POINT('',(101.57606052939,-105.5));
#2069 = CARTESIAN_POINT('',(101.40793715014,-105.5));
#2070 = CARTESIAN_POINT('',(101.23981369067,-105.5));
#2071 = CARTESIAN_POINT('',(101.07169375966,-105.5));
#2072 = CARTESIAN_POINT('',(100.90357852375,-105.5));
#2073 = CARTESIAN_POINT('',(100.7354667075,-105.5));
#2074 = CARTESIAN_POINT('',(100.30319902209,-105.5));
#2075 = CARTESIAN_POINT('',(100.0386842398,-105.5));
#2076 = CARTESIAN_POINT('',(99.775203379021,-105.5));
#2077 = CARTESIAN_POINT('',(99.510791819942,-105.5));
#2078 = CARTESIAN_POINT('',(99.246033665888,-105.5));
#2079 = CARTESIAN_POINT('',(98.982197320385,-105.5));
#2080 = CARTESIAN_POINT('',(98.718312341777,-105.5));
#2081 = CARTESIAN_POINT('',(98.19586797781,-105.5));
#2082 = CARTESIAN_POINT('',(97.929180527043,-105.5));
#2083 = CARTESIAN_POINT('',(97.634878589597,-105.5));
#2084 = CARTESIAN_POINT('',(97.40290999615,-105.5));
#2085 = CARTESIAN_POINT('',(97.162981501989,-105.5));
#2086 = CARTESIAN_POINT('',(96.855942649463,-105.5));
#2087 = CARTESIAN_POINT('',(96.591798047626,-105.5));
#2088 = CARTESIAN_POINT('',(96.299596306069,-105.5));
#2089 = CARTESIAN_POINT('',(96.271841063251,-105.5));
#2090 = CARTESIAN_POINT('',(96.249304578871,-105.5));
#2091 = CARTESIAN_POINT('',(96.225994927489,-105.5));
#2092 = CARTESIAN_POINT('',(96.197802859511,-105.5));
#2093 = CARTESIAN_POINT('',(96.162501801193,-105.5));
#2094 = CARTESIAN_POINT('',(96.119747854641,-105.5));
#2095 = CARTESIAN_POINT('',(96.068054180971,-105.5));
#2096 = CARTESIAN_POINT('',(96.065019774134,-105.5));
#2097 = CARTESIAN_POINT('',(96.061983678281,-105.5));
#2098 = CARTESIAN_POINT('',(96.058953606037,-105.5));
#2099 = CARTESIAN_POINT('',(96.055937614511,-105.5));
#2100 = CARTESIAN_POINT('',(96.052943477261,-105.5));
#2101 = CARTESIAN_POINT('',(96.049977695406,-105.5));
#2102 = CARTESIAN_POINT('',(95.921009492284,-105.5));
#2103 = CARTESIAN_POINT('',(95.865845451944,-105.5));
#2104 = CARTESIAN_POINT('',(95.749908749712,-105.5));
#2105 = CARTESIAN_POINT('',(95.610385541495,-105.5));
#2106 = CARTESIAN_POINT('',(95.499257006814,-105.5));
#2107 = CARTESIAN_POINT('',(95.411894856043,-105.5));
#2108 = CARTESIAN_POINT('',(95.298286754317,-105.5));
#2109 = CARTESIAN_POINT('',(95.012791243988,-105.5));
#2110 = CARTESIAN_POINT('',(94.868706832128,-105.5));
#2111 = CARTESIAN_POINT('',(94.724617151243,-105.5));
#2112 = CARTESIAN_POINT('',(94.580511683691,-105.5));
#2113 = CARTESIAN_POINT('',(94.43639066948,-105.5));
#2114 = CARTESIAN_POINT('',(94.292265106266,-105.5));
#2115 = CARTESIAN_POINT('',(94.148156749357,-105.5));
#2116 = CARTESIAN_POINT('',(93.768054676656,-105.5));
#2117 = CARTESIAN_POINT('',(93.529527783839,-105.5));
#2118 = CARTESIAN_POINT('',(93.289319036416,-105.5));
#2119 = CARTESIAN_POINT('',(93.047831103842,-105.5));
#2120 = CARTESIAN_POINT('',(92.805716203948,-105.5));
#2121 = CARTESIAN_POINT('',(92.563927524298,-105.5));
#2122 = CARTESIAN_POINT('',(92.323173582819,-105.5));
#2123 = CARTESIAN_POINT('',(91.817810452907,-105.5));
#2124 = CARTESIAN_POINT('',(91.553373272195,-105.5));
#2125 = CARTESIAN_POINT('',(91.289272046843,-105.5));
#2126 = CARTESIAN_POINT('',(91.025423446365,-105.5));
#2127 = CARTESIAN_POINT('',(90.761672774819,-105.5));
#2128 = CARTESIAN_POINT('',(90.497784934745,-105.5));
#2129 = CARTESIAN_POINT('',(90.233596702066,-105.5));
#2130 = CARTESIAN_POINT('',(89.729155362279,-105.5));
#2131 = CARTESIAN_POINT('',(89.488990039277,-105.5));
#2132 = CARTESIAN_POINT('',(89.248824716276,-105.5));
#2133 = CARTESIAN_POINT('',(89.008659393274,-105.5));
#2134 = CARTESIAN_POINT('',(88.768494070273,-105.5));
#2135 = CARTESIAN_POINT('',(88.528328747271,-105.5));
#2136 = CARTESIAN_POINT('',(88.288163424269,-105.5));
#2137 = CARTESIAN_POINT('',(87.879846579044,-105.5));
#2138 = CARTESIAN_POINT('',(87.711705993682,-105.5));
#2139 = CARTESIAN_POINT('',(87.543576331113,-105.5));
#2140 = CARTESIAN_POINT('',(87.375457304768,-105.5));
#2141 = CARTESIAN_POINT('',(87.207348355567,-105.5));
#2142 = CARTESIAN_POINT('',(87.039248651927,-105.5));
#2143 = CARTESIAN_POINT('',(86.871157089756,-105.5));
#2144 = CARTESIAN_POINT('',(86.414857211193,-105.5));
#2145 = CARTESIAN_POINT('',(86.126661799235,-105.5));
#2146 = CARTESIAN_POINT('',(85.83848742579,-105.5));
#2147 = CARTESIAN_POINT('',(85.550295655456,-105.5));
#2148 = CARTESIAN_POINT('',(85.26214606903,-105.5));
#2149 = CARTESIAN_POINT('',(84.973926323418,-105.5));
#2150 = CARTESIAN_POINT('',(84.685711683053,-105.5));
#2151 = CARTESIAN_POINT('',(84.109286804042,-105.5));
#2152 = CARTESIAN_POINT('',(83.82108841644,-105.5));
#2153 = CARTESIAN_POINT('',(83.532890028838,-105.5));
#2154 = CARTESIAN_POINT('',(83.244691641236,-105.5));
#2155 = CARTESIAN_POINT('',(82.956493253635,-105.5));
#2156 = CARTESIAN_POINT('',(82.668294866033,-105.5));
#2157 = CARTESIAN_POINT('',(82.380096478431,-105.5));
#2158 = CARTESIAN_POINT('',(81.923783403361,-105.5));
#2159 = CARTESIAN_POINT('',(81.755668103283,-105.5));
#2160 = CARTESIAN_POINT('',(81.587552328564,-105.5));
#2161 = CARTESIAN_POINT('',(81.419436233141,-105.5));
#2162 = CARTESIAN_POINT('',(81.25131998692,-105.5));
#2163 = CARTESIAN_POINT('',(81.083203775772,-105.5));
#2164 = CARTESIAN_POINT('',(80.915087801536,-105.5));
#2165 = CARTESIAN_POINT('',(80.482790426718,-105.5));
#2166 = CARTESIAN_POINT('',(80.218608571417,-105.5));
#2167 = CARTESIAN_POINT('',(79.954426716115,-105.5));
#2168 = CARTESIAN_POINT('',(79.690244860813,-105.5));
#2169 = CARTESIAN_POINT('',(79.426063005511,-105.5));
#2170 = CARTESIAN_POINT('',(79.16188115021,-105.5));
#2171 = CARTESIAN_POINT('',(78.897699294908,-105.5));
#2172 = CARTESIAN_POINT('',(78.345318425438,-105.5));
#2173 = CARTESIAN_POINT('',(78.057121573537,-105.5));
#2174 = CARTESIAN_POINT('',(77.768922203701,-105.5));
#2175 = CARTESIAN_POINT('',(77.48072349513,-105.5));
#2176 = CARTESIAN_POINT('',(77.192525563289,-105.5));
#2177 = CARTESIAN_POINT('',(76.90432703613,-105.5));
#2178 = CARTESIAN_POINT('',(76.616128894149,-105.5));
#2179 = CARTESIAN_POINT('',(75.823583492773,-105.5));
#2180 = CARTESIAN_POINT('',(75.31923740425,-105.5));
#2181 = CARTESIAN_POINT('',(74.814890902572,-105.5));
#2182 = CARTESIAN_POINT('',(74.31054817597,-105.5));
#2183 = CARTESIAN_POINT('',(73.8061964394,-105.5));
#2184 = CARTESIAN_POINT('',(73.301850011505,-105.5));
#2185 = CARTESIAN_POINT('',(72.797501559998,-105.5));
#2186 = CARTESIAN_POINT('',(72.052987588247,-105.5));
#2187 = CARTESIAN_POINT('',(71.812822279348,-105.5));
#2188 = CARTESIAN_POINT('',(71.572656950766,-105.5));
#2189 = CARTESIAN_POINT('',(71.332491609054,-105.5));
#2190 = CARTESIAN_POINT('',(71.092326277855,-105.5));
#2191 = CARTESIAN_POINT('',(70.85216097353,-105.5));
#2192 = CARTESIAN_POINT('',(70.611995680796,-105.5));
#2193 = CARTESIAN_POINT('',(69.987564435789,-105.5));
#2194 = CARTESIAN_POINT('',(69.603301063069,-105.5));
#2195 = CARTESIAN_POINT('',(69.219038100372,-105.5));
#2196 = CARTESIAN_POINT('',(68.834774275025,-105.5));
#2197 = CARTESIAN_POINT('',(68.450509151504,-105.5));
#2198 = CARTESIAN_POINT('',(68.066243131439,-105.5));
#2199 = CARTESIAN_POINT('',(67.681977453606,-105.5));
#2200 = CARTESIAN_POINT('',(67.105581665938,-105.5));
#2201 = CARTESIAN_POINT('',(66.913449491224,-105.5));
#2202 = CARTESIAN_POINT('',(66.721317421725,-105.5));
#2203 = CARTESIAN_POINT('',(66.529185297327,-105.5));
#2204 = CARTESIAN_POINT('',(66.337053045866,-105.5));
#2205 = CARTESIAN_POINT('',(66.144920683128,-105.5));
#2206 = CARTESIAN_POINT('',(65.952788312851,-105.5));
#2207 = CARTESIAN_POINT('',(65.568523868321,-105.5));
#2208 = CARTESIAN_POINT('',(65.376391609919,-105.5));
#2209 = CARTESIAN_POINT('',(65.184259351518,-105.5));
#2210 = CARTESIAN_POINT('',(64.992127093117,-105.5));
#2211 = CARTESIAN_POINT('',(64.799994834716,-105.5));
#2212 = CARTESIAN_POINT('',(64.607862576314,-105.5));
#2213 = CARTESIAN_POINT('',(64.415730317913,-105.5));
#2214 = CARTESIAN_POINT('',(64.079498865711,-105.5));
#2215 = CARTESIAN_POINT('',(63.93539967191,-105.5));
#2216 = CARTESIAN_POINT('',(63.791300478109,-105.5));
#2217 = CARTESIAN_POINT('',(63.647201284308,-105.5));
#2218 = CARTESIAN_POINT('',(63.503102090507,-105.5));
#2219 = CARTESIAN_POINT('',(63.359002896706,-105.5));
#2220 = CARTESIAN_POINT('',(63.214903702905,-105.5));
#2221 = CARTESIAN_POINT('',(62.782608660804,-105.5));
#2222 = CARTESIAN_POINT('',(62.494407872729,-105.5));
#2223 = CARTESIAN_POINT('',(62.206201411424,-105.5));
#2224 = CARTESIAN_POINT('',(61.918018693426,-105.5));
#2225 = CARTESIAN_POINT('',(61.629810489005,-105.5));
#2226 = CARTESIAN_POINT('',(61.34161526458,-105.5));
#2227 = CARTESIAN_POINT('',(61.053414598371,-105.5));
#2228 = CARTESIAN_POINT('',(60.549068617588,-105.5));
#2229 = CARTESIAN_POINT('',(60.332919826886,-105.5));
#2230 = CARTESIAN_POINT('',(60.116771036185,-105.5));
#2231 = CARTESIAN_POINT('',(59.900622245483,-105.5));
#2232 = CARTESIAN_POINT('',(59.684473454782,-105.5));
#2233 = CARTESIAN_POINT('',(59.468324664081,-105.5));
#2234 = CARTESIAN_POINT('',(59.252175873379,-105.5));
#2235 = CARTESIAN_POINT('',(58.867897232127,-105.5));
#2236 = CARTESIAN_POINT('',(58.699771641713,-105.5));
#2237 = CARTESIAN_POINT('',(58.531650938157,-105.5));
#2238 = CARTESIAN_POINT('',(58.363535156971,-105.5));
#2239 = CARTESIAN_POINT('',(58.195423742458,-105.5));
#2240 = CARTESIAN_POINT('',(58.027315547714,-105.5));
#2241 = CARTESIAN_POINT('',(57.859208834625,-105.5));
#2242 = CARTESIAN_POINT('',(57.450935950867,-105.5));
#2243 = CARTESIAN_POINT('',(57.210770627866,-105.5));
#2244 = CARTESIAN_POINT('',(56.970605304864,-105.5));
#2245 = CARTESIAN_POINT('',(56.730439981862,-105.5));
#2246 = CARTESIAN_POINT('',(56.490274658861,-105.5));
#2247 = CARTESIAN_POINT('',(56.250109335859,-105.5));
#2248 = CARTESIAN_POINT('',(56.009944012858,-105.5));
#2249 = CARTESIAN_POINT('',(55.505599243669,-105.5));
#2250 = CARTESIAN_POINT('',(55.24142054393,-105.5));
#2251 = CARTESIAN_POINT('',(54.97722030856,-105.5));
#2252 = CARTESIAN_POINT('',(54.713048886879,-105.5));
#2253 = CARTESIAN_POINT('',(54.448882108446,-105.5));
#2254 = CARTESIAN_POINT('',(54.184686955679,-105.5));
#2255 = CARTESIAN_POINT('',(53.920500663279,-105.5));
#2256 = CARTESIAN_POINT('',(53.39214199214,-105.5));
#2257 = CARTESIAN_POINT('',(53.127960136839,-105.5));
#2258 = CARTESIAN_POINT('',(52.863778281537,-105.5));
#2259 = CARTESIAN_POINT('',(52.599596426235,-105.5));
#2260 = CARTESIAN_POINT('',(52.335414570934,-105.5));
#2261 = CARTESIAN_POINT('',(52.071232715632,-105.5));
#2262 = CARTESIAN_POINT('',(51.80705086033,-105.5));
#2263 = CARTESIAN_POINT('',(51.134539163128,-105.5));
#2264 = CARTESIAN_POINT('',(50.726283516211,-105.5));
#2265 = CARTESIAN_POINT('',(50.318045222218,-105.5));
#2266 = CARTESIAN_POINT('',(49.909788798482,-105.5));
#2267 = CARTESIAN_POINT('',(49.501500137459,-105.5));
#2268 = CARTESIAN_POINT('',(49.093186522447,-105.5));
#2269 = CARTESIAN_POINT('',(48.68487664331,-105.5));
#2270 = CARTESIAN_POINT('',(48.084463393035,-105.5));
#2271 = CARTESIAN_POINT('',(47.892320407922,-105.5));
#2272 = CARTESIAN_POINT('',(47.700187321241,-105.5));
#2273 = CARTESIAN_POINT('',(47.508060424902,-105.5));
#2274 = CARTESIAN_POINT('',(47.315936638353,-105.5));
#2275 = CARTESIAN_POINT('',(47.12381350858,-105.5));
#2276 = CARTESIAN_POINT('',(46.931689210107,-105.5));
#2277 = CARTESIAN_POINT('',(46.523413773331,-105.5));
#2278 = CARTESIAN_POINT('',(46.307265086511,-105.5));
#2279 = CARTESIAN_POINT('',(46.091116216606,-105.5));
#2280 = CARTESIAN_POINT('',(45.874967247731,-105.5));
#2281 = CARTESIAN_POINT('',(45.658818398773,-105.5));
#2282 = CARTESIAN_POINT('',(45.442669806133,-105.5));
#2283 = CARTESIAN_POINT('',(45.22652130646,-105.5));
#2284 = CARTESIAN_POINT('',(44.818239960984,-105.5));
#2285 = CARTESIAN_POINT('',(44.626107702583,-105.5));
#2286 = CARTESIAN_POINT('',(44.433975444181,-105.5));
#2287 = CARTESIAN_POINT('',(44.24184318578,-105.5));
#2288 = CARTESIAN_POINT('',(44.049710927379,-105.5));
#2289 = CARTESIAN_POINT('',(43.857578668978,-105.5));
#2290 = CARTESIAN_POINT('',(43.665446410576,-105.5));
#2291 = CARTESIAN_POINT('',(43.281181924143,-105.5));
#2292 = CARTESIAN_POINT('',(43.089049665343,-105.5));
#2293 = CARTESIAN_POINT('',(42.896917391082,-105.5));
#2294 = CARTESIAN_POINT('',(42.704785113259,-105.5));
#2295 = CARTESIAN_POINT('',(42.512652840362,-105.5));
#2296 = CARTESIAN_POINT('',(42.320520577469,-105.5));
#2297 = CARTESIAN_POINT('',(42.128388326251,-105.5));
#2298 = CARTESIAN_POINT('',(41.672074229663,-105.5));
#2299 = CARTESIAN_POINT('',(41.407892374362,-105.5));
#2300 = CARTESIAN_POINT('',(41.14371051906,-105.5));
#2301 = CARTESIAN_POINT('',(40.879528663758,-105.5));
#2302 = CARTESIAN_POINT('',(40.615346808456,-105.5));
#2303 = CARTESIAN_POINT('',(40.351164953155,-105.5));
#2304 = CARTESIAN_POINT('',(40.086983097853,-105.5));
#2305 = CARTESIAN_POINT('',(39.558619705874,-105.5));
#2306 = CARTESIAN_POINT('',(39.294433476936,-105.5));
#2307 = CARTESIAN_POINT('',(39.030259345054,-105.5));
#2308 = CARTESIAN_POINT('',(38.766076974257,-105.5));
#2309 = CARTESIAN_POINT('',(38.501888787772,-105.5));
#2310 = CARTESIAN_POINT('',(38.237707962041,-105.5));
#2311 = CARTESIAN_POINT('',(37.973530380852,-105.5));
#2312 = CARTESIAN_POINT('',(37.493197609436,-105.5));
#2313 = CARTESIAN_POINT('',(37.277048818734,-105.5));
#2314 = CARTESIAN_POINT('',(37.060900028033,-105.5));
#2315 = CARTESIAN_POINT('',(36.844751237331,-105.5));
#2316 = CARTESIAN_POINT('',(36.62860244663,-105.5));
#2317 = CARTESIAN_POINT('',(36.412453655929,-105.5));
#2318 = CARTESIAN_POINT('',(36.196304865227,-105.5));
#2319 = CARTESIAN_POINT('',(35.667958199222,-105.5));
#2320 = CARTESIAN_POINT('',(35.35575276165,-105.5));
#2321 = CARTESIAN_POINT('',(35.043523666126,-105.5));
#2322 = CARTESIAN_POINT('',(34.73131128793,-105.5));
#2323 = CARTESIAN_POINT('',(34.419083117421,-105.5));
#2324 = CARTESIAN_POINT('',(34.106867939724,-105.5));
#2325 = CARTESIAN_POINT('',(33.794651730682,-105.5));
#2326 = CARTESIAN_POINT('',(33.146212734645,-105.5));
#2327 = CARTESIAN_POINT('',(32.809989134777,-105.5));
#2328 = CARTESIAN_POINT('',(32.473772186707,-105.5));
#2329 = CARTESIAN_POINT('',(32.137528661273,-105.5));
#2330 = CARTESIAN_POINT('',(31.801297810058,-105.5));
#2331 = CARTESIAN_POINT('',(31.46505956992,-105.5));
#2332 = CARTESIAN_POINT('',(31.128822614703,-105.5));
#2333 = CARTESIAN_POINT('',(30.600452827994,-105.5));
#2334 = CARTESIAN_POINT('',(30.408320502646,-105.5));
#2335 = CARTESIAN_POINT('',(30.216188209863,-105.5));
#2336 = CARTESIAN_POINT('',(30.024055990841,-105.5));
#2337 = CARTESIAN_POINT('',(29.831923839751,-105.5));
#2338 = CARTESIAN_POINT('',(29.639791703746,-105.5));
#2339 = CARTESIAN_POINT('',(29.447659482954,-105.5));
#2340 = CARTESIAN_POINT('',(28.943313773094,-105.5));
#2341 = CARTESIAN_POINT('',(28.631103124738,-105.5));
#2342 = CARTESIAN_POINT('',(28.318891948229,-105.5));
#2343 = CARTESIAN_POINT('',(28.006678382335,-105.5));
#2344 = CARTESIAN_POINT('',(27.694461842002,-105.5));
#2345 = CARTESIAN_POINT('',(27.382243018582,-105.5));
#2346 = CARTESIAN_POINT('',(27.070023880056,-105.5));
#2347 = CARTESIAN_POINT('',(26.613708531784,-105.5));
#2348 = CARTESIAN_POINT('',(26.469609444164,-105.5));
#2349 = CARTESIAN_POINT('',(26.325510286227,-105.5));
#2350 = CARTESIAN_POINT('',(26.181411006589,-105.5));
#2351 = CARTESIAN_POINT('',(26.037311624649,-105.5));
#2352 = CARTESIAN_POINT('',(25.893212230597,-105.5));
#2353 = CARTESIAN_POINT('',(25.749112985411,-105.5));
#2354 = CARTESIAN_POINT('',(25.436898394756,-105.5));
#2355 = CARTESIAN_POINT('',(25.268782668655,-105.5));
#2356 = CARTESIAN_POINT('',(25.100666942554,-105.5));
#2357 = CARTESIAN_POINT('',(24.932551216453,-105.5));
#2358 = CARTESIAN_POINT('',(24.764435490352,-105.5));
#2359 = CARTESIAN_POINT('',(24.596319764251,-105.5));
#2360 = CARTESIAN_POINT('',(24.42820403815,-105.5));
#2361 = CARTESIAN_POINT('',(24.115989135616,-105.5));
#2362 = CARTESIAN_POINT('',(23.971889860881,-105.5));
#2363 = CARTESIAN_POINT('',(23.827790609509,-105.5));
#2364 = CARTESIAN_POINT('',(23.683691443168,-105.5));
#2365 = CARTESIAN_POINT('',(23.539592363532,-105.5));
#2366 = CARTESIAN_POINT('',(23.395493312278,-105.5));
#2367 = CARTESIAN_POINT('',(23.251394171086,-105.5));
#2368 = CARTESIAN_POINT('',(22.867129438639,-105.5));
#2369 = CARTESIAN_POINT('',(22.626964115638,-105.5));
#2370 = CARTESIAN_POINT('',(22.386798792636,-105.5));
#2371 = CARTESIAN_POINT('',(22.146633469635,-105.5));
#2372 = CARTESIAN_POINT('',(21.906468146633,-105.5));
#2373 = CARTESIAN_POINT('',(21.666302823631,-105.5));
#2374 = CARTESIAN_POINT('',(21.42613750063,-105.5));
#2375 = CARTESIAN_POINT('',(20.94580665549,-105.5));
#2376 = CARTESIAN_POINT('',(20.705642382092,-105.5));
#2377 = CARTESIAN_POINT('',(20.465475867566,-105.5));
#2378 = CARTESIAN_POINT('',(20.225309891731,-105.5));
#2379 = CARTESIAN_POINT('',(19.985145828628,-105.5));
#2380 = CARTESIAN_POINT('',(19.744981435657,-105.5));
#2381 = CARTESIAN_POINT('',(19.504814107328,-105.5));
#2382 = CARTESIAN_POINT('',(19.072517335214,-105.5));
#2383 = CARTESIAN_POINT('',(18.880385076813,-105.5));
#2384 = CARTESIAN_POINT('',(18.688252818412,-105.5));
#2385 = CARTESIAN_POINT('',(18.496120560011,-105.5));
#2386 = CARTESIAN_POINT('',(18.303988301609,-105.5));
#2387 = CARTESIAN_POINT('',(18.111856043208,-105.5));
#2388 = CARTESIAN_POINT('',(17.919723784807,-105.5));
#2389 = CARTESIAN_POINT('',(17.559479139535,-105.5));
#2390 = CARTESIAN_POINT('',(17.391365426516,-105.5));
#2391 = CARTESIAN_POINT('',(17.223250408944,-105.5));
#2392 = CARTESIAN_POINT('',(17.055134239971,-105.5));
#2393 = CARTESIAN_POINT('',(16.887017204304,-105.5));
#2394 = CARTESIAN_POINT('',(16.718899718211,-105.5));
#2395 = CARTESIAN_POINT('',(16.550782329515,-105.5));
#2396 = CARTESIAN_POINT('',(16.094474842961,-105.5));
#2397 = CARTESIAN_POINT('',(15.80628415584,-105.5));
#2398 = CARTESIAN_POINT('',(15.51809215385,-105.5));
#2399 = CARTESIAN_POINT('',(15.229903141095,-105.5));
#2400 = CARTESIAN_POINT('',(14.941704121198,-105.5));
#2401 = CARTESIAN_POINT('',(14.65351112727,-105.5));
#2402 = CARTESIAN_POINT('',(14.365297500997,-105.5));
#2403 = CARTESIAN_POINT('',(13.86092982608,-105.5));
#2404 = CARTESIAN_POINT('',(13.644781035379,-105.5));
#2405 = CARTESIAN_POINT('',(13.428632244677,-105.5));
#2406 = CARTESIAN_POINT('',(13.212483453976,-105.5));
#2407 = CARTESIAN_POINT('',(12.996334663274,-105.5));
#2408 = CARTESIAN_POINT('',(12.780185872573,-105.5));
#2409 = CARTESIAN_POINT('',(12.564037081872,-105.5));
#2410 = CARTESIAN_POINT('',(12.1797730818,-105.5));
#2411 = CARTESIAN_POINT('',(12.011657147721,-105.5));
#2412 = CARTESIAN_POINT('',(11.843541030928,-105.5));
#2413 = CARTESIAN_POINT('',(11.67542507065,-105.5));
#2414 = CARTESIAN_POINT('',(11.507309403345,-105.5));
#2415 = CARTESIAN_POINT('',(11.339193962707,-105.5));
#2416 = CARTESIAN_POINT('',(11.17107847966,-105.5));
#2417 = CARTESIAN_POINT('',(10.738780634468,-105.5));
#2418 = CARTESIAN_POINT('',(10.474598883656,-105.5));
#2419 = CARTESIAN_POINT('',(10.210416814234,-105.5));
#2420 = CARTESIAN_POINT('',(9.946234910562,-105.5));
#2421 = CARTESIAN_POINT('',(9.682053320514,-105.5));
#2422 = CARTESIAN_POINT('',(9.417871574069,-105.5));
#2423 = CARTESIAN_POINT('',(9.153689257041,-105.5));
#2424 = CARTESIAN_POINT('',(8.601309252345,-105.5));
#2425 = CARTESIAN_POINT('',(8.313110864744,-105.5));
#2426 = CARTESIAN_POINT('',(8.024912477142,-105.5));
#2427 = CARTESIAN_POINT('',(7.73671408954,-105.5));
#2428 = CARTESIAN_POINT('',(7.448515701938,-105.5));
#2429 = CARTESIAN_POINT('',(7.160317314336,-105.5));
#2430 = CARTESIAN_POINT('',(6.872118926734,-105.5));
#2431 = CARTESIAN_POINT('',(6.391788278522,-105.5));
#2432 = CARTESIAN_POINT('',(6.199656017031,-105.5));
#2433 = CARTESIAN_POINT('',(6.007523757835,-105.5));
#2434 = CARTESIAN_POINT('',(5.815391502175,-105.5));
#2435 = CARTESIAN_POINT('',(5.623259249354,-105.5));
#2436 = CARTESIAN_POINT('',(5.43112699674,-105.5));
#2437 = CARTESIAN_POINT('',(5.238994739765,-105.5));
#2438 = CARTESIAN_POINT('',(4.902762148367,-105.5));
#2439 = CARTESIAN_POINT('',(4.758663224928,-105.5));
#2440 = CARTESIAN_POINT('',(4.614564774768,-105.5));
#2441 = CARTESIAN_POINT('',(4.470466181587,-105.5));
#2442 = CARTESIAN_POINT('',(4.326367139624,-105.5));
#2443 = CARTESIAN_POINT('',(4.182267653658,-105.5));
#2444 = CARTESIAN_POINT('',(4.038168039003,-105.5));
#2445 = CARTESIAN_POINT('',(3.653900721846,-105.5));
#2446 = CARTESIAN_POINT('',(3.413737553661,-105.5));
#2447 = CARTESIAN_POINT('',(3.173575688868,-105.5));
#2448 = CARTESIAN_POINT('',(2.933410299528,-105.5));
#2449 = CARTESIAN_POINT('',(2.693241459837,-105.5));
#2450 = CARTESIAN_POINT('',(2.453074140366,-105.5));
#2451 = CARTESIAN_POINT('',(2.212912194563,-105.5));
#2452 = CARTESIAN_POINT('',(1.726125262258,-105.5));
#2453 = CARTESIAN_POINT('',(1.479651514116,-105.5));
#2454 = CARTESIAN_POINT('',(1.232918033968,-105.5));
#2455 = CARTESIAN_POINT('',(0.986328557995,-105.5));
#2456 = CARTESIAN_POINT('',(0.739953565625,-105.5));
#2457 = CARTESIAN_POINT('',(0.49349043431,-105.5));
#2458 = CARTESIAN_POINT('',(0.246738534728,-105.5));
#2459 = CARTESIAN_POINT('',(0.,-105.5));
#2460 = ( GEOMETRIC_REPRESENTATION_CONTEXT(2) 
PARAMETRIC_REPRESENTATION_CONTEXT() REPRESENTATION_CONTEXT('2D SPACE',''
  ) );
#2461 = ADVANCED_FACE('',(#2462,#2773,#2804,#2835,#3073,#3311,#3342,
    #3373),#62,.T.);
#2462 = FACE_BOUND('',#2463,.T.);
#2463 = EDGE_LOOP('',(#2464,#2465,#2489,#2517,#2545,#2573,#2601,#2629,
    #2658,#2686,#2719,#2747));
#2464 = ORIENTED_EDGE('',*,*,#39,.F.);
#2465 = ORIENTED_EDGE('',*,*,#2466,.T.);
#2466 = EDGE_CURVE('',#40,#2467,#2469,.T.);
#2467 = VERTEX_POINT('',#2468);
#2468 = CARTESIAN_POINT('',(-102.5,-8.,95.));
#2469 = SURFACE_CURVE('',#2470,(#2475,#2482),.PCURVE_S1.);
#2470 = CIRCLE('',#2471,3.);
#2471 = AXIS2_PLACEMENT_3D('',#2472,#2473,#2474);
#2472 = CARTESIAN_POINT('',(-102.5,-5.,95.));
#2473 = DIRECTION('',(0.,0.,1.));
#2474 = DIRECTION('',(0.,-1.,0.));
#2475 = PCURVE('',#62,#2476);
#2476 = DEFINITIONAL_REPRESENTATION('',(#2477),#2481);
#2477 = CIRCLE('',#2478,3.);
#2478 = AXIS2_PLACEMENT_2D('',#2479,#2480);
#2479 = CARTESIAN_POINT('',(3.,3.));
#2480 = DIRECTION('',(0.,-1.));
#2481 = ( GEOMETRIC_REPRESENTATION_CONTEXT(2) 
PARAMETRIC_REPRESENTATION_CONTEXT() REPRESENTATION_CONTEXT('2D SPACE',''
  ) );
#2482 = PCURVE('',#90,#2483);
#2483 = DEFINITIONAL_REPRESENTATION('',(#2484),#2488);
#2484 = LINE('',#2485,#2486);
#2485 = CARTESIAN_POINT('',(-4.712388980385,95.));
#2486 = VECTOR('',#2487,1.);
#2487 = DIRECTION('',(1.,0.));
#2488 = ( GEOMETRIC_REPRESENTATION_CONTEXT(2) 
PARAMETRIC_REPRESENTATION_CONTEXT() REPRESENTATION_CONTEXT('2D SPACE',''
  ) );
#2489 = ORIENTED_EDGE('',*,*,#2490,.T.);
#2490 = EDGE_CURVE('',#2467,#2491,#2493,.T.);
#2491 = VERTEX_POINT('',#2492);
#2492 = CARTESIAN_POINT('',(-100.5,-8.,95.));
#2493 = SURFACE_CURVE('',#2494,(#2498,#2505),.PCURVE_S1.);
#2494 = LINE('',#2495,#2496);
#2495 = CARTESIAN_POINT('',(-105.5,-8.,95.));
#2496 = VECTOR('',#2497,1.);
#2497 = DIRECTION('',(1.,0.,0.));
#2498 = PCURVE('',#62,#2499);
#2499 = DEFINITIONAL_REPRESENTATION('',(#2500),#2504);
#2500 = LINE('',#2501,#2502);
#2501 = CARTESIAN_POINT('',(0.,0.));
#2502 = VECTOR('',#2503,1.);
#2503 = DIRECTION('',(1.,0.));
#2504 = ( GEOMETRIC_REPRESENTATION_CONTEXT(2) 
PARAMETRIC_REPRESENTATION_CONTEXT() REPRESENTATION_CONTEXT('2D SPACE',''
  ) );
#2505 = PCURVE('',#2506,#2511);
#2506 = PLANE('',#2507);
#2507 = AXIS2_PLACEMENT_3D('',#2508,#2509,#2510);
#2508 = CARTESIAN_POINT('',(-105.5,-8.,0.));
#2509 = DIRECTION('',(0.,1.,0.));
#2510 = DIRECTION('',(0.,0.,1.));
#2511 = DEFINITIONAL_REPRESENTATION('',(#2512),#2516);
#2512 = LINE('',#2513,#2514);
#2513 = CARTESIAN_POINT('',(95.,0.));
#2514 = VECTOR('',#2515,1.);
#2515 = DIRECTION('',(0.,1.));
#2516 = ( GEOMETRIC_REPRESENTATION_CONTEXT(2) 
PARAMETRIC_REPRESENTATION_CONTEXT() REPRESENTATION_CONTEXT('2D SPACE',''
  ) );
#2517 = ORIENTED_EDGE('',*,*,#2518,.T.);
#2518 = EDGE_CURVE('',#2491,#2519,#2521,.T.);
#2519 = VERTEX_POINT('',#2520);
#2520 = CARTESIAN_POINT('',(-100.5,25.,95.));
#2521 = SURFACE_CURVE('',#2522,(#2526,#2533),.PCURVE_S1.);
#2522 = LINE('',#2523,#2524);
#2523 = CARTESIAN_POINT('',(-100.5,-8.,95.));
#2524 = VECTOR('',#2525,1.);
#2525 = DIRECTION('',(0.,1.,0.));
#2526 = PCURVE('',#62,#2527);
#2527 = DEFINITIONAL_REPRESENTATION('',(#2528),#2532);
#2528 = LINE('',#2529,#2530);
#2529 = CARTESIAN_POINT('',(5.,0.));
#2530 = VECTOR('',#2531,1.);
#2531 = DIRECTION('',(0.,1.));
#2532 = ( GEOMETRIC_REPRESENTATION_CONTEXT(2) 
PARAMETRIC_REPRESENTATION_CONTEXT() REPRESENTATION_CONTEXT('2D SPACE',''
  ) );
#2533 = PCURVE('',#2534,#2539);
#2534 = PLANE('',#2535);
#2535 = AXIS2_PLACEMENT_3D('',#2536,#2537,#2538);
#2536 = CARTESIAN_POINT('',(-100.5,-8.,0.));
#2537 = DIRECTION('',(1.,0.,0.));
#2538 = DIRECTION('',(0.,0.,1.));
#2539 = DEFINITIONAL_REPRESENTATION('',(#2540),#2544);
#2540 = LINE('',#2541,#2542);
#2541 = CARTESIAN_POINT('',(95.,0.));
#2542 = VECTOR('',#2543,1.);
#2543 = DIRECTION('',(0.,-1.));
#2544 = ( GEOMETRIC_REPRESENTATION_CONTEXT(2) 
PARAMETRIC_REPRESENTATION_CONTEXT() REPRESENTATION_CONTEXT('2D SPACE',''
  ) );
#2545 = ORIENTED_EDGE('',*,*,#2546,.T.);
#2546 = EDGE_CURVE('',#2519,#2547,#2549,.T.);
#2547 = VERTEX_POINT('',#2548);
#2548 = CARTESIAN_POINT('',(100.5,25.,95.));
#2549 = SURFACE_CURVE('',#2550,(#2554,#2561),.PCURVE_S1.);
#2550 = LINE('',#2551,#2552);
#2551 = CARTESIAN_POINT('',(-105.5,25.,95.));
#2552 = VECTOR('',#2553,1.);
#2553 = DIRECTION('',(1.,0.,0.));
#2554 = PCURVE('',#62,#2555);
#2555 = DEFINITIONAL_REPRESENTATION('',(#2556),#2560);
#2556 = LINE('',#2557,#2558);
#2557 = CARTESIAN_POINT('',(0.,33.));
#2558 = VECTOR('',#2559,1.);
#2559 = DIRECTION('',(1.,0.));
#2560 = ( GEOMETRIC_REPRESENTATION_CONTEXT(2) 
PARAMETRIC_REPRESENTATION_CONTEXT() REPRESENTATION_CONTEXT('2D SPACE',''
  ) );
#2561 = PCURVE('',#2562,#2567);
#2562 = PLANE('',#2563);
#2563 = AXIS2_PLACEMENT_3D('',#2564,#2565,#2566);
#2564 = CARTESIAN_POINT('',(-105.5,25.,91.));
#2565 = DIRECTION('',(0.,1.,0.));
#2566 = DIRECTION('',(0.,0.,1.));
#2567 = DEFINITIONAL_REPRESENTATION('',(#2568),#2572);
#2568 = LINE('',#2569,#2570);
#2569 = CARTESIAN_POINT('',(4.,0.));
#2570 = VECTOR('',#2571,1.);
#2571 = DIRECTION('',(0.,1.));
#2572 = ( GEOMETRIC_REPRESENTATION_CONTEXT(2) 
PARAMETRIC_REPRESENTATION_CONTEXT() REPRESENTATION_CONTEXT('2D SPACE',''
  ) );
#2573 = ORIENTED_EDGE('',*,*,#2574,.F.);
#2574 = EDGE_CURVE('',#2575,#2547,#2577,.T.);
#2575 = VERTEX_POINT('',#2576);
#2576 = CARTESIAN_POINT('',(100.5,-8.,95.));
#2577 = SURFACE_CURVE('',#2578,(#2582,#2589),.PCURVE_S1.);
#2578 = LINE('',#2579,#2580);
#2579 = CARTESIAN_POINT('',(100.5,-8.,95.));
#2580 = VECTOR('',#2581,1.);
#2581 = DIRECTION('',(0.,1.,0.));
#2582 = PCURVE('',#62,#2583);
#2583 = DEFINITIONAL_REPRESENTATION('',(#2584),#2588);
#2584 = LINE('',#2585,#2586);
#2585 = CARTESIAN_POINT('',(206.,0.));
#2586 = VECTOR('',#2587,1.);
#2587 = DIRECTION('',(0.,1.));
#2588 = ( GEOMETRIC_REPRESENTATION_CONTEXT(2) 
PARAMETRIC_REPRESENTATION_CONTEXT() REPRESENTATION_CONTEXT('2D SPACE',''
  ) );
#2589 = PCURVE('',#2590,#2595);
#2590 = PLANE('',#2591);
#2591 = AXIS2_PLACEMENT_3D('',#2592,#2593,#2594);
#2592 = CARTESIAN_POINT('',(100.5,-8.,0.));
#2593 = DIRECTION('',(1.,0.,0.));
#2594 = DIRECTION('',(0.,0.,1.));
#2595 = DEFINITIONAL_REPRESENTATION('',(#2596),#2600);
#2596 = LINE('',#2597,#2598);
#2597 = CARTESIAN_POINT('',(95.,0.));
#2598 = VECTOR('',#2599,1.);
#2599 = DIRECTION('',(0.,-1.));
#2600 = ( GEOMETRIC_REPRESENTATION_CONTEXT(2) 
PARAMETRIC_REPRESENTATION_CONTEXT() REPRESENTATION_CONTEXT('2D SPACE',''
  ) );
#2601 = ORIENTED_EDGE('',*,*,#2602,.T.);
#2602 = EDGE_CURVE('',#2575,#2603,#2605,.T.);
#2603 = VERTEX_POINT('',#2604);
#2604 = CARTESIAN_POINT('',(102.5,-8.,95.));
#2605 = SURFACE_CURVE('',#2606,(#2610,#2617),.PCURVE_S1.);
#2606 = LINE('',#2607,#2608);
#2607 = CARTESIAN_POINT('',(100.5,-8.,95.));
#2608 = VECTOR('',#2609,1.);
#2609 = DIRECTION('',(1.,0.,0.));
#2610 = PCURVE('',#62,#2611);
#2611 = DEFINITIONAL_REPRESENTATION('',(#2612),#2616);
#2612 = LINE('',#2613,#2614);
#2613 = CARTESIAN_POINT('',(206.,0.));
#2614 = VECTOR('',#2615,1.);
#2615 = DIRECTION('',(1.,0.));
#2616 = ( GEOMETRIC_REPRESENTATION_CONTEXT(2) 
PARAMETRIC_REPRESENTATION_CONTEXT() REPRESENTATION_CONTEXT('2D SPACE',''
  ) );
#2617 = PCURVE('',#2618,#2623);
#2618 = PLANE('',#2619);
#2619 = AXIS2_PLACEMENT_3D('',#2620,#2621,#2622);
#2620 = CARTESIAN_POINT('',(100.5,-8.,0.));
#2621 = DIRECTION('',(0.,1.,0.));
#2622 = DIRECTION('',(0.,0.,1.));
#2623 = DEFINITIONAL_REPRESENTATION('',(#2624),#2628);
#2624 = LINE('',#2625,#2626);
#2625 = CARTESIAN_POINT('',(95.,0.));
#2626 = VECTOR('',#2627,1.);
#2627 = DIRECTION('',(0.,1.));
#2628 = ( GEOMETRIC_REPRESENTATION_CONTEXT(2) 
PARAMETRIC_REPRESENTATION_CONTEXT() REPRESENTATION_CONTEXT('2D SPACE',''
  ) );
#2629 = ORIENTED_EDGE('',*,*,#2630,.T.);
#2630 = EDGE_CURVE('',#2603,#2631,#2633,.T.);
#2631 = VERTEX_POINT('',#2632);
#2632 = CARTESIAN_POINT('',(105.5,-5.,95.));
#2633 = SURFACE_CURVE('',#2634,(#2639,#2646),.PCURVE_S1.);
#2634 = CIRCLE('',#2635,3.);
#2635 = AXIS2_PLACEMENT_3D('',#2636,#2637,#2638);
#2636 = CARTESIAN_POINT('',(102.5,-5.,95.));
#2637 = DIRECTION('',(0.,0.,1.));
#2638 = DIRECTION('',(0.,-1.,0.));
#2639 = PCURVE('',#62,#2640);
#2640 = DEFINITIONAL_REPRESENTATION('',(#2641),#2645);
#2641 = CIRCLE('',#2642,3.);
#2642 = AXIS2_PLACEMENT_2D('',#2643,#2644);
#2643 = CARTESIAN_POINT('',(208.,3.));
#2644 = DIRECTION('',(0.,-1.));
#2645 = ( GEOMETRIC_REPRESENTATION_CONTEXT(2) 
PARAMETRIC_REPRESENTATION_CONTEXT() REPRESENTATION_CONTEXT('2D SPACE',''
  ) );
#2646 = PCURVE('',#2647,#2652);
#2647 = CYLINDRICAL_SURFACE('',#2648,3.);
#2648 = AXIS2_PLACEMENT_3D('',#2649,#2650,#2651);
#2649 = CARTESIAN_POINT('',(102.5,-5.,0.));
#2650 = DIRECTION('',(0.,0.,1.));
#2651 = DIRECTION('',(0.,-1.,0.));
#2652 = DEFINITIONAL_REPRESENTATION('',(#2653),#2657);
#2653 = LINE('',#2654,#2655);
#2654 = CARTESIAN_POINT('',(0.,95.));
#2655 = VECTOR('',#2656,1.);
#2656 = DIRECTION('',(1.,0.));
#2657 = ( GEOMETRIC_REPRESENTATION_CONTEXT(2) 
PARAMETRIC_REPRESENTATION_CONTEXT() REPRESENTATION_CONTEXT('2D SPACE',''
  ) );
#2658 = ORIENTED_EDGE('',*,*,#2659,.T.);
#2659 = EDGE_CURVE('',#2631,#2660,#2662,.T.);
#2660 = VERTEX_POINT('',#2661);
#2661 = CARTESIAN_POINT('',(105.5,97.,95.));
#2662 = SURFACE_CURVE('',#2663,(#2667,#2674),.PCURVE_S1.);
#2663 = LINE('',#2664,#2665);
#2664 = CARTESIAN_POINT('',(105.5,-8.,95.));
#2665 = VECTOR('',#2666,1.);
#2666 = DIRECTION('',(0.,1.,0.));
#2667 = PCURVE('',#62,#2668);
#2668 = DEFINITIONAL_REPRESENTATION('',(#2669),#2673);
#2669 = LINE('',#2670,#2671);
#2670 = CARTESIAN_POINT('',(211.,0.));
#2671 = VECTOR('',#2672,1.);
#2672 = DIRECTION('',(0.,1.));
#2673 = ( GEOMETRIC_REPRESENTATION_CONTEXT(2) 
PARAMETRIC_REPRESENTATION_CONTEXT() REPRESENTATION_CONTEXT('2D SPACE',''
  ) );
#2674 = PCURVE('',#2675,#2680);
#2675 = PLANE('',#2676);
#2676 = AXIS2_PLACEMENT_3D('',#2677,#2678,#2679);
#2677 = CARTESIAN_POINT('',(105.5,-8.,0.));
#2678 = DIRECTION('',(1.,0.,0.));
#2679 = DIRECTION('',(0.,0.,1.));
#2680 = DEFINITIONAL_REPRESENTATION('',(#2681),#2685);
#2681 = LINE('',#2682,#2683);
#2682 = CARTESIAN_POINT('',(95.,0.));
#2683 = VECTOR('',#2684,1.);
#2684 = DIRECTION('',(0.,-1.));
#2685 = ( GEOMETRIC_REPRESENTATION_CONTEXT(2) 
PARAMETRIC_REPRESENTATION_CONTEXT() REPRESENTATION_CONTEXT('2D SPACE',''
  ) );
#2686 = ORIENTED_EDGE('',*,*,#2687,.F.);
#2687 = EDGE_CURVE('',#2688,#2660,#2690,.T.);
#2688 = VERTEX_POINT('',#2689);
#2689 = CARTESIAN_POINT('',(102.5,100.,95.));
#2690 = SURFACE_CURVE('',#2691,(#2696,#2707),.PCURVE_S1.);
#2691 = CIRCLE('',#2692,3.);
#2692 = AXIS2_PLACEMENT_3D('',#2693,#2694,#2695);
#2693 = CARTESIAN_POINT('',(102.5,97.,95.));
#2694 = DIRECTION('',(0.,0.,-1.));
#2695 = DIRECTION('',(0.,1.,0.));
#2696 = PCURVE('',#62,#2697);
#2697 = DEFINITIONAL_REPRESENTATION('',(#2698),#2706);
#2698 = ( BOUNDED_CURVE() B_SPLINE_CURVE(2,(#2699,#2700,#2701,#2702,
#2703,#2704,#2705),.UNSPECIFIED.,.T.,.F.) B_SPLINE_CURVE_WITH_KNOTS((1,2
    ,2,2,2,1),(-2.094395102393,0.,2.094395102393,4.188790204786,
6.28318530718,8.377580409573),.UNSPECIFIED.) CURVE() 
GEOMETRIC_REPRESENTATION_ITEM() RATIONAL_B_SPLINE_CURVE((1.,0.5,1.,0.5,
1.,0.5,1.)) REPRESENTATION_ITEM('') );
#2699 = CARTESIAN_POINT('',(208.,108.));
#2700 = CARTESIAN_POINT('',(213.1961524227,108.));
#2701 = CARTESIAN_POINT('',(210.59807621135,103.5));
#2702 = CARTESIAN_POINT('',(208.,99.));
#2703 = CARTESIAN_POINT('',(205.40192378864,103.5));
#2704 = CARTESIAN_POINT('',(202.80384757729,108.));
#2705 = CARTESIAN_POINT('',(208.,108.));
#2706 = ( GEOMETRIC_REPRESENTATION_CONTEXT(2) 
PARAMETRIC_REPRESENTATION_CONTEXT() REPRESENTATION_CONTEXT('2D SPACE',''
  ) );
#2707 = PCURVE('',#2708,#2713);
#2708 = CYLINDRICAL_SURFACE('',#2709,3.);
#2709 = AXIS2_PLACEMENT_3D('',#2710,#2711,#2712);
#2710 = CARTESIAN_POINT('',(102.5,97.,95.));
#2711 = DIRECTION('',(0.,0.,-1.));
#2712 = DIRECTION('',(0.,1.,0.));
#2713 = DEFINITIONAL_REPRESENTATION('',(#2714),#2718);
#2714 = LINE('',#2715,#2716);
#2715 = CARTESIAN_POINT('',(0.,0.));
#2716 = VECTOR('',#2717,1.);
#2717 = DIRECTION('',(1.,0.));
#2718 = ( GEOMETRIC_REPRESENTATION_CONTEXT(2) 
PARAMETRIC_REPRESENTATION_CONTEXT() REPRESENTATION_CONTEXT('2D SPACE',''
  ) );
#2719 = ORIENTED_EDGE('',*,*,#2720,.T.);
#2720 = EDGE_CURVE('',#2688,#2721,#2723,.T.);
#2721 = VERTEX_POINT('',#2722);
#2722 = CARTESIAN_POINT('',(-102.5,100.,95.));
#2723 = SURFACE_CURVE('',#2724,(#2728,#2735),.PCURVE_S1.);
#2724 = LINE('',#2725,#2726);
#2725 = CARTESIAN_POINT('',(105.5,100.,95.));
#2726 = VECTOR('',#2727,1.);
#2727 = DIRECTION('',(-1.,0.,0.));
#2728 = PCURVE('',#62,#2729);
#2729 = DEFINITIONAL_REPRESENTATION('',(#2730),#2734);
#2730 = LINE('',#2731,#2732);
#2731 = CARTESIAN_POINT('',(211.,108.));
#2732 = VECTOR('',#2733,1.);
#2733 = DIRECTION('',(-1.,0.));
#2734 = ( GEOMETRIC_REPRESENTATION_CONTEXT(2) 
PARAMETRIC_REPRESENTATION_CONTEXT() REPRESENTATION_CONTEXT('2D SPACE',''
  ) );
#2735 = PCURVE('',#2736,#2741);
#2736 = PLANE('',#2737);
#2737 = AXIS2_PLACEMENT_3D('',#2738,#2739,#2740);
#2738 = CARTESIAN_POINT('',(-105.5,100.,0.));
#2739 = DIRECTION('',(0.,1.,0.));
#2740 = DIRECTION('',(0.,0.,1.));
#2741 = DEFINITIONAL_REPRESENTATION('',(#2742),#2746);
#2742 = LINE('',#2743,#2744);
#2743 = CARTESIAN_POINT('',(95.,211.));
#2744 = VECTOR('',#2745,1.);
#2745 = DIRECTION('',(0.,-1.));
#2746 = ( GEOMETRIC_REPRESENTATION_CONTEXT(2) 
PARAMETRIC_REPRESENTATION_CONTEXT() REPRESENTATION_CONTEXT('2D SPACE',''
  ) );
#2747 = ORIENTED_EDGE('',*,*,#2748,.F.);
#2748 = EDGE_CURVE('',#42,#2721,#2749,.T.);
#2749 = SURFACE_CURVE('',#2750,(#2755,#2766),.PCURVE_S1.);
#2750 = CIRCLE('',#2751,3.);
#2751 = AXIS2_PLACEMENT_3D('',#2752,#2753,#2754);
#2752 = CARTESIAN_POINT('',(-102.5,97.,95.));
#2753 = DIRECTION('',(0.,0.,-1.));
#2754 = DIRECTION('',(0.,1.,0.));
#2755 = PCURVE('',#62,#2756);
#2756 = DEFINITIONAL_REPRESENTATION('',(#2757),#2765);
#2757 = ( BOUNDED_CURVE() B_SPLINE_CURVE(2,(#2758,#2759,#2760,#2761,
#2762,#2763,#2764),.UNSPECIFIED.,.T.,.F.) B_SPLINE_CURVE_WITH_KNOTS((1,2
    ,2,2,2,1),(-2.094395102393,0.,2.094395102393,4.188790204786,
6.28318530718,8.377580409573),.UNSPECIFIED.) CURVE() 
GEOMETRIC_REPRESENTATION_ITEM() RATIONAL_B_SPLINE_CURVE((1.,0.5,1.,0.5,
1.,0.5,1.)) REPRESENTATION_ITEM('') );
#2758 = CARTESIAN_POINT('',(3.,108.));
#2759 = CARTESIAN_POINT('',(8.196152422707,108.));
#2760 = CARTESIAN_POINT('',(5.598076211353,103.5));
#2761 = CARTESIAN_POINT('',(3.,99.));
#2762 = CARTESIAN_POINT('',(0.401923788647,103.5));
#2763 = CARTESIAN_POINT('',(-2.196152422707,108.));
#2764 = CARTESIAN_POINT('',(3.,108.));
#2765 = ( GEOMETRIC_REPRESENTATION_CONTEXT(2) 
PARAMETRIC_REPRESENTATION_CONTEXT() REPRESENTATION_CONTEXT('2D SPACE',''
  ) );
#2766 = PCURVE('',#144,#2767);
#2767 = DEFINITIONAL_REPRESENTATION('',(#2768),#2772);
#2768 = LINE('',#2769,#2770);
#2769 = CARTESIAN_POINT('',(-4.712388980385,0.));
#2770 = VECTOR('',#2771,1.);
#2771 = DIRECTION('',(1.,0.));
#2772 = ( GEOMETRIC_REPRESENTATION_CONTEXT(2) 
PARAMETRIC_REPRESENTATION_CONTEXT() REPRESENTATION_CONTEXT('2D SPACE',''
  ) );
#2773 = FACE_BOUND('',#2774,.T.);
#2774 = EDGE_LOOP('',(#2775));
#2775 = ORIENTED_EDGE('',*,*,#2776,.F.);
#2776 = EDGE_CURVE('',#2777,#2777,#2779,.T.);
#2777 = VERTEX_POINT('',#2778);
#2778 = CARTESIAN_POINT('',(-43.3,37.,95.));
#2779 = SURFACE_CURVE('',#2780,(#2785,#2792),.PCURVE_S1.);
#2780 = CIRCLE('',#2781,1.7);
#2781 = AXIS2_PLACEMENT_3D('',#2782,#2783,#2784);
#2782 = CARTESIAN_POINT('',(-45.,37.,95.));
#2783 = DIRECTION('',(0.,0.,1.));
#2784 = DIRECTION('',(1.,0.,0.));
#2785 = PCURVE('',#62,#2786);
#2786 = DEFINITIONAL_REPRESENTATION('',(#2787),#2791);
#2787 = CIRCLE('',#2788,1.7);
#2788 = AXIS2_PLACEMENT_2D('',#2789,#2790);
#2789 = CARTESIAN_POINT('',(60.5,45.));
#2790 = DIRECTION('',(1.,0.));
#2791 = ( GEOMETRIC_REPRESENTATION_CONTEXT(2) 
PARAMETRIC_REPRESENTATION_CONTEXT() REPRESENTATION_CONTEXT('2D SPACE',''
  ) );
#2792 = PCURVE('',#2793,#2798);
#2793 = CYLINDRICAL_SURFACE('',#2794,1.7);
#2794 = AXIS2_PLACEMENT_3D('',#2795,#2796,#2797);
#2795 = CARTESIAN_POINT('',(-45.,37.,71.));
#2796 = DIRECTION('',(0.,0.,1.));
#2797 = DIRECTION('',(1.,0.,0.));
#2798 = DEFINITIONAL_REPRESENTATION('',(#2799),#2803);
#2799 = LINE('',#2800,#2801);
#2800 = CARTESIAN_POINT('',(0.,24.));
#2801 = VECTOR('',#2802,1.);
#2802 = DIRECTION('',(1.,0.));
#2803 = ( GEOMETRIC_REPRESENTATION_CONTEXT(2) 
PARAMETRIC_REPRESENTATION_CONTEXT() REPRESENTATION_CONTEXT('2D SPACE',''
  ) );
#2804 = FACE_BOUND('',#2805,.T.);
#2805 = EDGE_LOOP('',(#2806));
#2806 = ORIENTED_EDGE('',*,*,#2807,.F.);
#2807 = EDGE_CURVE('',#2808,#2808,#2810,.T.);
#2808 = VERTEX_POINT('',#2809);
#2809 = CARTESIAN_POINT('',(46.7,37.,95.));
#2810 = SURFACE_CURVE('',#2811,(#2816,#2823),.PCURVE_S1.);
#2811 = CIRCLE('',#2812,1.7);
#2812 = AXIS2_PLACEMENT_3D('',#2813,#2814,#2815);
#2813 = CARTESIAN_POINT('',(45.,37.,95.));
#2814 = DIRECTION('',(0.,0.,1.));
#2815 = DIRECTION('',(1.,0.,0.));
#2816 = PCURVE('',#62,#2817);
#2817 = DEFINITIONAL_REPRESENTATION('',(#2818),#2822);
#2818 = CIRCLE('',#2819,1.7);
#2819 = AXIS2_PLACEMENT_2D('',#2820,#2821);
#2820 = CARTESIAN_POINT('',(150.5,45.));
#2821 = DIRECTION('',(1.,0.));
#2822 = ( GEOMETRIC_REPRESENTATION_CONTEXT(2) 
PARAMETRIC_REPRESENTATION_CONTEXT() REPRESENTATION_CONTEXT('2D SPACE',''
  ) );
#2823 = PCURVE('',#2824,#2829);
#2824 = CYLINDRICAL_SURFACE('',#2825,1.7);
#2825 = AXIS2_PLACEMENT_3D('',#2826,#2827,#2828);
#2826 = CARTESIAN_POINT('',(45.,37.,71.));
#2827 = DIRECTION('',(0.,0.,1.));
#2828 = DIRECTION('',(1.,0.,0.));
#2829 = DEFINITIONAL_REPRESENTATION('',(#2830),#2834);
#2830 = LINE('',#2831,#2832);
#2831 = CARTESIAN_POINT('',(0.,24.));
#2832 = VECTOR('',#2833,1.);
#2833 = DIRECTION('',(1.,0.));
#2834 = ( GEOMETRIC_REPRESENTATION_CONTEXT(2) 
PARAMETRIC_REPRESENTATION_CONTEXT() REPRESENTATION_CONTEXT('2D SPACE',''
  ) );
#2835 = FACE_BOUND('',#2836,.T.);
#2836 = EDGE_LOOP('',(#2837,#2865,#2898,#2924,#2957,#2983,#3016,#3042));
#2837 = ORIENTED_EDGE('',*,*,#2838,.F.);
#2838 = EDGE_CURVE('',#2839,#2841,#2843,.T.);
#2839 = VERTEX_POINT('',#2840);
#2840 = CARTESIAN_POINT('',(-92.5,86.,95.));
#2841 = VERTEX_POINT('',#2842);
#2842 = CARTESIAN_POINT('',(-92.5,39.,95.));
#2843 = SURFACE_CURVE('',#2844,(#2848,#2854),.PCURVE_S1.);
#2844 = LINE('',#2845,#2846);
#2845 = CARTESIAN_POINT('',(-92.5,15.5,95.));
#2846 = VECTOR('',#2847,1.);
#2847 = DIRECTION('',(0.,-1.,0.));
#2848 = PCURVE('',#62,#2849);
#2849 = DEFINITIONAL_REPRESENTATION('',(#2850),#2853);
#2850 = B_SPLINE_CURVE_WITH_KNOTS('',1,(#2851,#2852),.UNSPECIFIED.,.F.,
  .F.,(2,2),(-70.5,-23.5),.PIECEWISE_BEZIER_KNOTS.);
#2851 = CARTESIAN_POINT('',(13.,94.));
#2852 = CARTESIAN_POINT('',(13.,47.));
#2853 = ( GEOMETRIC_REPRESENTATION_CONTEXT(2) 
PARAMETRIC_REPRESENTATION_CONTEXT() REPRESENTATION_CONTEXT('2D SPACE',''
  ) );
#2854 = PCURVE('',#2855,#2860);
#2855 = PLANE('',#2856);
#2856 = AXIS2_PLACEMENT_3D('',#2857,#2858,#2859);
#2857 = CARTESIAN_POINT('',(-92.5,39.,90.));
#2858 = DIRECTION('',(-1.,0.,0.));
#2859 = DIRECTION('',(0.,1.,0.));
#2860 = DEFINITIONAL_REPRESENTATION('',(#2861),#2864);
#2861 = B_SPLINE_CURVE_WITH_KNOTS('',1,(#2862,#2863),.UNSPECIFIED.,.F.,
  .F.,(2,2),(-70.5,-23.5),.PIECEWISE_BEZIER_KNOTS.);
#2862 = CARTESIAN_POINT('',(47.,-5.));
#2863 = CARTESIAN_POINT('',(0.,-5.));
#2864 = ( GEOMETRIC_REPRESENTATION_CONTEXT(2) 
PARAMETRIC_REPRESENTATION_CONTEXT() REPRESENTATION_CONTEXT('2D SPACE',''
  ) );
#2865 = ORIENTED_EDGE('',*,*,#2866,.T.);
#2866 = EDGE_CURVE('',#2839,#2867,#2869,.T.);
#2867 = VERTEX_POINT('',#2868);
#2868 = CARTESIAN_POINT('',(-86.5,92.,95.));
#2869 = SURFACE_CURVE('',#2870,(#2875,#2886),.PCURVE_S1.);
#2870 = CIRCLE('',#2871,6.);
#2871 = AXIS2_PLACEMENT_3D('',#2872,#2873,#2874);
#2872 = CARTESIAN_POINT('',(-86.5,86.,95.));
#2873 = DIRECTION('',(0.,0.,-1.));
#2874 = DIRECTION('',(-1.,0.,0.));
#2875 = PCURVE('',#62,#2876);
#2876 = DEFINITIONAL_REPRESENTATION('',(#2877),#2885);
#2877 = ( BOUNDED_CURVE() B_SPLINE_CURVE(2,(#2878,#2879,#2880,#2881,
#2882,#2883,#2884),.UNSPECIFIED.,.T.,.F.) B_SPLINE_CURVE_WITH_KNOTS((1,2
    ,2,2,2,1),(-2.094395102393,0.,2.094395102393,4.188790204786,
6.28318530718,8.377580409573),.UNSPECIFIED.) CURVE() 
GEOMETRIC_REPRESENTATION_ITEM() RATIONAL_B_SPLINE_CURVE((1.,0.5,1.,0.5,
1.,0.5,1.)) REPRESENTATION_ITEM('') );
#2878 = CARTESIAN_POINT('',(13.,94.));
#2879 = CARTESIAN_POINT('',(13.,104.39230484541));
#2880 = CARTESIAN_POINT('',(22.,99.196152422707));
#2881 = CARTESIAN_POINT('',(31.,94.));
#2882 = CARTESIAN_POINT('',(22.,88.803847577293));
#2883 = CARTESIAN_POINT('',(13.,83.607695154587));
#2884 = CARTESIAN_POINT('',(13.,94.));
#2885 = ( GEOMETRIC_REPRESENTATION_CONTEXT(2) 
PARAMETRIC_REPRESENTATION_CONTEXT() REPRESENTATION_CONTEXT('2D SPACE',''
  ) );
#2886 = PCURVE('',#2887,#2892);
#2887 = CYLINDRICAL_SURFACE('',#2888,6.);
#2888 = AXIS2_PLACEMENT_3D('',#2889,#2890,#2891);
#2889 = CARTESIAN_POINT('',(-86.5,86.,90.));
#2890 = DIRECTION('',(0.,0.,-1.));
#2891 = DIRECTION('',(-1.,0.,0.));
#2892 = DEFINITIONAL_REPRESENTATION('',(#2893),#2897);
#2893 = LINE('',#2894,#2895);
#2894 = CARTESIAN_POINT('',(0.,-5.));
#2895 = VECTOR('',#2896,1.);
#2896 = DIRECTION('',(1.,0.));
#2897 = ( GEOMETRIC_REPRESENTATION_CONTEXT(2) 
PARAMETRIC_REPRESENTATION_CONTEXT() REPRESENTATION_CONTEXT('2D SPACE',''
  ) );
#2898 = ORIENTED_EDGE('',*,*,#2899,.F.);
#2899 = EDGE_CURVE('',#2900,#2867,#2902,.T.);
#2900 = VERTEX_POINT('',#2901);
#2901 = CARTESIAN_POINT('',(-60.00000000117,92.,95.));
#2902 = SURFACE_CURVE('',#2903,(#2907,#2913),.PCURVE_S1.);
#2903 = LINE('',#2904,#2905);
#2904 = CARTESIAN_POINT('',(-96.,92.,95.));
#2905 = VECTOR('',#2906,1.);
#2906 = DIRECTION('',(-1.,0.,0.));
#2907 = PCURVE('',#62,#2908);
#2908 = DEFINITIONAL_REPRESENTATION('',(#2909),#2912);
#2909 = B_SPLINE_CURVE_WITH_KNOTS('',1,(#2910,#2911),.UNSPECIFIED.,.F.,
  .F.,(2,2),(-35.99999999882,-9.5),.PIECEWISE_BEZIER_KNOTS.);
#2910 = CARTESIAN_POINT('',(45.499999998824,100.));
#2911 = CARTESIAN_POINT('',(19.,100.));
#2912 = ( GEOMETRIC_REPRESENTATION_CONTEXT(2) 
PARAMETRIC_REPRESENTATION_CONTEXT() REPRESENTATION_CONTEXT('2D SPACE',''
  ) );
#2913 = PCURVE('',#2914,#2919);
#2914 = PLANE('',#2915);
#2915 = AXIS2_PLACEMENT_3D('',#2916,#2917,#2918);
#2916 = CARTESIAN_POINT('',(-86.5,92.,90.));
#2917 = DIRECTION('',(0.,1.,0.));
#2918 = DIRECTION('',(1.,0.,0.));
#2919 = DEFINITIONAL_REPRESENTATION('',(#2920),#2923);
#2920 = B_SPLINE_CURVE_WITH_KNOTS('',1,(#2921,#2922),.UNSPECIFIED.,.F.,
  .F.,(2,2),(-35.99999999882,-9.5),.PIECEWISE_BEZIER_KNOTS.);
#2921 = CARTESIAN_POINT('',(26.499999998824,-5.));
#2922 = CARTESIAN_POINT('',(-3.552713678801E-15,-5.));
#2923 = ( GEOMETRIC_REPRESENTATION_CONTEXT(2) 
PARAMETRIC_REPRESENTATION_CONTEXT() REPRESENTATION_CONTEXT('2D SPACE',''
  ) );
#2924 = ORIENTED_EDGE('',*,*,#2925,.T.);
#2925 = EDGE_CURVE('',#2900,#2926,#2928,.T.);
#2926 = VERTEX_POINT('',#2927);
#2927 = CARTESIAN_POINT('',(-54.00000000058,86.,95.));
#2928 = SURFACE_CURVE('',#2929,(#2934,#2945),.PCURVE_S1.);
#2929 = CIRCLE('',#2930,6.);
#2930 = AXIS2_PLACEMENT_3D('',#2931,#2932,#2933);
#2931 = CARTESIAN_POINT('',(-60.00000000117,86.,95.));
#2932 = DIRECTION('',(0.,0.,-1.));
#2933 = DIRECTION('',(-1.,0.,0.));
#2934 = PCURVE('',#62,#2935);
#2935 = DEFINITIONAL_REPRESENTATION('',(#2936),#2944);
#2936 = ( BOUNDED_CURVE() B_SPLINE_CURVE(2,(#2937,#2938,#2939,#2940,
#2941,#2942,#2943),.UNSPECIFIED.,.T.,.F.) B_SPLINE_CURVE_WITH_KNOTS((1,2
    ,2,2,2,1),(-2.094395102393,0.,2.094395102393,4.188790204786,
6.28318530718,8.377580409573),.UNSPECIFIED.) CURVE() 
GEOMETRIC_REPRESENTATION_ITEM() RATIONAL_B_SPLINE_CURVE((1.,0.5,1.,0.5,
1.,0.5,1.)) REPRESENTATION_ITEM('') );
#2937 = CARTESIAN_POINT('',(39.499999998824,94.));
#2938 = CARTESIAN_POINT('',(39.499999998824,104.39230484541));
#2939 = CARTESIAN_POINT('',(48.499999998824,99.196152422707));
#2940 = CARTESIAN_POINT('',(57.499999998824,94.));
#2941 = CARTESIAN_POINT('',(48.499999998824,88.803847577293));
#2942 = CARTESIAN_POINT('',(39.499999998824,83.607695154587));
#2943 = CARTESIAN_POINT('',(39.499999998824,94.));
#2944 = ( GEOMETRIC_REPRESENTATION_CONTEXT(2) 
PARAMETRIC_REPRESENTATION_CONTEXT() REPRESENTATION_CONTEXT('2D SPACE',''
  ) );
#2945 = PCURVE('',#2946,#2951);
#2946 = CYLINDRICAL_SURFACE('',#2947,6.);
#2947 = AXIS2_PLACEMENT_3D('',#2948,#2949,#2950);
#2948 = CARTESIAN_POINT('',(-60.00000000117,86.,90.));
#2949 = DIRECTION('',(0.,0.,-1.));
#2950 = DIRECTION('',(-1.,0.,0.));
#2951 = DEFINITIONAL_REPRESENTATION('',(#2952),#2956);
#2952 = LINE('',#2953,#2954);
#2953 = CARTESIAN_POINT('',(0.,-5.));
#2954 = VECTOR('',#2955,1.);
#2955 = DIRECTION('',(1.,0.));
#2956 = ( GEOMETRIC_REPRESENTATION_CONTEXT(2) 
PARAMETRIC_REPRESENTATION_CONTEXT() REPRESENTATION_CONTEXT('2D SPACE',''
  ) );
#2957 = ORIENTED_EDGE('',*,*,#2958,.T.);
#2958 = EDGE_CURVE('',#2926,#2959,#2961,.T.);
#2959 = VERTEX_POINT('',#2960);
#2960 = CARTESIAN_POINT('',(-54.00000000058,39.,95.));
#2961 = SURFACE_CURVE('',#2962,(#2966,#2972),.PCURVE_S1.);
#2962 = LINE('',#2963,#2964);
#2963 = CARTESIAN_POINT('',(-54.,15.5,95.));
#2964 = VECTOR('',#2965,1.);
#2965 = DIRECTION('',(0.,-1.,0.));
#2966 = PCURVE('',#62,#2967);
#2967 = DEFINITIONAL_REPRESENTATION('',(#2968),#2971);
#2968 = B_SPLINE_CURVE_WITH_KNOTS('',1,(#2969,#2970),.UNSPECIFIED.,.F.,
  .F.,(2,2),(-70.5,-23.5),.PIECEWISE_BEZIER_KNOTS.);
#2969 = CARTESIAN_POINT('',(51.5,94.));
#2970 = CARTESIAN_POINT('',(51.5,47.));
#2971 = ( GEOMETRIC_REPRESENTATION_CONTEXT(2) 
PARAMETRIC_REPRESENTATION_CONTEXT() REPRESENTATION_CONTEXT('2D SPACE',''
  ) );
#2972 = PCURVE('',#2973,#2978);
#2973 = PLANE('',#2974);
#2974 = AXIS2_PLACEMENT_3D('',#2975,#2976,#2977);
#2975 = CARTESIAN_POINT('',(-54.,39.,90.));
#2976 = DIRECTION('',(-1.,0.,0.));
#2977 = DIRECTION('',(0.,1.,0.));
#2978 = DEFINITIONAL_REPRESENTATION('',(#2979),#2982);
#2979 = B_SPLINE_CURVE_WITH_KNOTS('',1,(#2980,#2981),.UNSPECIFIED.,.F.,
  .F.,(2,2),(-70.5,-23.5),.PIECEWISE_BEZIER_KNOTS.);
#2980 = CARTESIAN_POINT('',(47.,-5.));
#2981 = CARTESIAN_POINT('',(0.,-5.));
#2982 = ( GEOMETRIC_REPRESENTATION_CONTEXT(2) 
PARAMETRIC_REPRESENTATION_CONTEXT() REPRESENTATION_CONTEXT('2D SPACE',''
  ) );
#2983 = ORIENTED_EDGE('',*,*,#2984,.T.);
#2984 = EDGE_CURVE('',#2959,#2985,#2987,.T.);
#2985 = VERTEX_POINT('',#2986);
#2986 = CARTESIAN_POINT('',(-60.00000000117,33.,95.));
#2987 = SURFACE_CURVE('',#2988,(#2993,#3004),.PCURVE_S1.);
#2988 = CIRCLE('',#2989,6.);
#2989 = AXIS2_PLACEMENT_3D('',#2990,#2991,#2992);
#2990 = CARTESIAN_POINT('',(-60.00000000117,39.,95.));
#2991 = DIRECTION('',(0.,0.,-1.));
#2992 = DIRECTION('',(-1.,0.,0.));
#2993 = PCURVE('',#62,#2994);
#2994 = DEFINITIONAL_REPRESENTATION('',(#2995),#3003);
#2995 = ( BOUNDED_CURVE() B_SPLINE_CURVE(2,(#2996,#2997,#2998,#2999,
#3000,#3001,#3002),.UNSPECIFIED.,.T.,.F.) B_SPLINE_CURVE_WITH_KNOTS((1,2
    ,2,2,2,1),(-2.094395102393,0.,2.094395102393,4.188790204786,
6.28318530718,8.377580409573),.UNSPECIFIED.) CURVE() 
GEOMETRIC_REPRESENTATION_ITEM() RATIONAL_B_SPLINE_CURVE((1.,0.5,1.,0.5,
1.,0.5,1.)) REPRESENTATION_ITEM('') );
#2996 = CARTESIAN_POINT('',(39.499999998824,47.));
#2997 = CARTESIAN_POINT('',(39.499999998824,57.392304845413));
#2998 = CARTESIAN_POINT('',(48.499999998824,52.196152422707));
#2999 = CARTESIAN_POINT('',(57.499999998824,47.));
#3000 = CARTESIAN_POINT('',(48.499999998824,41.803847577293));
#3001 = CARTESIAN_POINT('',(39.499999998824,36.607695154587));
#3002 = CARTESIAN_POINT('',(39.499999998824,47.));
#3003 = ( GEOMETRIC_REPRESENTATION_CONTEXT(2) 
PARAMETRIC_REPRESENTATION_CONTEXT() REPRESENTATION_CONTEXT('2D SPACE',''
  ) );
#3004 = PCURVE('',#3005,#3010);
#3005 = CYLINDRICAL_SURFACE('',#3006,6.);
#3006 = AXIS2_PLACEMENT_3D('',#3007,#3008,#3009);
#3007 = CARTESIAN_POINT('',(-60.00000000117,39.,90.));
#3008 = DIRECTION('',(0.,0.,-1.));
#3009 = DIRECTION('',(-1.,0.,0.));
#3010 = DEFINITIONAL_REPRESENTATION('',(#3011),#3015);
#3011 = LINE('',#3012,#3013);
#3012 = CARTESIAN_POINT('',(0.,-5.));
#3013 = VECTOR('',#3014,1.);
#3014 = DIRECTION('',(1.,0.));
#3015 = ( GEOMETRIC_REPRESENTATION_CONTEXT(2) 
PARAMETRIC_REPRESENTATION_CONTEXT() REPRESENTATION_CONTEXT('2D SPACE',''
  ) );
#3016 = ORIENTED_EDGE('',*,*,#3017,.T.);
#3017 = EDGE_CURVE('',#2985,#3018,#3020,.T.);
#3018 = VERTEX_POINT('',#3019);
#3019 = CARTESIAN_POINT('',(-86.5,33.,95.));
#3020 = SURFACE_CURVE('',#3021,(#3025,#3031),.PCURVE_S1.);
#3021 = LINE('',#3022,#3023);
#3022 = CARTESIAN_POINT('',(-96.,33.,95.));
#3023 = VECTOR('',#3024,1.);
#3024 = DIRECTION('',(-1.,0.,0.));
#3025 = PCURVE('',#62,#3026);
#3026 = DEFINITIONAL_REPRESENTATION('',(#3027),#3030);
#3027 = B_SPLINE_CURVE_WITH_KNOTS('',1,(#3028,#3029),.UNSPECIFIED.,.F.,
  .F.,(2,2),(-35.99999999882,-9.5),.PIECEWISE_BEZIER_KNOTS.);
#3028 = CARTESIAN_POINT('',(45.499999998824,41.));
#3029 = CARTESIAN_POINT('',(19.,41.));
#3030 = ( GEOMETRIC_REPRESENTATION_CONTEXT(2) 
PARAMETRIC_REPRESENTATION_CONTEXT() REPRESENTATION_CONTEXT('2D SPACE',''
  ) );
#3031 = PCURVE('',#3032,#3037);
#3032 = PLANE('',#3033);
#3033 = AXIS2_PLACEMENT_3D('',#3034,#3035,#3036);
#3034 = CARTESIAN_POINT('',(-86.5,33.,90.));
#3035 = DIRECTION('',(0.,1.,0.));
#3036 = DIRECTION('',(1.,0.,0.));
#3037 = DEFINITIONAL_REPRESENTATION('',(#3038),#3041);
#3038 = B_SPLINE_CURVE_WITH_KNOTS('',1,(#3039,#3040),.UNSPECIFIED.,.F.,
  .F.,(2,2),(-35.99999999882,-9.5),.PIECEWISE_BEZIER_KNOTS.);
#3039 = CARTESIAN_POINT('',(26.499999998824,-5.));
#3040 = CARTESIAN_POINT('',(-3.552713678801E-15,-5.));
#3041 = ( GEOMETRIC_REPRESENTATION_CONTEXT(2) 
PARAMETRIC_REPRESENTATION_CONTEXT() REPRESENTATION_CONTEXT('2D SPACE',''
  ) );
#3042 = ORIENTED_EDGE('',*,*,#3043,.T.);
#3043 = EDGE_CURVE('',#3018,#2841,#3044,.T.);
#3044 = SURFACE_CURVE('',#3045,(#3050,#3061),.PCURVE_S1.);
#3045 = CIRCLE('',#3046,6.);
#3046 = AXIS2_PLACEMENT_3D('',#3047,#3048,#3049);
#3047 = CARTESIAN_POINT('',(-86.5,39.,95.));
#3048 = DIRECTION('',(0.,0.,-1.));
#3049 = DIRECTION('',(-1.,0.,0.));
#3050 = PCURVE('',#62,#3051);
#3051 = DEFINITIONAL_REPRESENTATION('',(#3052),#3060);
#3052 = ( BOUNDED_CURVE() B_SPLINE_CURVE(2,(#3053,#3054,#3055,#3056,
#3057,#3058,#3059),.UNSPECIFIED.,.T.,.F.) B_SPLINE_CURVE_WITH_KNOTS((1,2
    ,2,2,2,1),(-2.094395102393,0.,2.094395102393,4.188790204786,
6.28318530718,8.377580409573),.UNSPECIFIED.) CURVE() 
GEOMETRIC_REPRESENTATION_ITEM() RATIONAL_B_SPLINE_CURVE((1.,0.5,1.,0.5,
1.,0.5,1.)) REPRESENTATION_ITEM('') );
#3053 = CARTESIAN_POINT('',(13.,47.));
#3054 = CARTESIAN_POINT('',(13.,57.392304845413));
#3055 = CARTESIAN_POINT('',(22.,52.196152422707));
#3056 = CARTESIAN_POINT('',(31.,47.));
#3057 = CARTESIAN_POINT('',(22.,41.803847577293));
#3058 = CARTESIAN_POINT('',(13.,36.607695154587));
#3059 = CARTESIAN_POINT('',(13.,47.));
#3060 = ( GEOMETRIC_REPRESENTATION_CONTEXT(2) 
PARAMETRIC_REPRESENTATION_CONTEXT() REPRESENTATION_CONTEXT('2D SPACE',''
  ) );
#3061 = PCURVE('',#3062,#3067);
#3062 = CYLINDRICAL_SURFACE('',#3063,6.);
#3063 = AXIS2_PLACEMENT_3D('',#3064,#3065,#3066);
#3064 = CARTESIAN_POINT('',(-86.5,39.,90.));
#3065 = DIRECTION('',(0.,0.,-1.));
#3066 = DIRECTION('',(-1.,0.,0.));
#3067 = DEFINITIONAL_REPRESENTATION('',(#3068),#3072);
#3068 = LINE('',#3069,#3070);
#3069 = CARTESIAN_POINT('',(0.,-5.));
#3070 = VECTOR('',#3071,1.);
#3071 = DIRECTION('',(1.,0.));
#3072 = ( GEOMETRIC_REPRESENTATION_CONTEXT(2) 
PARAMETRIC_REPRESENTATION_CONTEXT() REPRESENTATION_CONTEXT('2D SPACE',''
  ) );
#3073 = FACE_BOUND('',#3074,.T.);
#3074 = EDGE_LOOP('',(#3075,#3103,#3136,#3162,#3195,#3221,#3254,#3280));
#3075 = ORIENTED_EDGE('',*,*,#3076,.F.);
#3076 = EDGE_CURVE('',#3077,#3079,#3081,.T.);
#3077 = VERTEX_POINT('',#3078);
#3078 = CARTESIAN_POINT('',(-36.,85.999999996516,95.));
#3079 = VERTEX_POINT('',#3080);
#3080 = CARTESIAN_POINT('',(-36.,39.,95.));
#3081 = SURFACE_CURVE('',#3082,(#3086,#3092),.PCURVE_S1.);
#3082 = LINE('',#3083,#3084);
#3083 = CARTESIAN_POINT('',(-36.,15.5,95.));
#3084 = VECTOR('',#3085,1.);
#3085 = DIRECTION('',(0.,-1.,0.));
#3086 = PCURVE('',#62,#3087);
#3087 = DEFINITIONAL_REPRESENTATION('',(#3088),#3091);
#3088 = B_SPLINE_CURVE_WITH_KNOTS('',1,(#3089,#3090),.UNSPECIFIED.,.F.,
  .F.,(2,2),(-70.49999999651,-23.5),.PIECEWISE_BEZIER_KNOTS.);
#3089 = CARTESIAN_POINT('',(69.5,93.999999996516));
#3090 = CARTESIAN_POINT('',(69.5,47.));
#3091 = ( GEOMETRIC_REPRESENTATION_CONTEXT(2) 
PARAMETRIC_REPRESENTATION_CONTEXT() REPRESENTATION_CONTEXT('2D SPACE',''
  ) );
#3092 = PCURVE('',#3093,#3098);
#3093 = PLANE('',#3094);
#3094 = AXIS2_PLACEMENT_3D('',#3095,#3096,#3097);
#3095 = CARTESIAN_POINT('',(-36.,39.,90.));
#3096 = DIRECTION('',(-1.,0.,0.));
#3097 = DIRECTION('',(0.,1.,0.));
#3098 = DEFINITIONAL_REPRESENTATION('',(#3099),#3102);
#3099 = B_SPLINE_CURVE_WITH_KNOTS('',1,(#3100,#3101),.UNSPECIFIED.,.F.,
  .F.,(2,2),(-70.49999999651,-23.5),.PIECEWISE_BEZIER_KNOTS.);
#3100 = CARTESIAN_POINT('',(46.999999996517,-5.));
#3101 = CARTESIAN_POINT('',(0.,-5.));
#3102 = ( GEOMETRIC_REPRESENTATION_CONTEXT(2) 
PARAMETRIC_REPRESENTATION_CONTEXT() REPRESENTATION_CONTEXT('2D SPACE',''
  ) );
#3103 = ORIENTED_EDGE('',*,*,#3104,.T.);
#3104 = EDGE_CURVE('',#3077,#3105,#3107,.T.);
#3105 = VERTEX_POINT('',#3106);
#3106 = CARTESIAN_POINT('',(-30.,91.999999998258,95.));
#3107 = SURFACE_CURVE('',#3108,(#3113,#3124),.PCURVE_S1.);
#3108 = CIRCLE('',#3109,6.);
#3109 = AXIS2_PLACEMENT_3D('',#3110,#3111,#3112);
#3110 = CARTESIAN_POINT('',(-30.,85.999999996516,95.));
#3111 = DIRECTION('',(0.,0.,-1.));
#3112 = DIRECTION('',(1.,0.,0.));
#3113 = PCURVE('',#62,#3114);
#3114 = DEFINITIONAL_REPRESENTATION('',(#3115),#3123);
#3115 = ( BOUNDED_CURVE() B_SPLINE_CURVE(2,(#3116,#3117,#3118,#3119,
#3120,#3121,#3122),.UNSPECIFIED.,.T.,.F.) B_SPLINE_CURVE_WITH_KNOTS((1,2
    ,2,2,2,1),(-2.094395102393,0.,2.094395102393,4.188790204786,
6.28318530718,8.377580409573),.UNSPECIFIED.) CURVE() 
GEOMETRIC_REPRESENTATION_ITEM() RATIONAL_B_SPLINE_CURVE((1.,0.5,1.,0.5,
1.,0.5,1.)) REPRESENTATION_ITEM('') );
#3116 = CARTESIAN_POINT('',(81.5,93.999999996516));
#3117 = CARTESIAN_POINT('',(81.5,83.607695151103));
#3118 = CARTESIAN_POINT('',(72.5,88.80384757381));
#3119 = CARTESIAN_POINT('',(63.5,93.999999996516));
#3120 = CARTESIAN_POINT('',(72.5,99.196152419223));
#3121 = CARTESIAN_POINT('',(81.5,104.39230484193));
#3122 = CARTESIAN_POINT('',(81.5,93.999999996516));
#3123 = ( GEOMETRIC_REPRESENTATION_CONTEXT(2) 
PARAMETRIC_REPRESENTATION_CONTEXT() REPRESENTATION_CONTEXT('2D SPACE',''
  ) );
#3124 = PCURVE('',#3125,#3130);
#3125 = CYLINDRICAL_SURFACE('',#3126,6.);
#3126 = AXIS2_PLACEMENT_3D('',#3127,#3128,#3129);
#3127 = CARTESIAN_POINT('',(-30.,85.999999996516,90.));
#3128 = DIRECTION('',(0.,0.,-1.));
#3129 = DIRECTION('',(1.,0.,0.));
#3130 = DEFINITIONAL_REPRESENTATION('',(#3131),#3135);
#3131 = LINE('',#3132,#3133);
#3132 = CARTESIAN_POINT('',(-6.28318530718,-5.));
#3133 = VECTOR('',#3134,1.);
#3134 = DIRECTION('',(1.,0.));
#3135 = ( GEOMETRIC_REPRESENTATION_CONTEXT(2) 
PARAMETRIC_REPRESENTATION_CONTEXT() REPRESENTATION_CONTEXT('2D SPACE',''
  ) );
#3136 = ORIENTED_EDGE('',*,*,#3137,.F.);
#3137 = EDGE_CURVE('',#3138,#3105,#3140,.T.);
#3138 = VERTEX_POINT('',#3139);
#3139 = CARTESIAN_POINT('',(30.,91.999999998258,95.));
#3140 = SURFACE_CURVE('',#3141,(#3145,#3151),.PCURVE_S1.);
#3141 = LINE('',#3142,#3143);
#3142 = CARTESIAN_POINT('',(-67.75,92.,95.));
#3143 = VECTOR('',#3144,1.);
#3144 = DIRECTION('',(-1.,0.,0.));
#3145 = PCURVE('',#62,#3146);
#3146 = DEFINITIONAL_REPRESENTATION('',(#3147),#3150);
#3147 = B_SPLINE_CURVE_WITH_KNOTS('',1,(#3148,#3149),.UNSPECIFIED.,.F.,
  .F.,(2,2),(-97.75,-37.75),.PIECEWISE_BEZIER_KNOTS.);
#3148 = CARTESIAN_POINT('',(135.5,100.));
#3149 = CARTESIAN_POINT('',(75.5,100.));
#3150 = ( GEOMETRIC_REPRESENTATION_CONTEXT(2) 
PARAMETRIC_REPRESENTATION_CONTEXT() REPRESENTATION_CONTEXT('2D SPACE',''
  ) );
#3151 = PCURVE('',#3152,#3157);
#3152 = PLANE('',#3153);
#3153 = AXIS2_PLACEMENT_3D('',#3154,#3155,#3156);
#3154 = CARTESIAN_POINT('',(-30.,92.,90.));
#3155 = DIRECTION('',(0.,1.,0.));
#3156 = DIRECTION('',(1.,0.,0.));
#3157 = DEFINITIONAL_REPRESENTATION('',(#3158),#3161);
#3158 = B_SPLINE_CURVE_WITH_KNOTS('',1,(#3159,#3160),.UNSPECIFIED.,.F.,
  .F.,(2,2),(-97.75,-37.75),.PIECEWISE_BEZIER_KNOTS.);
#3159 = CARTESIAN_POINT('',(60.,-5.));
#3160 = CARTESIAN_POINT('',(0.,-5.));
#3161 = ( GEOMETRIC_REPRESENTATION_CONTEXT(2) 
PARAMETRIC_REPRESENTATION_CONTEXT() REPRESENTATION_CONTEXT('2D SPACE',''
  ) );
#3162 = ORIENTED_EDGE('',*,*,#3163,.T.);
#3163 = EDGE_CURVE('',#3138,#3164,#3166,.T.);
#3164 = VERTEX_POINT('',#3165);
#3165 = CARTESIAN_POINT('',(36.,85.999999996516,95.));
#3166 = SURFACE_CURVE('',#3167,(#3172,#3183),.PCURVE_S1.);
#3167 = CIRCLE('',#3168,6.);
#3168 = AXIS2_PLACEMENT_3D('',#3169,#3170,#3171);
#3169 = CARTESIAN_POINT('',(30.,85.999999996516,95.));
#3170 = DIRECTION('',(0.,0.,-1.));
#3171 = DIRECTION('',(1.,0.,0.));
#3172 = PCURVE('',#62,#3173);
#3173 = DEFINITIONAL_REPRESENTATION('',(#3174),#3182);
#3174 = ( BOUNDED_CURVE() B_SPLINE_CURVE(2,(#3175,#3176,#3177,#3178,
#3179,#3180,#3181),.UNSPECIFIED.,.T.,.F.) B_SPLINE_CURVE_WITH_KNOTS((1,2
    ,2,2,2,1),(-2.094395102393,0.,2.094395102393,4.188790204786,
6.28318530718,8.377580409573),.UNSPECIFIED.) CURVE() 
GEOMETRIC_REPRESENTATION_ITEM() RATIONAL_B_SPLINE_CURVE((1.,0.5,1.,0.5,
1.,0.5,1.)) REPRESENTATION_ITEM('') );
#3175 = CARTESIAN_POINT('',(141.5,93.999999996516));
#3176 = CARTESIAN_POINT('',(141.5,83.607695151103));
#3177 = CARTESIAN_POINT('',(132.5,88.80384757381));
#3178 = CARTESIAN_POINT('',(123.5,93.999999996516));
#3179 = CARTESIAN_POINT('',(132.5,99.196152419223));
#3180 = CARTESIAN_POINT('',(141.5,104.39230484193));
#3181 = CARTESIAN_POINT('',(141.5,93.999999996516));
#3182 = ( GEOMETRIC_REPRESENTATION_CONTEXT(2) 
PARAMETRIC_REPRESENTATION_CONTEXT() REPRESENTATION_CONTEXT('2D SPACE',''
  ) );
#3183 = PCURVE('',#3184,#3189);
#3184 = CYLINDRICAL_SURFACE('',#3185,6.);
#3185 = AXIS2_PLACEMENT_3D('',#3186,#3187,#3188);
#3186 = CARTESIAN_POINT('',(30.,85.999999996516,90.));
#3187 = DIRECTION('',(0.,0.,-1.));
#3188 = DIRECTION('',(1.,0.,0.));
#3189 = DEFINITIONAL_REPRESENTATION('',(#3190),#3194);
#3190 = LINE('',#3191,#3192);
#3191 = CARTESIAN_POINT('',(-6.28318530718,-5.));
#3192 = VECTOR('',#3193,1.);
#3193 = DIRECTION('',(1.,0.));
#3194 = ( GEOMETRIC_REPRESENTATION_CONTEXT(2) 
PARAMETRIC_REPRESENTATION_CONTEXT() REPRESENTATION_CONTEXT('2D SPACE',''
  ) );
#3195 = ORIENTED_EDGE('',*,*,#3196,.T.);
#3196 = EDGE_CURVE('',#3164,#3197,#3199,.T.);
#3197 = VERTEX_POINT('',#3198);
#3198 = CARTESIAN_POINT('',(36.,39.,95.));
#3199 = SURFACE_CURVE('',#3200,(#3204,#3210),.PCURVE_S1.);
#3200 = LINE('',#3201,#3202);
#3201 = CARTESIAN_POINT('',(36.,15.5,95.));
#3202 = VECTOR('',#3203,1.);
#3203 = DIRECTION('',(0.,-1.,0.));
#3204 = PCURVE('',#62,#3205);
#3205 = DEFINITIONAL_REPRESENTATION('',(#3206),#3209);
#3206 = B_SPLINE_CURVE_WITH_KNOTS('',1,(#3207,#3208),.UNSPECIFIED.,.F.,
  .F.,(2,2),(-70.49999999651,-23.5),.PIECEWISE_BEZIER_KNOTS.);
#3207 = CARTESIAN_POINT('',(141.5,93.999999996516));
#3208 = CARTESIAN_POINT('',(141.5,47.));
#3209 = ( GEOMETRIC_REPRESENTATION_CONTEXT(2) 
PARAMETRIC_REPRESENTATION_CONTEXT() REPRESENTATION_CONTEXT('2D SPACE',''
  ) );
#3210 = PCURVE('',#3211,#3216);
#3211 = PLANE('',#3212);
#3212 = AXIS2_PLACEMENT_3D('',#3213,#3214,#3215);
#3213 = CARTESIAN_POINT('',(36.,39.,90.));
#3214 = DIRECTION('',(-1.,0.,0.));
#3215 = DIRECTION('',(0.,1.,0.));
#3216 = DEFINITIONAL_REPRESENTATION('',(#3217),#3220);
#3217 = B_SPLINE_CURVE_WITH_KNOTS('',1,(#3218,#3219),.UNSPECIFIED.,.F.,
  .F.,(2,2),(-70.49999999651,-23.5),.PIECEWISE_BEZIER_KNOTS.);
#3218 = CARTESIAN_POINT('',(46.999999996517,-5.));
#3219 = CARTESIAN_POINT('',(0.,-5.));
#3220 = ( GEOMETRIC_REPRESENTATION_CONTEXT(2) 
PARAMETRIC_REPRESENTATION_CONTEXT() REPRESENTATION_CONTEXT('2D SPACE',''
  ) );
#3221 = ORIENTED_EDGE('',*,*,#3222,.T.);
#3222 = EDGE_CURVE('',#3197,#3223,#3225,.T.);
#3223 = VERTEX_POINT('',#3224);
#3224 = CARTESIAN_POINT('',(30.,33.,95.));
#3225 = SURFACE_CURVE('',#3226,(#3231,#3242),.PCURVE_S1.);
#3226 = CIRCLE('',#3227,6.);
#3227 = AXIS2_PLACEMENT_3D('',#3228,#3229,#3230);
#3228 = CARTESIAN_POINT('',(30.,39.,95.));
#3229 = DIRECTION('',(0.,0.,-1.));
#3230 = DIRECTION('',(1.,0.,0.));
#3231 = PCURVE('',#62,#3232);
#3232 = DEFINITIONAL_REPRESENTATION('',(#3233),#3241);
#3233 = ( BOUNDED_CURVE() B_SPLINE_CURVE(2,(#3234,#3235,#3236,#3237,
#3238,#3239,#3240),.UNSPECIFIED.,.T.,.F.) B_SPLINE_CURVE_WITH_KNOTS((1,2
    ,2,2,2,1),(-2.094395102393,0.,2.094395102393,4.188790204786,
6.28318530718,8.377580409573),.UNSPECIFIED.) CURVE() 
GEOMETRIC_REPRESENTATION_ITEM() RATIONAL_B_SPLINE_CURVE((1.,0.5,1.,0.5,
1.,0.5,1.)) REPRESENTATION_ITEM('') );
#3234 = CARTESIAN_POINT('',(141.5,47.));
#3235 = CARTESIAN_POINT('',(141.5,36.607695154587));
#3236 = CARTESIAN_POINT('',(132.5,41.803847577293));
#3237 = CARTESIAN_POINT('',(123.5,47.));
#3238 = CARTESIAN_POINT('',(132.5,52.196152422706));
#3239 = CARTESIAN_POINT('',(141.5,57.392304845413));
#3240 = CARTESIAN_POINT('',(141.5,47.));
#3241 = ( GEOMETRIC_REPRESENTATION_CONTEXT(2) 
PARAMETRIC_REPRESENTATION_CONTEXT() REPRESENTATION_CONTEXT('2D SPACE',''
  ) );
#3242 = PCURVE('',#3243,#3248);
#3243 = CYLINDRICAL_SURFACE('',#3244,6.);
#3244 = AXIS2_PLACEMENT_3D('',#3245,#3246,#3247);
#3245 = CARTESIAN_POINT('',(30.,39.,90.));
#3246 = DIRECTION('',(0.,0.,-1.));
#3247 = DIRECTION('',(1.,0.,0.));
#3248 = DEFINITIONAL_REPRESENTATION('',(#3249),#3253);
#3249 = LINE('',#3250,#3251);
#3250 = CARTESIAN_POINT('',(-6.28318530718,-5.));
#3251 = VECTOR('',#3252,1.);
#3252 = DIRECTION('',(1.,0.));
#3253 = ( GEOMETRIC_REPRESENTATION_CONTEXT(2) 
PARAMETRIC_REPRESENTATION_CONTEXT() REPRESENTATION_CONTEXT('2D SPACE',''
  ) );
#3254 = ORIENTED_EDGE('',*,*,#3255,.T.);
#3255 = EDGE_CURVE('',#3223,#3256,#3258,.T.);
#3256 = VERTEX_POINT('',#3257);
#3257 = CARTESIAN_POINT('',(-30.,33.,95.));
#3258 = SURFACE_CURVE('',#3259,(#3263,#3269),.PCURVE_S1.);
#3259 = LINE('',#3260,#3261);
#3260 = CARTESIAN_POINT('',(-67.75,33.,95.));
#3261 = VECTOR('',#3262,1.);
#3262 = DIRECTION('',(-1.,0.,0.));
#3263 = PCURVE('',#62,#3264);
#3264 = DEFINITIONAL_REPRESENTATION('',(#3265),#3268);
#3265 = B_SPLINE_CURVE_WITH_KNOTS('',1,(#3266,#3267),.UNSPECIFIED.,.F.,
  .F.,(2,2),(-97.75,-37.75),.PIECEWISE_BEZIER_KNOTS.);
#3266 = CARTESIAN_POINT('',(135.5,41.));
#3267 = CARTESIAN_POINT('',(75.5,41.));
#3268 = ( GEOMETRIC_REPRESENTATION_CONTEXT(2) 
PARAMETRIC_REPRESENTATION_CONTEXT() REPRESENTATION_CONTEXT('2D SPACE',''
  ) );
#3269 = PCURVE('',#3270,#3275);
#3270 = PLANE('',#3271);
#3271 = AXIS2_PLACEMENT_3D('',#3272,#3273,#3274);
#3272 = CARTESIAN_POINT('',(-30.,33.,90.));
#3273 = DIRECTION('',(0.,1.,0.));
#3274 = DIRECTION('',(1.,0.,0.));
#3275 = DEFINITIONAL_REPRESENTATION('',(#3276),#3279);
#3276 = B_SPLINE_CURVE_WITH_KNOTS('',1,(#3277,#3278),.UNSPECIFIED.,.F.,
  .F.,(2,2),(-97.75,-37.75),.PIECEWISE_BEZIER_KNOTS.);
#3277 = CARTESIAN_POINT('',(60.,-5.));
#3278 = CARTESIAN_POINT('',(0.,-5.));
#3279 = ( GEOMETRIC_REPRESENTATION_CONTEXT(2) 
PARAMETRIC_REPRESENTATION_CONTEXT() REPRESENTATION_CONTEXT('2D SPACE',''
  ) );
#3280 = ORIENTED_EDGE('',*,*,#3281,.T.);
#3281 = EDGE_CURVE('',#3256,#3079,#3282,.T.);
#3282 = SURFACE_CURVE('',#3283,(#3288,#3299),.PCURVE_S1.);
#3283 = CIRCLE('',#3284,6.);
#3284 = AXIS2_PLACEMENT_3D('',#3285,#3286,#3287);
#3285 = CARTESIAN_POINT('',(-30.,39.,95.));
#3286 = DIRECTION('',(0.,0.,-1.));
#3287 = DIRECTION('',(1.,0.,0.));
#3288 = PCURVE('',#62,#3289);
#3289 = DEFINITIONAL_REPRESENTATION('',(#3290),#3298);
#3290 = ( BOUNDED_CURVE() B_SPLINE_CURVE(2,(#3291,#3292,#3293,#3294,
#3295,#3296,#3297),.UNSPECIFIED.,.T.,.F.) B_SPLINE_CURVE_WITH_KNOTS((1,2
    ,2,2,2,1),(-2.094395102393,0.,2.094395102393,4.188790204786,
6.28318530718,8.377580409573),.UNSPECIFIED.) CURVE() 
GEOMETRIC_REPRESENTATION_ITEM() RATIONAL_B_SPLINE_CURVE((1.,0.5,1.,0.5,
1.,0.5,1.)) REPRESENTATION_ITEM('') );
#3291 = CARTESIAN_POINT('',(81.5,47.));
#3292 = CARTESIAN_POINT('',(81.5,36.607695154587));
#3293 = CARTESIAN_POINT('',(72.5,41.803847577293));
#3294 = CARTESIAN_POINT('',(63.5,47.));
#3295 = CARTESIAN_POINT('',(72.5,52.196152422706));
#3296 = CARTESIAN_POINT('',(81.5,57.392304845413));
#3297 = CARTESIAN_POINT('',(81.5,47.));
#3298 = ( GEOMETRIC_REPRESENTATION_CONTEXT(2) 
PARAMETRIC_REPRESENTATION_CONTEXT() REPRESENTATION_CONTEXT('2D SPACE',''
  ) );
#3299 = PCURVE('',#3300,#3305);
#3300 = CYLINDRICAL_SURFACE('',#3301,6.);
#3301 = AXIS2_PLACEMENT_3D('',#3302,#3303,#3304);
#3302 = CARTESIAN_POINT('',(-30.,39.,90.));
#3303 = DIRECTION('',(0.,0.,-1.));
#3304 = DIRECTION('',(1.,0.,0.));
#3305 = DEFINITIONAL_REPRESENTATION('',(#3306),#3310);
#3306 = LINE('',#3307,#3308);
#3307 = CARTESIAN_POINT('',(-6.28318530718,-5.));
#3308 = VECTOR('',#3309,1.);
#3309 = DIRECTION('',(1.,0.));
#3310 = ( GEOMETRIC_REPRESENTATION_CONTEXT(2) 
PARAMETRIC_REPRESENTATION_CONTEXT() REPRESENTATION_CONTEXT('2D SPACE',''
  ) );
#3311 = FACE_BOUND('',#3312,.T.);
#3312 = EDGE_LOOP('',(#3313));
#3313 = ORIENTED_EDGE('',*,*,#3314,.F.);
#3314 = EDGE_CURVE('',#3315,#3315,#3317,.T.);
#3315 = VERTEX_POINT('',#3316);
#3316 = CARTESIAN_POINT('',(-43.3,77.,95.));
#3317 = SURFACE_CURVE('',#3318,(#3323,#3330),.PCURVE_S1.);
#3318 = CIRCLE('',#3319,1.7);
#3319 = AXIS2_PLACEMENT_3D('',#3320,#3321,#3322);
#3320 = CARTESIAN_POINT('',(-45.,77.,95.));
#3321 = DIRECTION('',(0.,0.,1.));
#3322 = DIRECTION('',(1.,0.,0.));
#3323 = PCURVE('',#62,#3324);
#3324 = DEFINITIONAL_REPRESENTATION('',(#3325),#3329);
#3325 = CIRCLE('',#3326,1.7);
#3326 = AXIS2_PLACEMENT_2D('',#3327,#3328);
#3327 = CARTESIAN_POINT('',(60.5,85.));
#3328 = DIRECTION('',(1.,0.));
#3329 = ( GEOMETRIC_REPRESENTATION_CONTEXT(2) 
PARAMETRIC_REPRESENTATION_CONTEXT() REPRESENTATION_CONTEXT('2D SPACE',''
  ) );
#3330 = PCURVE('',#3331,#3336);
#3331 = CYLINDRICAL_SURFACE('',#3332,1.7);
#3332 = AXIS2_PLACEMENT_3D('',#3333,#3334,#3335);
#3333 = CARTESIAN_POINT('',(-45.,77.,71.));
#3334 = DIRECTION('',(0.,0.,1.));
#3335 = DIRECTION('',(1.,0.,0.));
#3336 = DEFINITIONAL_REPRESENTATION('',(#3337),#3341);
#3337 = LINE('',#3338,#3339);
#3338 = CARTESIAN_POINT('',(0.,24.));
#3339 = VECTOR('',#3340,1.);
#3340 = DIRECTION('',(1.,0.));
#3341 = ( GEOMETRIC_REPRESENTATION_CONTEXT(2) 
PARAMETRIC_REPRESENTATION_CONTEXT() REPRESENTATION_CONTEXT('2D SPACE',''
  ) );
#3342 = FACE_BOUND('',#3343,.T.);
#3343 = EDGE_LOOP('',(#3344));
#3344 = ORIENTED_EDGE('',*,*,#3345,.F.);
#3345 = EDGE_CURVE('',#3346,#3346,#3348,.T.);
#3346 = VERTEX_POINT('',#3347);
#3347 = CARTESIAN_POINT('',(46.7,77.,95.));
#3348 = SURFACE_CURVE('',#3349,(#3354,#3361),.PCURVE_S1.);
#3349 = CIRCLE('',#3350,1.7);
#3350 = AXIS2_PLACEMENT_3D('',#3351,#3352,#3353);
#3351 = CARTESIAN_POINT('',(45.,77.,95.));
#3352 = DIRECTION('',(0.,0.,1.));
#3353 = DIRECTION('',(1.,0.,0.));
#3354 = PCURVE('',#62,#3355);
#3355 = DEFINITIONAL_REPRESENTATION('',(#3356),#3360);
#3356 = CIRCLE('',#3357,1.7);
#3357 = AXIS2_PLACEMENT_2D('',#3358,#3359);
#3358 = CARTESIAN_POINT('',(150.5,85.));
#3359 = DIRECTION('',(1.,0.));
#3360 = ( GEOMETRIC_REPRESENTATION_CONTEXT(2) 
PARAMETRIC_REPRESENTATION_CONTEXT() REPRESENTATION_CONTEXT('2D SPACE',''
  ) );
#3361 = PCURVE('',#3362,#3367);
#3362 = CYLINDRICAL_SURFACE('',#3363,1.7);
#3363 = AXIS2_PLACEMENT_3D('',#3364,#3365,#3366);
#3364 = CARTESIAN_POINT('',(45.,77.,71.));
#3365 = DIRECTION('',(0.,0.,1.));
#3366 = DIRECTION('',(1.,0.,0.));
#3367 = DEFINITIONAL_REPRESENTATION('',(#3368),#3372);
#3368 = LINE('',#3369,#3370);
#3369 = CARTESIAN_POINT('',(0.,24.));
#3370 = VECTOR('',#3371,1.);
#3371 = DIRECTION('',(1.,0.));
#3372 = ( GEOMETRIC_REPRESENTATION_CONTEXT(2) 
PARAMETRIC_REPRESENTATION_CONTEXT() REPRESENTATION_CONTEXT('2D SPACE',''
  ) );
#3373 = FACE_BOUND('',#3374,.T.);
#3374 = EDGE_LOOP('',(#3375,#3403,#3436,#3462,#3495,#3521,#3554,#3580));
#3375 = ORIENTED_EDGE('',*,*,#3376,.F.);
#3376 = EDGE_CURVE('',#3377,#3379,#3381,.T.);
#3377 = VERTEX_POINT('',#3378);
#3378 = CARTESIAN_POINT('',(54.,86.,95.));
#3379 = VERTEX_POINT('',#3380);
#3380 = CARTESIAN_POINT('',(54.,39.,95.));
#3381 = SURFACE_CURVE('',#3382,(#3386,#3392),.PCURVE_S1.);
#3382 = LINE('',#3383,#3384);
#3383 = CARTESIAN_POINT('',(54.,15.5,95.));
#3384 = VECTOR('',#3385,1.);
#3385 = DIRECTION('',(0.,-1.,0.));
#3386 = PCURVE('',#62,#3387);
#3387 = DEFINITIONAL_REPRESENTATION('',(#3388),#3391);
#3388 = B_SPLINE_CURVE_WITH_KNOTS('',1,(#3389,#3390),.UNSPECIFIED.,.F.,
  .F.,(2,2),(-70.5,-23.5),.PIECEWISE_BEZIER_KNOTS.);
#3389 = CARTESIAN_POINT('',(159.5,94.));
#3390 = CARTESIAN_POINT('',(159.5,47.));
#3391 = ( GEOMETRIC_REPRESENTATION_CONTEXT(2) 
PARAMETRIC_REPRESENTATION_CONTEXT() REPRESENTATION_CONTEXT('2D SPACE',''
  ) );
#3392 = PCURVE('',#3393,#3398);
#3393 = PLANE('',#3394);
#3394 = AXIS2_PLACEMENT_3D('',#3395,#3396,#3397);
#3395 = CARTESIAN_POINT('',(54.,39.,90.));
#3396 = DIRECTION('',(-1.,0.,0.));
#3397 = DIRECTION('',(0.,1.,0.));
#3398 = DEFINITIONAL_REPRESENTATION('',(#3399),#3402);
#3399 = B_SPLINE_CURVE_WITH_KNOTS('',1,(#3400,#3401),.UNSPECIFIED.,.F.,
  .F.,(2,2),(-70.5,-23.5),.PIECEWISE_BEZIER_KNOTS.);
#3400 = CARTESIAN_POINT('',(47.,-5.));
#3401 = CARTESIAN_POINT('',(0.,-5.));
#3402 = ( GEOMETRIC_REPRESENTATION_CONTEXT(2) 
PARAMETRIC_REPRESENTATION_CONTEXT() REPRESENTATION_CONTEXT('2D SPACE',''
  ) );
#3403 = ORIENTED_EDGE('',*,*,#3404,.T.);
#3404 = EDGE_CURVE('',#3377,#3405,#3407,.T.);
#3405 = VERTEX_POINT('',#3406);
#3406 = CARTESIAN_POINT('',(60.,92.,95.));
#3407 = SURFACE_CURVE('',#3408,(#3413,#3424),.PCURVE_S1.);
#3408 = CIRCLE('',#3409,6.);
#3409 = AXIS2_PLACEMENT_3D('',#3410,#3411,#3412);
#3410 = CARTESIAN_POINT('',(60.,86.,95.));
#3411 = DIRECTION('',(0.,0.,-1.));
#3412 = DIRECTION('',(-1.,0.,0.));
#3413 = PCURVE('',#62,#3414);
#3414 = DEFINITIONAL_REPRESENTATION('',(#3415),#3423);
#3415 = ( BOUNDED_CURVE() B_SPLINE_CURVE(2,(#3416,#3417,#3418,#3419,
#3420,#3421,#3422),.UNSPECIFIED.,.T.,.F.) B_SPLINE_CURVE_WITH_KNOTS((1,2
    ,2,2,2,1),(-2.094395102393,0.,2.094395102393,4.188790204786,
6.28318530718,8.377580409573),.UNSPECIFIED.) CURVE() 
GEOMETRIC_REPRESENTATION_ITEM() RATIONAL_B_SPLINE_CURVE((1.,0.5,1.,0.5,
1.,0.5,1.)) REPRESENTATION_ITEM('') );
#3416 = CARTESIAN_POINT('',(159.5,94.));
#3417 = CARTESIAN_POINT('',(159.5,104.39230484541));
#3418 = CARTESIAN_POINT('',(168.5,99.196152422707));
#3419 = CARTESIAN_POINT('',(177.5,94.));
#3420 = CARTESIAN_POINT('',(168.5,88.803847577293));
#3421 = CARTESIAN_POINT('',(159.5,83.607695154587));
#3422 = CARTESIAN_POINT('',(159.5,94.));
#3423 = ( GEOMETRIC_REPRESENTATION_CONTEXT(2) 
PARAMETRIC_REPRESENTATION_CONTEXT() REPRESENTATION_CONTEXT('2D SPACE',''
  ) );
#3424 = PCURVE('',#3425,#3430);
#3425 = CYLINDRICAL_SURFACE('',#3426,6.);
#3426 = AXIS2_PLACEMENT_3D('',#3427,#3428,#3429);
#3427 = CARTESIAN_POINT('',(60.,86.,90.));
#3428 = DIRECTION('',(0.,0.,-1.));
#3429 = DIRECTION('',(-1.,0.,0.));
#3430 = DEFINITIONAL_REPRESENTATION('',(#3431),#3435);
#3431 = LINE('',#3432,#3433);
#3432 = CARTESIAN_POINT('',(0.,-5.));
#3433 = VECTOR('',#3434,1.);
#3434 = DIRECTION('',(1.,0.));
#3435 = ( GEOMETRIC_REPRESENTATION_CONTEXT(2) 
PARAMETRIC_REPRESENTATION_CONTEXT() REPRESENTATION_CONTEXT('2D SPACE',''
  ) );
#3436 = ORIENTED_EDGE('',*,*,#3437,.F.);
#3437 = EDGE_CURVE('',#3438,#3405,#3440,.T.);
#3438 = VERTEX_POINT('',#3439);
#3439 = CARTESIAN_POINT('',(86.499999998824,92.,95.));
#3440 = SURFACE_CURVE('',#3441,(#3445,#3451),.PCURVE_S1.);
#3441 = LINE('',#3442,#3443);
#3442 = CARTESIAN_POINT('',(-22.75,92.,95.));
#3443 = VECTOR('',#3444,1.);
#3444 = DIRECTION('',(-1.,0.,0.));
#3445 = PCURVE('',#62,#3446);
#3446 = DEFINITIONAL_REPRESENTATION('',(#3447),#3450);
#3447 = B_SPLINE_CURVE_WITH_KNOTS('',1,(#3448,#3449),.UNSPECIFIED.,.F.,
  .F.,(2,2),(-109.2499999988,-82.75),.PIECEWISE_BEZIER_KNOTS.);
#3448 = CARTESIAN_POINT('',(191.99999999882,100.));
#3449 = CARTESIAN_POINT('',(165.5,100.));
#3450 = ( GEOMETRIC_REPRESENTATION_CONTEXT(2) 
PARAMETRIC_REPRESENTATION_CONTEXT() REPRESENTATION_CONTEXT('2D SPACE',''
  ) );
#3451 = PCURVE('',#3452,#3457);
#3452 = PLANE('',#3453);
#3453 = AXIS2_PLACEMENT_3D('',#3454,#3455,#3456);
#3454 = CARTESIAN_POINT('',(60.,92.,90.));
#3455 = DIRECTION('',(0.,1.,0.));
#3456 = DIRECTION('',(1.,0.,0.));
#3457 = DEFINITIONAL_REPRESENTATION('',(#3458),#3461);
#3458 = B_SPLINE_CURVE_WITH_KNOTS('',1,(#3459,#3460),.UNSPECIFIED.,.F.,
  .F.,(2,2),(-109.2499999988,-82.75),.PIECEWISE_BEZIER_KNOTS.);
#3459 = CARTESIAN_POINT('',(26.499999998824,-5.));
#3460 = CARTESIAN_POINT('',(0.,-5.));
#3461 = ( GEOMETRIC_REPRESENTATION_CONTEXT(2) 
PARAMETRIC_REPRESENTATION_CONTEXT() REPRESENTATION_CONTEXT('2D SPACE',''
  ) );
#3462 = ORIENTED_EDGE('',*,*,#3463,.T.);
#3463 = EDGE_CURVE('',#3438,#3464,#3466,.T.);
#3464 = VERTEX_POINT('',#3465);
#3465 = CARTESIAN_POINT('',(92.499999999412,86.,95.));
#3466 = SURFACE_CURVE('',#3467,(#3472,#3483),.PCURVE_S1.);
#3467 = CIRCLE('',#3468,6.);
#3468 = AXIS2_PLACEMENT_3D('',#3469,#3470,#3471);
#3469 = CARTESIAN_POINT('',(86.499999998824,86.,95.));
#3470 = DIRECTION('',(0.,0.,-1.));
#3471 = DIRECTION('',(-1.,0.,0.));
#3472 = PCURVE('',#62,#3473);
#3473 = DEFINITIONAL_REPRESENTATION('',(#3474),#3482);
#3474 = ( BOUNDED_CURVE() B_SPLINE_CURVE(2,(#3475,#3476,#3477,#3478,
#3479,#3480,#3481),.UNSPECIFIED.,.T.,.F.) B_SPLINE_CURVE_WITH_KNOTS((1,2
    ,2,2,2,1),(-2.094395102393,0.,2.094395102393,4.188790204786,
6.28318530718,8.377580409573),.UNSPECIFIED.) CURVE() 
GEOMETRIC_REPRESENTATION_ITEM() RATIONAL_B_SPLINE_CURVE((1.,0.5,1.,0.5,
1.,0.5,1.)) REPRESENTATION_ITEM('') );
#3475 = CARTESIAN_POINT('',(185.99999999882,94.));
#3476 = CARTESIAN_POINT('',(185.99999999882,104.39230484541));
#3477 = CARTESIAN_POINT('',(194.99999999882,99.196152422707));
#3478 = CARTESIAN_POINT('',(203.99999999882,94.));
#3479 = CARTESIAN_POINT('',(194.99999999882,88.803847577293));
#3480 = CARTESIAN_POINT('',(185.99999999882,83.607695154587));
#3481 = CARTESIAN_POINT('',(185.99999999882,94.));
#3482 = ( GEOMETRIC_REPRESENTATION_CONTEXT(2) 
PARAMETRIC_REPRESENTATION_CONTEXT() REPRESENTATION_CONTEXT('2D SPACE',''
  ) );
#3483 = PCURVE('',#3484,#3489);
#3484 = CYLINDRICAL_SURFACE('',#3485,6.);
#3485 = AXIS2_PLACEMENT_3D('',#3486,#3487,#3488);
#3486 = CARTESIAN_POINT('',(86.499999998824,86.,90.));
#3487 = DIRECTION('',(0.,0.,-1.));
#3488 = DIRECTION('',(-1.,0.,0.));
#3489 = DEFINITIONAL_REPRESENTATION('',(#3490),#3494);
#3490 = LINE('',#3491,#3492);
#3491 = CARTESIAN_POINT('',(0.,-5.));
#3492 = VECTOR('',#3493,1.);
#3493 = DIRECTION('',(1.,0.));
#3494 = ( GEOMETRIC_REPRESENTATION_CONTEXT(2) 
PARAMETRIC_REPRESENTATION_CONTEXT() REPRESENTATION_CONTEXT('2D SPACE',''
  ) );
#3495 = ORIENTED_EDGE('',*,*,#3496,.T.);
#3496 = EDGE_CURVE('',#3464,#3497,#3499,.T.);
#3497 = VERTEX_POINT('',#3498);
#3498 = CARTESIAN_POINT('',(92.499999999412,39.,95.));
#3499 = SURFACE_CURVE('',#3500,(#3504,#3510),.PCURVE_S1.);
#3500 = LINE('',#3501,#3502);
#3501 = CARTESIAN_POINT('',(92.5,15.5,95.));
#3502 = VECTOR('',#3503,1.);
#3503 = DIRECTION('',(0.,-1.,0.));
#3504 = PCURVE('',#62,#3505);
#3505 = DEFINITIONAL_REPRESENTATION('',(#3506),#3509);
#3506 = B_SPLINE_CURVE_WITH_KNOTS('',1,(#3507,#3508),.UNSPECIFIED.,.F.,
  .F.,(2,2),(-70.5,-23.5),.PIECEWISE_BEZIER_KNOTS.);
#3507 = CARTESIAN_POINT('',(198.,94.));
#3508 = CARTESIAN_POINT('',(198.,47.));
#3509 = ( GEOMETRIC_REPRESENTATION_CONTEXT(2) 
PARAMETRIC_REPRESENTATION_CONTEXT() REPRESENTATION_CONTEXT('2D SPACE',''
  ) );
#3510 = PCURVE('',#3511,#3516);
#3511 = PLANE('',#3512);
#3512 = AXIS2_PLACEMENT_3D('',#3513,#3514,#3515);
#3513 = CARTESIAN_POINT('',(92.5,39.,90.));
#3514 = DIRECTION('',(-1.,0.,0.));
#3515 = DIRECTION('',(0.,1.,0.));
#3516 = DEFINITIONAL_REPRESENTATION('',(#3517),#3520);
#3517 = B_SPLINE_CURVE_WITH_KNOTS('',1,(#3518,#3519),.UNSPECIFIED.,.F.,
  .F.,(2,2),(-70.5,-23.5),.PIECEWISE_BEZIER_KNOTS.);
#3518 = CARTESIAN_POINT('',(47.,-5.));
#3519 = CARTESIAN_POINT('',(0.,-5.));
#3520 = ( GEOMETRIC_REPRESENTATION_CONTEXT(2) 
PARAMETRIC_REPRESENTATION_CONTEXT() REPRESENTATION_CONTEXT('2D SPACE',''
  ) );
#3521 = ORIENTED_EDGE('',*,*,#3522,.T.);
#3522 = EDGE_CURVE('',#3497,#3523,#3525,.T.);
#3523 = VERTEX_POINT('',#3524);
#3524 = CARTESIAN_POINT('',(86.499999998824,33.,95.));
#3525 = SURFACE_CURVE('',#3526,(#3531,#3542),.PCURVE_S1.);
#3526 = CIRCLE('',#3527,6.);
#3527 = AXIS2_PLACEMENT_3D('',#3528,#3529,#3530);
#3528 = CARTESIAN_POINT('',(86.499999998824,39.,95.));
#3529 = DIRECTION('',(0.,0.,-1.));
#3530 = DIRECTION('',(-1.,0.,0.));
#3531 = PCURVE('',#62,#3532);
#3532 = DEFINITIONAL_REPRESENTATION('',(#3533),#3541);
#3533 = ( BOUNDED_CURVE() B_SPLINE_CURVE(2,(#3534,#3535,#3536,#3537,
#3538,#3539,#3540),.UNSPECIFIED.,.T.,.F.) B_SPLINE_CURVE_WITH_KNOTS((1,2
    ,2,2,2,1),(-2.094395102393,0.,2.094395102393,4.188790204786,
6.28318530718,8.377580409573),.UNSPECIFIED.) CURVE() 
GEOMETRIC_REPRESENTATION_ITEM() RATIONAL_B_SPLINE_CURVE((1.,0.5,1.,0.5,
1.,0.5,1.)) REPRESENTATION_ITEM('') );
#3534 = CARTESIAN_POINT('',(185.99999999882,47.));
#3535 = CARTESIAN_POINT('',(185.99999999882,57.392304845413));
#3536 = CARTESIAN_POINT('',(194.99999999882,52.196152422707));
#3537 = CARTESIAN_POINT('',(203.99999999882,47.));
#3538 = CARTESIAN_POINT('',(194.99999999882,41.803847577293));
#3539 = CARTESIAN_POINT('',(185.99999999882,36.607695154587));
#3540 = CARTESIAN_POINT('',(185.99999999882,47.));
#3541 = ( GEOMETRIC_REPRESENTATION_CONTEXT(2) 
PARAMETRIC_REPRESENTATION_CONTEXT() REPRESENTATION_CONTEXT('2D SPACE',''
  ) );
#3542 = PCURVE('',#3543,#3548);
#3543 = CYLINDRICAL_SURFACE('',#3544,6.);
#3544 = AXIS2_PLACEMENT_3D('',#3545,#3546,#3547);
#3545 = CARTESIAN_POINT('',(86.499999998824,39.,90.));
#3546 = DIRECTION('',(0.,0.,-1.));
#3547 = DIRECTION('',(-1.,0.,0.));
#3548 = DEFINITIONAL_REPRESENTATION('',(#3549),#3553);
#3549 = LINE('',#3550,#3551);
#3550 = CARTESIAN_POINT('',(0.,-5.));
#3551 = VECTOR('',#3552,1.);
#3552 = DIRECTION('',(1.,0.));
#3553 = ( GEOMETRIC_REPRESENTATION_CONTEXT(2) 
PARAMETRIC_REPRESENTATION_CONTEXT() REPRESENTATION_CONTEXT('2D SPACE',''
  ) );
#3554 = ORIENTED_EDGE('',*,*,#3555,.T.);
#3555 = EDGE_CURVE('',#3523,#3556,#3558,.T.);
#3556 = VERTEX_POINT('',#3557);
#3557 = CARTESIAN_POINT('',(60.,33.,95.));
#3558 = SURFACE_CURVE('',#3559,(#3563,#3569),.PCURVE_S1.);
#3559 = LINE('',#3560,#3561);
#3560 = CARTESIAN_POINT('',(-22.75,33.,95.));
#3561 = VECTOR('',#3562,1.);
#3562 = DIRECTION('',(-1.,0.,0.));
#3563 = PCURVE('',#62,#3564);
#3564 = DEFINITIONAL_REPRESENTATION('',(#3565),#3568);
#3565 = B_SPLINE_CURVE_WITH_KNOTS('',1,(#3566,#3567),.UNSPECIFIED.,.F.,
  .F.,(2,2),(-109.2499999988,-82.75),.PIECEWISE_BEZIER_KNOTS.);
#3566 = CARTESIAN_POINT('',(191.99999999882,41.));
#3567 = CARTESIAN_POINT('',(165.5,41.));
#3568 = ( GEOMETRIC_REPRESENTATION_CONTEXT(2) 
PARAMETRIC_REPRESENTATION_CONTEXT() REPRESENTATION_CONTEXT('2D SPACE',''
  ) );
#3569 = PCURVE('',#3570,#3575);
#3570 = PLANE('',#3571);
#3571 = AXIS2_PLACEMENT_3D('',#3572,#3573,#3574);
#3572 = CARTESIAN_POINT('',(60.,33.,90.));
#3573 = DIRECTION('',(0.,1.,0.));
#3574 = DIRECTION('',(1.,0.,0.));
#3575 = DEFINITIONAL_REPRESENTATION('',(#3576),#3579);
#3576 = B_SPLINE_CURVE_WITH_KNOTS('',1,(#3577,#3578),.UNSPECIFIED.,.F.,
  .F.,(2,2),(-109.2499999988,-82.75),.PIECEWISE_BEZIER_KNOTS.);
#3577 = CARTESIAN_POINT('',(26.499999998824,-5.));
#3578 = CARTESIAN_POINT('',(0.,-5.));
#3579 = ( GEOMETRIC_REPRESENTATION_CONTEXT(2) 
PARAMETRIC_REPRESENTATION_CONTEXT() REPRESENTATION_CONTEXT('2D SPACE',''
  ) );
#3580 = ORIENTED_EDGE('',*,*,#3581,.T.);
#3581 = EDGE_CURVE('',#3556,#3379,#3582,.T.);
#3582 = SURFACE_CURVE('',#3583,(#3588,#3599),.PCURVE_S1.);
#3583 = CIRCLE('',#3584,6.);
#3584 = AXIS2_PLACEMENT_3D('',#3585,#3586,#3587);
#3585 = CARTESIAN_POINT('',(60.,39.,95.));
#3586 = DIRECTION('',(0.,0.,-1.));
#3587 = DIRECTION('',(-1.,0.,0.));
#3588 = PCURVE('',#62,#3589);
#3589 = DEFINITIONAL_REPRESENTATION('',(#3590),#3598);
#3590 = ( BOUNDED_CURVE() B_SPLINE_CURVE(2,(#3591,#3592,#3593,#3594,
#3595,#3596,#3597),.UNSPECIFIED.,.T.,.F.) B_SPLINE_CURVE_WITH_KNOTS((1,2
    ,2,2,2,1),(-2.094395102393,0.,2.094395102393,4.188790204786,
6.28318530718,8.377580409573),.UNSPECIFIED.) CURVE() 
GEOMETRIC_REPRESENTATION_ITEM() RATIONAL_B_SPLINE_CURVE((1.,0.5,1.,0.5,
1.,0.5,1.)) REPRESENTATION_ITEM('') );
#3591 = CARTESIAN_POINT('',(159.5,47.));
#3592 = CARTESIAN_POINT('',(159.5,57.392304845413));
#3593 = CARTESIAN_POINT('',(168.5,52.196152422707));
#3594 = CARTESIAN_POINT('',(177.5,47.));
#3595 = CARTESIAN_POINT('',(168.5,41.803847577293));
#3596 = CARTESIAN_POINT('',(159.5,36.607695154587));
#3597 = CARTESIAN_POINT('',(159.5,47.));
#3598 = ( GEOMETRIC_REPRESENTATION_CONTEXT(2) 
PARAMETRIC_REPRESENTATION_CONTEXT() REPRESENTATION_CONTEXT('2D SPACE',''
  ) );
#3599 = PCURVE('',#3600,#3605);
#3600 = CYLINDRICAL_SURFACE('',#3601,6.);
#3601 = AXIS2_PLACEMENT_3D('',#3602,#3603,#3604);
#3602 = CARTESIAN_POINT('',(60.,39.,90.));
#3603 = DIRECTION('',(0.,0.,-1.));
#3604 = DIRECTION('',(-1.,0.,0.));
#3605 = DEFINITIONAL_REPRESENTATION('',(#3606),#3610);
#3606 = LINE('',#3607,#3608);
#3607 = CARTESIAN_POINT('',(0.,-5.));
#3608 = VECTOR('',#3609,1.);
#3609 = DIRECTION('',(1.,0.));
#3610 = ( GEOMETRIC_REPRESENTATION_CONTEXT(2) 
PARAMETRIC_REPRESENTATION_CONTEXT() REPRESENTATION_CONTEXT('2D SPACE',''
  ) );
#3611 = ADVANCED_FACE('',(#3612),#90,.T.);
#3612 = FACE_BOUND('',#3613,.T.);
#3613 = EDGE_LOOP('',(#3614,#3638,#3661,#3689,#3712,#3740,#3761,#3762));
#3614 = ORIENTED_EDGE('',*,*,#3615,.T.);
#3615 = EDGE_CURVE('',#75,#3616,#3618,.T.);
#3616 = VERTEX_POINT('',#3617);
#3617 = CARTESIAN_POINT('',(-102.5,-8.,0.));
#3618 = SURFACE_CURVE('',#3619,(#3624,#3631),.PCURVE_S1.);
#3619 = CIRCLE('',#3620,3.);
#3620 = AXIS2_PLACEMENT_3D('',#3621,#3622,#3623);
#3621 = CARTESIAN_POINT('',(-102.5,-5.,0.));
#3622 = DIRECTION('',(0.,0.,1.));
#3623 = DIRECTION('',(0.,-1.,0.));
#3624 = PCURVE('',#90,#3625);
#3625 = DEFINITIONAL_REPRESENTATION('',(#3626),#3630);
#3626 = LINE('',#3627,#3628);
#3627 = CARTESIAN_POINT('',(-4.712388980385,0.));
#3628 = VECTOR('',#3629,1.);
#3629 = DIRECTION('',(1.,0.));
#3630 = ( GEOMETRIC_REPRESENTATION_CONTEXT(2) 
PARAMETRIC_REPRESENTATION_CONTEXT() REPRESENTATION_CONTEXT('2D SPACE',''
  ) );
#3631 = PCURVE('',#118,#3632);
#3632 = DEFINITIONAL_REPRESENTATION('',(#3633),#3637);
#3633 = CIRCLE('',#3634,3.);
#3634 = AXIS2_PLACEMENT_2D('',#3635,#3636);
#3635 = CARTESIAN_POINT('',(3.,3.));
#3636 = DIRECTION('',(0.,-1.));
#3637 = ( GEOMETRIC_REPRESENTATION_CONTEXT(2) 
PARAMETRIC_REPRESENTATION_CONTEXT() REPRESENTATION_CONTEXT('2D SPACE',''
  ) );
#3638 = ORIENTED_EDGE('',*,*,#3639,.T.);
#3639 = EDGE_CURVE('',#3616,#3640,#3642,.T.);
#3640 = VERTEX_POINT('',#3641);
#3641 = CARTESIAN_POINT('',(-102.5,-8.,20.063508326896));
#3642 = SURFACE_CURVE('',#3643,(#3647,#3654),.PCURVE_S1.);
#3643 = LINE('',#3644,#3645);
#3644 = CARTESIAN_POINT('',(-102.5,-8.,0.));
#3645 = VECTOR('',#3646,1.);
#3646 = DIRECTION('',(0.,0.,1.));
#3647 = PCURVE('',#90,#3648);
#3648 = DEFINITIONAL_REPRESENTATION('',(#3649),#3653);
#3649 = LINE('',#3650,#3651);
#3650 = CARTESIAN_POINT('',(1.570796326795,0.));
#3651 = VECTOR('',#3652,1.);
#3652 = DIRECTION('',(0.,1.));
#3653 = ( GEOMETRIC_REPRESENTATION_CONTEXT(2) 
PARAMETRIC_REPRESENTATION_CONTEXT() REPRESENTATION_CONTEXT('2D SPACE',''
  ) );
#3654 = PCURVE('',#2506,#3655);
#3655 = DEFINITIONAL_REPRESENTATION('',(#3656),#3660);
#3656 = LINE('',#3657,#3658);
#3657 = CARTESIAN_POINT('',(0.,3.));
#3658 = VECTOR('',#3659,1.);
#3659 = DIRECTION('',(1.,0.));
#3660 = ( GEOMETRIC_REPRESENTATION_CONTEXT(2) 
PARAMETRIC_REPRESENTATION_CONTEXT() REPRESENTATION_CONTEXT('2D SPACE',''
  ) );
#3661 = ORIENTED_EDGE('',*,*,#3662,.T.);
#3662 = EDGE_CURVE('',#3640,#3663,#3665,.T.);
#3663 = VERTEX_POINT('',#3664);
#3664 = CARTESIAN_POINT('',(-102.5,-8.,23.936491673104));
#3665 = SURFACE_CURVE('',#3666,(#3670,#3677),.PCURVE_S1.);
#3666 = LINE('',#3667,#3668);
#3667 = CARTESIAN_POINT('',(-102.5,-8.,0.));
#3668 = VECTOR('',#3669,1.);
#3669 = DIRECTION('',(0.,0.,1.));
#3670 = PCURVE('',#90,#3671);
#3671 = DEFINITIONAL_REPRESENTATION('',(#3672),#3676);
#3672 = LINE('',#3673,#3674);
#3673 = CARTESIAN_POINT('',(1.570796326795,0.));
#3674 = VECTOR('',#3675,1.);
#3675 = DIRECTION('',(0.,1.));
#3676 = ( GEOMETRIC_REPRESENTATION_CONTEXT(2) 
PARAMETRIC_REPRESENTATION_CONTEXT() REPRESENTATION_CONTEXT('2D SPACE',''
  ) );
#3677 = PCURVE('',#3678,#3683);
#3678 = PLANE('',#3679);
#3679 = AXIS2_PLACEMENT_3D('',#3680,#3681,#3682);
#3680 = CARTESIAN_POINT('',(-103.,-8.,22.));
#3681 = DIRECTION('',(0.,-1.,1.110223024625E-16));
#3682 = DIRECTION('',(1.,0.,0.));
#3683 = DEFINITIONAL_REPRESENTATION('',(#3684),#3688);
#3684 = LINE('',#3685,#3686);
#3685 = CARTESIAN_POINT('',(0.5,-22.));
#3686 = VECTOR('',#3687,1.);
#3687 = DIRECTION('',(0.,1.));
#3688 = ( GEOMETRIC_REPRESENTATION_CONTEXT(2) 
PARAMETRIC_REPRESENTATION_CONTEXT() REPRESENTATION_CONTEXT('2D SPACE',''
  ) );
#3689 = ORIENTED_EDGE('',*,*,#3690,.T.);
#3690 = EDGE_CURVE('',#3663,#3691,#3693,.T.);
#3691 = VERTEX_POINT('',#3692);
#3692 = CARTESIAN_POINT('',(-102.5,-8.,70.063508326896));
#3693 = SURFACE_CURVE('',#3694,(#3698,#3705),.PCURVE_S1.);
#3694 = LINE('',#3695,#3696);
#3695 = CARTESIAN_POINT('',(-102.5,-8.,0.));
#3696 = VECTOR('',#3697,1.);
#3697 = DIRECTION('',(0.,0.,1.));
#3698 = PCURVE('',#90,#3699);
#3699 = DEFINITIONAL_REPRESENTATION('',(#3700),#3704);
#3700 = LINE('',#3701,#3702);
#3701 = CARTESIAN_POINT('',(1.570796326795,0.));
#3702 = VECTOR('',#3703,1.);
#3703 = DIRECTION('',(0.,1.));
#3704 = ( GEOMETRIC_REPRESENTATION_CONTEXT(2) 
PARAMETRIC_REPRESENTATION_CONTEXT() REPRESENTATION_CONTEXT('2D SPACE',''
  ) );
#3705 = PCURVE('',#2506,#3706);
#3706 = DEFINITIONAL_REPRESENTATION('',(#3707),#3711);
#3707 = LINE('',#3708,#3709);
#3708 = CARTESIAN_POINT('',(0.,3.));
#3709 = VECTOR('',#3710,1.);
#3710 = DIRECTION('',(1.,0.));
#3711 = ( GEOMETRIC_REPRESENTATION_CONTEXT(2) 
PARAMETRIC_REPRESENTATION_CONTEXT() REPRESENTATION_CONTEXT('2D SPACE',''
  ) );
#3712 = ORIENTED_EDGE('',*,*,#3713,.T.);
#3713 = EDGE_CURVE('',#3691,#3714,#3716,.T.);
#3714 = VERTEX_POINT('',#3715);
#3715 = CARTESIAN_POINT('',(-102.5,-8.,73.936491673104));
#3716 = SURFACE_CURVE('',#3717,(#3721,#3728),.PCURVE_S1.);
#3717 = LINE('',#3718,#3719);
#3718 = CARTESIAN_POINT('',(-102.5,-8.,0.));
#3719 = VECTOR('',#3720,1.);
#3720 = DIRECTION('',(0.,0.,1.));
#3721 = PCURVE('',#90,#3722);
#3722 = DEFINITIONAL_REPRESENTATION('',(#3723),#3727);
#3723 = LINE('',#3724,#3725);
#3724 = CARTESIAN_POINT('',(1.570796326795,0.));
#3725 = VECTOR('',#3726,1.);
#3726 = DIRECTION('',(0.,1.));
#3727 = ( GEOMETRIC_REPRESENTATION_CONTEXT(2) 
PARAMETRIC_REPRESENTATION_CONTEXT() REPRESENTATION_CONTEXT('2D SPACE',''
  ) );
#3728 = PCURVE('',#3729,#3734);
#3729 = PLANE('',#3730);
#3730 = AXIS2_PLACEMENT_3D('',#3731,#3732,#3733);
#3731 = CARTESIAN_POINT('',(-103.,-8.,72.));
#3732 = DIRECTION('',(0.,-1.,1.110223024625E-16));
#3733 = DIRECTION('',(1.,0.,0.));
#3734 = DEFINITIONAL_REPRESENTATION('',(#3735),#3739);
#3735 = LINE('',#3736,#3737);
#3736 = CARTESIAN_POINT('',(0.5,-72.));
#3737 = VECTOR('',#3738,1.);
#3738 = DIRECTION('',(0.,1.));
#3739 = ( GEOMETRIC_REPRESENTATION_CONTEXT(2) 
PARAMETRIC_REPRESENTATION_CONTEXT() REPRESENTATION_CONTEXT('2D SPACE',''
  ) );
#3740 = ORIENTED_EDGE('',*,*,#3741,.T.);
#3741 = EDGE_CURVE('',#3714,#2467,#3742,.T.);
#3742 = SURFACE_CURVE('',#3743,(#3747,#3754),.PCURVE_S1.);
#3743 = LINE('',#3744,#3745);
#3744 = CARTESIAN_POINT('',(-102.5,-8.,0.));
#3745 = VECTOR('',#3746,1.);
#3746 = DIRECTION('',(0.,0.,1.));
#3747 = PCURVE('',#90,#3748);
#3748 = DEFINITIONAL_REPRESENTATION('',(#3749),#3753);
#3749 = LINE('',#3750,#3751);
#3750 = CARTESIAN_POINT('',(1.570796326795,0.));
#3751 = VECTOR('',#3752,1.);
#3752 = DIRECTION('',(0.,1.));
#3753 = ( GEOMETRIC_REPRESENTATION_CONTEXT(2) 
PARAMETRIC_REPRESENTATION_CONTEXT() REPRESENTATION_CONTEXT('2D SPACE',''
  ) );
#3754 = PCURVE('',#2506,#3755);
#3755 = DEFINITIONAL_REPRESENTATION('',(#3756),#3760);
#3756 = LINE('',#3757,#3758);
#3757 = CARTESIAN_POINT('',(0.,3.));
#3758 = VECTOR('',#3759,1.);
#3759 = DIRECTION('',(1.,0.));
#3760 = ( GEOMETRIC_REPRESENTATION_CONTEXT(2) 
PARAMETRIC_REPRESENTATION_CONTEXT() REPRESENTATION_CONTEXT('2D SPACE',''
  ) );
#3761 = ORIENTED_EDGE('',*,*,#2466,.F.);
#3762 = ORIENTED_EDGE('',*,*,#74,.F.);
#3763 = ADVANCED_FACE('',(#3764),#144,.T.);
#3764 = FACE_BOUND('',#3765,.T.);
#3765 = EDGE_LOOP('',(#3766,#3767,#3790,#3816));
#3766 = ORIENTED_EDGE('',*,*,#2748,.T.);
#3767 = ORIENTED_EDGE('',*,*,#3768,.T.);
#3768 = EDGE_CURVE('',#2721,#3769,#3771,.T.);
#3769 = VERTEX_POINT('',#3770);
#3770 = CARTESIAN_POINT('',(-102.5,100.,0.));
#3771 = SURFACE_CURVE('',#3772,(#3776,#3783),.PCURVE_S1.);
#3772 = LINE('',#3773,#3774);
#3773 = CARTESIAN_POINT('',(-102.5,100.,95.));
#3774 = VECTOR('',#3775,1.);
#3775 = DIRECTION('',(0.,0.,-1.));
#3776 = PCURVE('',#144,#3777);
#3777 = DEFINITIONAL_REPRESENTATION('',(#3778),#3782);
#3778 = LINE('',#3779,#3780);
#3779 = CARTESIAN_POINT('',(1.570796326795,0.));
#3780 = VECTOR('',#3781,1.);
#3781 = DIRECTION('',(0.,1.));
#3782 = ( GEOMETRIC_REPRESENTATION_CONTEXT(2) 
PARAMETRIC_REPRESENTATION_CONTEXT() REPRESENTATION_CONTEXT('2D SPACE',''
  ) );
#3783 = PCURVE('',#2736,#3784);
#3784 = DEFINITIONAL_REPRESENTATION('',(#3785),#3789);
#3785 = LINE('',#3786,#3787);
#3786 = CARTESIAN_POINT('',(95.,3.));
#3787 = VECTOR('',#3788,1.);
#3788 = DIRECTION('',(-1.,0.));
#3789 = ( GEOMETRIC_REPRESENTATION_CONTEXT(2) 
PARAMETRIC_REPRESENTATION_CONTEXT() REPRESENTATION_CONTEXT('2D SPACE',''
  ) );
#3790 = ORIENTED_EDGE('',*,*,#3791,.F.);
#3791 = EDGE_CURVE('',#103,#3769,#3792,.T.);
#3792 = SURFACE_CURVE('',#3793,(#3798,#3805),.PCURVE_S1.);
#3793 = CIRCLE('',#3794,3.);
#3794 = AXIS2_PLACEMENT_3D('',#3795,#3796,#3797);
#3795 = CARTESIAN_POINT('',(-102.5,97.,0.));
#3796 = DIRECTION('',(0.,0.,-1.));
#3797 = DIRECTION('',(0.,1.,0.));
#3798 = PCURVE('',#144,#3799);
#3799 = DEFINITIONAL_REPRESENTATION('',(#3800),#3804);
#3800 = LINE('',#3801,#3802);
#3801 = CARTESIAN_POINT('',(-4.712388980385,95.));
#3802 = VECTOR('',#3803,1.);
#3803 = DIRECTION('',(1.,0.));
#3804 = ( GEOMETRIC_REPRESENTATION_CONTEXT(2) 
PARAMETRIC_REPRESENTATION_CONTEXT() REPRESENTATION_CONTEXT('2D SPACE',''
  ) );
#3805 = PCURVE('',#118,#3806);
#3806 = DEFINITIONAL_REPRESENTATION('',(#3807),#3815);
#3807 = ( BOUNDED_CURVE() B_SPLINE_CURVE(2,(#3808,#3809,#3810,#3811,
#3812,#3813,#3814),.UNSPECIFIED.,.T.,.F.) B_SPLINE_CURVE_WITH_KNOTS((1,2
    ,2,2,2,1),(-2.094395102393,0.,2.094395102393,4.188790204786,
6.28318530718,8.377580409573),.UNSPECIFIED.) CURVE() 
GEOMETRIC_REPRESENTATION_ITEM() RATIONAL_B_SPLINE_CURVE((1.,0.5,1.,0.5,
1.,0.5,1.)) REPRESENTATION_ITEM('') );
#3808 = CARTESIAN_POINT('',(3.,108.));
#3809 = CARTESIAN_POINT('',(8.196152422707,108.));
#3810 = CARTESIAN_POINT('',(5.598076211353,103.5));
#3811 = CARTESIAN_POINT('',(3.,99.));
#3812 = CARTESIAN_POINT('',(0.401923788647,103.5));
#3813 = CARTESIAN_POINT('',(-2.196152422707,108.));
#3814 = CARTESIAN_POINT('',(3.,108.));
#3815 = ( GEOMETRIC_REPRESENTATION_CONTEXT(2) 
PARAMETRIC_REPRESENTATION_CONTEXT() REPRESENTATION_CONTEXT('2D SPACE',''
  ) );
#3816 = ORIENTED_EDGE('',*,*,#130,.F.);
#3817 = ADVANCED_FACE('',(#3818),#118,.F.);
#3818 = FACE_BOUND('',#3819,.F.);
#3819 = EDGE_LOOP('',(#3820,#3821,#3822,#3845,#3868,#3889));
#3820 = ORIENTED_EDGE('',*,*,#102,.F.);
#3821 = ORIENTED_EDGE('',*,*,#3615,.T.);
#3822 = ORIENTED_EDGE('',*,*,#3823,.T.);
#3823 = EDGE_CURVE('',#3616,#3824,#3826,.T.);
#3824 = VERTEX_POINT('',#3825);
#3825 = CARTESIAN_POINT('',(-100.5,-8.,0.));
#3826 = SURFACE_CURVE('',#3827,(#3831,#3838),.PCURVE_S1.);
#3827 = LINE('',#3828,#3829);
#3828 = CARTESIAN_POINT('',(-105.5,-8.,0.));
#3829 = VECTOR('',#3830,1.);
#3830 = DIRECTION('',(1.,0.,0.));
#3831 = PCURVE('',#118,#3832);
#3832 = DEFINITIONAL_REPRESENTATION('',(#3833),#3837);
#3833 = LINE('',#3834,#3835);
#3834 = CARTESIAN_POINT('',(0.,0.));
#3835 = VECTOR('',#3836,1.);
#3836 = DIRECTION('',(1.,0.));
#3837 = ( GEOMETRIC_REPRESENTATION_CONTEXT(2) 
PARAMETRIC_REPRESENTATION_CONTEXT() REPRESENTATION_CONTEXT('2D SPACE',''
  ) );
#3838 = PCURVE('',#2506,#3839);
#3839 = DEFINITIONAL_REPRESENTATION('',(#3840),#3844);
#3840 = LINE('',#3841,#3842);
#3841 = CARTESIAN_POINT('',(0.,0.));
#3842 = VECTOR('',#3843,1.);
#3843 = DIRECTION('',(0.,1.));
#3844 = ( GEOMETRIC_REPRESENTATION_CONTEXT(2) 
PARAMETRIC_REPRESENTATION_CONTEXT() REPRESENTATION_CONTEXT('2D SPACE',''
  ) );
#3845 = ORIENTED_EDGE('',*,*,#3846,.T.);
#3846 = EDGE_CURVE('',#3824,#3847,#3849,.T.);
#3847 = VERTEX_POINT('',#3848);
#3848 = CARTESIAN_POINT('',(-100.5,100.,0.));
#3849 = SURFACE_CURVE('',#3850,(#3854,#3861),.PCURVE_S1.);
#3850 = LINE('',#3851,#3852);
#3851 = CARTESIAN_POINT('',(-100.5,-8.,0.));
#3852 = VECTOR('',#3853,1.);
#3853 = DIRECTION('',(0.,1.,0.));
#3854 = PCURVE('',#118,#3855);
#3855 = DEFINITIONAL_REPRESENTATION('',(#3856),#3860);
#3856 = LINE('',#3857,#3858);
#3857 = CARTESIAN_POINT('',(5.,0.));
#3858 = VECTOR('',#3859,1.);
#3859 = DIRECTION('',(0.,1.));
#3860 = ( GEOMETRIC_REPRESENTATION_CONTEXT(2) 
PARAMETRIC_REPRESENTATION_CONTEXT() REPRESENTATION_CONTEXT('2D SPACE',''
  ) );
#3861 = PCURVE('',#2534,#3862);
#3862 = DEFINITIONAL_REPRESENTATION('',(#3863),#3867);
#3863 = LINE('',#3864,#3865);
#3864 = CARTESIAN_POINT('',(0.,0.));
#3865 = VECTOR('',#3866,1.);
#3866 = DIRECTION('',(0.,-1.));
#3867 = ( GEOMETRIC_REPRESENTATION_CONTEXT(2) 
PARAMETRIC_REPRESENTATION_CONTEXT() REPRESENTATION_CONTEXT('2D SPACE',''
  ) );
#3868 = ORIENTED_EDGE('',*,*,#3869,.F.);
#3869 = EDGE_CURVE('',#3769,#3847,#3870,.T.);
#3870 = SURFACE_CURVE('',#3871,(#3875,#3882),.PCURVE_S1.);
#3871 = LINE('',#3872,#3873);
#3872 = CARTESIAN_POINT('',(-105.5,100.,0.));
#3873 = VECTOR('',#3874,1.);
#3874 = DIRECTION('',(1.,0.,0.));
#3875 = PCURVE('',#118,#3876);
#3876 = DEFINITIONAL_REPRESENTATION('',(#3877),#3881);
#3877 = LINE('',#3878,#3879);
#3878 = CARTESIAN_POINT('',(0.,108.));
#3879 = VECTOR('',#3880,1.);
#3880 = DIRECTION('',(1.,0.));
#3881 = ( GEOMETRIC_REPRESENTATION_CONTEXT(2) 
PARAMETRIC_REPRESENTATION_CONTEXT() REPRESENTATION_CONTEXT('2D SPACE',''
  ) );
#3882 = PCURVE('',#2736,#3883);
#3883 = DEFINITIONAL_REPRESENTATION('',(#3884),#3888);
#3884 = LINE('',#3885,#3886);
#3885 = CARTESIAN_POINT('',(0.,0.));
#3886 = VECTOR('',#3887,1.);
#3887 = DIRECTION('',(0.,1.));
#3888 = ( GEOMETRIC_REPRESENTATION_CONTEXT(2) 
PARAMETRIC_REPRESENTATION_CONTEXT() REPRESENTATION_CONTEXT('2D SPACE',''
  ) );
#3889 = ORIENTED_EDGE('',*,*,#3791,.F.);
#3890 = ADVANCED_FACE('',(#3891),#1642,.T.);
#3891 = FACE_BOUND('',#3892,.T.);
#3892 = EDGE_LOOP('',(#3893,#6118,#6139,#6140));
#3893 = ORIENTED_EDGE('',*,*,#3894,.T.);
#3894 = EDGE_CURVE('',#3895,#3895,#3897,.T.);
#3895 = VERTEX_POINT('',#3896);
#3896 = CARTESIAN_POINT('',(-100.5,46.,52.181764705882));
#3897 = SURFACE_CURVE('',#3898,(#4636,#5377),.PCURVE_S1.);
#3898 = B_SPLINE_CURVE_WITH_KNOTS('',8,(#3899,#3900,#3901,#3902,#3903,
    #3904,#3905,#3906,#3907,#3908,#3909,#3910,#3911,#3912,#3913,#3914,
    #3915,#3916,#3917,#3918,#3919,#3920,#3921,#3922,#3923,#3924,#3925,
    #3926,#3927,#3928,#3929,#3930,#3931,#3932,#3933,#3934,#3935,#3936,
    #3937,#3938,#3939,#3940,#3941,#3942,#3943,#3944,#3945,#3946,#3947,
    #3948,#3949,#3950,#3951,#3952,#3953,#3954,#3955,#3956,#3957,#3958,
    #3959,#3960,#3961,#3962,#3963,#3964,#3965,#3966,#3967,#3968,#3969,
    #3970,#3971,#3972,#3973,#3974,#3975,#3976,#3977,#3978,#3979,#3980,
    #3981,#3982,#3983,#3984,#3985,#3986,#3987,#3988,#3989,#3990,#3991,
    #3992,#3993,#3994,#3995,#3996,#3997,#3998,#3999,#4000,#4001,#4002,
    #4003,#4004,#4005,#4006,#4007,#4008,#4009,#4010,#4011,#4012,#4013,
    #4014,#4015,#4016,#4017,#4018,#4019,#4020,#4021,#4022,#4023,#4024,
    #4025,#4026,#4027,#4028,#4029,#4030,#4031,#4032,#4033,#4034,#4035,
    #4036,#4037,#4038,#4039,#4040,#4041,#4042,#4043,#4044,#4045,#4046,
    #4047,#4048,#4049,#4050,#4051,#4052,#4053,#4054,#4055,#4056,#4057,
    #4058,#4059,#4060,#4061,#4062,#4063,#4064,#4065,#4066,#4067,#4068,
    #4069,#4070,#4071,#4072,#4073,#4074,#4075,#4076,#4077,#4078,#4079,
    #4080,#4081,#4082,#4083,#4084,#4085,#4086,#4087,#4088,#4089,#4090,
    #4091,#4092,#4093,#4094,#4095,#4096,#4097,#4098,#4099,#4100,#4101,
    #4102,#4103,#4104,#4105,#4106,#4107,#4108,#4109,#4110,#4111,#4112,
    #4113,#4114,#4115,#4116,#4117,#4118,#4119,#4120,#4121,#4122,#4123,
    #4124,#4125,#4126,#4127,#4128,#4129,#4130,#4131,#4132,#4133,#4134,
    #4135,#4136,#4137,#4138,#4139,#4140,#4141,#4142,#4143,#4144,#4145,
    #4146,#4147,#4148,#4149,#4150,#4151,#4152,#4153,#4154,#4155,#4156,
    #4157,#4158,#4159,#4160,#4161,#4162,#4163,#4164,#4165,#4166,#4167,
    #4168,#4169,#4170,#4171,#4172,#4173,#4174,#4175,#4176,#4177,#4178,
    #4179,#4180,#4181,#4182,#4183,#4184,#4185,#4186,#4187,#4188,#4189,
    #4190,#4191,#4192,#4193,#4194,#4195,#4196,#4197,#4198,#4199,#4200,
    #4201,#4202,#4203,#4204,#4205,#4206,#4207,#4208,#4209,#4210,#4211,
    #4212,#4213,#4214,#4215,#4216,#4217,#4218,#4219,#4220,#4221,#4222,
    #4223,#4224,#4225,#4226,#4227,#4228,#4229,#4230,#4231,#4232,#4233,
    #4234,#4235,#4236,#4237,#4238,#4239,#4240,#4241,#4242,#4243,#4244,
    #4245,#4246,#4247,#4248,#4249,#4250,#4251,#4252,#4253,#4254,#4255,
    #4256,#4257,#4258,#4259,#4260,#4261,#4262,#4263,#4264,#4265,#4266,
    #4267,#4268,#4269,#4270,#4271,#4272,#4273,#4274,#4275,#4276,#4277,
    #4278,#4279,#4280,#4281,#4282,#4283,#4284,#4285,#4286,#4287,#4288,
    #4289,#4290,#4291,#4292,#4293,#4294,#4295,#4296,#4297,#4298,#4299,
    #4300,#4301,#4302,#4303,#4304,#4305,#4306,#4307,#4308,#4309,#4310,
    #4311,#4312,#4313,#4314,#4315,#4316,#4317,#4318,#4319,#4320,#4321,
    #4322,#4323,#4324,#4325,#4326,#4327,#4328,#4329,#4330,#4331,#4332,
    #4333,#4334,#4335,#4336,#4337,#4338,#4339,#4340,#4341,#4342,#4343,
    #4344,#4345,#4346,#4347,#4348,#4349,#4350,#4351,#4352,#4353,#4354,
    #4355,#4356,#4357,#4358,#4359,#4360,#4361,#4362,#4363,#4364,#4365,
    #4366,#4367,#4368,#4369,#4370,#4371,#4372,#4373,#4374,#4375,#4376,
    #4377,#4378,#4379,#4380,#4381,#4382,#4383,#4384,#4385,#4386,#4387,
    #4388,#4389,#4390,#4391,#4392,#4393,#4394,#4395,#4396,#4397,#4398,
    #4399,#4400,#4401,#4402,#4403,#4404,#4405,#4406,#4407,#4408,#4409,
    #4410,#4411,#4412,#4413,#4414,#4415,#4416,#4417,#4418,#4419,#4420,
    #4421,#4422,#4423,#4424,#4425,#4426,#4427,#4428,#4429,#4430,#4431,
    #4432,#4433,#4434,#4435,#4436,#4437,#4438,#4439,#4440,#4441,#4442,
    #4443,#4444,#4445,#4446,#4447,#4448,#4449,#4450,#4451,#4452,#4453,
    #4454,#4455,#4456,#4457,#4458,#4459,#4460,#4461,#4462,#4463,#4464,
    #4465,#4466,#4467,#4468,#4469,#4470,#4471,#4472,#4473,#4474,#4475,
    #4476,#4477,#4478,#4479,#4480,#4481,#4482,#4483,#4484,#4485,#4486,
    #4487,#4488,#4489,#4490,#4491,#4492,#4493,#4494,#4495,#4496,#4497,
    #4498,#4499,#4500,#4501,#4502,#4503,#4504,#4505,#4506,#4507,#4508,
    #4509,#4510,#4511,#4512,#4513,#4514,#4515,#4516,#4517,#4518,#4519,
    #4520,#4521,#4522,#4523,#4524,#4525,#4526,#4527,#4528,#4529,#4530,
    #4531,#4532,#4533,#4534,#4535,#4536,#4537,#4538,#4539,#4540,#4541,
    #4542,#4543,#4544,#4545,#4546,#4547,#4548,#4549,#4550,#4551,#4552,
    #4553,#4554,#4555,#4556,#4557,#4558,#4559,#4560,#4561,#4562,#4563,
    #4564,#4565,#4566,#4567,#4568,#4569,#4570,#4571,#4572,#4573,#4574,
    #4575,#4576,#4577,#4578,#4579,#4580,#4581,#4582,#4583,#4584,#4585,
    #4586,#4587,#4588,#4589,#4590,#4591,#4592,#4593,#4594,#4595,#4596,
    #4597,#4598,#4599,#4600,#4601,#4602,#4603,#4604,#4605,#4606,#4607,
    #4608,#4609,#4610,#4611,#4612,#4613,#4614,#4615,#4616,#4617,#4618,
    #4619,#4620,#4621,#4622,#4623,#4624,#4625,#4626,#4627,#4628,#4629,
    #4630,#4631,#4632,#4633,#4634,#4635),.UNSPECIFIED.,.T.,.F.,(9,7,7,7,
    7,7,7,7,7,7,7,7,7,7,7,7,7,7,7,7,7,7,7,7,7,7,7,7,7,7,7,7,7,7,7,7,7,7,
    7,7,7,7,7,7,7,7,7,7,7,7,7,7,7,7,7,7,7,7,7,7,7,7,7,7,7,7,7,7,7,7,7,7,
    7,7,7,7,7,7,7,7,7,7,7,7,7,7,7,7,7,7,7,7,7,7,7,7,7,7,7,7,7,7,7,7,7,9)
  ,(0.,2.585563898404E-04,5.266174359606E-04,6.522571671076E-03,
    1.428140419735E-02,2.661881815357E-02,3.894612961984E-02,
    4.568059994725E-02,5.915033272466E-02,6.925295758497E-02,
    7.71105536954E-02,8.833602519878E-02,0.100685091033,0.108543587578,
    0.117524727676,0.129873817934,0.14222286278,0.151203944752,
    0.157939553395,0.169165304439,0.180391082723,0.190494271157,
    0.205087873273,0.212946284836,0.220805038406,0.233154599622,
    0.245504211753,0.262345372394,0.270204203212,0.283676353251,
    0.293778647924,0.301635684465,0.313980737771,0.327447801795,
    0.340914792801,0.351014029611,0.358868612035,0.371210975264,
    0.384674622688,0.391406328645,0.402625611059,0.413844891017,
    0.435161427118,0.457600019634,0.468819538582,0.48116102778,
    0.492380538722,0.500234237405,0.51369769741,0.527161170021,
    0.535014247682,0.547353835629,0.559395644038,0.561352616001,
    0.561474277881,0.566701264326,0.572028259206,0.580756664462,
    0.590377052406,0.599119743499,0.605240930343,0.615736932315,
    0.626231910863,0.63235394386,0.641974293249,0.652469242672,
    0.67083538137,0.679581136264,0.693574392478,0.700571053293,
    0.707567716739,0.712815214323,0.723310117021,0.731181326751,
    0.737303893115,0.74605084133,0.755672396625,0.765294135461,
    0.780165872558,0.7871656752,0.795040681732,0.802040677941,
    0.809040673043,0.818665667166,0.82829064968,0.836165572018,
    0.847539838856,0.859788773356,0.86678803866,0.878161772727,
    0.883411164801,0.889535469547,0.894784872982,0.903533865614,
    0.912282865501,0.919282088996,0.925406287908,0.935904585613,
    0.943777748954,0.94990130162,0.959524011444,0.970021522536,
    0.977019863345,0.982268659844,0.991016763424,1.),.UNSPECIFIED.);
#3899 = CARTESIAN_POINT('',(-100.5,46.,52.181764705882));
#3900 = CARTESIAN_POINT('',(-100.5,45.999786973164,52.176494738673));
#3901 = CARTESIAN_POINT('',(-100.5,45.999550351693,52.171491965114));
#3902 = CARTESIAN_POINT('',(-100.5,45.999285821742,52.166872083943));
#3903 = CARTESIAN_POINT('',(-100.5,45.998991614225,52.162891010139));
#3904 = CARTESIAN_POINT('',(-100.5,45.998668084487,52.159827130339));
#3905 = CARTESIAN_POINT('',(-100.5,45.998317836137,52.157891989433));
#3906 = CARTESIAN_POINT('',(-100.5,45.997946389065,52.157169408327));
#3907 = CARTESIAN_POINT('',(-100.5,45.997166315015,52.158011862473));
#3908 = CARTESIAN_POINT('',(-100.5,45.996763304327,52.159691832105));
#3909 = CARTESIAN_POINT('',(-100.5,45.996361374023,52.162383954465));
#3910 = CARTESIAN_POINT('',(-100.5,45.995965659276,52.165877726046));
#3911 = CARTESIAN_POINT('',(-100.5,45.995579415973,52.169991127145));
#3912 = CARTESIAN_POINT('',(-100.5,45.995204020711,52.174570621865));
#3913 = CARTESIAN_POINT('',(-100.5,45.994838970799,52.179491158114));
#3914 = CARTESIAN_POINT('',(-100.5,45.986494619479,52.300186420775));
#3915 = CARTESIAN_POINT('',(-100.5,45.981864369543,52.513828923724));
#3916 = CARTESIAN_POINT('',(-100.5,45.971544708293,52.652517013531));
#3917 = CARTESIAN_POINT('',(-100.5,45.959508217823,52.806647158912));
#3918 = CARTESIAN_POINT('',(-100.5,45.942962223978,52.960376713443));
#3919 = CARTESIAN_POINT('',(-100.5,45.918114600612,53.061572196573));
#3920 = CARTESIAN_POINT('',(-100.5,45.889291640868,53.162804891853));
#3921 = CARTESIAN_POINT('',(-100.5,45.82028400247,53.396761148075));
#3922 = CARTESIAN_POINT('',(-100.5,45.780190782792,53.543252285611));
#3923 = CARTESIAN_POINT('',(-100.5,45.739111479639,53.699973704324));
#3924 = CARTESIAN_POINT('',(-100.5,45.697065870171,53.863285301113));
#3925 = CARTESIAN_POINT('',(-100.5,45.653912363767,54.030197129864));
#3926 = CARTESIAN_POINT('',(-100.5,45.609348002031,54.198369401446));
#3927 = CARTESIAN_POINT('',(-100.5,45.562908458787,54.366112483718));
#3928 = CARTESIAN_POINT('',(-100.5,45.436147285127,54.796781875354));
#3929 = CARTESIAN_POINT('',(-100.5,45.35211673315,55.05566273439));
#3930 = CARTESIAN_POINT('',(-100.5,45.260534580656,55.304738564435));
#3931 = CARTESIAN_POINT('',(-100.5,45.163122014449,55.549789699556));
#3932 = CARTESIAN_POINT('',(-100.5,45.059800821588,55.790393943658));
#3933 = CARTESIAN_POINT('',(-100.5,44.950570652064,56.025841521754));
#3934 = CARTESIAN_POINT('',(-100.5,44.837535826562,56.261914812909));
#3935 = CARTESIAN_POINT('',(-100.5,44.603543178395,56.732310350233));
#3936 = CARTESIAN_POINT('',(-100.5,44.482558722233,56.966716747543));
#3937 = CARTESIAN_POINT('',(-100.5,44.357560032404,57.200068094561));
#3938 = CARTESIAN_POINT('',(-100.5,44.228502927431,57.431861995112));
#3939 = CARTESIAN_POINT('',(-100.5,44.095383747353,57.661771687139));
#3940 = CARTESIAN_POINT('',(-100.5,43.958167092788,57.889413145616));
#3941 = CARTESIAN_POINT('',(-100.5,43.816735234716,58.114183551631));
#3942 = CARTESIAN_POINT('',(-100.5,43.591476366526,58.456859950897));
#3943 = CARTESIAN_POINT('',(-100.5,43.510680322027,58.576926137296));
#3944 = CARTESIAN_POINT('',(-100.5,43.428680074726,58.695997700081));
#3945 = CARTESIAN_POINT('',(-100.5,43.345484183908,58.814080373164));
#3946 = CARTESIAN_POINT('',(-100.5,43.261101208856,58.931179890456));
#3947 = CARTESIAN_POINT('',(-100.5,43.175539708853,59.047301985865));
#3948 = CARTESIAN_POINT('',(-100.5,43.088808243184,59.162452393304));
#3949 = CARTESIAN_POINT('',(-100.5,42.825119288883,59.505019184054));
#3950 = CARTESIAN_POINT('',(-100.5,42.644697248173,59.729479072227));
#3951 = CARTESIAN_POINT('',(-100.5,42.459736716771,59.95028360718));
#3952 = CARTESIAN_POINT('',(-100.5,42.270111739777,60.166906081075));
#3953 = CARTESIAN_POINT('',(-100.5,42.076235490915,60.380514594438));
#3954 = CARTESIAN_POINT('',(-100.5,41.877887435686,60.589921221089));
#3955 = CARTESIAN_POINT('',(-100.5,41.675259457469,60.795393587534));
#3956 = CARTESIAN_POINT('',(-100.5,41.313327591336,61.147529903789));
#3957 = CARTESIAN_POINT('',(-100.5,41.155842733722,61.296072986403));
#3958 = CARTESIAN_POINT('',(-100.5,40.996025498598,61.442172120697));
#3959 = CARTESIAN_POINT('',(-100.5,40.833907991927,61.585752942843));
#3960 = CARTESIAN_POINT('',(-100.5,40.669520807919,61.726738965225));
#3961 = CARTESIAN_POINT('',(-100.5,40.502895380611,61.865055126329));
#3962 = CARTESIAN_POINT('',(-100.5,40.334066335434,62.000631340626));
#3963 = CARTESIAN_POINT('',(-100.5,40.03007969527,62.236675252483));
#3964 = CARTESIAN_POINT('',(-100.5,39.89577906147,62.338253339779));
#3965 = CARTESIAN_POINT('',(-100.5,39.760194623337,62.438117471168));
#3966 = CARTESIAN_POINT('',(-100.5,39.623349064816,62.53624480747));
#3967 = CARTESIAN_POINT('',(-100.5,39.485265069852,62.632612509506));
#3968 = CARTESIAN_POINT('',(-100.5,39.34596532239,62.727197738094));
#3969 = CARTESIAN_POINT('',(-100.5,39.205472506376,62.819977654054));
#3970 = CARTESIAN_POINT('',(-100.5,38.861427279583,63.040864378254));
#3971 = CARTESIAN_POINT('',(-100.5,38.656651091573,63.167067589186));
#3972 = CARTESIAN_POINT('',(-100.5,38.449557198754,63.289480469857));
#3973 = CARTESIAN_POINT('',(-100.5,38.240207144344,63.408026287424));
#3974 = CARTESIAN_POINT('',(-100.5,38.028664181893,63.522630090528));
#3975 = CARTESIAN_POINT('',(-100.5,37.815002863202,63.63322920529));
#3976 = CARTESIAN_POINT('',(-100.5,37.599311590009,63.73977429411));
#3977 = CARTESIAN_POINT('',(-100.5,37.142282021569,63.954921885646));
#3978 = CARTESIAN_POINT('',(-100.5,36.900528382838,64.062662461422));
#3979 = CARTESIAN_POINT('',(-100.5,36.656547050863,64.165373175758));
#3980 = CARTESIAN_POINT('',(-100.5,36.410457863256,64.262984499793));
#3981 = CARTESIAN_POINT('',(-100.5,36.162380657628,64.355426904666));
#3982 = CARTESIAN_POINT('',(-100.5,35.912435271594,64.442630861517));
#3983 = CARTESIAN_POINT('',(-100.5,35.660741542763,64.524526841485));
#3984 = CARTESIAN_POINT('',(-100.5,35.246214248612,64.649738890859));
#3985 = CARTESIAN_POINT('',(-100.5,35.084348749465,64.69625207683));
#3986 = CARTESIAN_POINT('',(-100.5,34.921858105719,64.740579335625));
#3987 = CARTESIAN_POINT('',(-100.5,34.758777660639,64.782715247309));
#3988 = CARTESIAN_POINT('',(-100.5,34.59514280634,64.822654510009));
#3989 = CARTESIAN_POINT('',(-100.5,34.430988983794,64.860391939913));
#3990 = CARTESIAN_POINT('',(-100.5,34.266351682823,64.895922471272));
#3991 = CARTESIAN_POINT('',(-100.5,33.912597570558,64.967319658731));
#3992 = CARTESIAN_POINT('',(-100.5,33.723343523251,65.002509014113));
#3993 = CARTESIAN_POINT('',(-100.5,33.533557199457,65.034801500257));
#3994 = CARTESIAN_POINT('',(-100.5,33.343291498449,65.064189394881));
#3995 = CARTESIAN_POINT('',(-100.5,33.152599319501,65.090664975698));
#3996 = CARTESIAN_POINT('',(-100.5,32.961533561884,65.114220520426));
#3997 = CARTESIAN_POINT('',(-100.5,32.770147124873,65.134848306779));
#3998 = CARTESIAN_POINT('',(-100.5,32.314967876399,65.176867577371));
#3999 = CARTESIAN_POINT('',(-100.5,32.050938750665,65.195639078271));
#4000 = CARTESIAN_POINT('',(-100.5,31.786537041144,65.208857515525));
#4001 = CARTESIAN_POINT('',(-100.5,31.521894915333,65.216569018935));
#4002 = CARTESIAN_POINT('',(-100.5,31.257144332703,65.218794074602));
#4003 = CARTESIAN_POINT('',(-100.5,30.992417311379,65.21554727463));
#4004 = CARTESIAN_POINT('',(-100.5,30.727846191315,65.206866339627));
#4005 = CARTESIAN_POINT('',(-100.5,30.199280298316,65.178674839995));
#4006 = CARTESIAN_POINT('',(-100.5,29.935284508813,65.159160566339));
#4007 = CARTESIAN_POINT('',(-100.5,29.671701417553,65.13427585387));
#4008 = CARTESIAN_POINT('',(-100.5,29.408682989152,65.104009477817));
#4009 = CARTESIAN_POINT('',(-100.5,29.146355481377,65.068388159059));
#4010 = CARTESIAN_POINT('',(-100.5,28.884825043591,65.027479888223));
#4011 = CARTESIAN_POINT('',(-100.5,28.624200345447,64.981354004952));
#4012 = CARTESIAN_POINT('',(-100.5,28.175786844504,64.892736000817));
#4013 = CARTESIAN_POINT('',(-100.5,27.98752067455,64.852685811564));
#4014 = CARTESIAN_POINT('',(-100.5,27.799836766055,64.809918657076));
#4015 = CARTESIAN_POINT('',(-100.5,27.612778371536,64.764455017463));
#4016 = CARTESIAN_POINT('',(-100.5,27.426388743513,64.71631537284));
#4017 = CARTESIAN_POINT('',(-100.5,27.240711134504,64.665520203316));
#4018 = CARTESIAN_POINT('',(-100.5,27.055788797028,64.612089989006));
#4019 = CARTESIAN_POINT('',(-100.5,26.73357628195,64.514012891546));
#4020 = CARTESIAN_POINT('',(-100.5,26.595936035517,64.470509785515));
#4021 = CARTESIAN_POINT('',(-100.5,26.45876247951,64.425543961488));
#4022 = CARTESIAN_POINT('',(-100.5,26.322073161981,64.379124088495));
#4023 = CARTESIAN_POINT('',(-100.5,26.185884943829,64.331259435027));
#4024 = CARTESIAN_POINT('',(-100.5,26.050213998804,64.281959869041));
#4025 = CARTESIAN_POINT('',(-100.5,25.9150758135,64.231235857957));
#4026 = CARTESIAN_POINT('',(-100.5,25.5561727396,64.092204858391));
#4027 = CARTESIAN_POINT('',(-100.5,25.3333832919,64.001384177752));
#4028 = CARTESIAN_POINT('',(-100.5,25.112188106634,63.906682933486));
#4029 = CARTESIAN_POINT('',(-100.5,24.892658446172,63.808147632338));
#4030 = CARTESIAN_POINT('',(-100.5,24.674865572887,63.705824781051));
#4031 = CARTESIAN_POINT('',(-100.5,24.458880749151,63.599760886372));
#4032 = CARTESIAN_POINT('',(-100.5,24.244775237335,63.490002455043));
#4033 = CARTESIAN_POINT('',(-100.5,23.820464847465,63.263189257382));
#4034 = CARTESIAN_POINT('',(-100.5,23.610260318883,63.146135291478));
#4035 = CARTESIAN_POINT('',(-100.5,23.402080026892,63.025479200492));
#4036 = CARTESIAN_POINT('',(-100.5,23.195991919156,62.901267787887));
#4037 = CARTESIAN_POINT('',(-100.5,22.992062149944,62.773548318877));
#4038 = CARTESIAN_POINT('',(-100.5,22.790357035204,62.642367787454));
#4039 = CARTESIAN_POINT('',(-100.5,22.590943390929,62.507772687793));
#4040 = CARTESIAN_POINT('',(-100.5,22.216536943362,62.245642379744));
#4041 = CARTESIAN_POINT('',(-100.5,22.041096619725,62.118747473554));
#4042 = CARTESIAN_POINT('',(-100.5,21.867614884846,61.989158656662));
#4043 = CARTESIAN_POINT('',(-100.5,21.69614033966,61.856910014301));
#4044 = CARTESIAN_POINT('',(-100.5,21.526721585105,61.722035631704));
#4045 = CARTESIAN_POINT('',(-100.5,21.359407222117,61.584569594104));
#4046 = CARTESIAN_POINT('',(-100.5,21.194245851633,61.444545986732));
#4047 = CARTESIAN_POINT('',(-100.5,20.795897992631,61.096096020124));
#4048 = CARTESIAN_POINT('',(-100.5,20.565107048833,60.884931045434));
#4049 = CARTESIAN_POINT('',(-100.5,20.339063587026,60.668612823212));
#4050 = CARTESIAN_POINT('',(-100.5,20.117919503993,60.447250855412));
#4051 = CARTESIAN_POINT('',(-100.5,19.901828029188,60.220955494401));
#4052 = CARTESIAN_POINT('',(-100.5,19.690943504475,59.989838143895));
#4053 = CARTESIAN_POINT('',(-100.5,19.485421163846,59.754011459882));
#4054 = CARTESIAN_POINT('',(-100.5,19.177717956867,59.384126360112));
#4055 = CARTESIAN_POINT('',(-100.5,19.071619052297,59.253331553015));
#4056 = CARTESIAN_POINT('',(-100.5,18.967144845468,59.121221496912));
#4057 = CARTESIAN_POINT('',(-100.5,18.864319868903,58.987814026484));
#4058 = CARTESIAN_POINT('',(-100.5,18.763168541625,58.853128444446));
#4059 = CARTESIAN_POINT('',(-100.5,18.663715169155,58.717185521545));
#4060 = CARTESIAN_POINT('',(-100.5,18.565983943513,58.580007496559));
#4061 = CARTESIAN_POINT('',(-100.5,18.374009765549,58.303222633185));
#4062 = CARTESIAN_POINT('',(-100.5,18.279766720852,58.163614420009));
#4063 = CARTESIAN_POINT('',(-100.5,18.187294693867,58.02281619561));
#4064 = CARTESIAN_POINT('',(-100.5,18.096618569333,57.880850718821));
#4065 = CARTESIAN_POINT('',(-100.5,18.007763231991,57.737740748476));
#4066 = CARTESIAN_POINT('',(-100.5,17.920753566581,57.593509043412));
#4067 = CARTESIAN_POINT('',(-100.5,17.835614457842,57.448178362461));
#4068 = CARTESIAN_POINT('',(-100.5,17.62155834599,57.071701780623));
#4069 = CARTESIAN_POINT('',(-100.5,17.495431598755,56.838977720823));
#4070 = CARTESIAN_POINT('',(-100.5,17.374073601238,56.603686530499));
#4071 = CARTESIAN_POINT('',(-100.5,17.257587772046,56.365913306949));
#4072 = CARTESIAN_POINT('',(-100.5,17.146090112814,56.125727803705));
#4073 = CARTESIAN_POINT('',(-100.5,17.039661184752,55.883239626801));
#4074 = CARTESIAN_POINT('',(-100.5,16.938336991687,55.638617303916));
#4075 = CARTESIAN_POINT('',(-100.5,16.746098444865,55.145315093941));
#4076 = CARTESIAN_POINT('',(-100.5,16.655178041919,54.896636290642));
#4077 = CARTESIAN_POINT('',(-100.5,16.569531637239,54.646054348648));
#4078 = CARTESIAN_POINT('',(-100.5,16.489234154476,54.393693319517));
#4079 = CARTESIAN_POINT('',(-100.5,16.414360511273,54.139677255203));
#4080 = CARTESIAN_POINT('',(-100.5,16.344985619265,53.88413020806));
#4081 = CARTESIAN_POINT('',(-100.5,16.281184384082,53.62717623084));
#4082 = CARTESIAN_POINT('',(-100.5,16.14372892289,53.016781892094));
#4083 = CARTESIAN_POINT('',(-100.5,16.074930327788,52.662251132877));
#4084 = CARTESIAN_POINT('',(-100.5,16.016656235831,52.305722753699));
#4085 = CARTESIAN_POINT('',(-100.5,15.968926933719,51.947570900661));
#4086 = CARTESIAN_POINT('',(-100.5,15.931763035357,51.588168226881));
#4087 = CARTESIAN_POINT('',(-100.5,15.905185838141,51.227885908069));
#4088 = CARTESIAN_POINT('',(-100.5,15.889217679257,50.867093658107));
#4089 = CARTESIAN_POINT('',(-100.5,15.88139256415,50.337732008343));
#4090 = CARTESIAN_POINT('',(-100.5,15.881227597355,50.169281424317));
#4091 = CARTESIAN_POINT('',(-100.5,15.883374057113,50.000841251984));
#4092 = CARTESIAN_POINT('',(-100.5,15.887816438051,49.832444461885));
#4093 = CARTESIAN_POINT('',(-100.5,15.894537063885,49.664123735657));
#4094 = CARTESIAN_POINT('',(-100.5,15.903516087423,49.495911466035));
#4095 = CARTESIAN_POINT('',(-100.5,15.914731490562,49.327839756849));
#4096 = CARTESIAN_POINT('',(-100.5,15.951177591948,48.872115800156));
#4097 = CARTESIAN_POINT('',(-100.5,15.980703266097,48.584803551211));
#4098 = CARTESIAN_POINT('',(-100.5,16.016645057647,48.298174370854));
#4099 = CARTESIAN_POINT('',(-100.5,16.058860045493,48.012361177519));
#4100 = CARTESIAN_POINT('',(-100.5,16.107340441848,47.727582283141));
#4101 = CARTESIAN_POINT('',(-100.5,16.161838974832,47.443890673734));
#4102 = CARTESIAN_POINT('',(-100.5,16.222428832487,47.161552696573));
#4103 = CARTESIAN_POINT('',(-100.5,16.338689020644,46.669940233579));
#4104 = CARTESIAN_POINT('',(-100.5,16.391800886867,46.460069103501));
#4105 = CARTESIAN_POINT('',(-100.5,16.448133954152,46.251029341112));
#4106 = CARTESIAN_POINT('',(-100.5,16.507618229425,46.042854050823));
#4107 = CARTESIAN_POINT('',(-100.5,16.570183719607,45.835576337048));
#4108 = CARTESIAN_POINT('',(-100.5,16.635760431622,45.629229304198));
#4109 = CARTESIAN_POINT('',(-100.5,16.704278372393,45.423846056686));
#4110 = CARTESIAN_POINT('',(-100.5,16.8311903173,45.060498677351));
#4111 = CARTESIAN_POINT('',(-100.5,16.888449297811,44.902142130569));
#4112 = CARTESIAN_POINT('',(-100.5,16.947411839288,44.744404808796));
#4113 = CARTESIAN_POINT('',(-100.5,17.008045594596,44.587300850472));
#4114 = CARTESIAN_POINT('',(-100.5,17.07031852056,44.430843782262));
#4115 = CARTESIAN_POINT('',(-100.5,17.13419887796,44.275046519055));
#4116 = CARTESIAN_POINT('',(-100.5,17.199655231536,44.119921363964));
#4117 = CARTESIAN_POINT('',(-100.5,17.37192942522,43.722820227123));
#4118 = CARTESIAN_POINT('',(-100.5,17.481004914321,43.481866644746));
#4119 = CARTESIAN_POINT('',(-100.5,17.593760814393,43.242620363166));
#4120 = CARTESIAN_POINT('',(-100.5,17.710075022543,43.00508248436));
#4121 = CARTESIAN_POINT('',(-100.5,17.82982543588,42.769254110299));
#4122 = CARTESIAN_POINT('',(-100.5,17.952889951511,42.535136342959));
#4123 = CARTESIAN_POINT('',(-100.5,18.079146466544,42.302730284314));
#4124 = CARTESIAN_POINT('',(-100.5,18.349553440568,41.820376661656));
#4125 = CARTESIAN_POINT('',(-100.5,18.494298522006,41.570739335178));
#4126 = CARTESIAN_POINT('',(-100.5,18.642511783588,41.323161156795));
#4127 = CARTESIAN_POINT('',(-100.5,18.794123795353,41.077593006511));
#4128 = CARTESIAN_POINT('',(-100.5,18.948812369352,40.834129931161));
#4129 = CARTESIAN_POINT('',(-100.5,19.106578244028,40.592673147797));
#4130 = CARTESIAN_POINT('',(-100.5,19.267264348153,40.353203313631));
#4131 = CARTESIAN_POINT('',(-100.5,19.59426796792,39.878137045335));
#4132 = CARTESIAN_POINT('',(-100.5,19.760581182922,39.642546465486));
#4133 = CARTESIAN_POINT('',(-100.5,19.929588199642,39.408860411086));
#4134 = CARTESIAN_POINT('',(-100.5,20.101170971431,39.177041497236));
#4135 = CARTESIAN_POINT('',(-100.5,20.275211451636,38.947052339036));
#4136 = CARTESIAN_POINT('',(-100.5,20.451591593606,38.718855551587));
#4137 = CARTESIAN_POINT('',(-100.5,20.63019335069,38.492413749989));
#4138 = CARTESIAN_POINT('',(-100.5,20.94641416554,38.099163193429));
#4139 = CARTESIAN_POINT('',(-100.5,21.083114785314,37.931598163992));
#4140 = CARTESIAN_POINT('',(-100.5,21.220953184705,37.76497639629));
#4141 = CARTESIAN_POINT('',(-100.5,21.3598907399,37.599279986171));
#4142 = CARTESIAN_POINT('',(-100.5,21.499894109603,37.434490935863));
#4143 = CARTESIAN_POINT('',(-100.5,21.64093179049,37.270590899763));
#4144 = CARTESIAN_POINT('',(-100.5,21.782970672682,37.107560930224));
#4145 = CARTESIAN_POINT('',(-100.5,22.037190938566,36.819247546205));
#4146 = CARTESIAN_POINT('',(-100.5,22.148992714396,36.693628287539));
#4147 = CARTESIAN_POINT('',(-100.5,22.261362159901,36.568513998636));
#4148 = CARTESIAN_POINT('',(-100.5,22.374283512286,36.443895230786));
#4149 = CARTESIAN_POINT('',(-100.5,22.487741008758,36.319762535279));
#4150 = CARTESIAN_POINT('',(-100.5,22.601718886523,36.196106463402));
#4151 = CARTESIAN_POINT('',(-100.5,22.716201382788,36.072917566447));
#4152 = CARTESIAN_POINT('',(-100.5,23.011833922103,35.757331752773));
#4153 = CARTESIAN_POINT('',(-100.5,23.193700113942,35.565606903646));
#4154 = CARTESIAN_POINT('',(-100.5,23.376719152227,35.374977197174));
#4155 = CARTESIAN_POINT('',(-100.5,23.560821998871,35.185399860257));
#4156 = CARTESIAN_POINT('',(-100.5,23.745943010337,34.996833754722));
#4157 = CARTESIAN_POINT('',(-100.5,23.932039338869,34.809245879861));
#4158 = CARTESIAN_POINT('',(-100.5,24.119087217453,34.62260890061));
#4159 = CARTESIAN_POINT('',(-100.5,24.512053120698,34.234286246609));
#4160 = CARTESIAN_POINT('',(-100.5,24.718143047373,34.032776403697));
#4161 = CARTESIAN_POINT('',(-100.5,24.925249257748,33.832308544244));
#4162 = CARTESIAN_POINT('',(-100.5,25.133318343954,33.632836759902));
#4163 = CARTESIAN_POINT('',(-100.5,25.342296898123,33.434315142322));
#4164 = CARTESIAN_POINT('',(-100.5,25.552131512386,33.236697783157));
#4165 = CARTESIAN_POINT('',(-100.5,25.762768778873,33.039938774057));
#4166 = CARTESIAN_POINT('',(-100.5,26.079846696316,32.746020636765));
#4167 = CARTESIAN_POINT('',(-100.5,26.185726035301,32.648252154187));
#4168 = CARTESIAN_POINT('',(-100.5,26.291786053943,32.550680467783));
#4169 = CARTESIAN_POINT('',(-100.5,26.398020057499,32.453299578903));
#4170 = CARTESIAN_POINT('',(-100.5,26.504421909211,32.356103781402));
#4171 = CARTESIAN_POINT('',(-100.5,26.610986030305,32.259087661645));
#4172 = CARTESIAN_POINT('',(-100.5,26.717707399992,32.162246098502));
#4173 = CARTESIAN_POINT('',(-100.5,27.002701535862,31.904457805349));
#4174 = CARTESIAN_POINT('',(-100.5,27.181244132115,31.743813657548));
#4175 = CARTESIAN_POINT('',(-100.5,27.360186756705,31.583617555392));
#4176 = CARTESIAN_POINT('',(-100.5,27.539506822111,31.423845234327));
#4177 = CARTESIAN_POINT('',(-100.5,27.719181740812,31.2644724298));
#4178 = CARTESIAN_POINT('',(-100.5,27.899188925288,31.105474877256));
#4179 = CARTESIAN_POINT('',(-100.5,28.079505788018,30.946828312143));
#4180 = CARTESIAN_POINT('',(-100.5,28.440713655387,30.630188662342));
#4181 = CARTESIAN_POINT('',(-100.5,28.621604949909,30.472195657876));
#4182 = CARTESIAN_POINT('',(-100.5,28.802760094806,30.314504634791));
#4183 = CARTESIAN_POINT('',(-100.5,28.984157556566,30.157092178394));
#4184 = CARTESIAN_POINT('',(-100.5,29.165774895462,29.99993413386));
#4185 = CARTESIAN_POINT('',(-100.5,29.347588323933,29.843005278549));
#4186 = CARTESIAN_POINT('',(-100.5,29.52957472628,29.686280813791));
#4187 = CARTESIAN_POINT('',(-100.5,30.057783269577,29.232312851548));
#4188 = CARTESIAN_POINT('',(-100.5,30.404412300492,28.935544504873));
#4189 = CARTESIAN_POINT('',(-100.5,30.751470218234,28.63927929226));
#4190 = CARTESIAN_POINT('',(-100.5,31.098824185541,28.343361712805));
#4191 = CARTESIAN_POINT('',(-100.5,31.446341542082,28.047636108563));
#4192 = CARTESIAN_POINT('',(-100.5,31.793889804457,27.751946664547));
#4193 = CARTESIAN_POINT('',(-100.5,32.141336666198,27.456137408726));
#4194 = CARTESIAN_POINT('',(-100.5,32.85403988912,26.848381730126));
#4195 = CARTESIAN_POINT('',(-100.5,33.219270011163,26.536406051546));
#4196 = CARTESIAN_POINT('',(-100.5,33.584081430495,26.223939911111));
#4197 = CARTESIAN_POINT('',(-100.5,33.94831445991,25.910798897123));
#4198 = CARTESIAN_POINT('',(-100.5,34.311808565567,25.596799416872));
#4199 = CARTESIAN_POINT('',(-100.5,34.674402274146,25.281758662162));
#4200 = CARTESIAN_POINT('',(-100.5,35.035933080012,24.965494574826));
#4201 = CARTESIAN_POINT('',(-100.5,35.576393064355,24.488988278288));
#4202 = CARTESIAN_POINT('',(-100.5,35.756242768816,24.329798095054));
#4203 = CARTESIAN_POINT('',(-100.5,35.935761472195,24.170231167327));
#4204 = CARTESIAN_POINT('',(-100.5,36.114924180924,24.01026339989));
#4205 = CARTESIAN_POINT('',(-100.5,36.293705901439,23.849870697526));
#4206 = CARTESIAN_POINT('',(-100.5,36.472081640174,23.68902896502));
#4207 = CARTESIAN_POINT('',(-100.5,36.650026403565,23.527714107155));
#4208 = CARTESIAN_POINT('',(-100.5,37.022753162349,23.187908477701));
#4209 = CARTESIAN_POINT('',(-100.5,37.217437945162,23.009313137346));
#4210 = CARTESIAN_POINT('',(-100.5,37.411541169702,22.830086750664));
#4211 = CARTESIAN_POINT('',(-100.5,37.605022349549,22.650191117592));
#4212 = CARTESIAN_POINT('',(-100.5,37.797851115357,22.469596329688));
#4213 = CARTESIAN_POINT('',(-100.5,37.99000117692,22.288276361708));
#4214 = CARTESIAN_POINT('',(-100.5,38.181434438124,22.106196570181));
#4215 = CARTESIAN_POINT('',(-100.5,38.545419886518,21.757043450249));
#4216 = CARTESIAN_POINT('',(-100.5,38.7181074334,21.590113003254));
#4217 = CARTESIAN_POINT('',(-100.5,38.890120243865,21.422484335977));
#4218 = CARTESIAN_POINT('',(-100.5,39.061422238798,21.254126476357));
#4219 = CARTESIAN_POINT('',(-100.5,39.231977339084,21.085008452332));
#4220 = CARTESIAN_POINT('',(-100.5,39.401749465609,20.915099291842));
#4221 = CARTESIAN_POINT('',(-100.5,39.570702539257,20.744368022826));
#4222 = CARTESIAN_POINT('',(-100.5,39.856469654711,20.452674001118));
#4223 = CARTESIAN_POINT('',(-100.5,39.973717023704,20.332147820492));
#4224 = CARTESIAN_POINT('',(-100.5,40.090534200593,20.211192732011));
#4225 = CARTESIAN_POINT('',(-100.5,40.206910345896,20.089797347066));
#4226 = CARTESIAN_POINT('',(-100.5,40.322832167954,19.967951287776));
#4227 = CARTESIAN_POINT('',(-100.5,40.438283922928,19.845645186983));
#4228 = CARTESIAN_POINT('',(-100.5,40.553247414804,19.72287068826));
#4229 = CARTESIAN_POINT('',(-100.5,40.863909506063,19.388334684157));
#4230 = CARTESIAN_POINT('',(-100.5,41.058620713524,19.175651180763));
#4231 = CARTESIAN_POINT('',(-100.5,41.251738253556,18.961529922018));
#4232 = CARTESIAN_POINT('',(-100.5,41.443164761946,18.745930894221));
#4233 = CARTESIAN_POINT('',(-100.5,41.632802874484,18.528814083668));
#4234 = CARTESIAN_POINT('',(-100.5,41.820555226958,18.310139476656));
#4235 = CARTESIAN_POINT('',(-100.5,42.006324455155,18.089867059484));
#4236 = CARTESIAN_POINT('',(-100.5,42.373702106538,17.646046369664));
#4237 = CARTESIAN_POINT('',(-100.5,42.555316568205,17.422511145244));
#4238 = CARTESIAN_POINT('',(-100.5,42.734709840104,17.19721847869));
#4239 = CARTESIAN_POINT('',(-100.5,42.911664785438,16.969949716109));
#4240 = CARTESIAN_POINT('',(-100.5,43.086058214054,16.740600395865));
#4241 = CARTESIAN_POINT('',(-100.5,43.257678857836,16.508958508993));
#4242 = CARTESIAN_POINT('',(-100.5,43.42637321358,16.274883248795));
#4243 = CARTESIAN_POINT('',(-100.5,43.688548625946,15.900148483117));
#4244 = CARTESIAN_POINT('',(-100.5,43.784096309221,15.761153107275));
#4245 = CARTESIAN_POINT('',(-100.5,43.878552192133,15.621254939816));
#4246 = CARTESIAN_POINT('',(-100.5,43.971861651482,15.480504037324));
#4247 = CARTESIAN_POINT('',(-100.5,44.063968757981,15.338961280703));
#4248 = CARTESIAN_POINT('',(-100.5,44.154816276262,15.196698375176));
#4249 = CARTESIAN_POINT('',(-100.5,44.244345664869,15.053797850288));
#4250 = CARTESIAN_POINT('',(-100.5,44.471009916769,14.684957401935));
#4251 = CARTESIAN_POINT('',(-100.5,44.606382468326,14.458322833496));
#4252 = CARTESIAN_POINT('',(-100.5,44.737290258639,14.229465652512));
#4253 = CARTESIAN_POINT('',(-100.5,44.86530455727,14.001860159984));
#4254 = CARTESIAN_POINT('',(-100.5,44.989523852632,13.774091080736));
#4255 = CARTESIAN_POINT('',(-100.5,45.108274819062,13.542486827158));
#4256 = CARTESIAN_POINT('',(-100.5,45.221744699192,13.30565430483));
#4257 = CARTESIAN_POINT('',(-100.5,45.434471241944,12.821925581258));
#4258 = CARTESIAN_POINT('',(-100.5,45.537326402566,12.554333773064));
#4259 = CARTESIAN_POINT('',(-100.5,45.644052297855,12.305990167961));
#4260 = CARTESIAN_POINT('',(-100.5,45.717656478418,12.01889054845));
#4261 = CARTESIAN_POINT('',(-100.5,45.789171542858,11.759417553869));
#4262 = CARTESIAN_POINT('',(-100.5,45.881152481639,11.583610860089));
#4263 = CARTESIAN_POINT('',(-100.5,45.940003827589,11.383517434432));
#4264 = CARTESIAN_POINT('',(-100.5,45.97902077066,11.008298388863));
#4265 = CARTESIAN_POINT('',(-100.5,45.982381354573,10.974440568581));
#4266 = CARTESIAN_POINT('',(-100.5,45.984731837694,10.942798331224));
#4267 = CARTESIAN_POINT('',(-100.5,45.986875331143,10.90450068936));
#4268 = CARTESIAN_POINT('',(-100.5,45.989334333587,10.85818634538));
#4269 = CARTESIAN_POINT('',(-100.5,45.992350731238,10.810003691491));
#4270 = CARTESIAN_POINT('',(-100.5,45.995885797851,10.773610809721));
#4271 = CARTESIAN_POINT('',(-100.5,45.99985235633,10.769961902348));
#4272 = CARTESIAN_POINT('',(-100.5,46.000085110627,10.769893962016));
#4273 = CARTESIAN_POINT('',(-100.5,46.000317978318,10.769982233867));
#4274 = CARTESIAN_POINT('',(-100.5,46.000550436671,10.770222309533));
#4275 = CARTESIAN_POINT('',(-100.5,46.000781935334,10.770605761329));
#4276 = CARTESIAN_POINT('',(-100.5,46.001011940993,10.771125476952));
#4277 = CARTESIAN_POINT('',(-100.5,46.001240010887,10.771775356865));
#4278 = CARTESIAN_POINT('',(-100.5,46.011170612175,10.805583844477));
#4279 = CARTESIAN_POINT('',(-100.5,46.015080033769,11.004113025401));
#4280 = CARTESIAN_POINT('',(-100.5,46.028461595133,11.161758594297));
#4281 = CARTESIAN_POINT('',(-100.5,46.050126479828,11.271499768824));
#4282 = CARTESIAN_POINT('',(-100.5,46.074220573347,11.370008708149));
#4283 = CARTESIAN_POINT('',(-100.5,46.097821443079,11.464476048305));
#4284 = CARTESIAN_POINT('',(-100.5,46.124341344691,11.541921571916));
#4285 = CARTESIAN_POINT('',(-100.5,46.201865778689,11.782336600586));
#4286 = CARTESIAN_POINT('',(-100.5,46.243566567294,11.911941349878));
#4287 = CARTESIAN_POINT('',(-100.5,46.287742017235,12.04783845735));
#4288 = CARTESIAN_POINT('',(-100.5,46.334291530203,12.188075455146));
#4289 = CARTESIAN_POINT('',(-100.5,46.383110513099,12.330713210367));
#4290 = CARTESIAN_POINT('',(-100.5,46.434090378023,12.473825925068));
#4291 = CARTESIAN_POINT('',(-100.5,46.487118542284,12.615501136255));
#4292 = CARTESIAN_POINT('',(-100.5,46.632131482617,12.980510702582));
#4293 = CARTESIAN_POINT('',(-100.5,46.728394260462,13.201987404628));
#4294 = CARTESIAN_POINT('',(-100.5,46.83022004066,13.419146618466));
#4295 = CARTESIAN_POINT('',(-100.5,46.937246674632,13.632337484091));
#4296 = CARTESIAN_POINT('',(-100.5,47.048785248961,13.842471720946));
#4297 = CARTESIAN_POINT('',(-100.5,47.163780104287,14.051092149097));
#4298 = CARTESIAN_POINT('',(-100.5,47.281340210612,14.259419495705));
#4299 = CARTESIAN_POINT('',(-100.5,47.534658027096,14.694485154127));
#4300 = CARTESIAN_POINT('',(-100.5,47.670956551321,14.921185668701));
#4301 = CARTESIAN_POINT('',(-100.5,47.810565685656,15.146271487517));
#4302 = CARTESIAN_POINT('',(-100.5,47.953325060604,15.369686142149));
#4303 = CARTESIAN_POINT('',(-100.5,48.099082971407,15.591264711011));
#4304 = CARTESIAN_POINT('',(-100.5,48.247712227934,15.810738593679));
#4305 = CARTESIAN_POINT('',(-100.5,48.39910059487,16.027947624321));
#4306 = CARTESIAN_POINT('',(-100.5,48.692995770905,16.438819144657));
#4307 = CARTESIAN_POINT('',(-100.5,48.834997189784,16.632701518414));
#4308 = CARTESIAN_POINT('',(-100.5,48.978975962764,16.824945191569));
#4309 = CARTESIAN_POINT('',(-100.5,49.124831985128,17.015645673125));
#4310 = CARTESIAN_POINT('',(-100.5,49.272465152157,17.20489847208));
#4311 = CARTESIAN_POINT('',(-100.5,49.421775359134,17.392799097437));
#4312 = CARTESIAN_POINT('',(-100.5,49.57266250134,17.579443058195));
#4313 = CARTESIAN_POINT('',(-100.5,49.831703964481,17.894791472779));
#4314 = CARTESIAN_POINT('',(-100.5,49.93909508,18.024085040726));
#4315 = CARTESIAN_POINT('',(-100.5,50.047179810283,18.152815495099));
#4316 = CARTESIAN_POINT('',(-100.5,50.155938508695,18.280991686356));
#4317 = CARTESIAN_POINT('',(-100.5,50.265351892297,18.4086223875));
#4318 = CARTESIAN_POINT('',(-100.5,50.375401041846,18.535716294088));
#4319 = CARTESIAN_POINT('',(-100.5,50.486067401795,18.662282024226));
#4320 = CARTESIAN_POINT('',(-100.5,50.788119577327,19.004459416038));
#4321 = CARTESIAN_POINT('',(-100.5,50.980665038824,19.219063236976));
#4322 = CARTESIAN_POINT('',(-100.5,51.17488710587,19.432185826474));
#4323 = CARTESIAN_POINT('',(-100.5,51.370651454767,19.643870625949));
#4324 = CARTESIAN_POINT('',(-100.5,51.567962500277,19.854170598088));
#4325 = CARTESIAN_POINT('',(-100.5,51.766590808098,20.063125315612));
#4326 = CARTESIAN_POINT('',(-100.5,51.966567587219,20.270789468638));
#4327 = CARTESIAN_POINT('',(-100.5,52.369014460443,20.683616202146));
#4328 = CARTESIAN_POINT('',(-100.5,52.571481153401,20.888772460507));
#4329 = CARTESIAN_POINT('',(-100.5,52.775138568717,21.092735193955));
#4330 = CARTESIAN_POINT('',(-100.5,52.979924361681,21.295557922212));
#4331 = CARTESIAN_POINT('',(-100.5,53.185776187581,21.497294164999));
#4332 = CARTESIAN_POINT('',(-100.5,53.392631701709,21.697997442037));
#4333 = CARTESIAN_POINT('',(-100.5,53.600428559353,21.897721273048));
#4334 = CARTESIAN_POINT('',(-100.5,53.930831246689,22.21248390572));
#4335 = CARTESIAN_POINT('',(-100.5,54.052856099684,22.328134931877));
#4336 = CARTESIAN_POINT('',(-100.5,54.175168573555,22.443481496256));
#4337 = CARTESIAN_POINT('',(-100.5,54.297758796629,22.558532492948));
#4338 = CARTESIAN_POINT('',(-100.5,54.420617426797,22.673296470105));
#4339 = CARTESIAN_POINT('',(-100.5,54.543735651516,22.787781629941));
#4340 = CARTESIAN_POINT('',(-100.5,54.667105187805,22.901995828728));
#4341 = CARTESIAN_POINT('',(-100.5,54.984967669349,23.195012258094));
#4342 = CARTESIAN_POINT('',(-100.5,55.179817687606,23.373429151661));
#4343 = CARTESIAN_POINT('',(-100.5,55.375235070578,23.551229328233));
#4344 = CARTESIAN_POINT('',(-100.5,55.571186551832,23.728444858542));
#4345 = CARTESIAN_POINT('',(-100.5,55.767638864931,23.905107813323));
#4346 = CARTESIAN_POINT('',(-100.5,55.964558743439,24.081250263307));
#4347 = CARTESIAN_POINT('',(-100.5,56.161912920922,24.256904279229));
#4348 = CARTESIAN_POINT('',(-100.5,56.57540155635,24.623227059259));
#4349 = CARTESIAN_POINT('',(-100.5,56.79161191137,24.813807355579));
#4350 = CARTESIAN_POINT('',(-100.5,57.00825088649,25.00388948518));
#4351 = CARTESIAN_POINT('',(-100.5,57.225290879924,25.193508968201));
#4352 = CARTESIAN_POINT('',(-100.5,57.442697050986,25.382705490482));
#4353 = CARTESIAN_POINT('',(-100.5,57.660431305513,25.571520698054));
#4354 = CARTESIAN_POINT('',(-100.5,57.878462094317,25.759992816226));
#4355 = CARTESIAN_POINT('',(-100.5,58.478764101438,26.277458854675));
#4356 = CARTESIAN_POINT('',(-100.5,58.861573292004,26.605827249945));
#4357 = CARTESIAN_POINT('',(-100.5,59.244992891253,26.933482566692));
#4358 = CARTESIAN_POINT('',(-100.5,59.628851473753,27.260629446208));
#4359 = CARTESIAN_POINT('',(-100.5,60.012930373572,27.587502883308));
#4360 = CARTESIAN_POINT('',(-100.5,60.397090241582,27.914288135387));
#4361 = CARTESIAN_POINT('',(-100.5,60.781131387558,28.241209230022));
#4362 = CARTESIAN_POINT('',(-100.5,61.347619736705,28.724312526367));
#4363 = CARTESIAN_POINT('',(-100.5,61.530291420226,28.880229724181));
#4364 = CARTESIAN_POINT('',(-100.5,61.712877572911,29.036247490692));
#4365 = CARTESIAN_POINT('',(-100.5,61.895358945666,29.192388553324));
#4366 = CARTESIAN_POINT('',(-100.5,62.077716347423,29.34867559581));
#4367 = CARTESIAN_POINT('',(-100.5,62.259930554986,29.505131323897));
#4368 = CARTESIAN_POINT('',(-100.5,62.441982222872,29.661778531048));
#4369 = CARTESIAN_POINT('',(-100.5,62.914844111755,30.069619644933));
#4370 = CARTESIAN_POINT('',(-100.5,63.205366565502,30.321147070926));
#4371 = CARTESIAN_POINT('',(-100.5,63.495328222804,30.573323220085));
#4372 = CARTESIAN_POINT('',(-100.5,63.784637523418,30.826248317538));
#4373 = CARTESIAN_POINT('',(-100.5,64.073202278455,31.080022035601));
#4374 = CARTESIAN_POINT('',(-100.5,64.360929670378,31.334743493775));
#4375 = CARTESIAN_POINT('',(-100.5,64.647726253002,31.590511258745));
#4376 = CARTESIAN_POINT('',(-100.5,65.076384468689,31.975879987694));
#4377 = CARTESIAN_POINT('',(-100.5,65.219013812322,32.104623192186));
#4378 = CARTESIAN_POINT('',(-100.5,65.361376776795,32.233664945556));
#4379 = CARTESIAN_POINT('',(-100.5,65.50346250127,32.363017616571));
#4380 = CARTESIAN_POINT('',(-100.5,65.645258469665,32.49269395507));
#4381 = CARTESIAN_POINT('',(-100.5,65.786750510661,32.622707091964));
#4382 = CARTESIAN_POINT('',(-100.5,65.927922797692,32.753070539234));
#4383 = CARTESIAN_POINT('',(-100.5,66.209592953195,33.0145258898));
#4384 = CARTESIAN_POINT('',(-100.5,66.350091444727,33.145617782447));
#4385 = CARTESIAN_POINT('',(-100.5,66.490237498998,33.277087470343));
#4386 = CARTESIAN_POINT('',(-100.5,66.630015291453,33.408948555963));
#4387 = CARTESIAN_POINT('',(-100.5,66.76940899754,33.54121464178));
#4388 = CARTESIAN_POINT('',(-100.5,66.908402792703,33.673899330268));
#4389 = CARTESIAN_POINT('',(-100.5,67.046980852391,33.807016223899));
#4390 = CARTESIAN_POINT('',(-100.5,67.28873722679,34.040750951085));
#4391 = CARTESIAN_POINT('',(-100.5,67.392104349016,34.141173743807));
#4392 = CARTESIAN_POINT('',(-100.5,67.495222042741,34.241853041858));
#4393 = CARTESIAN_POINT('',(-100.5,67.598083631982,34.342794583781));
#4394 = CARTESIAN_POINT('',(-100.5,67.700682440755,34.444004108119));
#4395 = CARTESIAN_POINT('',(-100.5,67.803011793076,34.545487353416));
#4396 = CARTESIAN_POINT('',(-100.5,67.905065012962,34.647250058216));
#4397 = CARTESIAN_POINT('',(-100.5,68.210374453977,34.953391968476));
#4398 = CARTESIAN_POINT('',(-100.5,68.412786450791,35.158630189169));
#4399 = CARTESIAN_POINT('',(-100.5,68.614006077052,35.365060026429));
#4400 = CARTESIAN_POINT('',(-100.5,68.814029411274,35.572701639843));
#4401 = CARTESIAN_POINT('',(-100.5,69.012668780425,35.781647131863));
#4402 = CARTESIAN_POINT('',(-100.5,69.209933660768,35.991909174503));
#4403 = CARTESIAN_POINT('',(-100.5,69.405698464207,36.203552342197));
#4404 = CARTESIAN_POINT('',(-100.5,69.745543965071,36.57641545161));
#4405 = CARTESIAN_POINT('',(-100.5,69.890310467666,36.737015197939));
#4406 = CARTESIAN_POINT('',(-100.5,70.034161553549,36.898435917664));
#4407 = CARTESIAN_POINT('',(-100.5,70.177063721038,37.060697692737));
#4408 = CARTESIAN_POINT('',(-100.5,70.318983468453,37.223820605113));
#4409 = CARTESIAN_POINT('',(-100.5,70.459887294112,37.387824736745));
#4410 = CARTESIAN_POINT('',(-100.5,70.599741696335,37.552730169588));
#4411 = CARTESIAN_POINT('',(-100.5,70.846455612676,37.847544234157));
#4412 = CARTESIAN_POINT('',(-100.5,70.953741890399,37.977086183181));
#4413 = CARTESIAN_POINT('',(-100.5,71.060354802156,38.107191417668));
#4414 = CARTESIAN_POINT('',(-100.5,71.166275524347,38.237868475882));
#4415 = CARTESIAN_POINT('',(-100.5,71.27148361422,38.369125849349));
#4416 = CARTESIAN_POINT('',(-100.5,71.375957009874,38.500971982858));
#4417 = CARTESIAN_POINT('',(-100.5,71.479672030258,38.633415274459));
#4418 = CARTESIAN_POINT('',(-100.5,71.729655295901,38.956543023285));
#4419 = CARTESIAN_POINT('',(-100.5,71.875110954527,39.147857646225));
#4420 = CARTESIAN_POINT('',(-100.5,72.018902037018,39.340429579065));
#4421 = CARTESIAN_POINT('',(-100.5,72.160960229338,39.534280456586));
#4422 = CARTESIAN_POINT('',(-100.5,72.301217217453,39.729431913567));
#4423 = CARTESIAN_POINT('',(-100.5,72.439604687329,39.925905584789));
#4424 = CARTESIAN_POINT('',(-100.5,72.576054324932,40.12372310503));
#4425 = CARTESIAN_POINT('',(-100.5,72.858384308041,40.542005415498));
#4426 = CARTESIAN_POINT('',(-100.5,73.003847264806,40.762760180843));
#4427 = CARTESIAN_POINT('',(-100.5,73.146780216821,40.985192185678));
#4428 = CARTESIAN_POINT('',(-100.5,73.287134003171,41.209353502901));
#4429 = CARTESIAN_POINT('',(-100.5,73.424777504981,41.435241805283));
#4430 = CARTESIAN_POINT('',(-100.5,73.559559578897,41.662839426365));
#4431 = CARTESIAN_POINT('',(-100.5,73.691384241836,41.892159190476));
#4432 = CARTESIAN_POINT('',(-100.5,73.948840529707,42.354205271753));
#4433 = CARTESIAN_POINT('',(-100.5,74.074479717553,42.586943143456));
#4434 = CARTESIAN_POINT('',(-100.5,74.196906618611,42.82139254076));
#4435 = CARTESIAN_POINT('',(-100.5,74.315999129991,43.057552361691));
#4436 = CARTESIAN_POINT('',(-100.5,74.431635148801,43.295421504275));
#4437 = CARTESIAN_POINT('',(-100.5,74.543692572147,43.534998866537));
#4438 = CARTESIAN_POINT('',(-100.5,74.652049297138,43.776283346502));
#4439 = CARTESIAN_POINT('',(-100.5,74.918154955272,44.394849487153));
#4440 = CARTESIAN_POINT('',(-100.5,75.070565210276,44.774441283067));
#4441 = CARTESIAN_POINT('',(-100.5,75.21337140531,45.157876712897));
#4442 = CARTESIAN_POINT('',(-100.5,75.346114388818,45.544965933728));
#4443 = CARTESIAN_POINT('',(-100.5,75.468323202288,45.935500335592));
#4444 = CARTESIAN_POINT('',(-100.5,75.579519844273,46.32925110028));
#4445 = CARTESIAN_POINT('',(-100.5,75.679224034411,46.725967760166));
#4446 = CARTESIAN_POINT('',(-100.5,75.808252432972,47.313369869924));
#4447 = CARTESIAN_POINT('',(-100.5,75.846892109882,47.501960500502));
#4448 = CARTESIAN_POINT('',(-100.5,75.882848172879,47.691104858712));
#4449 = CARTESIAN_POINT('',(-100.5,75.916091528767,47.880758501151));
#4450 = CARTESIAN_POINT('',(-100.5,75.946592826449,48.070876331061));
#4451 = CARTESIAN_POINT('',(-100.5,75.974322456924,48.261412598323));
#4452 = CARTESIAN_POINT('',(-100.5,75.999250553292,48.452320899464));
#4453 = CARTESIAN_POINT('',(-100.5,76.046206204396,48.858697859854));
#4454 = CARTESIAN_POINT('',(-100.5,76.067480374394,49.074250082788));
#4455 = CARTESIAN_POINT('',(-100.5,76.085128268088,49.290142092487));
#4456 = CARTESIAN_POINT('',(-100.5,76.099106606957,49.506305336092));
#4457 = CARTESIAN_POINT('',(-100.5,76.109371302383,49.722671345125));
#4458 = CARTESIAN_POINT('',(-100.5,76.115878691422,49.939171618768));
#4459 = CARTESIAN_POINT('',(-100.5,76.118586772567,50.155737507134));
#4460 = CARTESIAN_POINT('',(-100.5,76.116451704196,50.564799908301));
#4461 = CARTESIAN_POINT('',(-100.5,76.112421045043,50.757294785686));
#4462 = CARTESIAN_POINT('',(-100.5,76.105367783053,50.949727529081));
#4463 = CARTESIAN_POINT('',(-100.5,76.095295237217,51.142040940864));
#4464 = CARTESIAN_POINT('',(-100.5,76.082206726524,51.334177823413));
#4465 = CARTESIAN_POINT('',(-100.5,76.066105569964,51.526080979106));
#4466 = CARTESIAN_POINT('',(-100.5,76.046995086528,51.717693210322));
#4467 = CARTESIAN_POINT('',(-100.5,76.002762107378,52.100221398323));
#4468 = CARTESIAN_POINT('',(-100.5,75.977639799653,52.291137456799));
#4469 = CARTESIAN_POINT('',(-100.5,75.949514722936,52.481648181887));
#4470 = CARTESIAN_POINT('',(-100.5,75.918390067715,52.671696315937));
#4471 = CARTESIAN_POINT('',(-100.5,75.884269164063,52.861224656627));
#4472 = CARTESIAN_POINT('',(-100.5,75.847155481633,53.050176056966));
#4473 = CARTESIAN_POINT('',(-100.5,75.807052629663,53.238493425291));
#4474 = CARTESIAN_POINT('',(-100.5,75.704717976752,53.684105910714));
#4475 = CARTESIAN_POINT('',(-100.5,75.639835460142,53.940788603986));
#4476 = CARTESIAN_POINT('',(-100.5,75.569391724829,54.196043753882));
#4477 = CARTESIAN_POINT('',(-100.5,75.4934616885,54.449747309202));
#4478 = CARTESIAN_POINT('',(-100.5,75.412120268841,54.701775218746));
#4479 = CARTESIAN_POINT('',(-100.5,75.325442383537,54.952003431316));
#4480 = CARTESIAN_POINT('',(-100.5,75.233502950274,55.20030789571));
#4481 = CARTESIAN_POINT('',(-100.5,75.039250940342,55.692820928745));
#4482 = CARTESIAN_POINT('',(-100.5,74.936932288454,55.937026823224));
#4483 = CARTESIAN_POINT('',(-100.5,74.829525153415,56.179080265738));
#4484 = CARTESIAN_POINT('',(-100.5,74.717052751281,56.418803457393));
#4485 = CARTESIAN_POINT('',(-100.5,74.599608371117,56.656099537726));
#4486 = CARTESIAN_POINT('',(-100.5,74.477318060896,56.890908096824));
#4487 = CARTESIAN_POINT('',(-100.5,74.350268012693,57.123128738419));
#4488 = CARTESIAN_POINT('',(-100.5,74.110781110965,57.540496778879));
#4489 = CARTESIAN_POINT('',(-100.5,73.999889941661,57.726522690754));
#4490 = CARTESIAN_POINT('',(-100.5,73.885929121107,57.910711356636));
#4491 = CARTESIAN_POINT('',(-100.5,73.768951538444,58.093014405801));
#4492 = CARTESIAN_POINT('',(-100.5,73.649010082814,58.273383467528));
#4493 = CARTESIAN_POINT('',(-100.5,73.526157643358,58.451770171094));
#4494 = CARTESIAN_POINT('',(-100.5,73.400447109216,58.628126145777));
#4495 = CARTESIAN_POINT('',(-100.5,73.086307657538,59.054122542102));
#4496 = CARTESIAN_POINT('',(-100.5,72.894827250036,59.301511105471));
#4497 = CARTESIAN_POINT('',(-100.5,72.697641652932,59.54441886055));
#4498 = CARTESIAN_POINT('',(-100.5,72.494916640646,59.782774987344));
#4499 = CARTESIAN_POINT('',(-100.5,72.286799402583,60.016418490035));
#4500 = CARTESIAN_POINT('',(-100.5,72.073452424577,60.245270453872));
#4501 = CARTESIAN_POINT('',(-100.5,71.855025826265,60.469203657334));
#4502 = CARTESIAN_POINT('',(-100.5,71.391145314067,60.923856008671));
#4503 = CARTESIAN_POINT('',(-100.5,71.144905843292,61.153770248786));
#4504 = CARTESIAN_POINT('',(-100.5,70.893139821089,61.377726915152));
#4505 = CARTESIAN_POINT('',(-100.5,70.636053718176,61.595563306363));
#4506 = CARTESIAN_POINT('',(-100.5,70.373809041525,61.807181250914));
#4507 = CARTESIAN_POINT('',(-100.5,70.106604253908,62.012432718197));
#4508 = CARTESIAN_POINT('',(-100.5,69.834617055605,62.211196056542));
#4509 = CARTESIAN_POINT('',(-100.5,69.39998579751,62.513136762117));
#4510 = CARTESIAN_POINT('',(-100.5,69.240438704826,62.620771244603));
#4511 = CARTESIAN_POINT('',(-100.5,69.079424354542,62.726220849139));
#4512 = CARTESIAN_POINT('',(-100.5,68.916976778244,62.829461610509));
#4513 = CARTESIAN_POINT('',(-100.5,68.753130126018,62.930469594684));
#4514 = CARTESIAN_POINT('',(-100.5,68.587918666456,63.029220898818));
#4515 = CARTESIAN_POINT('',(-100.5,68.421376786655,63.125691651252));
#4516 = CARTESIAN_POINT('',(-100.5,67.98080430403,63.372877377556));
#4517 = CARTESIAN_POINT('',(-100.5,67.704652959345,63.519810321704));
#4518 = CARTESIAN_POINT('',(-100.5,67.425238854225,63.660556387201));
#4519 = CARTESIAN_POINT('',(-100.5,67.142716839257,63.795014128195));
#4520 = CARTESIAN_POINT('',(-100.5,66.857242824723,63.923081338713));
#4521 = CARTESIAN_POINT('',(-100.5,66.568973885768,64.044655281625));
#4522 = CARTESIAN_POINT('',(-100.5,66.278068367565,64.159632917612));
#4523 = CARTESIAN_POINT('',(-100.5,65.849279349561,64.317885470464));
#4524 = CARTESIAN_POINT('',(-100.5,65.713344515712,64.366432908492));
#4525 = CARTESIAN_POINT('',(-100.5,65.576896218116,64.413543162432));
#4526 = CARTESIAN_POINT('',(-100.5,65.43995023156,64.459206411422));
#4527 = CARTESIAN_POINT('',(-100.5,65.302523376444,64.503413299518));
#4528 = CARTESIAN_POINT('',(-100.5,65.164633518781,64.546154935698));
#4529 = CARTESIAN_POINT('',(-100.5,65.026299570197,64.587422893859));
#4530 = CARTESIAN_POINT('',(-100.5,64.725656688728,64.673626691003));
#4531 = CARTESIAN_POINT('',(-100.5,64.563192921332,64.718027053083));
#4532 = CARTESIAN_POINT('',(-100.5,64.400179161547,64.760396587773));
#4533 = CARTESIAN_POINT('',(-100.5,64.236644385181,64.800721583782));
#4534 = CARTESIAN_POINT('',(-100.5,64.072617568043,64.83898832982));
#4535 = CARTESIAN_POINT('',(-100.5,63.908127685942,64.875183114597));
#4536 = CARTESIAN_POINT('',(-100.5,63.743203714685,64.909292226822));
#4537 = CARTESIAN_POINT('',(-100.5,63.436164003216,64.96873886194));
#4538 = CARTESIAN_POINT('',(-100.5,63.294155844309,64.994633661373));
#4539 = CARTESIAN_POINT('',(-100.5,63.151868235088,65.018977296648));
#4540 = CARTESIAN_POINT('',(-100.5,63.00931934951,65.041760934197));
#4541 = CARTESIAN_POINT('',(-100.5,62.86652745376,65.062975963739));
#4542 = CARTESIAN_POINT('',(-100.5,62.723510906253,65.082613998278));
#4543 = CARTESIAN_POINT('',(-100.5,62.580288157632,65.100666874108));
#4544 = CARTESIAN_POINT('',(-100.5,62.197860763689,65.144559570915));
#4545 = CARTESIAN_POINT('',(-100.5,61.958326564295,65.16757185158));
#4546 = CARTESIAN_POINT('',(-100.5,61.718374343305,65.186144451137));
#4547 = CARTESIAN_POINT('',(-100.5,61.47810329144,65.200258327924));
#4548 = CARTESIAN_POINT('',(-100.5,61.237612599419,65.209894440281));
#4549 = CARTESIAN_POINT('',(-100.5,60.997001457958,65.215033746545));
#4550 = CARTESIAN_POINT('',(-100.5,60.756369057779,65.215657205053));
#4551 = CARTESIAN_POINT('',(-100.5,60.275259921959,65.207834339992));
#4552 = CARTESIAN_POINT('',(-100.5,60.034783817158,65.199382957079));
#4553 = CARTESIAN_POINT('',(-100.5,59.79448477729,65.186395597653));
#4554 = CARTESIAN_POINT('',(-100.5,59.554460907601,65.168821342313));
#4555 = CARTESIAN_POINT('',(-100.5,59.314811690953,65.146632254887));
#4556 = CARTESIAN_POINT('',(-100.5,59.075638990279,65.119849972531));
#4557 = CARTESIAN_POINT('',(-100.5,58.837047279021,65.088521011042));
#4558 = CARTESIAN_POINT('',(-100.5,58.408819114669,65.023936508149));
#4559 = CARTESIAN_POINT('',(-100.5,58.218933692873,64.992321933031));
#4560 = CARTESIAN_POINT('',(-100.5,58.029539733453,64.957804978247));
#4561 = CARTESIAN_POINT('',(-100.5,57.840690135683,64.920393562007));
#4562 = CARTESIAN_POINT('',(-100.5,57.652437798835,64.880095602521));
#4563 = CARTESIAN_POINT('',(-100.5,57.464835622182,64.836919017997));
#4564 = CARTESIAN_POINT('',(-100.5,57.277936504997,64.790871726645));
#4565 = CARTESIAN_POINT('',(-100.5,56.928921318054,64.69916617675));
#4566 = CARTESIAN_POINT('',(-100.5,56.766627327346,64.654177132627));
#4567 = CARTESIAN_POINT('',(-100.5,56.604947014149,64.606999322093));
#4568 = CARTESIAN_POINT('',(-100.5,56.443914746037,64.55764131285));
#4569 = CARTESIAN_POINT('',(-100.5,56.283563618431,64.506115432512));
#4570 = CARTESIAN_POINT('',(-100.5,56.123925454606,64.452437768608));
#4571 = CARTESIAN_POINT('',(-100.5,55.965030805685,64.396628168579));
#4572 = CARTESIAN_POINT('',(-100.5,55.535851408009,64.239425473286));
#4573 = CARTESIAN_POINT('',(-100.5,55.267066606717,64.133934012728));
#4574 = CARTESIAN_POINT('',(-100.5,55.00071108487,64.0223207434));
#4575 = CARTESIAN_POINT('',(-100.5,54.736933263197,63.90468546219));
#4576 = CARTESIAN_POINT('',(-100.5,54.475908541129,63.781081115223));
#4577 = CARTESIAN_POINT('',(-100.5,54.217745707258,63.651658540057));
#4578 = CARTESIAN_POINT('',(-100.5,53.962662056471,63.516414863583));
#4579 = CARTESIAN_POINT('',(-100.5,53.521811289957,63.269863096686));
#4580 = CARTESIAN_POINT('',(-100.5,53.334666727547,63.161024663709));
#4581 = CARTESIAN_POINT('',(-100.5,53.14935417914,63.049061337028));
#4582 = CARTESIAN_POINT('',(-100.5,52.965921856388,62.934025907005));
#4583 = CARTESIAN_POINT('',(-100.5,52.784417970939,62.815971164002));
#4584 = CARTESIAN_POINT('',(-100.5,52.604890734445,62.694949898378));
#4585 = CARTESIAN_POINT('',(-100.5,52.427388358556,62.571014900495));
#4586 = CARTESIAN_POINT('',(-100.5,52.115514460368,62.34560019956));
#4587 = CARTESIAN_POINT('',(-100.5,51.98032158504,62.245250693162));
#4588 = CARTESIAN_POINT('',(-100.5,51.846407116607,62.143194844475));
#4589 = CARTESIAN_POINT('',(-100.5,51.713794835472,62.039457519186));
#4590 = CARTESIAN_POINT('',(-100.5,51.582505614769,61.934064045715));
#4591 = CARTESIAN_POINT('',(-100.5,51.452557420363,61.827040215212));
#4592 = CARTESIAN_POINT('',(-100.5,51.323965310849,61.718412281557));
#4593 = CARTESIAN_POINT('',(-100.5,50.996818536204,61.435027456714));
#4594 = CARTESIAN_POINT('',(-100.5,50.800278021451,61.257952885027));
#4595 = CARTESIAN_POINT('',(-100.5,50.607180068222,61.07708597664));
#4596 = CARTESIAN_POINT('',(-100.5,50.417584299927,60.892528760542));
#4597 = CARTESIAN_POINT('',(-100.5,50.231550531796,60.704383514591));
#4598 = CARTESIAN_POINT('',(-100.5,50.049138939154,60.512752979058));
#4599 = CARTESIAN_POINT('',(-100.5,49.870409650647,60.317739833487));
#4600 = CARTESIAN_POINT('',(-100.5,49.504525720587,59.903124081908));
#4601 = CARTESIAN_POINT('',(-100.5,49.318080306391,59.682895457147));
#4602 = CARTESIAN_POINT('',(-100.5,49.136153998102,59.458881278444));
#4603 = CARTESIAN_POINT('',(-100.5,48.958815269986,59.231203261635));
#4604 = CARTESIAN_POINT('',(-100.5,48.786132596315,58.999983122561));
#4605 = CARTESIAN_POINT('',(-100.5,48.618174451355,58.765342577058));
#4606 = CARTESIAN_POINT('',(-100.5,48.455009309376,58.527403340966));
#4607 = CARTESIAN_POINT('',(-100.5,48.191169866948,58.125542987712));
#4608 = CARTESIAN_POINT('',(-100.5,48.08779392323,57.963387623718));
#4609 = CARTESIAN_POINT('',(-100.5,47.986603618352,57.79985195411));
#4610 = CARTESIAN_POINT('',(-100.5,47.887624778494,57.634966872405));
#4611 = CARTESIAN_POINT('',(-100.5,47.790883251153,57.468763249661));
#4612 = CARTESIAN_POINT('',(-100.5,47.696404905141,57.301271934484));
#4613 = CARTESIAN_POINT('',(-100.5,47.60421563059,57.132523753024));
#4614 = CARTESIAN_POINT('',(-100.5,47.446935095064,56.835067832739));
#4615 = CARTESIAN_POINT('',(-100.5,47.380837597292,56.706897164005));
#4616 = CARTESIAN_POINT('',(-100.5,47.316048928673,56.578050736776));
#4617 = CARTESIAN_POINT('',(-100.5,47.252576297049,56.448541361994));
#4618 = CARTESIAN_POINT('',(-100.5,47.190434035063,56.318381427542));
#4619 = CARTESIAN_POINT('',(-100.5,47.129643600163,56.187582898243));
#4620 = CARTESIAN_POINT('',(-100.5,47.070233574597,56.05615731586));
#4621 = CARTESIAN_POINT('',(-100.5,46.915581941188,55.704043851983));
#4622 = CARTESIAN_POINT('',(-100.5,46.822855710037,55.482264714191));
#4623 = CARTESIAN_POINT('',(-100.5,46.734208951741,55.258825369498));
#4624 = CARTESIAN_POINT('',(-100.5,46.649784373813,55.033772045177));
#4625 = CARTESIAN_POINT('',(-100.5,46.569711047444,54.80715735059));
#4626 = CARTESIAN_POINT('',(-100.5,46.494119690872,54.579038611219));
#4627 = CARTESIAN_POINT('',(-100.5,46.423181600189,54.349467398132));
#4628 = CARTESIAN_POINT('',(-100.5,46.289386617089,53.881264327602));
#4629 = CARTESIAN_POINT('',(-100.5,46.226443741226,53.642702045743));
#4630 = CARTESIAN_POINT('',(-100.5,46.170598846111,53.402443570449));
#4631 = CARTESIAN_POINT('',(-100.5,46.117813513888,53.160909385345));
#4632 = CARTESIAN_POINT('',(-100.5,46.070127747338,52.918227183892));
#4633 = CARTESIAN_POINT('',(-100.5,46.033251778056,52.674164835509));
#4634 = CARTESIAN_POINT('',(-100.5,46.009976196223,52.428560968013));
#4635 = CARTESIAN_POINT('',(-100.5,46.,52.181764705882));
#4636 = PCURVE('',#1642,#4637);
#4637 = DEFINITIONAL_REPRESENTATION('',(#4638),#5376);
#4638 = B_SPLINE_CURVE_WITH_KNOTS('',8,(#4639,#4640,#4641,#4642,#4643,
    #4644,#4645,#4646,#4647,#4648,#4649,#4650,#4651,#4652,#4653,#4654,
    #4655,#4656,#4657,#4658,#4659,#4660,#4661,#4662,#4663,#4664,#4665,
    #4666,#4667,#4668,#4669,#4670,#4671,#4672,#4673,#4674,#4675,#4676,
    #4677,#4678,#4679,#4680,#4681,#4682,#4683,#4684,#4685,#4686,#4687,
    #4688,#4689,#4690,#4691,#4692,#4693,#4694,#4695,#4696,#4697,#4698,
    #4699,#4700,#4701,#4702,#4703,#4704,#4705,#4706,#4707,#4708,#4709,
    #4710,#4711,#4712,#4713,#4714,#4715,#4716,#4717,#4718,#4719,#4720,
    #4721,#4722,#4723,#4724,#4725,#4726,#4727,#4728,#4729,#4730,#4731,
    #4732,#4733,#4734,#4735,#4736,#4737,#4738,#4739,#4740,#4741,#4742,
    #4743,#4744,#4745,#4746,#4747,#4748,#4749,#4750,#4751,#4752,#4753,
    #4754,#4755,#4756,#4757,#4758,#4759,#4760,#4761,#4762,#4763,#4764,
    #4765,#4766,#4767,#4768,#4769,#4770,#4771,#4772,#4773,#4774,#4775,
    #4776,#4777,#4778,#4779,#4780,#4781,#4782,#4783,#4784,#4785,#4786,
    #4787,#4788,#4789,#4790,#4791,#4792,#4793,#4794,#4795,#4796,#4797,
    #4798,#4799,#4800,#4801,#4802,#4803,#4804,#4805,#4806,#4807,#4808,
    #4809,#4810,#4811,#4812,#4813,#4814,#4815,#4816,#4817,#4818,#4819,
    #4820,#4821,#4822,#4823,#4824,#4825,#4826,#4827,#4828,#4829,#4830,
    #4831,#4832,#4833,#4834,#4835,#4836,#4837,#4838,#4839,#4840,#4841,
    #4842,#4843,#4844,#4845,#4846,#4847,#4848,#4849,#4850,#4851,#4852,
    #4853,#4854,#4855,#4856,#4857,#4858,#4859,#4860,#4861,#4862,#4863,
    #4864,#4865,#4866,#4867,#4868,#4869,#4870,#4871,#4872,#4873,#4874,
    #4875,#4876,#4877,#4878,#4879,#4880,#4881,#4882,#4883,#4884,#4885,
    #4886,#4887,#4888,#4889,#4890,#4891,#4892,#4893,#4894,#4895,#4896,
    #4897,#4898,#4899,#4900,#4901,#4902,#4903,#4904,#4905,#4906,#4907,
    #4908,#4909,#4910,#4911,#4912,#4913,#4914,#4915,#4916,#4917,#4918,
    #4919,#4920,#4921,#4922,#4923,#4924,#4925,#4926,#4927,#4928,#4929,
    #4930,#4931,#4932,#4933,#4934,#4935,#4936,#4937,#4938,#4939,#4940,
    #4941,#4942,#4943,#4944,#4945,#4946,#4947,#4948,#4949,#4950,#4951,
    #4952,#4953,#4954,#4955,#4956,#4957,#4958,#4959,#4960,#4961,#4962,
    #4963,#4964,#4965,#4966,#4967,#4968,#4969,#4970,#4971,#4972,#4973,
    #4974,#4975,#4976,#4977,#4978,#4979,#4980,#4981,#4982,#4983,#4984,
    #4985,#4986,#4987,#4988,#4989,#4990,#4991,#4992,#4993,#4994,#4995,
    #4996,#4997,#4998,#4999,#5000,#5001,#5002,#5003,#5004,#5005,#5006,
    #5007,#5008,#5009,#5010,#5011,#5012,#5013,#5014,#5015,#5016,#5017,
    #5018,#5019,#5020,#5021,#5022,#5023,#5024,#5025,#5026,#5027,#5028,
    #5029,#5030,#5031,#5032,#5033,#5034,#5035,#5036,#5037,#5038,#5039,
    #5040,#5041,#5042,#5043,#5044,#5045,#5046,#5047,#5048,#5049,#5050,
    #5051,#5052,#5053,#5054,#5055,#5056,#5057,#5058,#5059,#5060,#5061,
    #5062,#5063,#5064,#5065,#5066,#5067,#5068,#5069,#5070,#5071,#5072,
    #5073,#5074,#5075,#5076,#5077,#5078,#5079,#5080,#5081,#5082,#5083,
    #5084,#5085,#5086,#5087,#5088,#5089,#5090,#5091,#5092,#5093,#5094,
    #5095,#5096,#5097,#5098,#5099,#5100,#5101,#5102,#5103,#5104,#5105,
    #5106,#5107,#5108,#5109,#5110,#5111,#5112,#5113,#5114,#5115,#5116,
    #5117,#5118,#5119,#5120,#5121,#5122,#5123,#5124,#5125,#5126,#5127,
    #5128,#5129,#5130,#5131,#5132,#5133,#5134,#5135,#5136,#5137,#5138,
    #5139,#5140,#5141,#5142,#5143,#5144,#5145,#5146,#5147,#5148,#5149,
    #5150,#5151,#5152,#5153,#5154,#5155,#5156,#5157,#5158,#5159,#5160,
    #5161,#5162,#5163,#5164,#5165,#5166,#5167,#5168,#5169,#5170,#5171,
    #5172,#5173,#5174,#5175,#5176,#5177,#5178,#5179,#5180,#5181,#5182,
    #5183,#5184,#5185,#5186,#5187,#5188,#5189,#5190,#5191,#5192,#5193,
    #5194,#5195,#5196,#5197,#5198,#5199,#5200,#5201,#5202,#5203,#5204,
    #5205,#5206,#5207,#5208,#5209,#5210,#5211,#5212,#5213,#5214,#5215,
    #5216,#5217,#5218,#5219,#5220,#5221,#5222,#5223,#5224,#5225,#5226,
    #5227,#5228,#5229,#5230,#5231,#5232,#5233,#5234,#5235,#5236,#5237,
    #5238,#5239,#5240,#5241,#5242,#5243,#5244,#5245,#5246,#5247,#5248,
    #5249,#5250,#5251,#5252,#5253,#5254,#5255,#5256,#5257,#5258,#5259,
    #5260,#5261,#5262,#5263,#5264,#5265,#5266,#5267,#5268,#5269,#5270,
    #5271,#5272,#5273,#5274,#5275,#5276,#5277,#5278,#5279,#5280,#5281,
    #5282,#5283,#5284,#5285,#5286,#5287,#5288,#5289,#5290,#5291,#5292,
    #5293,#5294,#5295,#5296,#5297,#5298,#5299,#5300,#5301,#5302,#5303,
    #5304,#5305,#5306,#5307,#5308,#5309,#5310,#5311,#5312,#5313,#5314,
    #5315,#5316,#5317,#5318,#5319,#5320,#5321,#5322,#5323,#5324,#5325,
    #5326,#5327,#5328,#5329,#5330,#5331,#5332,#5333,#5334,#5335,#5336,
    #5337,#5338,#5339,#5340,#5341,#5342,#5343,#5344,#5345,#5346,#5347,
    #5348,#5349,#5350,#5351,#5352,#5353,#5354,#5355,#5356,#5357,#5358,
    #5359,#5360,#5361,#5362,#5363,#5364,#5365,#5366,#5367,#5368,#5369,
    #5370,#5371,#5372,#5373,#5374,#5375),.UNSPECIFIED.,.F.,.F.,(9,7,7,7,
    7,7,7,7,7,7,7,7,7,7,7,7,7,7,7,7,7,7,7,7,7,7,7,7,7,7,7,7,7,7,7,7,7,7,
    7,7,7,7,7,7,7,7,7,7,7,7,7,7,7,7,7,7,7,7,7,7,7,7,7,7,7,7,7,7,7,7,7,7,
    7,7,7,7,7,7,7,7,7,7,7,7,7,7,7,7,7,7,7,7,7,7,7,7,7,7,7,7,7,7,7,7,7,9)
  ,(0.,2.585563898404E-04,5.266174359606E-04,6.522571671076E-03,
    1.428140419735E-02,2.661881815357E-02,3.894612961984E-02,
    4.568059994725E-02,5.915033272466E-02,6.925295758497E-02,
    7.71105536954E-02,8.833602519878E-02,0.100685091033,0.108543587578,
    0.117524727676,0.129873817934,0.14222286278,0.151203944752,
    0.157939553395,0.169165304439,0.180391082723,0.190494271157,
    0.205087873273,0.212946284836,0.220805038406,0.233154599622,
    0.245504211753,0.262345372394,0.270204203212,0.283676353251,
    0.293778647924,0.301635684465,0.313980737771,0.327447801795,
    0.340914792801,0.351014029611,0.358868612035,0.371210975264,
    0.384674622688,0.391406328645,0.402625611059,0.413844891017,
    0.435161427118,0.457600019634,0.468819538582,0.48116102778,
    0.492380538722,0.500234237405,0.51369769741,0.527161170021,
    0.535014247682,0.547353835629,0.559395644038,0.561352616001,
    0.561474277881,0.566701264326,0.572028259206,0.580756664462,
    0.590377052406,0.599119743499,0.605240930343,0.615736932315,
    0.626231910863,0.63235394386,0.641974293249,0.652469242672,
    0.67083538137,0.679581136264,0.693574392478,0.700571053293,
    0.707567716739,0.712815214323,0.723310117021,0.731181326751,
    0.737303893115,0.74605084133,0.755672396625,0.765294135461,
    0.780165872558,0.7871656752,0.795040681732,0.802040677941,
    0.809040673043,0.818665667166,0.82829064968,0.836165572018,
    0.847539838856,0.859788773356,0.86678803866,0.878161772727,
    0.883411164801,0.889535469547,0.894784872982,0.903533865614,
    0.912282865501,0.919282088996,0.925406287908,0.935904585613,
    0.943777748954,0.94990130162,0.959524011444,0.970021522536,
    0.977019863345,0.982268659844,0.991016763424,1.),.UNSPECIFIED.);
#4639 = CARTESIAN_POINT('',(192.13225840126,-100.5));
#4640 = CARTESIAN_POINT('',(192.12698966673,-100.5));
#4641 = CARTESIAN_POINT('',(192.12128878309,-100.5));
#4642 = CARTESIAN_POINT('',(192.11509233777,-100.5));
#4643 = CARTESIAN_POINT('',(192.1084149378,-100.5));
#4644 = CARTESIAN_POINT('',(192.10132299119,-100.5));
#4645 = CARTESIAN_POINT('',(192.0939208186,-100.5));
#4646 = CARTESIAN_POINT('',(192.08634909513,-100.5));
#4647 = CARTESIAN_POINT('',(192.07096448058,-100.5));
#4648 = CARTESIAN_POINT('',(192.06328959832,-100.5));
#4649 = CARTESIAN_POINT('',(192.05587104975,-100.5));
#4650 = CARTESIAN_POINT('',(192.04877463859,-100.5));
#4651 = CARTESIAN_POINT('',(192.04203189829,-100.5));
#4652 = CARTESIAN_POINT('',(192.03564009197,-100.5));
#4653 = CARTESIAN_POINT('',(192.02956221248,-100.5));
#4654 = CARTESIAN_POINT('',(191.89320532208,-100.5));
#4655 = CARTESIAN_POINT('',(191.86301059677,-100.5));
#4656 = CARTESIAN_POINT('',(191.73550353444,-100.5));
#4657 = CARTESIAN_POINT('',(191.62927340978,-100.5));
#4658 = CARTESIAN_POINT('',(191.52379932558,-100.5));
#4659 = CARTESIAN_POINT('',(191.35877251695,-100.5));
#4660 = CARTESIAN_POINT('',(191.20972980172,-100.5));
#4661 = CARTESIAN_POINT('',(190.87002916466,-100.5));
#4662 = CARTESIAN_POINT('',(190.6899203609,-100.5));
#4663 = CARTESIAN_POINT('',(190.51865217874,-100.5));
#4664 = CARTESIAN_POINT('',(190.35377264724,-100.5));
#4665 = CARTESIAN_POINT('',(190.19304753496,-100.5));
#4666 = CARTESIAN_POINT('',(190.03446034998,-100.5));
#4667 = CARTESIAN_POINT('',(189.87621233985,-100.5));
#4668 = CARTESIAN_POINT('',(189.46311574439,-100.5));
#4669 = CARTESIAN_POINT('',(189.20591945094,-100.5));
#4670 = CARTESIAN_POINT('',(188.94149976895,-100.5));
#4671 = CARTESIAN_POINT('',(188.675470656,-100.5));
#4672 = CARTESIAN_POINT('',(188.4077479097,-100.5));
#4673 = CARTESIAN_POINT('',(188.13760747508,-100.5));
#4674 = CARTESIAN_POINT('',(187.86986175373,-100.5));
#4675 = CARTESIAN_POINT('',(187.33689184525,-100.5));
#4676 = CARTESIAN_POINT('',(187.07168804788,-100.5));
#4677 = CARTESIAN_POINT('',(186.80738416374,-100.5));
#4678 = CARTESIAN_POINT('',(186.54364393396,-100.5));
#4679 = CARTESIAN_POINT('',(186.28026448512,-100.5));
#4680 = CARTESIAN_POINT('',(186.01702520045,-100.5));
#4681 = CARTESIAN_POINT('',(185.75358346101,-100.5));
#4682 = CARTESIAN_POINT('',(185.345713613,-100.5));
#4683 = CARTESIAN_POINT('',(185.2016144192,-100.5));
#4684 = CARTESIAN_POINT('',(185.0575152254,-100.5));
#4685 = CARTESIAN_POINT('',(184.9134160316,-100.5));
#4686 = CARTESIAN_POINT('',(184.7693168378,-100.5));
#4687 = CARTESIAN_POINT('',(184.62521764399,-100.5));
#4688 = CARTESIAN_POINT('',(184.48111845019,-100.5));
#4689 = CARTESIAN_POINT('',(184.04880391954,-100.5));
#4690 = CARTESIAN_POINT('',(183.76062105317,-100.5));
#4691 = CARTESIAN_POINT('',(183.47250336193,-100.5));
#4692 = CARTESIAN_POINT('',(183.18411426016,-100.5));
#4693 = CARTESIAN_POINT('',(182.8960764468,-100.5));
#4694 = CARTESIAN_POINT('',(182.60783633137,-100.5));
#4695 = CARTESIAN_POINT('',(182.31962107603,-100.5));
#4696 = CARTESIAN_POINT('',(181.81528350584,-100.5));
#4697 = CARTESIAN_POINT('',(181.5991345578,-100.5));
#4698 = CARTESIAN_POINT('',(181.38298565983,-100.5));
#4699 = CARTESIAN_POINT('',(181.16683689957,-100.5));
#4700 = CARTESIAN_POINT('',(180.95068821052,-100.5));
#4701 = CARTESIAN_POINT('',(180.7345394785,-100.5));
#4702 = CARTESIAN_POINT('',(180.51839064826,-100.5));
#4703 = CARTESIAN_POINT('',(180.13412610386,-100.5));
#4704 = CARTESIAN_POINT('',(179.96601037776,-100.5));
#4705 = CARTESIAN_POINT('',(179.79789465166,-100.5));
#4706 = CARTESIAN_POINT('',(179.62977892556,-100.5));
#4707 = CARTESIAN_POINT('',(179.46166319946,-100.5));
#4708 = CARTESIAN_POINT('',(179.29354747336,-100.5));
#4709 = CARTESIAN_POINT('',(179.12543174726,-100.5));
#4710 = CARTESIAN_POINT('',(178.71714354778,-100.5));
#4711 = CARTESIAN_POINT('',(178.47696855186,-100.5));
#4712 = CARTESIAN_POINT('',(178.236789045,-100.5));
#4713 = CARTESIAN_POINT('',(177.99661212653,-100.5));
#4714 = CARTESIAN_POINT('',(177.75644447251,-100.5));
#4715 = CARTESIAN_POINT('',(177.51628766969,-100.5));
#4716 = CARTESIAN_POINT('',(177.27613839451,-100.5));
#4717 = CARTESIAN_POINT('',(176.77181158184,-100.5));
#4718 = CARTESIAN_POINT('',(176.50762972654,-100.5));
#4719 = CARTESIAN_POINT('',(176.24344787124,-100.5));
#4720 = CARTESIAN_POINT('',(175.97926601594,-100.5));
#4721 = CARTESIAN_POINT('',(175.71508416064,-100.5));
#4722 = CARTESIAN_POINT('',(175.45090230533,-100.5));
#4723 = CARTESIAN_POINT('',(175.18672045003,-100.5));
#4724 = CARTESIAN_POINT('',(174.75442286641,-100.5));
#4725 = CARTESIAN_POINT('',(174.58630714876,-100.5));
#4726 = CARTESIAN_POINT('',(174.41819142887,-100.5));
#4727 = CARTESIAN_POINT('',(174.25007570016,-100.5));
#4728 = CARTESIAN_POINT('',(174.08195996233,-100.5));
#4729 = CARTESIAN_POINT('',(173.91384422141,-100.5));
#4730 = CARTESIAN_POINT('',(173.74572848973,-100.5));
#4731 = CARTESIAN_POINT('',(173.38548052752,-100.5));
#4732 = CARTESIAN_POINT('',(173.19334826912,-100.5));
#4733 = CARTESIAN_POINT('',(173.00121601072,-100.5));
#4734 = CARTESIAN_POINT('',(172.80908375232,-100.5));
#4735 = CARTESIAN_POINT('',(172.61695149391,-100.5));
#4736 = CARTESIAN_POINT('',(172.42481923551,-100.5));
#4737 = CARTESIAN_POINT('',(172.23268697711,-100.5));
#4738 = CARTESIAN_POINT('',(171.77637237942,-100.5));
#4739 = CARTESIAN_POINT('',(171.51219156389,-100.5));
#4740 = CARTESIAN_POINT('',(171.2480089418,-100.5));
#4741 = CARTESIAN_POINT('',(170.98382723618,-100.5));
#4742 = CARTESIAN_POINT('',(170.71964580479,-100.5));
#4743 = CARTESIAN_POINT('',(170.45546333442,-100.5));
#4744 = CARTESIAN_POINT('',(170.19128167951,-100.5));
#4745 = CARTESIAN_POINT('',(169.66291904461,-100.5));
#4746 = CARTESIAN_POINT('',(169.39873397825,-100.5));
#4747 = CARTESIAN_POINT('',(169.13455439912,-100.5));
#4748 = CARTESIAN_POINT('',(168.87037467412,-100.5));
#4749 = CARTESIAN_POINT('',(168.60619067841,-100.5));
#4750 = CARTESIAN_POINT('',(168.34200636072,-100.5));
#4751 = CARTESIAN_POINT('',(168.07782811142,-100.5));
#4752 = CARTESIAN_POINT('',(167.62151277548,-100.5));
#4753 = CARTESIAN_POINT('',(167.42938051708,-100.5));
#4754 = CARTESIAN_POINT('',(167.23724825868,-100.5));
#4755 = CARTESIAN_POINT('',(167.04511600028,-100.5));
#4756 = CARTESIAN_POINT('',(166.85298374188,-100.5));
#4757 = CARTESIAN_POINT('',(166.66085148348,-100.5));
#4758 = CARTESIAN_POINT('',(166.46871922507,-100.5));
#4759 = CARTESIAN_POINT('',(166.13249211216,-100.5));
#4760 = CARTESIAN_POINT('',(165.98839654444,-100.5));
#4761 = CARTESIAN_POINT('',(165.84429959998,-100.5));
#4762 = CARTESIAN_POINT('',(165.70020093542,-100.5));
#4763 = CARTESIAN_POINT('',(165.55610052762,-100.5));
#4764 = CARTESIAN_POINT('',(165.41199867363,-100.5));
#4765 = CARTESIAN_POINT('',(165.2678959907,-100.5));
#4766 = CARTESIAN_POINT('',(164.88362809326,-100.5));
#4767 = CARTESIAN_POINT('',(164.64346277026,-100.5));
#4768 = CARTESIAN_POINT('',(164.40329744726,-100.5));
#4769 = CARTESIAN_POINT('',(164.16313212426,-100.5));
#4770 = CARTESIAN_POINT('',(163.92296680126,-100.5));
#4771 = CARTESIAN_POINT('',(163.68280147826,-100.5));
#4772 = CARTESIAN_POINT('',(163.44263615525,-100.5));
#4773 = CARTESIAN_POINT('',(162.96230492646,-100.5));
#4774 = CARTESIAN_POINT('',(162.72214060562,-100.5));
#4775 = CARTESIAN_POINT('',(162.48197533223,-100.5));
#4776 = CARTESIAN_POINT('',(162.2418094169,-100.5));
#4777 = CARTESIAN_POINT('',(162.00164379778,-100.5));
#4778 = CARTESIAN_POINT('',(161.76147879742,-100.5));
#4779 = CARTESIAN_POINT('',(161.52131385703,-100.5));
#4780 = CARTESIAN_POINT('',(161.06499945754,-100.5));
#4781 = CARTESIAN_POINT('',(160.84885066684,-100.5));
#4782 = CARTESIAN_POINT('',(160.63270187614,-100.5));
#4783 = CARTESIAN_POINT('',(160.41655308543,-100.5));
#4784 = CARTESIAN_POINT('',(160.20040429473,-100.5));
#4785 = CARTESIAN_POINT('',(159.98425550403,-100.5));
#4786 = CARTESIAN_POINT('',(159.76810671333,-100.5));
#4787 = CARTESIAN_POINT('',(159.23974069833,-100.5));
#4788 = CARTESIAN_POINT('',(158.92752890368,-100.5));
#4789 = CARTESIAN_POINT('',(158.61531826649,-100.5));
#4790 = CARTESIAN_POINT('',(158.30310601678,-100.5));
#4791 = CARTESIAN_POINT('',(157.99089089559,-100.5));
#4792 = CARTESIAN_POINT('',(157.67867316378,-100.5));
#4793 = CARTESIAN_POINT('',(157.36645461077,-100.5));
#4794 = CARTESIAN_POINT('',(156.88611542442,-100.5));
#4795 = CARTESIAN_POINT('',(156.71799262626,-100.5));
#4796 = CARTESIAN_POINT('',(156.54987195987,-100.5));
#4797 = CARTESIAN_POINT('',(156.3817544943,-100.5));
#4798 = CARTESIAN_POINT('',(156.21364057669,-100.5));
#4799 = CARTESIAN_POINT('',(156.04552983228,-100.5));
#4800 = CARTESIAN_POINT('',(155.87742116444,-100.5));
#4801 = CARTESIAN_POINT('',(155.5411970285,-100.5));
#4802 = CARTESIAN_POINT('',(155.3730813024,-100.5));
#4803 = CARTESIAN_POINT('',(155.2049655763,-100.5));
#4804 = CARTESIAN_POINT('',(155.0368498502,-100.5));
#4805 = CARTESIAN_POINT('',(154.8687341241,-100.5));
#4806 = CARTESIAN_POINT('',(154.700618398,-100.5));
#4807 = CARTESIAN_POINT('',(154.53250267189,-100.5));
#4808 = CARTESIAN_POINT('',(154.10020313697,-100.5));
#4809 = CARTESIAN_POINT('',(153.83602619753,-100.5));
#4810 = CARTESIAN_POINT('',(153.57184258517,-100.5));
#4811 = CARTESIAN_POINT('',(153.30765631112,-100.5));
#4812 = CARTESIAN_POINT('',(153.04347615194,-100.5));
#4813 = CARTESIAN_POINT('',(152.77929939101,-100.5));
#4814 = CARTESIAN_POINT('',(152.51511286663,-100.5));
#4815 = CARTESIAN_POINT('',(151.98675025094,-100.5));
#4816 = CARTESIAN_POINT('',(151.72256839362,-100.5));
#4817 = CARTESIAN_POINT('',(151.45838653562,-100.5));
#4818 = CARTESIAN_POINT('',(151.19420467938,-100.5));
#4819 = CARTESIAN_POINT('',(150.93002282565,-100.5));
#4820 = CARTESIAN_POINT('',(150.66584097343,-100.5));
#4821 = CARTESIAN_POINT('',(150.40165912002,-100.5));
#4822 = CARTESIAN_POINT('',(149.77721257579,-100.5));
#4823 = CARTESIAN_POINT('',(149.41695955611,-100.5));
#4824 = CARTESIAN_POINT('',(149.05671640599,-100.5));
#4825 = CARTESIAN_POINT('',(148.69648005331,-100.5));
#4826 = CARTESIAN_POINT('',(148.33624609401,-100.5));
#4827 = CARTESIAN_POINT('',(147.97600873626,-100.5));
#4828 = CARTESIAN_POINT('',(147.61576074477,-100.5));
#4829 = CARTESIAN_POINT('',(147.08737669211,-100.5));
#4830 = CARTESIAN_POINT('',(146.919261241,-100.5));
#4831 = CARTESIAN_POINT('',(146.75114617731,-100.5));
#4832 = CARTESIAN_POINT('',(146.58303094395,-100.5));
#4833 = CARTESIAN_POINT('',(146.41491528111,-100.5));
#4834 = CARTESIAN_POINT('',(146.24679922621,-100.5));
#4835 = CARTESIAN_POINT('',(146.07868311391,-100.5));
#4836 = CARTESIAN_POINT('',(145.62237232154,-100.5));
#4837 = CARTESIAN_POINT('',(145.33418404077,-100.5));
#4838 = CARTESIAN_POINT('',(145.04599811063,-100.5));
#4839 = CARTESIAN_POINT('',(144.75783204389,-100.5));
#4840 = CARTESIAN_POINT('',(144.46963386444,-100.5));
#4841 = CARTESIAN_POINT('',(144.18146523402,-100.5));
#4842 = CARTESIAN_POINT('',(143.89323072274,-100.5));
#4843 = CARTESIAN_POINT('',(143.38883168462,-100.5));
#4844 = CARTESIAN_POINT('',(143.17268289392,-100.5));
#4845 = CARTESIAN_POINT('',(142.95653410322,-100.5));
#4846 = CARTESIAN_POINT('',(142.74038531252,-100.5));
#4847 = CARTESIAN_POINT('',(142.52423652182,-100.5));
#4848 = CARTESIAN_POINT('',(142.30808773111,-100.5));
#4849 = CARTESIAN_POINT('',(142.09193894041,-100.5));
#4850 = CARTESIAN_POINT('',(141.70768092286,-100.5));
#4851 = CARTESIAN_POINT('',(141.5395736197,-100.5));
#4852 = CARTESIAN_POINT('',(141.37146687419,-100.5));
#4853 = CARTESIAN_POINT('',(141.20335890087,-100.5));
#4854 = CARTESIAN_POINT('',(141.03524749488,-100.5));
#4855 = CARTESIAN_POINT('',(140.86713003193,-100.5));
#4856 = CARTESIAN_POINT('',(140.69900346831,-100.5));
#4857 = CARTESIAN_POINT('',(140.2666824856,-100.5));
#4858 = CARTESIAN_POINT('',(140.0025006303,-100.5));
#4859 = CARTESIAN_POINT('',(139.738318775,-100.5));
#4860 = CARTESIAN_POINT('',(139.47413691969,-100.5));
#4861 = CARTESIAN_POINT('',(139.20995506439,-100.5));
#4862 = CARTESIAN_POINT('',(138.94577320909,-100.5));
#4863 = CARTESIAN_POINT('',(138.68159135379,-100.5));
#4864 = CARTESIAN_POINT('',(138.12921682153,-100.5));
#4865 = CARTESIAN_POINT('',(137.84101389787,-100.5));
#4866 = CARTESIAN_POINT('',(137.55278844276,-100.5));
#4867 = CARTESIAN_POINT('',(137.26464698175,-100.5));
#4868 = CARTESIAN_POINT('',(136.97640866026,-100.5));
#4869 = CARTESIAN_POINT('',(136.68821529556,-100.5));
#4870 = CARTESIAN_POINT('',(136.40002234788,-100.5));
#4871 = CARTESIAN_POINT('',(135.82362401007,-100.5));
#4872 = CARTESIAN_POINT('',(135.53542562247,-100.5));
#4873 = CARTESIAN_POINT('',(135.24722723487,-100.5));
#4874 = CARTESIAN_POINT('',(134.95902884727,-100.5));
#4875 = CARTESIAN_POINT('',(134.67083045966,-100.5));
#4876 = CARTESIAN_POINT('',(134.38263207206,-100.5));
#4877 = CARTESIAN_POINT('',(134.09443368446,-100.5));
#4878 = CARTESIAN_POINT('',(133.59010804442,-100.5));
#4879 = CARTESIAN_POINT('',(133.37397420752,-100.5));
#4880 = CARTESIAN_POINT('',(133.1578306966,-100.5));
#4881 = CARTESIAN_POINT('',(132.94167861432,-100.5));
#4882 = CARTESIAN_POINT('',(132.72552132023,-100.5));
#4883 = CARTESIAN_POINT('',(132.50936249527,-100.5));
#4884 = CARTESIAN_POINT('',(132.29320420642,-100.5));
#4885 = CARTESIAN_POINT('',(131.90892924514,-100.5));
#4886 = CARTESIAN_POINT('',(131.74081351904,-100.5));
#4887 = CARTESIAN_POINT('',(131.57269779294,-100.5));
#4888 = CARTESIAN_POINT('',(131.40458206684,-100.5));
#4889 = CARTESIAN_POINT('',(131.23646634074,-100.5));
#4890 = CARTESIAN_POINT('',(131.06835061464,-100.5));
#4891 = CARTESIAN_POINT('',(130.90023488854,-100.5));
#4892 = CARTESIAN_POINT('',(130.46794912209,-100.5));
#4893 = CARTESIAN_POINT('',(130.2037787223,-100.5));
#4894 = CARTESIAN_POINT('',(129.93960981614,-100.5));
#4895 = CARTESIAN_POINT('',(129.67543519319,-100.5));
#4896 = CARTESIAN_POINT('',(129.41124912657,-100.5));
#4897 = CARTESIAN_POINT('',(129.14705462456,-100.5));
#4898 = CARTESIAN_POINT('',(128.88286086866,-100.5));
#4899 = CARTESIAN_POINT('',(128.33046593242,-100.5));
#4900 = CARTESIAN_POINT('',(128.04226754482,-100.5));
#4901 = CARTESIAN_POINT('',(127.75406915722,-100.5));
#4902 = CARTESIAN_POINT('',(127.46587076962,-100.5));
#4903 = CARTESIAN_POINT('',(127.17767238201,-100.5));
#4904 = CARTESIAN_POINT('',(126.88947399441,-100.5));
#4905 = CARTESIAN_POINT('',(126.60127560681,-100.5));
#4906 = CARTESIAN_POINT('',(126.16898054604,-100.5));
#4907 = CARTESIAN_POINT('',(126.02488365955,-100.5));
#4908 = CARTESIAN_POINT('',(125.88078611025,-100.5));
#4909 = CARTESIAN_POINT('',(125.73668760549,-100.5));
#4910 = CARTESIAN_POINT('',(125.59258800946,-100.5));
#4911 = CARTESIAN_POINT('',(125.44848734325,-100.5));
#4912 = CARTESIAN_POINT('',(125.30438578476,-100.5));
#4913 = CARTESIAN_POINT('',(124.9201183458,-100.5));
#4914 = CARTESIAN_POINT('',(124.6799530228,-100.5));
#4915 = CARTESIAN_POINT('',(124.4397876998,-100.5));
#4916 = CARTESIAN_POINT('',(124.19962237679,-100.5));
#4917 = CARTESIAN_POINT('',(123.95945705379,-100.5));
#4918 = CARTESIAN_POINT('',(123.71929173079,-100.5));
#4919 = CARTESIAN_POINT('',(123.47912640779,-100.5));
#4920 = CARTESIAN_POINT('',(122.99879581439,-100.5));
#4921 = CARTESIAN_POINT('',(122.7586304919,-100.5));
#4922 = CARTESIAN_POINT('',(122.5184649913,-100.5));
#4923 = CARTESIAN_POINT('',(122.27829967959,-100.5));
#4924 = CARTESIAN_POINT('',(122.03813459911,-100.5));
#4925 = CARTESIAN_POINT('',(121.79796934175,-100.5));
#4926 = CARTESIAN_POINT('',(121.55780361515,-100.5));
#4927 = CARTESIAN_POINT('',(120.86132683459,-100.5));
#4928 = CARTESIAN_POINT('',(120.40501298458,-100.5));
#4929 = CARTESIAN_POINT('',(119.94869799052,-100.5));
#4930 = CARTESIAN_POINT('',(119.49238265419,-100.5));
#4931 = CARTESIAN_POINT('',(119.03606753935,-100.5));
#4932 = CARTESIAN_POINT('',(118.57975297174,-100.5));
#4933 = CARTESIAN_POINT('',(118.12343903909,-100.5));
#4934 = CARTESIAN_POINT('',(117.18679278896,-100.5));
#4935 = CARTESIAN_POINT('',(116.70646152195,-100.5));
#4936 = CARTESIAN_POINT('',(116.22612977366,-100.5));
#4937 = CARTESIAN_POINT('',(115.74579680786,-100.5));
#4938 = CARTESIAN_POINT('',(115.26546312516,-100.5));
#4939 = CARTESIAN_POINT('',(114.78513041962,-100.5));
#4940 = CARTESIAN_POINT('',(114.30480153535,-100.5));
#4941 = CARTESIAN_POINT('',(113.58431510012,-100.5));
#4942 = CARTESIAN_POINT('',(113.34414977712,-100.5));
#4943 = CARTESIAN_POINT('',(113.10398445412,-100.5));
#4944 = CARTESIAN_POINT('',(112.86381913112,-100.5));
#4945 = CARTESIAN_POINT('',(112.62365380812,-100.5));
#4946 = CARTESIAN_POINT('',(112.38348848512,-100.5));
#4947 = CARTESIAN_POINT('',(112.14332316212,-100.5));
#4948 = CARTESIAN_POINT('',(111.63897559089,-100.5));
#4949 = CARTESIAN_POINT('',(111.37479400855,-100.5));
#4950 = CARTESIAN_POINT('',(111.11061289435,-100.5));
#4951 = CARTESIAN_POINT('',(110.84643079297,-100.5));
#4952 = CARTESIAN_POINT('',(110.58224803294,-100.5));
#4953 = CARTESIAN_POINT('',(110.31806612642,-100.5));
#4954 = CARTESIAN_POINT('',(110.05388543342,-100.5));
#4955 = CARTESIAN_POINT('',(109.5495376737,-100.5));
#4956 = CARTESIAN_POINT('',(109.3093723507,-100.5));
#4957 = CARTESIAN_POINT('',(109.0692070277,-100.5));
#4958 = CARTESIAN_POINT('',(108.82904170469,-100.5));
#4959 = CARTESIAN_POINT('',(108.58887638169,-100.5));
#4960 = CARTESIAN_POINT('',(108.34871105869,-100.5));
#4961 = CARTESIAN_POINT('',(108.10854573569,-100.5));
#4962 = CARTESIAN_POINT('',(107.70026380844,-100.5));
#4963 = CARTESIAN_POINT('',(107.53214816623,-100.5));
#4964 = CARTESIAN_POINT('',(107.3640329422,-100.5));
#4965 = CARTESIAN_POINT('',(107.19591774311,-100.5));
#4966 = CARTESIAN_POINT('',(107.02780232639,-100.5));
#4967 = CARTESIAN_POINT('',(106.85968660007,-100.5));
#4968 = CARTESIAN_POINT('',(106.6915706228,-100.5));
#4969 = CARTESIAN_POINT('',(106.23525621628,-100.5));
#4970 = CARTESIAN_POINT('',(105.94705782867,-100.5));
#4971 = CARTESIAN_POINT('',(105.65885944107,-100.5));
#4972 = CARTESIAN_POINT('',(105.37066105347,-100.5));
#4973 = CARTESIAN_POINT('',(105.08246266587,-100.5));
#4974 = CARTESIAN_POINT('',(104.79426427827,-100.5));
#4975 = CARTESIAN_POINT('',(104.50606589067,-100.5));
#4976 = CARTESIAN_POINT('',(103.92966884566,-100.5));
#4977 = CARTESIAN_POINT('',(103.64147186841,-100.5));
#4978 = CARTESIAN_POINT('',(103.35327053357,-100.5));
#4979 = CARTESIAN_POINT('',(103.06507546504,-100.5));
#4980 = CARTESIAN_POINT('',(102.77687476046,-100.5));
#4981 = CARTESIAN_POINT('',(102.48867735067,-100.5));
#4982 = CARTESIAN_POINT('',(102.20047888686,-100.5));
#4983 = CARTESIAN_POINT('',(101.74417777769,-100.5));
#4984 = CARTESIAN_POINT('',(101.57606052939,-100.5));
#4985 = CARTESIAN_POINT('',(101.40793715014,-100.5));
#4986 = CARTESIAN_POINT('',(101.23981369067,-100.5));
#4987 = CARTESIAN_POINT('',(101.07169375966,-100.5));
#4988 = CARTESIAN_POINT('',(100.90357852375,-100.5));
#4989 = CARTESIAN_POINT('',(100.7354667075,-100.5));
#4990 = CARTESIAN_POINT('',(100.30319902209,-100.5));
#4991 = CARTESIAN_POINT('',(100.0386842398,-100.5));
#4992 = CARTESIAN_POINT('',(99.775203379021,-100.5));
#4993 = CARTESIAN_POINT('',(99.510791819942,-100.5));
#4994 = CARTESIAN_POINT('',(99.246033665888,-100.5));
#4995 = CARTESIAN_POINT('',(98.982197320385,-100.5));
#4996 = CARTESIAN_POINT('',(98.718312341777,-100.5));
#4997 = CARTESIAN_POINT('',(98.19586797781,-100.5));
#4998 = CARTESIAN_POINT('',(97.929180527043,-100.5));
#4999 = CARTESIAN_POINT('',(97.634878589597,-100.5));
#5000 = CARTESIAN_POINT('',(97.40290999615,-100.5));
#5001 = CARTESIAN_POINT('',(97.162981501989,-100.5));
#5002 = CARTESIAN_POINT('',(96.855942649463,-100.5));
#5003 = CARTESIAN_POINT('',(96.591798047626,-100.5));
#5004 = CARTESIAN_POINT('',(96.299596306069,-100.5));
#5005 = CARTESIAN_POINT('',(96.271841063251,-100.5));
#5006 = CARTESIAN_POINT('',(96.249304578871,-100.5));
#5007 = CARTESIAN_POINT('',(96.225994927489,-100.5));
#5008 = CARTESIAN_POINT('',(96.197802859511,-100.5));
#5009 = CARTESIAN_POINT('',(96.162501801193,-100.5));
#5010 = CARTESIAN_POINT('',(96.119747854641,-100.5));
#5011 = CARTESIAN_POINT('',(96.068054180971,-100.5));
#5012 = CARTESIAN_POINT('',(96.065019774134,-100.5));
#5013 = CARTESIAN_POINT('',(96.061983678281,-100.5));
#5014 = CARTESIAN_POINT('',(96.058953606037,-100.5));
#5015 = CARTESIAN_POINT('',(96.055937614511,-100.5));
#5016 = CARTESIAN_POINT('',(96.052943477261,-100.5));
#5017 = CARTESIAN_POINT('',(96.049977695406,-100.5));
#5018 = CARTESIAN_POINT('',(95.921009492284,-100.5));
#5019 = CARTESIAN_POINT('',(95.865845451944,-100.5));
#5020 = CARTESIAN_POINT('',(95.749908749712,-100.5));
#5021 = CARTESIAN_POINT('',(95.610385541495,-100.5));
#5022 = CARTESIAN_POINT('',(95.499257006814,-100.5));
#5023 = CARTESIAN_POINT('',(95.411894856043,-100.5));
#5024 = CARTESIAN_POINT('',(95.298286754317,-100.5));
#5025 = CARTESIAN_POINT('',(95.012791243988,-100.5));
#5026 = CARTESIAN_POINT('',(94.868706832128,-100.5));
#5027 = CARTESIAN_POINT('',(94.724617151243,-100.5));
#5028 = CARTESIAN_POINT('',(94.580511683691,-100.5));
#5029 = CARTESIAN_POINT('',(94.43639066948,-100.5));
#5030 = CARTESIAN_POINT('',(94.292265106266,-100.5));
#5031 = CARTESIAN_POINT('',(94.148156749357,-100.5));
#5032 = CARTESIAN_POINT('',(93.768054676656,-100.5));
#5033 = CARTESIAN_POINT('',(93.529527783839,-100.5));
#5034 = CARTESIAN_POINT('',(93.289319036416,-100.5));
#5035 = CARTESIAN_POINT('',(93.047831103842,-100.5));
#5036 = CARTESIAN_POINT('',(92.805716203948,-100.5));
#5037 = CARTESIAN_POINT('',(92.563927524298,-100.5));
#5038 = CARTESIAN_POINT('',(92.323173582819,-100.5));
#5039 = CARTESIAN_POINT('',(91.817810452907,-100.5));
#5040 = CARTESIAN_POINT('',(91.553373272195,-100.5));
#5041 = CARTESIAN_POINT('',(91.289272046843,-100.5));
#5042 = CARTESIAN_POINT('',(91.025423446365,-100.5));
#5043 = CARTESIAN_POINT('',(90.761672774819,-100.5));
#5044 = CARTESIAN_POINT('',(90.497784934745,-100.5));
#5045 = CARTESIAN_POINT('',(90.233596702066,-100.5));
#5046 = CARTESIAN_POINT('',(89.729155362279,-100.5));
#5047 = CARTESIAN_POINT('',(89.488990039277,-100.5));
#5048 = CARTESIAN_POINT('',(89.248824716276,-100.5));
#5049 = CARTESIAN_POINT('',(89.008659393274,-100.5));
#5050 = CARTESIAN_POINT('',(88.768494070273,-100.5));
#5051 = CARTESIAN_POINT('',(88.528328747271,-100.5));
#5052 = CARTESIAN_POINT('',(88.288163424269,-100.5));
#5053 = CARTESIAN_POINT('',(87.879846579044,-100.5));
#5054 = CARTESIAN_POINT('',(87.711705993682,-100.5));
#5055 = CARTESIAN_POINT('',(87.543576331113,-100.5));
#5056 = CARTESIAN_POINT('',(87.375457304768,-100.5));
#5057 = CARTESIAN_POINT('',(87.207348355567,-100.5));
#5058 = CARTESIAN_POINT('',(87.039248651927,-100.5));
#5059 = CARTESIAN_POINT('',(86.871157089756,-100.5));
#5060 = CARTESIAN_POINT('',(86.414857211193,-100.5));
#5061 = CARTESIAN_POINT('',(86.126661799235,-100.5));
#5062 = CARTESIAN_POINT('',(85.83848742579,-100.5));
#5063 = CARTESIAN_POINT('',(85.550295655456,-100.5));
#5064 = CARTESIAN_POINT('',(85.26214606903,-100.5));
#5065 = CARTESIAN_POINT('',(84.973926323418,-100.5));
#5066 = CARTESIAN_POINT('',(84.685711683053,-100.5));
#5067 = CARTESIAN_POINT('',(84.109286804042,-100.5));
#5068 = CARTESIAN_POINT('',(83.82108841644,-100.5));
#5069 = CARTESIAN_POINT('',(83.532890028838,-100.5));
#5070 = CARTESIAN_POINT('',(83.244691641236,-100.5));
#5071 = CARTESIAN_POINT('',(82.956493253635,-100.5));
#5072 = CARTESIAN_POINT('',(82.668294866033,-100.5));
#5073 = CARTESIAN_POINT('',(82.380096478431,-100.5));
#5074 = CARTESIAN_POINT('',(81.923783403361,-100.5));
#5075 = CARTESIAN_POINT('',(81.755668103283,-100.5));
#5076 = CARTESIAN_POINT('',(81.587552328564,-100.5));
#5077 = CARTESIAN_POINT('',(81.419436233141,-100.5));
#5078 = CARTESIAN_POINT('',(81.25131998692,-100.5));
#5079 = CARTESIAN_POINT('',(81.083203775772,-100.5));
#5080 = CARTESIAN_POINT('',(80.915087801536,-100.5));
#5081 = CARTESIAN_POINT('',(80.482790426718,-100.5));
#5082 = CARTESIAN_POINT('',(80.218608571417,-100.5));
#5083 = CARTESIAN_POINT('',(79.954426716115,-100.5));
#5084 = CARTESIAN_POINT('',(79.690244860813,-100.5));
#5085 = CARTESIAN_POINT('',(79.426063005511,-100.5));
#5086 = CARTESIAN_POINT('',(79.16188115021,-100.5));
#5087 = CARTESIAN_POINT('',(78.897699294908,-100.5));
#5088 = CARTESIAN_POINT('',(78.345318425438,-100.5));
#5089 = CARTESIAN_POINT('',(78.057121573537,-100.5));
#5090 = CARTESIAN_POINT('',(77.768922203701,-100.5));
#5091 = CARTESIAN_POINT('',(77.48072349513,-100.5));
#5092 = CARTESIAN_POINT('',(77.192525563289,-100.5));
#5093 = CARTESIAN_POINT('',(76.90432703613,-100.5));
#5094 = CARTESIAN_POINT('',(76.616128894149,-100.5));
#5095 = CARTESIAN_POINT('',(75.823583492773,-100.5));
#5096 = CARTESIAN_POINT('',(75.31923740425,-100.5));
#5097 = CARTESIAN_POINT('',(74.814890902572,-100.5));
#5098 = CARTESIAN_POINT('',(74.31054817597,-100.5));
#5099 = CARTESIAN_POINT('',(73.8061964394,-100.5));
#5100 = CARTESIAN_POINT('',(73.301850011505,-100.5));
#5101 = CARTESIAN_POINT('',(72.797501559998,-100.5));
#5102 = CARTESIAN_POINT('',(72.052987588247,-100.5));
#5103 = CARTESIAN_POINT('',(71.812822279348,-100.5));
#5104 = CARTESIAN_POINT('',(71.572656950766,-100.5));
#5105 = CARTESIAN_POINT('',(71.332491609054,-100.5));
#5106 = CARTESIAN_POINT('',(71.092326277855,-100.5));
#5107 = CARTESIAN_POINT('',(70.85216097353,-100.5));
#5108 = CARTESIAN_POINT('',(70.611995680796,-100.5));
#5109 = CARTESIAN_POINT('',(69.987564435789,-100.5));
#5110 = CARTESIAN_POINT('',(69.603301063069,-100.5));
#5111 = CARTESIAN_POINT('',(69.219038100372,-100.5));
#5112 = CARTESIAN_POINT('',(68.834774275025,-100.5));
#5113 = CARTESIAN_POINT('',(68.450509151504,-100.5));
#5114 = CARTESIAN_POINT('',(68.066243131439,-100.5));
#5115 = CARTESIAN_POINT('',(67.681977453606,-100.5));
#5116 = CARTESIAN_POINT('',(67.105581665938,-100.5));
#5117 = CARTESIAN_POINT('',(66.913449491224,-100.5));
#5118 = CARTESIAN_POINT('',(66.721317421725,-100.5));
#5119 = CARTESIAN_POINT('',(66.529185297327,-100.5));
#5120 = CARTESIAN_POINT('',(66.337053045866,-100.5));
#5121 = CARTESIAN_POINT('',(66.144920683128,-100.5));
#5122 = CARTESIAN_POINT('',(65.952788312851,-100.5));
#5123 = CARTESIAN_POINT('',(65.568523868321,-100.5));
#5124 = CARTESIAN_POINT('',(65.376391609919,-100.5));
#5125 = CARTESIAN_POINT('',(65.184259351518,-100.5));
#5126 = CARTESIAN_POINT('',(64.992127093117,-100.5));
#5127 = CARTESIAN_POINT('',(64.799994834716,-100.5));
#5128 = CARTESIAN_POINT('',(64.607862576314,-100.5));
#5129 = CARTESIAN_POINT('',(64.415730317913,-100.5));
#5130 = CARTESIAN_POINT('',(64.079498865711,-100.5));
#5131 = CARTESIAN_POINT('',(63.93539967191,-100.5));
#5132 = CARTESIAN_POINT('',(63.791300478109,-100.5));
#5133 = CARTESIAN_POINT('',(63.647201284308,-100.5));
#5134 = CARTESIAN_POINT('',(63.503102090507,-100.5));
#5135 = CARTESIAN_POINT('',(63.359002896706,-100.5));
#5136 = CARTESIAN_POINT('',(63.214903702905,-100.5));
#5137 = CARTESIAN_POINT('',(62.782608660804,-100.5));
#5138 = CARTESIAN_POINT('',(62.494407872729,-100.5));
#5139 = CARTESIAN_POINT('',(62.206201411424,-100.5));
#5140 = CARTESIAN_POINT('',(61.918018693426,-100.5));
#5141 = CARTESIAN_POINT('',(61.629810489005,-100.5));
#5142 = CARTESIAN_POINT('',(61.34161526458,-100.5));
#5143 = CARTESIAN_POINT('',(61.053414598371,-100.5));
#5144 = CARTESIAN_POINT('',(60.549068617588,-100.5));
#5145 = CARTESIAN_POINT('',(60.332919826886,-100.5));
#5146 = CARTESIAN_POINT('',(60.116771036185,-100.5));
#5147 = CARTESIAN_POINT('',(59.900622245483,-100.5));
#5148 = CARTESIAN_POINT('',(59.684473454782,-100.5));
#5149 = CARTESIAN_POINT('',(59.468324664081,-100.5));
#5150 = CARTESIAN_POINT('',(59.252175873379,-100.5));
#5151 = CARTESIAN_POINT('',(58.867897232127,-100.5));
#5152 = CARTESIAN_POINT('',(58.699771641713,-100.5));
#5153 = CARTESIAN_POINT('',(58.531650938157,-100.5));
#5154 = CARTESIAN_POINT('',(58.363535156971,-100.5));
#5155 = CARTESIAN_POINT('',(58.195423742458,-100.5));
#5156 = CARTESIAN_POINT('',(58.027315547714,-100.5));
#5157 = CARTESIAN_POINT('',(57.859208834625,-100.5));
#5158 = CARTESIAN_POINT('',(57.450935950867,-100.5));
#5159 = CARTESIAN_POINT('',(57.210770627866,-100.5));
#5160 = CARTESIAN_POINT('',(56.970605304864,-100.5));
#5161 = CARTESIAN_POINT('',(56.730439981862,-100.5));
#5162 = CARTESIAN_POINT('',(56.490274658861,-100.5));
#5163 = CARTESIAN_POINT('',(56.250109335859,-100.5));
#5164 = CARTESIAN_POINT('',(56.009944012858,-100.5));
#5165 = CARTESIAN_POINT('',(55.505599243669,-100.5));
#5166 = CARTESIAN_POINT('',(55.24142054393,-100.5));
#5167 = CARTESIAN_POINT('',(54.97722030856,-100.5));
#5168 = CARTESIAN_POINT('',(54.713048886879,-100.5));
#5169 = CARTESIAN_POINT('',(54.448882108446,-100.5));
#5170 = CARTESIAN_POINT('',(54.184686955679,-100.5));
#5171 = CARTESIAN_POINT('',(53.920500663279,-100.5));
#5172 = CARTESIAN_POINT('',(53.39214199214,-100.5));
#5173 = CARTESIAN_POINT('',(53.127960136839,-100.5));
#5174 = CARTESIAN_POINT('',(52.863778281537,-100.5));
#5175 = CARTESIAN_POINT('',(52.599596426235,-100.5));
#5176 = CARTESIAN_POINT('',(52.335414570934,-100.5));
#5177 = CARTESIAN_POINT('',(52.071232715632,-100.5));
#5178 = CARTESIAN_POINT('',(51.80705086033,-100.5));
#5179 = CARTESIAN_POINT('',(51.134539163128,-100.5));
#5180 = CARTESIAN_POINT('',(50.726283516211,-100.5));
#5181 = CARTESIAN_POINT('',(50.318045222218,-100.5));
#5182 = CARTESIAN_POINT('',(49.909788798482,-100.5));
#5183 = CARTESIAN_POINT('',(49.501500137459,-100.5));
#5184 = CARTESIAN_POINT('',(49.093186522447,-100.5));
#5185 = CARTESIAN_POINT('',(48.68487664331,-100.5));
#5186 = CARTESIAN_POINT('',(48.084463393035,-100.5));
#5187 = CARTESIAN_POINT('',(47.892320407922,-100.5));
#5188 = CARTESIAN_POINT('',(47.700187321241,-100.5));
#5189 = CARTESIAN_POINT('',(47.508060424902,-100.5));
#5190 = CARTESIAN_POINT('',(47.315936638353,-100.5));
#5191 = CARTESIAN_POINT('',(47.12381350858,-100.5));
#5192 = CARTESIAN_POINT('',(46.931689210107,-100.5));
#5193 = CARTESIAN_POINT('',(46.523413773331,-100.5));
#5194 = CARTESIAN_POINT('',(46.307265086511,-100.5));
#5195 = CARTESIAN_POINT('',(46.091116216606,-100.5));
#5196 = CARTESIAN_POINT('',(45.874967247731,-100.5));
#5197 = CARTESIAN_POINT('',(45.658818398773,-100.5));
#5198 = CARTESIAN_POINT('',(45.442669806133,-100.5));
#5199 = CARTESIAN_POINT('',(45.22652130646,-100.5));
#5200 = CARTESIAN_POINT('',(44.818239960984,-100.5));
#5201 = CARTESIAN_POINT('',(44.626107702583,-100.5));
#5202 = CARTESIAN_POINT('',(44.433975444181,-100.5));
#5203 = CARTESIAN_POINT('',(44.24184318578,-100.5));
#5204 = CARTESIAN_POINT('',(44.049710927379,-100.5));
#5205 = CARTESIAN_POINT('',(43.857578668978,-100.5));
#5206 = CARTESIAN_POINT('',(43.665446410576,-100.5));
#5207 = CARTESIAN_POINT('',(43.281181924143,-100.5));
#5208 = CARTESIAN_POINT('',(43.089049665343,-100.5));
#5209 = CARTESIAN_POINT('',(42.896917391082,-100.5));
#5210 = CARTESIAN_POINT('',(42.704785113259,-100.5));
#5211 = CARTESIAN_POINT('',(42.512652840362,-100.5));
#5212 = CARTESIAN_POINT('',(42.320520577469,-100.5));
#5213 = CARTESIAN_POINT('',(42.128388326251,-100.5));
#5214 = CARTESIAN_POINT('',(41.672074229663,-100.5));
#5215 = CARTESIAN_POINT('',(41.407892374362,-100.5));
#5216 = CARTESIAN_POINT('',(41.14371051906,-100.5));
#5217 = CARTESIAN_POINT('',(40.879528663758,-100.5));
#5218 = CARTESIAN_POINT('',(40.615346808456,-100.5));
#5219 = CARTESIAN_POINT('',(40.351164953155,-100.5));
#5220 = CARTESIAN_POINT('',(40.086983097853,-100.5));
#5221 = CARTESIAN_POINT('',(39.558619705874,-100.5));
#5222 = CARTESIAN_POINT('',(39.294433476936,-100.5));
#5223 = CARTESIAN_POINT('',(39.030259345054,-100.5));
#5224 = CARTESIAN_POINT('',(38.766076974257,-100.5));
#5225 = CARTESIAN_POINT('',(38.501888787772,-100.5));
#5226 = CARTESIAN_POINT('',(38.237707962041,-100.5));
#5227 = CARTESIAN_POINT('',(37.973530380852,-100.5));
#5228 = CARTESIAN_POINT('',(37.493197609436,-100.5));
#5229 = CARTESIAN_POINT('',(37.277048818734,-100.5));
#5230 = CARTESIAN_POINT('',(37.060900028033,-100.5));
#5231 = CARTESIAN_POINT('',(36.844751237331,-100.5));
#5232 = CARTESIAN_POINT('',(36.62860244663,-100.5));
#5233 = CARTESIAN_POINT('',(36.412453655929,-100.5));
#5234 = CARTESIAN_POINT('',(36.196304865227,-100.5));
#5235 = CARTESIAN_POINT('',(35.667958199222,-100.5));
#5236 = CARTESIAN_POINT('',(35.35575276165,-100.5));
#5237 = CARTESIAN_POINT('',(35.043523666126,-100.5));
#5238 = CARTESIAN_POINT('',(34.73131128793,-100.5));
#5239 = CARTESIAN_POINT('',(34.419083117421,-100.5));
#5240 = CARTESIAN_POINT('',(34.106867939724,-100.5));
#5241 = CARTESIAN_POINT('',(33.794651730682,-100.5));
#5242 = CARTESIAN_POINT('',(33.146212734645,-100.5));
#5243 = CARTESIAN_POINT('',(32.809989134777,-100.5));
#5244 = CARTESIAN_POINT('',(32.473772186707,-100.5));
#5245 = CARTESIAN_POINT('',(32.137528661273,-100.5));
#5246 = CARTESIAN_POINT('',(31.801297810058,-100.5));
#5247 = CARTESIAN_POINT('',(31.46505956992,-100.5));
#5248 = CARTESIAN_POINT('',(31.128822614703,-100.5));
#5249 = CARTESIAN_POINT('',(30.600452827994,-100.5));
#5250 = CARTESIAN_POINT('',(30.408320502646,-100.5));
#5251 = CARTESIAN_POINT('',(30.216188209863,-100.5));
#5252 = CARTESIAN_POINT('',(30.024055990841,-100.5));
#5253 = CARTESIAN_POINT('',(29.831923839751,-100.5));
#5254 = CARTESIAN_POINT('',(29.639791703746,-100.5));
#5255 = CARTESIAN_POINT('',(29.447659482954,-100.5));
#5256 = CARTESIAN_POINT('',(28.943313773094,-100.5));
#5257 = CARTESIAN_POINT('',(28.631103124738,-100.5));
#5258 = CARTESIAN_POINT('',(28.318891948229,-100.5));
#5259 = CARTESIAN_POINT('',(28.006678382335,-100.5));
#5260 = CARTESIAN_POINT('',(27.694461842002,-100.5));
#5261 = CARTESIAN_POINT('',(27.382243018582,-100.5));
#5262 = CARTESIAN_POINT('',(27.070023880056,-100.5));
#5263 = CARTESIAN_POINT('',(26.613708531784,-100.5));
#5264 = CARTESIAN_POINT('',(26.469609444164,-100.5));
#5265 = CARTESIAN_POINT('',(26.325510286227,-100.5));
#5266 = CARTESIAN_POINT('',(26.181411006589,-100.5));
#5267 = CARTESIAN_POINT('',(26.037311624649,-100.5));
#5268 = CARTESIAN_POINT('',(25.893212230597,-100.5));
#5269 = CARTESIAN_POINT('',(25.749112985411,-100.5));
#5270 = CARTESIAN_POINT('',(25.436898394756,-100.5));
#5271 = CARTESIAN_POINT('',(25.268782668655,-100.5));
#5272 = CARTESIAN_POINT('',(25.100666942554,-100.5));
#5273 = CARTESIAN_POINT('',(24.932551216453,-100.5));
#5274 = CARTESIAN_POINT('',(24.764435490352,-100.5));
#5275 = CARTESIAN_POINT('',(24.596319764251,-100.5));
#5276 = CARTESIAN_POINT('',(24.42820403815,-100.5));
#5277 = CARTESIAN_POINT('',(24.115989135616,-100.5));
#5278 = CARTESIAN_POINT('',(23.971889860881,-100.5));
#5279 = CARTESIAN_POINT('',(23.827790609509,-100.5));
#5280 = CARTESIAN_POINT('',(23.683691443168,-100.5));
#5281 = CARTESIAN_POINT('',(23.539592363532,-100.5));
#5282 = CARTESIAN_POINT('',(23.395493312278,-100.5));
#5283 = CARTESIAN_POINT('',(23.251394171086,-100.5));
#5284 = CARTESIAN_POINT('',(22.867129438639,-100.5));
#5285 = CARTESIAN_POINT('',(22.626964115638,-100.5));
#5286 = CARTESIAN_POINT('',(22.386798792636,-100.5));
#5287 = CARTESIAN_POINT('',(22.146633469635,-100.5));
#5288 = CARTESIAN_POINT('',(21.906468146633,-100.5));
#5289 = CARTESIAN_POINT('',(21.666302823631,-100.5));
#5290 = CARTESIAN_POINT('',(21.42613750063,-100.5));
#5291 = CARTESIAN_POINT('',(20.94580665549,-100.5));
#5292 = CARTESIAN_POINT('',(20.705642382092,-100.5));
#5293 = CARTESIAN_POINT('',(20.465475867566,-100.5));
#5294 = CARTESIAN_POINT('',(20.225309891731,-100.5));
#5295 = CARTESIAN_POINT('',(19.985145828628,-100.5));
#5296 = CARTESIAN_POINT('',(19.744981435657,-100.5));
#5297 = CARTESIAN_POINT('',(19.504814107328,-100.5));
#5298 = CARTESIAN_POINT('',(19.072517335214,-100.5));
#5299 = CARTESIAN_POINT('',(18.880385076813,-100.5));
#5300 = CARTESIAN_POINT('',(18.688252818412,-100.5));
#5301 = CARTESIAN_POINT('',(18.496120560011,-100.5));
#5302 = CARTESIAN_POINT('',(18.303988301609,-100.5));
#5303 = CARTESIAN_POINT('',(18.111856043208,-100.5));
#5304 = CARTESIAN_POINT('',(17.919723784807,-100.5));
#5305 = CARTESIAN_POINT('',(17.559479139535,-100.5));
#5306 = CARTESIAN_POINT('',(17.391365426516,-100.5));
#5307 = CARTESIAN_POINT('',(17.223250408944,-100.5));
#5308 = CARTESIAN_POINT('',(17.055134239971,-100.5));
#5309 = CARTESIAN_POINT('',(16.887017204304,-100.5));
#5310 = CARTESIAN_POINT('',(16.718899718211,-100.5));
#5311 = CARTESIAN_POINT('',(16.550782329515,-100.5));
#5312 = CARTESIAN_POINT('',(16.094474842961,-100.5));
#5313 = CARTESIAN_POINT('',(15.80628415584,-100.5));
#5314 = CARTESIAN_POINT('',(15.51809215385,-100.5));
#5315 = CARTESIAN_POINT('',(15.229903141095,-100.5));
#5316 = CARTESIAN_POINT('',(14.941704121198,-100.5));
#5317 = CARTESIAN_POINT('',(14.65351112727,-100.5));
#5318 = CARTESIAN_POINT('',(14.365297500997,-100.5));
#5319 = CARTESIAN_POINT('',(13.86092982608,-100.5));
#5320 = CARTESIAN_POINT('',(13.644781035379,-100.5));
#5321 = CARTESIAN_POINT('',(13.428632244677,-100.5));
#5322 = CARTESIAN_POINT('',(13.212483453976,-100.5));
#5323 = CARTESIAN_POINT('',(12.996334663274,-100.5));
#5324 = CARTESIAN_POINT('',(12.780185872573,-100.5));
#5325 = CARTESIAN_POINT('',(12.564037081872,-100.5));
#5326 = CARTESIAN_POINT('',(12.1797730818,-100.5));
#5327 = CARTESIAN_POINT('',(12.011657147721,-100.5));
#5328 = CARTESIAN_POINT('',(11.843541030928,-100.5));
#5329 = CARTESIAN_POINT('',(11.67542507065,-100.5));
#5330 = CARTESIAN_POINT('',(11.507309403345,-100.5));
#5331 = CARTESIAN_POINT('',(11.339193962707,-100.5));
#5332 = CARTESIAN_POINT('',(11.17107847966,-100.5));
#5333 = CARTESIAN_POINT('',(10.738780634468,-100.5));
#5334 = CARTESIAN_POINT('',(10.474598883656,-100.5));
#5335 = CARTESIAN_POINT('',(10.210416814234,-100.5));
#5336 = CARTESIAN_POINT('',(9.946234910562,-100.5));
#5337 = CARTESIAN_POINT('',(9.682053320514,-100.5));
#5338 = CARTESIAN_POINT('',(9.417871574069,-100.5));
#5339 = CARTESIAN_POINT('',(9.153689257041,-100.5));
#5340 = CARTESIAN_POINT('',(8.601309252345,-100.5));
#5341 = CARTESIAN_POINT('',(8.313110864744,-100.5));
#5342 = CARTESIAN_POINT('',(8.024912477142,-100.5));
#5343 = CARTESIAN_POINT('',(7.73671408954,-100.5));
#5344 = CARTESIAN_POINT('',(7.448515701938,-100.5));
#5345 = CARTESIAN_POINT('',(7.160317314336,-100.5));
#5346 = CARTESIAN_POINT('',(6.872118926734,-100.5));
#5347 = CARTESIAN_POINT('',(6.391788278522,-100.5));
#5348 = CARTESIAN_POINT('',(6.199656017031,-100.5));
#5349 = CARTESIAN_POINT('',(6.007523757835,-100.5));
#5350 = CARTESIAN_POINT('',(5.815391502175,-100.5));
#5351 = CARTESIAN_POINT('',(5.623259249354,-100.5));
#5352 = CARTESIAN_POINT('',(5.43112699674,-100.5));
#5353 = CARTESIAN_POINT('',(5.238994739765,-100.5));
#5354 = CARTESIAN_POINT('',(4.902762148367,-100.5));
#5355 = CARTESIAN_POINT('',(4.758663224928,-100.5));
#5356 = CARTESIAN_POINT('',(4.614564774768,-100.5));
#5357 = CARTESIAN_POINT('',(4.470466181587,-100.5));
#5358 = CARTESIAN_POINT('',(4.326367139624,-100.5));
#5359 = CARTESIAN_POINT('',(4.182267653658,-100.5));
#5360 = CARTESIAN_POINT('',(4.038168039003,-100.5));
#5361 = CARTESIAN_POINT('',(3.653900721846,-100.5));
#5362 = CARTESIAN_POINT('',(3.413737553661,-100.5));
#5363 = CARTESIAN_POINT('',(3.173575688868,-100.5));
#5364 = CARTESIAN_POINT('',(2.933410299528,-100.5));
#5365 = CARTESIAN_POINT('',(2.693241459837,-100.5));
#5366 = CARTESIAN_POINT('',(2.453074140366,-100.5));
#5367 = CARTESIAN_POINT('',(2.212912194563,-100.5));
#5368 = CARTESIAN_POINT('',(1.726125262258,-100.5));
#5369 = CARTESIAN_POINT('',(1.479651514116,-100.5));
#5370 = CARTESIAN_POINT('',(1.232918033968,-100.5));
#5371 = CARTESIAN_POINT('',(0.986328557995,-100.5));
#5372 = CARTESIAN_POINT('',(0.739953565625,-100.5));
#5373 = CARTESIAN_POINT('',(0.49349043431,-100.5));
#5374 = CARTESIAN_POINT('',(0.246738534728,-100.5));
#5375 = CARTESIAN_POINT('',(0.,-100.5));
#5376 = ( GEOMETRIC_REPRESENTATION_CONTEXT(2) 
PARAMETRIC_REPRESENTATION_CONTEXT() REPRESENTATION_CONTEXT('2D SPACE',''
  ) );
#5377 = PCURVE('',#2534,#5378);
#5378 = DEFINITIONAL_REPRESENTATION('',(#5379),#6117);
#5379 = B_SPLINE_CURVE_WITH_KNOTS('',8,(#5380,#5381,#5382,#5383,#5384,
    #5385,#5386,#5387,#5388,#5389,#5390,#5391,#5392,#5393,#5394,#5395,
    #5396,#5397,#5398,#5399,#5400,#5401,#5402,#5403,#5404,#5405,#5406,
    #5407,#5408,#5409,#5410,#5411,#5412,#5413,#5414,#5415,#5416,#5417,
    #5418,#5419,#5420,#5421,#5422,#5423,#5424,#5425,#5426,#5427,#5428,
    #5429,#5430,#5431,#5432,#5433,#5434,#5435,#5436,#5437,#5438,#5439,
    #5440,#5441,#5442,#5443,#5444,#5445,#5446,#5447,#5448,#5449,#5450,
    #5451,#5452,#5453,#5454,#5455,#5456,#5457,#5458,#5459,#5460,#5461,
    #5462,#5463,#5464,#5465,#5466,#5467,#5468,#5469,#5470,#5471,#5472,
    #5473,#5474,#5475,#5476,#5477,#5478,#5479,#5480,#5481,#5482,#5483,
    #5484,#5485,#5486,#5487,#5488,#5489,#5490,#5491,#5492,#5493,#5494,
    #5495,#5496,#5497,#5498,#5499,#5500,#5501,#5502,#5503,#5504,#5505,
    #5506,#5507,#5508,#5509,#5510,#5511,#5512,#5513,#5514,#5515,#5516,
    #5517,#5518,#5519,#5520,#5521,#5522,#5523,#5524,#5525,#5526,#5527,
    #5528,#5529,#5530,#5531,#5532,#5533,#5534,#5535,#5536,#5537,#5538,
    #5539,#5540,#5541,#5542,#5543,#5544,#5545,#5546,#5547,#5548,#5549,
    #5550,#5551,#5552,#5553,#5554,#5555,#5556,#5557,#5558,#5559,#5560,
    #5561,#5562,#5563,#5564,#5565,#5566,#5567,#5568,#5569,#5570,#5571,
    #5572,#5573,#5574,#5575,#5576,#5577,#5578,#5579,#5580,#5581,#5582,
    #5583,#5584,#5585,#5586,#5587,#5588,#5589,#5590,#5591,#5592,#5593,
    #5594,#5595,#5596,#5597,#5598,#5599,#5600,#5601,#5602,#5603,#5604,
    #5605,#5606,#5607,#5608,#5609,#5610,#5611,#5612,#5613,#5614,#5615,
    #5616,#5617,#5618,#5619,#5620,#5621,#5622,#5623,#5624,#5625,#5626,
    #5627,#5628,#5629,#5630,#5631,#5632,#5633,#5634,#5635,#5636,#5637,
    #5638,#5639,#5640,#5641,#5642,#5643,#5644,#5645,#5646,#5647,#5648,
    #5649,#5650,#5651,#5652,#5653,#5654,#5655,#5656,#5657,#5658,#5659,
    #5660,#5661,#5662,#5663,#5664,#5665,#5666,#5667,#5668,#5669,#5670,
    #5671,#5672,#5673,#5674,#5675,#5676,#5677,#5678,#5679,#5680,#5681,
    #5682,#5683,#5684,#5685,#5686,#5687,#5688,#5689,#5690,#5691,#5692,
    #5693,#5694,#5695,#5696,#5697,#5698,#5699,#5700,#5701,#5702,#5703,
    #5704,#5705,#5706,#5707,#5708,#5709,#5710,#5711,#5712,#5713,#5714,
    #5715,#5716,#5717,#5718,#5719,#5720,#5721,#5722,#5723,#5724,#5725,
    #5726,#5727,#5728,#5729,#5730,#5731,#5732,#5733,#5734,#5735,#5736,
    #5737,#5738,#5739,#5740,#5741,#5742,#5743,#5744,#5745,#5746,#5747,
    #5748,#5749,#5750,#5751,#5752,#5753,#5754,#5755,#5756,#5757,#5758,
    #5759,#5760,#5761,#5762,#5763,#5764,#5765,#5766,#5767,#5768,#5769,
    #5770,#5771,#5772,#5773,#5774,#5775,#5776,#5777,#5778,#5779,#5780,
    #5781,#5782,#5783,#5784,#5785,#5786,#5787,#5788,#5789,#5790,#5791,
    #5792,#5793,#5794,#5795,#5796,#5797,#5798,#5799,#5800,#5801,#5802,
    #5803,#5804,#5805,#5806,#5807,#5808,#5809,#5810,#5811,#5812,#5813,
    #5814,#5815,#5816,#5817,#5818,#5819,#5820,#5821,#5822,#5823,#5824,
    #5825,#5826,#5827,#5828,#5829,#5830,#5831,#5832,#5833,#5834,#5835,
    #5836,#5837,#5838,#5839,#5840,#5841,#5842,#5843,#5844,#5845,#5846,
    #5847,#5848,#5849,#5850,#5851,#5852,#5853,#5854,#5855,#5856,#5857,
    #5858,#5859,#5860,#5861,#5862,#5863,#5864,#5865,#5866,#5867,#5868,
    #5869,#5870,#5871,#5872,#5873,#5874,#5875,#5876,#5877,#5878,#5879,
    #5880,#5881,#5882,#5883,#5884,#5885,#5886,#5887,#5888,#5889,#5890,
    #5891,#5892,#5893,#5894,#5895,#5896,#5897,#5898,#5899,#5900,#5901,
    #5902,#5903,#5904,#5905,#5906,#5907,#5908,#5909,#5910,#5911,#5912,
    #5913,#5914,#5915,#5916,#5917,#5918,#5919,#5920,#5921,#5922,#5923,
    #5924,#5925,#5926,#5927,#5928,#5929,#5930,#5931,#5932,#5933,#5934,
    #5935,#5936,#5937,#5938,#5939,#5940,#5941,#5942,#5943,#5944,#5945,
    #5946,#5947,#5948,#5949,#5950,#5951,#5952,#5953,#5954,#5955,#5956,
    #5957,#5958,#5959,#5960,#5961,#5962,#5963,#5964,#5965,#5966,#5967,
    #5968,#5969,#5970,#5971,#5972,#5973,#5974,#5975,#5976,#5977,#5978,
    #5979,#5980,#5981,#5982,#5983,#5984,#5985,#5986,#5987,#5988,#5989,
    #5990,#5991,#5992,#5993,#5994,#5995,#5996,#5997,#5998,#5999,#6000,
    #6001,#6002,#6003,#6004,#6005,#6006,#6007,#6008,#6009,#6010,#6011,
    #6012,#6013,#6014,#6015,#6016,#6017,#6018,#6019,#6020,#6021,#6022,
    #6023,#6024,#6025,#6026,#6027,#6028,#6029,#6030,#6031,#6032,#6033,
    #6034,#6035,#6036,#6037,#6038,#6039,#6040,#6041,#6042,#6043,#6044,
    #6045,#6046,#6047,#6048,#6049,#6050,#6051,#6052,#6053,#6054,#6055,
    #6056,#6057,#6058,#6059,#6060,#6061,#6062,#6063,#6064,#6065,#6066,
    #6067,#6068,#6069,#6070,#6071,#6072,#6073,#6074,#6075,#6076,#6077,
    #6078,#6079,#6080,#6081,#6082,#6083,#6084,#6085,#6086,#6087,#6088,
    #6089,#6090,#6091,#6092,#6093,#6094,#6095,#6096,#6097,#6098,#6099,
    #6100,#6101,#6102,#6103,#6104,#6105,#6106,#6107,#6108,#6109,#6110,
    #6111,#6112,#6113,#6114,#6115,#6116),.UNSPECIFIED.,.T.,.F.,(9,7,7,7,
    7,7,7,7,7,7,7,7,7,7,7,7,7,7,7,7,7,7,7,7,7,7,7,7,7,7,7,7,7,7,7,7,7,7,
    7,7,7,7,7,7,7,7,7,7,7,7,7,7,7,7,7,7,7,7,7,7,7,7,7,7,7,7,7,7,7,7,7,7,
    7,7,7,7,7,7,7,7,7,7,7,7,7,7,7,7,7,7,7,7,7,7,7,7,7,7,7,7,7,7,7,7,7,9)
  ,(0.,2.585563898404E-04,5.266174359606E-04,6.522571671076E-03,
    1.428140419735E-02,2.661881815357E-02,3.894612961984E-02,
    4.568059994725E-02,5.915033272466E-02,6.925295758497E-02,
    7.71105536954E-02,8.833602519878E-02,0.100685091033,0.108543587578,
    0.117524727676,0.129873817934,0.14222286278,0.151203944752,
    0.157939553395,0.169165304439,0.180391082723,0.190494271157,
    0.205087873273,0.212946284836,0.220805038406,0.233154599622,
    0.245504211753,0.262345372394,0.270204203212,0.283676353251,
    0.293778647924,0.301635684465,0.313980737771,0.327447801795,
    0.340914792801,0.351014029611,0.358868612035,0.371210975264,
    0.384674622688,0.391406328645,0.402625611059,0.413844891017,
    0.435161427118,0.457600019634,0.468819538582,0.48116102778,
    0.492380538722,0.500234237405,0.51369769741,0.527161170021,
    0.535014247682,0.547353835629,0.559395644038,0.561352616001,
    0.561474277881,0.566701264326,0.572028259206,0.580756664462,
    0.590377052406,0.599119743499,0.605240930343,0.615736932315,
    0.626231910863,0.63235394386,0.641974293249,0.652469242672,
    0.67083538137,0.679581136264,0.693574392478,0.700571053293,
    0.707567716739,0.712815214323,0.723310117021,0.731181326751,
    0.737303893115,0.74605084133,0.755672396625,0.765294135461,
    0.780165872558,0.7871656752,0.795040681732,0.802040677941,
    0.809040673043,0.818665667166,0.82829064968,0.836165572018,
    0.847539838856,0.859788773356,0.86678803866,0.878161772727,
    0.883411164801,0.889535469547,0.894784872982,0.903533865614,
    0.912282865501,0.919282088996,0.925406287908,0.935904585613,
    0.943777748954,0.94990130162,0.959524011444,0.970021522536,
    0.977019863345,0.982268659844,0.991016763424,1.),.UNSPECIFIED.);
#5380 = CARTESIAN_POINT('',(52.181764705882,-54.));
#5381 = CARTESIAN_POINT('',(52.176494738673,-53.99978697316));
#5382 = CARTESIAN_POINT('',(52.171491965114,-53.99955035169));
#5383 = CARTESIAN_POINT('',(52.166872083943,-53.99928582174));
#5384 = CARTESIAN_POINT('',(52.162891010139,-53.99899161422));
#5385 = CARTESIAN_POINT('',(52.159827130339,-53.99866808448));
#5386 = CARTESIAN_POINT('',(52.157891989433,-53.99831783613));
#5387 = CARTESIAN_POINT('',(52.157169408327,-53.99794638906));
#5388 = CARTESIAN_POINT('',(52.158011862473,-53.99716631501));
#5389 = CARTESIAN_POINT('',(52.159691832105,-53.99676330432));
#5390 = CARTESIAN_POINT('',(52.162383954465,-53.99636137402));
#5391 = CARTESIAN_POINT('',(52.165877726046,-53.99596565927));
#5392 = CARTESIAN_POINT('',(52.169991127145,-53.99557941597));
#5393 = CARTESIAN_POINT('',(52.174570621865,-53.99520402071));
#5394 = CARTESIAN_POINT('',(52.179491158114,-53.99483897079));
#5395 = CARTESIAN_POINT('',(52.300186420775,-53.98649461947));
#5396 = CARTESIAN_POINT('',(52.513828923724,-53.98186436954));
#5397 = CARTESIAN_POINT('',(52.652517013531,-53.97154470829));
#5398 = CARTESIAN_POINT('',(52.806647158912,-53.95950821782));
#5399 = CARTESIAN_POINT('',(52.960376713443,-53.94296222397));
#5400 = CARTESIAN_POINT('',(53.061572196573,-53.91811460061));
#5401 = CARTESIAN_POINT('',(53.162804891853,-53.88929164086));
#5402 = CARTESIAN_POINT('',(53.396761148075,-53.82028400247));
#5403 = CARTESIAN_POINT('',(53.543252285611,-53.78019078279));
#5404 = CARTESIAN_POINT('',(53.699973704324,-53.73911147963));
#5405 = CARTESIAN_POINT('',(53.863285301113,-53.69706587017));
#5406 = CARTESIAN_POINT('',(54.030197129864,-53.65391236376));
#5407 = CARTESIAN_POINT('',(54.198369401446,-53.60934800203));
#5408 = CARTESIAN_POINT('',(54.366112483718,-53.56290845878));
#5409 = CARTESIAN_POINT('',(54.796781875354,-53.43614728512));
#5410 = CARTESIAN_POINT('',(55.05566273439,-53.35211673315));
#5411 = CARTESIAN_POINT('',(55.304738564435,-53.26053458065));
#5412 = CARTESIAN_POINT('',(55.549789699556,-53.16312201444));
#5413 = CARTESIAN_POINT('',(55.790393943658,-53.05980082158));
#5414 = CARTESIAN_POINT('',(56.025841521754,-52.95057065206));
#5415 = CARTESIAN_POINT('',(56.261914812909,-52.83753582656));
#5416 = CARTESIAN_POINT('',(56.732310350233,-52.60354317839));
#5417 = CARTESIAN_POINT('',(56.966716747543,-52.48255872223));
#5418 = CARTESIAN_POINT('',(57.200068094561,-52.3575600324));
#5419 = CARTESIAN_POINT('',(57.431861995112,-52.22850292743));
#5420 = CARTESIAN_POINT('',(57.661771687139,-52.09538374735));
#5421 = CARTESIAN_POINT('',(57.889413145616,-51.95816709278));
#5422 = CARTESIAN_POINT('',(58.114183551631,-51.81673523471));
#5423 = CARTESIAN_POINT('',(58.456859950897,-51.59147636652));
#5424 = CARTESIAN_POINT('',(58.576926137296,-51.51068032202));
#5425 = CARTESIAN_POINT('',(58.695997700081,-51.42868007472));
#5426 = CARTESIAN_POINT('',(58.814080373164,-51.3454841839));
#5427 = CARTESIAN_POINT('',(58.931179890456,-51.26110120885));
#5428 = CARTESIAN_POINT('',(59.047301985865,-51.17553970885));
#5429 = CARTESIAN_POINT('',(59.162452393304,-51.08880824318));
#5430 = CARTESIAN_POINT('',(59.505019184054,-50.82511928888));
#5431 = CARTESIAN_POINT('',(59.729479072227,-50.64469724817));
#5432 = CARTESIAN_POINT('',(59.95028360718,-50.45973671677));
#5433 = CARTESIAN_POINT('',(60.166906081075,-50.27011173977));
#5434 = CARTESIAN_POINT('',(60.380514594438,-50.07623549091));
#5435 = CARTESIAN_POINT('',(60.589921221089,-49.87788743568));
#5436 = CARTESIAN_POINT('',(60.795393587534,-49.67525945746));
#5437 = CARTESIAN_POINT('',(61.147529903789,-49.31332759133));
#5438 = CARTESIAN_POINT('',(61.296072986403,-49.15584273372));
#5439 = CARTESIAN_POINT('',(61.442172120697,-48.99602549859));
#5440 = CARTESIAN_POINT('',(61.585752942843,-48.83390799192));
#5441 = CARTESIAN_POINT('',(61.726738965225,-48.66952080791));
#5442 = CARTESIAN_POINT('',(61.865055126329,-48.50289538061));
#5443 = CARTESIAN_POINT('',(62.000631340626,-48.33406633543));
#5444 = CARTESIAN_POINT('',(62.236675252483,-48.03007969527));
#5445 = CARTESIAN_POINT('',(62.338253339779,-47.89577906147));
#5446 = CARTESIAN_POINT('',(62.438117471168,-47.76019462333));
#5447 = CARTESIAN_POINT('',(62.53624480747,-47.62334906481));
#5448 = CARTESIAN_POINT('',(62.632612509506,-47.48526506985));
#5449 = CARTESIAN_POINT('',(62.727197738094,-47.34596532239));
#5450 = CARTESIAN_POINT('',(62.819977654054,-47.20547250637));
#5451 = CARTESIAN_POINT('',(63.040864378254,-46.86142727958));
#5452 = CARTESIAN_POINT('',(63.167067589186,-46.65665109157));
#5453 = CARTESIAN_POINT('',(63.289480469857,-46.44955719875));
#5454 = CARTESIAN_POINT('',(63.408026287424,-46.24020714434));
#5455 = CARTESIAN_POINT('',(63.522630090528,-46.02866418189));
#5456 = CARTESIAN_POINT('',(63.63322920529,-45.8150028632));
#5457 = CARTESIAN_POINT('',(63.73977429411,-45.59931159));
#5458 = CARTESIAN_POINT('',(63.954921885646,-45.14228202156));
#5459 = CARTESIAN_POINT('',(64.062662461422,-44.90052838283));
#5460 = CARTESIAN_POINT('',(64.165373175758,-44.65654705086));
#5461 = CARTESIAN_POINT('',(64.262984499793,-44.41045786325));
#5462 = CARTESIAN_POINT('',(64.355426904666,-44.16238065762));
#5463 = CARTESIAN_POINT('',(64.442630861517,-43.91243527159));
#5464 = CARTESIAN_POINT('',(64.524526841485,-43.66074154276));
#5465 = CARTESIAN_POINT('',(64.649738890859,-43.24621424861));
#5466 = CARTESIAN_POINT('',(64.69625207683,-43.08434874946));
#5467 = CARTESIAN_POINT('',(64.740579335625,-42.92185810571));
#5468 = CARTESIAN_POINT('',(64.782715247309,-42.75877766063));
#5469 = CARTESIAN_POINT('',(64.822654510009,-42.59514280634));
#5470 = CARTESIAN_POINT('',(64.860391939913,-42.43098898379));
#5471 = CARTESIAN_POINT('',(64.895922471272,-42.26635168282));
#5472 = CARTESIAN_POINT('',(64.967319658731,-41.91259757055));
#5473 = CARTESIAN_POINT('',(65.002509014113,-41.72334352325));
#5474 = CARTESIAN_POINT('',(65.034801500257,-41.53355719945));
#5475 = CARTESIAN_POINT('',(65.064189394881,-41.34329149844));
#5476 = CARTESIAN_POINT('',(65.090664975698,-41.1525993195));
#5477 = CARTESIAN_POINT('',(65.114220520426,-40.96153356188));
#5478 = CARTESIAN_POINT('',(65.134848306779,-40.77014712487));
#5479 = CARTESIAN_POINT('',(65.176867577371,-40.31496787639));
#5480 = CARTESIAN_POINT('',(65.195639078271,-40.05093875066));
#5481 = CARTESIAN_POINT('',(65.208857515525,-39.78653704114));
#5482 = CARTESIAN_POINT('',(65.216569018935,-39.52189491533));
#5483 = CARTESIAN_POINT('',(65.218794074602,-39.2571443327));
#5484 = CARTESIAN_POINT('',(65.21554727463,-38.99241731137));
#5485 = CARTESIAN_POINT('',(65.206866339627,-38.72784619131));
#5486 = CARTESIAN_POINT('',(65.178674839995,-38.19928029831));
#5487 = CARTESIAN_POINT('',(65.159160566339,-37.93528450881));
#5488 = CARTESIAN_POINT('',(65.13427585387,-37.67170141755));
#5489 = CARTESIAN_POINT('',(65.104009477817,-37.40868298915));
#5490 = CARTESIAN_POINT('',(65.068388159059,-37.14635548137));
#5491 = CARTESIAN_POINT('',(65.027479888223,-36.88482504359));
#5492 = CARTESIAN_POINT('',(64.981354004952,-36.62420034544));
#5493 = CARTESIAN_POINT('',(64.892736000817,-36.1757868445));
#5494 = CARTESIAN_POINT('',(64.852685811564,-35.98752067455));
#5495 = CARTESIAN_POINT('',(64.809918657076,-35.79983676605));
#5496 = CARTESIAN_POINT('',(64.764455017463,-35.61277837153));
#5497 = CARTESIAN_POINT('',(64.71631537284,-35.42638874351));
#5498 = CARTESIAN_POINT('',(64.665520203316,-35.2407111345));
#5499 = CARTESIAN_POINT('',(64.612089989006,-35.05578879702));
#5500 = CARTESIAN_POINT('',(64.514012891546,-34.73357628195));
#5501 = CARTESIAN_POINT('',(64.470509785515,-34.59593603551));
#5502 = CARTESIAN_POINT('',(64.425543961488,-34.45876247951));
#5503 = CARTESIAN_POINT('',(64.379124088495,-34.32207316198));
#5504 = CARTESIAN_POINT('',(64.331259435027,-34.18588494382));
#5505 = CARTESIAN_POINT('',(64.281959869041,-34.0502139988));
#5506 = CARTESIAN_POINT('',(64.231235857957,-33.9150758135));
#5507 = CARTESIAN_POINT('',(64.092204858391,-33.5561727396));
#5508 = CARTESIAN_POINT('',(64.001384177752,-33.3333832919));
#5509 = CARTESIAN_POINT('',(63.906682933486,-33.11218810663));
#5510 = CARTESIAN_POINT('',(63.808147632338,-32.89265844617));
#5511 = CARTESIAN_POINT('',(63.705824781051,-32.67486557288));
#5512 = CARTESIAN_POINT('',(63.599760886372,-32.45888074915));
#5513 = CARTESIAN_POINT('',(63.490002455043,-32.24477523733));
#5514 = CARTESIAN_POINT('',(63.263189257382,-31.82046484746));
#5515 = CARTESIAN_POINT('',(63.146135291478,-31.61026031888));
#5516 = CARTESIAN_POINT('',(63.025479200492,-31.40208002689));
#5517 = CARTESIAN_POINT('',(62.901267787887,-31.19599191915));
#5518 = CARTESIAN_POINT('',(62.773548318877,-30.99206214994));
#5519 = CARTESIAN_POINT('',(62.642367787454,-30.7903570352));
#5520 = CARTESIAN_POINT('',(62.507772687793,-30.59094339092));
#5521 = CARTESIAN_POINT('',(62.245642379744,-30.21653694336));
#5522 = CARTESIAN_POINT('',(62.118747473554,-30.04109661972));
#5523 = CARTESIAN_POINT('',(61.989158656662,-29.86761488484));
#5524 = CARTESIAN_POINT('',(61.856910014301,-29.69614033966));
#5525 = CARTESIAN_POINT('',(61.722035631704,-29.5267215851));
#5526 = CARTESIAN_POINT('',(61.584569594104,-29.35940722211));
#5527 = CARTESIAN_POINT('',(61.444545986732,-29.19424585163));
#5528 = CARTESIAN_POINT('',(61.096096020124,-28.79589799263));
#5529 = CARTESIAN_POINT('',(60.884931045434,-28.56510704883));
#5530 = CARTESIAN_POINT('',(60.668612823212,-28.33906358702));
#5531 = CARTESIAN_POINT('',(60.447250855412,-28.11791950399));
#5532 = CARTESIAN_POINT('',(60.220955494401,-27.90182802918));
#5533 = CARTESIAN_POINT('',(59.989838143895,-27.69094350447));
#5534 = CARTESIAN_POINT('',(59.754011459882,-27.48542116384));
#5535 = CARTESIAN_POINT('',(59.384126360112,-27.17771795686));
#5536 = CARTESIAN_POINT('',(59.253331553015,-27.07161905229));
#5537 = CARTESIAN_POINT('',(59.121221496912,-26.96714484546));
#5538 = CARTESIAN_POINT('',(58.987814026484,-26.8643198689));
#5539 = CARTESIAN_POINT('',(58.853128444446,-26.76316854162));
#5540 = CARTESIAN_POINT('',(58.717185521545,-26.66371516915));
#5541 = CARTESIAN_POINT('',(58.580007496559,-26.56598394351));
#5542 = CARTESIAN_POINT('',(58.303222633185,-26.37400976554));
#5543 = CARTESIAN_POINT('',(58.163614420009,-26.27976672085));
#5544 = CARTESIAN_POINT('',(58.02281619561,-26.18729469386));
#5545 = CARTESIAN_POINT('',(57.880850718821,-26.09661856933));
#5546 = CARTESIAN_POINT('',(57.737740748476,-26.00776323199));
#5547 = CARTESIAN_POINT('',(57.593509043412,-25.92075356658));
#5548 = CARTESIAN_POINT('',(57.448178362461,-25.83561445784));
#5549 = CARTESIAN_POINT('',(57.071701780623,-25.62155834599));
#5550 = CARTESIAN_POINT('',(56.838977720823,-25.49543159875));
#5551 = CARTESIAN_POINT('',(56.603686530499,-25.37407360123));
#5552 = CARTESIAN_POINT('',(56.365913306949,-25.25758777204));
#5553 = CARTESIAN_POINT('',(56.125727803705,-25.14609011281));
#5554 = CARTESIAN_POINT('',(55.883239626801,-25.03966118475));
#5555 = CARTESIAN_POINT('',(55.638617303916,-24.93833699168));
#5556 = CARTESIAN_POINT('',(55.145315093941,-24.74609844486));
#5557 = CARTESIAN_POINT('',(54.896636290642,-24.65517804191));
#5558 = CARTESIAN_POINT('',(54.646054348648,-24.56953163723));
#5559 = CARTESIAN_POINT('',(54.393693319517,-24.48923415447));
#5560 = CARTESIAN_POINT('',(54.139677255203,-24.41436051127));
#5561 = CARTESIAN_POINT('',(53.88413020806,-24.34498561926));
#5562 = CARTESIAN_POINT('',(53.62717623084,-24.28118438408));
#5563 = CARTESIAN_POINT('',(53.016781892094,-24.14372892289));
#5564 = CARTESIAN_POINT('',(52.662251132877,-24.07493032778));
#5565 = CARTESIAN_POINT('',(52.305722753699,-24.01665623583));
#5566 = CARTESIAN_POINT('',(51.947570900661,-23.96892693371));
#5567 = CARTESIAN_POINT('',(51.588168226881,-23.93176303535));
#5568 = CARTESIAN_POINT('',(51.227885908069,-23.90518583814));
#5569 = CARTESIAN_POINT('',(50.867093658107,-23.88921767925));
#5570 = CARTESIAN_POINT('',(50.337732008343,-23.88139256415));
#5571 = CARTESIAN_POINT('',(50.169281424317,-23.88122759735));
#5572 = CARTESIAN_POINT('',(50.000841251984,-23.88337405711));
#5573 = CARTESIAN_POINT('',(49.832444461885,-23.88781643805));
#5574 = CARTESIAN_POINT('',(49.664123735657,-23.89453706388));
#5575 = CARTESIAN_POINT('',(49.495911466035,-23.90351608742));
#5576 = CARTESIAN_POINT('',(49.327839756849,-23.91473149056));
#5577 = CARTESIAN_POINT('',(48.872115800156,-23.95117759194));
#5578 = CARTESIAN_POINT('',(48.584803551211,-23.98070326609));
#5579 = CARTESIAN_POINT('',(48.298174370854,-24.01664505764));
#5580 = CARTESIAN_POINT('',(48.012361177519,-24.05886004549));
#5581 = CARTESIAN_POINT('',(47.727582283141,-24.10734044184));
#5582 = CARTESIAN_POINT('',(47.443890673734,-24.16183897483));
#5583 = CARTESIAN_POINT('',(47.161552696573,-24.22242883248));
#5584 = CARTESIAN_POINT('',(46.669940233579,-24.33868902064));
#5585 = CARTESIAN_POINT('',(46.460069103501,-24.39180088686));
#5586 = CARTESIAN_POINT('',(46.251029341112,-24.44813395415));
#5587 = CARTESIAN_POINT('',(46.042854050823,-24.50761822942));
#5588 = CARTESIAN_POINT('',(45.835576337048,-24.5701837196));
#5589 = CARTESIAN_POINT('',(45.629229304198,-24.63576043162));
#5590 = CARTESIAN_POINT('',(45.423846056686,-24.70427837239));
#5591 = CARTESIAN_POINT('',(45.060498677351,-24.8311903173));
#5592 = CARTESIAN_POINT('',(44.902142130569,-24.88844929781));
#5593 = CARTESIAN_POINT('',(44.744404808796,-24.94741183928));
#5594 = CARTESIAN_POINT('',(44.587300850472,-25.00804559459));
#5595 = CARTESIAN_POINT('',(44.430843782262,-25.07031852056));
#5596 = CARTESIAN_POINT('',(44.275046519055,-25.13419887796));
#5597 = CARTESIAN_POINT('',(44.119921363964,-25.19965523153));
#5598 = CARTESIAN_POINT('',(43.722820227123,-25.37192942522));
#5599 = CARTESIAN_POINT('',(43.481866644746,-25.48100491432));
#5600 = CARTESIAN_POINT('',(43.242620363166,-25.59376081439));
#5601 = CARTESIAN_POINT('',(43.00508248436,-25.71007502254));
#5602 = CARTESIAN_POINT('',(42.769254110299,-25.82982543588));
#5603 = CARTESIAN_POINT('',(42.535136342959,-25.95288995151));
#5604 = CARTESIAN_POINT('',(42.302730284314,-26.07914646654));
#5605 = CARTESIAN_POINT('',(41.820376661656,-26.34955344056));
#5606 = CARTESIAN_POINT('',(41.570739335178,-26.494298522));
#5607 = CARTESIAN_POINT('',(41.323161156795,-26.64251178358));
#5608 = CARTESIAN_POINT('',(41.077593006511,-26.79412379535));
#5609 = CARTESIAN_POINT('',(40.834129931161,-26.94881236935));
#5610 = CARTESIAN_POINT('',(40.592673147797,-27.10657824402));
#5611 = CARTESIAN_POINT('',(40.353203313631,-27.26726434815));
#5612 = CARTESIAN_POINT('',(39.878137045335,-27.59426796792));
#5613 = CARTESIAN_POINT('',(39.642546465486,-27.76058118292));
#5614 = CARTESIAN_POINT('',(39.408860411086,-27.92958819964));
#5615 = CARTESIAN_POINT('',(39.177041497236,-28.10117097143));
#5616 = CARTESIAN_POINT('',(38.947052339036,-28.27521145163));
#5617 = CARTESIAN_POINT('',(38.718855551587,-28.4515915936));
#5618 = CARTESIAN_POINT('',(38.492413749989,-28.63019335069));
#5619 = CARTESIAN_POINT('',(38.099163193429,-28.94641416554));
#5620 = CARTESIAN_POINT('',(37.931598163992,-29.08311478531));
#5621 = CARTESIAN_POINT('',(37.76497639629,-29.2209531847));
#5622 = CARTESIAN_POINT('',(37.599279986171,-29.3598907399));
#5623 = CARTESIAN_POINT('',(37.434490935863,-29.4998941096));
#5624 = CARTESIAN_POINT('',(37.270590899763,-29.64093179049));
#5625 = CARTESIAN_POINT('',(37.107560930224,-29.78297067268));
#5626 = CARTESIAN_POINT('',(36.819247546205,-30.03719093856));
#5627 = CARTESIAN_POINT('',(36.693628287539,-30.14899271439));
#5628 = CARTESIAN_POINT('',(36.568513998636,-30.2613621599));
#5629 = CARTESIAN_POINT('',(36.443895230786,-30.37428351228));
#5630 = CARTESIAN_POINT('',(36.319762535279,-30.48774100875));
#5631 = CARTESIAN_POINT('',(36.196106463402,-30.60171888652));
#5632 = CARTESIAN_POINT('',(36.072917566447,-30.71620138278));
#5633 = CARTESIAN_POINT('',(35.757331752773,-31.0118339221));
#5634 = CARTESIAN_POINT('',(35.565606903646,-31.19370011394));
#5635 = CARTESIAN_POINT('',(35.374977197174,-31.37671915222));
#5636 = CARTESIAN_POINT('',(35.185399860257,-31.56082199887));
#5637 = CARTESIAN_POINT('',(34.996833754722,-31.74594301033));
#5638 = CARTESIAN_POINT('',(34.809245879861,-31.93203933886));
#5639 = CARTESIAN_POINT('',(34.62260890061,-32.11908721745));
#5640 = CARTESIAN_POINT('',(34.234286246609,-32.51205312069));
#5641 = CARTESIAN_POINT('',(34.032776403697,-32.71814304737));
#5642 = CARTESIAN_POINT('',(33.832308544244,-32.92524925774));
#5643 = CARTESIAN_POINT('',(33.632836759902,-33.13331834395));
#5644 = CARTESIAN_POINT('',(33.434315142322,-33.34229689812));
#5645 = CARTESIAN_POINT('',(33.236697783157,-33.55213151238));
#5646 = CARTESIAN_POINT('',(33.039938774057,-33.76276877887));
#5647 = CARTESIAN_POINT('',(32.746020636765,-34.07984669631));
#5648 = CARTESIAN_POINT('',(32.648252154187,-34.1857260353));
#5649 = CARTESIAN_POINT('',(32.550680467783,-34.29178605394));
#5650 = CARTESIAN_POINT('',(32.453299578903,-34.39802005749));
#5651 = CARTESIAN_POINT('',(32.356103781402,-34.50442190921));
#5652 = CARTESIAN_POINT('',(32.259087661645,-34.6109860303));
#5653 = CARTESIAN_POINT('',(32.162246098502,-34.71770739999));
#5654 = CARTESIAN_POINT('',(31.904457805349,-35.00270153586));
#5655 = CARTESIAN_POINT('',(31.743813657548,-35.18124413211));
#5656 = CARTESIAN_POINT('',(31.583617555392,-35.3601867567));
#5657 = CARTESIAN_POINT('',(31.423845234327,-35.53950682211));
#5658 = CARTESIAN_POINT('',(31.2644724298,-35.71918174081));
#5659 = CARTESIAN_POINT('',(31.105474877256,-35.89918892528));
#5660 = CARTESIAN_POINT('',(30.946828312143,-36.07950578801));
#5661 = CARTESIAN_POINT('',(30.630188662342,-36.44071365538));
#5662 = CARTESIAN_POINT('',(30.472195657876,-36.6216049499));
#5663 = CARTESIAN_POINT('',(30.314504634791,-36.8027600948));
#5664 = CARTESIAN_POINT('',(30.157092178394,-36.98415755656));
#5665 = CARTESIAN_POINT('',(29.99993413386,-37.16577489546));
#5666 = CARTESIAN_POINT('',(29.843005278549,-37.34758832393));
#5667 = CARTESIAN_POINT('',(29.686280813791,-37.52957472628));
#5668 = CARTESIAN_POINT('',(29.232312851548,-38.05778326957));
#5669 = CARTESIAN_POINT('',(28.935544504873,-38.40441230049));
#5670 = CARTESIAN_POINT('',(28.63927929226,-38.75147021823));
#5671 = CARTESIAN_POINT('',(28.343361712805,-39.09882418554));
#5672 = CARTESIAN_POINT('',(28.047636108563,-39.44634154208));
#5673 = CARTESIAN_POINT('',(27.751946664547,-39.79388980445));
#5674 = CARTESIAN_POINT('',(27.456137408726,-40.14133666619));
#5675 = CARTESIAN_POINT('',(26.848381730126,-40.85403988912));
#5676 = CARTESIAN_POINT('',(26.536406051546,-41.21927001116));
#5677 = CARTESIAN_POINT('',(26.223939911111,-41.58408143049));
#5678 = CARTESIAN_POINT('',(25.910798897123,-41.94831445991));
#5679 = CARTESIAN_POINT('',(25.596799416872,-42.31180856556));
#5680 = CARTESIAN_POINT('',(25.281758662162,-42.67440227414));
#5681 = CARTESIAN_POINT('',(24.965494574826,-43.03593308001));
#5682 = CARTESIAN_POINT('',(24.488988278288,-43.57639306435));
#5683 = CARTESIAN_POINT('',(24.329798095054,-43.75624276881));
#5684 = CARTESIAN_POINT('',(24.170231167327,-43.93576147219));
#5685 = CARTESIAN_POINT('',(24.01026339989,-44.11492418092));
#5686 = CARTESIAN_POINT('',(23.849870697526,-44.29370590143));
#5687 = CARTESIAN_POINT('',(23.68902896502,-44.47208164017));
#5688 = CARTESIAN_POINT('',(23.527714107155,-44.65002640356));
#5689 = CARTESIAN_POINT('',(23.187908477701,-45.02275316234));
#5690 = CARTESIAN_POINT('',(23.009313137346,-45.21743794516));
#5691 = CARTESIAN_POINT('',(22.830086750664,-45.4115411697));
#5692 = CARTESIAN_POINT('',(22.650191117592,-45.60502234954));
#5693 = CARTESIAN_POINT('',(22.469596329688,-45.79785111535));
#5694 = CARTESIAN_POINT('',(22.288276361708,-45.99000117692));
#5695 = CARTESIAN_POINT('',(22.106196570181,-46.18143443812));
#5696 = CARTESIAN_POINT('',(21.757043450249,-46.54541988651));
#5697 = CARTESIAN_POINT('',(21.590113003254,-46.7181074334));
#5698 = CARTESIAN_POINT('',(21.422484335977,-46.89012024386));
#5699 = CARTESIAN_POINT('',(21.254126476357,-47.06142223879));
#5700 = CARTESIAN_POINT('',(21.085008452332,-47.23197733908));
#5701 = CARTESIAN_POINT('',(20.915099291842,-47.4017494656));
#5702 = CARTESIAN_POINT('',(20.744368022826,-47.57070253925));
#5703 = CARTESIAN_POINT('',(20.452674001118,-47.85646965471));
#5704 = CARTESIAN_POINT('',(20.332147820492,-47.9737170237));
#5705 = CARTESIAN_POINT('',(20.211192732011,-48.09053420059));
#5706 = CARTESIAN_POINT('',(20.089797347066,-48.20691034589));
#5707 = CARTESIAN_POINT('',(19.967951287776,-48.32283216795));
#5708 = CARTESIAN_POINT('',(19.845645186983,-48.43828392292));
#5709 = CARTESIAN_POINT('',(19.72287068826,-48.5532474148));
#5710 = CARTESIAN_POINT('',(19.388334684157,-48.86390950606));
#5711 = CARTESIAN_POINT('',(19.175651180763,-49.05862071352));
#5712 = CARTESIAN_POINT('',(18.961529922018,-49.25173825355));
#5713 = CARTESIAN_POINT('',(18.745930894221,-49.44316476194));
#5714 = CARTESIAN_POINT('',(18.528814083668,-49.63280287448));
#5715 = CARTESIAN_POINT('',(18.310139476656,-49.82055522695));
#5716 = CARTESIAN_POINT('',(18.089867059484,-50.00632445515));
#5717 = CARTESIAN_POINT('',(17.646046369664,-50.37370210653));
#5718 = CARTESIAN_POINT('',(17.422511145244,-50.5553165682));
#5719 = CARTESIAN_POINT('',(17.19721847869,-50.7347098401));
#5720 = CARTESIAN_POINT('',(16.969949716109,-50.91166478543));
#5721 = CARTESIAN_POINT('',(16.740600395865,-51.08605821405));
#5722 = CARTESIAN_POINT('',(16.508958508993,-51.25767885783));
#5723 = CARTESIAN_POINT('',(16.274883248795,-51.42637321358));
#5724 = CARTESIAN_POINT('',(15.900148483117,-51.68854862594));
#5725 = CARTESIAN_POINT('',(15.761153107275,-51.78409630922));
#5726 = CARTESIAN_POINT('',(15.621254939816,-51.87855219213));
#5727 = CARTESIAN_POINT('',(15.480504037324,-51.97186165148));
#5728 = CARTESIAN_POINT('',(15.338961280703,-52.06396875798));
#5729 = CARTESIAN_POINT('',(15.196698375176,-52.15481627626));
#5730 = CARTESIAN_POINT('',(15.053797850288,-52.24434566486));
#5731 = CARTESIAN_POINT('',(14.684957401935,-52.47100991676));
#5732 = CARTESIAN_POINT('',(14.458322833496,-52.60638246832));
#5733 = CARTESIAN_POINT('',(14.229465652512,-52.73729025863));
#5734 = CARTESIAN_POINT('',(14.001860159984,-52.86530455727));
#5735 = CARTESIAN_POINT('',(13.774091080736,-52.98952385263));
#5736 = CARTESIAN_POINT('',(13.542486827158,-53.10827481906));
#5737 = CARTESIAN_POINT('',(13.30565430483,-53.22174469919));
#5738 = CARTESIAN_POINT('',(12.821925581258,-53.43447124194));
#5739 = CARTESIAN_POINT('',(12.554333773064,-53.53732640256));
#5740 = CARTESIAN_POINT('',(12.305990167961,-53.64405229785));
#5741 = CARTESIAN_POINT('',(12.01889054845,-53.71765647841));
#5742 = CARTESIAN_POINT('',(11.759417553869,-53.78917154285));
#5743 = CARTESIAN_POINT('',(11.583610860089,-53.88115248163));
#5744 = CARTESIAN_POINT('',(11.383517434432,-53.94000382758));
#5745 = CARTESIAN_POINT('',(11.008298388863,-53.97902077066));
#5746 = CARTESIAN_POINT('',(10.974440568581,-53.98238135457));
#5747 = CARTESIAN_POINT('',(10.942798331224,-53.98473183769));
#5748 = CARTESIAN_POINT('',(10.90450068936,-53.98687533114));
#5749 = CARTESIAN_POINT('',(10.85818634538,-53.98933433358));
#5750 = CARTESIAN_POINT('',(10.810003691491,-53.99235073123));
#5751 = CARTESIAN_POINT('',(10.773610809721,-53.99588579785));
#5752 = CARTESIAN_POINT('',(10.769961902348,-53.99985235633));
#5753 = CARTESIAN_POINT('',(10.769893962016,-54.00008511062));
#5754 = CARTESIAN_POINT('',(10.769982233867,-54.00031797831));
#5755 = CARTESIAN_POINT('',(10.770222309533,-54.00055043667));
#5756 = CARTESIAN_POINT('',(10.770605761329,-54.00078193533));
#5757 = CARTESIAN_POINT('',(10.771125476952,-54.00101194099));
#5758 = CARTESIAN_POINT('',(10.771775356865,-54.00124001088));
#5759 = CARTESIAN_POINT('',(10.805583844477,-54.01117061217));
#5760 = CARTESIAN_POINT('',(11.004113025401,-54.01508003376));
#5761 = CARTESIAN_POINT('',(11.161758594297,-54.02846159513));
#5762 = CARTESIAN_POINT('',(11.271499768824,-54.05012647982));
#5763 = CARTESIAN_POINT('',(11.370008708149,-54.07422057334));
#5764 = CARTESIAN_POINT('',(11.464476048305,-54.09782144307));
#5765 = CARTESIAN_POINT('',(11.541921571916,-54.12434134469));
#5766 = CARTESIAN_POINT('',(11.782336600586,-54.20186577868));
#5767 = CARTESIAN_POINT('',(11.911941349878,-54.24356656729));
#5768 = CARTESIAN_POINT('',(12.04783845735,-54.28774201723));
#5769 = CARTESIAN_POINT('',(12.188075455146,-54.3342915302));
#5770 = CARTESIAN_POINT('',(12.330713210367,-54.38311051309));
#5771 = CARTESIAN_POINT('',(12.473825925068,-54.43409037802));
#5772 = CARTESIAN_POINT('',(12.615501136255,-54.48711854228));
#5773 = CARTESIAN_POINT('',(12.980510702582,-54.63213148261));
#5774 = CARTESIAN_POINT('',(13.201987404628,-54.72839426046));
#5775 = CARTESIAN_POINT('',(13.419146618466,-54.83022004066));
#5776 = CARTESIAN_POINT('',(13.632337484091,-54.93724667463));
#5777 = CARTESIAN_POINT('',(13.842471720946,-55.04878524896));
#5778 = CARTESIAN_POINT('',(14.051092149097,-55.16378010428));
#5779 = CARTESIAN_POINT('',(14.259419495705,-55.28134021061));
#5780 = CARTESIAN_POINT('',(14.694485154127,-55.53465802709));
#5781 = CARTESIAN_POINT('',(14.921185668701,-55.67095655132));
#5782 = CARTESIAN_POINT('',(15.146271487517,-55.81056568565));
#5783 = CARTESIAN_POINT('',(15.369686142149,-55.9533250606));
#5784 = CARTESIAN_POINT('',(15.591264711011,-56.0990829714));
#5785 = CARTESIAN_POINT('',(15.810738593679,-56.24771222793));
#5786 = CARTESIAN_POINT('',(16.027947624321,-56.39910059487));
#5787 = CARTESIAN_POINT('',(16.438819144657,-56.6929957709));
#5788 = CARTESIAN_POINT('',(16.632701518414,-56.83499718978));
#5789 = CARTESIAN_POINT('',(16.824945191569,-56.97897596276));
#5790 = CARTESIAN_POINT('',(17.015645673125,-57.12483198512));
#5791 = CARTESIAN_POINT('',(17.20489847208,-57.27246515215));
#5792 = CARTESIAN_POINT('',(17.392799097437,-57.42177535913));
#5793 = CARTESIAN_POINT('',(17.579443058195,-57.57266250134));
#5794 = CARTESIAN_POINT('',(17.894791472779,-57.83170396448));
#5795 = CARTESIAN_POINT('',(18.024085040726,-57.93909508));
#5796 = CARTESIAN_POINT('',(18.152815495099,-58.04717981028));
#5797 = CARTESIAN_POINT('',(18.280991686356,-58.15593850869));
#5798 = CARTESIAN_POINT('',(18.4086223875,-58.26535189229));
#5799 = CARTESIAN_POINT('',(18.535716294088,-58.37540104184));
#5800 = CARTESIAN_POINT('',(18.662282024226,-58.48606740179));
#5801 = CARTESIAN_POINT('',(19.004459416038,-58.78811957732));
#5802 = CARTESIAN_POINT('',(19.219063236976,-58.98066503882));
#5803 = CARTESIAN_POINT('',(19.432185826474,-59.17488710587));
#5804 = CARTESIAN_POINT('',(19.643870625949,-59.37065145476));
#5805 = CARTESIAN_POINT('',(19.854170598088,-59.56796250027));
#5806 = CARTESIAN_POINT('',(20.063125315612,-59.76659080809));
#5807 = CARTESIAN_POINT('',(20.270789468638,-59.96656758721));
#5808 = CARTESIAN_POINT('',(20.683616202146,-60.36901446044));
#5809 = CARTESIAN_POINT('',(20.888772460507,-60.5714811534));
#5810 = CARTESIAN_POINT('',(21.092735193955,-60.77513856871));
#5811 = CARTESIAN_POINT('',(21.295557922212,-60.97992436168));
#5812 = CARTESIAN_POINT('',(21.497294164999,-61.18577618758));
#5813 = CARTESIAN_POINT('',(21.697997442037,-61.3926317017));
#5814 = CARTESIAN_POINT('',(21.897721273048,-61.60042855935));
#5815 = CARTESIAN_POINT('',(22.21248390572,-61.93083124668));
#5816 = CARTESIAN_POINT('',(22.328134931877,-62.05285609968));
#5817 = CARTESIAN_POINT('',(22.443481496256,-62.17516857355));
#5818 = CARTESIAN_POINT('',(22.558532492948,-62.29775879662));
#5819 = CARTESIAN_POINT('',(22.673296470105,-62.42061742679));
#5820 = CARTESIAN_POINT('',(22.787781629941,-62.54373565151));
#5821 = CARTESIAN_POINT('',(22.901995828728,-62.6671051878));
#5822 = CARTESIAN_POINT('',(23.195012258094,-62.98496766934));
#5823 = CARTESIAN_POINT('',(23.373429151661,-63.1798176876));
#5824 = CARTESIAN_POINT('',(23.551229328233,-63.37523507057));
#5825 = CARTESIAN_POINT('',(23.728444858542,-63.57118655183));
#5826 = CARTESIAN_POINT('',(23.905107813323,-63.76763886493));
#5827 = CARTESIAN_POINT('',(24.081250263307,-63.96455874343));
#5828 = CARTESIAN_POINT('',(24.256904279229,-64.16191292092));
#5829 = CARTESIAN_POINT('',(24.623227059259,-64.57540155635));
#5830 = CARTESIAN_POINT('',(24.813807355579,-64.79161191137));
#5831 = CARTESIAN_POINT('',(25.00388948518,-65.00825088649));
#5832 = CARTESIAN_POINT('',(25.193508968201,-65.22529087992));
#5833 = CARTESIAN_POINT('',(25.382705490482,-65.44269705098));
#5834 = CARTESIAN_POINT('',(25.571520698054,-65.66043130551));
#5835 = CARTESIAN_POINT('',(25.759992816226,-65.87846209431));
#5836 = CARTESIAN_POINT('',(26.277458854675,-66.47876410143));
#5837 = CARTESIAN_POINT('',(26.605827249945,-66.861573292));
#5838 = CARTESIAN_POINT('',(26.933482566692,-67.24499289125));
#5839 = CARTESIAN_POINT('',(27.260629446208,-67.62885147375));
#5840 = CARTESIAN_POINT('',(27.587502883308,-68.01293037357));
#5841 = CARTESIAN_POINT('',(27.914288135387,-68.39709024158));
#5842 = CARTESIAN_POINT('',(28.241209230022,-68.78113138755));
#5843 = CARTESIAN_POINT('',(28.724312526367,-69.3476197367));
#5844 = CARTESIAN_POINT('',(28.880229724181,-69.53029142022));
#5845 = CARTESIAN_POINT('',(29.036247490692,-69.71287757291));
#5846 = CARTESIAN_POINT('',(29.192388553324,-69.89535894566));
#5847 = CARTESIAN_POINT('',(29.34867559581,-70.07771634742));
#5848 = CARTESIAN_POINT('',(29.505131323897,-70.25993055498));
#5849 = CARTESIAN_POINT('',(29.661778531048,-70.44198222287));
#5850 = CARTESIAN_POINT('',(30.069619644933,-70.91484411175));
#5851 = CARTESIAN_POINT('',(30.321147070926,-71.2053665655));
#5852 = CARTESIAN_POINT('',(30.573323220085,-71.4953282228));
#5853 = CARTESIAN_POINT('',(30.826248317538,-71.78463752341));
#5854 = CARTESIAN_POINT('',(31.080022035601,-72.07320227845));
#5855 = CARTESIAN_POINT('',(31.334743493775,-72.36092967037));
#5856 = CARTESIAN_POINT('',(31.590511258745,-72.647726253));
#5857 = CARTESIAN_POINT('',(31.975879987694,-73.07638446868));
#5858 = CARTESIAN_POINT('',(32.104623192186,-73.21901381232));
#5859 = CARTESIAN_POINT('',(32.233664945556,-73.36137677679));
#5860 = CARTESIAN_POINT('',(32.363017616571,-73.50346250127));
#5861 = CARTESIAN_POINT('',(32.49269395507,-73.64525846966));
#5862 = CARTESIAN_POINT('',(32.622707091964,-73.78675051066));
#5863 = CARTESIAN_POINT('',(32.753070539234,-73.92792279769));
#5864 = CARTESIAN_POINT('',(33.0145258898,-74.20959295319));
#5865 = CARTESIAN_POINT('',(33.145617782447,-74.35009144472));
#5866 = CARTESIAN_POINT('',(33.277087470343,-74.49023749899));
#5867 = CARTESIAN_POINT('',(33.408948555963,-74.63001529145));
#5868 = CARTESIAN_POINT('',(33.54121464178,-74.76940899754));
#5869 = CARTESIAN_POINT('',(33.673899330268,-74.9084027927));
#5870 = CARTESIAN_POINT('',(33.807016223899,-75.04698085239));
#5871 = CARTESIAN_POINT('',(34.040750951085,-75.28873722679));
#5872 = CARTESIAN_POINT('',(34.141173743807,-75.39210434901));
#5873 = CARTESIAN_POINT('',(34.241853041858,-75.49522204274));
#5874 = CARTESIAN_POINT('',(34.342794583781,-75.59808363198));
#5875 = CARTESIAN_POINT('',(34.444004108119,-75.70068244075));
#5876 = CARTESIAN_POINT('',(34.545487353416,-75.80301179307));
#5877 = CARTESIAN_POINT('',(34.647250058216,-75.90506501296));
#5878 = CARTESIAN_POINT('',(34.953391968476,-76.21037445397));
#5879 = CARTESIAN_POINT('',(35.158630189169,-76.41278645079));
#5880 = CARTESIAN_POINT('',(35.365060026429,-76.61400607705));
#5881 = CARTESIAN_POINT('',(35.572701639843,-76.81402941127));
#5882 = CARTESIAN_POINT('',(35.781647131863,-77.01266878042));
#5883 = CARTESIAN_POINT('',(35.991909174503,-77.20993366076));
#5884 = CARTESIAN_POINT('',(36.203552342197,-77.4056984642));
#5885 = CARTESIAN_POINT('',(36.57641545161,-77.74554396507));
#5886 = CARTESIAN_POINT('',(36.737015197939,-77.89031046766));
#5887 = CARTESIAN_POINT('',(36.898435917664,-78.03416155354));
#5888 = CARTESIAN_POINT('',(37.060697692737,-78.17706372103));
#5889 = CARTESIAN_POINT('',(37.223820605113,-78.31898346845));
#5890 = CARTESIAN_POINT('',(37.387824736745,-78.45988729411));
#5891 = CARTESIAN_POINT('',(37.552730169588,-78.59974169633));
#5892 = CARTESIAN_POINT('',(37.847544234157,-78.84645561267));
#5893 = CARTESIAN_POINT('',(37.977086183181,-78.95374189039));
#5894 = CARTESIAN_POINT('',(38.107191417668,-79.06035480215));
#5895 = CARTESIAN_POINT('',(38.237868475882,-79.16627552434));
#5896 = CARTESIAN_POINT('',(38.369125849349,-79.27148361422));
#5897 = CARTESIAN_POINT('',(38.500971982858,-79.37595700987));
#5898 = CARTESIAN_POINT('',(38.633415274459,-79.47967203025));
#5899 = CARTESIAN_POINT('',(38.956543023285,-79.7296552959));
#5900 = CARTESIAN_POINT('',(39.147857646225,-79.87511095452));
#5901 = CARTESIAN_POINT('',(39.340429579065,-80.01890203701));
#5902 = CARTESIAN_POINT('',(39.534280456586,-80.16096022933));
#5903 = CARTESIAN_POINT('',(39.729431913567,-80.30121721745));
#5904 = CARTESIAN_POINT('',(39.925905584789,-80.43960468732));
#5905 = CARTESIAN_POINT('',(40.12372310503,-80.57605432493));
#5906 = CARTESIAN_POINT('',(40.542005415498,-80.85838430804));
#5907 = CARTESIAN_POINT('',(40.762760180843,-81.0038472648));
#5908 = CARTESIAN_POINT('',(40.985192185678,-81.14678021682));
#5909 = CARTESIAN_POINT('',(41.209353502901,-81.28713400317));
#5910 = CARTESIAN_POINT('',(41.435241805283,-81.42477750498));
#5911 = CARTESIAN_POINT('',(41.662839426365,-81.55955957889));
#5912 = CARTESIAN_POINT('',(41.892159190476,-81.69138424183));
#5913 = CARTESIAN_POINT('',(42.354205271753,-81.9488405297));
#5914 = CARTESIAN_POINT('',(42.586943143456,-82.07447971755));
#5915 = CARTESIAN_POINT('',(42.82139254076,-82.19690661861));
#5916 = CARTESIAN_POINT('',(43.057552361691,-82.31599912999));
#5917 = CARTESIAN_POINT('',(43.295421504275,-82.4316351488));
#5918 = CARTESIAN_POINT('',(43.534998866537,-82.54369257214));
#5919 = CARTESIAN_POINT('',(43.776283346502,-82.65204929713));
#5920 = CARTESIAN_POINT('',(44.394849487153,-82.91815495527));
#5921 = CARTESIAN_POINT('',(44.774441283067,-83.07056521027));
#5922 = CARTESIAN_POINT('',(45.157876712897,-83.21337140531));
#5923 = CARTESIAN_POINT('',(45.544965933728,-83.34611438881));
#5924 = CARTESIAN_POINT('',(45.935500335592,-83.46832320228));
#5925 = CARTESIAN_POINT('',(46.32925110028,-83.57951984427));
#5926 = CARTESIAN_POINT('',(46.725967760166,-83.67922403441));
#5927 = CARTESIAN_POINT('',(47.313369869924,-83.80825243297));
#5928 = CARTESIAN_POINT('',(47.501960500502,-83.84689210988));
#5929 = CARTESIAN_POINT('',(47.691104858712,-83.88284817287));
#5930 = CARTESIAN_POINT('',(47.880758501151,-83.91609152876));
#5931 = CARTESIAN_POINT('',(48.070876331061,-83.94659282644));
#5932 = CARTESIAN_POINT('',(48.261412598323,-83.97432245692));
#5933 = CARTESIAN_POINT('',(48.452320899464,-83.99925055329));
#5934 = CARTESIAN_POINT('',(48.858697859854,-84.04620620439));
#5935 = CARTESIAN_POINT('',(49.074250082788,-84.06748037439));
#5936 = CARTESIAN_POINT('',(49.290142092487,-84.08512826808));
#5937 = CARTESIAN_POINT('',(49.506305336092,-84.09910660695));
#5938 = CARTESIAN_POINT('',(49.722671345125,-84.10937130238));
#5939 = CARTESIAN_POINT('',(49.939171618768,-84.11587869142));
#5940 = CARTESIAN_POINT('',(50.155737507134,-84.11858677256));
#5941 = CARTESIAN_POINT('',(50.564799908301,-84.11645170419));
#5942 = CARTESIAN_POINT('',(50.757294785686,-84.11242104504));
#5943 = CARTESIAN_POINT('',(50.949727529081,-84.10536778305));
#5944 = CARTESIAN_POINT('',(51.142040940864,-84.09529523721));
#5945 = CARTESIAN_POINT('',(51.334177823413,-84.08220672652));
#5946 = CARTESIAN_POINT('',(51.526080979106,-84.06610556996));
#5947 = CARTESIAN_POINT('',(51.717693210322,-84.04699508652));
#5948 = CARTESIAN_POINT('',(52.100221398323,-84.00276210737));
#5949 = CARTESIAN_POINT('',(52.291137456799,-83.97763979965));
#5950 = CARTESIAN_POINT('',(52.481648181887,-83.94951472293));
#5951 = CARTESIAN_POINT('',(52.671696315937,-83.91839006771));
#5952 = CARTESIAN_POINT('',(52.861224656627,-83.88426916406));
#5953 = CARTESIAN_POINT('',(53.050176056966,-83.84715548163));
#5954 = CARTESIAN_POINT('',(53.238493425291,-83.80705262966));
#5955 = CARTESIAN_POINT('',(53.684105910714,-83.70471797675));
#5956 = CARTESIAN_POINT('',(53.940788603986,-83.63983546014));
#5957 = CARTESIAN_POINT('',(54.196043753882,-83.56939172482));
#5958 = CARTESIAN_POINT('',(54.449747309202,-83.4934616885));
#5959 = CARTESIAN_POINT('',(54.701775218746,-83.41212026884));
#5960 = CARTESIAN_POINT('',(54.952003431316,-83.32544238353));
#5961 = CARTESIAN_POINT('',(55.20030789571,-83.23350295027));
#5962 = CARTESIAN_POINT('',(55.692820928745,-83.03925094034));
#5963 = CARTESIAN_POINT('',(55.937026823224,-82.93693228845));
#5964 = CARTESIAN_POINT('',(56.179080265738,-82.82952515341));
#5965 = CARTESIAN_POINT('',(56.418803457393,-82.71705275128));
#5966 = CARTESIAN_POINT('',(56.656099537726,-82.59960837111));
#5967 = CARTESIAN_POINT('',(56.890908096824,-82.47731806089));
#5968 = CARTESIAN_POINT('',(57.123128738419,-82.35026801269));
#5969 = CARTESIAN_POINT('',(57.540496778879,-82.11078111096));
#5970 = CARTESIAN_POINT('',(57.726522690754,-81.99988994166));
#5971 = CARTESIAN_POINT('',(57.910711356636,-81.8859291211));
#5972 = CARTESIAN_POINT('',(58.093014405801,-81.76895153844));
#5973 = CARTESIAN_POINT('',(58.273383467528,-81.64901008281));
#5974 = CARTESIAN_POINT('',(58.451770171094,-81.52615764335));
#5975 = CARTESIAN_POINT('',(58.628126145777,-81.40044710921));
#5976 = CARTESIAN_POINT('',(59.054122542102,-81.08630765753));
#5977 = CARTESIAN_POINT('',(59.301511105471,-80.89482725003));
#5978 = CARTESIAN_POINT('',(59.54441886055,-80.69764165293));
#5979 = CARTESIAN_POINT('',(59.782774987344,-80.49491664064));
#5980 = CARTESIAN_POINT('',(60.016418490035,-80.28679940258));
#5981 = CARTESIAN_POINT('',(60.245270453872,-80.07345242457));
#5982 = CARTESIAN_POINT('',(60.469203657334,-79.85502582626));
#5983 = CARTESIAN_POINT('',(60.923856008671,-79.39114531406));
#5984 = CARTESIAN_POINT('',(61.153770248786,-79.14490584329));
#5985 = CARTESIAN_POINT('',(61.377726915152,-78.89313982108));
#5986 = CARTESIAN_POINT('',(61.595563306363,-78.63605371817));
#5987 = CARTESIAN_POINT('',(61.807181250914,-78.37380904152));
#5988 = CARTESIAN_POINT('',(62.012432718197,-78.1066042539));
#5989 = CARTESIAN_POINT('',(62.211196056542,-77.8346170556));
#5990 = CARTESIAN_POINT('',(62.513136762117,-77.39998579751));
#5991 = CARTESIAN_POINT('',(62.620771244603,-77.24043870482));
#5992 = CARTESIAN_POINT('',(62.726220849139,-77.07942435454));
#5993 = CARTESIAN_POINT('',(62.829461610509,-76.91697677824));
#5994 = CARTESIAN_POINT('',(62.930469594684,-76.75313012601));
#5995 = CARTESIAN_POINT('',(63.029220898818,-76.58791866645));
#5996 = CARTESIAN_POINT('',(63.125691651252,-76.42137678665));
#5997 = CARTESIAN_POINT('',(63.372877377556,-75.98080430403));
#5998 = CARTESIAN_POINT('',(63.519810321704,-75.70465295934));
#5999 = CARTESIAN_POINT('',(63.660556387201,-75.42523885422));
#6000 = CARTESIAN_POINT('',(63.795014128195,-75.14271683925));
#6001 = CARTESIAN_POINT('',(63.923081338713,-74.85724282472));
#6002 = CARTESIAN_POINT('',(64.044655281625,-74.56897388576));
#6003 = CARTESIAN_POINT('',(64.159632917612,-74.27806836756));
#6004 = CARTESIAN_POINT('',(64.317885470464,-73.84927934956));
#6005 = CARTESIAN_POINT('',(64.366432908492,-73.71334451571));
#6006 = CARTESIAN_POINT('',(64.413543162432,-73.57689621811));
#6007 = CARTESIAN_POINT('',(64.459206411422,-73.43995023156));
#6008 = CARTESIAN_POINT('',(64.503413299518,-73.30252337644));
#6009 = CARTESIAN_POINT('',(64.546154935698,-73.16463351878));
#6010 = CARTESIAN_POINT('',(64.587422893859,-73.02629957019));
#6011 = CARTESIAN_POINT('',(64.673626691003,-72.72565668872));
#6012 = CARTESIAN_POINT('',(64.718027053083,-72.56319292133));
#6013 = CARTESIAN_POINT('',(64.760396587773,-72.40017916154));
#6014 = CARTESIAN_POINT('',(64.800721583782,-72.23664438518));
#6015 = CARTESIAN_POINT('',(64.83898832982,-72.07261756804));
#6016 = CARTESIAN_POINT('',(64.875183114597,-71.90812768594));
#6017 = CARTESIAN_POINT('',(64.909292226822,-71.74320371468));
#6018 = CARTESIAN_POINT('',(64.96873886194,-71.43616400321));
#6019 = CARTESIAN_POINT('',(64.994633661373,-71.2941558443));
#6020 = CARTESIAN_POINT('',(65.018977296648,-71.15186823508));
#6021 = CARTESIAN_POINT('',(65.041760934197,-71.00931934951));
#6022 = CARTESIAN_POINT('',(65.062975963739,-70.86652745376));
#6023 = CARTESIAN_POINT('',(65.082613998278,-70.72351090625));
#6024 = CARTESIAN_POINT('',(65.100666874108,-70.58028815763));
#6025 = CARTESIAN_POINT('',(65.144559570915,-70.19786076368));
#6026 = CARTESIAN_POINT('',(65.16757185158,-69.95832656429));
#6027 = CARTESIAN_POINT('',(65.186144451137,-69.7183743433));
#6028 = CARTESIAN_POINT('',(65.200258327924,-69.47810329144));
#6029 = CARTESIAN_POINT('',(65.209894440281,-69.23761259941));
#6030 = CARTESIAN_POINT('',(65.215033746545,-68.99700145795));
#6031 = CARTESIAN_POINT('',(65.215657205053,-68.75636905777));
#6032 = CARTESIAN_POINT('',(65.207834339992,-68.27525992195));
#6033 = CARTESIAN_POINT('',(65.199382957079,-68.03478381715));
#6034 = CARTESIAN_POINT('',(65.186395597653,-67.79448477729));
#6035 = CARTESIAN_POINT('',(65.168821342313,-67.5544609076));
#6036 = CARTESIAN_POINT('',(65.146632254887,-67.31481169095));
#6037 = CARTESIAN_POINT('',(65.119849972531,-67.07563899027));
#6038 = CARTESIAN_POINT('',(65.088521011042,-66.83704727902));
#6039 = CARTESIAN_POINT('',(65.023936508149,-66.40881911466));
#6040 = CARTESIAN_POINT('',(64.992321933031,-66.21893369287));
#6041 = CARTESIAN_POINT('',(64.957804978247,-66.02953973345));
#6042 = CARTESIAN_POINT('',(64.920393562007,-65.84069013568));
#6043 = CARTESIAN_POINT('',(64.880095602521,-65.65243779883));
#6044 = CARTESIAN_POINT('',(64.836919017997,-65.46483562218));
#6045 = CARTESIAN_POINT('',(64.790871726645,-65.27793650499));
#6046 = CARTESIAN_POINT('',(64.69916617675,-64.92892131805));
#6047 = CARTESIAN_POINT('',(64.654177132627,-64.76662732734));
#6048 = CARTESIAN_POINT('',(64.606999322093,-64.60494701414));
#6049 = CARTESIAN_POINT('',(64.55764131285,-64.44391474603));
#6050 = CARTESIAN_POINT('',(64.506115432512,-64.28356361843));
#6051 = CARTESIAN_POINT('',(64.452437768608,-64.1239254546));
#6052 = CARTESIAN_POINT('',(64.396628168579,-63.96503080568));
#6053 = CARTESIAN_POINT('',(64.239425473286,-63.535851408));
#6054 = CARTESIAN_POINT('',(64.133934012728,-63.26706660671));
#6055 = CARTESIAN_POINT('',(64.0223207434,-63.00071108487));
#6056 = CARTESIAN_POINT('',(63.90468546219,-62.73693326319));
#6057 = CARTESIAN_POINT('',(63.781081115223,-62.47590854112));
#6058 = CARTESIAN_POINT('',(63.651658540057,-62.21774570725));
#6059 = CARTESIAN_POINT('',(63.516414863583,-61.96266205647));
#6060 = CARTESIAN_POINT('',(63.269863096686,-61.52181128995));
#6061 = CARTESIAN_POINT('',(63.161024663709,-61.33466672754));
#6062 = CARTESIAN_POINT('',(63.049061337028,-61.14935417914));
#6063 = CARTESIAN_POINT('',(62.934025907005,-60.96592185638));
#6064 = CARTESIAN_POINT('',(62.815971164002,-60.78441797093));
#6065 = CARTESIAN_POINT('',(62.694949898378,-60.60489073444));
#6066 = CARTESIAN_POINT('',(62.571014900495,-60.42738835855));
#6067 = CARTESIAN_POINT('',(62.34560019956,-60.11551446036));
#6068 = CARTESIAN_POINT('',(62.245250693162,-59.98032158504));
#6069 = CARTESIAN_POINT('',(62.143194844475,-59.8464071166));
#6070 = CARTESIAN_POINT('',(62.039457519186,-59.71379483547));
#6071 = CARTESIAN_POINT('',(61.934064045715,-59.58250561476));
#6072 = CARTESIAN_POINT('',(61.827040215212,-59.45255742036));
#6073 = CARTESIAN_POINT('',(61.718412281557,-59.32396531084));
#6074 = CARTESIAN_POINT('',(61.435027456714,-58.9968185362));
#6075 = CARTESIAN_POINT('',(61.257952885027,-58.80027802145));
#6076 = CARTESIAN_POINT('',(61.07708597664,-58.60718006822));
#6077 = CARTESIAN_POINT('',(60.892528760542,-58.41758429992));
#6078 = CARTESIAN_POINT('',(60.704383514591,-58.23155053179));
#6079 = CARTESIAN_POINT('',(60.512752979058,-58.04913893915));
#6080 = CARTESIAN_POINT('',(60.317739833487,-57.87040965064));
#6081 = CARTESIAN_POINT('',(59.903124081908,-57.50452572058));
#6082 = CARTESIAN_POINT('',(59.682895457147,-57.31808030639));
#6083 = CARTESIAN_POINT('',(59.458881278444,-57.1361539981));
#6084 = CARTESIAN_POINT('',(59.231203261635,-56.95881526998));
#6085 = CARTESIAN_POINT('',(58.999983122561,-56.78613259631));
#6086 = CARTESIAN_POINT('',(58.765342577058,-56.61817445135));
#6087 = CARTESIAN_POINT('',(58.527403340966,-56.45500930937));
#6088 = CARTESIAN_POINT('',(58.125542987712,-56.19116986694));
#6089 = CARTESIAN_POINT('',(57.963387623718,-56.08779392323));
#6090 = CARTESIAN_POINT('',(57.79985195411,-55.98660361835));
#6091 = CARTESIAN_POINT('',(57.634966872405,-55.88762477849));
#6092 = CARTESIAN_POINT('',(57.468763249661,-55.79088325115));
#6093 = CARTESIAN_POINT('',(57.301271934484,-55.69640490514));
#6094 = CARTESIAN_POINT('',(57.132523753024,-55.60421563059));
#6095 = CARTESIAN_POINT('',(56.835067832739,-55.44693509506));
#6096 = CARTESIAN_POINT('',(56.706897164005,-55.38083759729));
#6097 = CARTESIAN_POINT('',(56.578050736776,-55.31604892867));
#6098 = CARTESIAN_POINT('',(56.448541361994,-55.25257629704));
#6099 = CARTESIAN_POINT('',(56.318381427542,-55.19043403506));
#6100 = CARTESIAN_POINT('',(56.187582898243,-55.12964360016));
#6101 = CARTESIAN_POINT('',(56.05615731586,-55.07023357459));
#6102 = CARTESIAN_POINT('',(55.704043851983,-54.91558194118));
#6103 = CARTESIAN_POINT('',(55.482264714191,-54.82285571003));
#6104 = CARTESIAN_POINT('',(55.258825369498,-54.73420895174));
#6105 = CARTESIAN_POINT('',(55.033772045177,-54.64978437381));
#6106 = CARTESIAN_POINT('',(54.80715735059,-54.56971104744));
#6107 = CARTESIAN_POINT('',(54.579038611219,-54.49411969087));
#6108 = CARTESIAN_POINT('',(54.349467398132,-54.42318160018));
#6109 = CARTESIAN_POINT('',(53.881264327602,-54.28938661708));
#6110 = CARTESIAN_POINT('',(53.642702045743,-54.22644374122));
#6111 = CARTESIAN_POINT('',(53.402443570449,-54.17059884611));
#6112 = CARTESIAN_POINT('',(53.160909385345,-54.11781351388));
#6113 = CARTESIAN_POINT('',(52.918227183892,-54.07012774733));
#6114 = CARTESIAN_POINT('',(52.674164835509,-54.03325177805));
#6115 = CARTESIAN_POINT('',(52.428560968013,-54.00997619622));
#6116 = CARTESIAN_POINT('',(52.181764705882,-54.));
#6117 = ( GEOMETRIC_REPRESENTATION_CONTEXT(2) 
PARAMETRIC_REPRESENTATION_CONTEXT() REPRESENTATION_CONTEXT('2D SPACE',''
  ) );
#6118 = ORIENTED_EDGE('',*,*,#6119,.T.);
#6119 = EDGE_CURVE('',#3895,#159,#6120,.T.);
#6120 = SEAM_CURVE('',#6121,(#6125,#6132),.PCURVE_S1.);
#6121 = LINE('',#6122,#6123);
#6122 = CARTESIAN_POINT('',(0.,46.,52.181764705882));
#6123 = VECTOR('',#6124,1.);
#6124 = DIRECTION('',(-1.,0.,0.));
#6125 = PCURVE('',#1642,#6126);
#6126 = DEFINITIONAL_REPRESENTATION('',(#6127),#6131);
#6127 = LINE('',#6128,#6129);
#6128 = CARTESIAN_POINT('',(192.13225840126,0.));
#6129 = VECTOR('',#6130,1.);
#6130 = DIRECTION('',(0.,-1.));
#6131 = ( GEOMETRIC_REPRESENTATION_CONTEXT(2) 
PARAMETRIC_REPRESENTATION_CONTEXT() REPRESENTATION_CONTEXT('2D SPACE',''
  ) );
#6132 = PCURVE('',#1642,#6133);
#6133 = DEFINITIONAL_REPRESENTATION('',(#6134),#6138);
#6134 = LINE('',#6135,#6136);
#6135 = CARTESIAN_POINT('',(0.,0.));
#6136 = VECTOR('',#6137,1.);
#6137 = DIRECTION('',(0.,-1.));
#6138 = ( GEOMETRIC_REPRESENTATION_CONTEXT(2) 
PARAMETRIC_REPRESENTATION_CONTEXT() REPRESENTATION_CONTEXT('2D SPACE',''
  ) );
#6139 = ORIENTED_EDGE('',*,*,#158,.F.);
#6140 = ORIENTED_EDGE('',*,*,#6119,.F.);
#6141 = ADVANCED_FACE('',(#6142),#2506,.F.);
#6142 = FACE_BOUND('',#6143,.F.);
#6143 = EDGE_LOOP('',(#6144,#6145,#6146,#6179,#6205,#6206,#6239,#6265,
    #6266,#6267));
#6144 = ORIENTED_EDGE('',*,*,#3823,.F.);
#6145 = ORIENTED_EDGE('',*,*,#3639,.T.);
#6146 = ORIENTED_EDGE('',*,*,#6147,.T.);
#6147 = EDGE_CURVE('',#3640,#6148,#6150,.T.);
#6148 = VERTEX_POINT('',#6149);
#6149 = CARTESIAN_POINT('',(-101.,-8.,22.));
#6150 = SURFACE_CURVE('',#6151,(#6156,#6167),.PCURVE_S1.);
#6151 = CIRCLE('',#6152,2.);
#6152 = AXIS2_PLACEMENT_3D('',#6153,#6154,#6155);
#6153 = CARTESIAN_POINT('',(-103.,-8.,22.));
#6154 = DIRECTION('',(0.,-1.,1.110223024625E-16));
#6155 = DIRECTION('',(1.,0.,0.));
#6156 = PCURVE('',#2506,#6157);
#6157 = DEFINITIONAL_REPRESENTATION('',(#6158),#6166);
#6158 = ( BOUNDED_CURVE() B_SPLINE_CURVE(2,(#6159,#6160,#6161,#6162,
#6163,#6164,#6165),.UNSPECIFIED.,.T.,.F.) B_SPLINE_CURVE_WITH_KNOTS((1,2
    ,2,2,2,1),(-2.094395102393,0.,2.094395102393,4.188790204786,
6.28318530718,8.377580409573),.UNSPECIFIED.) CURVE() 
GEOMETRIC_REPRESENTATION_ITEM() RATIONAL_B_SPLINE_CURVE((1.,0.5,1.,0.5,
1.,0.5,1.)) REPRESENTATION_ITEM('') );
#6159 = CARTESIAN_POINT('',(22.,4.5));
#6160 = CARTESIAN_POINT('',(25.464101615138,4.5));
#6161 = CARTESIAN_POINT('',(23.732050807569,1.5));
#6162 = CARTESIAN_POINT('',(22.,-1.5));
#6163 = CARTESIAN_POINT('',(20.267949192431,1.5));
#6164 = CARTESIAN_POINT('',(18.535898384862,4.5));
#6165 = CARTESIAN_POINT('',(22.,4.5));
#6166 = ( GEOMETRIC_REPRESENTATION_CONTEXT(2) 
PARAMETRIC_REPRESENTATION_CONTEXT() REPRESENTATION_CONTEXT('2D SPACE',''
  ) );
#6167 = PCURVE('',#6168,#6173);
#6168 = CYLINDRICAL_SURFACE('',#6169,2.);
#6169 = AXIS2_PLACEMENT_3D('',#6170,#6171,#6172);
#6170 = CARTESIAN_POINT('',(-103.,-8.,22.));
#6171 = DIRECTION('',(0.,-1.,1.110223024625E-16));
#6172 = DIRECTION('',(1.,0.,0.));
#6173 = DEFINITIONAL_REPRESENTATION('',(#6174),#6178);
#6174 = LINE('',#6175,#6176);
#6175 = CARTESIAN_POINT('',(0.,0.));
#6176 = VECTOR('',#6177,1.);
#6177 = DIRECTION('',(1.,0.));
#6178 = ( GEOMETRIC_REPRESENTATION_CONTEXT(2) 
PARAMETRIC_REPRESENTATION_CONTEXT() REPRESENTATION_CONTEXT('2D SPACE',''
  ) );
#6179 = ORIENTED_EDGE('',*,*,#6180,.T.);
#6180 = EDGE_CURVE('',#6148,#3663,#6181,.T.);
#6181 = SURFACE_CURVE('',#6182,(#6187,#6198),.PCURVE_S1.);
#6182 = CIRCLE('',#6183,2.);
#6183 = AXIS2_PLACEMENT_3D('',#6184,#6185,#6186);
#6184 = CARTESIAN_POINT('',(-103.,-8.,22.));
#6185 = DIRECTION('',(0.,-1.,1.110223024625E-16));
#6186 = DIRECTION('',(1.,0.,0.));
#6187 = PCURVE('',#2506,#6188);
#6188 = DEFINITIONAL_REPRESENTATION('',(#6189),#6197);
#6189 = ( BOUNDED_CURVE() B_SPLINE_CURVE(2,(#6190,#6191,#6192,#6193,
#6194,#6195,#6196),.UNSPECIFIED.,.T.,.F.) B_SPLINE_CURVE_WITH_KNOTS((1,2
    ,2,2,2,1),(-2.094395102393,0.,2.094395102393,4.188790204786,
6.28318530718,8.377580409573),.UNSPECIFIED.) CURVE() 
GEOMETRIC_REPRESENTATION_ITEM() RATIONAL_B_SPLINE_CURVE((1.,0.5,1.,0.5,
1.,0.5,1.)) REPRESENTATION_ITEM('') );
#6190 = CARTESIAN_POINT('',(22.,4.5));
#6191 = CARTESIAN_POINT('',(25.464101615138,4.5));
#6192 = CARTESIAN_POINT('',(23.732050807569,1.5));
#6193 = CARTESIAN_POINT('',(22.,-1.5));
#6194 = CARTESIAN_POINT('',(20.267949192431,1.5));
#6195 = CARTESIAN_POINT('',(18.535898384862,4.5));
#6196 = CARTESIAN_POINT('',(22.,4.5));
#6197 = ( GEOMETRIC_REPRESENTATION_CONTEXT(2) 
PARAMETRIC_REPRESENTATION_CONTEXT() REPRESENTATION_CONTEXT('2D SPACE',''
  ) );
#6198 = PCURVE('',#6168,#6199);
#6199 = DEFINITIONAL_REPRESENTATION('',(#6200),#6204);
#6200 = LINE('',#6201,#6202);
#6201 = CARTESIAN_POINT('',(0.,0.));
#6202 = VECTOR('',#6203,1.);
#6203 = DIRECTION('',(1.,0.));
#6204 = ( GEOMETRIC_REPRESENTATION_CONTEXT(2) 
PARAMETRIC_REPRESENTATION_CONTEXT() REPRESENTATION_CONTEXT('2D SPACE',''
  ) );
#6205 = ORIENTED_EDGE('',*,*,#3690,.T.);
#6206 = ORIENTED_EDGE('',*,*,#6207,.T.);
#6207 = EDGE_CURVE('',#3691,#6208,#6210,.T.);
#6208 = VERTEX_POINT('',#6209);
#6209 = CARTESIAN_POINT('',(-101.,-8.,72.));
#6210 = SURFACE_CURVE('',#6211,(#6216,#6227),.PCURVE_S1.);
#6211 = CIRCLE('',#6212,2.);
#6212 = AXIS2_PLACEMENT_3D('',#6213,#6214,#6215);
#6213 = CARTESIAN_POINT('',(-103.,-8.,72.));
#6214 = DIRECTION('',(0.,-1.,1.110223024625E-16));
#6215 = DIRECTION('',(1.,0.,0.));
#6216 = PCURVE('',#2506,#6217);
#6217 = DEFINITIONAL_REPRESENTATION('',(#6218),#6226);
#6218 = ( BOUNDED_CURVE() B_SPLINE_CURVE(2,(#6219,#6220,#6221,#6222,
#6223,#6224,#6225),.UNSPECIFIED.,.T.,.F.) B_SPLINE_CURVE_WITH_KNOTS((1,2
    ,2,2,2,1),(-2.094395102393,0.,2.094395102393,4.188790204786,
6.28318530718,8.377580409573),.UNSPECIFIED.) CURVE() 
GEOMETRIC_REPRESENTATION_ITEM() RATIONAL_B_SPLINE_CURVE((1.,0.5,1.,0.5,
1.,0.5,1.)) REPRESENTATION_ITEM('') );
#6219 = CARTESIAN_POINT('',(72.,4.5));
#6220 = CARTESIAN_POINT('',(75.464101615138,4.5));
#6221 = CARTESIAN_POINT('',(73.732050807569,1.5));
#6222 = CARTESIAN_POINT('',(72.,-1.5));
#6223 = CARTESIAN_POINT('',(70.267949192431,1.5));
#6224 = CARTESIAN_POINT('',(68.535898384862,4.5));
#6225 = CARTESIAN_POINT('',(72.,4.5));
#6226 = ( GEOMETRIC_REPRESENTATION_CONTEXT(2) 
PARAMETRIC_REPRESENTATION_CONTEXT() REPRESENTATION_CONTEXT('2D SPACE',''
  ) );
#6227 = PCURVE('',#6228,#6233);
#6228 = CYLINDRICAL_SURFACE('',#6229,2.);
#6229 = AXIS2_PLACEMENT_3D('',#6230,#6231,#6232);
#6230 = CARTESIAN_POINT('',(-103.,-8.,72.));
#6231 = DIRECTION('',(0.,-1.,1.110223024625E-16));
#6232 = DIRECTION('',(1.,0.,0.));
#6233 = DEFINITIONAL_REPRESENTATION('',(#6234),#6238);
#6234 = LINE('',#6235,#6236);
#6235 = CARTESIAN_POINT('',(0.,0.));
#6236 = VECTOR('',#6237,1.);
#6237 = DIRECTION('',(1.,0.));
#6238 = ( GEOMETRIC_REPRESENTATION_CONTEXT(2) 
PARAMETRIC_REPRESENTATION_CONTEXT() REPRESENTATION_CONTEXT('2D SPACE',''
  ) );
#6239 = ORIENTED_EDGE('',*,*,#6240,.T.);
#6240 = EDGE_CURVE('',#6208,#3714,#6241,.T.);
#6241 = SURFACE_CURVE('',#6242,(#6247,#6258),.PCURVE_S1.);
#6242 = CIRCLE('',#6243,2.);
#6243 = AXIS2_PLACEMENT_3D('',#6244,#6245,#6246);
#6244 = CARTESIAN_POINT('',(-103.,-8.,72.));
#6245 = DIRECTION('',(0.,-1.,1.110223024625E-16));
#6246 = DIRECTION('',(1.,0.,0.));
#6247 = PCURVE('',#2506,#6248);
#6248 = DEFINITIONAL_REPRESENTATION('',(#6249),#6257);
#6249 = ( BOUNDED_CURVE() B_SPLINE_CURVE(2,(#6250,#6251,#6252,#6253,
#6254,#6255,#6256),.UNSPECIFIED.,.T.,.F.) B_SPLINE_CURVE_WITH_KNOTS((1,2
    ,2,2,2,1),(-2.094395102393,0.,2.094395102393,4.188790204786,
6.28318530718,8.377580409573),.UNSPECIFIED.) CURVE() 
GEOMETRIC_REPRESENTATION_ITEM() RATIONAL_B_SPLINE_CURVE((1.,0.5,1.,0.5,
1.,0.5,1.)) REPRESENTATION_ITEM('') );
#6250 = CARTESIAN_POINT('',(72.,4.5));
#6251 = CARTESIAN_POINT('',(75.464101615138,4.5));
#6252 = CARTESIAN_POINT('',(73.732050807569,1.5));
#6253 = CARTESIAN_POINT('',(72.,-1.5));
#6254 = CARTESIAN_POINT('',(70.267949192431,1.5));
#6255 = CARTESIAN_POINT('',(68.535898384862,4.5));
#6256 = CARTESIAN_POINT('',(72.,4.5));
#6257 = ( GEOMETRIC_REPRESENTATION_CONTEXT(2) 
PARAMETRIC_REPRESENTATION_CONTEXT() REPRESENTATION_CONTEXT('2D SPACE',''
  ) );
#6258 = PCURVE('',#6228,#6259);
#6259 = DEFINITIONAL_REPRESENTATION('',(#6260),#6264);
#6260 = LINE('',#6261,#6262);
#6261 = CARTESIAN_POINT('',(0.,0.));
#6262 = VECTOR('',#6263,1.);
#6263 = DIRECTION('',(1.,0.));
#6264 = ( GEOMETRIC_REPRESENTATION_CONTEXT(2) 
PARAMETRIC_REPRESENTATION_CONTEXT() REPRESENTATION_CONTEXT('2D SPACE',''
  ) );
#6265 = ORIENTED_EDGE('',*,*,#3741,.T.);
#6266 = ORIENTED_EDGE('',*,*,#2490,.T.);
#6267 = ORIENTED_EDGE('',*,*,#6268,.F.);
#6268 = EDGE_CURVE('',#3824,#2491,#6269,.T.);
#6269 = SURFACE_CURVE('',#6270,(#6274,#6281),.PCURVE_S1.);
#6270 = LINE('',#6271,#6272);
#6271 = CARTESIAN_POINT('',(-100.5,-8.,0.));
#6272 = VECTOR('',#6273,1.);
#6273 = DIRECTION('',(0.,0.,1.));
#6274 = PCURVE('',#2506,#6275);
#6275 = DEFINITIONAL_REPRESENTATION('',(#6276),#6280);
#6276 = LINE('',#6277,#6278);
#6277 = CARTESIAN_POINT('',(0.,5.));
#6278 = VECTOR('',#6279,1.);
#6279 = DIRECTION('',(1.,0.));
#6280 = ( GEOMETRIC_REPRESENTATION_CONTEXT(2) 
PARAMETRIC_REPRESENTATION_CONTEXT() REPRESENTATION_CONTEXT('2D SPACE',''
  ) );
#6281 = PCURVE('',#2534,#6282);
#6282 = DEFINITIONAL_REPRESENTATION('',(#6283),#6287);
#6283 = LINE('',#6284,#6285);
#6284 = CARTESIAN_POINT('',(0.,0.));
#6285 = VECTOR('',#6286,1.);
#6286 = DIRECTION('',(1.,0.));
#6287 = ( GEOMETRIC_REPRESENTATION_CONTEXT(2) 
PARAMETRIC_REPRESENTATION_CONTEXT() REPRESENTATION_CONTEXT('2D SPACE',''
  ) );
#6288 = ADVANCED_FACE('',(#6289),#2736,.T.);
#6289 = FACE_BOUND('',#6290,.T.);
#6290 = EDGE_LOOP('',(#6291,#6292,#6293,#6294,#6317,#6345,#6368,#6396));
#6291 = ORIENTED_EDGE('',*,*,#3869,.F.);
#6292 = ORIENTED_EDGE('',*,*,#3768,.F.);
#6293 = ORIENTED_EDGE('',*,*,#2720,.F.);
#6294 = ORIENTED_EDGE('',*,*,#6295,.T.);
#6295 = EDGE_CURVE('',#2688,#6296,#6298,.T.);
#6296 = VERTEX_POINT('',#6297);
#6297 = CARTESIAN_POINT('',(102.5,100.,0.));
#6298 = SURFACE_CURVE('',#6299,(#6303,#6310),.PCURVE_S1.);
#6299 = LINE('',#6300,#6301);
#6300 = CARTESIAN_POINT('',(102.5,100.,95.));
#6301 = VECTOR('',#6302,1.);
#6302 = DIRECTION('',(0.,0.,-1.));
#6303 = PCURVE('',#2736,#6304);
#6304 = DEFINITIONAL_REPRESENTATION('',(#6305),#6309);
#6305 = LINE('',#6306,#6307);
#6306 = CARTESIAN_POINT('',(95.,208.));
#6307 = VECTOR('',#6308,1.);
#6308 = DIRECTION('',(-1.,0.));
#6309 = ( GEOMETRIC_REPRESENTATION_CONTEXT(2) 
PARAMETRIC_REPRESENTATION_CONTEXT() REPRESENTATION_CONTEXT('2D SPACE',''
  ) );
#6310 = PCURVE('',#2708,#6311);
#6311 = DEFINITIONAL_REPRESENTATION('',(#6312),#6316);
#6312 = LINE('',#6313,#6314);
#6313 = CARTESIAN_POINT('',(0.,0.));
#6314 = VECTOR('',#6315,1.);
#6315 = DIRECTION('',(0.,1.));
#6316 = ( GEOMETRIC_REPRESENTATION_CONTEXT(2) 
PARAMETRIC_REPRESENTATION_CONTEXT() REPRESENTATION_CONTEXT('2D SPACE',''
  ) );
#6317 = ORIENTED_EDGE('',*,*,#6318,.F.);
#6318 = EDGE_CURVE('',#6319,#6296,#6321,.T.);
#6319 = VERTEX_POINT('',#6320);
#6320 = CARTESIAN_POINT('',(100.5,100.,0.));
#6321 = SURFACE_CURVE('',#6322,(#6326,#6333),.PCURVE_S1.);
#6322 = LINE('',#6323,#6324);
#6323 = CARTESIAN_POINT('',(100.5,100.,0.));
#6324 = VECTOR('',#6325,1.);
#6325 = DIRECTION('',(1.,0.,0.));
#6326 = PCURVE('',#2736,#6327);
#6327 = DEFINITIONAL_REPRESENTATION('',(#6328),#6332);
#6328 = LINE('',#6329,#6330);
#6329 = CARTESIAN_POINT('',(0.,206.));
#6330 = VECTOR('',#6331,1.);
#6331 = DIRECTION('',(0.,1.));
#6332 = ( GEOMETRIC_REPRESENTATION_CONTEXT(2) 
PARAMETRIC_REPRESENTATION_CONTEXT() REPRESENTATION_CONTEXT('2D SPACE',''
  ) );
#6333 = PCURVE('',#6334,#6339);
#6334 = PLANE('',#6335);
#6335 = AXIS2_PLACEMENT_3D('',#6336,#6337,#6338);
#6336 = CARTESIAN_POINT('',(100.5,-8.,0.));
#6337 = DIRECTION('',(0.,0.,1.));
#6338 = DIRECTION('',(1.,0.,0.));
#6339 = DEFINITIONAL_REPRESENTATION('',(#6340),#6344);
#6340 = LINE('',#6341,#6342);
#6341 = CARTESIAN_POINT('',(0.,108.));
#6342 = VECTOR('',#6343,1.);
#6343 = DIRECTION('',(1.,0.));
#6344 = ( GEOMETRIC_REPRESENTATION_CONTEXT(2) 
PARAMETRIC_REPRESENTATION_CONTEXT() REPRESENTATION_CONTEXT('2D SPACE',''
  ) );
#6345 = ORIENTED_EDGE('',*,*,#6346,.T.);
#6346 = EDGE_CURVE('',#6319,#6347,#6349,.T.);
#6347 = VERTEX_POINT('',#6348);
#6348 = CARTESIAN_POINT('',(100.5,100.,91.));
#6349 = SURFACE_CURVE('',#6350,(#6354,#6361),.PCURVE_S1.);
#6350 = LINE('',#6351,#6352);
#6351 = CARTESIAN_POINT('',(100.5,100.,0.));
#6352 = VECTOR('',#6353,1.);
#6353 = DIRECTION('',(0.,0.,1.));
#6354 = PCURVE('',#2736,#6355);
#6355 = DEFINITIONAL_REPRESENTATION('',(#6356),#6360);
#6356 = LINE('',#6357,#6358);
#6357 = CARTESIAN_POINT('',(0.,206.));
#6358 = VECTOR('',#6359,1.);
#6359 = DIRECTION('',(1.,0.));
#6360 = ( GEOMETRIC_REPRESENTATION_CONTEXT(2) 
PARAMETRIC_REPRESENTATION_CONTEXT() REPRESENTATION_CONTEXT('2D SPACE',''
  ) );
#6361 = PCURVE('',#2590,#6362);
#6362 = DEFINITIONAL_REPRESENTATION('',(#6363),#6367);
#6363 = LINE('',#6364,#6365);
#6364 = CARTESIAN_POINT('',(0.,-108.));
#6365 = VECTOR('',#6366,1.);
#6366 = DIRECTION('',(1.,0.));
#6367 = ( GEOMETRIC_REPRESENTATION_CONTEXT(2) 
PARAMETRIC_REPRESENTATION_CONTEXT() REPRESENTATION_CONTEXT('2D SPACE',''
  ) );
#6368 = ORIENTED_EDGE('',*,*,#6369,.F.);
#6369 = EDGE_CURVE('',#6370,#6347,#6372,.T.);
#6370 = VERTEX_POINT('',#6371);
#6371 = CARTESIAN_POINT('',(-100.5,100.,91.));
#6372 = SURFACE_CURVE('',#6373,(#6377,#6384),.PCURVE_S1.);
#6373 = LINE('',#6374,#6375);
#6374 = CARTESIAN_POINT('',(-105.5,100.,91.));
#6375 = VECTOR('',#6376,1.);
#6376 = DIRECTION('',(1.,0.,0.));
#6377 = PCURVE('',#2736,#6378);
#6378 = DEFINITIONAL_REPRESENTATION('',(#6379),#6383);
#6379 = LINE('',#6380,#6381);
#6380 = CARTESIAN_POINT('',(91.,0.));
#6381 = VECTOR('',#6382,1.);
#6382 = DIRECTION('',(0.,1.));
#6383 = ( GEOMETRIC_REPRESENTATION_CONTEXT(2) 
PARAMETRIC_REPRESENTATION_CONTEXT() REPRESENTATION_CONTEXT('2D SPACE',''
  ) );
#6384 = PCURVE('',#6385,#6390);
#6385 = PLANE('',#6386);
#6386 = AXIS2_PLACEMENT_3D('',#6387,#6388,#6389);
#6387 = CARTESIAN_POINT('',(-105.5,25.,91.));
#6388 = DIRECTION('',(0.,0.,1.));
#6389 = DIRECTION('',(1.,0.,0.));
#6390 = DEFINITIONAL_REPRESENTATION('',(#6391),#6395);
#6391 = LINE('',#6392,#6393);
#6392 = CARTESIAN_POINT('',(0.,75.));
#6393 = VECTOR('',#6394,1.);
#6394 = DIRECTION('',(1.,0.));
#6395 = ( GEOMETRIC_REPRESENTATION_CONTEXT(2) 
PARAMETRIC_REPRESENTATION_CONTEXT() REPRESENTATION_CONTEXT('2D SPACE',''
  ) );
#6396 = ORIENTED_EDGE('',*,*,#6397,.F.);
#6397 = EDGE_CURVE('',#3847,#6370,#6398,.T.);
#6398 = SURFACE_CURVE('',#6399,(#6403,#6410),.PCURVE_S1.);
#6399 = LINE('',#6400,#6401);
#6400 = CARTESIAN_POINT('',(-100.5,100.,0.));
#6401 = VECTOR('',#6402,1.);
#6402 = DIRECTION('',(0.,0.,1.));
#6403 = PCURVE('',#2736,#6404);
#6404 = DEFINITIONAL_REPRESENTATION('',(#6405),#6409);
#6405 = LINE('',#6406,#6407);
#6406 = CARTESIAN_POINT('',(0.,5.));
#6407 = VECTOR('',#6408,1.);
#6408 = DIRECTION('',(1.,0.));
#6409 = ( GEOMETRIC_REPRESENTATION_CONTEXT(2) 
PARAMETRIC_REPRESENTATION_CONTEXT() REPRESENTATION_CONTEXT('2D SPACE',''
  ) );
#6410 = PCURVE('',#2534,#6411);
#6411 = DEFINITIONAL_REPRESENTATION('',(#6412),#6416);
#6412 = LINE('',#6413,#6414);
#6413 = CARTESIAN_POINT('',(0.,-108.));
#6414 = VECTOR('',#6415,1.);
#6415 = DIRECTION('',(1.,0.));
#6416 = ( GEOMETRIC_REPRESENTATION_CONTEXT(2) 
PARAMETRIC_REPRESENTATION_CONTEXT() REPRESENTATION_CONTEXT('2D SPACE',''
  ) );
#6417 = ADVANCED_FACE('',(#6418,#6464),#2534,.T.);
#6418 = FACE_BOUND('',#6419,.T.);
#6419 = EDGE_LOOP('',(#6420,#6421,#6422,#6423,#6424,#6445));
#6420 = ORIENTED_EDGE('',*,*,#2518,.F.);
#6421 = ORIENTED_EDGE('',*,*,#6268,.F.);
#6422 = ORIENTED_EDGE('',*,*,#3846,.T.);
#6423 = ORIENTED_EDGE('',*,*,#6397,.T.);
#6424 = ORIENTED_EDGE('',*,*,#6425,.T.);
#6425 = EDGE_CURVE('',#6370,#6426,#6428,.T.);
#6426 = VERTEX_POINT('',#6427);
#6427 = CARTESIAN_POINT('',(-100.5,25.,91.));
#6428 = SURFACE_CURVE('',#6429,(#6433,#6439),.PCURVE_S1.);
#6429 = LINE('',#6430,#6431);
#6430 = CARTESIAN_POINT('',(-100.5,8.5,91.));
#6431 = VECTOR('',#6432,1.);
#6432 = DIRECTION('',(0.,-1.,0.));
#6433 = PCURVE('',#2534,#6434);
#6434 = DEFINITIONAL_REPRESENTATION('',(#6435),#6438);
#6435 = B_SPLINE_CURVE_WITH_KNOTS('',1,(#6436,#6437),.UNSPECIFIED.,.F.,
  .F.,(2,2),(-91.5,-16.5),.PIECEWISE_BEZIER_KNOTS.);
#6436 = CARTESIAN_POINT('',(91.,-108.));
#6437 = CARTESIAN_POINT('',(91.,-33.));
#6438 = ( GEOMETRIC_REPRESENTATION_CONTEXT(2) 
PARAMETRIC_REPRESENTATION_CONTEXT() REPRESENTATION_CONTEXT('2D SPACE',''
  ) );
#6439 = PCURVE('',#6385,#6440);
#6440 = DEFINITIONAL_REPRESENTATION('',(#6441),#6444);
#6441 = B_SPLINE_CURVE_WITH_KNOTS('',1,(#6442,#6443),.UNSPECIFIED.,.F.,
  .F.,(2,2),(-91.5,-16.5),.PIECEWISE_BEZIER_KNOTS.);
#6442 = CARTESIAN_POINT('',(5.,75.));
#6443 = CARTESIAN_POINT('',(5.,0.));
#6444 = ( GEOMETRIC_REPRESENTATION_CONTEXT(2) 
PARAMETRIC_REPRESENTATION_CONTEXT() REPRESENTATION_CONTEXT('2D SPACE',''
  ) );
#6445 = ORIENTED_EDGE('',*,*,#6446,.T.);
#6446 = EDGE_CURVE('',#6426,#2519,#6447,.T.);
#6447 = SURFACE_CURVE('',#6448,(#6452,#6458),.PCURVE_S1.);
#6448 = LINE('',#6449,#6450);
#6449 = CARTESIAN_POINT('',(-100.5,25.,45.5));
#6450 = VECTOR('',#6451,1.);
#6451 = DIRECTION('',(0.,0.,1.));
#6452 = PCURVE('',#2534,#6453);
#6453 = DEFINITIONAL_REPRESENTATION('',(#6454),#6457);
#6454 = B_SPLINE_CURVE_WITH_KNOTS('',1,(#6455,#6456),.UNSPECIFIED.,.F.,
  .F.,(2,2),(45.5,49.5),.PIECEWISE_BEZIER_KNOTS.);
#6455 = CARTESIAN_POINT('',(91.,-33.));
#6456 = CARTESIAN_POINT('',(95.,-33.));
#6457 = ( GEOMETRIC_REPRESENTATION_CONTEXT(2) 
PARAMETRIC_REPRESENTATION_CONTEXT() REPRESENTATION_CONTEXT('2D SPACE',''
  ) );
#6458 = PCURVE('',#2562,#6459);
#6459 = DEFINITIONAL_REPRESENTATION('',(#6460),#6463);
#6460 = B_SPLINE_CURVE_WITH_KNOTS('',1,(#6461,#6462),.UNSPECIFIED.,.F.,
  .F.,(2,2),(45.5,49.5),.PIECEWISE_BEZIER_KNOTS.);
#6461 = CARTESIAN_POINT('',(0.,5.));
#6462 = CARTESIAN_POINT('',(4.,5.));
#6463 = ( GEOMETRIC_REPRESENTATION_CONTEXT(2) 
PARAMETRIC_REPRESENTATION_CONTEXT() REPRESENTATION_CONTEXT('2D SPACE',''
  ) );
#6464 = FACE_BOUND('',#6465,.T.);
#6465 = EDGE_LOOP('',(#6466));
#6466 = ORIENTED_EDGE('',*,*,#3894,.F.);
#6467 = ADVANCED_FACE('',(#6468),#2708,.T.);
#6468 = FACE_BOUND('',#6469,.T.);
#6469 = EDGE_LOOP('',(#6470,#6471,#6494,#6520));
#6470 = ORIENTED_EDGE('',*,*,#2687,.T.);
#6471 = ORIENTED_EDGE('',*,*,#6472,.T.);
#6472 = EDGE_CURVE('',#2660,#6473,#6475,.T.);
#6473 = VERTEX_POINT('',#6474);
#6474 = CARTESIAN_POINT('',(105.5,97.,0.));
#6475 = SURFACE_CURVE('',#6476,(#6480,#6487),.PCURVE_S1.);
#6476 = LINE('',#6477,#6478);
#6477 = CARTESIAN_POINT('',(105.5,97.,95.));
#6478 = VECTOR('',#6479,1.);
#6479 = DIRECTION('',(0.,0.,-1.));
#6480 = PCURVE('',#2708,#6481);
#6481 = DEFINITIONAL_REPRESENTATION('',(#6482),#6486);
#6482 = LINE('',#6483,#6484);
#6483 = CARTESIAN_POINT('',(1.570796326795,0.));
#6484 = VECTOR('',#6485,1.);
#6485 = DIRECTION('',(0.,1.));
#6486 = ( GEOMETRIC_REPRESENTATION_CONTEXT(2) 
PARAMETRIC_REPRESENTATION_CONTEXT() REPRESENTATION_CONTEXT('2D SPACE',''
  ) );
#6487 = PCURVE('',#2675,#6488);
#6488 = DEFINITIONAL_REPRESENTATION('',(#6489),#6493);
#6489 = LINE('',#6490,#6491);
#6490 = CARTESIAN_POINT('',(95.,-105.));
#6491 = VECTOR('',#6492,1.);
#6492 = DIRECTION('',(-1.,0.));
#6493 = ( GEOMETRIC_REPRESENTATION_CONTEXT(2) 
PARAMETRIC_REPRESENTATION_CONTEXT() REPRESENTATION_CONTEXT('2D SPACE',''
  ) );
#6494 = ORIENTED_EDGE('',*,*,#6495,.F.);
#6495 = EDGE_CURVE('',#6296,#6473,#6496,.T.);
#6496 = SURFACE_CURVE('',#6497,(#6502,#6509),.PCURVE_S1.);
#6497 = CIRCLE('',#6498,3.);
#6498 = AXIS2_PLACEMENT_3D('',#6499,#6500,#6501);
#6499 = CARTESIAN_POINT('',(102.5,97.,0.));
#6500 = DIRECTION('',(0.,0.,-1.));
#6501 = DIRECTION('',(0.,1.,0.));
#6502 = PCURVE('',#2708,#6503);
#6503 = DEFINITIONAL_REPRESENTATION('',(#6504),#6508);
#6504 = LINE('',#6505,#6506);
#6505 = CARTESIAN_POINT('',(0.,95.));
#6506 = VECTOR('',#6507,1.);
#6507 = DIRECTION('',(1.,0.));
#6508 = ( GEOMETRIC_REPRESENTATION_CONTEXT(2) 
PARAMETRIC_REPRESENTATION_CONTEXT() REPRESENTATION_CONTEXT('2D SPACE',''
  ) );
#6509 = PCURVE('',#6334,#6510);
#6510 = DEFINITIONAL_REPRESENTATION('',(#6511),#6519);
#6511 = ( BOUNDED_CURVE() B_SPLINE_CURVE(2,(#6512,#6513,#6514,#6515,
#6516,#6517,#6518),.UNSPECIFIED.,.T.,.F.) B_SPLINE_CURVE_WITH_KNOTS((1,2
    ,2,2,2,1),(-2.094395102393,0.,2.094395102393,4.188790204786,
6.28318530718,8.377580409573),.UNSPECIFIED.) CURVE() 
GEOMETRIC_REPRESENTATION_ITEM() RATIONAL_B_SPLINE_CURVE((1.,0.5,1.,0.5,
1.,0.5,1.)) REPRESENTATION_ITEM('') );
#6512 = CARTESIAN_POINT('',(2.,108.));
#6513 = CARTESIAN_POINT('',(7.196152422707,108.));
#6514 = CARTESIAN_POINT('',(4.598076211353,103.5));
#6515 = CARTESIAN_POINT('',(2.,99.));
#6516 = CARTESIAN_POINT('',(-0.598076211353,103.5));
#6517 = CARTESIAN_POINT('',(-3.196152422707,108.));
#6518 = CARTESIAN_POINT('',(2.,108.));
#6519 = ( GEOMETRIC_REPRESENTATION_CONTEXT(2) 
PARAMETRIC_REPRESENTATION_CONTEXT() REPRESENTATION_CONTEXT('2D SPACE',''
  ) );
#6520 = ORIENTED_EDGE('',*,*,#6295,.F.);
#6521 = ADVANCED_FACE('',(#6522),#2562,.F.);
#6522 = FACE_BOUND('',#6523,.F.);
#6523 = EDGE_LOOP('',(#6524,#6547,#6548,#6549));
#6524 = ORIENTED_EDGE('',*,*,#6525,.F.);
#6525 = EDGE_CURVE('',#6426,#6526,#6528,.T.);
#6526 = VERTEX_POINT('',#6527);
#6527 = CARTESIAN_POINT('',(100.5,25.,91.));
#6528 = SURFACE_CURVE('',#6529,(#6533,#6540),.PCURVE_S1.);
#6529 = LINE('',#6530,#6531);
#6530 = CARTESIAN_POINT('',(-105.5,25.,91.));
#6531 = VECTOR('',#6532,1.);
#6532 = DIRECTION('',(1.,0.,0.));
#6533 = PCURVE('',#2562,#6534);
#6534 = DEFINITIONAL_REPRESENTATION('',(#6535),#6539);
#6535 = LINE('',#6536,#6537);
#6536 = CARTESIAN_POINT('',(0.,0.));
#6537 = VECTOR('',#6538,1.);
#6538 = DIRECTION('',(0.,1.));
#6539 = ( GEOMETRIC_REPRESENTATION_CONTEXT(2) 
PARAMETRIC_REPRESENTATION_CONTEXT() REPRESENTATION_CONTEXT('2D SPACE',''
  ) );
#6540 = PCURVE('',#6385,#6541);
#6541 = DEFINITIONAL_REPRESENTATION('',(#6542),#6546);
#6542 = LINE('',#6543,#6544);
#6543 = CARTESIAN_POINT('',(0.,0.));
#6544 = VECTOR('',#6545,1.);
#6545 = DIRECTION('',(1.,0.));
#6546 = ( GEOMETRIC_REPRESENTATION_CONTEXT(2) 
PARAMETRIC_REPRESENTATION_CONTEXT() REPRESENTATION_CONTEXT('2D SPACE',''
  ) );
#6547 = ORIENTED_EDGE('',*,*,#6446,.T.);
#6548 = ORIENTED_EDGE('',*,*,#2546,.T.);
#6549 = ORIENTED_EDGE('',*,*,#6550,.F.);
#6550 = EDGE_CURVE('',#6526,#2547,#6551,.T.);
#6551 = SURFACE_CURVE('',#6552,(#6556,#6562),.PCURVE_S1.);
#6552 = LINE('',#6553,#6554);
#6553 = CARTESIAN_POINT('',(100.5,25.,45.5));
#6554 = VECTOR('',#6555,1.);
#6555 = DIRECTION('',(0.,0.,1.));
#6556 = PCURVE('',#2562,#6557);
#6557 = DEFINITIONAL_REPRESENTATION('',(#6558),#6561);
#6558 = B_SPLINE_CURVE_WITH_KNOTS('',1,(#6559,#6560),.UNSPECIFIED.,.F.,
  .F.,(2,2),(45.5,49.5),.PIECEWISE_BEZIER_KNOTS.);
#6559 = CARTESIAN_POINT('',(0.,206.));
#6560 = CARTESIAN_POINT('',(4.,206.));
#6561 = ( GEOMETRIC_REPRESENTATION_CONTEXT(2) 
PARAMETRIC_REPRESENTATION_CONTEXT() REPRESENTATION_CONTEXT('2D SPACE',''
  ) );
#6562 = PCURVE('',#2590,#6563);
#6563 = DEFINITIONAL_REPRESENTATION('',(#6564),#6567);
#6564 = B_SPLINE_CURVE_WITH_KNOTS('',1,(#6565,#6566),.UNSPECIFIED.,.F.,
  .F.,(2,2),(45.5,49.5),.PIECEWISE_BEZIER_KNOTS.);
#6565 = CARTESIAN_POINT('',(91.,-33.));
#6566 = CARTESIAN_POINT('',(95.,-33.));
#6567 = ( GEOMETRIC_REPRESENTATION_CONTEXT(2) 
PARAMETRIC_REPRESENTATION_CONTEXT() REPRESENTATION_CONTEXT('2D SPACE',''
  ) );
#6568 = ADVANCED_FACE('',(#6569,#6617),#2675,.T.);
#6569 = FACE_BOUND('',#6570,.T.);
#6570 = EDGE_LOOP('',(#6571,#6572,#6595,#6616));
#6571 = ORIENTED_EDGE('',*,*,#2659,.F.);
#6572 = ORIENTED_EDGE('',*,*,#6573,.F.);
#6573 = EDGE_CURVE('',#6574,#2631,#6576,.T.);
#6574 = VERTEX_POINT('',#6575);
#6575 = CARTESIAN_POINT('',(105.5,-5.,0.));
#6576 = SURFACE_CURVE('',#6577,(#6581,#6588),.PCURVE_S1.);
#6577 = LINE('',#6578,#6579);
#6578 = CARTESIAN_POINT('',(105.5,-5.,0.));
#6579 = VECTOR('',#6580,1.);
#6580 = DIRECTION('',(0.,0.,1.));
#6581 = PCURVE('',#2675,#6582);
#6582 = DEFINITIONAL_REPRESENTATION('',(#6583),#6587);
#6583 = LINE('',#6584,#6585);
#6584 = CARTESIAN_POINT('',(0.,-3.));
#6585 = VECTOR('',#6586,1.);
#6586 = DIRECTION('',(1.,0.));
#6587 = ( GEOMETRIC_REPRESENTATION_CONTEXT(2) 
PARAMETRIC_REPRESENTATION_CONTEXT() REPRESENTATION_CONTEXT('2D SPACE',''
  ) );
#6588 = PCURVE('',#2647,#6589);
#6589 = DEFINITIONAL_REPRESENTATION('',(#6590),#6594);
#6590 = LINE('',#6591,#6592);
#6591 = CARTESIAN_POINT('',(1.570796326795,0.));
#6592 = VECTOR('',#6593,1.);
#6593 = DIRECTION('',(0.,1.));
#6594 = ( GEOMETRIC_REPRESENTATION_CONTEXT(2) 
PARAMETRIC_REPRESENTATION_CONTEXT() REPRESENTATION_CONTEXT('2D SPACE',''
  ) );
#6595 = ORIENTED_EDGE('',*,*,#6596,.T.);
#6596 = EDGE_CURVE('',#6574,#6473,#6597,.T.);
#6597 = SURFACE_CURVE('',#6598,(#6602,#6609),.PCURVE_S1.);
#6598 = LINE('',#6599,#6600);
#6599 = CARTESIAN_POINT('',(105.5,-8.,0.));
#6600 = VECTOR('',#6601,1.);
#6601 = DIRECTION('',(0.,1.,0.));
#6602 = PCURVE('',#2675,#6603);
#6603 = DEFINITIONAL_REPRESENTATION('',(#6604),#6608);
#6604 = LINE('',#6605,#6606);
#6605 = CARTESIAN_POINT('',(0.,0.));
#6606 = VECTOR('',#6607,1.);
#6607 = DIRECTION('',(0.,-1.));
#6608 = ( GEOMETRIC_REPRESENTATION_CONTEXT(2) 
PARAMETRIC_REPRESENTATION_CONTEXT() REPRESENTATION_CONTEXT('2D SPACE',''
  ) );
#6609 = PCURVE('',#6334,#6610);
#6610 = DEFINITIONAL_REPRESENTATION('',(#6611),#6615);
#6611 = LINE('',#6612,#6613);
#6612 = CARTESIAN_POINT('',(5.,0.));
#6613 = VECTOR('',#6614,1.);
#6614 = DIRECTION('',(0.,1.));
#6615 = ( GEOMETRIC_REPRESENTATION_CONTEXT(2) 
PARAMETRIC_REPRESENTATION_CONTEXT() REPRESENTATION_CONTEXT('2D SPACE',''
  ) );
#6616 = ORIENTED_EDGE('',*,*,#6472,.F.);
#6617 = FACE_BOUND('',#6618,.T.);
#6618 = EDGE_LOOP('',(#6619));
#6619 = ORIENTED_EDGE('',*,*,#6620,.F.);
#6620 = EDGE_CURVE('',#6621,#6621,#6623,.T.);
#6621 = VERTEX_POINT('',#6622);
#6622 = CARTESIAN_POINT('',(105.5,46.,52.181764705882));
#6623 = SURFACE_CURVE('',#6624,(#7362,#8103),.PCURVE_S1.);
#6624 = B_SPLINE_CURVE_WITH_KNOTS('',8,(#6625,#6626,#6627,#6628,#6629,
    #6630,#6631,#6632,#6633,#6634,#6635,#6636,#6637,#6638,#6639,#6640,
    #6641,#6642,#6643,#6644,#6645,#6646,#6647,#6648,#6649,#6650,#6651,
    #6652,#6653,#6654,#6655,#6656,#6657,#6658,#6659,#6660,#6661,#6662,
    #6663,#6664,#6665,#6666,#6667,#6668,#6669,#6670,#6671,#6672,#6673,
    #6674,#6675,#6676,#6677,#6678,#6679,#6680,#6681,#6682,#6683,#6684,
    #6685,#6686,#6687,#6688,#6689,#6690,#6691,#6692,#6693,#6694,#6695,
    #6696,#6697,#6698,#6699,#6700,#6701,#6702,#6703,#6704,#6705,#6706,
    #6707,#6708,#6709,#6710,#6711,#6712,#6713,#6714,#6715,#6716,#6717,
    #6718,#6719,#6720,#6721,#6722,#6723,#6724,#6725,#6726,#6727,#6728,
    #6729,#6730,#6731,#6732,#6733,#6734,#6735,#6736,#6737,#6738,#6739,
    #6740,#6741,#6742,#6743,#6744,#6745,#6746,#6747,#6748,#6749,#6750,
    #6751,#6752,#6753,#6754,#6755,#6756,#6757,#6758,#6759,#6760,#6761,
    #6762,#6763,#6764,#6765,#6766,#6767,#6768,#6769,#6770,#6771,#6772,
    #6773,#6774,#6775,#6776,#6777,#6778,#6779,#6780,#6781,#6782,#6783,
    #6784,#6785,#6786,#6787,#6788,#6789,#6790,#6791,#6792,#6793,#6794,
    #6795,#6796,#6797,#6798,#6799,#6800,#6801,#6802,#6803,#6804,#6805,
    #6806,#6807,#6808,#6809,#6810,#6811,#6812,#6813,#6814,#6815,#6816,
    #6817,#6818,#6819,#6820,#6821,#6822,#6823,#6824,#6825,#6826,#6827,
    #6828,#6829,#6830,#6831,#6832,#6833,#6834,#6835,#6836,#6837,#6838,
    #6839,#6840,#6841,#6842,#6843,#6844,#6845,#6846,#6847,#6848,#6849,
    #6850,#6851,#6852,#6853,#6854,#6855,#6856,#6857,#6858,#6859,#6860,
    #6861,#6862,#6863,#6864,#6865,#6866,#6867,#6868,#6869,#6870,#6871,
    #6872,#6873,#6874,#6875,#6876,#6877,#6878,#6879,#6880,#6881,#6882,
    #6883,#6884,#6885,#6886,#6887,#6888,#6889,#6890,#6891,#6892,#6893,
    #6894,#6895,#6896,#6897,#6898,#6899,#6900,#6901,#6902,#6903,#6904,
    #6905,#6906,#6907,#6908,#6909,#6910,#6911,#6912,#6913,#6914,#6915,
    #6916,#6917,#6918,#6919,#6920,#6921,#6922,#6923,#6924,#6925,#6926,
    #6927,#6928,#6929,#6930,#6931,#6932,#6933,#6934,#6935,#6936,#6937,
    #6938,#6939,#6940,#6941,#6942,#6943,#6944,#6945,#6946,#6947,#6948,
    #6949,#6950,#6951,#6952,#6953,#6954,#6955,#6956,#6957,#6958,#6959,
    #6960,#6961,#6962,#6963,#6964,#6965,#6966,#6967,#6968,#6969,#6970,
    #6971,#6972,#6973,#6974,#6975,#6976,#6977,#6978,#6979,#6980,#6981,
    #6982,#6983,#6984,#6985,#6986,#6987,#6988,#6989,#6990,#6991,#6992,
    #6993,#6994,#6995,#6996,#6997,#6998,#6999,#7000,#7001,#7002,#7003,
    #7004,#7005,#7006,#7007,#7008,#7009,#7010,#7011,#7012,#7013,#7014,
    #7015,#7016,#7017,#7018,#7019,#7020,#7021,#7022,#7023,#7024,#7025,
    #7026,#7027,#7028,#7029,#7030,#7031,#7032,#7033,#7034,#7035,#7036,
    #7037,#7038,#7039,#7040,#7041,#7042,#7043,#7044,#7045,#7046,#7047,
    #7048,#7049,#7050,#7051,#7052,#7053,#7054,#7055,#7056,#7057,#7058,
    #7059,#7060,#7061,#7062,#7063,#7064,#7065,#7066,#7067,#7068,#7069,
    #7070,#7071,#7072,#7073,#7074,#7075,#7076,#7077,#7078,#7079,#7080,
    #7081,#7082,#7083,#7084,#7085,#7086,#7087,#7088,#7089,#7090,#7091,
    #7092,#7093,#7094,#7095,#7096,#7097,#7098,#7099,#7100,#7101,#7102,
    #7103,#7104,#7105,#7106,#7107,#7108,#7109,#7110,#7111,#7112,#7113,
    #7114,#7115,#7116,#7117,#7118,#7119,#7120,#7121,#7122,#7123,#7124,
    #7125,#7126,#7127,#7128,#7129,#7130,#7131,#7132,#7133,#7134,#7135,
    #7136,#7137,#7138,#7139,#7140,#7141,#7142,#7143,#7144,#7145,#7146,
    #7147,#7148,#7149,#7150,#7151,#7152,#7153,#7154,#7155,#7156,#7157,
    #7158,#7159,#7160,#7161,#7162,#7163,#7164,#7165,#7166,#7167,#7168,
    #7169,#7170,#7171,#7172,#7173,#7174,#7175,#7176,#7177,#7178,#7179,
    #7180,#7181,#7182,#7183,#7184,#7185,#7186,#7187,#7188,#7189,#7190,
    #7191,#7192,#7193,#7194,#7195,#7196,#7197,#7198,#7199,#7200,#7201,
    #7202,#7203,#7204,#7205,#7206,#7207,#7208,#7209,#7210,#7211,#7212,
    #7213,#7214,#7215,#7216,#7217,#7218,#7219,#7220,#7221,#7222,#7223,
    #7224,#7225,#7226,#7227,#7228,#7229,#7230,#7231,#7232,#7233,#7234,
    #7235,#7236,#7237,#7238,#7239,#7240,#7241,#7242,#7243,#7244,#7245,
    #7246,#7247,#7248,#7249,#7250,#7251,#7252,#7253,#7254,#7255,#7256,
    #7257,#7258,#7259,#7260,#7261,#7262,#7263,#7264,#7265,#7266,#7267,
    #7268,#7269,#7270,#7271,#7272,#7273,#7274,#7275,#7276,#7277,#7278,
    #7279,#7280,#7281,#7282,#7283,#7284,#7285,#7286,#7287,#7288,#7289,
    #7290,#7291,#7292,#7293,#7294,#7295,#7296,#7297,#7298,#7299,#7300,
    #7301,#7302,#7303,#7304,#7305,#7306,#7307,#7308,#7309,#7310,#7311,
    #7312,#7313,#7314,#7315,#7316,#7317,#7318,#7319,#7320,#7321,#7322,
    #7323,#7324,#7325,#7326,#7327,#7328,#7329,#7330,#7331,#7332,#7333,
    #7334,#7335,#7336,#7337,#7338,#7339,#7340,#7341,#7342,#7343,#7344,
    #7345,#7346,#7347,#7348,#7349,#7350,#7351,#7352,#7353,#7354,#7355,
    #7356,#7357,#7358,#7359,#7360,#7361),.UNSPECIFIED.,.T.,.F.,(9,7,7,7,
    7,7,7,7,7,7,7,7,7,7,7,7,7,7,7,7,7,7,7,7,7,7,7,7,7,7,7,7,7,7,7,7,7,7,
    7,7,7,7,7,7,7,7,7,7,7,7,7,7,7,7,7,7,7,7,7,7,7,7,7,7,7,7,7,7,7,7,7,7,
    7,7,7,7,7,7,7,7,7,7,7,7,7,7,7,7,7,7,7,7,7,7,7,7,7,7,7,7,7,7,7,7,7,9)
  ,(0.,2.585563898404E-04,5.266174359606E-04,6.522571671076E-03,
    1.428140419735E-02,2.661881815357E-02,3.894612961984E-02,
    4.568059994725E-02,5.915033272466E-02,6.925295758497E-02,
    7.71105536954E-02,8.833602519878E-02,0.100685091033,0.108543587578,
    0.117524727676,0.129873817934,0.14222286278,0.151203944752,
    0.157939553395,0.169165304439,0.180391082723,0.190494271157,
    0.205087873273,0.212946284836,0.220805038406,0.233154599622,
    0.245504211753,0.262345372394,0.270204203212,0.283676353251,
    0.293778647924,0.301635684465,0.313980737771,0.327447801795,
    0.340914792801,0.351014029611,0.358868612035,0.371210975264,
    0.384674622688,0.391406328645,0.402625611059,0.413844891017,
    0.435161427118,0.457600019634,0.468819538582,0.48116102778,
    0.492380538722,0.500234237405,0.51369769741,0.527161170021,
    0.535014247682,0.547353835629,0.559395644038,0.561352616001,
    0.561474277881,0.566701264326,0.572028259206,0.580756664462,
    0.590377052406,0.599119743499,0.605240930343,0.615736932315,
    0.626231910863,0.63235394386,0.641974293249,0.652469242672,
    0.67083538137,0.679581136264,0.693574392478,0.700571053293,
    0.707567716739,0.712815214323,0.723310117021,0.731181326751,
    0.737303893115,0.74605084133,0.755672396625,0.765294135461,
    0.780165872558,0.7871656752,0.795040681732,0.802040677941,
    0.809040673043,0.818665667166,0.82829064968,0.836165572018,
    0.847539838856,0.859788773356,0.86678803866,0.878161772727,
    0.883411164801,0.889535469547,0.894784872982,0.903533865614,
    0.912282865501,0.919282088996,0.925406287908,0.935904585613,
    0.943777748954,0.94990130162,0.959524011444,0.970021522536,
    0.977019863345,0.982268659844,0.991016763424,1.),.UNSPECIFIED.);
#6625 = CARTESIAN_POINT('',(105.5,46.,52.181764705882));
#6626 = CARTESIAN_POINT('',(105.5,45.999786973164,52.176494738673));
#6627 = CARTESIAN_POINT('',(105.5,45.999550351693,52.171491965114));
#6628 = CARTESIAN_POINT('',(105.5,45.999285821742,52.166872083943));
#6629 = CARTESIAN_POINT('',(105.5,45.998991614225,52.162891010139));
#6630 = CARTESIAN_POINT('',(105.5,45.998668084487,52.159827130339));
#6631 = CARTESIAN_POINT('',(105.5,45.998317836137,52.157891989433));
#6632 = CARTESIAN_POINT('',(105.5,45.997946389065,52.157169408327));
#6633 = CARTESIAN_POINT('',(105.5,45.997166315015,52.158011862473));
#6634 = CARTESIAN_POINT('',(105.5,45.996763304327,52.159691832105));
#6635 = CARTESIAN_POINT('',(105.5,45.996361374023,52.162383954465));
#6636 = CARTESIAN_POINT('',(105.5,45.995965659276,52.165877726046));
#6637 = CARTESIAN_POINT('',(105.5,45.995579415973,52.169991127145));
#6638 = CARTESIAN_POINT('',(105.5,45.995204020711,52.174570621865));
#6639 = CARTESIAN_POINT('',(105.5,45.994838970799,52.179491158114));
#6640 = CARTESIAN_POINT('',(105.5,45.986494619479,52.300186420775));
#6641 = CARTESIAN_POINT('',(105.5,45.981864369543,52.513828923724));
#6642 = CARTESIAN_POINT('',(105.5,45.971544708293,52.652517013531));
#6643 = CARTESIAN_POINT('',(105.5,45.959508217823,52.806647158912));
#6644 = CARTESIAN_POINT('',(105.5,45.942962223978,52.960376713443));
#6645 = CARTESIAN_POINT('',(105.5,45.918114600612,53.061572196573));
#6646 = CARTESIAN_POINT('',(105.5,45.889291640868,53.162804891853));
#6647 = CARTESIAN_POINT('',(105.5,45.82028400247,53.396761148075));
#6648 = CARTESIAN_POINT('',(105.5,45.780190782792,53.543252285611));
#6649 = CARTESIAN_POINT('',(105.5,45.739111479639,53.699973704324));
#6650 = CARTESIAN_POINT('',(105.5,45.697065870171,53.863285301113));
#6651 = CARTESIAN_POINT('',(105.5,45.653912363767,54.030197129864));
#6652 = CARTESIAN_POINT('',(105.5,45.609348002031,54.198369401446));
#6653 = CARTESIAN_POINT('',(105.5,45.562908458787,54.366112483718));
#6654 = CARTESIAN_POINT('',(105.5,45.436147285127,54.796781875354));
#6655 = CARTESIAN_POINT('',(105.5,45.35211673315,55.05566273439));
#6656 = CARTESIAN_POINT('',(105.5,45.260534580656,55.304738564435));
#6657 = CARTESIAN_POINT('',(105.5,45.163122014449,55.549789699556));
#6658 = CARTESIAN_POINT('',(105.5,45.059800821588,55.790393943658));
#6659 = CARTESIAN_POINT('',(105.5,44.950570652064,56.025841521754));
#6660 = CARTESIAN_POINT('',(105.5,44.837535826562,56.261914812909));
#6661 = CARTESIAN_POINT('',(105.5,44.603543178395,56.732310350233));
#6662 = CARTESIAN_POINT('',(105.5,44.482558722233,56.966716747543));
#6663 = CARTESIAN_POINT('',(105.5,44.357560032404,57.200068094561));
#6664 = CARTESIAN_POINT('',(105.5,44.228502927431,57.431861995112));
#6665 = CARTESIAN_POINT('',(105.5,44.095383747353,57.661771687139));
#6666 = CARTESIAN_POINT('',(105.5,43.958167092788,57.889413145616));
#6667 = CARTESIAN_POINT('',(105.5,43.816735234716,58.114183551631));
#6668 = CARTESIAN_POINT('',(105.5,43.591476366526,58.456859950897));
#6669 = CARTESIAN_POINT('',(105.5,43.510680322027,58.576926137296));
#6670 = CARTESIAN_POINT('',(105.5,43.428680074726,58.695997700081));
#6671 = CARTESIAN_POINT('',(105.5,43.345484183908,58.814080373164));
#6672 = CARTESIAN_POINT('',(105.5,43.261101208856,58.931179890456));
#6673 = CARTESIAN_POINT('',(105.5,43.175539708853,59.047301985865));
#6674 = CARTESIAN_POINT('',(105.5,43.088808243184,59.162452393304));
#6675 = CARTESIAN_POINT('',(105.5,42.825119288883,59.505019184054));
#6676 = CARTESIAN_POINT('',(105.5,42.644697248173,59.729479072227));
#6677 = CARTESIAN_POINT('',(105.5,42.459736716771,59.95028360718));
#6678 = CARTESIAN_POINT('',(105.5,42.270111739777,60.166906081075));
#6679 = CARTESIAN_POINT('',(105.5,42.076235490915,60.380514594438));
#6680 = CARTESIAN_POINT('',(105.5,41.877887435686,60.589921221089));
#6681 = CARTESIAN_POINT('',(105.5,41.675259457469,60.795393587534));
#6682 = CARTESIAN_POINT('',(105.5,41.313327591336,61.147529903789));
#6683 = CARTESIAN_POINT('',(105.5,41.155842733722,61.296072986403));
#6684 = CARTESIAN_POINT('',(105.5,40.996025498598,61.442172120697));
#6685 = CARTESIAN_POINT('',(105.5,40.833907991927,61.585752942843));
#6686 = CARTESIAN_POINT('',(105.5,40.669520807919,61.726738965225));
#6687 = CARTESIAN_POINT('',(105.5,40.502895380611,61.865055126329));
#6688 = CARTESIAN_POINT('',(105.5,40.334066335434,62.000631340626));
#6689 = CARTESIAN_POINT('',(105.5,40.03007969527,62.236675252483));
#6690 = CARTESIAN_POINT('',(105.5,39.89577906147,62.338253339779));
#6691 = CARTESIAN_POINT('',(105.5,39.760194623337,62.438117471168));
#6692 = CARTESIAN_POINT('',(105.5,39.623349064816,62.53624480747));
#6693 = CARTESIAN_POINT('',(105.5,39.485265069852,62.632612509506));
#6694 = CARTESIAN_POINT('',(105.5,39.34596532239,62.727197738094));
#6695 = CARTESIAN_POINT('',(105.5,39.205472506376,62.819977654054));
#6696 = CARTESIAN_POINT('',(105.5,38.861427279583,63.040864378254));
#6697 = CARTESIAN_POINT('',(105.5,38.656651091573,63.167067589186));
#6698 = CARTESIAN_POINT('',(105.5,38.449557198754,63.289480469857));
#6699 = CARTESIAN_POINT('',(105.5,38.240207144344,63.408026287424));
#6700 = CARTESIAN_POINT('',(105.5,38.028664181893,63.522630090528));
#6701 = CARTESIAN_POINT('',(105.5,37.815002863202,63.63322920529));
#6702 = CARTESIAN_POINT('',(105.5,37.599311590009,63.73977429411));
#6703 = CARTESIAN_POINT('',(105.5,37.142282021569,63.954921885646));
#6704 = CARTESIAN_POINT('',(105.5,36.900528382838,64.062662461422));
#6705 = CARTESIAN_POINT('',(105.5,36.656547050863,64.165373175758));
#6706 = CARTESIAN_POINT('',(105.5,36.410457863256,64.262984499793));
#6707 = CARTESIAN_POINT('',(105.5,36.162380657628,64.355426904666));
#6708 = CARTESIAN_POINT('',(105.5,35.912435271594,64.442630861517));
#6709 = CARTESIAN_POINT('',(105.5,35.660741542763,64.524526841485));
#6710 = CARTESIAN_POINT('',(105.5,35.246214248612,64.649738890859));
#6711 = CARTESIAN_POINT('',(105.5,35.084348749465,64.69625207683));
#6712 = CARTESIAN_POINT('',(105.5,34.921858105719,64.740579335625));
#6713 = CARTESIAN_POINT('',(105.5,34.758777660639,64.782715247309));
#6714 = CARTESIAN_POINT('',(105.5,34.59514280634,64.822654510009));
#6715 = CARTESIAN_POINT('',(105.5,34.430988983794,64.860391939913));
#6716 = CARTESIAN_POINT('',(105.5,34.266351682823,64.895922471272));
#6717 = CARTESIAN_POINT('',(105.5,33.912597570558,64.967319658731));
#6718 = CARTESIAN_POINT('',(105.5,33.723343523251,65.002509014113));
#6719 = CARTESIAN_POINT('',(105.5,33.533557199457,65.034801500257));
#6720 = CARTESIAN_POINT('',(105.5,33.343291498449,65.064189394881));
#6721 = CARTESIAN_POINT('',(105.5,33.152599319501,65.090664975698));
#6722 = CARTESIAN_POINT('',(105.5,32.961533561884,65.114220520426));
#6723 = CARTESIAN_POINT('',(105.5,32.770147124873,65.134848306779));
#6724 = CARTESIAN_POINT('',(105.5,32.314967876399,65.176867577371));
#6725 = CARTESIAN_POINT('',(105.5,32.050938750665,65.195639078271));
#6726 = CARTESIAN_POINT('',(105.5,31.786537041144,65.208857515525));
#6727 = CARTESIAN_POINT('',(105.5,31.521894915333,65.216569018935));
#6728 = CARTESIAN_POINT('',(105.5,31.257144332703,65.218794074602));
#6729 = CARTESIAN_POINT('',(105.5,30.992417311379,65.21554727463));
#6730 = CARTESIAN_POINT('',(105.5,30.727846191315,65.206866339627));
#6731 = CARTESIAN_POINT('',(105.5,30.199280298316,65.178674839995));
#6732 = CARTESIAN_POINT('',(105.5,29.935284508813,65.159160566339));
#6733 = CARTESIAN_POINT('',(105.5,29.671701417553,65.13427585387));
#6734 = CARTESIAN_POINT('',(105.5,29.408682989152,65.104009477817));
#6735 = CARTESIAN_POINT('',(105.5,29.146355481377,65.068388159059));
#6736 = CARTESIAN_POINT('',(105.5,28.884825043591,65.027479888223));
#6737 = CARTESIAN_POINT('',(105.5,28.624200345447,64.981354004952));
#6738 = CARTESIAN_POINT('',(105.5,28.175786844504,64.892736000817));
#6739 = CARTESIAN_POINT('',(105.5,27.98752067455,64.852685811564));
#6740 = CARTESIAN_POINT('',(105.5,27.799836766055,64.809918657076));
#6741 = CARTESIAN_POINT('',(105.5,27.612778371536,64.764455017463));
#6742 = CARTESIAN_POINT('',(105.5,27.426388743513,64.71631537284));
#6743 = CARTESIAN_POINT('',(105.5,27.240711134504,64.665520203316));
#6744 = CARTESIAN_POINT('',(105.5,27.055788797028,64.612089989006));
#6745 = CARTESIAN_POINT('',(105.5,26.73357628195,64.514012891546));
#6746 = CARTESIAN_POINT('',(105.5,26.595936035517,64.470509785515));
#6747 = CARTESIAN_POINT('',(105.5,26.45876247951,64.425543961488));
#6748 = CARTESIAN_POINT('',(105.5,26.322073161981,64.379124088495));
#6749 = CARTESIAN_POINT('',(105.5,26.185884943829,64.331259435027));
#6750 = CARTESIAN_POINT('',(105.5,26.050213998804,64.281959869041));
#6751 = CARTESIAN_POINT('',(105.5,25.9150758135,64.231235857957));
#6752 = CARTESIAN_POINT('',(105.5,25.5561727396,64.092204858391));
#6753 = CARTESIAN_POINT('',(105.5,25.3333832919,64.001384177752));
#6754 = CARTESIAN_POINT('',(105.5,25.112188106634,63.906682933486));
#6755 = CARTESIAN_POINT('',(105.5,24.892658446172,63.808147632338));
#6756 = CARTESIAN_POINT('',(105.5,24.674865572887,63.705824781051));
#6757 = CARTESIAN_POINT('',(105.5,24.458880749151,63.599760886372));
#6758 = CARTESIAN_POINT('',(105.5,24.244775237335,63.490002455043));
#6759 = CARTESIAN_POINT('',(105.5,23.820464847465,63.263189257382));
#6760 = CARTESIAN_POINT('',(105.5,23.610260318883,63.146135291478));
#6761 = CARTESIAN_POINT('',(105.5,23.402080026892,63.025479200492));
#6762 = CARTESIAN_POINT('',(105.5,23.195991919156,62.901267787887));
#6763 = CARTESIAN_POINT('',(105.5,22.992062149944,62.773548318877));
#6764 = CARTESIAN_POINT('',(105.5,22.790357035204,62.642367787454));
#6765 = CARTESIAN_POINT('',(105.5,22.590943390929,62.507772687793));
#6766 = CARTESIAN_POINT('',(105.5,22.216536943362,62.245642379744));
#6767 = CARTESIAN_POINT('',(105.5,22.041096619725,62.118747473554));
#6768 = CARTESIAN_POINT('',(105.5,21.867614884846,61.989158656662));
#6769 = CARTESIAN_POINT('',(105.5,21.69614033966,61.856910014301));
#6770 = CARTESIAN_POINT('',(105.5,21.526721585105,61.722035631704));
#6771 = CARTESIAN_POINT('',(105.5,21.359407222117,61.584569594104));
#6772 = CARTESIAN_POINT('',(105.5,21.194245851633,61.444545986732));
#6773 = CARTESIAN_POINT('',(105.5,20.795897992631,61.096096020124));
#6774 = CARTESIAN_POINT('',(105.5,20.565107048833,60.884931045434));
#6775 = CARTESIAN_POINT('',(105.5,20.339063587026,60.668612823212));
#6776 = CARTESIAN_POINT('',(105.5,20.117919503993,60.447250855412));
#6777 = CARTESIAN_POINT('',(105.5,19.901828029188,60.220955494401));
#6778 = CARTESIAN_POINT('',(105.5,19.690943504475,59.989838143895));
#6779 = CARTESIAN_POINT('',(105.5,19.485421163846,59.754011459882));
#6780 = CARTESIAN_POINT('',(105.5,19.177717956867,59.384126360112));
#6781 = CARTESIAN_POINT('',(105.5,19.071619052297,59.253331553015));
#6782 = CARTESIAN_POINT('',(105.5,18.967144845468,59.121221496912));
#6783 = CARTESIAN_POINT('',(105.5,18.864319868903,58.987814026484));
#6784 = CARTESIAN_POINT('',(105.5,18.763168541625,58.853128444446));
#6785 = CARTESIAN_POINT('',(105.5,18.663715169155,58.717185521545));
#6786 = CARTESIAN_POINT('',(105.5,18.565983943513,58.580007496559));
#6787 = CARTESIAN_POINT('',(105.5,18.374009765549,58.303222633185));
#6788 = CARTESIAN_POINT('',(105.5,18.279766720852,58.163614420009));
#6789 = CARTESIAN_POINT('',(105.5,18.187294693867,58.02281619561));
#6790 = CARTESIAN_POINT('',(105.5,18.096618569333,57.880850718821));
#6791 = CARTESIAN_POINT('',(105.5,18.007763231991,57.737740748476));
#6792 = CARTESIAN_POINT('',(105.5,17.920753566581,57.593509043412));
#6793 = CARTESIAN_POINT('',(105.5,17.835614457842,57.448178362461));
#6794 = CARTESIAN_POINT('',(105.5,17.62155834599,57.071701780623));
#6795 = CARTESIAN_POINT('',(105.5,17.495431598755,56.838977720823));
#6796 = CARTESIAN_POINT('',(105.5,17.374073601238,56.603686530499));
#6797 = CARTESIAN_POINT('',(105.5,17.257587772046,56.365913306949));
#6798 = CARTESIAN_POINT('',(105.5,17.146090112814,56.125727803705));
#6799 = CARTESIAN_POINT('',(105.5,17.039661184752,55.883239626801));
#6800 = CARTESIAN_POINT('',(105.5,16.938336991687,55.638617303916));
#6801 = CARTESIAN_POINT('',(105.5,16.746098444865,55.145315093941));
#6802 = CARTESIAN_POINT('',(105.5,16.655178041919,54.896636290642));
#6803 = CARTESIAN_POINT('',(105.5,16.569531637239,54.646054348648));
#6804 = CARTESIAN_POINT('',(105.5,16.489234154476,54.393693319517));
#6805 = CARTESIAN_POINT('',(105.5,16.414360511273,54.139677255203));
#6806 = CARTESIAN_POINT('',(105.5,16.344985619265,53.88413020806));
#6807 = CARTESIAN_POINT('',(105.5,16.281184384082,53.62717623084));
#6808 = CARTESIAN_POINT('',(105.5,16.14372892289,53.016781892094));
#6809 = CARTESIAN_POINT('',(105.5,16.074930327788,52.662251132877));
#6810 = CARTESIAN_POINT('',(105.5,16.016656235831,52.305722753699));
#6811 = CARTESIAN_POINT('',(105.5,15.968926933719,51.947570900661));
#6812 = CARTESIAN_POINT('',(105.5,15.931763035357,51.588168226881));
#6813 = CARTESIAN_POINT('',(105.5,15.905185838141,51.227885908069));
#6814 = CARTESIAN_POINT('',(105.5,15.889217679257,50.867093658107));
#6815 = CARTESIAN_POINT('',(105.5,15.88139256415,50.337732008343));
#6816 = CARTESIAN_POINT('',(105.5,15.881227597355,50.169281424317));
#6817 = CARTESIAN_POINT('',(105.5,15.883374057113,50.000841251984));
#6818 = CARTESIAN_POINT('',(105.5,15.887816438051,49.832444461885));
#6819 = CARTESIAN_POINT('',(105.5,15.894537063885,49.664123735657));
#6820 = CARTESIAN_POINT('',(105.5,15.903516087423,49.495911466035));
#6821 = CARTESIAN_POINT('',(105.5,15.914731490562,49.327839756849));
#6822 = CARTESIAN_POINT('',(105.5,15.951177591948,48.872115800156));
#6823 = CARTESIAN_POINT('',(105.5,15.980703266097,48.584803551211));
#6824 = CARTESIAN_POINT('',(105.5,16.016645057647,48.298174370854));
#6825 = CARTESIAN_POINT('',(105.5,16.058860045493,48.012361177519));
#6826 = CARTESIAN_POINT('',(105.5,16.107340441848,47.727582283141));
#6827 = CARTESIAN_POINT('',(105.5,16.161838974832,47.443890673734));
#6828 = CARTESIAN_POINT('',(105.5,16.222428832487,47.161552696573));
#6829 = CARTESIAN_POINT('',(105.5,16.338689020644,46.669940233579));
#6830 = CARTESIAN_POINT('',(105.5,16.391800886867,46.460069103501));
#6831 = CARTESIAN_POINT('',(105.5,16.448133954152,46.251029341112));
#6832 = CARTESIAN_POINT('',(105.5,16.507618229425,46.042854050823));
#6833 = CARTESIAN_POINT('',(105.5,16.570183719607,45.835576337048));
#6834 = CARTESIAN_POINT('',(105.5,16.635760431622,45.629229304198));
#6835 = CARTESIAN_POINT('',(105.5,16.704278372393,45.423846056686));
#6836 = CARTESIAN_POINT('',(105.5,16.8311903173,45.060498677351));
#6837 = CARTESIAN_POINT('',(105.5,16.888449297811,44.902142130569));
#6838 = CARTESIAN_POINT('',(105.5,16.947411839288,44.744404808796));
#6839 = CARTESIAN_POINT('',(105.5,17.008045594596,44.587300850472));
#6840 = CARTESIAN_POINT('',(105.5,17.07031852056,44.430843782262));
#6841 = CARTESIAN_POINT('',(105.5,17.13419887796,44.275046519055));
#6842 = CARTESIAN_POINT('',(105.5,17.199655231536,44.119921363964));
#6843 = CARTESIAN_POINT('',(105.5,17.37192942522,43.722820227123));
#6844 = CARTESIAN_POINT('',(105.5,17.481004914321,43.481866644746));
#6845 = CARTESIAN_POINT('',(105.5,17.593760814393,43.242620363166));
#6846 = CARTESIAN_POINT('',(105.5,17.710075022543,43.00508248436));
#6847 = CARTESIAN_POINT('',(105.5,17.82982543588,42.769254110299));
#6848 = CARTESIAN_POINT('',(105.5,17.952889951511,42.535136342959));
#6849 = CARTESIAN_POINT('',(105.5,18.079146466544,42.302730284314));
#6850 = CARTESIAN_POINT('',(105.5,18.349553440568,41.820376661656));
#6851 = CARTESIAN_POINT('',(105.5,18.494298522006,41.570739335178));
#6852 = CARTESIAN_POINT('',(105.5,18.642511783588,41.323161156795));
#6853 = CARTESIAN_POINT('',(105.5,18.794123795353,41.077593006511));
#6854 = CARTESIAN_POINT('',(105.5,18.948812369352,40.834129931161));
#6855 = CARTESIAN_POINT('',(105.5,19.106578244028,40.592673147797));
#6856 = CARTESIAN_POINT('',(105.5,19.267264348153,40.353203313631));
#6857 = CARTESIAN_POINT('',(105.5,19.59426796792,39.878137045335));
#6858 = CARTESIAN_POINT('',(105.5,19.760581182922,39.642546465486));
#6859 = CARTESIAN_POINT('',(105.5,19.929588199642,39.408860411086));
#6860 = CARTESIAN_POINT('',(105.5,20.101170971431,39.177041497236));
#6861 = CARTESIAN_POINT('',(105.5,20.275211451636,38.947052339036));
#6862 = CARTESIAN_POINT('',(105.5,20.451591593606,38.718855551587));
#6863 = CARTESIAN_POINT('',(105.5,20.63019335069,38.492413749989));
#6864 = CARTESIAN_POINT('',(105.5,20.94641416554,38.099163193429));
#6865 = CARTESIAN_POINT('',(105.5,21.083114785314,37.931598163992));
#6866 = CARTESIAN_POINT('',(105.5,21.220953184705,37.76497639629));
#6867 = CARTESIAN_POINT('',(105.5,21.3598907399,37.599279986171));
#6868 = CARTESIAN_POINT('',(105.5,21.499894109603,37.434490935863));
#6869 = CARTESIAN_POINT('',(105.5,21.64093179049,37.270590899763));
#6870 = CARTESIAN_POINT('',(105.5,21.782970672682,37.107560930224));
#6871 = CARTESIAN_POINT('',(105.5,22.037190938566,36.819247546205));
#6872 = CARTESIAN_POINT('',(105.5,22.148992714396,36.693628287539));
#6873 = CARTESIAN_POINT('',(105.5,22.261362159901,36.568513998636));
#6874 = CARTESIAN_POINT('',(105.5,22.374283512286,36.443895230786));
#6875 = CARTESIAN_POINT('',(105.5,22.487741008758,36.319762535279));
#6876 = CARTESIAN_POINT('',(105.5,22.601718886523,36.196106463402));
#6877 = CARTESIAN_POINT('',(105.5,22.716201382788,36.072917566447));
#6878 = CARTESIAN_POINT('',(105.5,23.011833922103,35.757331752773));
#6879 = CARTESIAN_POINT('',(105.5,23.193700113942,35.565606903646));
#6880 = CARTESIAN_POINT('',(105.5,23.376719152227,35.374977197174));
#6881 = CARTESIAN_POINT('',(105.5,23.560821998871,35.185399860257));
#6882 = CARTESIAN_POINT('',(105.5,23.745943010337,34.996833754722));
#6883 = CARTESIAN_POINT('',(105.5,23.932039338869,34.809245879861));
#6884 = CARTESIAN_POINT('',(105.5,24.119087217453,34.62260890061));
#6885 = CARTESIAN_POINT('',(105.5,24.512053120698,34.234286246609));
#6886 = CARTESIAN_POINT('',(105.5,24.718143047373,34.032776403697));
#6887 = CARTESIAN_POINT('',(105.5,24.925249257748,33.832308544244));
#6888 = CARTESIAN_POINT('',(105.5,25.133318343954,33.632836759902));
#6889 = CARTESIAN_POINT('',(105.5,25.342296898123,33.434315142322));
#6890 = CARTESIAN_POINT('',(105.5,25.552131512386,33.236697783157));
#6891 = CARTESIAN_POINT('',(105.5,25.762768778873,33.039938774057));
#6892 = CARTESIAN_POINT('',(105.5,26.079846696316,32.746020636765));
#6893 = CARTESIAN_POINT('',(105.5,26.185726035301,32.648252154187));
#6894 = CARTESIAN_POINT('',(105.5,26.291786053943,32.550680467783));
#6895 = CARTESIAN_POINT('',(105.5,26.398020057499,32.453299578903));
#6896 = CARTESIAN_POINT('',(105.5,26.504421909211,32.356103781402));
#6897 = CARTESIAN_POINT('',(105.5,26.610986030305,32.259087661645));
#6898 = CARTESIAN_POINT('',(105.5,26.717707399992,32.162246098502));
#6899 = CARTESIAN_POINT('',(105.5,27.002701535862,31.904457805349));
#6900 = CARTESIAN_POINT('',(105.5,27.181244132115,31.743813657548));
#6901 = CARTESIAN_POINT('',(105.5,27.360186756705,31.583617555392));
#6902 = CARTESIAN_POINT('',(105.5,27.539506822111,31.423845234327));
#6903 = CARTESIAN_POINT('',(105.5,27.719181740812,31.2644724298));
#6904 = CARTESIAN_POINT('',(105.5,27.899188925288,31.105474877256));
#6905 = CARTESIAN_POINT('',(105.5,28.079505788018,30.946828312143));
#6906 = CARTESIAN_POINT('',(105.5,28.440713655387,30.630188662342));
#6907 = CARTESIAN_POINT('',(105.5,28.621604949909,30.472195657876));
#6908 = CARTESIAN_POINT('',(105.5,28.802760094806,30.314504634791));
#6909 = CARTESIAN_POINT('',(105.5,28.984157556566,30.157092178394));
#6910 = CARTESIAN_POINT('',(105.5,29.165774895462,29.99993413386));
#6911 = CARTESIAN_POINT('',(105.5,29.347588323933,29.843005278549));
#6912 = CARTESIAN_POINT('',(105.5,29.52957472628,29.686280813791));
#6913 = CARTESIAN_POINT('',(105.5,30.057783269577,29.232312851548));
#6914 = CARTESIAN_POINT('',(105.5,30.404412300492,28.935544504873));
#6915 = CARTESIAN_POINT('',(105.5,30.751470218234,28.63927929226));
#6916 = CARTESIAN_POINT('',(105.5,31.098824185541,28.343361712805));
#6917 = CARTESIAN_POINT('',(105.5,31.446341542082,28.047636108563));
#6918 = CARTESIAN_POINT('',(105.5,31.793889804457,27.751946664547));
#6919 = CARTESIAN_POINT('',(105.5,32.141336666198,27.456137408726));
#6920 = CARTESIAN_POINT('',(105.5,32.85403988912,26.848381730126));
#6921 = CARTESIAN_POINT('',(105.5,33.219270011163,26.536406051546));
#6922 = CARTESIAN_POINT('',(105.5,33.584081430495,26.223939911111));
#6923 = CARTESIAN_POINT('',(105.5,33.94831445991,25.910798897123));
#6924 = CARTESIAN_POINT('',(105.5,34.311808565567,25.596799416872));
#6925 = CARTESIAN_POINT('',(105.5,34.674402274146,25.281758662162));
#6926 = CARTESIAN_POINT('',(105.5,35.035933080012,24.965494574826));
#6927 = CARTESIAN_POINT('',(105.5,35.576393064355,24.488988278288));
#6928 = CARTESIAN_POINT('',(105.5,35.756242768816,24.329798095054));
#6929 = CARTESIAN_POINT('',(105.5,35.935761472195,24.170231167327));
#6930 = CARTESIAN_POINT('',(105.5,36.114924180924,24.01026339989));
#6931 = CARTESIAN_POINT('',(105.5,36.293705901439,23.849870697526));
#6932 = CARTESIAN_POINT('',(105.5,36.472081640174,23.68902896502));
#6933 = CARTESIAN_POINT('',(105.5,36.650026403565,23.527714107155));
#6934 = CARTESIAN_POINT('',(105.5,37.022753162349,23.187908477701));
#6935 = CARTESIAN_POINT('',(105.5,37.217437945162,23.009313137346));
#6936 = CARTESIAN_POINT('',(105.5,37.411541169702,22.830086750664));
#6937 = CARTESIAN_POINT('',(105.5,37.605022349549,22.650191117592));
#6938 = CARTESIAN_POINT('',(105.5,37.797851115357,22.469596329688));
#6939 = CARTESIAN_POINT('',(105.5,37.99000117692,22.288276361708));
#6940 = CARTESIAN_POINT('',(105.5,38.181434438124,22.106196570181));
#6941 = CARTESIAN_POINT('',(105.5,38.545419886518,21.757043450249));
#6942 = CARTESIAN_POINT('',(105.5,38.7181074334,21.590113003254));
#6943 = CARTESIAN_POINT('',(105.5,38.890120243865,21.422484335977));
#6944 = CARTESIAN_POINT('',(105.5,39.061422238798,21.254126476357));
#6945 = CARTESIAN_POINT('',(105.5,39.231977339084,21.085008452332));
#6946 = CARTESIAN_POINT('',(105.5,39.401749465609,20.915099291842));
#6947 = CARTESIAN_POINT('',(105.5,39.570702539257,20.744368022826));
#6948 = CARTESIAN_POINT('',(105.5,39.856469654711,20.452674001118));
#6949 = CARTESIAN_POINT('',(105.5,39.973717023704,20.332147820492));
#6950 = CARTESIAN_POINT('',(105.5,40.090534200593,20.211192732011));
#6951 = CARTESIAN_POINT('',(105.5,40.206910345896,20.089797347066));
#6952 = CARTESIAN_POINT('',(105.5,40.322832167954,19.967951287776));
#6953 = CARTESIAN_POINT('',(105.5,40.438283922928,19.845645186983));
#6954 = CARTESIAN_POINT('',(105.5,40.553247414804,19.72287068826));
#6955 = CARTESIAN_POINT('',(105.5,40.863909506063,19.388334684157));
#6956 = CARTESIAN_POINT('',(105.5,41.058620713524,19.175651180763));
#6957 = CARTESIAN_POINT('',(105.5,41.251738253556,18.961529922018));
#6958 = CARTESIAN_POINT('',(105.5,41.443164761946,18.745930894221));
#6959 = CARTESIAN_POINT('',(105.5,41.632802874484,18.528814083668));
#6960 = CARTESIAN_POINT('',(105.5,41.820555226958,18.310139476656));
#6961 = CARTESIAN_POINT('',(105.5,42.006324455155,18.089867059484));
#6962 = CARTESIAN_POINT('',(105.5,42.373702106538,17.646046369664));
#6963 = CARTESIAN_POINT('',(105.5,42.555316568205,17.422511145244));
#6964 = CARTESIAN_POINT('',(105.5,42.734709840104,17.19721847869));
#6965 = CARTESIAN_POINT('',(105.5,42.911664785438,16.969949716109));
#6966 = CARTESIAN_POINT('',(105.5,43.086058214054,16.740600395865));
#6967 = CARTESIAN_POINT('',(105.5,43.257678857836,16.508958508993));
#6968 = CARTESIAN_POINT('',(105.5,43.42637321358,16.274883248795));
#6969 = CARTESIAN_POINT('',(105.5,43.688548625946,15.900148483117));
#6970 = CARTESIAN_POINT('',(105.5,43.784096309221,15.761153107275));
#6971 = CARTESIAN_POINT('',(105.5,43.878552192133,15.621254939816));
#6972 = CARTESIAN_POINT('',(105.5,43.971861651482,15.480504037324));
#6973 = CARTESIAN_POINT('',(105.5,44.063968757981,15.338961280703));
#6974 = CARTESIAN_POINT('',(105.5,44.154816276262,15.196698375176));
#6975 = CARTESIAN_POINT('',(105.5,44.244345664869,15.053797850288));
#6976 = CARTESIAN_POINT('',(105.5,44.471009916769,14.684957401935));
#6977 = CARTESIAN_POINT('',(105.5,44.606382468326,14.458322833496));
#6978 = CARTESIAN_POINT('',(105.5,44.737290258639,14.229465652512));
#6979 = CARTESIAN_POINT('',(105.5,44.86530455727,14.001860159984));
#6980 = CARTESIAN_POINT('',(105.5,44.989523852632,13.774091080736));
#6981 = CARTESIAN_POINT('',(105.5,45.108274819062,13.542486827158));
#6982 = CARTESIAN_POINT('',(105.5,45.221744699192,13.30565430483));
#6983 = CARTESIAN_POINT('',(105.5,45.434471241944,12.821925581258));
#6984 = CARTESIAN_POINT('',(105.5,45.537326402566,12.554333773064));
#6985 = CARTESIAN_POINT('',(105.5,45.644052297855,12.305990167961));
#6986 = CARTESIAN_POINT('',(105.5,45.717656478418,12.01889054845));
#6987 = CARTESIAN_POINT('',(105.5,45.789171542858,11.759417553869));
#6988 = CARTESIAN_POINT('',(105.5,45.881152481639,11.583610860089));
#6989 = CARTESIAN_POINT('',(105.5,45.940003827589,11.383517434432));
#6990 = CARTESIAN_POINT('',(105.5,45.97902077066,11.008298388863));
#6991 = CARTESIAN_POINT('',(105.5,45.982381354573,10.974440568581));
#6992 = CARTESIAN_POINT('',(105.5,45.984731837694,10.942798331224));
#6993 = CARTESIAN_POINT('',(105.5,45.986875331143,10.90450068936));
#6994 = CARTESIAN_POINT('',(105.5,45.989334333587,10.85818634538));
#6995 = CARTESIAN_POINT('',(105.5,45.992350731238,10.810003691491));
#6996 = CARTESIAN_POINT('',(105.5,45.995885797851,10.773610809721));
#6997 = CARTESIAN_POINT('',(105.5,45.99985235633,10.769961902348));
#6998 = CARTESIAN_POINT('',(105.5,46.000085110627,10.769893962016));
#6999 = CARTESIAN_POINT('',(105.5,46.000317978318,10.769982233867));
#7000 = CARTESIAN_POINT('',(105.5,46.000550436671,10.770222309533));
#7001 = CARTESIAN_POINT('',(105.5,46.000781935334,10.770605761329));
#7002 = CARTESIAN_POINT('',(105.5,46.001011940993,10.771125476952));
#7003 = CARTESIAN_POINT('',(105.5,46.001240010887,10.771775356865));
#7004 = CARTESIAN_POINT('',(105.5,46.011170612175,10.805583844477));
#7005 = CARTESIAN_POINT('',(105.5,46.015080033769,11.004113025401));
#7006 = CARTESIAN_POINT('',(105.5,46.028461595133,11.161758594297));
#7007 = CARTESIAN_POINT('',(105.5,46.050126479828,11.271499768824));
#7008 = CARTESIAN_POINT('',(105.5,46.074220573347,11.370008708149));
#7009 = CARTESIAN_POINT('',(105.5,46.097821443079,11.464476048305));
#7010 = CARTESIAN_POINT('',(105.5,46.124341344691,11.541921571916));
#7011 = CARTESIAN_POINT('',(105.5,46.201865778689,11.782336600586));
#7012 = CARTESIAN_POINT('',(105.5,46.243566567294,11.911941349878));
#7013 = CARTESIAN_POINT('',(105.5,46.287742017235,12.04783845735));
#7014 = CARTESIAN_POINT('',(105.5,46.334291530203,12.188075455146));
#7015 = CARTESIAN_POINT('',(105.5,46.383110513099,12.330713210367));
#7016 = CARTESIAN_POINT('',(105.5,46.434090378023,12.473825925068));
#7017 = CARTESIAN_POINT('',(105.5,46.487118542284,12.615501136255));
#7018 = CARTESIAN_POINT('',(105.5,46.632131482617,12.980510702582));
#7019 = CARTESIAN_POINT('',(105.5,46.728394260462,13.201987404628));
#7020 = CARTESIAN_POINT('',(105.5,46.83022004066,13.419146618466));
#7021 = CARTESIAN_POINT('',(105.5,46.937246674632,13.632337484091));
#7022 = CARTESIAN_POINT('',(105.5,47.048785248961,13.842471720946));
#7023 = CARTESIAN_POINT('',(105.5,47.163780104287,14.051092149097));
#7024 = CARTESIAN_POINT('',(105.5,47.281340210612,14.259419495705));
#7025 = CARTESIAN_POINT('',(105.5,47.534658027096,14.694485154127));
#7026 = CARTESIAN_POINT('',(105.5,47.670956551321,14.921185668701));
#7027 = CARTESIAN_POINT('',(105.5,47.810565685656,15.146271487517));
#7028 = CARTESIAN_POINT('',(105.5,47.953325060604,15.369686142149));
#7029 = CARTESIAN_POINT('',(105.5,48.099082971407,15.591264711011));
#7030 = CARTESIAN_POINT('',(105.5,48.247712227934,15.810738593679));
#7031 = CARTESIAN_POINT('',(105.5,48.39910059487,16.027947624321));
#7032 = CARTESIAN_POINT('',(105.5,48.692995770905,16.438819144657));
#7033 = CARTESIAN_POINT('',(105.5,48.834997189784,16.632701518414));
#7034 = CARTESIAN_POINT('',(105.5,48.978975962764,16.824945191569));
#7035 = CARTESIAN_POINT('',(105.5,49.124831985128,17.015645673125));
#7036 = CARTESIAN_POINT('',(105.5,49.272465152157,17.20489847208));
#7037 = CARTESIAN_POINT('',(105.5,49.421775359134,17.392799097437));
#7038 = CARTESIAN_POINT('',(105.5,49.57266250134,17.579443058195));
#7039 = CARTESIAN_POINT('',(105.5,49.831703964481,17.894791472779));
#7040 = CARTESIAN_POINT('',(105.5,49.93909508,18.024085040726));
#7041 = CARTESIAN_POINT('',(105.5,50.047179810283,18.152815495099));
#7042 = CARTESIAN_POINT('',(105.5,50.155938508695,18.280991686356));
#7043 = CARTESIAN_POINT('',(105.5,50.265351892297,18.4086223875));
#7044 = CARTESIAN_POINT('',(105.5,50.375401041846,18.535716294088));
#7045 = CARTESIAN_POINT('',(105.5,50.486067401795,18.662282024226));
#7046 = CARTESIAN_POINT('',(105.5,50.788119577327,19.004459416038));
#7047 = CARTESIAN_POINT('',(105.5,50.980665038824,19.219063236976));
#7048 = CARTESIAN_POINT('',(105.5,51.17488710587,19.432185826474));
#7049 = CARTESIAN_POINT('',(105.5,51.370651454767,19.643870625949));
#7050 = CARTESIAN_POINT('',(105.5,51.567962500277,19.854170598088));
#7051 = CARTESIAN_POINT('',(105.5,51.766590808098,20.063125315612));
#7052 = CARTESIAN_POINT('',(105.5,51.966567587219,20.270789468638));
#7053 = CARTESIAN_POINT('',(105.5,52.369014460443,20.683616202146));
#7054 = CARTESIAN_POINT('',(105.5,52.571481153401,20.888772460507));
#7055 = CARTESIAN_POINT('',(105.5,52.775138568717,21.092735193955));
#7056 = CARTESIAN_POINT('',(105.5,52.979924361681,21.295557922212));
#7057 = CARTESIAN_POINT('',(105.5,53.185776187581,21.497294164999));
#7058 = CARTESIAN_POINT('',(105.5,53.392631701709,21.697997442037));
#7059 = CARTESIAN_POINT('',(105.5,53.600428559353,21.897721273048));
#7060 = CARTESIAN_POINT('',(105.5,53.930831246689,22.21248390572));
#7061 = CARTESIAN_POINT('',(105.5,54.052856099684,22.328134931877));
#7062 = CARTESIAN_POINT('',(105.5,54.175168573555,22.443481496256));
#7063 = CARTESIAN_POINT('',(105.5,54.297758796629,22.558532492948));
#7064 = CARTESIAN_POINT('',(105.5,54.420617426797,22.673296470105));
#7065 = CARTESIAN_POINT('',(105.5,54.543735651516,22.787781629941));
#7066 = CARTESIAN_POINT('',(105.5,54.667105187805,22.901995828728));
#7067 = CARTESIAN_POINT('',(105.5,54.984967669349,23.195012258094));
#7068 = CARTESIAN_POINT('',(105.5,55.179817687606,23.373429151661));
#7069 = CARTESIAN_POINT('',(105.5,55.375235070578,23.551229328233));
#7070 = CARTESIAN_POINT('',(105.5,55.571186551832,23.728444858542));
#7071 = CARTESIAN_POINT('',(105.5,55.767638864931,23.905107813323));
#7072 = CARTESIAN_POINT('',(105.5,55.964558743439,24.081250263307));
#7073 = CARTESIAN_POINT('',(105.5,56.161912920922,24.256904279229));
#7074 = CARTESIAN_POINT('',(105.5,56.57540155635,24.623227059259));
#7075 = CARTESIAN_POINT('',(105.5,56.79161191137,24.813807355579));
#7076 = CARTESIAN_POINT('',(105.5,57.00825088649,25.00388948518));
#7077 = CARTESIAN_POINT('',(105.5,57.225290879924,25.193508968201));
#7078 = CARTESIAN_POINT('',(105.5,57.442697050986,25.382705490482));
#7079 = CARTESIAN_POINT('',(105.5,57.660431305513,25.571520698054));
#7080 = CARTESIAN_POINT('',(105.5,57.878462094317,25.759992816226));
#7081 = CARTESIAN_POINT('',(105.5,58.478764101438,26.277458854675));
#7082 = CARTESIAN_POINT('',(105.5,58.861573292004,26.605827249945));
#7083 = CARTESIAN_POINT('',(105.5,59.244992891253,26.933482566692));
#7084 = CARTESIAN_POINT('',(105.5,59.628851473753,27.260629446208));
#7085 = CARTESIAN_POINT('',(105.5,60.012930373572,27.587502883308));
#7086 = CARTESIAN_POINT('',(105.5,60.397090241582,27.914288135387));
#7087 = CARTESIAN_POINT('',(105.5,60.781131387558,28.241209230022));
#7088 = CARTESIAN_POINT('',(105.5,61.347619736705,28.724312526367));
#7089 = CARTESIAN_POINT('',(105.5,61.530291420226,28.880229724181));
#7090 = CARTESIAN_POINT('',(105.5,61.712877572911,29.036247490692));
#7091 = CARTESIAN_POINT('',(105.5,61.895358945666,29.192388553324));
#7092 = CARTESIAN_POINT('',(105.5,62.077716347423,29.34867559581));
#7093 = CARTESIAN_POINT('',(105.5,62.259930554986,29.505131323897));
#7094 = CARTESIAN_POINT('',(105.5,62.441982222872,29.661778531048));
#7095 = CARTESIAN_POINT('',(105.5,62.914844111755,30.069619644933));
#7096 = CARTESIAN_POINT('',(105.5,63.205366565502,30.321147070926));
#7097 = CARTESIAN_POINT('',(105.5,63.495328222804,30.573323220085));
#7098 = CARTESIAN_POINT('',(105.5,63.784637523418,30.826248317538));
#7099 = CARTESIAN_POINT('',(105.5,64.073202278455,31.080022035601));
#7100 = CARTESIAN_POINT('',(105.5,64.360929670378,31.334743493775));
#7101 = CARTESIAN_POINT('',(105.5,64.647726253002,31.590511258745));
#7102 = CARTESIAN_POINT('',(105.5,65.076384468689,31.975879987694));
#7103 = CARTESIAN_POINT('',(105.5,65.219013812322,32.104623192186));
#7104 = CARTESIAN_POINT('',(105.5,65.361376776795,32.233664945556));
#7105 = CARTESIAN_POINT('',(105.5,65.50346250127,32.363017616571));
#7106 = CARTESIAN_POINT('',(105.5,65.645258469665,32.49269395507));
#7107 = CARTESIAN_POINT('',(105.5,65.786750510661,32.622707091964));
#7108 = CARTESIAN_POINT('',(105.5,65.927922797692,32.753070539234));
#7109 = CARTESIAN_POINT('',(105.5,66.209592953195,33.0145258898));
#7110 = CARTESIAN_POINT('',(105.5,66.350091444727,33.145617782447));
#7111 = CARTESIAN_POINT('',(105.5,66.490237498998,33.277087470343));
#7112 = CARTESIAN_POINT('',(105.5,66.630015291453,33.408948555963));
#7113 = CARTESIAN_POINT('',(105.5,66.76940899754,33.54121464178));
#7114 = CARTESIAN_POINT('',(105.5,66.908402792703,33.673899330268));
#7115 = CARTESIAN_POINT('',(105.5,67.046980852391,33.807016223899));
#7116 = CARTESIAN_POINT('',(105.5,67.28873722679,34.040750951085));
#7117 = CARTESIAN_POINT('',(105.5,67.392104349016,34.141173743807));
#7118 = CARTESIAN_POINT('',(105.5,67.495222042741,34.241853041858));
#7119 = CARTESIAN_POINT('',(105.5,67.598083631982,34.342794583781));
#7120 = CARTESIAN_POINT('',(105.5,67.700682440755,34.444004108119));
#7121 = CARTESIAN_POINT('',(105.5,67.803011793076,34.545487353416));
#7122 = CARTESIAN_POINT('',(105.5,67.905065012962,34.647250058216));
#7123 = CARTESIAN_POINT('',(105.5,68.210374453977,34.953391968476));
#7124 = CARTESIAN_POINT('',(105.5,68.412786450791,35.158630189169));
#7125 = CARTESIAN_POINT('',(105.5,68.614006077052,35.365060026429));
#7126 = CARTESIAN_POINT('',(105.5,68.814029411274,35.572701639843));
#7127 = CARTESIAN_POINT('',(105.5,69.012668780425,35.781647131863));
#7128 = CARTESIAN_POINT('',(105.5,69.209933660768,35.991909174503));
#7129 = CARTESIAN_POINT('',(105.5,69.405698464207,36.203552342197));
#7130 = CARTESIAN_POINT('',(105.5,69.745543965071,36.57641545161));
#7131 = CARTESIAN_POINT('',(105.5,69.890310467666,36.737015197939));
#7132 = CARTESIAN_POINT('',(105.5,70.034161553549,36.898435917664));
#7133 = CARTESIAN_POINT('',(105.5,70.177063721038,37.060697692737));
#7134 = CARTESIAN_POINT('',(105.5,70.318983468453,37.223820605113));
#7135 = CARTESIAN_POINT('',(105.5,70.459887294112,37.387824736745));
#7136 = CARTESIAN_POINT('',(105.5,70.599741696335,37.552730169588));
#7137 = CARTESIAN_POINT('',(105.5,70.846455612676,37.847544234157));
#7138 = CARTESIAN_POINT('',(105.5,70.953741890399,37.977086183181));
#7139 = CARTESIAN_POINT('',(105.5,71.060354802156,38.107191417668));
#7140 = CARTESIAN_POINT('',(105.5,71.166275524347,38.237868475882));
#7141 = CARTESIAN_POINT('',(105.5,71.27148361422,38.369125849349));
#7142 = CARTESIAN_POINT('',(105.5,71.375957009874,38.500971982858));
#7143 = CARTESIAN_POINT('',(105.5,71.479672030258,38.633415274459));
#7144 = CARTESIAN_POINT('',(105.5,71.729655295901,38.956543023285));
#7145 = CARTESIAN_POINT('',(105.5,71.875110954527,39.147857646225));
#7146 = CARTESIAN_POINT('',(105.5,72.018902037018,39.340429579065));
#7147 = CARTESIAN_POINT('',(105.5,72.160960229338,39.534280456586));
#7148 = CARTESIAN_POINT('',(105.5,72.301217217453,39.729431913567));
#7149 = CARTESIAN_POINT('',(105.5,72.439604687329,39.925905584789));
#7150 = CARTESIAN_POINT('',(105.5,72.576054324932,40.12372310503));
#7151 = CARTESIAN_POINT('',(105.5,72.858384308041,40.542005415498));
#7152 = CARTESIAN_POINT('',(105.5,73.003847264806,40.762760180843));
#7153 = CARTESIAN_POINT('',(105.5,73.146780216821,40.985192185678));
#7154 = CARTESIAN_POINT('',(105.5,73.287134003171,41.209353502901));
#7155 = CARTESIAN_POINT('',(105.5,73.424777504981,41.435241805283));
#7156 = CARTESIAN_POINT('',(105.5,73.559559578897,41.662839426365));
#7157 = CARTESIAN_POINT('',(105.5,73.691384241836,41.892159190476));
#7158 = CARTESIAN_POINT('',(105.5,73.948840529707,42.354205271753));
#7159 = CARTESIAN_POINT('',(105.5,74.074479717553,42.586943143456));
#7160 = CARTESIAN_POINT('',(105.5,74.196906618611,42.82139254076));
#7161 = CARTESIAN_POINT('',(105.5,74.315999129991,43.057552361691));
#7162 = CARTESIAN_POINT('',(105.5,74.431635148801,43.295421504275));
#7163 = CARTESIAN_POINT('',(105.5,74.543692572147,43.534998866537));
#7164 = CARTESIAN_POINT('',(105.5,74.652049297138,43.776283346502));
#7165 = CARTESIAN_POINT('',(105.5,74.918154955272,44.394849487153));
#7166 = CARTESIAN_POINT('',(105.5,75.070565210276,44.774441283067));
#7167 = CARTESIAN_POINT('',(105.5,75.21337140531,45.157876712897));
#7168 = CARTESIAN_POINT('',(105.5,75.346114388818,45.544965933728));
#7169 = CARTESIAN_POINT('',(105.5,75.468323202288,45.935500335592));
#7170 = CARTESIAN_POINT('',(105.5,75.579519844273,46.32925110028));
#7171 = CARTESIAN_POINT('',(105.5,75.679224034411,46.725967760166));
#7172 = CARTESIAN_POINT('',(105.5,75.808252432972,47.313369869924));
#7173 = CARTESIAN_POINT('',(105.5,75.846892109882,47.501960500502));
#7174 = CARTESIAN_POINT('',(105.5,75.882848172879,47.691104858712));
#7175 = CARTESIAN_POINT('',(105.5,75.916091528767,47.880758501151));
#7176 = CARTESIAN_POINT('',(105.5,75.946592826449,48.070876331061));
#7177 = CARTESIAN_POINT('',(105.5,75.974322456924,48.261412598323));
#7178 = CARTESIAN_POINT('',(105.5,75.999250553292,48.452320899464));
#7179 = CARTESIAN_POINT('',(105.5,76.046206204396,48.858697859854));
#7180 = CARTESIAN_POINT('',(105.5,76.067480374394,49.074250082788));
#7181 = CARTESIAN_POINT('',(105.5,76.085128268088,49.290142092487));
#7182 = CARTESIAN_POINT('',(105.5,76.099106606957,49.506305336092));
#7183 = CARTESIAN_POINT('',(105.5,76.109371302383,49.722671345125));
#7184 = CARTESIAN_POINT('',(105.5,76.115878691422,49.939171618768));
#7185 = CARTESIAN_POINT('',(105.5,76.118586772567,50.155737507134));
#7186 = CARTESIAN_POINT('',(105.5,76.116451704196,50.564799908301));
#7187 = CARTESIAN_POINT('',(105.5,76.112421045043,50.757294785686));
#7188 = CARTESIAN_POINT('',(105.5,76.105367783053,50.949727529081));
#7189 = CARTESIAN_POINT('',(105.5,76.095295237217,51.142040940864));
#7190 = CARTESIAN_POINT('',(105.5,76.082206726524,51.334177823413));
#7191 = CARTESIAN_POINT('',(105.5,76.066105569964,51.526080979106));
#7192 = CARTESIAN_POINT('',(105.5,76.046995086528,51.717693210322));
#7193 = CARTESIAN_POINT('',(105.5,76.002762107378,52.100221398323));
#7194 = CARTESIAN_POINT('',(105.5,75.977639799653,52.291137456799));
#7195 = CARTESIAN_POINT('',(105.5,75.949514722936,52.481648181887));
#7196 = CARTESIAN_POINT('',(105.5,75.918390067715,52.671696315937));
#7197 = CARTESIAN_POINT('',(105.5,75.884269164063,52.861224656627));
#7198 = CARTESIAN_POINT('',(105.5,75.847155481633,53.050176056966));
#7199 = CARTESIAN_POINT('',(105.5,75.807052629663,53.238493425291));
#7200 = CARTESIAN_POINT('',(105.5,75.704717976752,53.684105910714));
#7201 = CARTESIAN_POINT('',(105.5,75.639835460142,53.940788603986));
#7202 = CARTESIAN_POINT('',(105.5,75.569391724829,54.196043753882));
#7203 = CARTESIAN_POINT('',(105.5,75.4934616885,54.449747309202));
#7204 = CARTESIAN_POINT('',(105.5,75.412120268841,54.701775218746));
#7205 = CARTESIAN_POINT('',(105.5,75.325442383537,54.952003431316));
#7206 = CARTESIAN_POINT('',(105.5,75.233502950274,55.20030789571));
#7207 = CARTESIAN_POINT('',(105.5,75.039250940342,55.692820928745));
#7208 = CARTESIAN_POINT('',(105.5,74.936932288454,55.937026823224));
#7209 = CARTESIAN_POINT('',(105.5,74.829525153415,56.179080265738));
#7210 = CARTESIAN_POINT('',(105.5,74.717052751281,56.418803457393));
#7211 = CARTESIAN_POINT('',(105.5,74.599608371117,56.656099537726));
#7212 = CARTESIAN_POINT('',(105.5,74.477318060896,56.890908096824));
#7213 = CARTESIAN_POINT('',(105.5,74.350268012693,57.123128738419));
#7214 = CARTESIAN_POINT('',(105.5,74.110781110965,57.540496778879));
#7215 = CARTESIAN_POINT('',(105.5,73.999889941661,57.726522690754));
#7216 = CARTESIAN_POINT('',(105.5,73.885929121107,57.910711356636));
#7217 = CARTESIAN_POINT('',(105.5,73.768951538444,58.093014405801));
#7218 = CARTESIAN_POINT('',(105.5,73.649010082814,58.273383467528));
#7219 = CARTESIAN_POINT('',(105.5,73.526157643358,58.451770171094));
#7220 = CARTESIAN_POINT('',(105.5,73.400447109216,58.628126145777));
#7221 = CARTESIAN_POINT('',(105.5,73.086307657538,59.054122542102));
#7222 = CARTESIAN_POINT('',(105.5,72.894827250036,59.301511105471));
#7223 = CARTESIAN_POINT('',(105.5,72.697641652932,59.54441886055));
#7224 = CARTESIAN_POINT('',(105.5,72.494916640646,59.782774987344));
#7225 = CARTESIAN_POINT('',(105.5,72.286799402583,60.016418490035));
#7226 = CARTESIAN_POINT('',(105.5,72.073452424577,60.245270453872));
#7227 = CARTESIAN_POINT('',(105.5,71.855025826265,60.469203657334));
#7228 = CARTESIAN_POINT('',(105.5,71.391145314067,60.923856008671));
#7229 = CARTESIAN_POINT('',(105.5,71.144905843292,61.153770248786));
#7230 = CARTESIAN_POINT('',(105.5,70.893139821089,61.377726915152));
#7231 = CARTESIAN_POINT('',(105.5,70.636053718176,61.595563306363));
#7232 = CARTESIAN_POINT('',(105.5,70.373809041525,61.807181250914));
#7233 = CARTESIAN_POINT('',(105.5,70.106604253908,62.012432718197));
#7234 = CARTESIAN_POINT('',(105.5,69.834617055605,62.211196056542));
#7235 = CARTESIAN_POINT('',(105.5,69.39998579751,62.513136762117));
#7236 = CARTESIAN_POINT('',(105.5,69.240438704826,62.620771244603));
#7237 = CARTESIAN_POINT('',(105.5,69.079424354542,62.726220849139));
#7238 = CARTESIAN_POINT('',(105.5,68.916976778244,62.829461610509));
#7239 = CARTESIAN_POINT('',(105.5,68.753130126018,62.930469594684));
#7240 = CARTESIAN_POINT('',(105.5,68.587918666456,63.029220898818));
#7241 = CARTESIAN_POINT('',(105.5,68.421376786655,63.125691651252));
#7242 = CARTESIAN_POINT('',(105.5,67.98080430403,63.372877377556));
#7243 = CARTESIAN_POINT('',(105.5,67.704652959345,63.519810321704));
#7244 = CARTESIAN_POINT('',(105.5,67.425238854225,63.660556387201));
#7245 = CARTESIAN_POINT('',(105.5,67.142716839257,63.795014128195));
#7246 = CARTESIAN_POINT('',(105.5,66.857242824723,63.923081338713));
#7247 = CARTESIAN_POINT('',(105.5,66.568973885768,64.044655281625));
#7248 = CARTESIAN_POINT('',(105.5,66.278068367565,64.159632917612));
#7249 = CARTESIAN_POINT('',(105.5,65.849279349561,64.317885470464));
#7250 = CARTESIAN_POINT('',(105.5,65.713344515712,64.366432908492));
#7251 = CARTESIAN_POINT('',(105.5,65.576896218116,64.413543162432));
#7252 = CARTESIAN_POINT('',(105.5,65.43995023156,64.459206411422));
#7253 = CARTESIAN_POINT('',(105.5,65.302523376444,64.503413299518));
#7254 = CARTESIAN_POINT('',(105.5,65.164633518781,64.546154935698));
#7255 = CARTESIAN_POINT('',(105.5,65.026299570197,64.587422893859));
#7256 = CARTESIAN_POINT('',(105.5,64.725656688728,64.673626691003));
#7257 = CARTESIAN_POINT('',(105.5,64.563192921332,64.718027053083));
#7258 = CARTESIAN_POINT('',(105.5,64.400179161547,64.760396587773));
#7259 = CARTESIAN_POINT('',(105.5,64.236644385181,64.800721583782));
#7260 = CARTESIAN_POINT('',(105.5,64.072617568043,64.83898832982));
#7261 = CARTESIAN_POINT('',(105.5,63.908127685942,64.875183114597));
#7262 = CARTESIAN_POINT('',(105.5,63.743203714685,64.909292226822));
#7263 = CARTESIAN_POINT('',(105.5,63.436164003216,64.96873886194));
#7264 = CARTESIAN_POINT('',(105.5,63.294155844309,64.994633661373));
#7265 = CARTESIAN_POINT('',(105.5,63.151868235088,65.018977296648));
#7266 = CARTESIAN_POINT('',(105.5,63.00931934951,65.041760934197));
#7267 = CARTESIAN_POINT('',(105.5,62.86652745376,65.062975963739));
#7268 = CARTESIAN_POINT('',(105.5,62.723510906253,65.082613998278));
#7269 = CARTESIAN_POINT('',(105.5,62.580288157632,65.100666874108));
#7270 = CARTESIAN_POINT('',(105.5,62.197860763689,65.144559570915));
#7271 = CARTESIAN_POINT('',(105.5,61.958326564295,65.16757185158));
#7272 = CARTESIAN_POINT('',(105.5,61.718374343305,65.186144451137));
#7273 = CARTESIAN_POINT('',(105.5,61.47810329144,65.200258327924));
#7274 = CARTESIAN_POINT('',(105.5,61.237612599419,65.209894440281));
#7275 = CARTESIAN_POINT('',(105.5,60.997001457958,65.215033746545));
#7276 = CARTESIAN_POINT('',(105.5,60.756369057779,65.215657205053));
#7277 = CARTESIAN_POINT('',(105.5,60.275259921959,65.207834339992));
#7278 = CARTESIAN_POINT('',(105.5,60.034783817158,65.199382957079));
#7279 = CARTESIAN_POINT('',(105.5,59.79448477729,65.186395597653));
#7280 = CARTESIAN_POINT('',(105.5,59.554460907601,65.168821342313));
#7281 = CARTESIAN_POINT('',(105.5,59.314811690953,65.146632254887));
#7282 = CARTESIAN_POINT('',(105.5,59.075638990279,65.119849972531));
#7283 = CARTESIAN_POINT('',(105.5,58.837047279021,65.088521011042));
#7284 = CARTESIAN_POINT('',(105.5,58.408819114669,65.023936508149));
#7285 = CARTESIAN_POINT('',(105.5,58.218933692873,64.992321933031));
#7286 = CARTESIAN_POINT('',(105.5,58.029539733453,64.957804978247));
#7287 = CARTESIAN_POINT('',(105.5,57.840690135683,64.920393562007));
#7288 = CARTESIAN_POINT('',(105.5,57.652437798835,64.880095602521));
#7289 = CARTESIAN_POINT('',(105.5,57.464835622182,64.836919017997));
#7290 = CARTESIAN_POINT('',(105.5,57.277936504997,64.790871726645));
#7291 = CARTESIAN_POINT('',(105.5,56.928921318054,64.69916617675));
#7292 = CARTESIAN_POINT('',(105.5,56.766627327346,64.654177132627));
#7293 = CARTESIAN_POINT('',(105.5,56.604947014149,64.606999322093));
#7294 = CARTESIAN_POINT('',(105.5,56.443914746037,64.55764131285));
#7295 = CARTESIAN_POINT('',(105.5,56.283563618431,64.506115432512));
#7296 = CARTESIAN_POINT('',(105.5,56.123925454606,64.452437768608));
#7297 = CARTESIAN_POINT('',(105.5,55.965030805685,64.396628168579));
#7298 = CARTESIAN_POINT('',(105.5,55.535851408009,64.239425473286));
#7299 = CARTESIAN_POINT('',(105.5,55.267066606717,64.133934012728));
#7300 = CARTESIAN_POINT('',(105.5,55.00071108487,64.0223207434));
#7301 = CARTESIAN_POINT('',(105.5,54.736933263197,63.90468546219));
#7302 = CARTESIAN_POINT('',(105.5,54.475908541129,63.781081115223));
#7303 = CARTESIAN_POINT('',(105.5,54.217745707258,63.651658540057));
#7304 = CARTESIAN_POINT('',(105.5,53.962662056471,63.516414863583));
#7305 = CARTESIAN_POINT('',(105.5,53.521811289957,63.269863096686));
#7306 = CARTESIAN_POINT('',(105.5,53.334666727547,63.161024663709));
#7307 = CARTESIAN_POINT('',(105.5,53.14935417914,63.049061337028));
#7308 = CARTESIAN_POINT('',(105.5,52.965921856388,62.934025907005));
#7309 = CARTESIAN_POINT('',(105.5,52.784417970939,62.815971164002));
#7310 = CARTESIAN_POINT('',(105.5,52.604890734445,62.694949898378));
#7311 = CARTESIAN_POINT('',(105.5,52.427388358556,62.571014900495));
#7312 = CARTESIAN_POINT('',(105.5,52.115514460368,62.34560019956));
#7313 = CARTESIAN_POINT('',(105.5,51.98032158504,62.245250693162));
#7314 = CARTESIAN_POINT('',(105.5,51.846407116607,62.143194844475));
#7315 = CARTESIAN_POINT('',(105.5,51.713794835472,62.039457519186));
#7316 = CARTESIAN_POINT('',(105.5,51.582505614769,61.934064045715));
#7317 = CARTESIAN_POINT('',(105.5,51.452557420363,61.827040215212));
#7318 = CARTESIAN_POINT('',(105.5,51.323965310849,61.718412281557));
#7319 = CARTESIAN_POINT('',(105.5,50.996818536204,61.435027456714));
#7320 = CARTESIAN_POINT('',(105.5,50.800278021451,61.257952885027));
#7321 = CARTESIAN_POINT('',(105.5,50.607180068222,61.07708597664));
#7322 = CARTESIAN_POINT('',(105.5,50.417584299927,60.892528760542));
#7323 = CARTESIAN_POINT('',(105.5,50.231550531796,60.704383514591));
#7324 = CARTESIAN_POINT('',(105.5,50.049138939154,60.512752979058));
#7325 = CARTESIAN_POINT('',(105.5,49.870409650647,60.317739833487));
#7326 = CARTESIAN_POINT('',(105.5,49.504525720587,59.903124081908));
#7327 = CARTESIAN_POINT('',(105.5,49.318080306391,59.682895457147));
#7328 = CARTESIAN_POINT('',(105.5,49.136153998102,59.458881278444));
#7329 = CARTESIAN_POINT('',(105.5,48.958815269986,59.231203261635));
#7330 = CARTESIAN_POINT('',(105.5,48.786132596315,58.999983122561));
#7331 = CARTESIAN_POINT('',(105.5,48.618174451355,58.765342577058));
#7332 = CARTESIAN_POINT('',(105.5,48.455009309376,58.527403340966));
#7333 = CARTESIAN_POINT('',(105.5,48.191169866948,58.125542987712));
#7334 = CARTESIAN_POINT('',(105.5,48.08779392323,57.963387623718));
#7335 = CARTESIAN_POINT('',(105.5,47.986603618352,57.79985195411));
#7336 = CARTESIAN_POINT('',(105.5,47.887624778494,57.634966872405));
#7337 = CARTESIAN_POINT('',(105.5,47.790883251153,57.468763249661));
#7338 = CARTESIAN_POINT('',(105.5,47.696404905141,57.301271934484));
#7339 = CARTESIAN_POINT('',(105.5,47.60421563059,57.132523753024));
#7340 = CARTESIAN_POINT('',(105.5,47.446935095064,56.835067832739));
#7341 = CARTESIAN_POINT('',(105.5,47.380837597292,56.706897164005));
#7342 = CARTESIAN_POINT('',(105.5,47.316048928673,56.578050736776));
#7343 = CARTESIAN_POINT('',(105.5,47.252576297049,56.448541361994));
#7344 = CARTESIAN_POINT('',(105.5,47.190434035063,56.318381427542));
#7345 = CARTESIAN_POINT('',(105.5,47.129643600163,56.187582898243));
#7346 = CARTESIAN_POINT('',(105.5,47.070233574597,56.05615731586));
#7347 = CARTESIAN_POINT('',(105.5,46.915581941188,55.704043851983));
#7348 = CARTESIAN_POINT('',(105.5,46.822855710037,55.482264714191));
#7349 = CARTESIAN_POINT('',(105.5,46.734208951741,55.258825369498));
#7350 = CARTESIAN_POINT('',(105.5,46.649784373813,55.033772045177));
#7351 = CARTESIAN_POINT('',(105.5,46.569711047444,54.80715735059));
#7352 = CARTESIAN_POINT('',(105.5,46.494119690872,54.579038611219));
#7353 = CARTESIAN_POINT('',(105.5,46.423181600189,54.349467398132));
#7354 = CARTESIAN_POINT('',(105.5,46.289386617089,53.881264327602));
#7355 = CARTESIAN_POINT('',(105.5,46.226443741226,53.642702045743));
#7356 = CARTESIAN_POINT('',(105.5,46.170598846111,53.402443570449));
#7357 = CARTESIAN_POINT('',(105.5,46.117813513888,53.160909385345));
#7358 = CARTESIAN_POINT('',(105.5,46.070127747338,52.918227183892));
#7359 = CARTESIAN_POINT('',(105.5,46.033251778056,52.674164835509));
#7360 = CARTESIAN_POINT('',(105.5,46.009976196223,52.428560968013));
#7361 = CARTESIAN_POINT('',(105.5,46.,52.181764705882));
#7362 = PCURVE('',#2675,#7363);
#7363 = DEFINITIONAL_REPRESENTATION('',(#7364),#8102);
#7364 = B_SPLINE_CURVE_WITH_KNOTS('',8,(#7365,#7366,#7367,#7368,#7369,
    #7370,#7371,#7372,#7373,#7374,#7375,#7376,#7377,#7378,#7379,#7380,
    #7381,#7382,#7383,#7384,#7385,#7386,#7387,#7388,#7389,#7390,#7391,
    #7392,#7393,#7394,#7395,#7396,#7397,#7398,#7399,#7400,#7401,#7402,
    #7403,#7404,#7405,#7406,#7407,#7408,#7409,#7410,#7411,#7412,#7413,
    #7414,#7415,#7416,#7417,#7418,#7419,#7420,#7421,#7422,#7423,#7424,
    #7425,#7426,#7427,#7428,#7429,#7430,#7431,#7432,#7433,#7434,#7435,
    #7436,#7437,#7438,#7439,#7440,#7441,#7442,#7443,#7444,#7445,#7446,
    #7447,#7448,#7449,#7450,#7451,#7452,#7453,#7454,#7455,#7456,#7457,
    #7458,#7459,#7460,#7461,#7462,#7463,#7464,#7465,#7466,#7467,#7468,
    #7469,#7470,#7471,#7472,#7473,#7474,#7475,#7476,#7477,#7478,#7479,
    #7480,#7481,#7482,#7483,#7484,#7485,#7486,#7487,#7488,#7489,#7490,
    #7491,#7492,#7493,#7494,#7495,#7496,#7497,#7498,#7499,#7500,#7501,
    #7502,#7503,#7504,#7505,#7506,#7507,#7508,#7509,#7510,#7511,#7512,
    #7513,#7514,#7515,#7516,#7517,#7518,#7519,#7520,#7521,#7522,#7523,
    #7524,#7525,#7526,#7527,#7528,#7529,#7530,#7531,#7532,#7533,#7534,
    #7535,#7536,#7537,#7538,#7539,#7540,#7541,#7542,#7543,#7544,#7545,
    #7546,#7547,#7548,#7549,#7550,#7551,#7552,#7553,#7554,#7555,#7556,
    #7557,#7558,#7559,#7560,#7561,#7562,#7563,#7564,#7565,#7566,#7567,
    #7568,#7569,#7570,#7571,#7572,#7573,#7574,#7575,#7576,#7577,#7578,
    #7579,#7580,#7581,#7582,#7583,#7584,#7585,#7586,#7587,#7588,#7589,
    #7590,#7591,#7592,#7593,#7594,#7595,#7596,#7597,#7598,#7599,#7600,
    #7601,#7602,#7603,#7604,#7605,#7606,#7607,#7608,#7609,#7610,#7611,
    #7612,#7613,#7614,#7615,#7616,#7617,#7618,#7619,#7620,#7621,#7622,
    #7623,#7624,#7625,#7626,#7627,#7628,#7629,#7630,#7631,#7632,#7633,
    #7634,#7635,#7636,#7637,#7638,#7639,#7640,#7641,#7642,#7643,#7644,
    #7645,#7646,#7647,#7648,#7649,#7650,#7651,#7652,#7653,#7654,#7655,
    #7656,#7657,#7658,#7659,#7660,#7661,#7662,#7663,#7664,#7665,#7666,
    #7667,#7668,#7669,#7670,#7671,#7672,#7673,#7674,#7675,#7676,#7677,
    #7678,#7679,#7680,#7681,#7682,#7683,#7684,#7685,#7686,#7687,#7688,
    #7689,#7690,#7691,#7692,#7693,#7694,#7695,#7696,#7697,#7698,#7699,
    #7700,#7701,#7702,#7703,#7704,#7705,#7706,#7707,#7708,#7709,#7710,
    #7711,#7712,#7713,#7714,#7715,#7716,#7717,#7718,#7719,#7720,#7721,
    #7722,#7723,#7724,#7725,#7726,#7727,#7728,#7729,#7730,#7731,#7732,
    #7733,#7734,#7735,#7736,#7737,#7738,#7739,#7740,#7741,#7742,#7743,
    #7744,#7745,#7746,#7747,#7748,#7749,#7750,#7751,#7752,#7753,#7754,
    #7755,#7756,#7757,#7758,#7759,#7760,#7761,#7762,#7763,#7764,#7765,
    #7766,#7767,#7768,#7769,#7770,#7771,#7772,#7773,#7774,#7775,#7776,
    #7777,#7778,#7779,#7780,#7781,#7782,#7783,#7784,#7785,#7786,#7787,
    #7788,#7789,#7790,#7791,#7792,#7793,#7794,#7795,#7796,#7797,#7798,
    #7799,#7800,#7801,#7802,#7803,#7804,#7805,#7806,#7807,#7808,#7809,
    #7810,#7811,#7812,#7813,#7814,#7815,#7816,#7817,#7818,#7819,#7820,
    #7821,#7822,#7823,#7824,#7825,#7826,#7827,#7828,#7829,#7830,#7831,
    #7832,#7833,#7834,#7835,#7836,#7837,#7838,#7839,#7840,#7841,#7842,
    #7843,#7844,#7845,#7846,#7847,#7848,#7849,#7850,#7851,#7852,#7853,
    #7854,#7855,#7856,#7857,#7858,#7859,#7860,#7861,#7862,#7863,#7864,
    #7865,#7866,#7867,#7868,#7869,#7870,#7871,#7872,#7873,#7874,#7875,
    #7876,#7877,#7878,#7879,#7880,#7881,#7882,#7883,#7884,#7885,#7886,
    #7887,#7888,#7889,#7890,#7891,#7892,#7893,#7894,#7895,#7896,#7897,
    #7898,#7899,#7900,#7901,#7902,#7903,#7904,#7905,#7906,#7907,#7908,
    #7909,#7910,#7911,#7912,#7913,#7914,#7915,#7916,#7917,#7918,#7919,
    #7920,#7921,#7922,#7923,#7924,#7925,#7926,#7927,#7928,#7929,#7930,
    #7931,#7932,#7933,#7934,#7935,#7936,#7937,#7938,#7939,#7940,#7941,
    #7942,#7943,#7944,#7945,#7946,#7947,#7948,#7949,#7950,#7951,#7952,
    #7953,#7954,#7955,#7956,#7957,#7958,#7959,#7960,#7961,#7962,#7963,
    #7964,#7965,#7966,#7967,#7968,#7969,#7970,#7971,#7972,#7973,#7974,
    #7975,#7976,#7977,#7978,#7979,#7980,#7981,#7982,#7983,#7984,#7985,
    #7986,#7987,#7988,#7989,#7990,#7991,#7992,#7993,#7994,#7995,#7996,
    #7997,#7998,#7999,#8000,#8001,#8002,#8003,#8004,#8005,#8006,#8007,
    #8008,#8009,#8010,#8011,#8012,#8013,#8014,#8015,#8016,#8017,#8018,
    #8019,#8020,#8021,#8022,#8023,#8024,#8025,#8026,#8027,#8028,#8029,
    #8030,#8031,#8032,#8033,#8034,#8035,#8036,#8037,#8038,#8039,#8040,
    #8041,#8042,#8043,#8044,#8045,#8046,#8047,#8048,#8049,#8050,#8051,
    #8052,#8053,#8054,#8055,#8056,#8057,#8058,#8059,#8060,#8061,#8062,
    #8063,#8064,#8065,#8066,#8067,#8068,#8069,#8070,#8071,#8072,#8073,
    #8074,#8075,#8076,#8077,#8078,#8079,#8080,#8081,#8082,#8083,#8084,
    #8085,#8086,#8087,#8088,#8089,#8090,#8091,#8092,#8093,#8094,#8095,
    #8096,#8097,#8098,#8099,#8100,#8101),.UNSPECIFIED.,.T.,.F.,(9,7,7,7,
    7,7,7,7,7,7,7,7,7,7,7,7,7,7,7,7,7,7,7,7,7,7,7,7,7,7,7,7,7,7,7,7,7,7,
    7,7,7,7,7,7,7,7,7,7,7,7,7,7,7,7,7,7,7,7,7,7,7,7,7,7,7,7,7,7,7,7,7,7,
    7,7,7,7,7,7,7,7,7,7,7,7,7,7,7,7,7,7,7,7,7,7,7,7,7,7,7,7,7,7,7,7,7,9)
  ,(0.,2.585563898404E-04,5.266174359606E-04,6.522571671076E-03,
    1.428140419735E-02,2.661881815357E-02,3.894612961984E-02,
    4.568059994725E-02,5.915033272466E-02,6.925295758497E-02,
    7.71105536954E-02,8.833602519878E-02,0.100685091033,0.108543587578,
    0.117524727676,0.129873817934,0.14222286278,0.151203944752,
    0.157939553395,0.169165304439,0.180391082723,0.190494271157,
    0.205087873273,0.212946284836,0.220805038406,0.233154599622,
    0.245504211753,0.262345372394,0.270204203212,0.283676353251,
    0.293778647924,0.301635684465,0.313980737771,0.327447801795,
    0.340914792801,0.351014029611,0.358868612035,0.371210975264,
    0.384674622688,0.391406328645,0.402625611059,0.413844891017,
    0.435161427118,0.457600019634,0.468819538582,0.48116102778,
    0.492380538722,0.500234237405,0.51369769741,0.527161170021,
    0.535014247682,0.547353835629,0.559395644038,0.561352616001,
    0.561474277881,0.566701264326,0.572028259206,0.580756664462,
    0.590377052406,0.599119743499,0.605240930343,0.615736932315,
    0.626231910863,0.63235394386,0.641974293249,0.652469242672,
    0.67083538137,0.679581136264,0.693574392478,0.700571053293,
    0.707567716739,0.712815214323,0.723310117021,0.731181326751,
    0.737303893115,0.74605084133,0.755672396625,0.765294135461,
    0.780165872558,0.7871656752,0.795040681732,0.802040677941,
    0.809040673043,0.818665667166,0.82829064968,0.836165572018,
    0.847539838856,0.859788773356,0.86678803866,0.878161772727,
    0.883411164801,0.889535469547,0.894784872982,0.903533865614,
    0.912282865501,0.919282088996,0.925406287908,0.935904585613,
    0.943777748954,0.94990130162,0.959524011444,0.970021522536,
    0.977019863345,0.982268659844,0.991016763424,1.),.UNSPECIFIED.);
#7365 = CARTESIAN_POINT('',(52.181764705882,-54.));
#7366 = CARTESIAN_POINT('',(52.176494738673,-53.99978697316));
#7367 = CARTESIAN_POINT('',(52.171491965114,-53.99955035169));
#7368 = CARTESIAN_POINT('',(52.166872083943,-53.99928582174));
#7369 = CARTESIAN_POINT('',(52.162891010139,-53.99899161422));
#7370 = CARTESIAN_POINT('',(52.159827130339,-53.99866808448));
#7371 = CARTESIAN_POINT('',(52.157891989433,-53.99831783613));
#7372 = CARTESIAN_POINT('',(52.157169408327,-53.99794638906));
#7373 = CARTESIAN_POINT('',(52.158011862473,-53.99716631501));
#7374 = CARTESIAN_POINT('',(52.159691832105,-53.99676330432));
#7375 = CARTESIAN_POINT('',(52.162383954465,-53.99636137402));
#7376 = CARTESIAN_POINT('',(52.165877726046,-53.99596565927));
#7377 = CARTESIAN_POINT('',(52.169991127145,-53.99557941597));
#7378 = CARTESIAN_POINT('',(52.174570621865,-53.99520402071));
#7379 = CARTESIAN_POINT('',(52.179491158114,-53.99483897079));
#7380 = CARTESIAN_POINT('',(52.300186420775,-53.98649461947));
#7381 = CARTESIAN_POINT('',(52.513828923724,-53.98186436954));
#7382 = CARTESIAN_POINT('',(52.652517013531,-53.97154470829));
#7383 = CARTESIAN_POINT('',(52.806647158912,-53.95950821782));
#7384 = CARTESIAN_POINT('',(52.960376713443,-53.94296222397));
#7385 = CARTESIAN_POINT('',(53.061572196573,-53.91811460061));
#7386 = CARTESIAN_POINT('',(53.162804891853,-53.88929164086));
#7387 = CARTESIAN_POINT('',(53.396761148075,-53.82028400247));
#7388 = CARTESIAN_POINT('',(53.543252285611,-53.78019078279));
#7389 = CARTESIAN_POINT('',(53.699973704324,-53.73911147963));
#7390 = CARTESIAN_POINT('',(53.863285301113,-53.69706587017));
#7391 = CARTESIAN_POINT('',(54.030197129864,-53.65391236376));
#7392 = CARTESIAN_POINT('',(54.198369401446,-53.60934800203));
#7393 = CARTESIAN_POINT('',(54.366112483718,-53.56290845878));
#7394 = CARTESIAN_POINT('',(54.796781875354,-53.43614728512));
#7395 = CARTESIAN_POINT('',(55.05566273439,-53.35211673315));
#7396 = CARTESIAN_POINT('',(55.304738564435,-53.26053458065));
#7397 = CARTESIAN_POINT('',(55.549789699556,-53.16312201444));
#7398 = CARTESIAN_POINT('',(55.790393943658,-53.05980082158));
#7399 = CARTESIAN_POINT('',(56.025841521754,-52.95057065206));
#7400 = CARTESIAN_POINT('',(56.261914812909,-52.83753582656));
#7401 = CARTESIAN_POINT('',(56.732310350233,-52.60354317839));
#7402 = CARTESIAN_POINT('',(56.966716747543,-52.48255872223));
#7403 = CARTESIAN_POINT('',(57.200068094561,-52.3575600324));
#7404 = CARTESIAN_POINT('',(57.431861995112,-52.22850292743));
#7405 = CARTESIAN_POINT('',(57.661771687139,-52.09538374735));
#7406 = CARTESIAN_POINT('',(57.889413145616,-51.95816709278));
#7407 = CARTESIAN_POINT('',(58.114183551631,-51.81673523471));
#7408 = CARTESIAN_POINT('',(58.456859950897,-51.59147636652));
#7409 = CARTESIAN_POINT('',(58.576926137296,-51.51068032202));
#7410 = CARTESIAN_POINT('',(58.695997700081,-51.42868007472));
#7411 = CARTESIAN_POINT('',(58.814080373164,-51.3454841839));
#7412 = CARTESIAN_POINT('',(58.931179890456,-51.26110120885));
#7413 = CARTESIAN_POINT('',(59.047301985865,-51.17553970885));
#7414 = CARTESIAN_POINT('',(59.162452393304,-51.08880824318));
#7415 = CARTESIAN_POINT('',(59.505019184054,-50.82511928888));
#7416 = CARTESIAN_POINT('',(59.729479072227,-50.64469724817));
#7417 = CARTESIAN_POINT('',(59.95028360718,-50.45973671677));
#7418 = CARTESIAN_POINT('',(60.166906081075,-50.27011173977));
#7419 = CARTESIAN_POINT('',(60.380514594438,-50.07623549091));
#7420 = CARTESIAN_POINT('',(60.589921221089,-49.87788743568));
#7421 = CARTESIAN_POINT('',(60.795393587534,-49.67525945746));
#7422 = CARTESIAN_POINT('',(61.147529903789,-49.31332759133));
#7423 = CARTESIAN_POINT('',(61.296072986403,-49.15584273372));
#7424 = CARTESIAN_POINT('',(61.442172120697,-48.99602549859));
#7425 = CARTESIAN_POINT('',(61.585752942843,-48.83390799192));
#7426 = CARTESIAN_POINT('',(61.726738965225,-48.66952080791));
#7427 = CARTESIAN_POINT('',(61.865055126329,-48.50289538061));
#7428 = CARTESIAN_POINT('',(62.000631340626,-48.33406633543));
#7429 = CARTESIAN_POINT('',(62.236675252483,-48.03007969527));
#7430 = CARTESIAN_POINT('',(62.338253339779,-47.89577906147));
#7431 = CARTESIAN_POINT('',(62.438117471168,-47.76019462333));
#7432 = CARTESIAN_POINT('',(62.53624480747,-47.62334906481));
#7433 = CARTESIAN_POINT('',(62.632612509506,-47.48526506985));
#7434 = CARTESIAN_POINT('',(62.727197738094,-47.34596532239));
#7435 = CARTESIAN_POINT('',(62.819977654054,-47.20547250637));
#7436 = CARTESIAN_POINT('',(63.040864378254,-46.86142727958));
#7437 = CARTESIAN_POINT('',(63.167067589186,-46.65665109157));
#7438 = CARTESIAN_POINT('',(63.289480469857,-46.44955719875));
#7439 = CARTESIAN_POINT('',(63.408026287424,-46.24020714434));
#7440 = CARTESIAN_POINT('',(63.522630090528,-46.02866418189));
#7441 = CARTESIAN_POINT('',(63.63322920529,-45.8150028632));
#7442 = CARTESIAN_POINT('',(63.73977429411,-45.59931159));
#7443 = CARTESIAN_POINT('',(63.954921885646,-45.14228202156));
#7444 = CARTESIAN_POINT('',(64.062662461422,-44.90052838283));
#7445 = CARTESIAN_POINT('',(64.165373175758,-44.65654705086));
#7446 = CARTESIAN_POINT('',(64.262984499793,-44.41045786325));
#7447 = CARTESIAN_POINT('',(64.355426904666,-44.16238065762));
#7448 = CARTESIAN_POINT('',(64.442630861517,-43.91243527159));
#7449 = CARTESIAN_POINT('',(64.524526841485,-43.66074154276));
#7450 = CARTESIAN_POINT('',(64.649738890859,-43.24621424861));
#7451 = CARTESIAN_POINT('',(64.69625207683,-43.08434874946));
#7452 = CARTESIAN_POINT('',(64.740579335625,-42.92185810571));
#7453 = CARTESIAN_POINT('',(64.782715247309,-42.75877766063));
#7454 = CARTESIAN_POINT('',(64.822654510009,-42.59514280634));
#7455 = CARTESIAN_POINT('',(64.860391939913,-42.43098898379));
#7456 = CARTESIAN_POINT('',(64.895922471272,-42.26635168282));
#7457 = CARTESIAN_POINT('',(64.967319658731,-41.91259757055));
#7458 = CARTESIAN_POINT('',(65.002509014113,-41.72334352325));
#7459 = CARTESIAN_POINT('',(65.034801500257,-41.53355719945));
#7460 = CARTESIAN_POINT('',(65.064189394881,-41.34329149844));
#7461 = CARTESIAN_POINT('',(65.090664975698,-41.1525993195));
#7462 = CARTESIAN_POINT('',(65.114220520426,-40.96153356188));
#7463 = CARTESIAN_POINT('',(65.134848306779,-40.77014712487));
#7464 = CARTESIAN_POINT('',(65.176867577371,-40.31496787639));
#7465 = CARTESIAN_POINT('',(65.195639078271,-40.05093875066));
#7466 = CARTESIAN_POINT('',(65.208857515525,-39.78653704114));
#7467 = CARTESIAN_POINT('',(65.216569018935,-39.52189491533));
#7468 = CARTESIAN_POINT('',(65.218794074602,-39.2571443327));
#7469 = CARTESIAN_POINT('',(65.21554727463,-38.99241731137));
#7470 = CARTESIAN_POINT('',(65.206866339627,-38.72784619131));
#7471 = CARTESIAN_POINT('',(65.178674839995,-38.19928029831));
#7472 = CARTESIAN_POINT('',(65.159160566339,-37.93528450881));
#7473 = CARTESIAN_POINT('',(65.13427585387,-37.67170141755));
#7474 = CARTESIAN_POINT('',(65.104009477817,-37.40868298915));
#7475 = CARTESIAN_POINT('',(65.068388159059,-37.14635548137));
#7476 = CARTESIAN_POINT('',(65.027479888223,-36.88482504359));
#7477 = CARTESIAN_POINT('',(64.981354004952,-36.62420034544));
#7478 = CARTESIAN_POINT('',(64.892736000817,-36.1757868445));
#7479 = CARTESIAN_POINT('',(64.852685811564,-35.98752067455));
#7480 = CARTESIAN_POINT('',(64.809918657076,-35.79983676605));
#7481 = CARTESIAN_POINT('',(64.764455017463,-35.61277837153));
#7482 = CARTESIAN_POINT('',(64.71631537284,-35.42638874351));
#7483 = CARTESIAN_POINT('',(64.665520203316,-35.2407111345));
#7484 = CARTESIAN_POINT('',(64.612089989006,-35.05578879702));
#7485 = CARTESIAN_POINT('',(64.514012891546,-34.73357628195));
#7486 = CARTESIAN_POINT('',(64.470509785515,-34.59593603551));
#7487 = CARTESIAN_POINT('',(64.425543961488,-34.45876247951));
#7488 = CARTESIAN_POINT('',(64.379124088495,-34.32207316198));
#7489 = CARTESIAN_POINT('',(64.331259435027,-34.18588494382));
#7490 = CARTESIAN_POINT('',(64.281959869041,-34.0502139988));
#7491 = CARTESIAN_POINT('',(64.231235857957,-33.9150758135));
#7492 = CARTESIAN_POINT('',(64.092204858391,-33.5561727396));
#7493 = CARTESIAN_POINT('',(64.001384177752,-33.3333832919));
#7494 = CARTESIAN_POINT('',(63.906682933486,-33.11218810663));
#7495 = CARTESIAN_POINT('',(63.808147632338,-32.89265844617));
#7496 = CARTESIAN_POINT('',(63.705824781051,-32.67486557288));
#7497 = CARTESIAN_POINT('',(63.599760886372,-32.45888074915));
#7498 = CARTESIAN_POINT('',(63.490002455043,-32.24477523733));
#7499 = CARTESIAN_POINT('',(63.263189257382,-31.82046484746));
#7500 = CARTESIAN_POINT('',(63.146135291478,-31.61026031888));
#7501 = CARTESIAN_POINT('',(63.025479200492,-31.40208002689));
#7502 = CARTESIAN_POINT('',(62.901267787887,-31.19599191915));
#7503 = CARTESIAN_POINT('',(62.773548318877,-30.99206214994));
#7504 = CARTESIAN_POINT('',(62.642367787454,-30.7903570352));
#7505 = CARTESIAN_POINT('',(62.507772687793,-30.59094339092));
#7506 = CARTESIAN_POINT('',(62.245642379744,-30.21653694336));
#7507 = CARTESIAN_POINT('',(62.118747473554,-30.04109661972));
#7508 = CARTESIAN_POINT('',(61.989158656662,-29.86761488484));
#7509 = CARTESIAN_POINT('',(61.856910014301,-29.69614033966));
#7510 = CARTESIAN_POINT('',(61.722035631704,-29.5267215851));
#7511 = CARTESIAN_POINT('',(61.584569594104,-29.35940722211));
#7512 = CARTESIAN_POINT('',(61.444545986732,-29.19424585163));
#7513 = CARTESIAN_POINT('',(61.096096020124,-28.79589799263));
#7514 = CARTESIAN_POINT('',(60.884931045434,-28.56510704883));
#7515 = CARTESIAN_POINT('',(60.668612823212,-28.33906358702));
#7516 = CARTESIAN_POINT('',(60.447250855412,-28.11791950399));
#7517 = CARTESIAN_POINT('',(60.220955494401,-27.90182802918));
#7518 = CARTESIAN_POINT('',(59.989838143895,-27.69094350447));
#7519 = CARTESIAN_POINT('',(59.754011459882,-27.48542116384));
#7520 = CARTESIAN_POINT('',(59.384126360112,-27.17771795686));
#7521 = CARTESIAN_POINT('',(59.253331553015,-27.07161905229));
#7522 = CARTESIAN_POINT('',(59.121221496912,-26.96714484546));
#7523 = CARTESIAN_POINT('',(58.987814026484,-26.8643198689));
#7524 = CARTESIAN_POINT('',(58.853128444446,-26.76316854162));
#7525 = CARTESIAN_POINT('',(58.717185521545,-26.66371516915));
#7526 = CARTESIAN_POINT('',(58.580007496559,-26.56598394351));
#7527 = CARTESIAN_POINT('',(58.303222633185,-26.37400976554));
#7528 = CARTESIAN_POINT('',(58.163614420009,-26.27976672085));
#7529 = CARTESIAN_POINT('',(58.02281619561,-26.18729469386));
#7530 = CARTESIAN_POINT('',(57.880850718821,-26.09661856933));
#7531 = CARTESIAN_POINT('',(57.737740748476,-26.00776323199));
#7532 = CARTESIAN_POINT('',(57.593509043412,-25.92075356658));
#7533 = CARTESIAN_POINT('',(57.448178362461,-25.83561445784));
#7534 = CARTESIAN_POINT('',(57.071701780623,-25.62155834599));
#7535 = CARTESIAN_POINT('',(56.838977720823,-25.49543159875));
#7536 = CARTESIAN_POINT('',(56.603686530499,-25.37407360123));
#7537 = CARTESIAN_POINT('',(56.365913306949,-25.25758777204));
#7538 = CARTESIAN_POINT('',(56.125727803705,-25.14609011281));
#7539 = CARTESIAN_POINT('',(55.883239626801,-25.03966118475));
#7540 = CARTESIAN_POINT('',(55.638617303916,-24.93833699168));
#7541 = CARTESIAN_POINT('',(55.145315093941,-24.74609844486));
#7542 = CARTESIAN_POINT('',(54.896636290642,-24.65517804191));
#7543 = CARTESIAN_POINT('',(54.646054348648,-24.56953163723));
#7544 = CARTESIAN_POINT('',(54.393693319517,-24.48923415447));
#7545 = CARTESIAN_POINT('',(54.139677255203,-24.41436051127));
#7546 = CARTESIAN_POINT('',(53.88413020806,-24.34498561926));
#7547 = CARTESIAN_POINT('',(53.62717623084,-24.28118438408));
#7548 = CARTESIAN_POINT('',(53.016781892094,-24.14372892289));
#7549 = CARTESIAN_POINT('',(52.662251132877,-24.07493032778));
#7550 = CARTESIAN_POINT('',(52.305722753699,-24.01665623583));
#7551 = CARTESIAN_POINT('',(51.947570900661,-23.96892693371));
#7552 = CARTESIAN_POINT('',(51.588168226881,-23.93176303535));
#7553 = CARTESIAN_POINT('',(51.227885908069,-23.90518583814));
#7554 = CARTESIAN_POINT('',(50.867093658107,-23.88921767925));
#7555 = CARTESIAN_POINT('',(50.337732008343,-23.88139256415));
#7556 = CARTESIAN_POINT('',(50.169281424317,-23.88122759735));
#7557 = CARTESIAN_POINT('',(50.000841251984,-23.88337405711));
#7558 = CARTESIAN_POINT('',(49.832444461885,-23.88781643805));
#7559 = CARTESIAN_POINT('',(49.664123735657,-23.89453706388));
#7560 = CARTESIAN_POINT('',(49.495911466035,-23.90351608742));
#7561 = CARTESIAN_POINT('',(49.327839756849,-23.91473149056));
#7562 = CARTESIAN_POINT('',(48.872115800156,-23.95117759194));
#7563 = CARTESIAN_POINT('',(48.584803551211,-23.98070326609));
#7564 = CARTESIAN_POINT('',(48.298174370854,-24.01664505764));
#7565 = CARTESIAN_POINT('',(48.012361177519,-24.05886004549));
#7566 = CARTESIAN_POINT('',(47.727582283141,-24.10734044184));
#7567 = CARTESIAN_POINT('',(47.443890673734,-24.16183897483));
#7568 = CARTESIAN_POINT('',(47.161552696573,-24.22242883248));
#7569 = CARTESIAN_POINT('',(46.669940233579,-24.33868902064));
#7570 = CARTESIAN_POINT('',(46.460069103501,-24.39180088686));
#7571 = CARTESIAN_POINT('',(46.251029341112,-24.44813395415));
#7572 = CARTESIAN_POINT('',(46.042854050823,-24.50761822942));
#7573 = CARTESIAN_POINT('',(45.835576337048,-24.5701837196));
#7574 = CARTESIAN_POINT('',(45.629229304198,-24.63576043162));
#7575 = CARTESIAN_POINT('',(45.423846056686,-24.70427837239));
#7576 = CARTESIAN_POINT('',(45.060498677351,-24.8311903173));
#7577 = CARTESIAN_POINT('',(44.902142130569,-24.88844929781));
#7578 = CARTESIAN_POINT('',(44.744404808796,-24.94741183928));
#7579 = CARTESIAN_POINT('',(44.587300850472,-25.00804559459));
#7580 = CARTESIAN_POINT('',(44.430843782262,-25.07031852056));
#7581 = CARTESIAN_POINT('',(44.275046519055,-25.13419887796));
#7582 = CARTESIAN_POINT('',(44.119921363964,-25.19965523153));
#7583 = CARTESIAN_POINT('',(43.722820227123,-25.37192942522));
#7584 = CARTESIAN_POINT('',(43.481866644746,-25.48100491432));
#7585 = CARTESIAN_POINT('',(43.242620363166,-25.59376081439));
#7586 = CARTESIAN_POINT('',(43.00508248436,-25.71007502254));
#7587 = CARTESIAN_POINT('',(42.769254110299,-25.82982543588));
#7588 = CARTESIAN_POINT('',(42.535136342959,-25.95288995151));
#7589 = CARTESIAN_POINT('',(42.302730284314,-26.07914646654));
#7590 = CARTESIAN_POINT('',(41.820376661656,-26.34955344056));
#7591 = CARTESIAN_POINT('',(41.570739335178,-26.494298522));
#7592 = CARTESIAN_POINT('',(41.323161156795,-26.64251178358));
#7593 = CARTESIAN_POINT('',(41.077593006511,-26.79412379535));
#7594 = CARTESIAN_POINT('',(40.834129931161,-26.94881236935));
#7595 = CARTESIAN_POINT('',(40.592673147797,-27.10657824402));
#7596 = CARTESIAN_POINT('',(40.353203313631,-27.26726434815));
#7597 = CARTESIAN_POINT('',(39.878137045335,-27.59426796792));
#7598 = CARTESIAN_POINT('',(39.642546465486,-27.76058118292));
#7599 = CARTESIAN_POINT('',(39.408860411086,-27.92958819964));
#7600 = CARTESIAN_POINT('',(39.177041497236,-28.10117097143));
#7601 = CARTESIAN_POINT('',(38.947052339036,-28.27521145163));
#7602 = CARTESIAN_POINT('',(38.718855551587,-28.4515915936));
#7603 = CARTESIAN_POINT('',(38.492413749989,-28.63019335069));
#7604 = CARTESIAN_POINT('',(38.099163193429,-28.94641416554));
#7605 = CARTESIAN_POINT('',(37.931598163992,-29.08311478531));
#7606 = CARTESIAN_POINT('',(37.76497639629,-29.2209531847));
#7607 = CARTESIAN_POINT('',(37.599279986171,-29.3598907399));
#7608 = CARTESIAN_POINT('',(37.434490935863,-29.4998941096));
#7609 = CARTESIAN_POINT('',(37.270590899763,-29.64093179049));
#7610 = CARTESIAN_POINT('',(37.107560930224,-29.78297067268));
#7611 = CARTESIAN_POINT('',(36.819247546205,-30.03719093856));
#7612 = CARTESIAN_POINT('',(36.693628287539,-30.14899271439));
#7613 = CARTESIAN_POINT('',(36.568513998636,-30.2613621599));
#7614 = CARTESIAN_POINT('',(36.443895230786,-30.37428351228));
#7615 = CARTESIAN_POINT('',(36.319762535279,-30.48774100875));
#7616 = CARTESIAN_POINT('',(36.196106463402,-30.60171888652));
#7617 = CARTESIAN_POINT('',(36.072917566447,-30.71620138278));
#7618 = CARTESIAN_POINT('',(35.757331752773,-31.0118339221));
#7619 = CARTESIAN_POINT('',(35.565606903646,-31.19370011394));
#7620 = CARTESIAN_POINT('',(35.374977197174,-31.37671915222));
#7621 = CARTESIAN_POINT('',(35.185399860257,-31.56082199887));
#7622 = CARTESIAN_POINT('',(34.996833754722,-31.74594301033));
#7623 = CARTESIAN_POINT('',(34.809245879861,-31.93203933886));
#7624 = CARTESIAN_POINT('',(34.62260890061,-32.11908721745));
#7625 = CARTESIAN_POINT('',(34.234286246609,-32.51205312069));
#7626 = CARTESIAN_POINT('',(34.032776403697,-32.71814304737));
#7627 = CARTESIAN_POINT('',(33.832308544244,-32.92524925774));
#7628 = CARTESIAN_POINT('',(33.632836759902,-33.13331834395));
#7629 = CARTESIAN_POINT('',(33.434315142322,-33.34229689812));
#7630 = CARTESIAN_POINT('',(33.236697783157,-33.55213151238));
#7631 = CARTESIAN_POINT('',(33.039938774057,-33.76276877887));
#7632 = CARTESIAN_POINT('',(32.746020636765,-34.07984669631));
#7633 = CARTESIAN_POINT('',(32.648252154187,-34.1857260353));
#7634 = CARTESIAN_POINT('',(32.550680467783,-34.29178605394));
#7635 = CARTESIAN_POINT('',(32.453299578903,-34.39802005749));
#7636 = CARTESIAN_POINT('',(32.356103781402,-34.50442190921));
#7637 = CARTESIAN_POINT('',(32.259087661645,-34.6109860303));
#7638 = CARTESIAN_POINT('',(32.162246098502,-34.71770739999));
#7639 = CARTESIAN_POINT('',(31.904457805349,-35.00270153586));
#7640 = CARTESIAN_POINT('',(31.743813657548,-35.18124413211));
#7641 = CARTESIAN_POINT('',(31.583617555392,-35.3601867567));
#7642 = CARTESIAN_POINT('',(31.423845234327,-35.53950682211));
#7643 = CARTESIAN_POINT('',(31.2644724298,-35.71918174081));
#7644 = CARTESIAN_POINT('',(31.105474877256,-35.89918892528));
#7645 = CARTESIAN_POINT('',(30.946828312143,-36.07950578801));
#7646 = CARTESIAN_POINT('',(30.630188662342,-36.44071365538));
#7647 = CARTESIAN_POINT('',(30.472195657876,-36.6216049499));
#7648 = CARTESIAN_POINT('',(30.314504634791,-36.8027600948));
#7649 = CARTESIAN_POINT('',(30.157092178394,-36.98415755656));
#7650 = CARTESIAN_POINT('',(29.99993413386,-37.16577489546));
#7651 = CARTESIAN_POINT('',(29.843005278549,-37.34758832393));
#7652 = CARTESIAN_POINT('',(29.686280813791,-37.52957472628));
#7653 = CARTESIAN_POINT('',(29.232312851548,-38.05778326957));
#7654 = CARTESIAN_POINT('',(28.935544504873,-38.40441230049));
#7655 = CARTESIAN_POINT('',(28.63927929226,-38.75147021823));
#7656 = CARTESIAN_POINT('',(28.343361712805,-39.09882418554));
#7657 = CARTESIAN_POINT('',(28.047636108563,-39.44634154208));
#7658 = CARTESIAN_POINT('',(27.751946664547,-39.79388980445));
#7659 = CARTESIAN_POINT('',(27.456137408726,-40.14133666619));
#7660 = CARTESIAN_POINT('',(26.848381730126,-40.85403988912));
#7661 = CARTESIAN_POINT('',(26.536406051546,-41.21927001116));
#7662 = CARTESIAN_POINT('',(26.223939911111,-41.58408143049));
#7663 = CARTESIAN_POINT('',(25.910798897123,-41.94831445991));
#7664 = CARTESIAN_POINT('',(25.596799416872,-42.31180856556));
#7665 = CARTESIAN_POINT('',(25.281758662162,-42.67440227414));
#7666 = CARTESIAN_POINT('',(24.965494574826,-43.03593308001));
#7667 = CARTESIAN_POINT('',(24.488988278288,-43.57639306435));
#7668 = CARTESIAN_POINT('',(24.329798095054,-43.75624276881));
#7669 = CARTESIAN_POINT('',(24.170231167327,-43.93576147219));
#7670 = CARTESIAN_POINT('',(24.01026339989,-44.11492418092));
#7671 = CARTESIAN_POINT('',(23.849870697526,-44.29370590143));
#7672 = CARTESIAN_POINT('',(23.68902896502,-44.47208164017));
#7673 = CARTESIAN_POINT('',(23.527714107155,-44.65002640356));
#7674 = CARTESIAN_POINT('',(23.187908477701,-45.02275316234));
#7675 = CARTESIAN_POINT('',(23.009313137346,-45.21743794516));
#7676 = CARTESIAN_POINT('',(22.830086750664,-45.4115411697));
#7677 = CARTESIAN_POINT('',(22.650191117592,-45.60502234954));
#7678 = CARTESIAN_POINT('',(22.469596329688,-45.79785111535));
#7679 = CARTESIAN_POINT('',(22.288276361708,-45.99000117692));
#7680 = CARTESIAN_POINT('',(22.106196570181,-46.18143443812));
#7681 = CARTESIAN_POINT('',(21.757043450249,-46.54541988651));
#7682 = CARTESIAN_POINT('',(21.590113003254,-46.7181074334));
#7683 = CARTESIAN_POINT('',(21.422484335977,-46.89012024386));
#7684 = CARTESIAN_POINT('',(21.254126476357,-47.06142223879));
#7685 = CARTESIAN_POINT('',(21.085008452332,-47.23197733908));
#7686 = CARTESIAN_POINT('',(20.915099291842,-47.4017494656));
#7687 = CARTESIAN_POINT('',(20.744368022826,-47.57070253925));
#7688 = CARTESIAN_POINT('',(20.452674001118,-47.85646965471));
#7689 = CARTESIAN_POINT('',(20.332147820492,-47.9737170237));
#7690 = CARTESIAN_POINT('',(20.211192732011,-48.09053420059));
#7691 = CARTESIAN_POINT('',(20.089797347066,-48.20691034589));
#7692 = CARTESIAN_POINT('',(19.967951287776,-48.32283216795));
#7693 = CARTESIAN_POINT('',(19.845645186983,-48.43828392292));
#7694 = CARTESIAN_POINT('',(19.72287068826,-48.5532474148));
#7695 = CARTESIAN_POINT('',(19.388334684157,-48.86390950606));
#7696 = CARTESIAN_POINT('',(19.175651180763,-49.05862071352));
#7697 = CARTESIAN_POINT('',(18.961529922018,-49.25173825355));
#7698 = CARTESIAN_POINT('',(18.745930894221,-49.44316476194));
#7699 = CARTESIAN_POINT('',(18.528814083668,-49.63280287448));
#7700 = CARTESIAN_POINT('',(18.310139476656,-49.82055522695));
#7701 = CARTESIAN_POINT('',(18.089867059484,-50.00632445515));
#7702 = CARTESIAN_POINT('',(17.646046369664,-50.37370210653));
#7703 = CARTESIAN_POINT('',(17.422511145244,-50.5553165682));
#7704 = CARTESIAN_POINT('',(17.19721847869,-50.7347098401));
#7705 = CARTESIAN_POINT('',(16.969949716109,-50.91166478543));
#7706 = CARTESIAN_POINT('',(16.740600395865,-51.08605821405));
#7707 = CARTESIAN_POINT('',(16.508958508993,-51.25767885783));
#7708 = CARTESIAN_POINT('',(16.274883248795,-51.42637321358));
#7709 = CARTESIAN_POINT('',(15.900148483117,-51.68854862594));
#7710 = CARTESIAN_POINT('',(15.761153107275,-51.78409630922));
#7711 = CARTESIAN_POINT('',(15.621254939816,-51.87855219213));
#7712 = CARTESIAN_POINT('',(15.480504037324,-51.97186165148));
#7713 = CARTESIAN_POINT('',(15.338961280703,-52.06396875798));
#7714 = CARTESIAN_POINT('',(15.196698375176,-52.15481627626));
#7715 = CARTESIAN_POINT('',(15.053797850288,-52.24434566486));
#7716 = CARTESIAN_POINT('',(14.684957401935,-52.47100991676));
#7717 = CARTESIAN_POINT('',(14.458322833496,-52.60638246832));
#7718 = CARTESIAN_POINT('',(14.229465652512,-52.73729025863));
#7719 = CARTESIAN_POINT('',(14.001860159984,-52.86530455727));
#7720 = CARTESIAN_POINT('',(13.774091080736,-52.98952385263));
#7721 = CARTESIAN_POINT('',(13.542486827158,-53.10827481906));
#7722 = CARTESIAN_POINT('',(13.30565430483,-53.22174469919));
#7723 = CARTESIAN_POINT('',(12.821925581258,-53.43447124194));
#7724 = CARTESIAN_POINT('',(12.554333773064,-53.53732640256));
#7725 = CARTESIAN_POINT('',(12.305990167961,-53.64405229785));
#7726 = CARTESIAN_POINT('',(12.01889054845,-53.71765647841));
#7727 = CARTESIAN_POINT('',(11.759417553869,-53.78917154285));
#7728 = CARTESIAN_POINT('',(11.583610860089,-53.88115248163));
#7729 = CARTESIAN_POINT('',(11.383517434432,-53.94000382758));
#7730 = CARTESIAN_POINT('',(11.008298388863,-53.97902077066));
#7731 = CARTESIAN_POINT('',(10.974440568581,-53.98238135457));
#7732 = CARTESIAN_POINT('',(10.942798331224,-53.98473183769));
#7733 = CARTESIAN_POINT('',(10.90450068936,-53.98687533114));
#7734 = CARTESIAN_POINT('',(10.85818634538,-53.98933433358));
#7735 = CARTESIAN_POINT('',(10.810003691491,-53.99235073123));
#7736 = CARTESIAN_POINT('',(10.773610809721,-53.99588579785));
#7737 = CARTESIAN_POINT('',(10.769961902348,-53.99985235633));
#7738 = CARTESIAN_POINT('',(10.769893962016,-54.00008511062));
#7739 = CARTESIAN_POINT('',(10.769982233867,-54.00031797831));
#7740 = CARTESIAN_POINT('',(10.770222309533,-54.00055043667));
#7741 = CARTESIAN_POINT('',(10.770605761329,-54.00078193533));
#7742 = CARTESIAN_POINT('',(10.771125476952,-54.00101194099));
#7743 = CARTESIAN_POINT('',(10.771775356865,-54.00124001088));
#7744 = CARTESIAN_POINT('',(10.805583844477,-54.01117061217));
#7745 = CARTESIAN_POINT('',(11.004113025401,-54.01508003376));
#7746 = CARTESIAN_POINT('',(11.161758594297,-54.02846159513));
#7747 = CARTESIAN_POINT('',(11.271499768824,-54.05012647982));
#7748 = CARTESIAN_POINT('',(11.370008708149,-54.07422057334));
#7749 = CARTESIAN_POINT('',(11.464476048305,-54.09782144307));
#7750 = CARTESIAN_POINT('',(11.541921571916,-54.12434134469));
#7751 = CARTESIAN_POINT('',(11.782336600586,-54.20186577868));
#7752 = CARTESIAN_POINT('',(11.911941349878,-54.24356656729));
#7753 = CARTESIAN_POINT('',(12.04783845735,-54.28774201723));
#7754 = CARTESIAN_POINT('',(12.188075455146,-54.3342915302));
#7755 = CARTESIAN_POINT('',(12.330713210367,-54.38311051309));
#7756 = CARTESIAN_POINT('',(12.473825925068,-54.43409037802));
#7757 = CARTESIAN_POINT('',(12.615501136255,-54.48711854228));
#7758 = CARTESIAN_POINT('',(12.980510702582,-54.63213148261));
#7759 = CARTESIAN_POINT('',(13.201987404628,-54.72839426046));
#7760 = CARTESIAN_POINT('',(13.419146618466,-54.83022004066));
#7761 = CARTESIAN_POINT('',(13.632337484091,-54.93724667463));
#7762 = CARTESIAN_POINT('',(13.842471720946,-55.04878524896));
#7763 = CARTESIAN_POINT('',(14.051092149097,-55.16378010428));
#7764 = CARTESIAN_POINT('',(14.259419495705,-55.28134021061));
#7765 = CARTESIAN_POINT('',(14.694485154127,-55.53465802709));
#7766 = CARTESIAN_POINT('',(14.921185668701,-55.67095655132));
#7767 = CARTESIAN_POINT('',(15.146271487517,-55.81056568565));
#7768 = CARTESIAN_POINT('',(15.369686142149,-55.9533250606));
#7769 = CARTESIAN_POINT('',(15.591264711011,-56.0990829714));
#7770 = CARTESIAN_POINT('',(15.810738593679,-56.24771222793));
#7771 = CARTESIAN_POINT('',(16.027947624321,-56.39910059487));
#7772 = CARTESIAN_POINT('',(16.438819144657,-56.6929957709));
#7773 = CARTESIAN_POINT('',(16.632701518414,-56.83499718978));
#7774 = CARTESIAN_POINT('',(16.824945191569,-56.97897596276));
#7775 = CARTESIAN_POINT('',(17.015645673125,-57.12483198512));
#7776 = CARTESIAN_POINT('',(17.20489847208,-57.27246515215));
#7777 = CARTESIAN_POINT('',(17.392799097437,-57.42177535913));
#7778 = CARTESIAN_POINT('',(17.579443058195,-57.57266250134));
#7779 = CARTESIAN_POINT('',(17.894791472779,-57.83170396448));
#7780 = CARTESIAN_POINT('',(18.024085040726,-57.93909508));
#7781 = CARTESIAN_POINT('',(18.152815495099,-58.04717981028));
#7782 = CARTESIAN_POINT('',(18.280991686356,-58.15593850869));
#7783 = CARTESIAN_POINT('',(18.4086223875,-58.26535189229));
#7784 = CARTESIAN_POINT('',(18.535716294088,-58.37540104184));
#7785 = CARTESIAN_POINT('',(18.662282024226,-58.48606740179));
#7786 = CARTESIAN_POINT('',(19.004459416038,-58.78811957732));
#7787 = CARTESIAN_POINT('',(19.219063236976,-58.98066503882));
#7788 = CARTESIAN_POINT('',(19.432185826474,-59.17488710587));
#7789 = CARTESIAN_POINT('',(19.643870625949,-59.37065145476));
#7790 = CARTESIAN_POINT('',(19.854170598088,-59.56796250027));
#7791 = CARTESIAN_POINT('',(20.063125315612,-59.76659080809));
#7792 = CARTESIAN_POINT('',(20.270789468638,-59.96656758721));
#7793 = CARTESIAN_POINT('',(20.683616202146,-60.36901446044));
#7794 = CARTESIAN_POINT('',(20.888772460507,-60.5714811534));
#7795 = CARTESIAN_POINT('',(21.092735193955,-60.77513856871));
#7796 = CARTESIAN_POINT('',(21.295557922212,-60.97992436168));
#7797 = CARTESIAN_POINT('',(21.497294164999,-61.18577618758));
#7798 = CARTESIAN_POINT('',(21.697997442037,-61.3926317017));
#7799 = CARTESIAN_POINT('',(21.897721273048,-61.60042855935));
#7800 = CARTESIAN_POINT('',(22.21248390572,-61.93083124668));
#7801 = CARTESIAN_POINT('',(22.328134931877,-62.05285609968));
#7802 = CARTESIAN_POINT('',(22.443481496256,-62.17516857355));
#7803 = CARTESIAN_POINT('',(22.558532492948,-62.29775879662));
#7804 = CARTESIAN_POINT('',(22.673296470105,-62.42061742679));
#7805 = CARTESIAN_POINT('',(22.787781629941,-62.54373565151));
#7806 = CARTESIAN_POINT('',(22.901995828728,-62.6671051878));
#7807 = CARTESIAN_POINT('',(23.195012258094,-62.98496766934));
#7808 = CARTESIAN_POINT('',(23.373429151661,-63.1798176876));
#7809 = CARTESIAN_POINT('',(23.551229328233,-63.37523507057));
#7810 = CARTESIAN_POINT('',(23.728444858542,-63.57118655183));
#7811 = CARTESIAN_POINT('',(23.905107813323,-63.76763886493));
#7812 = CARTESIAN_POINT('',(24.081250263307,-63.96455874343));
#7813 = CARTESIAN_POINT('',(24.256904279229,-64.16191292092));
#7814 = CARTESIAN_POINT('',(24.623227059259,-64.57540155635));
#7815 = CARTESIAN_POINT('',(24.813807355579,-64.79161191137));
#7816 = CARTESIAN_POINT('',(25.00388948518,-65.00825088649));
#7817 = CARTESIAN_POINT('',(25.193508968201,-65.22529087992));
#7818 = CARTESIAN_POINT('',(25.382705490482,-65.44269705098));
#7819 = CARTESIAN_POINT('',(25.571520698054,-65.66043130551));
#7820 = CARTESIAN_POINT('',(25.759992816226,-65.87846209431));
#7821 = CARTESIAN_POINT('',(26.277458854675,-66.47876410143));
#7822 = CARTESIAN_POINT('',(26.605827249945,-66.861573292));
#7823 = CARTESIAN_POINT('',(26.933482566692,-67.24499289125));
#7824 = CARTESIAN_POINT('',(27.260629446208,-67.62885147375));
#7825 = CARTESIAN_POINT('',(27.587502883308,-68.01293037357));
#7826 = CARTESIAN_POINT('',(27.914288135387,-68.39709024158));
#7827 = CARTESIAN_POINT('',(28.241209230022,-68.78113138755));
#7828 = CARTESIAN_POINT('',(28.724312526367,-69.3476197367));
#7829 = CARTESIAN_POINT('',(28.880229724181,-69.53029142022));
#7830 = CARTESIAN_POINT('',(29.036247490692,-69.71287757291));
#7831 = CARTESIAN_POINT('',(29.192388553324,-69.89535894566));
#7832 = CARTESIAN_POINT('',(29.34867559581,-70.07771634742));
#7833 = CARTESIAN_POINT('',(29.505131323897,-70.25993055498));
#7834 = CARTESIAN_POINT('',(29.661778531048,-70.44198222287));
#7835 = CARTESIAN_POINT('',(30.069619644933,-70.91484411175));
#7836 = CARTESIAN_POINT('',(30.321147070926,-71.2053665655));
#7837 = CARTESIAN_POINT('',(30.573323220085,-71.4953282228));
#7838 = CARTESIAN_POINT('',(30.826248317538,-71.78463752341));
#7839 = CARTESIAN_POINT('',(31.080022035601,-72.07320227845));
#7840 = CARTESIAN_POINT('',(31.334743493775,-72.36092967037));
#7841 = CARTESIAN_POINT('',(31.590511258745,-72.647726253));
#7842 = CARTESIAN_POINT('',(31.975879987694,-73.07638446868));
#7843 = CARTESIAN_POINT('',(32.104623192186,-73.21901381232));
#7844 = CARTESIAN_POINT('',(32.233664945556,-73.36137677679));
#7845 = CARTESIAN_POINT('',(32.363017616571,-73.50346250127));
#7846 = CARTESIAN_POINT('',(32.49269395507,-73.64525846966));
#7847 = CARTESIAN_POINT('',(32.622707091964,-73.78675051066));
#7848 = CARTESIAN_POINT('',(32.753070539234,-73.92792279769));
#7849 = CARTESIAN_POINT('',(33.0145258898,-74.20959295319));
#7850 = CARTESIAN_POINT('',(33.145617782447,-74.35009144472));
#7851 = CARTESIAN_POINT('',(33.277087470343,-74.49023749899));
#7852 = CARTESIAN_POINT('',(33.408948555963,-74.63001529145));
#7853 = CARTESIAN_POINT('',(33.54121464178,-74.76940899754));
#7854 = CARTESIAN_POINT('',(33.673899330268,-74.9084027927));
#7855 = CARTESIAN_POINT('',(33.807016223899,-75.04698085239));
#7856 = CARTESIAN_POINT('',(34.040750951085,-75.28873722679));
#7857 = CARTESIAN_POINT('',(34.141173743807,-75.39210434901));
#7858 = CARTESIAN_POINT('',(34.241853041858,-75.49522204274));
#7859 = CARTESIAN_POINT('',(34.342794583781,-75.59808363198));
#7860 = CARTESIAN_POINT('',(34.444004108119,-75.70068244075));
#7861 = CARTESIAN_POINT('',(34.545487353416,-75.80301179307));
#7862 = CARTESIAN_POINT('',(34.647250058216,-75.90506501296));
#7863 = CARTESIAN_POINT('',(34.953391968476,-76.21037445397));
#7864 = CARTESIAN_POINT('',(35.158630189169,-76.41278645079));
#7865 = CARTESIAN_POINT('',(35.365060026429,-76.61400607705));
#7866 = CARTESIAN_POINT('',(35.572701639843,-76.81402941127));
#7867 = CARTESIAN_POINT('',(35.781647131863,-77.01266878042));
#7868 = CARTESIAN_POINT('',(35.991909174503,-77.20993366076));
#7869 = CARTESIAN_POINT('',(36.203552342197,-77.4056984642));
#7870 = CARTESIAN_POINT('',(36.57641545161,-77.74554396507));
#7871 = CARTESIAN_POINT('',(36.737015197939,-77.89031046766));
#7872 = CARTESIAN_POINT('',(36.898435917664,-78.03416155354));
#7873 = CARTESIAN_POINT('',(37.060697692737,-78.17706372103));
#7874 = CARTESIAN_POINT('',(37.223820605113,-78.31898346845));
#7875 = CARTESIAN_POINT('',(37.387824736745,-78.45988729411));
#7876 = CARTESIAN_POINT('',(37.552730169588,-78.59974169633));
#7877 = CARTESIAN_POINT('',(37.847544234157,-78.84645561267));
#7878 = CARTESIAN_POINT('',(37.977086183181,-78.95374189039));
#7879 = CARTESIAN_POINT('',(38.107191417668,-79.06035480215));
#7880 = CARTESIAN_POINT('',(38.237868475882,-79.16627552434));
#7881 = CARTESIAN_POINT('',(38.369125849349,-79.27148361422));
#7882 = CARTESIAN_POINT('',(38.500971982858,-79.37595700987));
#7883 = CARTESIAN_POINT('',(38.633415274459,-79.47967203025));
#7884 = CARTESIAN_POINT('',(38.956543023285,-79.7296552959));
#7885 = CARTESIAN_POINT('',(39.147857646225,-79.87511095452));
#7886 = CARTESIAN_POINT('',(39.340429579065,-80.01890203701));
#7887 = CARTESIAN_POINT('',(39.534280456586,-80.16096022933));
#7888 = CARTESIAN_POINT('',(39.729431913567,-80.30121721745));
#7889 = CARTESIAN_POINT('',(39.925905584789,-80.43960468732));
#7890 = CARTESIAN_POINT('',(40.12372310503,-80.57605432493));
#7891 = CARTESIAN_POINT('',(40.542005415498,-80.85838430804));
#7892 = CARTESIAN_POINT('',(40.762760180843,-81.0038472648));
#7893 = CARTESIAN_POINT('',(40.985192185678,-81.14678021682));
#7894 = CARTESIAN_POINT('',(41.209353502901,-81.28713400317));
#7895 = CARTESIAN_POINT('',(41.435241805283,-81.42477750498));
#7896 = CARTESIAN_POINT('',(41.662839426365,-81.55955957889));
#7897 = CARTESIAN_POINT('',(41.892159190476,-81.69138424183));
#7898 = CARTESIAN_POINT('',(42.354205271753,-81.9488405297));
#7899 = CARTESIAN_POINT('',(42.586943143456,-82.07447971755));
#7900 = CARTESIAN_POINT('',(42.82139254076,-82.19690661861));
#7901 = CARTESIAN_POINT('',(43.057552361691,-82.31599912999));
#7902 = CARTESIAN_POINT('',(43.295421504275,-82.4316351488));
#7903 = CARTESIAN_POINT('',(43.534998866537,-82.54369257214));
#7904 = CARTESIAN_POINT('',(43.776283346502,-82.65204929713));
#7905 = CARTESIAN_POINT('',(44.394849487153,-82.91815495527));
#7906 = CARTESIAN_POINT('',(44.774441283067,-83.07056521027));
#7907 = CARTESIAN_POINT('',(45.157876712897,-83.21337140531));
#7908 = CARTESIAN_POINT('',(45.544965933728,-83.34611438881));
#7909 = CARTESIAN_POINT('',(45.935500335592,-83.46832320228));
#7910 = CARTESIAN_POINT('',(46.32925110028,-83.57951984427));
#7911 = CARTESIAN_POINT('',(46.725967760166,-83.67922403441));
#7912 = CARTESIAN_POINT('',(47.313369869924,-83.80825243297));
#7913 = CARTESIAN_POINT('',(47.501960500502,-83.84689210988));
#7914 = CARTESIAN_POINT('',(47.691104858712,-83.88284817287));
#7915 = CARTESIAN_POINT('',(47.880758501151,-83.91609152876));
#7916 = CARTESIAN_POINT('',(48.070876331061,-83.94659282644));
#7917 = CARTESIAN_POINT('',(48.261412598323,-83.97432245692));
#7918 = CARTESIAN_POINT('',(48.452320899464,-83.99925055329));
#7919 = CARTESIAN_POINT('',(48.858697859854,-84.04620620439));
#7920 = CARTESIAN_POINT('',(49.074250082788,-84.06748037439));
#7921 = CARTESIAN_POINT('',(49.290142092487,-84.08512826808));
#7922 = CARTESIAN_POINT('',(49.506305336092,-84.09910660695));
#7923 = CARTESIAN_POINT('',(49.722671345125,-84.10937130238));
#7924 = CARTESIAN_POINT('',(49.939171618768,-84.11587869142));
#7925 = CARTESIAN_POINT('',(50.155737507134,-84.11858677256));
#7926 = CARTESIAN_POINT('',(50.564799908301,-84.11645170419));
#7927 = CARTESIAN_POINT('',(50.757294785686,-84.11242104504));
#7928 = CARTESIAN_POINT('',(50.949727529081,-84.10536778305));
#7929 = CARTESIAN_POINT('',(51.142040940864,-84.09529523721));
#7930 = CARTESIAN_POINT('',(51.334177823413,-84.08220672652));
#7931 = CARTESIAN_POINT('',(51.526080979106,-84.06610556996));
#7932 = CARTESIAN_POINT('',(51.717693210322,-84.04699508652));
#7933 = CARTESIAN_POINT('',(52.100221398323,-84.00276210737));
#7934 = CARTESIAN_POINT('',(52.291137456799,-83.97763979965));
#7935 = CARTESIAN_POINT('',(52.481648181887,-83.94951472293));
#7936 = CARTESIAN_POINT('',(52.671696315937,-83.91839006771));
#7937 = CARTESIAN_POINT('',(52.861224656627,-83.88426916406));
#7938 = CARTESIAN_POINT('',(53.050176056966,-83.84715548163));
#7939 = CARTESIAN_POINT('',(53.238493425291,-83.80705262966));
#7940 = CARTESIAN_POINT('',(53.684105910714,-83.70471797675));
#7941 = CARTESIAN_POINT('',(53.940788603986,-83.63983546014));
#7942 = CARTESIAN_POINT('',(54.196043753882,-83.56939172482));
#7943 = CARTESIAN_POINT('',(54.449747309202,-83.4934616885));
#7944 = CARTESIAN_POINT('',(54.701775218746,-83.41212026884));
#7945 = CARTESIAN_POINT('',(54.952003431316,-83.32544238353));
#7946 = CARTESIAN_POINT('',(55.20030789571,-83.23350295027));
#7947 = CARTESIAN_POINT('',(55.692820928745,-83.03925094034));
#7948 = CARTESIAN_POINT('',(55.937026823224,-82.93693228845));
#7949 = CARTESIAN_POINT('',(56.179080265738,-82.82952515341));
#7950 = CARTESIAN_POINT('',(56.418803457393,-82.71705275128));
#7951 = CARTESIAN_POINT('',(56.656099537726,-82.59960837111));
#7952 = CARTESIAN_POINT('',(56.890908096824,-82.47731806089));
#7953 = CARTESIAN_POINT('',(57.123128738419,-82.35026801269));
#7954 = CARTESIAN_POINT('',(57.540496778879,-82.11078111096));
#7955 = CARTESIAN_POINT('',(57.726522690754,-81.99988994166));
#7956 = CARTESIAN_POINT('',(57.910711356636,-81.8859291211));
#7957 = CARTESIAN_POINT('',(58.093014405801,-81.76895153844));
#7958 = CARTESIAN_POINT('',(58.273383467528,-81.64901008281));
#7959 = CARTESIAN_POINT('',(58.451770171094,-81.52615764335));
#7960 = CARTESIAN_POINT('',(58.628126145777,-81.40044710921));
#7961 = CARTESIAN_POINT('',(59.054122542102,-81.08630765753));
#7962 = CARTESIAN_POINT('',(59.301511105471,-80.89482725003));
#7963 = CARTESIAN_POINT('',(59.54441886055,-80.69764165293));
#7964 = CARTESIAN_POINT('',(59.782774987344,-80.49491664064));
#7965 = CARTESIAN_POINT('',(60.016418490035,-80.28679940258));
#7966 = CARTESIAN_POINT('',(60.245270453872,-80.07345242457));
#7967 = CARTESIAN_POINT('',(60.469203657334,-79.85502582626));
#7968 = CARTESIAN_POINT('',(60.923856008671,-79.39114531406));
#7969 = CARTESIAN_POINT('',(61.153770248786,-79.14490584329));
#7970 = CARTESIAN_POINT('',(61.377726915152,-78.89313982108));
#7971 = CARTESIAN_POINT('',(61.595563306363,-78.63605371817));
#7972 = CARTESIAN_POINT('',(61.807181250914,-78.37380904152));
#7973 = CARTESIAN_POINT('',(62.012432718197,-78.1066042539));
#7974 = CARTESIAN_POINT('',(62.211196056542,-77.8346170556));
#7975 = CARTESIAN_POINT('',(62.513136762117,-77.39998579751));
#7976 = CARTESIAN_POINT('',(62.620771244603,-77.24043870482));
#7977 = CARTESIAN_POINT('',(62.726220849139,-77.07942435454));
#7978 = CARTESIAN_POINT('',(62.829461610509,-76.91697677824));
#7979 = CARTESIAN_POINT('',(62.930469594684,-76.75313012601));
#7980 = CARTESIAN_POINT('',(63.029220898818,-76.58791866645));
#7981 = CARTESIAN_POINT('',(63.125691651252,-76.42137678665));
#7982 = CARTESIAN_POINT('',(63.372877377556,-75.98080430403));
#7983 = CARTESIAN_POINT('',(63.519810321704,-75.70465295934));
#7984 = CARTESIAN_POINT('',(63.660556387201,-75.42523885422));
#7985 = CARTESIAN_POINT('',(63.795014128195,-75.14271683925));
#7986 = CARTESIAN_POINT('',(63.923081338713,-74.85724282472));
#7987 = CARTESIAN_POINT('',(64.044655281625,-74.56897388576));
#7988 = CARTESIAN_POINT('',(64.159632917612,-74.27806836756));
#7989 = CARTESIAN_POINT('',(64.317885470464,-73.84927934956));
#7990 = CARTESIAN_POINT('',(64.366432908492,-73.71334451571));
#7991 = CARTESIAN_POINT('',(64.413543162432,-73.57689621811));
#7992 = CARTESIAN_POINT('',(64.459206411422,-73.43995023156));
#7993 = CARTESIAN_POINT('',(64.503413299518,-73.30252337644));
#7994 = CARTESIAN_POINT('',(64.546154935698,-73.16463351878));
#7995 = CARTESIAN_POINT('',(64.587422893859,-73.02629957019));
#7996 = CARTESIAN_POINT('',(64.673626691003,-72.72565668872));
#7997 = CARTESIAN_POINT('',(64.718027053083,-72.56319292133));
#7998 = CARTESIAN_POINT('',(64.760396587773,-72.40017916154));
#7999 = CARTESIAN_POINT('',(64.800721583782,-72.23664438518));
#8000 = CARTESIAN_POINT('',(64.83898832982,-72.07261756804));
#8001 = CARTESIAN_POINT('',(64.875183114597,-71.90812768594));
#8002 = CARTESIAN_POINT('',(64.909292226822,-71.74320371468));
#8003 = CARTESIAN_POINT('',(64.96873886194,-71.43616400321));
#8004 = CARTESIAN_POINT('',(64.994633661373,-71.2941558443));
#8005 = CARTESIAN_POINT('',(65.018977296648,-71.15186823508));
#8006 = CARTESIAN_POINT('',(65.041760934197,-71.00931934951));
#8007 = CARTESIAN_POINT('',(65.062975963739,-70.86652745376));
#8008 = CARTESIAN_POINT('',(65.082613998278,-70.72351090625));
#8009 = CARTESIAN_POINT('',(65.100666874108,-70.58028815763));
#8010 = CARTESIAN_POINT('',(65.144559570915,-70.19786076368));
#8011 = CARTESIAN_POINT('',(65.16757185158,-69.95832656429));
#8012 = CARTESIAN_POINT('',(65.186144451137,-69.7183743433));
#8013 = CARTESIAN_POINT('',(65.200258327924,-69.47810329144));
#8014 = CARTESIAN_POINT('',(65.209894440281,-69.23761259941));
#8015 = CARTESIAN_POINT('',(65.215033746545,-68.99700145795));
#8016 = CARTESIAN_POINT('',(65.215657205053,-68.75636905777));
#8017 = CARTESIAN_POINT('',(65.207834339992,-68.27525992195));
#8018 = CARTESIAN_POINT('',(65.199382957079,-68.03478381715));
#8019 = CARTESIAN_POINT('',(65.186395597653,-67.79448477729));
#8020 = CARTESIAN_POINT('',(65.168821342313,-67.5544609076));
#8021 = CARTESIAN_POINT('',(65.146632254887,-67.31481169095));
#8022 = CARTESIAN_POINT('',(65.119849972531,-67.07563899027));
#8023 = CARTESIAN_POINT('',(65.088521011042,-66.83704727902));
#8024 = CARTESIAN_POINT('',(65.023936508149,-66.40881911466));
#8025 = CARTESIAN_POINT('',(64.992321933031,-66.21893369287));
#8026 = CARTESIAN_POINT('',(64.957804978247,-66.02953973345));
#8027 = CARTESIAN_POINT('',(64.920393562007,-65.84069013568));
#8028 = CARTESIAN_POINT('',(64.880095602521,-65.65243779883));
#8029 = CARTESIAN_POINT('',(64.836919017997,-65.46483562218));
#8030 = CARTESIAN_POINT('',(64.790871726645,-65.27793650499));
#8031 = CARTESIAN_POINT('',(64.69916617675,-64.92892131805));
#8032 = CARTESIAN_POINT('',(64.654177132627,-64.76662732734));
#8033 = CARTESIAN_POINT('',(64.606999322093,-64.60494701414));
#8034 = CARTESIAN_POINT('',(64.55764131285,-64.44391474603));
#8035 = CARTESIAN_POINT('',(64.506115432512,-64.28356361843));
#8036 = CARTESIAN_POINT('',(64.452437768608,-64.1239254546));
#8037 = CARTESIAN_POINT('',(64.396628168579,-63.96503080568));
#8038 = CARTESIAN_POINT('',(64.239425473286,-63.535851408));
#8039 = CARTESIAN_POINT('',(64.133934012728,-63.26706660671));
#8040 = CARTESIAN_POINT('',(64.0223207434,-63.00071108487));
#8041 = CARTESIAN_POINT('',(63.90468546219,-62.73693326319));
#8042 = CARTESIAN_POINT('',(63.781081115223,-62.47590854112));
#8043 = CARTESIAN_POINT('',(63.651658540057,-62.21774570725));
#8044 = CARTESIAN_POINT('',(63.516414863583,-61.96266205647));
#8045 = CARTESIAN_POINT('',(63.269863096686,-61.52181128995));
#8046 = CARTESIAN_POINT('',(63.161024663709,-61.33466672754));
#8047 = CARTESIAN_POINT('',(63.049061337028,-61.14935417914));
#8048 = CARTESIAN_POINT('',(62.934025907005,-60.96592185638));
#8049 = CARTESIAN_POINT('',(62.815971164002,-60.78441797093));
#8050 = CARTESIAN_POINT('',(62.694949898378,-60.60489073444));
#8051 = CARTESIAN_POINT('',(62.571014900495,-60.42738835855));
#8052 = CARTESIAN_POINT('',(62.34560019956,-60.11551446036));
#8053 = CARTESIAN_POINT('',(62.245250693162,-59.98032158504));
#8054 = CARTESIAN_POINT('',(62.143194844475,-59.8464071166));
#8055 = CARTESIAN_POINT('',(62.039457519186,-59.71379483547));
#8056 = CARTESIAN_POINT('',(61.934064045715,-59.58250561476));
#8057 = CARTESIAN_POINT('',(61.827040215212,-59.45255742036));
#8058 = CARTESIAN_POINT('',(61.718412281557,-59.32396531084));
#8059 = CARTESIAN_POINT('',(61.435027456714,-58.9968185362));
#8060 = CARTESIAN_POINT('',(61.257952885027,-58.80027802145));
#8061 = CARTESIAN_POINT('',(61.07708597664,-58.60718006822));
#8062 = CARTESIAN_POINT('',(60.892528760542,-58.41758429992));
#8063 = CARTESIAN_POINT('',(60.704383514591,-58.23155053179));
#8064 = CARTESIAN_POINT('',(60.512752979058,-58.04913893915));
#8065 = CARTESIAN_POINT('',(60.317739833487,-57.87040965064));
#8066 = CARTESIAN_POINT('',(59.903124081908,-57.50452572058));
#8067 = CARTESIAN_POINT('',(59.682895457147,-57.31808030639));
#8068 = CARTESIAN_POINT('',(59.458881278444,-57.1361539981));
#8069 = CARTESIAN_POINT('',(59.231203261635,-56.95881526998));
#8070 = CARTESIAN_POINT('',(58.999983122561,-56.78613259631));
#8071 = CARTESIAN_POINT('',(58.765342577058,-56.61817445135));
#8072 = CARTESIAN_POINT('',(58.527403340966,-56.45500930937));
#8073 = CARTESIAN_POINT('',(58.125542987712,-56.19116986694));
#8074 = CARTESIAN_POINT('',(57.963387623718,-56.08779392323));
#8075 = CARTESIAN_POINT('',(57.79985195411,-55.98660361835));
#8076 = CARTESIAN_POINT('',(57.634966872405,-55.88762477849));
#8077 = CARTESIAN_POINT('',(57.468763249661,-55.79088325115));
#8078 = CARTESIAN_POINT('',(57.301271934484,-55.69640490514));
#8079 = CARTESIAN_POINT('',(57.132523753024,-55.60421563059));
#8080 = CARTESIAN_POINT('',(56.835067832739,-55.44693509506));
#8081 = CARTESIAN_POINT('',(56.706897164005,-55.38083759729));
#8082 = CARTESIAN_POINT('',(56.578050736776,-55.31604892867));
#8083 = CARTESIAN_POINT('',(56.448541361994,-55.25257629704));
#8084 = CARTESIAN_POINT('',(56.318381427542,-55.19043403506));
#8085 = CARTESIAN_POINT('',(56.187582898243,-55.12964360016));
#8086 = CARTESIAN_POINT('',(56.05615731586,-55.07023357459));
#8087 = CARTESIAN_POINT('',(55.704043851983,-54.91558194118));
#8088 = CARTESIAN_POINT('',(55.482264714191,-54.82285571003));
#8089 = CARTESIAN_POINT('',(55.258825369498,-54.73420895174));
#8090 = CARTESIAN_POINT('',(55.033772045177,-54.64978437381));
#8091 = CARTESIAN_POINT('',(54.80715735059,-54.56971104744));
#8092 = CARTESIAN_POINT('',(54.579038611219,-54.49411969087));
#8093 = CARTESIAN_POINT('',(54.349467398132,-54.42318160018));
#8094 = CARTESIAN_POINT('',(53.881264327602,-54.28938661708));
#8095 = CARTESIAN_POINT('',(53.642702045743,-54.22644374122));
#8096 = CARTESIAN_POINT('',(53.402443570449,-54.17059884611));
#8097 = CARTESIAN_POINT('',(53.160909385345,-54.11781351388));
#8098 = CARTESIAN_POINT('',(52.918227183892,-54.07012774733));
#8099 = CARTESIAN_POINT('',(52.674164835509,-54.03325177805));
#8100 = CARTESIAN_POINT('',(52.428560968013,-54.00997619622));
#8101 = CARTESIAN_POINT('',(52.181764705882,-54.));
#8102 = ( GEOMETRIC_REPRESENTATION_CONTEXT(2) 
PARAMETRIC_REPRESENTATION_CONTEXT() REPRESENTATION_CONTEXT('2D SPACE',''
  ) );
#8103 = PCURVE('',#8104,#8183);
#8104 = SURFACE_OF_LINEAR_EXTRUSION('',#8105,#8181);
#8105 = B_SPLINE_CURVE_WITH_KNOTS('',3,(#8106,#8107,#8108,#8109,#8110,
    #8111,#8112,#8113,#8114,#8115,#8116,#8117,#8118,#8119,#8120,#8121,
    #8122,#8123,#8124,#8125,#8126,#8127,#8128,#8129,#8130,#8131,#8132,
    #8133,#8134,#8135,#8136,#8137,#8138,#8139,#8140,#8141,#8142,#8143,
    #8144,#8145,#8146,#8147,#8148,#8149,#8150,#8151,#8152,#8153,#8154,
    #8155,#8156,#8157,#8158,#8159,#8160,#8161,#8162,#8163,#8164,#8165,
    #8166,#8167,#8168,#8169,#8170,#8171,#8172,#8173,#8174,#8175,#8176,
    #8177,#8178,#8179,#8180),.UNSPECIFIED.,.T.,.F.,(1,1,2,1,1,1,1,1,1,1,
    1,1,1,1,1,1,1,1,1,1,1,1,1,1,1,1,1,1,1,1,1,1,1,1,1,1,1,1,1,1,1,1,1,1,
    1,1,1,1,1,1,1,1,1,1,1,1,1,1,1,1,1,1,1,1,1,1,1,1,1,1,1,1,1,1,2,1,1),(
    -1.152383258025,-0.292347653421,0.,0.292347653421,1.152383258025,
    2.531763211623,4.357324372874,6.541311303742,8.993722965874,
    11.634747290256,14.40458572829,17.267683896657,20.209332921746,
    23.225482163113,26.310290024712,29.447477795922,32.609491162747,
    35.764772884072,38.890530666964,41.986457081389,45.083121407609,
    48.238363033234,51.519717655134,54.980369079723,58.64071456808,
    62.481879447563,66.449538918026,70.463470696588,74.42907647933,
    78.24855442511,81.830376582503,85.096297538584,87.985521631181,
    90.456001778319,92.483159141607,94.056586553485,95.175507777349,
    95.843888565093,96.066129200632,96.288369836172,96.956750623916,
    98.07567184778,99.649099259658,101.67625662294,104.14673677008,
    107.03596086268,110.30188181876,113.88370397615,117.70318192193,
    121.66878770467,125.68271948323,129.6503789537,133.49154383318,
    137.15188932154,140.61254074613,143.89389536803,147.04913699365,
    150.14580131987,153.2417277343,156.36748551719,159.52276723851,
    162.68478060534,165.82196837655,168.90677623815,171.92292547951,
    174.8645745046,177.72767267297,180.497511111,183.13853543539,
    185.59094709752,187.77493402839,189.60049518964,190.97987514323,
    191.83991074784,192.13225840126,192.42460605468,193.28464165929),
  .UNSPECIFIED.);
#8106 = CARTESIAN_POINT('',(0.,45.996059908033,52.084292688677));
#8107 = CARTESIAN_POINT('',(0.,46.003940091967,52.279236723088));
#8108 = CARTESIAN_POINT('',(0.,46.030305728054,52.662481329338));
#8109 = CARTESIAN_POINT('',(0.,46.177729743067,53.495741258526));
#8110 = CARTESIAN_POINT('',(0.,46.540108551456,54.80344883785));
#8111 = CARTESIAN_POINT('',(0.,47.21870913623,56.471793593433));
#8112 = CARTESIAN_POINT('',(0.,48.276510257732,58.355343134553));
#8113 = CARTESIAN_POINT('',(0.,49.756254987285,60.289174282998));
#8114 = CARTESIAN_POINT('',(0.,51.66679210055,62.101597561795));
#8115 = CARTESIAN_POINT('',(0.,53.983482853792,63.627137736795));
#8116 = CARTESIAN_POINT('',(0.,56.6450219814,64.719980108453));
#8117 = CARTESIAN_POINT('',(0.,59.555140997232,65.268006634203));
#8118 = CARTESIAN_POINT('',(0.,62.590227041243,65.204190358077));
#8119 = CARTESIAN_POINT('',(0.,65.612023924359,64.510048562488));
#8120 = CARTESIAN_POINT('',(0.,68.479639610149,63.210244036678));
#8121 = CARTESIAN_POINT('',(0.,71.057731247999,61.362690938386));
#8122 = CARTESIAN_POINT('',(0.,73.221838535132,59.048124585569));
#8123 = CARTESIAN_POINT('',(0.,74.862352020622,56.360884752481));
#8124 = CARTESIAN_POINT('',(0.,75.888307715109,53.402593222809));
#8125 = CARTESIAN_POINT('',(0.,76.234483069148,50.279412319181));
#8126 = CARTESIAN_POINT('',(0.,75.874831354333,47.096940684692));
#8127 = CARTESIAN_POINT('',(0.,74.833046889411,43.945094052989));
#8128 = CARTESIAN_POINT('',(0.,73.176706075742,40.882391363139));
#8129 = CARTESIAN_POINT('',(0.,71.002044066417,37.934894052153));
#8130 = CARTESIAN_POINT('',(0.,68.423637378015,35.105911634133));
#8131 = CARTESIAN_POINT('',(0.,65.569101123956,32.386039143772));
#8132 = CARTESIAN_POINT('',(0.,62.573743209763,29.760955455541));
#8133 = CARTESIAN_POINT('',(0.,59.573561160218,27.21788320301));
#8134 = CARTESIAN_POINT('',(0.,56.697217501955,24.751396483482));
#8135 = CARTESIAN_POINT('',(0.,54.058087197002,22.367228343477));
#8136 = CARTESIAN_POINT('',(0.,51.747043811977,20.086841972818));
#8137 = CARTESIAN_POINT('',(0.,49.827152635952,17.941409936288));
#8138 = CARTESIAN_POINT('',(0.,48.328862061635,15.989725582082));
#8139 = CARTESIAN_POINT('',(0.,47.251383176153,14.255941209396));
#8140 = CARTESIAN_POINT('',(0.,46.554841039136,12.885229310288));
#8141 = CARTESIAN_POINT('',(0.,46.184587098762,11.726584638171));
#8142 = CARTESIAN_POINT('',(0.,46.028456857849,11.246401772859));
#8143 = CARTESIAN_POINT('',(0.,46.,10.651121394563));
#8144 = CARTESIAN_POINT('',(0.,45.971543142151,11.246401772859));
#8145 = CARTESIAN_POINT('',(0.,45.815412901238,11.726584638171));
#8146 = CARTESIAN_POINT('',(0.,45.445158960864,12.885229310288));
#8147 = CARTESIAN_POINT('',(0.,44.748616823847,14.255941209396));
#8148 = CARTESIAN_POINT('',(0.,43.671137938365,15.989725582082));
#8149 = CARTESIAN_POINT('',(0.,42.172847364048,17.941409936288));
#8150 = CARTESIAN_POINT('',(0.,40.252956188023,20.086841972818));
#8151 = CARTESIAN_POINT('',(0.,37.941912802998,22.367228343477));
#8152 = CARTESIAN_POINT('',(0.,35.302782498045,24.751396483482));
#8153 = CARTESIAN_POINT('',(0.,32.426438839782,27.21788320301));
#8154 = CARTESIAN_POINT('',(0.,29.426256790238,29.760955455541));
#8155 = CARTESIAN_POINT('',(0.,26.430898876044,32.386039143771));
#8156 = CARTESIAN_POINT('',(0.,23.576362621985,35.105911634134));
#8157 = CARTESIAN_POINT('',(0.,20.997955933583,37.93489405215));
#8158 = CARTESIAN_POINT('',(0.,18.823293924258,40.88239136315));
#8159 = CARTESIAN_POINT('',(0.,17.166953110589,43.94509405295));
#8160 = CARTESIAN_POINT('',(0.,16.125168645667,47.096940684826));
#8161 = CARTESIAN_POINT('',(0.,15.765516930852,50.279412318704));
#8162 = CARTESIAN_POINT('',(0.,16.111692284891,53.402593224554));
#8163 = CARTESIAN_POINT('',(0.,17.137647979378,56.360884745938));
#8164 = CARTESIAN_POINT('',(0.,18.778161464868,59.048124610347));
#8165 = CARTESIAN_POINT('',(0.,20.942268752001,61.362690844883));
#8166 = CARTESIAN_POINT('',(0.,23.520360389851,63.210244385188));
#8167 = CARTESIAN_POINT('',(0.,26.387976075641,64.510047282405));
#8168 = CARTESIAN_POINT('',(0.,29.409772958757,65.204195003847));
#8169 = CARTESIAN_POINT('',(0.,32.444859002768,65.267989891554));
#8170 = CARTESIAN_POINT('',(0.,35.3549780186,64.720040239931));
#8171 = CARTESIAN_POINT('',(0.,38.016517146208,63.626922785218));
#8172 = CARTESIAN_POINT('',(0.,40.33320789945,62.102356309622));
#8173 = CARTESIAN_POINT('',(0.,42.243745012715,60.286566497251));
#8174 = CARTESIAN_POINT('',(0.,43.723489742268,58.363907252262));
#8175 = CARTESIAN_POINT('',(0.,44.78129086377,56.445563067829));
#8176 = CARTESIAN_POINT('',(0.,45.459891448543,54.875768290399));
#8177 = CARTESIAN_POINT('',(0.,45.822270256933,53.327792326805));
#8178 = CARTESIAN_POINT('',(0.,45.969694271946,52.936816196338));
#8179 = CARTESIAN_POINT('',(0.,45.996059908033,52.084292688677));
#8180 = CARTESIAN_POINT('',(0.,46.003940091967,52.279236723088));
#8181 = VECTOR('',#8182,1.);
#8182 = DIRECTION('',(-1.,0.,0.));
#8183 = DEFINITIONAL_REPRESENTATION('',(#8184),#8922);
#8184 = B_SPLINE_CURVE_WITH_KNOTS('',8,(#8185,#8186,#8187,#8188,#8189,
    #8190,#8191,#8192,#8193,#8194,#8195,#8196,#8197,#8198,#8199,#8200,
    #8201,#8202,#8203,#8204,#8205,#8206,#8207,#8208,#8209,#8210,#8211,
    #8212,#8213,#8214,#8215,#8216,#8217,#8218,#8219,#8220,#8221,#8222,
    #8223,#8224,#8225,#8226,#8227,#8228,#8229,#8230,#8231,#8232,#8233,
    #8234,#8235,#8236,#8237,#8238,#8239,#8240,#8241,#8242,#8243,#8244,
    #8245,#8246,#8247,#8248,#8249,#8250,#8251,#8252,#8253,#8254,#8255,
    #8256,#8257,#8258,#8259,#8260,#8261,#8262,#8263,#8264,#8265,#8266,
    #8267,#8268,#8269,#8270,#8271,#8272,#8273,#8274,#8275,#8276,#8277,
    #8278,#8279,#8280,#8281,#8282,#8283,#8284,#8285,#8286,#8287,#8288,
    #8289,#8290,#8291,#8292,#8293,#8294,#8295,#8296,#8297,#8298,#8299,
    #8300,#8301,#8302,#8303,#8304,#8305,#8306,#8307,#8308,#8309,#8310,
    #8311,#8312,#8313,#8314,#8315,#8316,#8317,#8318,#8319,#8320,#8321,
    #8322,#8323,#8324,#8325,#8326,#8327,#8328,#8329,#8330,#8331,#8332,
    #8333,#8334,#8335,#8336,#8337,#8338,#8339,#8340,#8341,#8342,#8343,
    #8344,#8345,#8346,#8347,#8348,#8349,#8350,#8351,#8352,#8353,#8354,
    #8355,#8356,#8357,#8358,#8359,#8360,#8361,#8362,#8363,#8364,#8365,
    #8366,#8367,#8368,#8369,#8370,#8371,#8372,#8373,#8374,#8375,#8376,
    #8377,#8378,#8379,#8380,#8381,#8382,#8383,#8384,#8385,#8386,#8387,
    #8388,#8389,#8390,#8391,#8392,#8393,#8394,#8395,#8396,#8397,#8398,
    #8399,#8400,#8401,#8402,#8403,#8404,#8405,#8406,#8407,#8408,#8409,
    #8410,#8411,#8412,#8413,#8414,#8415,#8416,#8417,#8418,#8419,#8420,
    #8421,#8422,#8423,#8424,#8425,#8426,#8427,#8428,#8429,#8430,#8431,
    #8432,#8433,#8434,#8435,#8436,#8437,#8438,#8439,#8440,#8441,#8442,
    #8443,#8444,#8445,#8446,#8447,#8448,#8449,#8450,#8451,#8452,#8453,
    #8454,#8455,#8456,#8457,#8458,#8459,#8460,#8461,#8462,#8463,#8464,
    #8465,#8466,#8467,#8468,#8469,#8470,#8471,#8472,#8473,#8474,#8475,
    #8476,#8477,#8478,#8479,#8480,#8481,#8482,#8483,#8484,#8485,#8486,
    #8487,#8488,#8489,#8490,#8491,#8492,#8493,#8494,#8495,#8496,#8497,
    #8498,#8499,#8500,#8501,#8502,#8503,#8504,#8505,#8506,#8507,#8508,
    #8509,#8510,#8511,#8512,#8513,#8514,#8515,#8516,#8517,#8518,#8519,
    #8520,#8521,#8522,#8523,#8524,#8525,#8526,#8527,#8528,#8529,#8530,
    #8531,#8532,#8533,#8534,#8535,#8536,#8537,#8538,#8539,#8540,#8541,
    #8542,#8543,#8544,#8545,#8546,#8547,#8548,#8549,#8550,#8551,#8552,
    #8553,#8554,#8555,#8556,#8557,#8558,#8559,#8560,#8561,#8562,#8563,
    #8564,#8565,#8566,#8567,#8568,#8569,#8570,#8571,#8572,#8573,#8574,
    #8575,#8576,#8577,#8578,#8579,#8580,#8581,#8582,#8583,#8584,#8585,
    #8586,#8587,#8588,#8589,#8590,#8591,#8592,#8593,#8594,#8595,#8596,
    #8597,#8598,#8599,#8600,#8601,#8602,#8603,#8604,#8605,#8606,#8607,
    #8608,#8609,#8610,#8611,#8612,#8613,#8614,#8615,#8616,#8617,#8618,
    #8619,#8620,#8621,#8622,#8623,#8624,#8625,#8626,#8627,#8628,#8629,
    #8630,#8631,#8632,#8633,#8634,#8635,#8636,#8637,#8638,#8639,#8640,
    #8641,#8642,#8643,#8644,#8645,#8646,#8647,#8648,#8649,#8650,#8651,
    #8652,#8653,#8654,#8655,#8656,#8657,#8658,#8659,#8660,#8661,#8662,
    #8663,#8664,#8665,#8666,#8667,#8668,#8669,#8670,#8671,#8672,#8673,
    #8674,#8675,#8676,#8677,#8678,#8679,#8680,#8681,#8682,#8683,#8684,
    #8685,#8686,#8687,#8688,#8689,#8690,#8691,#8692,#8693,#8694,#8695,
    #8696,#8697,#8698,#8699,#8700,#8701,#8702,#8703,#8704,#8705,#8706,
    #8707,#8708,#8709,#8710,#8711,#8712,#8713,#8714,#8715,#8716,#8717,
    #8718,#8719,#8720,#8721,#8722,#8723,#8724,#8725,#8726,#8727,#8728,
    #8729,#8730,#8731,#8732,#8733,#8734,#8735,#8736,#8737,#8738,#8739,
    #8740,#8741,#8742,#8743,#8744,#8745,#8746,#8747,#8748,#8749,#8750,
    #8751,#8752,#8753,#8754,#8755,#8756,#8757,#8758,#8759,#8760,#8761,
    #8762,#8763,#8764,#8765,#8766,#8767,#8768,#8769,#8770,#8771,#8772,
    #8773,#8774,#8775,#8776,#8777,#8778,#8779,#8780,#8781,#8782,#8783,
    #8784,#8785,#8786,#8787,#8788,#8789,#8790,#8791,#8792,#8793,#8794,
    #8795,#8796,#8797,#8798,#8799,#8800,#8801,#8802,#8803,#8804,#8805,
    #8806,#8807,#8808,#8809,#8810,#8811,#8812,#8813,#8814,#8815,#8816,
    #8817,#8818,#8819,#8820,#8821,#8822,#8823,#8824,#8825,#8826,#8827,
    #8828,#8829,#8830,#8831,#8832,#8833,#8834,#8835,#8836,#8837,#8838,
    #8839,#8840,#8841,#8842,#8843,#8844,#8845,#8846,#8847,#8848,#8849,
    #8850,#8851,#8852,#8853,#8854,#8855,#8856,#8857,#8858,#8859,#8860,
    #8861,#8862,#8863,#8864,#8865,#8866,#8867,#8868,#8869,#8870,#8871,
    #8872,#8873,#8874,#8875,#8876,#8877,#8878,#8879,#8880,#8881,#8882,
    #8883,#8884,#8885,#8886,#8887,#8888,#8889,#8890,#8891,#8892,#8893,
    #8894,#8895,#8896,#8897,#8898,#8899,#8900,#8901,#8902,#8903,#8904,
    #8905,#8906,#8907,#8908,#8909,#8910,#8911,#8912,#8913,#8914,#8915,
    #8916,#8917,#8918,#8919,#8920,#8921),.UNSPECIFIED.,.F.,.F.,(9,7,7,7,
    7,7,7,7,7,7,7,7,7,7,7,7,7,7,7,7,7,7,7,7,7,7,7,7,7,7,7,7,7,7,7,7,7,7,
    7,7,7,7,7,7,7,7,7,7,7,7,7,7,7,7,7,7,7,7,7,7,7,7,7,7,7,7,7,7,7,7,7,7,
    7,7,7,7,7,7,7,7,7,7,7,7,7,7,7,7,7,7,7,7,7,7,7,7,7,7,7,7,7,7,7,7,7,9)
  ,(0.,2.585563898404E-04,5.266174359606E-04,6.522571671076E-03,
    1.428140419735E-02,2.661881815357E-02,3.894612961984E-02,
    4.568059994725E-02,5.915033272466E-02,6.925295758497E-02,
    7.71105536954E-02,8.833602519878E-02,0.100685091033,0.108543587578,
    0.117524727676,0.129873817934,0.14222286278,0.151203944752,
    0.157939553395,0.169165304439,0.180391082723,0.190494271157,
    0.205087873273,0.212946284836,0.220805038406,0.233154599622,
    0.245504211753,0.262345372394,0.270204203212,0.283676353251,
    0.293778647924,0.301635684465,0.313980737771,0.327447801795,
    0.340914792801,0.351014029611,0.358868612035,0.371210975264,
    0.384674622688,0.391406328645,0.402625611059,0.413844891017,
    0.435161427118,0.457600019634,0.468819538582,0.48116102778,
    0.492380538722,0.500234237405,0.51369769741,0.527161170021,
    0.535014247682,0.547353835629,0.559395644038,0.561352616001,
    0.561474277881,0.566701264326,0.572028259206,0.580756664462,
    0.590377052406,0.599119743499,0.605240930343,0.615736932315,
    0.626231910863,0.63235394386,0.641974293249,0.652469242672,
    0.67083538137,0.679581136264,0.693574392478,0.700571053293,
    0.707567716739,0.712815214323,0.723310117021,0.731181326751,
    0.737303893115,0.74605084133,0.755672396625,0.765294135461,
    0.780165872558,0.7871656752,0.795040681732,0.802040677941,
    0.809040673043,0.818665667166,0.82829064968,0.836165572018,
    0.847539838856,0.859788773356,0.86678803866,0.878161772727,
    0.883411164801,0.889535469547,0.894784872982,0.903533865614,
    0.912282865501,0.919282088996,0.925406287908,0.935904585613,
    0.943777748954,0.94990130162,0.959524011444,0.970021522536,
    0.977019863345,0.982268659844,0.991016763424,1.),.UNSPECIFIED.);
#8185 = CARTESIAN_POINT('',(192.13225840126,-105.5));
#8186 = CARTESIAN_POINT('',(192.12698966673,-105.5));
#8187 = CARTESIAN_POINT('',(192.12128878309,-105.5));
#8188 = CARTESIAN_POINT('',(192.11509233777,-105.5));
#8189 = CARTESIAN_POINT('',(192.1084149378,-105.5));
#8190 = CARTESIAN_POINT('',(192.10132299119,-105.5));
#8191 = CARTESIAN_POINT('',(192.0939208186,-105.5));
#8192 = CARTESIAN_POINT('',(192.08634909513,-105.5));
#8193 = CARTESIAN_POINT('',(192.07096448058,-105.5));
#8194 = CARTESIAN_POINT('',(192.06328959832,-105.5));
#8195 = CARTESIAN_POINT('',(192.05587104975,-105.5));
#8196 = CARTESIAN_POINT('',(192.04877463859,-105.5));
#8197 = CARTESIAN_POINT('',(192.04203189829,-105.5));
#8198 = CARTESIAN_POINT('',(192.03564009197,-105.5));
#8199 = CARTESIAN_POINT('',(192.02956221248,-105.5));
#8200 = CARTESIAN_POINT('',(191.89320532208,-105.5));
#8201 = CARTESIAN_POINT('',(191.86301059677,-105.5));
#8202 = CARTESIAN_POINT('',(191.73550353444,-105.5));
#8203 = CARTESIAN_POINT('',(191.62927340978,-105.5));
#8204 = CARTESIAN_POINT('',(191.52379932558,-105.5));
#8205 = CARTESIAN_POINT('',(191.35877251695,-105.5));
#8206 = CARTESIAN_POINT('',(191.20972980172,-105.5));
#8207 = CARTESIAN_POINT('',(190.87002916466,-105.5));
#8208 = CARTESIAN_POINT('',(190.6899203609,-105.5));
#8209 = CARTESIAN_POINT('',(190.51865217874,-105.5));
#8210 = CARTESIAN_POINT('',(190.35377264724,-105.5));
#8211 = CARTESIAN_POINT('',(190.19304753496,-105.5));
#8212 = CARTESIAN_POINT('',(190.03446034998,-105.5));
#8213 = CARTESIAN_POINT('',(189.87621233985,-105.5));
#8214 = CARTESIAN_POINT('',(189.46311574439,-105.5));
#8215 = CARTESIAN_POINT('',(189.20591945094,-105.5));
#8216 = CARTESIAN_POINT('',(188.94149976895,-105.5));
#8217 = CARTESIAN_POINT('',(188.675470656,-105.5));
#8218 = CARTESIAN_POINT('',(188.4077479097,-105.5));
#8219 = CARTESIAN_POINT('',(188.13760747508,-105.5));
#8220 = CARTESIAN_POINT('',(187.86986175373,-105.5));
#8221 = CARTESIAN_POINT('',(187.33689184525,-105.5));
#8222 = CARTESIAN_POINT('',(187.07168804788,-105.5));
#8223 = CARTESIAN_POINT('',(186.80738416374,-105.5));
#8224 = CARTESIAN_POINT('',(186.54364393396,-105.5));
#8225 = CARTESIAN_POINT('',(186.28026448512,-105.5));
#8226 = CARTESIAN_POINT('',(186.01702520045,-105.5));
#8227 = CARTESIAN_POINT('',(185.75358346101,-105.5));
#8228 = CARTESIAN_POINT('',(185.345713613,-105.5));
#8229 = CARTESIAN_POINT('',(185.2016144192,-105.5));
#8230 = CARTESIAN_POINT('',(185.0575152254,-105.5));
#8231 = CARTESIAN_POINT('',(184.9134160316,-105.5));
#8232 = CARTESIAN_POINT('',(184.7693168378,-105.5));
#8233 = CARTESIAN_POINT('',(184.62521764399,-105.5));
#8234 = CARTESIAN_POINT('',(184.48111845019,-105.5));
#8235 = CARTESIAN_POINT('',(184.04880391954,-105.5));
#8236 = CARTESIAN_POINT('',(183.76062105317,-105.5));
#8237 = CARTESIAN_POINT('',(183.47250336193,-105.5));
#8238 = CARTESIAN_POINT('',(183.18411426016,-105.5));
#8239 = CARTESIAN_POINT('',(182.8960764468,-105.5));
#8240 = CARTESIAN_POINT('',(182.60783633137,-105.5));
#8241 = CARTESIAN_POINT('',(182.31962107603,-105.5));
#8242 = CARTESIAN_POINT('',(181.81528350584,-105.5));
#8243 = CARTESIAN_POINT('',(181.5991345578,-105.5));
#8244 = CARTESIAN_POINT('',(181.38298565983,-105.5));
#8245 = CARTESIAN_POINT('',(181.16683689957,-105.5));
#8246 = CARTESIAN_POINT('',(180.95068821052,-105.5));
#8247 = CARTESIAN_POINT('',(180.7345394785,-105.5));
#8248 = CARTESIAN_POINT('',(180.51839064826,-105.5));
#8249 = CARTESIAN_POINT('',(180.13412610386,-105.5));
#8250 = CARTESIAN_POINT('',(179.96601037776,-105.5));
#8251 = CARTESIAN_POINT('',(179.79789465166,-105.5));
#8252 = CARTESIAN_POINT('',(179.62977892556,-105.5));
#8253 = CARTESIAN_POINT('',(179.46166319946,-105.5));
#8254 = CARTESIAN_POINT('',(179.29354747336,-105.5));
#8255 = CARTESIAN_POINT('',(179.12543174726,-105.5));
#8256 = CARTESIAN_POINT('',(178.71714354778,-105.5));
#8257 = CARTESIAN_POINT('',(178.47696855186,-105.5));
#8258 = CARTESIAN_POINT('',(178.236789045,-105.5));
#8259 = CARTESIAN_POINT('',(177.99661212653,-105.5));
#8260 = CARTESIAN_POINT('',(177.75644447251,-105.5));
#8261 = CARTESIAN_POINT('',(177.51628766969,-105.5));
#8262 = CARTESIAN_POINT('',(177.27613839451,-105.5));
#8263 = CARTESIAN_POINT('',(176.77181158184,-105.5));
#8264 = CARTESIAN_POINT('',(176.50762972654,-105.5));
#8265 = CARTESIAN_POINT('',(176.24344787124,-105.5));
#8266 = CARTESIAN_POINT('',(175.97926601594,-105.5));
#8267 = CARTESIAN_POINT('',(175.71508416064,-105.5));
#8268 = CARTESIAN_POINT('',(175.45090230533,-105.5));
#8269 = CARTESIAN_POINT('',(175.18672045003,-105.5));
#8270 = CARTESIAN_POINT('',(174.75442286641,-105.5));
#8271 = CARTESIAN_POINT('',(174.58630714876,-105.5));
#8272 = CARTESIAN_POINT('',(174.41819142887,-105.5));
#8273 = CARTESIAN_POINT('',(174.25007570016,-105.5));
#8274 = CARTESIAN_POINT('',(174.08195996233,-105.5));
#8275 = CARTESIAN_POINT('',(173.91384422141,-105.5));
#8276 = CARTESIAN_POINT('',(173.74572848973,-105.5));
#8277 = CARTESIAN_POINT('',(173.38548052752,-105.5));
#8278 = CARTESIAN_POINT('',(173.19334826912,-105.5));
#8279 = CARTESIAN_POINT('',(173.00121601072,-105.5));
#8280 = CARTESIAN_POINT('',(172.80908375232,-105.5));
#8281 = CARTESIAN_POINT('',(172.61695149391,-105.5));
#8282 = CARTESIAN_POINT('',(172.42481923551,-105.5));
#8283 = CARTESIAN_POINT('',(172.23268697711,-105.5));
#8284 = CARTESIAN_POINT('',(171.77637237942,-105.5));
#8285 = CARTESIAN_POINT('',(171.51219156389,-105.5));
#8286 = CARTESIAN_POINT('',(171.2480089418,-105.5));
#8287 = CARTESIAN_POINT('',(170.98382723618,-105.5));
#8288 = CARTESIAN_POINT('',(170.71964580479,-105.5));
#8289 = CARTESIAN_POINT('',(170.45546333442,-105.5));
#8290 = CARTESIAN_POINT('',(170.19128167951,-105.5));
#8291 = CARTESIAN_POINT('',(169.66291904461,-105.5));
#8292 = CARTESIAN_POINT('',(169.39873397825,-105.5));
#8293 = CARTESIAN_POINT('',(169.13455439912,-105.5));
#8294 = CARTESIAN_POINT('',(168.87037467412,-105.5));
#8295 = CARTESIAN_POINT('',(168.60619067841,-105.5));
#8296 = CARTESIAN_POINT('',(168.34200636072,-105.5));
#8297 = CARTESIAN_POINT('',(168.07782811142,-105.5));
#8298 = CARTESIAN_POINT('',(167.62151277548,-105.5));
#8299 = CARTESIAN_POINT('',(167.42938051708,-105.5));
#8300 = CARTESIAN_POINT('',(167.23724825868,-105.5));
#8301 = CARTESIAN_POINT('',(167.04511600028,-105.5));
#8302 = CARTESIAN_POINT('',(166.85298374188,-105.5));
#8303 = CARTESIAN_POINT('',(166.66085148348,-105.5));
#8304 = CARTESIAN_POINT('',(166.46871922507,-105.5));
#8305 = CARTESIAN_POINT('',(166.13249211216,-105.5));
#8306 = CARTESIAN_POINT('',(165.98839654444,-105.5));
#8307 = CARTESIAN_POINT('',(165.84429959998,-105.5));
#8308 = CARTESIAN_POINT('',(165.70020093542,-105.5));
#8309 = CARTESIAN_POINT('',(165.55610052762,-105.5));
#8310 = CARTESIAN_POINT('',(165.41199867363,-105.5));
#8311 = CARTESIAN_POINT('',(165.2678959907,-105.5));
#8312 = CARTESIAN_POINT('',(164.88362809326,-105.5));
#8313 = CARTESIAN_POINT('',(164.64346277026,-105.5));
#8314 = CARTESIAN_POINT('',(164.40329744726,-105.5));
#8315 = CARTESIAN_POINT('',(164.16313212426,-105.5));
#8316 = CARTESIAN_POINT('',(163.92296680126,-105.5));
#8317 = CARTESIAN_POINT('',(163.68280147826,-105.5));
#8318 = CARTESIAN_POINT('',(163.44263615525,-105.5));
#8319 = CARTESIAN_POINT('',(162.96230492646,-105.5));
#8320 = CARTESIAN_POINT('',(162.72214060562,-105.5));
#8321 = CARTESIAN_POINT('',(162.48197533223,-105.5));
#8322 = CARTESIAN_POINT('',(162.2418094169,-105.5));
#8323 = CARTESIAN_POINT('',(162.00164379778,-105.5));
#8324 = CARTESIAN_POINT('',(161.76147879742,-105.5));
#8325 = CARTESIAN_POINT('',(161.52131385703,-105.5));
#8326 = CARTESIAN_POINT('',(161.06499945754,-105.5));
#8327 = CARTESIAN_POINT('',(160.84885066684,-105.5));
#8328 = CARTESIAN_POINT('',(160.63270187614,-105.5));
#8329 = CARTESIAN_POINT('',(160.41655308543,-105.5));
#8330 = CARTESIAN_POINT('',(160.20040429473,-105.5));
#8331 = CARTESIAN_POINT('',(159.98425550403,-105.5));
#8332 = CARTESIAN_POINT('',(159.76810671333,-105.5));
#8333 = CARTESIAN_POINT('',(159.23974069833,-105.5));
#8334 = CARTESIAN_POINT('',(158.92752890368,-105.5));
#8335 = CARTESIAN_POINT('',(158.61531826649,-105.5));
#8336 = CARTESIAN_POINT('',(158.30310601678,-105.5));
#8337 = CARTESIAN_POINT('',(157.99089089559,-105.5));
#8338 = CARTESIAN_POINT('',(157.67867316378,-105.5));
#8339 = CARTESIAN_POINT('',(157.36645461077,-105.5));
#8340 = CARTESIAN_POINT('',(156.88611542442,-105.5));
#8341 = CARTESIAN_POINT('',(156.71799262626,-105.5));
#8342 = CARTESIAN_POINT('',(156.54987195987,-105.5));
#8343 = CARTESIAN_POINT('',(156.3817544943,-105.5));
#8344 = CARTESIAN_POINT('',(156.21364057669,-105.5));
#8345 = CARTESIAN_POINT('',(156.04552983228,-105.5));
#8346 = CARTESIAN_POINT('',(155.87742116444,-105.5));
#8347 = CARTESIAN_POINT('',(155.5411970285,-105.5));
#8348 = CARTESIAN_POINT('',(155.3730813024,-105.5));
#8349 = CARTESIAN_POINT('',(155.2049655763,-105.5));
#8350 = CARTESIAN_POINT('',(155.0368498502,-105.5));
#8351 = CARTESIAN_POINT('',(154.8687341241,-105.5));
#8352 = CARTESIAN_POINT('',(154.700618398,-105.5));
#8353 = CARTESIAN_POINT('',(154.53250267189,-105.5));
#8354 = CARTESIAN_POINT('',(154.10020313697,-105.5));
#8355 = CARTESIAN_POINT('',(153.83602619753,-105.5));
#8356 = CARTESIAN_POINT('',(153.57184258517,-105.5));
#8357 = CARTESIAN_POINT('',(153.30765631112,-105.5));
#8358 = CARTESIAN_POINT('',(153.04347615194,-105.5));
#8359 = CARTESIAN_POINT('',(152.77929939101,-105.5));
#8360 = CARTESIAN_POINT('',(152.51511286663,-105.5));
#8361 = CARTESIAN_POINT('',(151.98675025094,-105.5));
#8362 = CARTESIAN_POINT('',(151.72256839362,-105.5));
#8363 = CARTESIAN_POINT('',(151.45838653562,-105.5));
#8364 = CARTESIAN_POINT('',(151.19420467938,-105.5));
#8365 = CARTESIAN_POINT('',(150.93002282565,-105.5));
#8366 = CARTESIAN_POINT('',(150.66584097343,-105.5));
#8367 = CARTESIAN_POINT('',(150.40165912002,-105.5));
#8368 = CARTESIAN_POINT('',(149.77721257579,-105.5));
#8369 = CARTESIAN_POINT('',(149.41695955611,-105.5));
#8370 = CARTESIAN_POINT('',(149.05671640599,-105.5));
#8371 = CARTESIAN_POINT('',(148.69648005331,-105.5));
#8372 = CARTESIAN_POINT('',(148.33624609401,-105.5));
#8373 = CARTESIAN_POINT('',(147.97600873626,-105.5));
#8374 = CARTESIAN_POINT('',(147.61576074477,-105.5));
#8375 = CARTESIAN_POINT('',(147.08737669211,-105.5));
#8376 = CARTESIAN_POINT('',(146.919261241,-105.5));
#8377 = CARTESIAN_POINT('',(146.75114617731,-105.5));
#8378 = CARTESIAN_POINT('',(146.58303094395,-105.5));
#8379 = CARTESIAN_POINT('',(146.41491528111,-105.5));
#8380 = CARTESIAN_POINT('',(146.24679922621,-105.5));
#8381 = CARTESIAN_POINT('',(146.07868311391,-105.5));
#8382 = CARTESIAN_POINT('',(145.62237232154,-105.5));
#8383 = CARTESIAN_POINT('',(145.33418404077,-105.5));
#8384 = CARTESIAN_POINT('',(145.04599811063,-105.5));
#8385 = CARTESIAN_POINT('',(144.75783204389,-105.5));
#8386 = CARTESIAN_POINT('',(144.46963386444,-105.5));
#8387 = CARTESIAN_POINT('',(144.18146523402,-105.5));
#8388 = CARTESIAN_POINT('',(143.89323072274,-105.5));
#8389 = CARTESIAN_POINT('',(143.38883168462,-105.5));
#8390 = CARTESIAN_POINT('',(143.17268289392,-105.5));
#8391 = CARTESIAN_POINT('',(142.95653410322,-105.5));
#8392 = CARTESIAN_POINT('',(142.74038531252,-105.5));
#8393 = CARTESIAN_POINT('',(142.52423652182,-105.5));
#8394 = CARTESIAN_POINT('',(142.30808773111,-105.5));
#8395 = CARTESIAN_POINT('',(142.09193894041,-105.5));
#8396 = CARTESIAN_POINT('',(141.70768092286,-105.5));
#8397 = CARTESIAN_POINT('',(141.5395736197,-105.5));
#8398 = CARTESIAN_POINT('',(141.37146687419,-105.5));
#8399 = CARTESIAN_POINT('',(141.20335890087,-105.5));
#8400 = CARTESIAN_POINT('',(141.03524749488,-105.5));
#8401 = CARTESIAN_POINT('',(140.86713003193,-105.5));
#8402 = CARTESIAN_POINT('',(140.69900346831,-105.5));
#8403 = CARTESIAN_POINT('',(140.2666824856,-105.5));
#8404 = CARTESIAN_POINT('',(140.0025006303,-105.5));
#8405 = CARTESIAN_POINT('',(139.738318775,-105.5));
#8406 = CARTESIAN_POINT('',(139.47413691969,-105.5));
#8407 = CARTESIAN_POINT('',(139.20995506439,-105.5));
#8408 = CARTESIAN_POINT('',(138.94577320909,-105.5));
#8409 = CARTESIAN_POINT('',(138.68159135379,-105.5));
#8410 = CARTESIAN_POINT('',(138.12921682153,-105.5));
#8411 = CARTESIAN_POINT('',(137.84101389787,-105.5));
#8412 = CARTESIAN_POINT('',(137.55278844276,-105.5));
#8413 = CARTESIAN_POINT('',(137.26464698175,-105.5));
#8414 = CARTESIAN_POINT('',(136.97640866026,-105.5));
#8415 = CARTESIAN_POINT('',(136.68821529556,-105.5));
#8416 = CARTESIAN_POINT('',(136.40002234788,-105.5));
#8417 = CARTESIAN_POINT('',(135.82362401007,-105.5));
#8418 = CARTESIAN_POINT('',(135.53542562247,-105.5));
#8419 = CARTESIAN_POINT('',(135.24722723487,-105.5));
#8420 = CARTESIAN_POINT('',(134.95902884727,-105.5));
#8421 = CARTESIAN_POINT('',(134.67083045966,-105.5));
#8422 = CARTESIAN_POINT('',(134.38263207206,-105.5));
#8423 = CARTESIAN_POINT('',(134.09443368446,-105.5));
#8424 = CARTESIAN_POINT('',(133.59010804442,-105.5));
#8425 = CARTESIAN_POINT('',(133.37397420752,-105.5));
#8426 = CARTESIAN_POINT('',(133.1578306966,-105.5));
#8427 = CARTESIAN_POINT('',(132.94167861432,-105.5));
#8428 = CARTESIAN_POINT('',(132.72552132023,-105.5));
#8429 = CARTESIAN_POINT('',(132.50936249527,-105.5));
#8430 = CARTESIAN_POINT('',(132.29320420642,-105.5));
#8431 = CARTESIAN_POINT('',(131.90892924514,-105.5));
#8432 = CARTESIAN_POINT('',(131.74081351904,-105.5));
#8433 = CARTESIAN_POINT('',(131.57269779294,-105.5));
#8434 = CARTESIAN_POINT('',(131.40458206684,-105.5));
#8435 = CARTESIAN_POINT('',(131.23646634074,-105.5));
#8436 = CARTESIAN_POINT('',(131.06835061464,-105.5));
#8437 = CARTESIAN_POINT('',(130.90023488854,-105.5));
#8438 = CARTESIAN_POINT('',(130.46794912209,-105.5));
#8439 = CARTESIAN_POINT('',(130.2037787223,-105.5));
#8440 = CARTESIAN_POINT('',(129.93960981614,-105.5));
#8441 = CARTESIAN_POINT('',(129.67543519319,-105.5));
#8442 = CARTESIAN_POINT('',(129.41124912657,-105.5));
#8443 = CARTESIAN_POINT('',(129.14705462456,-105.5));
#8444 = CARTESIAN_POINT('',(128.88286086866,-105.5));
#8445 = CARTESIAN_POINT('',(128.33046593242,-105.5));
#8446 = CARTESIAN_POINT('',(128.04226754482,-105.5));
#8447 = CARTESIAN_POINT('',(127.75406915722,-105.5));
#8448 = CARTESIAN_POINT('',(127.46587076962,-105.5));
#8449 = CARTESIAN_POINT('',(127.17767238201,-105.5));
#8450 = CARTESIAN_POINT('',(126.88947399441,-105.5));
#8451 = CARTESIAN_POINT('',(126.60127560681,-105.5));
#8452 = CARTESIAN_POINT('',(126.16898054604,-105.5));
#8453 = CARTESIAN_POINT('',(126.02488365955,-105.5));
#8454 = CARTESIAN_POINT('',(125.88078611025,-105.5));
#8455 = CARTESIAN_POINT('',(125.73668760549,-105.5));
#8456 = CARTESIAN_POINT('',(125.59258800946,-105.5));
#8457 = CARTESIAN_POINT('',(125.44848734325,-105.5));
#8458 = CARTESIAN_POINT('',(125.30438578476,-105.5));
#8459 = CARTESIAN_POINT('',(124.9201183458,-105.5));
#8460 = CARTESIAN_POINT('',(124.6799530228,-105.5));
#8461 = CARTESIAN_POINT('',(124.4397876998,-105.5));
#8462 = CARTESIAN_POINT('',(124.19962237679,-105.5));
#8463 = CARTESIAN_POINT('',(123.95945705379,-105.5));
#8464 = CARTESIAN_POINT('',(123.71929173079,-105.5));
#8465 = CARTESIAN_POINT('',(123.47912640779,-105.5));
#8466 = CARTESIAN_POINT('',(122.99879581439,-105.5));
#8467 = CARTESIAN_POINT('',(122.7586304919,-105.5));
#8468 = CARTESIAN_POINT('',(122.5184649913,-105.5));
#8469 = CARTESIAN_POINT('',(122.27829967959,-105.5));
#8470 = CARTESIAN_POINT('',(122.03813459911,-105.5));
#8471 = CARTESIAN_POINT('',(121.79796934175,-105.5));
#8472 = CARTESIAN_POINT('',(121.55780361515,-105.5));
#8473 = CARTESIAN_POINT('',(120.86132683459,-105.5));
#8474 = CARTESIAN_POINT('',(120.40501298458,-105.5));
#8475 = CARTESIAN_POINT('',(119.94869799052,-105.5));
#8476 = CARTESIAN_POINT('',(119.49238265419,-105.5));
#8477 = CARTESIAN_POINT('',(119.03606753935,-105.5));
#8478 = CARTESIAN_POINT('',(118.57975297174,-105.5));
#8479 = CARTESIAN_POINT('',(118.12343903909,-105.5));
#8480 = CARTESIAN_POINT('',(117.18679278896,-105.5));
#8481 = CARTESIAN_POINT('',(116.70646152195,-105.5));
#8482 = CARTESIAN_POINT('',(116.22612977366,-105.5));
#8483 = CARTESIAN_POINT('',(115.74579680786,-105.5));
#8484 = CARTESIAN_POINT('',(115.26546312516,-105.5));
#8485 = CARTESIAN_POINT('',(114.78513041962,-105.5));
#8486 = CARTESIAN_POINT('',(114.30480153535,-105.5));
#8487 = CARTESIAN_POINT('',(113.58431510012,-105.5));
#8488 = CARTESIAN_POINT('',(113.34414977712,-105.5));
#8489 = CARTESIAN_POINT('',(113.10398445412,-105.5));
#8490 = CARTESIAN_POINT('',(112.86381913112,-105.5));
#8491 = CARTESIAN_POINT('',(112.62365380812,-105.5));
#8492 = CARTESIAN_POINT('',(112.38348848512,-105.5));
#8493 = CARTESIAN_POINT('',(112.14332316212,-105.5));
#8494 = CARTESIAN_POINT('',(111.63897559089,-105.5));
#8495 = CARTESIAN_POINT('',(111.37479400855,-105.5));
#8496 = CARTESIAN_POINT('',(111.11061289435,-105.5));
#8497 = CARTESIAN_POINT('',(110.84643079297,-105.5));
#8498 = CARTESIAN_POINT('',(110.58224803294,-105.5));
#8499 = CARTESIAN_POINT('',(110.31806612642,-105.5));
#8500 = CARTESIAN_POINT('',(110.05388543342,-105.5));
#8501 = CARTESIAN_POINT('',(109.5495376737,-105.5));
#8502 = CARTESIAN_POINT('',(109.3093723507,-105.5));
#8503 = CARTESIAN_POINT('',(109.0692070277,-105.5));
#8504 = CARTESIAN_POINT('',(108.82904170469,-105.5));
#8505 = CARTESIAN_POINT('',(108.58887638169,-105.5));
#8506 = CARTESIAN_POINT('',(108.34871105869,-105.5));
#8507 = CARTESIAN_POINT('',(108.10854573569,-105.5));
#8508 = CARTESIAN_POINT('',(107.70026380844,-105.5));
#8509 = CARTESIAN_POINT('',(107.53214816623,-105.5));
#8510 = CARTESIAN_POINT('',(107.3640329422,-105.5));
#8511 = CARTESIAN_POINT('',(107.19591774311,-105.5));
#8512 = CARTESIAN_POINT('',(107.02780232639,-105.5));
#8513 = CARTESIAN_POINT('',(106.85968660007,-105.5));
#8514 = CARTESIAN_POINT('',(106.6915706228,-105.5));
#8515 = CARTESIAN_POINT('',(106.23525621628,-105.5));
#8516 = CARTESIAN_POINT('',(105.94705782867,-105.5));
#8517 = CARTESIAN_POINT('',(105.65885944107,-105.5));
#8518 = CARTESIAN_POINT('',(105.37066105347,-105.5));
#8519 = CARTESIAN_POINT('',(105.08246266587,-105.5));
#8520 = CARTESIAN_POINT('',(104.79426427827,-105.5));
#8521 = CARTESIAN_POINT('',(104.50606589067,-105.5));
#8522 = CARTESIAN_POINT('',(103.92966884566,-105.5));
#8523 = CARTESIAN_POINT('',(103.64147186841,-105.5));
#8524 = CARTESIAN_POINT('',(103.35327053357,-105.5));
#8525 = CARTESIAN_POINT('',(103.06507546504,-105.5));
#8526 = CARTESIAN_POINT('',(102.77687476046,-105.5));
#8527 = CARTESIAN_POINT('',(102.48867735067,-105.5));
#8528 = CARTESIAN_POINT('',(102.20047888686,-105.5));
#8529 = CARTESIAN_POINT('',(101.74417777769,-105.5));
#8530 = CARTESIAN_POINT('',(101.57606052939,-105.5));
#8531 = CARTESIAN_POINT('',(101.40793715014,-105.5));
#8532 = CARTESIAN_POINT('',(101.23981369067,-105.5));
#8533 = CARTESIAN_POINT('',(101.07169375966,-105.5));
#8534 = CARTESIAN_POINT('',(100.90357852375,-105.5));
#8535 = CARTESIAN_POINT('',(100.7354667075,-105.5));
#8536 = CARTESIAN_POINT('',(100.30319902209,-105.5));
#8537 = CARTESIAN_POINT('',(100.0386842398,-105.5));
#8538 = CARTESIAN_POINT('',(99.775203379021,-105.5));
#8539 = CARTESIAN_POINT('',(99.510791819942,-105.5));
#8540 = CARTESIAN_POINT('',(99.246033665888,-105.5));
#8541 = CARTESIAN_POINT('',(98.982197320385,-105.5));
#8542 = CARTESIAN_POINT('',(98.718312341777,-105.5));
#8543 = CARTESIAN_POINT('',(98.19586797781,-105.5));
#8544 = CARTESIAN_POINT('',(97.929180527043,-105.5));
#8545 = CARTESIAN_POINT('',(97.634878589597,-105.5));
#8546 = CARTESIAN_POINT('',(97.40290999615,-105.5));
#8547 = CARTESIAN_POINT('',(97.162981501989,-105.5));
#8548 = CARTESIAN_POINT('',(96.855942649463,-105.5));
#8549 = CARTESIAN_POINT('',(96.591798047626,-105.5));
#8550 = CARTESIAN_POINT('',(96.299596306069,-105.5));
#8551 = CARTESIAN_POINT('',(96.271841063251,-105.5));
#8552 = CARTESIAN_POINT('',(96.249304578871,-105.5));
#8553 = CARTESIAN_POINT('',(96.225994927489,-105.5));
#8554 = CARTESIAN_POINT('',(96.197802859511,-105.5));
#8555 = CARTESIAN_POINT('',(96.162501801193,-105.5));
#8556 = CARTESIAN_POINT('',(96.119747854641,-105.5));
#8557 = CARTESIAN_POINT('',(96.068054180971,-105.5));
#8558 = CARTESIAN_POINT('',(96.065019774134,-105.5));
#8559 = CARTESIAN_POINT('',(96.061983678281,-105.5));
#8560 = CARTESIAN_POINT('',(96.058953606037,-105.5));
#8561 = CARTESIAN_POINT('',(96.055937614511,-105.5));
#8562 = CARTESIAN_POINT('',(96.052943477261,-105.5));
#8563 = CARTESIAN_POINT('',(96.049977695406,-105.5));
#8564 = CARTESIAN_POINT('',(95.921009492284,-105.5));
#8565 = CARTESIAN_POINT('',(95.865845451944,-105.5));
#8566 = CARTESIAN_POINT('',(95.749908749712,-105.5));
#8567 = CARTESIAN_POINT('',(95.610385541495,-105.5));
#8568 = CARTESIAN_POINT('',(95.499257006814,-105.5));
#8569 = CARTESIAN_POINT('',(95.411894856043,-105.5));
#8570 = CARTESIAN_POINT('',(95.298286754317,-105.5));
#8571 = CARTESIAN_POINT('',(95.012791243988,-105.5));
#8572 = CARTESIAN_POINT('',(94.868706832128,-105.5));
#8573 = CARTESIAN_POINT('',(94.724617151243,-105.5));
#8574 = CARTESIAN_POINT('',(94.580511683691,-105.5));
#8575 = CARTESIAN_POINT('',(94.43639066948,-105.5));
#8576 = CARTESIAN_POINT('',(94.292265106266,-105.5));
#8577 = CARTESIAN_POINT('',(94.148156749357,-105.5));
#8578 = CARTESIAN_POINT('',(93.768054676656,-105.5));
#8579 = CARTESIAN_POINT('',(93.529527783839,-105.5));
#8580 = CARTESIAN_POINT('',(93.289319036416,-105.5));
#8581 = CARTESIAN_POINT('',(93.047831103842,-105.5));
#8582 = CARTESIAN_POINT('',(92.805716203948,-105.5));
#8583 = CARTESIAN_POINT('',(92.563927524298,-105.5));
#8584 = CARTESIAN_POINT('',(92.323173582819,-105.5));
#8585 = CARTESIAN_POINT('',(91.817810452907,-105.5));
#8586 = CARTESIAN_POINT('',(91.553373272195,-105.5));
#8587 = CARTESIAN_POINT('',(91.289272046843,-105.5));
#8588 = CARTESIAN_POINT('',(91.025423446365,-105.5));
#8589 = CARTESIAN_POINT('',(90.761672774819,-105.5));
#8590 = CARTESIAN_POINT('',(90.497784934745,-105.5));
#8591 = CARTESIAN_POINT('',(90.233596702066,-105.5));
#8592 = CARTESIAN_POINT('',(89.729155362279,-105.5));
#8593 = CARTESIAN_POINT('',(89.488990039277,-105.5));
#8594 = CARTESIAN_POINT('',(89.248824716276,-105.5));
#8595 = CARTESIAN_POINT('',(89.008659393274,-105.5));
#8596 = CARTESIAN_POINT('',(88.768494070273,-105.5));
#8597 = CARTESIAN_POINT('',(88.528328747271,-105.5));
#8598 = CARTESIAN_POINT('',(88.288163424269,-105.5));
#8599 = CARTESIAN_POINT('',(87.879846579044,-105.5));
#8600 = CARTESIAN_POINT('',(87.711705993682,-105.5));
#8601 = CARTESIAN_POINT('',(87.543576331113,-105.5));
#8602 = CARTESIAN_POINT('',(87.375457304768,-105.5));
#8603 = CARTESIAN_POINT('',(87.207348355567,-105.5));
#8604 = CARTESIAN_POINT('',(87.039248651927,-105.5));
#8605 = CARTESIAN_POINT('',(86.871157089756,-105.5));
#8606 = CARTESIAN_POINT('',(86.414857211193,-105.5));
#8607 = CARTESIAN_POINT('',(86.126661799235,-105.5));
#8608 = CARTESIAN_POINT('',(85.83848742579,-105.5));
#8609 = CARTESIAN_POINT('',(85.550295655456,-105.5));
#8610 = CARTESIAN_POINT('',(85.26214606903,-105.5));
#8611 = CARTESIAN_POINT('',(84.973926323418,-105.5));
#8612 = CARTESIAN_POINT('',(84.685711683053,-105.5));
#8613 = CARTESIAN_POINT('',(84.109286804042,-105.5));
#8614 = CARTESIAN_POINT('',(83.82108841644,-105.5));
#8615 = CARTESIAN_POINT('',(83.532890028838,-105.5));
#8616 = CARTESIAN_POINT('',(83.244691641236,-105.5));
#8617 = CARTESIAN_POINT('',(82.956493253635,-105.5));
#8618 = CARTESIAN_POINT('',(82.668294866033,-105.5));
#8619 = CARTESIAN_POINT('',(82.380096478431,-105.5));
#8620 = CARTESIAN_POINT('',(81.923783403361,-105.5));
#8621 = CARTESIAN_POINT('',(81.755668103283,-105.5));
#8622 = CARTESIAN_POINT('',(81.587552328564,-105.5));
#8623 = CARTESIAN_POINT('',(81.419436233141,-105.5));
#8624 = CARTESIAN_POINT('',(81.25131998692,-105.5));
#8625 = CARTESIAN_POINT('',(81.083203775772,-105.5));
#8626 = CARTESIAN_POINT('',(80.915087801536,-105.5));
#8627 = CARTESIAN_POINT('',(80.482790426718,-105.5));
#8628 = CARTESIAN_POINT('',(80.218608571417,-105.5));
#8629 = CARTESIAN_POINT('',(79.954426716115,-105.5));
#8630 = CARTESIAN_POINT('',(79.690244860813,-105.5));
#8631 = CARTESIAN_POINT('',(79.426063005511,-105.5));
#8632 = CARTESIAN_POINT('',(79.16188115021,-105.5));
#8633 = CARTESIAN_POINT('',(78.897699294908,-105.5));
#8634 = CARTESIAN_POINT('',(78.345318425438,-105.5));
#8635 = CARTESIAN_POINT('',(78.057121573537,-105.5));
#8636 = CARTESIAN_POINT('',(77.768922203701,-105.5));
#8637 = CARTESIAN_POINT('',(77.48072349513,-105.5));
#8638 = CARTESIAN_POINT('',(77.192525563289,-105.5));
#8639 = CARTESIAN_POINT('',(76.90432703613,-105.5));
#8640 = CARTESIAN_POINT('',(76.616128894149,-105.5));
#8641 = CARTESIAN_POINT('',(75.823583492773,-105.5));
#8642 = CARTESIAN_POINT('',(75.31923740425,-105.5));
#8643 = CARTESIAN_POINT('',(74.814890902572,-105.5));
#8644 = CARTESIAN_POINT('',(74.31054817597,-105.5));
#8645 = CARTESIAN_POINT('',(73.8061964394,-105.5));
#8646 = CARTESIAN_POINT('',(73.301850011505,-105.5));
#8647 = CARTESIAN_POINT('',(72.797501559998,-105.5));
#8648 = CARTESIAN_POINT('',(72.052987588247,-105.5));
#8649 = CARTESIAN_POINT('',(71.812822279348,-105.5));
#8650 = CARTESIAN_POINT('',(71.572656950766,-105.5));
#8651 = CARTESIAN_POINT('',(71.332491609054,-105.5));
#8652 = CARTESIAN_POINT('',(71.092326277855,-105.5));
#8653 = CARTESIAN_POINT('',(70.85216097353,-105.5));
#8654 = CARTESIAN_POINT('',(70.611995680796,-105.5));
#8655 = CARTESIAN_POINT('',(69.987564435789,-105.5));
#8656 = CARTESIAN_POINT('',(69.603301063069,-105.5));
#8657 = CARTESIAN_POINT('',(69.219038100372,-105.5));
#8658 = CARTESIAN_POINT('',(68.834774275025,-105.5));
#8659 = CARTESIAN_POINT('',(68.450509151504,-105.5));
#8660 = CARTESIAN_POINT('',(68.066243131439,-105.5));
#8661 = CARTESIAN_POINT('',(67.681977453606,-105.5));
#8662 = CARTESIAN_POINT('',(67.105581665938,-105.5));
#8663 = CARTESIAN_POINT('',(66.913449491224,-105.5));
#8664 = CARTESIAN_POINT('',(66.721317421725,-105.5));
#8665 = CARTESIAN_POINT('',(66.529185297327,-105.5));
#8666 = CARTESIAN_POINT('',(66.337053045866,-105.5));
#8667 = CARTESIAN_POINT('',(66.144920683128,-105.5));
#8668 = CARTESIAN_POINT('',(65.952788312851,-105.5));
#8669 = CARTESIAN_POINT('',(65.568523868321,-105.5));
#8670 = CARTESIAN_POINT('',(65.376391609919,-105.5));
#8671 = CARTESIAN_POINT('',(65.184259351518,-105.5));
#8672 = CARTESIAN_POINT('',(64.992127093117,-105.5));
#8673 = CARTESIAN_POINT('',(64.799994834716,-105.5));
#8674 = CARTESIAN_POINT('',(64.607862576314,-105.5));
#8675 = CARTESIAN_POINT('',(64.415730317913,-105.5));
#8676 = CARTESIAN_POINT('',(64.079498865711,-105.5));
#8677 = CARTESIAN_POINT('',(63.93539967191,-105.5));
#8678 = CARTESIAN_POINT('',(63.791300478109,-105.5));
#8679 = CARTESIAN_POINT('',(63.647201284308,-105.5));
#8680 = CARTESIAN_POINT('',(63.503102090507,-105.5));
#8681 = CARTESIAN_POINT('',(63.359002896706,-105.5));
#8682 = CARTESIAN_POINT('',(63.214903702905,-105.5));
#8683 = CARTESIAN_POINT('',(62.782608660804,-105.5));
#8684 = CARTESIAN_POINT('',(62.494407872729,-105.5));
#8685 = CARTESIAN_POINT('',(62.206201411424,-105.5));
#8686 = CARTESIAN_POINT('',(61.918018693426,-105.5));
#8687 = CARTESIAN_POINT('',(61.629810489005,-105.5));
#8688 = CARTESIAN_POINT('',(61.34161526458,-105.5));
#8689 = CARTESIAN_POINT('',(61.053414598371,-105.5));
#8690 = CARTESIAN_POINT('',(60.549068617588,-105.5));
#8691 = CARTESIAN_POINT('',(60.332919826886,-105.5));
#8692 = CARTESIAN_POINT('',(60.116771036185,-105.5));
#8693 = CARTESIAN_POINT('',(59.900622245483,-105.5));
#8694 = CARTESIAN_POINT('',(59.684473454782,-105.5));
#8695 = CARTESIAN_POINT('',(59.468324664081,-105.5));
#8696 = CARTESIAN_POINT('',(59.252175873379,-105.5));
#8697 = CARTESIAN_POINT('',(58.867897232127,-105.5));
#8698 = CARTESIAN_POINT('',(58.699771641713,-105.5));
#8699 = CARTESIAN_POINT('',(58.531650938157,-105.5));
#8700 = CARTESIAN_POINT('',(58.363535156971,-105.5));
#8701 = CARTESIAN_POINT('',(58.195423742458,-105.5));
#8702 = CARTESIAN_POINT('',(58.027315547714,-105.5));
#8703 = CARTESIAN_POINT('',(57.859208834625,-105.5));
#8704 = CARTESIAN_POINT('',(57.450935950867,-105.5));
#8705 = CARTESIAN_POINT('',(57.210770627866,-105.5));
#8706 = CARTESIAN_POINT('',(56.970605304864,-105.5));
#8707 = CARTESIAN_POINT('',(56.730439981862,-105.5));
#8708 = CARTESIAN_POINT('',(56.490274658861,-105.5));
#8709 = CARTESIAN_POINT('',(56.250109335859,-105.5));
#8710 = CARTESIAN_POINT('',(56.009944012858,-105.5));
#8711 = CARTESIAN_POINT('',(55.505599243669,-105.5));
#8712 = CARTESIAN_POINT('',(55.24142054393,-105.5));
#8713 = CARTESIAN_POINT('',(54.97722030856,-105.5));
#8714 = CARTESIAN_POINT('',(54.713048886879,-105.5));
#8715 = CARTESIAN_POINT('',(54.448882108446,-105.5));
#8716 = CARTESIAN_POINT('',(54.184686955679,-105.5));
#8717 = CARTESIAN_POINT('',(53.920500663279,-105.5));
#8718 = CARTESIAN_POINT('',(53.39214199214,-105.5));
#8719 = CARTESIAN_POINT('',(53.127960136839,-105.5));
#8720 = CARTESIAN_POINT('',(52.863778281537,-105.5));
#8721 = CARTESIAN_POINT('',(52.599596426235,-105.5));
#8722 = CARTESIAN_POINT('',(52.335414570934,-105.5));
#8723 = CARTESIAN_POINT('',(52.071232715632,-105.5));
#8724 = CARTESIAN_POINT('',(51.80705086033,-105.5));
#8725 = CARTESIAN_POINT('',(51.134539163128,-105.5));
#8726 = CARTESIAN_POINT('',(50.726283516211,-105.5));
#8727 = CARTESIAN_POINT('',(50.318045222218,-105.5));
#8728 = CARTESIAN_POINT('',(49.909788798482,-105.5));
#8729 = CARTESIAN_POINT('',(49.501500137459,-105.5));
#8730 = CARTESIAN_POINT('',(49.093186522447,-105.5));
#8731 = CARTESIAN_POINT('',(48.68487664331,-105.5));
#8732 = CARTESIAN_POINT('',(48.084463393035,-105.5));
#8733 = CARTESIAN_POINT('',(47.892320407922,-105.5));
#8734 = CARTESIAN_POINT('',(47.700187321241,-105.5));
#8735 = CARTESIAN_POINT('',(47.508060424902,-105.5));
#8736 = CARTESIAN_POINT('',(47.315936638353,-105.5));
#8737 = CARTESIAN_POINT('',(47.12381350858,-105.5));
#8738 = CARTESIAN_POINT('',(46.931689210107,-105.5));
#8739 = CARTESIAN_POINT('',(46.523413773331,-105.5));
#8740 = CARTESIAN_POINT('',(46.307265086511,-105.5));
#8741 = CARTESIAN_POINT('',(46.091116216606,-105.5));
#8742 = CARTESIAN_POINT('',(45.874967247731,-105.5));
#8743 = CARTESIAN_POINT('',(45.658818398773,-105.5));
#8744 = CARTESIAN_POINT('',(45.442669806133,-105.5));
#8745 = CARTESIAN_POINT('',(45.22652130646,-105.5));
#8746 = CARTESIAN_POINT('',(44.818239960984,-105.5));
#8747 = CARTESIAN_POINT('',(44.626107702583,-105.5));
#8748 = CARTESIAN_POINT('',(44.433975444181,-105.5));
#8749 = CARTESIAN_POINT('',(44.24184318578,-105.5));
#8750 = CARTESIAN_POINT('',(44.049710927379,-105.5));
#8751 = CARTESIAN_POINT('',(43.857578668978,-105.5));
#8752 = CARTESIAN_POINT('',(43.665446410576,-105.5));
#8753 = CARTESIAN_POINT('',(43.281181924143,-105.5));
#8754 = CARTESIAN_POINT('',(43.089049665343,-105.5));
#8755 = CARTESIAN_POINT('',(42.896917391082,-105.5));
#8756 = CARTESIAN_POINT('',(42.704785113259,-105.5));
#8757 = CARTESIAN_POINT('',(42.512652840362,-105.5));
#8758 = CARTESIAN_POINT('',(42.320520577469,-105.5));
#8759 = CARTESIAN_POINT('',(42.128388326251,-105.5));
#8760 = CARTESIAN_POINT('',(41.672074229663,-105.5));
#8761 = CARTESIAN_POINT('',(41.407892374362,-105.5));
#8762 = CARTESIAN_POINT('',(41.14371051906,-105.5));
#8763 = CARTESIAN_POINT('',(40.879528663758,-105.5));
#8764 = CARTESIAN_POINT('',(40.615346808456,-105.5));
#8765 = CARTESIAN_POINT('',(40.351164953155,-105.5));
#8766 = CARTESIAN_POINT('',(40.086983097853,-105.5));
#8767 = CARTESIAN_POINT('',(39.558619705874,-105.5));
#8768 = CARTESIAN_POINT('',(39.294433476936,-105.5));
#8769 = CARTESIAN_POINT('',(39.030259345054,-105.5));
#8770 = CARTESIAN_POINT('',(38.766076974257,-105.5));
#8771 = CARTESIAN_POINT('',(38.501888787772,-105.5));
#8772 = CARTESIAN_POINT('',(38.237707962041,-105.5));
#8773 = CARTESIAN_POINT('',(37.973530380852,-105.5));
#8774 = CARTESIAN_POINT('',(37.493197609436,-105.5));
#8775 = CARTESIAN_POINT('',(37.277048818734,-105.5));
#8776 = CARTESIAN_POINT('',(37.060900028033,-105.5));
#8777 = CARTESIAN_POINT('',(36.844751237331,-105.5));
#8778 = CARTESIAN_POINT('',(36.62860244663,-105.5));
#8779 = CARTESIAN_POINT('',(36.412453655929,-105.5));
#8780 = CARTESIAN_POINT('',(36.196304865227,-105.5));
#8781 = CARTESIAN_POINT('',(35.667958199222,-105.5));
#8782 = CARTESIAN_POINT('',(35.35575276165,-105.5));
#8783 = CARTESIAN_POINT('',(35.043523666126,-105.5));
#8784 = CARTESIAN_POINT('',(34.73131128793,-105.5));
#8785 = CARTESIAN_POINT('',(34.419083117421,-105.5));
#8786 = CARTESIAN_POINT('',(34.106867939724,-105.5));
#8787 = CARTESIAN_POINT('',(33.794651730682,-105.5));
#8788 = CARTESIAN_POINT('',(33.146212734645,-105.5));
#8789 = CARTESIAN_POINT('',(32.809989134777,-105.5));
#8790 = CARTESIAN_POINT('',(32.473772186707,-105.5));
#8791 = CARTESIAN_POINT('',(32.137528661273,-105.5));
#8792 = CARTESIAN_POINT('',(31.801297810058,-105.5));
#8793 = CARTESIAN_POINT('',(31.46505956992,-105.5));
#8794 = CARTESIAN_POINT('',(31.128822614703,-105.5));
#8795 = CARTESIAN_POINT('',(30.600452827994,-105.5));
#8796 = CARTESIAN_POINT('',(30.408320502646,-105.5));
#8797 = CARTESIAN_POINT('',(30.216188209863,-105.5));
#8798 = CARTESIAN_POINT('',(30.024055990841,-105.5));
#8799 = CARTESIAN_POINT('',(29.831923839751,-105.5));
#8800 = CARTESIAN_POINT('',(29.639791703746,-105.5));
#8801 = CARTESIAN_POINT('',(29.447659482954,-105.5));
#8802 = CARTESIAN_POINT('',(28.943313773094,-105.5));
#8803 = CARTESIAN_POINT('',(28.631103124738,-105.5));
#8804 = CARTESIAN_POINT('',(28.318891948229,-105.5));
#8805 = CARTESIAN_POINT('',(28.006678382335,-105.5));
#8806 = CARTESIAN_POINT('',(27.694461842002,-105.5));
#8807 = CARTESIAN_POINT('',(27.382243018582,-105.5));
#8808 = CARTESIAN_POINT('',(27.070023880056,-105.5));
#8809 = CARTESIAN_POINT('',(26.613708531784,-105.5));
#8810 = CARTESIAN_POINT('',(26.469609444164,-105.5));
#8811 = CARTESIAN_POINT('',(26.325510286227,-105.5));
#8812 = CARTESIAN_POINT('',(26.181411006589,-105.5));
#8813 = CARTESIAN_POINT('',(26.037311624649,-105.5));
#8814 = CARTESIAN_POINT('',(25.893212230597,-105.5));
#8815 = CARTESIAN_POINT('',(25.749112985411,-105.5));
#8816 = CARTESIAN_POINT('',(25.436898394756,-105.5));
#8817 = CARTESIAN_POINT('',(25.268782668655,-105.5));
#8818 = CARTESIAN_POINT('',(25.100666942554,-105.5));
#8819 = CARTESIAN_POINT('',(24.932551216453,-105.5));
#8820 = CARTESIAN_POINT('',(24.764435490352,-105.5));
#8821 = CARTESIAN_POINT('',(24.596319764251,-105.5));
#8822 = CARTESIAN_POINT('',(24.42820403815,-105.5));
#8823 = CARTESIAN_POINT('',(24.115989135616,-105.5));
#8824 = CARTESIAN_POINT('',(23.971889860881,-105.5));
#8825 = CARTESIAN_POINT('',(23.827790609509,-105.5));
#8826 = CARTESIAN_POINT('',(23.683691443168,-105.5));
#8827 = CARTESIAN_POINT('',(23.539592363532,-105.5));
#8828 = CARTESIAN_POINT('',(23.395493312278,-105.5));
#8829 = CARTESIAN_POINT('',(23.251394171086,-105.5));
#8830 = CARTESIAN_POINT('',(22.867129438639,-105.5));
#8831 = CARTESIAN_POINT('',(22.626964115638,-105.5));
#8832 = CARTESIAN_POINT('',(22.386798792636,-105.5));
#8833 = CARTESIAN_POINT('',(22.146633469635,-105.5));
#8834 = CARTESIAN_POINT('',(21.906468146633,-105.5));
#8835 = CARTESIAN_POINT('',(21.666302823631,-105.5));
#8836 = CARTESIAN_POINT('',(21.42613750063,-105.5));
#8837 = CARTESIAN_POINT('',(20.94580665549,-105.5));
#8838 = CARTESIAN_POINT('',(20.705642382092,-105.5));
#8839 = CARTESIAN_POINT('',(20.465475867566,-105.5));
#8840 = CARTESIAN_POINT('',(20.225309891731,-105.5));
#8841 = CARTESIAN_POINT('',(19.985145828628,-105.5));
#8842 = CARTESIAN_POINT('',(19.744981435657,-105.5));
#8843 = CARTESIAN_POINT('',(19.504814107328,-105.5));
#8844 = CARTESIAN_POINT('',(19.072517335214,-105.5));
#8845 = CARTESIAN_POINT('',(18.880385076813,-105.5));
#8846 = CARTESIAN_POINT('',(18.688252818412,-105.5));
#8847 = CARTESIAN_POINT('',(18.496120560011,-105.5));
#8848 = CARTESIAN_POINT('',(18.303988301609,-105.5));
#8849 = CARTESIAN_POINT('',(18.111856043208,-105.5));
#8850 = CARTESIAN_POINT('',(17.919723784807,-105.5));
#8851 = CARTESIAN_POINT('',(17.559479139535,-105.5));
#8852 = CARTESIAN_POINT('',(17.391365426516,-105.5));
#8853 = CARTESIAN_POINT('',(17.223250408944,-105.5));
#8854 = CARTESIAN_POINT('',(17.055134239971,-105.5));
#8855 = CARTESIAN_POINT('',(16.887017204304,-105.5));
#8856 = CARTESIAN_POINT('',(16.718899718211,-105.5));
#8857 = CARTESIAN_POINT('',(16.550782329515,-105.5));
#8858 = CARTESIAN_POINT('',(16.094474842961,-105.5));
#8859 = CARTESIAN_POINT('',(15.80628415584,-105.5));
#8860 = CARTESIAN_POINT('',(15.51809215385,-105.5));
#8861 = CARTESIAN_POINT('',(15.229903141095,-105.5));
#8862 = CARTESIAN_POINT('',(14.941704121198,-105.5));
#8863 = CARTESIAN_POINT('',(14.65351112727,-105.5));
#8864 = CARTESIAN_POINT('',(14.365297500997,-105.5));
#8865 = CARTESIAN_POINT('',(13.86092982608,-105.5));
#8866 = CARTESIAN_POINT('',(13.644781035379,-105.5));
#8867 = CARTESIAN_POINT('',(13.428632244677,-105.5));
#8868 = CARTESIAN_POINT('',(13.212483453976,-105.5));
#8869 = CARTESIAN_POINT('',(12.996334663274,-105.5));
#8870 = CARTESIAN_POINT('',(12.780185872573,-105.5));
#8871 = CARTESIAN_POINT('',(12.564037081872,-105.5));
#8872 = CARTESIAN_POINT('',(12.1797730818,-105.5));
#8873 = CARTESIAN_POINT('',(12.011657147721,-105.5));
#8874 = CARTESIAN_POINT('',(11.843541030928,-105.5));
#8875 = CARTESIAN_POINT('',(11.67542507065,-105.5));
#8876 = CARTESIAN_POINT('',(11.507309403345,-105.5));
#8877 = CARTESIAN_POINT('',(11.339193962707,-105.5));
#8878 = CARTESIAN_POINT('',(11.17107847966,-105.5));
#8879 = CARTESIAN_POINT('',(10.738780634468,-105.5));
#8880 = CARTESIAN_POINT('',(10.474598883656,-105.5));
#8881 = CARTESIAN_POINT('',(10.210416814234,-105.5));
#8882 = CARTESIAN_POINT('',(9.946234910562,-105.5));
#8883 = CARTESIAN_POINT('',(9.682053320514,-105.5));
#8884 = CARTESIAN_POINT('',(9.417871574069,-105.5));
#8885 = CARTESIAN_POINT('',(9.153689257041,-105.5));
#8886 = CARTESIAN_POINT('',(8.601309252345,-105.5));
#8887 = CARTESIAN_POINT('',(8.313110864744,-105.5));
#8888 = CARTESIAN_POINT('',(8.024912477142,-105.5));
#8889 = CARTESIAN_POINT('',(7.73671408954,-105.5));
#8890 = CARTESIAN_POINT('',(7.448515701938,-105.5));
#8891 = CARTESIAN_POINT('',(7.160317314336,-105.5));
#8892 = CARTESIAN_POINT('',(6.872118926734,-105.5));
#8893 = CARTESIAN_POINT('',(6.391788278522,-105.5));
#8894 = CARTESIAN_POINT('',(6.199656017031,-105.5));
#8895 = CARTESIAN_POINT('',(6.007523757835,-105.5));
#8896 = CARTESIAN_POINT('',(5.815391502175,-105.5));
#8897 = CARTESIAN_POINT('',(5.623259249354,-105.5));
#8898 = CARTESIAN_POINT('',(5.43112699674,-105.5));
#8899 = CARTESIAN_POINT('',(5.238994739765,-105.5));
#8900 = CARTESIAN_POINT('',(4.902762148367,-105.5));
#8901 = CARTESIAN_POINT('',(4.758663224928,-105.5));
#8902 = CARTESIAN_POINT('',(4.614564774768,-105.5));
#8903 = CARTESIAN_POINT('',(4.470466181587,-105.5));
#8904 = CARTESIAN_POINT('',(4.326367139624,-105.5));
#8905 = CARTESIAN_POINT('',(4.182267653658,-105.5));
#8906 = CARTESIAN_POINT('',(4.038168039003,-105.5));
#8907 = CARTESIAN_POINT('',(3.653900721846,-105.5));
#8908 = CARTESIAN_POINT('',(3.413737553661,-105.5));
#8909 = CARTESIAN_POINT('',(3.173575688868,-105.5));
#8910 = CARTESIAN_POINT('',(2.933410299528,-105.5));
#8911 = CARTESIAN_POINT('',(2.693241459837,-105.5));
#8912 = CARTESIAN_POINT('',(2.453074140366,-105.5));
#8913 = CARTESIAN_POINT('',(2.212912194563,-105.5));
#8914 = CARTESIAN_POINT('',(1.726125262258,-105.5));
#8915 = CARTESIAN_POINT('',(1.479651514116,-105.5));
#8916 = CARTESIAN_POINT('',(1.232918033968,-105.5));
#8917 = CARTESIAN_POINT('',(0.986328557995,-105.5));
#8918 = CARTESIAN_POINT('',(0.739953565625,-105.5));
#8919 = CARTESIAN_POINT('',(0.49349043431,-105.5));
#8920 = CARTESIAN_POINT('',(0.246738534728,-105.5));
#8921 = CARTESIAN_POINT('',(0.,-105.5));
#8922 = ( GEOMETRIC_REPRESENTATION_CONTEXT(2) 
PARAMETRIC_REPRESENTATION_CONTEXT() REPRESENTATION_CONTEXT('2D SPACE',''
  ) );
#8923 = ADVANCED_FACE('',(#8924,#8992),#2590,.F.);
#8924 = FACE_BOUND('',#8925,.F.);
#8925 = EDGE_LOOP('',(#8926,#8927,#8950,#8971,#8972,#8991));
#8926 = ORIENTED_EDGE('',*,*,#2574,.F.);
#8927 = ORIENTED_EDGE('',*,*,#8928,.F.);
#8928 = EDGE_CURVE('',#8929,#2575,#8931,.T.);
#8929 = VERTEX_POINT('',#8930);
#8930 = CARTESIAN_POINT('',(100.5,-8.,0.));
#8931 = SURFACE_CURVE('',#8932,(#8936,#8943),.PCURVE_S1.);
#8932 = LINE('',#8933,#8934);
#8933 = CARTESIAN_POINT('',(100.5,-8.,0.));
#8934 = VECTOR('',#8935,1.);
#8935 = DIRECTION('',(0.,0.,1.));
#8936 = PCURVE('',#2590,#8937);
#8937 = DEFINITIONAL_REPRESENTATION('',(#8938),#8942);
#8938 = LINE('',#8939,#8940);
#8939 = CARTESIAN_POINT('',(0.,0.));
#8940 = VECTOR('',#8941,1.);
#8941 = DIRECTION('',(1.,0.));
#8942 = ( GEOMETRIC_REPRESENTATION_CONTEXT(2) 
PARAMETRIC_REPRESENTATION_CONTEXT() REPRESENTATION_CONTEXT('2D SPACE',''
  ) );
#8943 = PCURVE('',#2618,#8944);
#8944 = DEFINITIONAL_REPRESENTATION('',(#8945),#8949);
#8945 = LINE('',#8946,#8947);
#8946 = CARTESIAN_POINT('',(0.,0.));
#8947 = VECTOR('',#8948,1.);
#8948 = DIRECTION('',(1.,0.));
#8949 = ( GEOMETRIC_REPRESENTATION_CONTEXT(2) 
PARAMETRIC_REPRESENTATION_CONTEXT() REPRESENTATION_CONTEXT('2D SPACE',''
  ) );
#8950 = ORIENTED_EDGE('',*,*,#8951,.T.);
#8951 = EDGE_CURVE('',#8929,#6319,#8952,.T.);
#8952 = SURFACE_CURVE('',#8953,(#8957,#8964),.PCURVE_S1.);
#8953 = LINE('',#8954,#8955);
#8954 = CARTESIAN_POINT('',(100.5,-8.,0.));
#8955 = VECTOR('',#8956,1.);
#8956 = DIRECTION('',(0.,1.,0.));
#8957 = PCURVE('',#2590,#8958);
#8958 = DEFINITIONAL_REPRESENTATION('',(#8959),#8963);
#8959 = LINE('',#8960,#8961);
#8960 = CARTESIAN_POINT('',(0.,0.));
#8961 = VECTOR('',#8962,1.);
#8962 = DIRECTION('',(0.,-1.));
#8963 = ( GEOMETRIC_REPRESENTATION_CONTEXT(2) 
PARAMETRIC_REPRESENTATION_CONTEXT() REPRESENTATION_CONTEXT('2D SPACE',''
  ) );
#8964 = PCURVE('',#6334,#8965);
#8965 = DEFINITIONAL_REPRESENTATION('',(#8966),#8970);
#8966 = LINE('',#8967,#8968);
#8967 = CARTESIAN_POINT('',(0.,0.));
#8968 = VECTOR('',#8969,1.);
#8969 = DIRECTION('',(0.,1.));
#8970 = ( GEOMETRIC_REPRESENTATION_CONTEXT(2) 
PARAMETRIC_REPRESENTATION_CONTEXT() REPRESENTATION_CONTEXT('2D SPACE',''
  ) );
#8971 = ORIENTED_EDGE('',*,*,#6346,.T.);
#8972 = ORIENTED_EDGE('',*,*,#8973,.T.);
#8973 = EDGE_CURVE('',#6347,#6526,#8974,.T.);
#8974 = SURFACE_CURVE('',#8975,(#8979,#8985),.PCURVE_S1.);
#8975 = LINE('',#8976,#8977);
#8976 = CARTESIAN_POINT('',(100.5,8.5,91.));
#8977 = VECTOR('',#8978,1.);
#8978 = DIRECTION('',(0.,-1.,0.));
#8979 = PCURVE('',#2590,#8980);
#8980 = DEFINITIONAL_REPRESENTATION('',(#8981),#8984);
#8981 = B_SPLINE_CURVE_WITH_KNOTS('',1,(#8982,#8983),.UNSPECIFIED.,.F.,
  .F.,(2,2),(-91.5,-16.5),.PIECEWISE_BEZIER_KNOTS.);
#8982 = CARTESIAN_POINT('',(91.,-108.));
#8983 = CARTESIAN_POINT('',(91.,-33.));
#8984 = ( GEOMETRIC_REPRESENTATION_CONTEXT(2) 
PARAMETRIC_REPRESENTATION_CONTEXT() REPRESENTATION_CONTEXT('2D SPACE',''
  ) );
#8985 = PCURVE('',#6385,#8986);
#8986 = DEFINITIONAL_REPRESENTATION('',(#8987),#8990);
#8987 = B_SPLINE_CURVE_WITH_KNOTS('',1,(#8988,#8989),.UNSPECIFIED.,.F.,
  .F.,(2,2),(-91.5,-16.5),.PIECEWISE_BEZIER_KNOTS.);
#8988 = CARTESIAN_POINT('',(206.,75.));
#8989 = CARTESIAN_POINT('',(206.,0.));
#8990 = ( GEOMETRIC_REPRESENTATION_CONTEXT(2) 
PARAMETRIC_REPRESENTATION_CONTEXT() REPRESENTATION_CONTEXT('2D SPACE',''
  ) );
#8991 = ORIENTED_EDGE('',*,*,#6550,.T.);
#8992 = FACE_BOUND('',#8993,.F.);
#8993 = EDGE_LOOP('',(#8994));
#8994 = ORIENTED_EDGE('',*,*,#8995,.F.);
#8995 = EDGE_CURVE('',#8996,#8996,#8998,.T.);
#8996 = VERTEX_POINT('',#8997);
#8997 = CARTESIAN_POINT('',(100.5,46.,52.181764705882));
#8998 = SURFACE_CURVE('',#8999,(#9737,#10478),.PCURVE_S1.);
#8999 = B_SPLINE_CURVE_WITH_KNOTS('',8,(#9000,#9001,#9002,#9003,#9004,
    #9005,#9006,#9007,#9008,#9009,#9010,#9011,#9012,#9013,#9014,#9015,
    #9016,#9017,#9018,#9019,#9020,#9021,#9022,#9023,#9024,#9025,#9026,
    #9027,#9028,#9029,#9030,#9031,#9032,#9033,#9034,#9035,#9036,#9037,
    #9038,#9039,#9040,#9041,#9042,#9043,#9044,#9045,#9046,#9047,#9048,
    #9049,#9050,#9051,#9052,#9053,#9054,#9055,#9056,#9057,#9058,#9059,
    #9060,#9061,#9062,#9063,#9064,#9065,#9066,#9067,#9068,#9069,#9070,
    #9071,#9072,#9073,#9074,#9075,#9076,#9077,#9078,#9079,#9080,#9081,
    #9082,#9083,#9084,#9085,#9086,#9087,#9088,#9089,#9090,#9091,#9092,
    #9093,#9094,#9095,#9096,#9097,#9098,#9099,#9100,#9101,#9102,#9103,
    #9104,#9105,#9106,#9107,#9108,#9109,#9110,#9111,#9112,#9113,#9114,
    #9115,#9116,#9117,#9118,#9119,#9120,#9121,#9122,#9123,#9124,#9125,
    #9126,#9127,#9128,#9129,#9130,#9131,#9132,#9133,#9134,#9135,#9136,
    #9137,#9138,#9139,#9140,#9141,#9142,#9143,#9144,#9145,#9146,#9147,
    #9148,#9149,#9150,#9151,#9152,#9153,#9154,#9155,#9156,#9157,#9158,
    #9159,#9160,#9161,#9162,#9163,#9164,#9165,#9166,#9167,#9168,#9169,
    #9170,#9171,#9172,#9173,#9174,#9175,#9176,#9177,#9178,#9179,#9180,
    #9181,#9182,#9183,#9184,#9185,#9186,#9187,#9188,#9189,#9190,#9191,
    #9192,#9193,#9194,#9195,#9196,#9197,#9198,#9199,#9200,#9201,#9202,
    #9203,#9204,#9205,#9206,#9207,#9208,#9209,#9210,#9211,#9212,#9213,
    #9214,#9215,#9216,#9217,#9218,#9219,#9220,#9221,#9222,#9223,#9224,
    #9225,#9226,#9227,#9228,#9229,#9230,#9231,#9232,#9233,#9234,#9235,
    #9236,#9237,#9238,#9239,#9240,#9241,#9242,#9243,#9244,#9245,#9246,
    #9247,#9248,#9249,#9250,#9251,#9252,#9253,#9254,#9255,#9256,#9257,
    #9258,#9259,#9260,#9261,#9262,#9263,#9264,#9265,#9266,#9267,#9268,
    #9269,#9270,#9271,#9272,#9273,#9274,#9275,#9276,#9277,#9278,#9279,
    #9280,#9281,#9282,#9283,#9284,#9285,#9286,#9287,#9288,#9289,#9290,
    #9291,#9292,#9293,#9294,#9295,#9296,#9297,#9298,#9299,#9300,#9301,
    #9302,#9303,#9304,#9305,#9306,#9307,#9308,#9309,#9310,#9311,#9312,
    #9313,#9314,#9315,#9316,#9317,#9318,#9319,#9320,#9321,#9322,#9323,
    #9324,#9325,#9326,#9327,#9328,#9329,#9330,#9331,#9332,#9333,#9334,
    #9335,#9336,#9337,#9338,#9339,#9340,#9341,#9342,#9343,#9344,#9345,
    #9346,#9347,#9348,#9349,#9350,#9351,#9352,#9353,#9354,#9355,#9356,
    #9357,#9358,#9359,#9360,#9361,#9362,#9363,#9364,#9365,#9366,#9367,
    #9368,#9369,#9370,#9371,#9372,#9373,#9374,#9375,#9376,#9377,#9378,
    #9379,#9380,#9381,#9382,#9383,#9384,#9385,#9386,#9387,#9388,#9389,
    #9390,#9391,#9392,#9393,#9394,#9395,#9396,#9397,#9398,#9399,#9400,
    #9401,#9402,#9403,#9404,#9405,#9406,#9407,#9408,#9409,#9410,#9411,
    #9412,#9413,#9414,#9415,#9416,#9417,#9418,#9419,#9420,#9421,#9422,
    #9423,#9424,#9425,#9426,#9427,#9428,#9429,#9430,#9431,#9432,#9433,
    #9434,#9435,#9436,#9437,#9438,#9439,#9440,#9441,#9442,#9443,#9444,
    #9445,#9446,#9447,#9448,#9449,#9450,#9451,#9452,#9453,#9454,#9455,
    #9456,#9457,#9458,#9459,#9460,#9461,#9462,#9463,#9464,#9465,#9466,
    #9467,#9468,#9469,#9470,#9471,#9472,#9473,#9474,#9475,#9476,#9477,
    #9478,#9479,#9480,#9481,#9482,#9483,#9484,#9485,#9486,#9487,#9488,
    #9489,#9490,#9491,#9492,#9493,#9494,#9495,#9496,#9497,#9498,#9499,
    #9500,#9501,#9502,#9503,#9504,#9505,#9506,#9507,#9508,#9509,#9510,
    #9511,#9512,#9513,#9514,#9515,#9516,#9517,#9518,#9519,#9520,#9521,
    #9522,#9523,#9524,#9525,#9526,#9527,#9528,#9529,#9530,#9531,#9532,
    #9533,#9534,#9535,#9536,#9537,#9538,#9539,#9540,#9541,#9542,#9543,
    #9544,#9545,#9546,#9547,#9548,#9549,#9550,#9551,#9552,#9553,#9554,
    #9555,#9556,#9557,#9558,#9559,#9560,#9561,#9562,#9563,#9564,#9565,
    #9566,#9567,#9568,#9569,#9570,#9571,#9572,#9573,#9574,#9575,#9576,
    #9577,#9578,#9579,#9580,#9581,#9582,#9583,#9584,#9585,#9586,#9587,
    #9588,#9589,#9590,#9591,#9592,#9593,#9594,#9595,#9596,#9597,#9598,
    #9599,#9600,#9601,#9602,#9603,#9604,#9605,#9606,#9607,#9608,#9609,
    #9610,#9611,#9612,#9613,#9614,#9615,#9616,#9617,#9618,#9619,#9620,
    #9621,#9622,#9623,#9624,#9625,#9626,#9627,#9628,#9629,#9630,#9631,
    #9632,#9633,#9634,#9635,#9636,#9637,#9638,#9639,#9640,#9641,#9642,
    #9643,#9644,#9645,#9646,#9647,#9648,#9649,#9650,#9651,#9652,#9653,
    #9654,#9655,#9656,#9657,#9658,#9659,#9660,#9661,#9662,#9663,#9664,
    #9665,#9666,#9667,#9668,#9669,#9670,#9671,#9672,#9673,#9674,#9675,
    #9676,#9677,#9678,#9679,#9680,#9681,#9682,#9683,#9684,#9685,#9686,
    #9687,#9688,#9689,#9690,#9691,#9692,#9693,#9694,#9695,#9696,#9697,
    #9698,#9699,#9700,#9701,#9702,#9703,#9704,#9705,#9706,#9707,#9708,
    #9709,#9710,#9711,#9712,#9713,#9714,#9715,#9716,#9717,#9718,#9719,
    #9720,#9721,#9722,#9723,#9724,#9725,#9726,#9727,#9728,#9729,#9730,
    #9731,#9732,#9733,#9734,#9735,#9736),.UNSPECIFIED.,.T.,.F.,(9,7,7,7,
    7,7,7,7,7,7,7,7,7,7,7,7,7,7,7,7,7,7,7,7,7,7,7,7,7,7,7,7,7,7,7,7,7,7,
    7,7,7,7,7,7,7,7,7,7,7,7,7,7,7,7,7,7,7,7,7,7,7,7,7,7,7,7,7,7,7,7,7,7,
    7,7,7,7,7,7,7,7,7,7,7,7,7,7,7,7,7,7,7,7,7,7,7,7,7,7,7,7,7,7,7,7,7,9)
  ,(0.,2.585563898404E-04,5.266174359606E-04,6.522571671076E-03,
    1.428140419735E-02,2.661881815357E-02,3.894612961984E-02,
    4.568059994725E-02,5.915033272466E-02,6.925295758497E-02,
    7.71105536954E-02,8.833602519878E-02,0.100685091033,0.108543587578,
    0.117524727676,0.129873817934,0.14222286278,0.151203944752,
    0.157939553395,0.169165304439,0.180391082723,0.190494271157,
    0.205087873273,0.212946284836,0.220805038406,0.233154599622,
    0.245504211753,0.262345372394,0.270204203212,0.283676353251,
    0.293778647924,0.301635684465,0.313980737771,0.327447801795,
    0.340914792801,0.351014029611,0.358868612035,0.371210975264,
    0.384674622688,0.391406328645,0.402625611059,0.413844891017,
    0.435161427118,0.457600019634,0.468819538582,0.48116102778,
    0.492380538722,0.500234237405,0.51369769741,0.527161170021,
    0.535014247682,0.547353835629,0.559395644038,0.561352616001,
    0.561474277881,0.566701264326,0.572028259206,0.580756664462,
    0.590377052406,0.599119743499,0.605240930343,0.615736932315,
    0.626231910863,0.63235394386,0.641974293249,0.652469242672,
    0.67083538137,0.679581136264,0.693574392478,0.700571053293,
    0.707567716739,0.712815214323,0.723310117021,0.731181326751,
    0.737303893115,0.74605084133,0.755672396625,0.765294135461,
    0.780165872558,0.7871656752,0.795040681732,0.802040677941,
    0.809040673043,0.818665667166,0.82829064968,0.836165572018,
    0.847539838856,0.859788773356,0.86678803866,0.878161772727,
    0.883411164801,0.889535469547,0.894784872982,0.903533865614,
    0.912282865501,0.919282088996,0.925406287908,0.935904585613,
    0.943777748954,0.94990130162,0.959524011444,0.970021522536,
    0.977019863345,0.982268659844,0.991016763424,1.),.UNSPECIFIED.);
#9000 = CARTESIAN_POINT('',(100.5,46.,52.181764705882));
#9001 = CARTESIAN_POINT('',(100.5,45.999786973164,52.176494738673));
#9002 = CARTESIAN_POINT('',(100.5,45.999550351693,52.171491965114));
#9003 = CARTESIAN_POINT('',(100.5,45.999285821742,52.166872083943));
#9004 = CARTESIAN_POINT('',(100.5,45.998991614225,52.162891010139));
#9005 = CARTESIAN_POINT('',(100.5,45.998668084487,52.159827130339));
#9006 = CARTESIAN_POINT('',(100.5,45.998317836137,52.157891989433));
#9007 = CARTESIAN_POINT('',(100.5,45.997946389065,52.157169408327));
#9008 = CARTESIAN_POINT('',(100.5,45.997166315015,52.158011862473));
#9009 = CARTESIAN_POINT('',(100.5,45.996763304327,52.159691832105));
#9010 = CARTESIAN_POINT('',(100.5,45.996361374023,52.162383954465));
#9011 = CARTESIAN_POINT('',(100.5,45.995965659276,52.165877726046));
#9012 = CARTESIAN_POINT('',(100.5,45.995579415973,52.169991127145));
#9013 = CARTESIAN_POINT('',(100.5,45.995204020711,52.174570621865));
#9014 = CARTESIAN_POINT('',(100.5,45.994838970799,52.179491158114));
#9015 = CARTESIAN_POINT('',(100.5,45.986494619479,52.300186420775));
#9016 = CARTESIAN_POINT('',(100.5,45.981864369543,52.513828923724));
#9017 = CARTESIAN_POINT('',(100.5,45.971544708293,52.652517013531));
#9018 = CARTESIAN_POINT('',(100.5,45.959508217823,52.806647158912));
#9019 = CARTESIAN_POINT('',(100.5,45.942962223978,52.960376713443));
#9020 = CARTESIAN_POINT('',(100.5,45.918114600612,53.061572196573));
#9021 = CARTESIAN_POINT('',(100.5,45.889291640868,53.162804891853));
#9022 = CARTESIAN_POINT('',(100.5,45.82028400247,53.396761148075));
#9023 = CARTESIAN_POINT('',(100.5,45.780190782792,53.543252285611));
#9024 = CARTESIAN_POINT('',(100.5,45.739111479639,53.699973704324));
#9025 = CARTESIAN_POINT('',(100.5,45.697065870171,53.863285301113));
#9026 = CARTESIAN_POINT('',(100.5,45.653912363767,54.030197129864));
#9027 = CARTESIAN_POINT('',(100.5,45.609348002031,54.198369401446));
#9028 = CARTESIAN_POINT('',(100.5,45.562908458787,54.366112483718));
#9029 = CARTESIAN_POINT('',(100.5,45.436147285127,54.796781875354));
#9030 = CARTESIAN_POINT('',(100.5,45.35211673315,55.05566273439));
#9031 = CARTESIAN_POINT('',(100.5,45.260534580656,55.304738564435));
#9032 = CARTESIAN_POINT('',(100.5,45.163122014449,55.549789699556));
#9033 = CARTESIAN_POINT('',(100.5,45.059800821588,55.790393943658));
#9034 = CARTESIAN_POINT('',(100.5,44.950570652064,56.025841521754));
#9035 = CARTESIAN_POINT('',(100.5,44.837535826562,56.261914812909));
#9036 = CARTESIAN_POINT('',(100.5,44.603543178395,56.732310350233));
#9037 = CARTESIAN_POINT('',(100.5,44.482558722233,56.966716747543));
#9038 = CARTESIAN_POINT('',(100.5,44.357560032404,57.200068094561));
#9039 = CARTESIAN_POINT('',(100.5,44.228502927431,57.431861995112));
#9040 = CARTESIAN_POINT('',(100.5,44.095383747353,57.661771687139));
#9041 = CARTESIAN_POINT('',(100.5,43.958167092788,57.889413145616));
#9042 = CARTESIAN_POINT('',(100.5,43.816735234716,58.114183551631));
#9043 = CARTESIAN_POINT('',(100.5,43.591476366526,58.456859950897));
#9044 = CARTESIAN_POINT('',(100.5,43.510680322027,58.576926137296));
#9045 = CARTESIAN_POINT('',(100.5,43.428680074726,58.695997700081));
#9046 = CARTESIAN_POINT('',(100.5,43.345484183908,58.814080373164));
#9047 = CARTESIAN_POINT('',(100.5,43.261101208856,58.931179890456));
#9048 = CARTESIAN_POINT('',(100.5,43.175539708853,59.047301985865));
#9049 = CARTESIAN_POINT('',(100.5,43.088808243184,59.162452393304));
#9050 = CARTESIAN_POINT('',(100.5,42.825119288883,59.505019184054));
#9051 = CARTESIAN_POINT('',(100.5,42.644697248173,59.729479072227));
#9052 = CARTESIAN_POINT('',(100.5,42.459736716771,59.95028360718));
#9053 = CARTESIAN_POINT('',(100.5,42.270111739777,60.166906081075));
#9054 = CARTESIAN_POINT('',(100.5,42.076235490915,60.380514594438));
#9055 = CARTESIAN_POINT('',(100.5,41.877887435686,60.589921221089));
#9056 = CARTESIAN_POINT('',(100.5,41.675259457469,60.795393587534));
#9057 = CARTESIAN_POINT('',(100.5,41.313327591336,61.147529903789));
#9058 = CARTESIAN_POINT('',(100.5,41.155842733722,61.296072986403));
#9059 = CARTESIAN_POINT('',(100.5,40.996025498598,61.442172120697));
#9060 = CARTESIAN_POINT('',(100.5,40.833907991927,61.585752942843));
#9061 = CARTESIAN_POINT('',(100.5,40.669520807919,61.726738965225));
#9062 = CARTESIAN_POINT('',(100.5,40.502895380611,61.865055126329));
#9063 = CARTESIAN_POINT('',(100.5,40.334066335434,62.000631340626));
#9064 = CARTESIAN_POINT('',(100.5,40.03007969527,62.236675252483));
#9065 = CARTESIAN_POINT('',(100.5,39.89577906147,62.338253339779));
#9066 = CARTESIAN_POINT('',(100.5,39.760194623337,62.438117471168));
#9067 = CARTESIAN_POINT('',(100.5,39.623349064816,62.53624480747));
#9068 = CARTESIAN_POINT('',(100.5,39.485265069852,62.632612509506));
#9069 = CARTESIAN_POINT('',(100.5,39.34596532239,62.727197738094));
#9070 = CARTESIAN_POINT('',(100.5,39.205472506376,62.819977654054));
#9071 = CARTESIAN_POINT('',(100.5,38.861427279583,63.040864378254));
#9072 = CARTESIAN_POINT('',(100.5,38.656651091573,63.167067589186));
#9073 = CARTESIAN_POINT('',(100.5,38.449557198754,63.289480469857));
#9074 = CARTESIAN_POINT('',(100.5,38.240207144344,63.408026287424));
#9075 = CARTESIAN_POINT('',(100.5,38.028664181893,63.522630090528));
#9076 = CARTESIAN_POINT('',(100.5,37.815002863202,63.63322920529));
#9077 = CARTESIAN_POINT('',(100.5,37.599311590009,63.73977429411));
#9078 = CARTESIAN_POINT('',(100.5,37.142282021569,63.954921885646));
#9079 = CARTESIAN_POINT('',(100.5,36.900528382838,64.062662461422));
#9080 = CARTESIAN_POINT('',(100.5,36.656547050863,64.165373175758));
#9081 = CARTESIAN_POINT('',(100.5,36.410457863256,64.262984499793));
#9082 = CARTESIAN_POINT('',(100.5,36.162380657628,64.355426904666));
#9083 = CARTESIAN_POINT('',(100.5,35.912435271594,64.442630861517));
#9084 = CARTESIAN_POINT('',(100.5,35.660741542763,64.524526841485));
#9085 = CARTESIAN_POINT('',(100.5,35.246214248612,64.649738890859));
#9086 = CARTESIAN_POINT('',(100.5,35.084348749465,64.69625207683));
#9087 = CARTESIAN_POINT('',(100.5,34.921858105719,64.740579335625));
#9088 = CARTESIAN_POINT('',(100.5,34.758777660639,64.782715247309));
#9089 = CARTESIAN_POINT('',(100.5,34.59514280634,64.822654510009));
#9090 = CARTESIAN_POINT('',(100.5,34.430988983794,64.860391939913));
#9091 = CARTESIAN_POINT('',(100.5,34.266351682823,64.895922471272));
#9092 = CARTESIAN_POINT('',(100.5,33.912597570558,64.967319658731));
#9093 = CARTESIAN_POINT('',(100.5,33.723343523251,65.002509014113));
#9094 = CARTESIAN_POINT('',(100.5,33.533557199457,65.034801500257));
#9095 = CARTESIAN_POINT('',(100.5,33.343291498449,65.064189394881));
#9096 = CARTESIAN_POINT('',(100.5,33.152599319501,65.090664975698));
#9097 = CARTESIAN_POINT('',(100.5,32.961533561884,65.114220520426));
#9098 = CARTESIAN_POINT('',(100.5,32.770147124873,65.134848306779));
#9099 = CARTESIAN_POINT('',(100.5,32.314967876399,65.176867577371));
#9100 = CARTESIAN_POINT('',(100.5,32.050938750665,65.195639078271));
#9101 = CARTESIAN_POINT('',(100.5,31.786537041144,65.208857515525));
#9102 = CARTESIAN_POINT('',(100.5,31.521894915333,65.216569018935));
#9103 = CARTESIAN_POINT('',(100.5,31.257144332703,65.218794074602));
#9104 = CARTESIAN_POINT('',(100.5,30.992417311379,65.21554727463));
#9105 = CARTESIAN_POINT('',(100.5,30.727846191315,65.206866339627));
#9106 = CARTESIAN_POINT('',(100.5,30.199280298316,65.178674839995));
#9107 = CARTESIAN_POINT('',(100.5,29.935284508813,65.159160566339));
#9108 = CARTESIAN_POINT('',(100.5,29.671701417553,65.13427585387));
#9109 = CARTESIAN_POINT('',(100.5,29.408682989152,65.104009477817));
#9110 = CARTESIAN_POINT('',(100.5,29.146355481377,65.068388159059));
#9111 = CARTESIAN_POINT('',(100.5,28.884825043591,65.027479888223));
#9112 = CARTESIAN_POINT('',(100.5,28.624200345447,64.981354004952));
#9113 = CARTESIAN_POINT('',(100.5,28.175786844504,64.892736000817));
#9114 = CARTESIAN_POINT('',(100.5,27.98752067455,64.852685811564));
#9115 = CARTESIAN_POINT('',(100.5,27.799836766055,64.809918657076));
#9116 = CARTESIAN_POINT('',(100.5,27.612778371536,64.764455017463));
#9117 = CARTESIAN_POINT('',(100.5,27.426388743513,64.71631537284));
#9118 = CARTESIAN_POINT('',(100.5,27.240711134504,64.665520203316));
#9119 = CARTESIAN_POINT('',(100.5,27.055788797028,64.612089989006));
#9120 = CARTESIAN_POINT('',(100.5,26.73357628195,64.514012891546));
#9121 = CARTESIAN_POINT('',(100.5,26.595936035517,64.470509785515));
#9122 = CARTESIAN_POINT('',(100.5,26.45876247951,64.425543961488));
#9123 = CARTESIAN_POINT('',(100.5,26.322073161981,64.379124088495));
#9124 = CARTESIAN_POINT('',(100.5,26.185884943829,64.331259435027));
#9125 = CARTESIAN_POINT('',(100.5,26.050213998804,64.281959869041));
#9126 = CARTESIAN_POINT('',(100.5,25.9150758135,64.231235857957));
#9127 = CARTESIAN_POINT('',(100.5,25.5561727396,64.092204858391));
#9128 = CARTESIAN_POINT('',(100.5,25.3333832919,64.001384177752));
#9129 = CARTESIAN_POINT('',(100.5,25.112188106634,63.906682933486));
#9130 = CARTESIAN_POINT('',(100.5,24.892658446172,63.808147632338));
#9131 = CARTESIAN_POINT('',(100.5,24.674865572887,63.705824781051));
#9132 = CARTESIAN_POINT('',(100.5,24.458880749151,63.599760886372));
#9133 = CARTESIAN_POINT('',(100.5,24.244775237335,63.490002455043));
#9134 = CARTESIAN_POINT('',(100.5,23.820464847465,63.263189257382));
#9135 = CARTESIAN_POINT('',(100.5,23.610260318883,63.146135291478));
#9136 = CARTESIAN_POINT('',(100.5,23.402080026892,63.025479200492));
#9137 = CARTESIAN_POINT('',(100.5,23.195991919156,62.901267787887));
#9138 = CARTESIAN_POINT('',(100.5,22.992062149944,62.773548318877));
#9139 = CARTESIAN_POINT('',(100.5,22.790357035204,62.642367787454));
#9140 = CARTESIAN_POINT('',(100.5,22.590943390929,62.507772687793));
#9141 = CARTESIAN_POINT('',(100.5,22.216536943362,62.245642379744));
#9142 = CARTESIAN_POINT('',(100.5,22.041096619725,62.118747473554));
#9143 = CARTESIAN_POINT('',(100.5,21.867614884846,61.989158656662));
#9144 = CARTESIAN_POINT('',(100.5,21.69614033966,61.856910014301));
#9145 = CARTESIAN_POINT('',(100.5,21.526721585105,61.722035631704));
#9146 = CARTESIAN_POINT('',(100.5,21.359407222117,61.584569594104));
#9147 = CARTESIAN_POINT('',(100.5,21.194245851633,61.444545986732));
#9148 = CARTESIAN_POINT('',(100.5,20.795897992631,61.096096020124));
#9149 = CARTESIAN_POINT('',(100.5,20.565107048833,60.884931045434));
#9150 = CARTESIAN_POINT('',(100.5,20.339063587026,60.668612823212));
#9151 = CARTESIAN_POINT('',(100.5,20.117919503993,60.447250855412));
#9152 = CARTESIAN_POINT('',(100.5,19.901828029188,60.220955494401));
#9153 = CARTESIAN_POINT('',(100.5,19.690943504475,59.989838143895));
#9154 = CARTESIAN_POINT('',(100.5,19.485421163846,59.754011459882));
#9155 = CARTESIAN_POINT('',(100.5,19.177717956867,59.384126360112));
#9156 = CARTESIAN_POINT('',(100.5,19.071619052297,59.253331553015));
#9157 = CARTESIAN_POINT('',(100.5,18.967144845468,59.121221496912));
#9158 = CARTESIAN_POINT('',(100.5,18.864319868903,58.987814026484));
#9159 = CARTESIAN_POINT('',(100.5,18.763168541625,58.853128444446));
#9160 = CARTESIAN_POINT('',(100.5,18.663715169155,58.717185521545));
#9161 = CARTESIAN_POINT('',(100.5,18.565983943513,58.580007496559));
#9162 = CARTESIAN_POINT('',(100.5,18.374009765549,58.303222633185));
#9163 = CARTESIAN_POINT('',(100.5,18.279766720852,58.163614420009));
#9164 = CARTESIAN_POINT('',(100.5,18.187294693867,58.02281619561));
#9165 = CARTESIAN_POINT('',(100.5,18.096618569333,57.880850718821));
#9166 = CARTESIAN_POINT('',(100.5,18.007763231991,57.737740748476));
#9167 = CARTESIAN_POINT('',(100.5,17.920753566581,57.593509043412));
#9168 = CARTESIAN_POINT('',(100.5,17.835614457842,57.448178362461));
#9169 = CARTESIAN_POINT('',(100.5,17.62155834599,57.071701780623));
#9170 = CARTESIAN_POINT('',(100.5,17.495431598755,56.838977720823));
#9171 = CARTESIAN_POINT('',(100.5,17.374073601238,56.603686530499));
#9172 = CARTESIAN_POINT('',(100.5,17.257587772046,56.365913306949));
#9173 = CARTESIAN_POINT('',(100.5,17.146090112814,56.125727803705));
#9174 = CARTESIAN_POINT('',(100.5,17.039661184752,55.883239626801));
#9175 = CARTESIAN_POINT('',(100.5,16.938336991687,55.638617303916));
#9176 = CARTESIAN_POINT('',(100.5,16.746098444865,55.145315093941));
#9177 = CARTESIAN_POINT('',(100.5,16.655178041919,54.896636290642));
#9178 = CARTESIAN_POINT('',(100.5,16.569531637239,54.646054348648));
#9179 = CARTESIAN_POINT('',(100.5,16.489234154476,54.393693319517));
#9180 = CARTESIAN_POINT('',(100.5,16.414360511273,54.139677255203));
#9181 = CARTESIAN_POINT('',(100.5,16.344985619265,53.88413020806));
#9182 = CARTESIAN_POINT('',(100.5,16.281184384082,53.62717623084));
#9183 = CARTESIAN_POINT('',(100.5,16.14372892289,53.016781892094));
#9184 = CARTESIAN_POINT('',(100.5,16.074930327788,52.662251132877));
#9185 = CARTESIAN_POINT('',(100.5,16.016656235831,52.305722753699));
#9186 = CARTESIAN_POINT('',(100.5,15.968926933719,51.947570900661));
#9187 = CARTESIAN_POINT('',(100.5,15.931763035357,51.588168226881));
#9188 = CARTESIAN_POINT('',(100.5,15.905185838141,51.227885908069));
#9189 = CARTESIAN_POINT('',(100.5,15.889217679257,50.867093658107));
#9190 = CARTESIAN_POINT('',(100.5,15.88139256415,50.337732008343));
#9191 = CARTESIAN_POINT('',(100.5,15.881227597355,50.169281424317));
#9192 = CARTESIAN_POINT('',(100.5,15.883374057113,50.000841251984));
#9193 = CARTESIAN_POINT('',(100.5,15.887816438051,49.832444461885));
#9194 = CARTESIAN_POINT('',(100.5,15.894537063885,49.664123735657));
#9195 = CARTESIAN_POINT('',(100.5,15.903516087423,49.495911466035));
#9196 = CARTESIAN_POINT('',(100.5,15.914731490562,49.327839756849));
#9197 = CARTESIAN_POINT('',(100.5,15.951177591948,48.872115800156));
#9198 = CARTESIAN_POINT('',(100.5,15.980703266097,48.584803551211));
#9199 = CARTESIAN_POINT('',(100.5,16.016645057647,48.298174370854));
#9200 = CARTESIAN_POINT('',(100.5,16.058860045493,48.012361177519));
#9201 = CARTESIAN_POINT('',(100.5,16.107340441848,47.727582283141));
#9202 = CARTESIAN_POINT('',(100.5,16.161838974832,47.443890673734));
#9203 = CARTESIAN_POINT('',(100.5,16.222428832487,47.161552696573));
#9204 = CARTESIAN_POINT('',(100.5,16.338689020644,46.669940233579));
#9205 = CARTESIAN_POINT('',(100.5,16.391800886867,46.460069103501));
#9206 = CARTESIAN_POINT('',(100.5,16.448133954152,46.251029341112));
#9207 = CARTESIAN_POINT('',(100.5,16.507618229425,46.042854050823));
#9208 = CARTESIAN_POINT('',(100.5,16.570183719607,45.835576337048));
#9209 = CARTESIAN_POINT('',(100.5,16.635760431622,45.629229304198));
#9210 = CARTESIAN_POINT('',(100.5,16.704278372393,45.423846056686));
#9211 = CARTESIAN_POINT('',(100.5,16.8311903173,45.060498677351));
#9212 = CARTESIAN_POINT('',(100.5,16.888449297811,44.902142130569));
#9213 = CARTESIAN_POINT('',(100.5,16.947411839288,44.744404808796));
#9214 = CARTESIAN_POINT('',(100.5,17.008045594596,44.587300850472));
#9215 = CARTESIAN_POINT('',(100.5,17.07031852056,44.430843782262));
#9216 = CARTESIAN_POINT('',(100.5,17.13419887796,44.275046519055));
#9217 = CARTESIAN_POINT('',(100.5,17.199655231536,44.119921363964));
#9218 = CARTESIAN_POINT('',(100.5,17.37192942522,43.722820227123));
#9219 = CARTESIAN_POINT('',(100.5,17.481004914321,43.481866644746));
#9220 = CARTESIAN_POINT('',(100.5,17.593760814393,43.242620363166));
#9221 = CARTESIAN_POINT('',(100.5,17.710075022543,43.00508248436));
#9222 = CARTESIAN_POINT('',(100.5,17.82982543588,42.769254110299));
#9223 = CARTESIAN_POINT('',(100.5,17.952889951511,42.535136342959));
#9224 = CARTESIAN_POINT('',(100.5,18.079146466544,42.302730284314));
#9225 = CARTESIAN_POINT('',(100.5,18.349553440568,41.820376661656));
#9226 = CARTESIAN_POINT('',(100.5,18.494298522006,41.570739335178));
#9227 = CARTESIAN_POINT('',(100.5,18.642511783588,41.323161156795));
#9228 = CARTESIAN_POINT('',(100.5,18.794123795353,41.077593006511));
#9229 = CARTESIAN_POINT('',(100.5,18.948812369352,40.834129931161));
#9230 = CARTESIAN_POINT('',(100.5,19.106578244028,40.592673147797));
#9231 = CARTESIAN_POINT('',(100.5,19.267264348153,40.353203313631));
#9232 = CARTESIAN_POINT('',(100.5,19.59426796792,39.878137045335));
#9233 = CARTESIAN_POINT('',(100.5,19.760581182922,39.642546465486));
#9234 = CARTESIAN_POINT('',(100.5,19.929588199642,39.408860411086));
#9235 = CARTESIAN_POINT('',(100.5,20.101170971431,39.177041497236));
#9236 = CARTESIAN_POINT('',(100.5,20.275211451636,38.947052339036));
#9237 = CARTESIAN_POINT('',(100.5,20.451591593606,38.718855551587));
#9238 = CARTESIAN_POINT('',(100.5,20.63019335069,38.492413749989));
#9239 = CARTESIAN_POINT('',(100.5,20.94641416554,38.099163193429));
#9240 = CARTESIAN_POINT('',(100.5,21.083114785314,37.931598163992));
#9241 = CARTESIAN_POINT('',(100.5,21.220953184705,37.76497639629));
#9242 = CARTESIAN_POINT('',(100.5,21.3598907399,37.599279986171));
#9243 = CARTESIAN_POINT('',(100.5,21.499894109603,37.434490935863));
#9244 = CARTESIAN_POINT('',(100.5,21.64093179049,37.270590899763));
#9245 = CARTESIAN_POINT('',(100.5,21.782970672682,37.107560930224));
#9246 = CARTESIAN_POINT('',(100.5,22.037190938566,36.819247546205));
#9247 = CARTESIAN_POINT('',(100.5,22.148992714396,36.693628287539));
#9248 = CARTESIAN_POINT('',(100.5,22.261362159901,36.568513998636));
#9249 = CARTESIAN_POINT('',(100.5,22.374283512286,36.443895230786));
#9250 = CARTESIAN_POINT('',(100.5,22.487741008758,36.319762535279));
#9251 = CARTESIAN_POINT('',(100.5,22.601718886523,36.196106463402));
#9252 = CARTESIAN_POINT('',(100.5,22.716201382788,36.072917566447));
#9253 = CARTESIAN_POINT('',(100.5,23.011833922103,35.757331752773));
#9254 = CARTESIAN_POINT('',(100.5,23.193700113942,35.565606903646));
#9255 = CARTESIAN_POINT('',(100.5,23.376719152227,35.374977197174));
#9256 = CARTESIAN_POINT('',(100.5,23.560821998871,35.185399860257));
#9257 = CARTESIAN_POINT('',(100.5,23.745943010337,34.996833754722));
#9258 = CARTESIAN_POINT('',(100.5,23.932039338869,34.809245879861));
#9259 = CARTESIAN_POINT('',(100.5,24.119087217453,34.62260890061));
#9260 = CARTESIAN_POINT('',(100.5,24.512053120698,34.234286246609));
#9261 = CARTESIAN_POINT('',(100.5,24.718143047373,34.032776403697));
#9262 = CARTESIAN_POINT('',(100.5,24.925249257748,33.832308544244));
#9263 = CARTESIAN_POINT('',(100.5,25.133318343954,33.632836759902));
#9264 = CARTESIAN_POINT('',(100.5,25.342296898123,33.434315142322));
#9265 = CARTESIAN_POINT('',(100.5,25.552131512386,33.236697783157));
#9266 = CARTESIAN_POINT('',(100.5,25.762768778873,33.039938774057));
#9267 = CARTESIAN_POINT('',(100.5,26.079846696316,32.746020636765));
#9268 = CARTESIAN_POINT('',(100.5,26.185726035301,32.648252154187));
#9269 = CARTESIAN_POINT('',(100.5,26.291786053943,32.550680467783));
#9270 = CARTESIAN_POINT('',(100.5,26.398020057499,32.453299578903));
#9271 = CARTESIAN_POINT('',(100.5,26.504421909211,32.356103781402));
#9272 = CARTESIAN_POINT('',(100.5,26.610986030305,32.259087661645));
#9273 = CARTESIAN_POINT('',(100.5,26.717707399992,32.162246098502));
#9274 = CARTESIAN_POINT('',(100.5,27.002701535862,31.904457805349));
#9275 = CARTESIAN_POINT('',(100.5,27.181244132115,31.743813657548));
#9276 = CARTESIAN_POINT('',(100.5,27.360186756705,31.583617555392));
#9277 = CARTESIAN_POINT('',(100.5,27.539506822111,31.423845234327));
#9278 = CARTESIAN_POINT('',(100.5,27.719181740812,31.2644724298));
#9279 = CARTESIAN_POINT('',(100.5,27.899188925288,31.105474877256));
#9280 = CARTESIAN_POINT('',(100.5,28.079505788018,30.946828312143));
#9281 = CARTESIAN_POINT('',(100.5,28.440713655387,30.630188662342));
#9282 = CARTESIAN_POINT('',(100.5,28.621604949909,30.472195657876));
#9283 = CARTESIAN_POINT('',(100.5,28.802760094806,30.314504634791));
#9284 = CARTESIAN_POINT('',(100.5,28.984157556566,30.157092178394));
#9285 = CARTESIAN_POINT('',(100.5,29.165774895462,29.99993413386));
#9286 = CARTESIAN_POINT('',(100.5,29.347588323933,29.843005278549));
#9287 = CARTESIAN_POINT('',(100.5,29.52957472628,29.686280813791));
#9288 = CARTESIAN_POINT('',(100.5,30.057783269577,29.232312851548));
#9289 = CARTESIAN_POINT('',(100.5,30.404412300492,28.935544504873));
#9290 = CARTESIAN_POINT('',(100.5,30.751470218234,28.63927929226));
#9291 = CARTESIAN_POINT('',(100.5,31.098824185541,28.343361712805));
#9292 = CARTESIAN_POINT('',(100.5,31.446341542082,28.047636108563));
#9293 = CARTESIAN_POINT('',(100.5,31.793889804457,27.751946664547));
#9294 = CARTESIAN_POINT('',(100.5,32.141336666198,27.456137408726));
#9295 = CARTESIAN_POINT('',(100.5,32.85403988912,26.848381730126));
#9296 = CARTESIAN_POINT('',(100.5,33.219270011163,26.536406051546));
#9297 = CARTESIAN_POINT('',(100.5,33.584081430495,26.223939911111));
#9298 = CARTESIAN_POINT('',(100.5,33.94831445991,25.910798897123));
#9299 = CARTESIAN_POINT('',(100.5,34.311808565567,25.596799416872));
#9300 = CARTESIAN_POINT('',(100.5,34.674402274146,25.281758662162));
#9301 = CARTESIAN_POINT('',(100.5,35.035933080012,24.965494574826));
#9302 = CARTESIAN_POINT('',(100.5,35.576393064355,24.488988278288));
#9303 = CARTESIAN_POINT('',(100.5,35.756242768816,24.329798095054));
#9304 = CARTESIAN_POINT('',(100.5,35.935761472195,24.170231167327));
#9305 = CARTESIAN_POINT('',(100.5,36.114924180924,24.01026339989));
#9306 = CARTESIAN_POINT('',(100.5,36.293705901439,23.849870697526));
#9307 = CARTESIAN_POINT('',(100.5,36.472081640174,23.68902896502));
#9308 = CARTESIAN_POINT('',(100.5,36.650026403565,23.527714107155));
#9309 = CARTESIAN_POINT('',(100.5,37.022753162349,23.187908477701));
#9310 = CARTESIAN_POINT('',(100.5,37.217437945162,23.009313137346));
#9311 = CARTESIAN_POINT('',(100.5,37.411541169702,22.830086750664));
#9312 = CARTESIAN_POINT('',(100.5,37.605022349549,22.650191117592));
#9313 = CARTESIAN_POINT('',(100.5,37.797851115357,22.469596329688));
#9314 = CARTESIAN_POINT('',(100.5,37.99000117692,22.288276361708));
#9315 = CARTESIAN_POINT('',(100.5,38.181434438124,22.106196570181));
#9316 = CARTESIAN_POINT('',(100.5,38.545419886518,21.757043450249));
#9317 = CARTESIAN_POINT('',(100.5,38.7181074334,21.590113003254));
#9318 = CARTESIAN_POINT('',(100.5,38.890120243865,21.422484335977));
#9319 = CARTESIAN_POINT('',(100.5,39.061422238798,21.254126476357));
#9320 = CARTESIAN_POINT('',(100.5,39.231977339084,21.085008452332));
#9321 = CARTESIAN_POINT('',(100.5,39.401749465609,20.915099291842));
#9322 = CARTESIAN_POINT('',(100.5,39.570702539257,20.744368022826));
#9323 = CARTESIAN_POINT('',(100.5,39.856469654711,20.452674001118));
#9324 = CARTESIAN_POINT('',(100.5,39.973717023704,20.332147820492));
#9325 = CARTESIAN_POINT('',(100.5,40.090534200593,20.211192732011));
#9326 = CARTESIAN_POINT('',(100.5,40.206910345896,20.089797347066));
#9327 = CARTESIAN_POINT('',(100.5,40.322832167954,19.967951287776));
#9328 = CARTESIAN_POINT('',(100.5,40.438283922928,19.845645186983));
#9329 = CARTESIAN_POINT('',(100.5,40.553247414804,19.72287068826));
#9330 = CARTESIAN_POINT('',(100.5,40.863909506063,19.388334684157));
#9331 = CARTESIAN_POINT('',(100.5,41.058620713524,19.175651180763));
#9332 = CARTESIAN_POINT('',(100.5,41.251738253556,18.961529922018));
#9333 = CARTESIAN_POINT('',(100.5,41.443164761946,18.745930894221));
#9334 = CARTESIAN_POINT('',(100.5,41.632802874484,18.528814083668));
#9335 = CARTESIAN_POINT('',(100.5,41.820555226958,18.310139476656));
#9336 = CARTESIAN_POINT('',(100.5,42.006324455155,18.089867059484));
#9337 = CARTESIAN_POINT('',(100.5,42.373702106538,17.646046369664));
#9338 = CARTESIAN_POINT('',(100.5,42.555316568205,17.422511145244));
#9339 = CARTESIAN_POINT('',(100.5,42.734709840104,17.19721847869));
#9340 = CARTESIAN_POINT('',(100.5,42.911664785438,16.969949716109));
#9341 = CARTESIAN_POINT('',(100.5,43.086058214054,16.740600395865));
#9342 = CARTESIAN_POINT('',(100.5,43.257678857836,16.508958508993));
#9343 = CARTESIAN_POINT('',(100.5,43.42637321358,16.274883248795));
#9344 = CARTESIAN_POINT('',(100.5,43.688548625946,15.900148483117));
#9345 = CARTESIAN_POINT('',(100.5,43.784096309221,15.761153107275));
#9346 = CARTESIAN_POINT('',(100.5,43.878552192133,15.621254939816));
#9347 = CARTESIAN_POINT('',(100.5,43.971861651482,15.480504037324));
#9348 = CARTESIAN_POINT('',(100.5,44.063968757981,15.338961280703));
#9349 = CARTESIAN_POINT('',(100.5,44.154816276262,15.196698375176));
#9350 = CARTESIAN_POINT('',(100.5,44.244345664869,15.053797850288));
#9351 = CARTESIAN_POINT('',(100.5,44.471009916769,14.684957401935));
#9352 = CARTESIAN_POINT('',(100.5,44.606382468326,14.458322833496));
#9353 = CARTESIAN_POINT('',(100.5,44.737290258639,14.229465652512));
#9354 = CARTESIAN_POINT('',(100.5,44.86530455727,14.001860159984));
#9355 = CARTESIAN_POINT('',(100.5,44.989523852632,13.774091080736));
#9356 = CARTESIAN_POINT('',(100.5,45.108274819062,13.542486827158));
#9357 = CARTESIAN_POINT('',(100.5,45.221744699192,13.30565430483));
#9358 = CARTESIAN_POINT('',(100.5,45.434471241944,12.821925581258));
#9359 = CARTESIAN_POINT('',(100.5,45.537326402566,12.554333773064));
#9360 = CARTESIAN_POINT('',(100.5,45.644052297855,12.305990167961));
#9361 = CARTESIAN_POINT('',(100.5,45.717656478418,12.01889054845));
#9362 = CARTESIAN_POINT('',(100.5,45.789171542858,11.759417553869));
#9363 = CARTESIAN_POINT('',(100.5,45.881152481639,11.583610860089));
#9364 = CARTESIAN_POINT('',(100.5,45.940003827589,11.383517434432));
#9365 = CARTESIAN_POINT('',(100.5,45.97902077066,11.008298388863));
#9366 = CARTESIAN_POINT('',(100.5,45.982381354573,10.974440568581));
#9367 = CARTESIAN_POINT('',(100.5,45.984731837694,10.942798331224));
#9368 = CARTESIAN_POINT('',(100.5,45.986875331143,10.90450068936));
#9369 = CARTESIAN_POINT('',(100.5,45.989334333587,10.85818634538));
#9370 = CARTESIAN_POINT('',(100.5,45.992350731238,10.810003691491));
#9371 = CARTESIAN_POINT('',(100.5,45.995885797851,10.773610809721));
#9372 = CARTESIAN_POINT('',(100.5,45.99985235633,10.769961902348));
#9373 = CARTESIAN_POINT('',(100.5,46.000085110627,10.769893962016));
#9374 = CARTESIAN_POINT('',(100.5,46.000317978318,10.769982233867));
#9375 = CARTESIAN_POINT('',(100.5,46.000550436671,10.770222309533));
#9376 = CARTESIAN_POINT('',(100.5,46.000781935334,10.770605761329));
#9377 = CARTESIAN_POINT('',(100.5,46.001011940993,10.771125476952));
#9378 = CARTESIAN_POINT('',(100.5,46.001240010887,10.771775356865));
#9379 = CARTESIAN_POINT('',(100.5,46.011170612175,10.805583844477));
#9380 = CARTESIAN_POINT('',(100.5,46.015080033769,11.004113025401));
#9381 = CARTESIAN_POINT('',(100.5,46.028461595133,11.161758594297));
#9382 = CARTESIAN_POINT('',(100.5,46.050126479828,11.271499768824));
#9383 = CARTESIAN_POINT('',(100.5,46.074220573347,11.370008708149));
#9384 = CARTESIAN_POINT('',(100.5,46.097821443079,11.464476048305));
#9385 = CARTESIAN_POINT('',(100.5,46.124341344691,11.541921571916));
#9386 = CARTESIAN_POINT('',(100.5,46.201865778689,11.782336600586));
#9387 = CARTESIAN_POINT('',(100.5,46.243566567294,11.911941349878));
#9388 = CARTESIAN_POINT('',(100.5,46.287742017235,12.04783845735));
#9389 = CARTESIAN_POINT('',(100.5,46.334291530203,12.188075455146));
#9390 = CARTESIAN_POINT('',(100.5,46.383110513099,12.330713210367));
#9391 = CARTESIAN_POINT('',(100.5,46.434090378023,12.473825925068));
#9392 = CARTESIAN_POINT('',(100.5,46.487118542284,12.615501136255));
#9393 = CARTESIAN_POINT('',(100.5,46.632131482617,12.980510702582));
#9394 = CARTESIAN_POINT('',(100.5,46.728394260462,13.201987404628));
#9395 = CARTESIAN_POINT('',(100.5,46.83022004066,13.419146618466));
#9396 = CARTESIAN_POINT('',(100.5,46.937246674632,13.632337484091));
#9397 = CARTESIAN_POINT('',(100.5,47.048785248961,13.842471720946));
#9398 = CARTESIAN_POINT('',(100.5,47.163780104287,14.051092149097));
#9399 = CARTESIAN_POINT('',(100.5,47.281340210612,14.259419495705));
#9400 = CARTESIAN_POINT('',(100.5,47.534658027096,14.694485154127));
#9401 = CARTESIAN_POINT('',(100.5,47.670956551321,14.921185668701));
#9402 = CARTESIAN_POINT('',(100.5,47.810565685656,15.146271487517));
#9403 = CARTESIAN_POINT('',(100.5,47.953325060604,15.369686142149));
#9404 = CARTESIAN_POINT('',(100.5,48.099082971407,15.591264711011));
#9405 = CARTESIAN_POINT('',(100.5,48.247712227934,15.810738593679));
#9406 = CARTESIAN_POINT('',(100.5,48.39910059487,16.027947624321));
#9407 = CARTESIAN_POINT('',(100.5,48.692995770905,16.438819144657));
#9408 = CARTESIAN_POINT('',(100.5,48.834997189784,16.632701518414));
#9409 = CARTESIAN_POINT('',(100.5,48.978975962764,16.824945191569));
#9410 = CARTESIAN_POINT('',(100.5,49.124831985128,17.015645673125));
#9411 = CARTESIAN_POINT('',(100.5,49.272465152157,17.20489847208));
#9412 = CARTESIAN_POINT('',(100.5,49.421775359134,17.392799097437));
#9413 = CARTESIAN_POINT('',(100.5,49.57266250134,17.579443058195));
#9414 = CARTESIAN_POINT('',(100.5,49.831703964481,17.894791472779));
#9415 = CARTESIAN_POINT('',(100.5,49.93909508,18.024085040726));
#9416 = CARTESIAN_POINT('',(100.5,50.047179810283,18.152815495099));
#9417 = CARTESIAN_POINT('',(100.5,50.155938508695,18.280991686356));
#9418 = CARTESIAN_POINT('',(100.5,50.265351892297,18.4086223875));
#9419 = CARTESIAN_POINT('',(100.5,50.375401041846,18.535716294088));
#9420 = CARTESIAN_POINT('',(100.5,50.486067401795,18.662282024226));
#9421 = CARTESIAN_POINT('',(100.5,50.788119577327,19.004459416038));
#9422 = CARTESIAN_POINT('',(100.5,50.980665038824,19.219063236976));
#9423 = CARTESIAN_POINT('',(100.5,51.17488710587,19.432185826474));
#9424 = CARTESIAN_POINT('',(100.5,51.370651454767,19.643870625949));
#9425 = CARTESIAN_POINT('',(100.5,51.567962500277,19.854170598088));
#9426 = CARTESIAN_POINT('',(100.5,51.766590808098,20.063125315612));
#9427 = CARTESIAN_POINT('',(100.5,51.966567587219,20.270789468638));
#9428 = CARTESIAN_POINT('',(100.5,52.369014460443,20.683616202146));
#9429 = CARTESIAN_POINT('',(100.5,52.571481153401,20.888772460507));
#9430 = CARTESIAN_POINT('',(100.5,52.775138568717,21.092735193955));
#9431 = CARTESIAN_POINT('',(100.5,52.979924361681,21.295557922212));
#9432 = CARTESIAN_POINT('',(100.5,53.185776187581,21.497294164999));
#9433 = CARTESIAN_POINT('',(100.5,53.392631701709,21.697997442037));
#9434 = CARTESIAN_POINT('',(100.5,53.600428559353,21.897721273048));
#9435 = CARTESIAN_POINT('',(100.5,53.930831246689,22.21248390572));
#9436 = CARTESIAN_POINT('',(100.5,54.052856099684,22.328134931877));
#9437 = CARTESIAN_POINT('',(100.5,54.175168573555,22.443481496256));
#9438 = CARTESIAN_POINT('',(100.5,54.297758796629,22.558532492948));
#9439 = CARTESIAN_POINT('',(100.5,54.420617426797,22.673296470105));
#9440 = CARTESIAN_POINT('',(100.5,54.543735651516,22.787781629941));
#9441 = CARTESIAN_POINT('',(100.5,54.667105187805,22.901995828728));
#9442 = CARTESIAN_POINT('',(100.5,54.984967669349,23.195012258094));
#9443 = CARTESIAN_POINT('',(100.5,55.179817687606,23.373429151661));
#9444 = CARTESIAN_POINT('',(100.5,55.375235070578,23.551229328233));
#9445 = CARTESIAN_POINT('',(100.5,55.571186551832,23.728444858542));
#9446 = CARTESIAN_POINT('',(100.5,55.767638864931,23.905107813323));
#9447 = CARTESIAN_POINT('',(100.5,55.964558743439,24.081250263307));
#9448 = CARTESIAN_POINT('',(100.5,56.161912920922,24.256904279229));
#9449 = CARTESIAN_POINT('',(100.5,56.57540155635,24.623227059259));
#9450 = CARTESIAN_POINT('',(100.5,56.79161191137,24.813807355579));
#9451 = CARTESIAN_POINT('',(100.5,57.00825088649,25.00388948518));
#9452 = CARTESIAN_POINT('',(100.5,57.225290879924,25.193508968201));
#9453 = CARTESIAN_POINT('',(100.5,57.442697050986,25.382705490482));
#9454 = CARTESIAN_POINT('',(100.5,57.660431305513,25.571520698054));
#9455 = CARTESIAN_POINT('',(100.5,57.878462094317,25.759992816226));
#9456 = CARTESIAN_POINT('',(100.5,58.478764101438,26.277458854675));
#9457 = CARTESIAN_POINT('',(100.5,58.861573292004,26.605827249945));
#9458 = CARTESIAN_POINT('',(100.5,59.244992891253,26.933482566692));
#9459 = CARTESIAN_POINT('',(100.5,59.628851473753,27.260629446208));
#9460 = CARTESIAN_POINT('',(100.5,60.012930373572,27.587502883308));
#9461 = CARTESIAN_POINT('',(100.5,60.397090241582,27.914288135387));
#9462 = CARTESIAN_POINT('',(100.5,60.781131387558,28.241209230022));
#9463 = CARTESIAN_POINT('',(100.5,61.347619736705,28.724312526367));
#9464 = CARTESIAN_POINT('',(100.5,61.530291420226,28.880229724181));
#9465 = CARTESIAN_POINT('',(100.5,61.712877572911,29.036247490692));
#9466 = CARTESIAN_POINT('',(100.5,61.895358945666,29.192388553324));
#9467 = CARTESIAN_POINT('',(100.5,62.077716347423,29.34867559581));
#9468 = CARTESIAN_POINT('',(100.5,62.259930554986,29.505131323897));
#9469 = CARTESIAN_POINT('',(100.5,62.441982222872,29.661778531048));
#9470 = CARTESIAN_POINT('',(100.5,62.914844111755,30.069619644933));
#9471 = CARTESIAN_POINT('',(100.5,63.205366565502,30.321147070926));
#9472 = CARTESIAN_POINT('',(100.5,63.495328222804,30.573323220085));
#9473 = CARTESIAN_POINT('',(100.5,63.784637523418,30.826248317538));
#9474 = CARTESIAN_POINT('',(100.5,64.073202278455,31.080022035601));
#9475 = CARTESIAN_POINT('',(100.5,64.360929670378,31.334743493775));
#9476 = CARTESIAN_POINT('',(100.5,64.647726253002,31.590511258745));
#9477 = CARTESIAN_POINT('',(100.5,65.076384468689,31.975879987694));
#9478 = CARTESIAN_POINT('',(100.5,65.219013812322,32.104623192186));
#9479 = CARTESIAN_POINT('',(100.5,65.361376776795,32.233664945556));
#9480 = CARTESIAN_POINT('',(100.5,65.50346250127,32.363017616571));
#9481 = CARTESIAN_POINT('',(100.5,65.645258469665,32.49269395507));
#9482 = CARTESIAN_POINT('',(100.5,65.786750510661,32.622707091964));
#9483 = CARTESIAN_POINT('',(100.5,65.927922797692,32.753070539234));
#9484 = CARTESIAN_POINT('',(100.5,66.209592953195,33.0145258898));
#9485 = CARTESIAN_POINT('',(100.5,66.350091444727,33.145617782447));
#9486 = CARTESIAN_POINT('',(100.5,66.490237498998,33.277087470343));
#9487 = CARTESIAN_POINT('',(100.5,66.630015291453,33.408948555963));
#9488 = CARTESIAN_POINT('',(100.5,66.76940899754,33.54121464178));
#9489 = CARTESIAN_POINT('',(100.5,66.908402792703,33.673899330268));
#9490 = CARTESIAN_POINT('',(100.5,67.046980852391,33.807016223899));
#9491 = CARTESIAN_POINT('',(100.5,67.28873722679,34.040750951085));
#9492 = CARTESIAN_POINT('',(100.5,67.392104349016,34.141173743807));
#9493 = CARTESIAN_POINT('',(100.5,67.495222042741,34.241853041858));
#9494 = CARTESIAN_POINT('',(100.5,67.598083631982,34.342794583781));
#9495 = CARTESIAN_POINT('',(100.5,67.700682440755,34.444004108119));
#9496 = CARTESIAN_POINT('',(100.5,67.803011793076,34.545487353416));
#9497 = CARTESIAN_POINT('',(100.5,67.905065012962,34.647250058216));
#9498 = CARTESIAN_POINT('',(100.5,68.210374453977,34.953391968476));
#9499 = CARTESIAN_POINT('',(100.5,68.412786450791,35.158630189169));
#9500 = CARTESIAN_POINT('',(100.5,68.614006077052,35.365060026429));
#9501 = CARTESIAN_POINT('',(100.5,68.814029411274,35.572701639843));
#9502 = CARTESIAN_POINT('',(100.5,69.012668780425,35.781647131863));
#9503 = CARTESIAN_POINT('',(100.5,69.209933660768,35.991909174503));
#9504 = CARTESIAN_POINT('',(100.5,69.405698464207,36.203552342197));
#9505 = CARTESIAN_POINT('',(100.5,69.745543965071,36.57641545161));
#9506 = CARTESIAN_POINT('',(100.5,69.890310467666,36.737015197939));
#9507 = CARTESIAN_POINT('',(100.5,70.034161553549,36.898435917664));
#9508 = CARTESIAN_POINT('',(100.5,70.177063721038,37.060697692737));
#9509 = CARTESIAN_POINT('',(100.5,70.318983468453,37.223820605113));
#9510 = CARTESIAN_POINT('',(100.5,70.459887294112,37.387824736745));
#9511 = CARTESIAN_POINT('',(100.5,70.599741696335,37.552730169588));
#9512 = CARTESIAN_POINT('',(100.5,70.846455612676,37.847544234157));
#9513 = CARTESIAN_POINT('',(100.5,70.953741890399,37.977086183181));
#9514 = CARTESIAN_POINT('',(100.5,71.060354802156,38.107191417668));
#9515 = CARTESIAN_POINT('',(100.5,71.166275524347,38.237868475882));
#9516 = CARTESIAN_POINT('',(100.5,71.27148361422,38.369125849349));
#9517 = CARTESIAN_POINT('',(100.5,71.375957009874,38.500971982858));
#9518 = CARTESIAN_POINT('',(100.5,71.479672030258,38.633415274459));
#9519 = CARTESIAN_POINT('',(100.5,71.729655295901,38.956543023285));
#9520 = CARTESIAN_POINT('',(100.5,71.875110954527,39.147857646225));
#9521 = CARTESIAN_POINT('',(100.5,72.018902037018,39.340429579065));
#9522 = CARTESIAN_POINT('',(100.5,72.160960229338,39.534280456586));
#9523 = CARTESIAN_POINT('',(100.5,72.301217217453,39.729431913567));
#9524 = CARTESIAN_POINT('',(100.5,72.439604687329,39.925905584789));
#9525 = CARTESIAN_POINT('',(100.5,72.576054324932,40.12372310503));
#9526 = CARTESIAN_POINT('',(100.5,72.858384308041,40.542005415498));
#9527 = CARTESIAN_POINT('',(100.5,73.003847264806,40.762760180843));
#9528 = CARTESIAN_POINT('',(100.5,73.146780216821,40.985192185678));
#9529 = CARTESIAN_POINT('',(100.5,73.287134003171,41.209353502901));
#9530 = CARTESIAN_POINT('',(100.5,73.424777504981,41.435241805283));
#9531 = CARTESIAN_POINT('',(100.5,73.559559578897,41.662839426365));
#9532 = CARTESIAN_POINT('',(100.5,73.691384241836,41.892159190476));
#9533 = CARTESIAN_POINT('',(100.5,73.948840529707,42.354205271753));
#9534 = CARTESIAN_POINT('',(100.5,74.074479717553,42.586943143456));
#9535 = CARTESIAN_POINT('',(100.5,74.196906618611,42.82139254076));
#9536 = CARTESIAN_POINT('',(100.5,74.315999129991,43.057552361691));
#9537 = CARTESIAN_POINT('',(100.5,74.431635148801,43.295421504275));
#9538 = CARTESIAN_POINT('',(100.5,74.543692572147,43.534998866537));
#9539 = CARTESIAN_POINT('',(100.5,74.652049297138,43.776283346502));
#9540 = CARTESIAN_POINT('',(100.5,74.918154955272,44.394849487153));
#9541 = CARTESIAN_POINT('',(100.5,75.070565210276,44.774441283067));
#9542 = CARTESIAN_POINT('',(100.5,75.21337140531,45.157876712897));
#9543 = CARTESIAN_POINT('',(100.5,75.346114388818,45.544965933728));
#9544 = CARTESIAN_POINT('',(100.5,75.468323202288,45.935500335592));
#9545 = CARTESIAN_POINT('',(100.5,75.579519844273,46.32925110028));
#9546 = CARTESIAN_POINT('',(100.5,75.679224034411,46.725967760166));
#9547 = CARTESIAN_POINT('',(100.5,75.808252432972,47.313369869924));
#9548 = CARTESIAN_POINT('',(100.5,75.846892109882,47.501960500502));
#9549 = CARTESIAN_POINT('',(100.5,75.882848172879,47.691104858712));
#9550 = CARTESIAN_POINT('',(100.5,75.916091528767,47.880758501151));
#9551 = CARTESIAN_POINT('',(100.5,75.946592826449,48.070876331061));
#9552 = CARTESIAN_POINT('',(100.5,75.974322456924,48.261412598323));
#9553 = CARTESIAN_POINT('',(100.5,75.999250553292,48.452320899464));
#9554 = CARTESIAN_POINT('',(100.5,76.046206204396,48.858697859854));
#9555 = CARTESIAN_POINT('',(100.5,76.067480374394,49.074250082788));
#9556 = CARTESIAN_POINT('',(100.5,76.085128268088,49.290142092487));
#9557 = CARTESIAN_POINT('',(100.5,76.099106606957,49.506305336092));
#9558 = CARTESIAN_POINT('',(100.5,76.109371302383,49.722671345125));
#9559 = CARTESIAN_POINT('',(100.5,76.115878691422,49.939171618768));
#9560 = CARTESIAN_POINT('',(100.5,76.118586772567,50.155737507134));
#9561 = CARTESIAN_POINT('',(100.5,76.116451704196,50.564799908301));
#9562 = CARTESIAN_POINT('',(100.5,76.112421045043,50.757294785686));
#9563 = CARTESIAN_POINT('',(100.5,76.105367783053,50.949727529081));
#9564 = CARTESIAN_POINT('',(100.5,76.095295237217,51.142040940864));
#9565 = CARTESIAN_POINT('',(100.5,76.082206726524,51.334177823413));
#9566 = CARTESIAN_POINT('',(100.5,76.066105569964,51.526080979106));
#9567 = CARTESIAN_POINT('',(100.5,76.046995086528,51.717693210322));
#9568 = CARTESIAN_POINT('',(100.5,76.002762107378,52.100221398323));
#9569 = CARTESIAN_POINT('',(100.5,75.977639799653,52.291137456799));
#9570 = CARTESIAN_POINT('',(100.5,75.949514722936,52.481648181887));
#9571 = CARTESIAN_POINT('',(100.5,75.918390067715,52.671696315937));
#9572 = CARTESIAN_POINT('',(100.5,75.884269164063,52.861224656627));
#9573 = CARTESIAN_POINT('',(100.5,75.847155481633,53.050176056966));
#9574 = CARTESIAN_POINT('',(100.5,75.807052629663,53.238493425291));
#9575 = CARTESIAN_POINT('',(100.5,75.704717976752,53.684105910714));
#9576 = CARTESIAN_POINT('',(100.5,75.639835460142,53.940788603986));
#9577 = CARTESIAN_POINT('',(100.5,75.569391724829,54.196043753882));
#9578 = CARTESIAN_POINT('',(100.5,75.4934616885,54.449747309202));
#9579 = CARTESIAN_POINT('',(100.5,75.412120268841,54.701775218746));
#9580 = CARTESIAN_POINT('',(100.5,75.325442383537,54.952003431316));
#9581 = CARTESIAN_POINT('',(100.5,75.233502950274,55.20030789571));
#9582 = CARTESIAN_POINT('',(100.5,75.039250940342,55.692820928745));
#9583 = CARTESIAN_POINT('',(100.5,74.936932288454,55.937026823224));
#9584 = CARTESIAN_POINT('',(100.5,74.829525153415,56.179080265738));
#9585 = CARTESIAN_POINT('',(100.5,74.717052751281,56.418803457393));
#9586 = CARTESIAN_POINT('',(100.5,74.599608371117,56.656099537726));
#9587 = CARTESIAN_POINT('',(100.5,74.477318060896,56.890908096824));
#9588 = CARTESIAN_POINT('',(100.5,74.350268012693,57.123128738419));
#9589 = CARTESIAN_POINT('',(100.5,74.110781110965,57.540496778879));
#9590 = CARTESIAN_POINT('',(100.5,73.999889941661,57.726522690754));
#9591 = CARTESIAN_POINT('',(100.5,73.885929121107,57.910711356636));
#9592 = CARTESIAN_POINT('',(100.5,73.768951538444,58.093014405801));
#9593 = CARTESIAN_POINT('',(100.5,73.649010082814,58.273383467528));
#9594 = CARTESIAN_POINT('',(100.5,73.526157643358,58.451770171094));
#9595 = CARTESIAN_POINT('',(100.5,73.400447109216,58.628126145777));
#9596 = CARTESIAN_POINT('',(100.5,73.086307657538,59.054122542102));
#9597 = CARTESIAN_POINT('',(100.5,72.894827250036,59.301511105471));
#9598 = CARTESIAN_POINT('',(100.5,72.697641652932,59.54441886055));
#9599 = CARTESIAN_POINT('',(100.5,72.494916640646,59.782774987344));
#9600 = CARTESIAN_POINT('',(100.5,72.286799402583,60.016418490035));
#9601 = CARTESIAN_POINT('',(100.5,72.073452424577,60.245270453872));
#9602 = CARTESIAN_POINT('',(100.5,71.855025826265,60.469203657334));
#9603 = CARTESIAN_POINT('',(100.5,71.391145314067,60.923856008671));
#9604 = CARTESIAN_POINT('',(100.5,71.144905843292,61.153770248786));
#9605 = CARTESIAN_POINT('',(100.5,70.893139821089,61.377726915152));
#9606 = CARTESIAN_POINT('',(100.5,70.636053718176,61.595563306363));
#9607 = CARTESIAN_POINT('',(100.5,70.373809041525,61.807181250914));
#9608 = CARTESIAN_POINT('',(100.5,70.106604253908,62.012432718197));
#9609 = CARTESIAN_POINT('',(100.5,69.834617055605,62.211196056542));
#9610 = CARTESIAN_POINT('',(100.5,69.39998579751,62.513136762117));
#9611 = CARTESIAN_POINT('',(100.5,69.240438704826,62.620771244603));
#9612 = CARTESIAN_POINT('',(100.5,69.079424354542,62.726220849139));
#9613 = CARTESIAN_POINT('',(100.5,68.916976778244,62.829461610509));
#9614 = CARTESIAN_POINT('',(100.5,68.753130126018,62.930469594684));
#9615 = CARTESIAN_POINT('',(100.5,68.587918666456,63.029220898818));
#9616 = CARTESIAN_POINT('',(100.5,68.421376786655,63.125691651252));
#9617 = CARTESIAN_POINT('',(100.5,67.98080430403,63.372877377556));
#9618 = CARTESIAN_POINT('',(100.5,67.704652959345,63.519810321704));
#9619 = CARTESIAN_POINT('',(100.5,67.425238854225,63.660556387201));
#9620 = CARTESIAN_POINT('',(100.5,67.142716839257,63.795014128195));
#9621 = CARTESIAN_POINT('',(100.5,66.857242824723,63.923081338713));
#9622 = CARTESIAN_POINT('',(100.5,66.568973885768,64.044655281625));
#9623 = CARTESIAN_POINT('',(100.5,66.278068367565,64.159632917612));
#9624 = CARTESIAN_POINT('',(100.5,65.849279349561,64.317885470464));
#9625 = CARTESIAN_POINT('',(100.5,65.713344515712,64.366432908492));
#9626 = CARTESIAN_POINT('',(100.5,65.576896218116,64.413543162432));
#9627 = CARTESIAN_POINT('',(100.5,65.43995023156,64.459206411422));
#9628 = CARTESIAN_POINT('',(100.5,65.302523376444,64.503413299518));
#9629 = CARTESIAN_POINT('',(100.5,65.164633518781,64.546154935698));
#9630 = CARTESIAN_POINT('',(100.5,65.026299570197,64.587422893859));
#9631 = CARTESIAN_POINT('',(100.5,64.725656688728,64.673626691003));
#9632 = CARTESIAN_POINT('',(100.5,64.563192921332,64.718027053083));
#9633 = CARTESIAN_POINT('',(100.5,64.400179161547,64.760396587773));
#9634 = CARTESIAN_POINT('',(100.5,64.236644385181,64.800721583782));
#9635 = CARTESIAN_POINT('',(100.5,64.072617568043,64.83898832982));
#9636 = CARTESIAN_POINT('',(100.5,63.908127685942,64.875183114597));
#9637 = CARTESIAN_POINT('',(100.5,63.743203714685,64.909292226822));
#9638 = CARTESIAN_POINT('',(100.5,63.436164003216,64.96873886194));
#9639 = CARTESIAN_POINT('',(100.5,63.294155844309,64.994633661373));
#9640 = CARTESIAN_POINT('',(100.5,63.151868235088,65.018977296648));
#9641 = CARTESIAN_POINT('',(100.5,63.00931934951,65.041760934197));
#9642 = CARTESIAN_POINT('',(100.5,62.86652745376,65.062975963739));
#9643 = CARTESIAN_POINT('',(100.5,62.723510906253,65.082613998278));
#9644 = CARTESIAN_POINT('',(100.5,62.580288157632,65.100666874108));
#9645 = CARTESIAN_POINT('',(100.5,62.197860763689,65.144559570915));
#9646 = CARTESIAN_POINT('',(100.5,61.958326564295,65.16757185158));
#9647 = CARTESIAN_POINT('',(100.5,61.718374343305,65.186144451137));
#9648 = CARTESIAN_POINT('',(100.5,61.47810329144,65.200258327924));
#9649 = CARTESIAN_POINT('',(100.5,61.237612599419,65.209894440281));
#9650 = CARTESIAN_POINT('',(100.5,60.997001457958,65.215033746545));
#9651 = CARTESIAN_POINT('',(100.5,60.756369057779,65.215657205053));
#9652 = CARTESIAN_POINT('',(100.5,60.275259921959,65.207834339992));
#9653 = CARTESIAN_POINT('',(100.5,60.034783817158,65.199382957079));
#9654 = CARTESIAN_POINT('',(100.5,59.79448477729,65.186395597653));
#9655 = CARTESIAN_POINT('',(100.5,59.554460907601,65.168821342313));
#9656 = CARTESIAN_POINT('',(100.5,59.314811690953,65.146632254887));
#9657 = CARTESIAN_POINT('',(100.5,59.075638990279,65.119849972531));
#9658 = CARTESIAN_POINT('',(100.5,58.837047279021,65.088521011042));
#9659 = CARTESIAN_POINT('',(100.5,58.408819114669,65.023936508149));
#9660 = CARTESIAN_POINT('',(100.5,58.218933692873,64.992321933031));
#9661 = CARTESIAN_POINT('',(100.5,58.029539733453,64.957804978247));
#9662 = CARTESIAN_POINT('',(100.5,57.840690135683,64.920393562007));
#9663 = CARTESIAN_POINT('',(100.5,57.652437798835,64.880095602521));
#9664 = CARTESIAN_POINT('',(100.5,57.464835622182,64.836919017997));
#9665 = CARTESIAN_POINT('',(100.5,57.277936504997,64.790871726645));
#9666 = CARTESIAN_POINT('',(100.5,56.928921318054,64.69916617675));
#9667 = CARTESIAN_POINT('',(100.5,56.766627327346,64.654177132627));
#9668 = CARTESIAN_POINT('',(100.5,56.604947014149,64.606999322093));
#9669 = CARTESIAN_POINT('',(100.5,56.443914746037,64.55764131285));
#9670 = CARTESIAN_POINT('',(100.5,56.283563618431,64.506115432512));
#9671 = CARTESIAN_POINT('',(100.5,56.123925454606,64.452437768608));
#9672 = CARTESIAN_POINT('',(100.5,55.965030805685,64.396628168579));
#9673 = CARTESIAN_POINT('',(100.5,55.535851408009,64.239425473286));
#9674 = CARTESIAN_POINT('',(100.5,55.267066606717,64.133934012728));
#9675 = CARTESIAN_POINT('',(100.5,55.00071108487,64.0223207434));
#9676 = CARTESIAN_POINT('',(100.5,54.736933263197,63.90468546219));
#9677 = CARTESIAN_POINT('',(100.5,54.475908541129,63.781081115223));
#9678 = CARTESIAN_POINT('',(100.5,54.217745707258,63.651658540057));
#9679 = CARTESIAN_POINT('',(100.5,53.962662056471,63.516414863583));
#9680 = CARTESIAN_POINT('',(100.5,53.521811289957,63.269863096686));
#9681 = CARTESIAN_POINT('',(100.5,53.334666727547,63.161024663709));
#9682 = CARTESIAN_POINT('',(100.5,53.14935417914,63.049061337028));
#9683 = CARTESIAN_POINT('',(100.5,52.965921856388,62.934025907005));
#9684 = CARTESIAN_POINT('',(100.5,52.784417970939,62.815971164002));
#9685 = CARTESIAN_POINT('',(100.5,52.604890734445,62.694949898378));
#9686 = CARTESIAN_POINT('',(100.5,52.427388358556,62.571014900495));
#9687 = CARTESIAN_POINT('',(100.5,52.115514460368,62.34560019956));
#9688 = CARTESIAN_POINT('',(100.5,51.98032158504,62.245250693162));
#9689 = CARTESIAN_POINT('',(100.5,51.846407116607,62.143194844475));
#9690 = CARTESIAN_POINT('',(100.5,51.713794835472,62.039457519186));
#9691 = CARTESIAN_POINT('',(100.5,51.582505614769,61.934064045715));
#9692 = CARTESIAN_POINT('',(100.5,51.452557420363,61.827040215212));
#9693 = CARTESIAN_POINT('',(100.5,51.323965310849,61.718412281557));
#9694 = CARTESIAN_POINT('',(100.5,50.996818536204,61.435027456714));
#9695 = CARTESIAN_POINT('',(100.5,50.800278021451,61.257952885027));
#9696 = CARTESIAN_POINT('',(100.5,50.607180068222,61.07708597664));
#9697 = CARTESIAN_POINT('',(100.5,50.417584299927,60.892528760542));
#9698 = CARTESIAN_POINT('',(100.5,50.231550531796,60.704383514591));
#9699 = CARTESIAN_POINT('',(100.5,50.049138939154,60.512752979058));
#9700 = CARTESIAN_POINT('',(100.5,49.870409650647,60.317739833487));
#9701 = CARTESIAN_POINT('',(100.5,49.504525720587,59.903124081908));
#9702 = CARTESIAN_POINT('',(100.5,49.318080306391,59.682895457147));
#9703 = CARTESIAN_POINT('',(100.5,49.136153998102,59.458881278444));
#9704 = CARTESIAN_POINT('',(100.5,48.958815269986,59.231203261635));
#9705 = CARTESIAN_POINT('',(100.5,48.786132596315,58.999983122561));
#9706 = CARTESIAN_POINT('',(100.5,48.618174451355,58.765342577058));
#9707 = CARTESIAN_POINT('',(100.5,48.455009309376,58.527403340966));
#9708 = CARTESIAN_POINT('',(100.5,48.191169866948,58.125542987712));
#9709 = CARTESIAN_POINT('',(100.5,48.08779392323,57.963387623718));
#9710 = CARTESIAN_POINT('',(100.5,47.986603618352,57.79985195411));
#9711 = CARTESIAN_POINT('',(100.5,47.887624778494,57.634966872405));
#9712 = CARTESIAN_POINT('',(100.5,47.790883251153,57.468763249661));
#9713 = CARTESIAN_POINT('',(100.5,47.696404905141,57.301271934484));
#9714 = CARTESIAN_POINT('',(100.5,47.60421563059,57.132523753024));
#9715 = CARTESIAN_POINT('',(100.5,47.446935095064,56.835067832739));
#9716 = CARTESIAN_POINT('',(100.5,47.380837597292,56.706897164005));
#9717 = CARTESIAN_POINT('',(100.5,47.316048928673,56.578050736776));
#9718 = CARTESIAN_POINT('',(100.5,47.252576297049,56.448541361994));
#9719 = CARTESIAN_POINT('',(100.5,47.190434035063,56.318381427542));
#9720 = CARTESIAN_POINT('',(100.5,47.129643600163,56.187582898243));
#9721 = CARTESIAN_POINT('',(100.5,47.070233574597,56.05615731586));
#9722 = CARTESIAN_POINT('',(100.5,46.915581941188,55.704043851983));
#9723 = CARTESIAN_POINT('',(100.5,46.822855710037,55.482264714191));
#9724 = CARTESIAN_POINT('',(100.5,46.734208951741,55.258825369498));
#9725 = CARTESIAN_POINT('',(100.5,46.649784373813,55.033772045177));
#9726 = CARTESIAN_POINT('',(100.5,46.569711047444,54.80715735059));
#9727 = CARTESIAN_POINT('',(100.5,46.494119690872,54.579038611219));
#9728 = CARTESIAN_POINT('',(100.5,46.423181600189,54.349467398132));
#9729 = CARTESIAN_POINT('',(100.5,46.289386617089,53.881264327602));
#9730 = CARTESIAN_POINT('',(100.5,46.226443741226,53.642702045743));
#9731 = CARTESIAN_POINT('',(100.5,46.170598846111,53.402443570449));
#9732 = CARTESIAN_POINT('',(100.5,46.117813513888,53.160909385345));
#9733 = CARTESIAN_POINT('',(100.5,46.070127747338,52.918227183892));
#9734 = CARTESIAN_POINT('',(100.5,46.033251778056,52.674164835509));
#9735 = CARTESIAN_POINT('',(100.5,46.009976196223,52.428560968013));
#9736 = CARTESIAN_POINT('',(100.5,46.,52.181764705882));
#9737 = PCURVE('',#2590,#9738);
#9738 = DEFINITIONAL_REPRESENTATION('',(#9739),#10477);
#9739 = B_SPLINE_CURVE_WITH_KNOTS('',8,(#9740,#9741,#9742,#9743,#9744,
    #9745,#9746,#9747,#9748,#9749,#9750,#9751,#9752,#9753,#9754,#9755,
    #9756,#9757,#9758,#9759,#9760,#9761,#9762,#9763,#9764,#9765,#9766,
    #9767,#9768,#9769,#9770,#9771,#9772,#9773,#9774,#9775,#9776,#9777,
    #9778,#9779,#9780,#9781,#9782,#9783,#9784,#9785,#9786,#9787,#9788,
    #9789,#9790,#9791,#9792,#9793,#9794,#9795,#9796,#9797,#9798,#9799,
    #9800,#9801,#9802,#9803,#9804,#9805,#9806,#9807,#9808,#9809,#9810,
    #9811,#9812,#9813,#9814,#9815,#9816,#9817,#9818,#9819,#9820,#9821,
    #9822,#9823,#9824,#9825,#9826,#9827,#9828,#9829,#9830,#9831,#9832,
    #9833,#9834,#9835,#9836,#9837,#9838,#9839,#9840,#9841,#9842,#9843,
    #9844,#9845,#9846,#9847,#9848,#9849,#9850,#9851,#9852,#9853,#9854,
    #9855,#9856,#9857,#9858,#9859,#9860,#9861,#9862,#9863,#9864,#9865,
    #9866,#9867,#9868,#9869,#9870,#9871,#9872,#9873,#9874,#9875,#9876,
    #9877,#9878,#9879,#9880,#9881,#9882,#9883,#9884,#9885,#9886,#9887,
    #9888,#9889,#9890,#9891,#9892,#9893,#9894,#9895,#9896,#9897,#9898,
    #9899,#9900,#9901,#9902,#9903,#9904,#9905,#9906,#9907,#9908,#9909,
    #9910,#9911,#9912,#9913,#9914,#9915,#9916,#9917,#9918,#9919,#9920,
    #9921,#9922,#9923,#9924,#9925,#9926,#9927,#9928,#9929,#9930,#9931,
    #9932,#9933,#9934,#9935,#9936,#9937,#9938,#9939,#9940,#9941,#9942,
    #9943,#9944,#9945,#9946,#9947,#9948,#9949,#9950,#9951,#9952,#9953,
    #9954,#9955,#9956,#9957,#9958,#9959,#9960,#9961,#9962,#9963,#9964,
    #9965,#9966,#9967,#9968,#9969,#9970,#9971,#9972,#9973,#9974,#9975,
    #9976,#9977,#9978,#9979,#9980,#9981,#9982,#9983,#9984,#9985,#9986,
    #9987,#9988,#9989,#9990,#9991,#9992,#9993,#9994,#9995,#9996,#9997,
    #9998,#9999,#10000,#10001,#10002,#10003,#10004,#10005,#10006,#10007,
    #10008,#10009,#10010,#10011,#10012,#10013,#10014,#10015,#10016,
    #10017,#10018,#10019,#10020,#10021,#10022,#10023,#10024,#10025,
    #10026,#10027,#10028,#10029,#10030,#10031,#10032,#10033,#10034,
    #10035,#10036,#10037,#10038,#10039,#10040,#10041,#10042,#10043,
    #10044,#10045,#10046,#10047,#10048,#10049,#10050,#10051,#10052,
    #10053,#10054,#10055,#10056,#10057,#10058,#10059,#10060,#10061,
    #10062,#10063,#10064,#10065,#10066,#10067,#10068,#10069,#10070,
    #10071,#10072,#10073,#10074,#10075,#10076,#10077,#10078,#10079,
    #10080,#10081,#10082,#10083,#10084,#10085,#10086,#10087,#10088,
    #10089,#10090,#10091,#10092,#10093,#10094,#10095,#10096,#10097,
    #10098,#10099,#10100,#10101,#10102,#10103,#10104,#10105,#10106,
    #10107,#10108,#10109,#10110,#10111,#10112,#10113,#10114,#10115,
    #10116,#10117,#10118,#10119,#10120,#10121,#10122,#10123,#10124,
    #10125,#10126,#10127,#10128,#10129,#10130,#10131,#10132,#10133,
    #10134,#10135,#10136,#10137,#10138,#10139,#10140,#10141,#10142,
    #10143,#10144,#10145,#10146,#10147,#10148,#10149,#10150,#10151,
    #10152,#10153,#10154,#10155,#10156,#10157,#10158,#10159,#10160,
    #10161,#10162,#10163,#10164,#10165,#10166,#10167,#10168,#10169,
    #10170,#10171,#10172,#10173,#10174,#10175,#10176,#10177,#10178,
    #10179,#10180,#10181,#10182,#10183,#10184,#10185,#10186,#10187,
    #10188,#10189,#10190,#10191,#10192,#10193,#10194,#10195,#10196,
    #10197,#10198,#10199,#10200,#10201,#10202,#10203,#10204,#10205,
    #10206,#10207,#10208,#10209,#10210,#10211,#10212,#10213,#10214,
    #10215,#10216,#10217,#10218,#10219,#10220,#10221,#10222,#10223,
    #10224,#10225,#10226,#10227,#10228,#10229,#10230,#10231,#10232,
    #10233,#10234,#10235,#10236,#10237,#10238,#10239,#10240,#10241,
    #10242,#10243,#10244,#10245,#10246,#10247,#10248,#10249,#10250,
    #10251,#10252,#10253,#10254,#10255,#10256,#10257,#10258,#10259,
    #10260,#10261,#10262,#10263,#10264,#10265,#10266,#10267,#10268,
    #10269,#10270,#10271,#10272,#10273,#10274,#10275,#10276,#10277,
    #10278,#10279,#10280,#10281,#10282,#10283,#10284,#10285,#10286,
    #10287,#10288,#10289,#10290,#10291,#10292,#10293,#10294,#10295,
    #10296,#10297,#10298,#10299,#10300,#10301,#10302,#10303,#10304,
    #10305,#10306,#10307,#10308,#10309,#10310,#10311,#10312,#10313,
    #10314,#10315,#10316,#10317,#10318,#10319,#10320,#10321,#10322,
    #10323,#10324,#10325,#10326,#10327,#10328,#10329,#10330,#10331,
    #10332,#10333,#10334,#10335,#10336,#10337,#10338,#10339,#10340,
    #10341,#10342,#10343,#10344,#10345,#10346,#10347,#10348,#10349,
    #10350,#10351,#10352,#10353,#10354,#10355,#10356,#10357,#10358,
    #10359,#10360,#10361,#10362,#10363,#10364,#10365,#10366,#10367,
    #10368,#10369,#10370,#10371,#10372,#10373,#10374,#10375,#10376,
    #10377,#10378,#10379,#10380,#10381,#10382,#10383,#10384,#10385,
    #10386,#10387,#10388,#10389,#10390,#10391,#10392,#10393,#10394,
    #10395,#10396,#10397,#10398,#10399,#10400,#10401,#10402,#10403,
    #10404,#10405,#10406,#10407,#10408,#10409,#10410,#10411,#10412,
    #10413,#10414,#10415,#10416,#10417,#10418,#10419,#10420,#10421,
    #10422,#10423,#10424,#10425,#10426,#10427,#10428,#10429,#10430,
    #10431,#10432,#10433,#10434,#10435,#10436,#10437,#10438,#10439,
    #10440,#10441,#10442,#10443,#10444,#10445,#10446,#10447,#10448,
    #10449,#10450,#10451,#10452,#10453,#10454,#10455,#10456,#10457,
    #10458,#10459,#10460,#10461,#10462,#10463,#10464,#10465,#10466,
    #10467,#10468,#10469,#10470,#10471,#10472,#10473,#10474,#10475,
    #10476),.UNSPECIFIED.,.T.,.F.,(9,7,7,7,7,7,7,7,7,7,7,7,7,7,7,7,7,7,7
    ,7,7,7,7,7,7,7,7,7,7,7,7,7,7,7,7,7,7,7,7,7,7,7,7,7,7,7,7,7,7,7,7,7,7
    ,7,7,7,7,7,7,7,7,7,7,7,7,7,7,7,7,7,7,7,7,7,7,7,7,7,7,7,7,7,7,7,7,7,7
    ,7,7,7,7,7,7,7,7,7,7,7,7,7,7,7,7,7,7,9),(0.,2.585563898404E-04,
    5.266174359606E-04,6.522571671076E-03,1.428140419735E-02,
    2.661881815357E-02,3.894612961984E-02,4.568059994725E-02,
    5.915033272466E-02,6.925295758497E-02,7.71105536954E-02,
    8.833602519878E-02,0.100685091033,0.108543587578,0.117524727676,
    0.129873817934,0.14222286278,0.151203944752,0.157939553395,
    0.169165304439,0.180391082723,0.190494271157,0.205087873273,
    0.212946284836,0.220805038406,0.233154599622,0.245504211753,
    0.262345372394,0.270204203212,0.283676353251,0.293778647924,
    0.301635684465,0.313980737771,0.327447801795,0.340914792801,
    0.351014029611,0.358868612035,0.371210975264,0.384674622688,
    0.391406328645,0.402625611059,0.413844891017,0.435161427118,
    0.457600019634,0.468819538582,0.48116102778,0.492380538722,
    0.500234237405,0.51369769741,0.527161170021,0.535014247682,
    0.547353835629,0.559395644038,0.561352616001,0.561474277881,
    0.566701264326,0.572028259206,0.580756664462,0.590377052406,
    0.599119743499,0.605240930343,0.615736932315,0.626231910863,
    0.63235394386,0.641974293249,0.652469242672,0.67083538137,
    0.679581136264,0.693574392478,0.700571053293,0.707567716739,
    0.712815214323,0.723310117021,0.731181326751,0.737303893115,
    0.74605084133,0.755672396625,0.765294135461,0.780165872558,
    0.7871656752,0.795040681732,0.802040677941,0.809040673043,
    0.818665667166,0.82829064968,0.836165572018,0.847539838856,
    0.859788773356,0.86678803866,0.878161772727,0.883411164801,
    0.889535469547,0.894784872982,0.903533865614,0.912282865501,
    0.919282088996,0.925406287908,0.935904585613,0.943777748954,
    0.94990130162,0.959524011444,0.970021522536,0.977019863345,
    0.982268659844,0.991016763424,1.),.UNSPECIFIED.);
#9740 = CARTESIAN_POINT('',(52.181764705882,-54.));
#9741 = CARTESIAN_POINT('',(52.176494738673,-53.99978697316));
#9742 = CARTESIAN_POINT('',(52.171491965114,-53.99955035169));
#9743 = CARTESIAN_POINT('',(52.166872083943,-53.99928582174));
#9744 = CARTESIAN_POINT('',(52.162891010139,-53.99899161422));
#9745 = CARTESIAN_POINT('',(52.159827130339,-53.99866808448));
#9746 = CARTESIAN_POINT('',(52.157891989433,-53.99831783613));
#9747 = CARTESIAN_POINT('',(52.157169408327,-53.99794638906));
#9748 = CARTESIAN_POINT('',(52.158011862473,-53.99716631501));
#9749 = CARTESIAN_POINT('',(52.159691832105,-53.99676330432));
#9750 = CARTESIAN_POINT('',(52.162383954465,-53.99636137402));
#9751 = CARTESIAN_POINT('',(52.165877726046,-53.99596565927));
#9752 = CARTESIAN_POINT('',(52.169991127145,-53.99557941597));
#9753 = CARTESIAN_POINT('',(52.174570621865,-53.99520402071));
#9754 = CARTESIAN_POINT('',(52.179491158114,-53.99483897079));
#9755 = CARTESIAN_POINT('',(52.300186420775,-53.98649461947));
#9756 = CARTESIAN_POINT('',(52.513828923724,-53.98186436954));
#9757 = CARTESIAN_POINT('',(52.652517013531,-53.97154470829));
#9758 = CARTESIAN_POINT('',(52.806647158912,-53.95950821782));
#9759 = CARTESIAN_POINT('',(52.960376713443,-53.94296222397));
#9760 = CARTESIAN_POINT('',(53.061572196573,-53.91811460061));
#9761 = CARTESIAN_POINT('',(53.162804891853,-53.88929164086));
#9762 = CARTESIAN_POINT('',(53.396761148075,-53.82028400247));
#9763 = CARTESIAN_POINT('',(53.543252285611,-53.78019078279));
#9764 = CARTESIAN_POINT('',(53.699973704324,-53.73911147963));
#9765 = CARTESIAN_POINT('',(53.863285301113,-53.69706587017));
#9766 = CARTESIAN_POINT('',(54.030197129864,-53.65391236376));
#9767 = CARTESIAN_POINT('',(54.198369401446,-53.60934800203));
#9768 = CARTESIAN_POINT('',(54.366112483718,-53.56290845878));
#9769 = CARTESIAN_POINT('',(54.796781875354,-53.43614728512));
#9770 = CARTESIAN_POINT('',(55.05566273439,-53.35211673315));
#9771 = CARTESIAN_POINT('',(55.304738564435,-53.26053458065));
#9772 = CARTESIAN_POINT('',(55.549789699556,-53.16312201444));
#9773 = CARTESIAN_POINT('',(55.790393943658,-53.05980082158));
#9774 = CARTESIAN_POINT('',(56.025841521754,-52.95057065206));
#9775 = CARTESIAN_POINT('',(56.261914812909,-52.83753582656));
#9776 = CARTESIAN_POINT('',(56.732310350233,-52.60354317839));
#9777 = CARTESIAN_POINT('',(56.966716747543,-52.48255872223));
#9778 = CARTESIAN_POINT('',(57.200068094561,-52.3575600324));
#9779 = CARTESIAN_POINT('',(57.431861995112,-52.22850292743));
#9780 = CARTESIAN_POINT('',(57.661771687139,-52.09538374735));
#9781 = CARTESIAN_POINT('',(57.889413145616,-51.95816709278));
#9782 = CARTESIAN_POINT('',(58.114183551631,-51.81673523471));
#9783 = CARTESIAN_POINT('',(58.456859950897,-51.59147636652));
#9784 = CARTESIAN_POINT('',(58.576926137296,-51.51068032202));
#9785 = CARTESIAN_POINT('',(58.695997700081,-51.42868007472));
#9786 = CARTESIAN_POINT('',(58.814080373164,-51.3454841839));
#9787 = CARTESIAN_POINT('',(58.931179890456,-51.26110120885));
#9788 = CARTESIAN_POINT('',(59.047301985865,-51.17553970885));
#9789 = CARTESIAN_POINT('',(59.162452393304,-51.08880824318));
#9790 = CARTESIAN_POINT('',(59.505019184054,-50.82511928888));
#9791 = CARTESIAN_POINT('',(59.729479072227,-50.64469724817));
#9792 = CARTESIAN_POINT('',(59.95028360718,-50.45973671677));
#9793 = CARTESIAN_POINT('',(60.166906081075,-50.27011173977));
#9794 = CARTESIAN_POINT('',(60.380514594438,-50.07623549091));
#9795 = CARTESIAN_POINT('',(60.589921221089,-49.87788743568));
#9796 = CARTESIAN_POINT('',(60.795393587534,-49.67525945746));
#9797 = CARTESIAN_POINT('',(61.147529903789,-49.31332759133));
#9798 = CARTESIAN_POINT('',(61.296072986403,-49.15584273372));
#9799 = CARTESIAN_POINT('',(61.442172120697,-48.99602549859));
#9800 = CARTESIAN_POINT('',(61.585752942843,-48.83390799192));
#9801 = CARTESIAN_POINT('',(61.726738965225,-48.66952080791));
#9802 = CARTESIAN_POINT('',(61.865055126329,-48.50289538061));
#9803 = CARTESIAN_POINT('',(62.000631340626,-48.33406633543));
#9804 = CARTESIAN_POINT('',(62.236675252483,-48.03007969527));
#9805 = CARTESIAN_POINT('',(62.338253339779,-47.89577906147));
#9806 = CARTESIAN_POINT('',(62.438117471168,-47.76019462333));
#9807 = CARTESIAN_POINT('',(62.53624480747,-47.62334906481));
#9808 = CARTESIAN_POINT('',(62.632612509506,-47.48526506985));
#9809 = CARTESIAN_POINT('',(62.727197738094,-47.34596532239));
#9810 = CARTESIAN_POINT('',(62.819977654054,-47.20547250637));
#9811 = CARTESIAN_POINT('',(63.040864378254,-46.86142727958));
#9812 = CARTESIAN_POINT('',(63.167067589186,-46.65665109157));
#9813 = CARTESIAN_POINT('',(63.289480469857,-46.44955719875));
#9814 = CARTESIAN_POINT('',(63.408026287424,-46.24020714434));
#9815 = CARTESIAN_POINT('',(63.522630090528,-46.02866418189));
#9816 = CARTESIAN_POINT('',(63.63322920529,-45.8150028632));
#9817 = CARTESIAN_POINT('',(63.73977429411,-45.59931159));
#9818 = CARTESIAN_POINT('',(63.954921885646,-45.14228202156));
#9819 = CARTESIAN_POINT('',(64.062662461422,-44.90052838283));
#9820 = CARTESIAN_POINT('',(64.165373175758,-44.65654705086));
#9821 = CARTESIAN_POINT('',(64.262984499793,-44.41045786325));
#9822 = CARTESIAN_POINT('',(64.355426904666,-44.16238065762));
#9823 = CARTESIAN_POINT('',(64.442630861517,-43.91243527159));
#9824 = CARTESIAN_POINT('',(64.524526841485,-43.66074154276));
#9825 = CARTESIAN_POINT('',(64.649738890859,-43.24621424861));
#9826 = CARTESIAN_POINT('',(64.69625207683,-43.08434874946));
#9827 = CARTESIAN_POINT('',(64.740579335625,-42.92185810571));
#9828 = CARTESIAN_POINT('',(64.782715247309,-42.75877766063));
#9829 = CARTESIAN_POINT('',(64.822654510009,-42.59514280634));
#9830 = CARTESIAN_POINT('',(64.860391939913,-42.43098898379));
#9831 = CARTESIAN_POINT('',(64.895922471272,-42.26635168282));
#9832 = CARTESIAN_POINT('',(64.967319658731,-41.91259757055));
#9833 = CARTESIAN_POINT('',(65.002509014113,-41.72334352325));
#9834 = CARTESIAN_POINT('',(65.034801500257,-41.53355719945));
#9835 = CARTESIAN_POINT('',(65.064189394881,-41.34329149844));
#9836 = CARTESIAN_POINT('',(65.090664975698,-41.1525993195));
#9837 = CARTESIAN_POINT('',(65.114220520426,-40.96153356188));
#9838 = CARTESIAN_POINT('',(65.134848306779,-40.77014712487));
#9839 = CARTESIAN_POINT('',(65.176867577371,-40.31496787639));
#9840 = CARTESIAN_POINT('',(65.195639078271,-40.05093875066));
#9841 = CARTESIAN_POINT('',(65.208857515525,-39.78653704114));
#9842 = CARTESIAN_POINT('',(65.216569018935,-39.52189491533));
#9843 = CARTESIAN_POINT('',(65.218794074602,-39.2571443327));
#9844 = CARTESIAN_POINT('',(65.21554727463,-38.99241731137));
#9845 = CARTESIAN_POINT('',(65.206866339627,-38.72784619131));
#9846 = CARTESIAN_POINT('',(65.178674839995,-38.19928029831));
#9847 = CARTESIAN_POINT('',(65.159160566339,-37.93528450881));
#9848 = CARTESIAN_POINT('',(65.13427585387,-37.67170141755));
#9849 = CARTESIAN_POINT('',(65.104009477817,-37.40868298915));
#9850 = CARTESIAN_POINT('',(65.068388159059,-37.14635548137));
#9851 = CARTESIAN_POINT('',(65.027479888223,-36.88482504359));
#9852 = CARTESIAN_POINT('',(64.981354004952,-36.62420034544));
#9853 = CARTESIAN_POINT('',(64.892736000817,-36.1757868445));
#9854 = CARTESIAN_POINT('',(64.852685811564,-35.98752067455));
#9855 = CARTESIAN_POINT('',(64.809918657076,-35.79983676605));
#9856 = CARTESIAN_POINT('',(64.764455017463,-35.61277837153));
#9857 = CARTESIAN_POINT('',(64.71631537284,-35.42638874351));
#9858 = CARTESIAN_POINT('',(64.665520203316,-35.2407111345));
#9859 = CARTESIAN_POINT('',(64.612089989006,-35.05578879702));
#9860 = CARTESIAN_POINT('',(64.514012891546,-34.73357628195));
#9861 = CARTESIAN_POINT('',(64.470509785515,-34.59593603551));
#9862 = CARTESIAN_POINT('',(64.425543961488,-34.45876247951));
#9863 = CARTESIAN_POINT('',(64.379124088495,-34.32207316198));
#9864 = CARTESIAN_POINT('',(64.331259435027,-34.18588494382));
#9865 = CARTESIAN_POINT('',(64.281959869041,-34.0502139988));
#9866 = CARTESIAN_POINT('',(64.231235857957,-33.9150758135));
#9867 = CARTESIAN_POINT('',(64.092204858391,-33.5561727396));
#9868 = CARTESIAN_POINT('',(64.001384177752,-33.3333832919));
#9869 = CARTESIAN_POINT('',(63.906682933486,-33.11218810663));
#9870 = CARTESIAN_POINT('',(63.808147632338,-32.89265844617));
#9871 = CARTESIAN_POINT('',(63.705824781051,-32.67486557288));
#9872 = CARTESIAN_POINT('',(63.599760886372,-32.45888074915));
#9873 = CARTESIAN_POINT('',(63.490002455043,-32.24477523733));
#9874 = CARTESIAN_POINT('',(63.263189257382,-31.82046484746));
#9875 = CARTESIAN_POINT('',(63.146135291478,-31.61026031888));
#9876 = CARTESIAN_POINT('',(63.025479200492,-31.40208002689));
#9877 = CARTESIAN_POINT('',(62.901267787887,-31.19599191915));
#9878 = CARTESIAN_POINT('',(62.773548318877,-30.99206214994));
#9879 = CARTESIAN_POINT('',(62.642367787454,-30.7903570352));
#9880 = CARTESIAN_POINT('',(62.507772687793,-30.59094339092));
#9881 = CARTESIAN_POINT('',(62.245642379744,-30.21653694336));
#9882 = CARTESIAN_POINT('',(62.118747473554,-30.04109661972));
#9883 = CARTESIAN_POINT('',(61.989158656662,-29.86761488484));
#9884 = CARTESIAN_POINT('',(61.856910014301,-29.69614033966));
#9885 = CARTESIAN_POINT('',(61.722035631704,-29.5267215851));
#9886 = CARTESIAN_POINT('',(61.584569594104,-29.35940722211));
#9887 = CARTESIAN_POINT('',(61.444545986732,-29.19424585163));
#9888 = CARTESIAN_POINT('',(61.096096020124,-28.79589799263));
#9889 = CARTESIAN_POINT('',(60.884931045434,-28.56510704883));
#9890 = CARTESIAN_POINT('',(60.668612823212,-28.33906358702));
#9891 = CARTESIAN_POINT('',(60.447250855412,-28.11791950399));
#9892 = CARTESIAN_POINT('',(60.220955494401,-27.90182802918));
#9893 = CARTESIAN_POINT('',(59.989838143895,-27.69094350447));
#9894 = CARTESIAN_POINT('',(59.754011459882,-27.48542116384));
#9895 = CARTESIAN_POINT('',(59.384126360112,-27.17771795686));
#9896 = CARTESIAN_POINT('',(59.253331553015,-27.07161905229));
#9897 = CARTESIAN_POINT('',(59.121221496912,-26.96714484546));
#9898 = CARTESIAN_POINT('',(58.987814026484,-26.8643198689));
#9899 = CARTESIAN_POINT('',(58.853128444446,-26.76316854162));
#9900 = CARTESIAN_POINT('',(58.717185521545,-26.66371516915));
#9901 = CARTESIAN_POINT('',(58.580007496559,-26.56598394351));
#9902 = CARTESIAN_POINT('',(58.303222633185,-26.37400976554));
#9903 = CARTESIAN_POINT('',(58.163614420009,-26.27976672085));
#9904 = CARTESIAN_POINT('',(58.02281619561,-26.18729469386));
#9905 = CARTESIAN_POINT('',(57.880850718821,-26.09661856933));
#9906 = CARTESIAN_POINT('',(57.737740748476,-26.00776323199));
#9907 = CARTESIAN_POINT('',(57.593509043412,-25.92075356658));
#9908 = CARTESIAN_POINT('',(57.448178362461,-25.83561445784));
#9909 = CARTESIAN_POINT('',(57.071701780623,-25.62155834599));
#9910 = CARTESIAN_POINT('',(56.838977720823,-25.49543159875));
#9911 = CARTESIAN_POINT('',(56.603686530499,-25.37407360123));
#9912 = CARTESIAN_POINT('',(56.365913306949,-25.25758777204));
#9913 = CARTESIAN_POINT('',(56.125727803705,-25.14609011281));
#9914 = CARTESIAN_POINT('',(55.883239626801,-25.03966118475));
#9915 = CARTESIAN_POINT('',(55.638617303916,-24.93833699168));
#9916 = CARTESIAN_POINT('',(55.145315093941,-24.74609844486));
#9917 = CARTESIAN_POINT('',(54.896636290642,-24.65517804191));
#9918 = CARTESIAN_POINT('',(54.646054348648,-24.56953163723));
#9919 = CARTESIAN_POINT('',(54.393693319517,-24.48923415447));
#9920 = CARTESIAN_POINT('',(54.139677255203,-24.41436051127));
#9921 = CARTESIAN_POINT('',(53.88413020806,-24.34498561926));
#9922 = CARTESIAN_POINT('',(53.62717623084,-24.28118438408));
#9923 = CARTESIAN_POINT('',(53.016781892094,-24.14372892289));
#9924 = CARTESIAN_POINT('',(52.662251132877,-24.07493032778));
#9925 = CARTESIAN_POINT('',(52.305722753699,-24.01665623583));
#9926 = CARTESIAN_POINT('',(51.947570900661,-23.96892693371));
#9927 = CARTESIAN_POINT('',(51.588168226881,-23.93176303535));
#9928 = CARTESIAN_POINT('',(51.227885908069,-23.90518583814));
#9929 = CARTESIAN_POINT('',(50.867093658107,-23.88921767925));
#9930 = CARTESIAN_POINT('',(50.337732008343,-23.88139256415));
#9931 = CARTESIAN_POINT('',(50.169281424317,-23.88122759735));
#9932 = CARTESIAN_POINT('',(50.000841251984,-23.88337405711));
#9933 = CARTESIAN_POINT('',(49.832444461885,-23.88781643805));
#9934 = CARTESIAN_POINT('',(49.664123735657,-23.89453706388));
#9935 = CARTESIAN_POINT('',(49.495911466035,-23.90351608742));
#9936 = CARTESIAN_POINT('',(49.327839756849,-23.91473149056));
#9937 = CARTESIAN_POINT('',(48.872115800156,-23.95117759194));
#9938 = CARTESIAN_POINT('',(48.584803551211,-23.98070326609));
#9939 = CARTESIAN_POINT('',(48.298174370854,-24.01664505764));
#9940 = CARTESIAN_POINT('',(48.012361177519,-24.05886004549));
#9941 = CARTESIAN_POINT('',(47.727582283141,-24.10734044184));
#9942 = CARTESIAN_POINT('',(47.443890673734,-24.16183897483));
#9943 = CARTESIAN_POINT('',(47.161552696573,-24.22242883248));
#9944 = CARTESIAN_POINT('',(46.669940233579,-24.33868902064));
#9945 = CARTESIAN_POINT('',(46.460069103501,-24.39180088686));
#9946 = CARTESIAN_POINT('',(46.251029341112,-24.44813395415));
#9947 = CARTESIAN_POINT('',(46.042854050823,-24.50761822942));
#9948 = CARTESIAN_POINT('',(45.835576337048,-24.5701837196));
#9949 = CARTESIAN_POINT('',(45.629229304198,-24.63576043162));
#9950 = CARTESIAN_POINT('',(45.423846056686,-24.70427837239));
#9951 = CARTESIAN_POINT('',(45.060498677351,-24.8311903173));
#9952 = CARTESIAN_POINT('',(44.902142130569,-24.88844929781));
#9953 = CARTESIAN_POINT('',(44.744404808796,-24.94741183928));
#9954 = CARTESIAN_POINT('',(44.587300850472,-25.00804559459));
#9955 = CARTESIAN_POINT('',(44.430843782262,-25.07031852056));
#9956 = CARTESIAN_POINT('',(44.275046519055,-25.13419887796));
#9957 = CARTESIAN_POINT('',(44.119921363964,-25.19965523153));
#9958 = CARTESIAN_POINT('',(43.722820227123,-25.37192942522));
#9959 = CARTESIAN_POINT('',(43.481866644746,-25.48100491432));
#9960 = CARTESIAN_POINT('',(43.242620363166,-25.59376081439));
#9961 = CARTESIAN_POINT('',(43.00508248436,-25.71007502254));
#9962 = CARTESIAN_POINT('',(42.769254110299,-25.82982543588));
#9963 = CARTESIAN_POINT('',(42.535136342959,-25.95288995151));
#9964 = CARTESIAN_POINT('',(42.302730284314,-26.07914646654));
#9965 = CARTESIAN_POINT('',(41.820376661656,-26.34955344056));
#9966 = CARTESIAN_POINT('',(41.570739335178,-26.494298522));
#9967 = CARTESIAN_POINT('',(41.323161156795,-26.64251178358));
#9968 = CARTESIAN_POINT('',(41.077593006511,-26.79412379535));
#9969 = CARTESIAN_POINT('',(40.834129931161,-26.94881236935));
#9970 = CARTESIAN_POINT('',(40.592673147797,-27.10657824402));
#9971 = CARTESIAN_POINT('',(40.353203313631,-27.26726434815));
#9972 = CARTESIAN_POINT('',(39.878137045335,-27.59426796792));
#9973 = CARTESIAN_POINT('',(39.642546465486,-27.76058118292));
#9974 = CARTESIAN_POINT('',(39.408860411086,-27.92958819964));
#9975 = CARTESIAN_POINT('',(39.177041497236,-28.10117097143));
#9976 = CARTESIAN_POINT('',(38.947052339036,-28.27521145163));
#9977 = CARTESIAN_POINT('',(38.718855551587,-28.4515915936));
#9978 = CARTESIAN_POINT('',(38.492413749989,-28.63019335069));
#9979 = CARTESIAN_POINT('',(38.099163193429,-28.94641416554));
#9980 = CARTESIAN_POINT('',(37.931598163992,-29.08311478531));
#9981 = CARTESIAN_POINT('',(37.76497639629,-29.2209531847));
#9982 = CARTESIAN_POINT('',(37.599279986171,-29.3598907399));
#9983 = CARTESIAN_POINT('',(37.434490935863,-29.4998941096));
#9984 = CARTESIAN_POINT('',(37.270590899763,-29.64093179049));
#9985 = CARTESIAN_POINT('',(37.107560930224,-29.78297067268));
#9986 = CARTESIAN_POINT('',(36.819247546205,-30.03719093856));
#9987 = CARTESIAN_POINT('',(36.693628287539,-30.14899271439));
#9988 = CARTESIAN_POINT('',(36.568513998636,-30.2613621599));
#9989 = CARTESIAN_POINT('',(36.443895230786,-30.37428351228));
#9990 = CARTESIAN_POINT('',(36.319762535279,-30.48774100875));
#9991 = CARTESIAN_POINT('',(36.196106463402,-30.60171888652));
#9992 = CARTESIAN_POINT('',(36.072917566447,-30.71620138278));
#9993 = CARTESIAN_POINT('',(35.757331752773,-31.0118339221));
#9994 = CARTESIAN_POINT('',(35.565606903646,-31.19370011394));
#9995 = CARTESIAN_POINT('',(35.374977197174,-31.37671915222));
#9996 = CARTESIAN_POINT('',(35.185399860257,-31.56082199887));
#9997 = CARTESIAN_POINT('',(34.996833754722,-31.74594301033));
#9998 = CARTESIAN_POINT('',(34.809245879861,-31.93203933886));
#9999 = CARTESIAN_POINT('',(34.62260890061,-32.11908721745));
#10000 = CARTESIAN_POINT('',(34.234286246609,-32.51205312069));
#10001 = CARTESIAN_POINT('',(34.032776403697,-32.71814304737));
#10002 = CARTESIAN_POINT('',(33.832308544244,-32.92524925774));
#10003 = CARTESIAN_POINT('',(33.632836759902,-33.13331834395));
#10004 = CARTESIAN_POINT('',(33.434315142322,-33.34229689812));
#10005 = CARTESIAN_POINT('',(33.236697783157,-33.55213151238));
#10006 = CARTESIAN_POINT('',(33.039938774057,-33.76276877887));
#10007 = CARTESIAN_POINT('',(32.746020636765,-34.07984669631));
#10008 = CARTESIAN_POINT('',(32.648252154187,-34.1857260353));
#10009 = CARTESIAN_POINT('',(32.550680467783,-34.29178605394));
#10010 = CARTESIAN_POINT('',(32.453299578903,-34.39802005749));
#10011 = CARTESIAN_POINT('',(32.356103781402,-34.50442190921));
#10012 = CARTESIAN_POINT('',(32.259087661645,-34.6109860303));
#10013 = CARTESIAN_POINT('',(32.162246098502,-34.71770739999));
#10014 = CARTESIAN_POINT('',(31.904457805349,-35.00270153586));
#10015 = CARTESIAN_POINT('',(31.743813657548,-35.18124413211));
#10016 = CARTESIAN_POINT('',(31.583617555392,-35.3601867567));
#10017 = CARTESIAN_POINT('',(31.423845234327,-35.53950682211));
#10018 = CARTESIAN_POINT('',(31.2644724298,-35.71918174081));
#10019 = CARTESIAN_POINT('',(31.105474877256,-35.89918892528));
#10020 = CARTESIAN_POINT('',(30.946828312143,-36.07950578801));
#10021 = CARTESIAN_POINT('',(30.630188662342,-36.44071365538));
#10022 = CARTESIAN_POINT('',(30.472195657876,-36.6216049499));
#10023 = CARTESIAN_POINT('',(30.314504634791,-36.8027600948));
#10024 = CARTESIAN_POINT('',(30.157092178394,-36.98415755656));
#10025 = CARTESIAN_POINT('',(29.99993413386,-37.16577489546));
#10026 = CARTESIAN_POINT('',(29.843005278549,-37.34758832393));
#10027 = CARTESIAN_POINT('',(29.686280813791,-37.52957472628));
#10028 = CARTESIAN_POINT('',(29.232312851548,-38.05778326957));
#10029 = CARTESIAN_POINT('',(28.935544504873,-38.40441230049));
#10030 = CARTESIAN_POINT('',(28.63927929226,-38.75147021823));
#10031 = CARTESIAN_POINT('',(28.343361712805,-39.09882418554));
#10032 = CARTESIAN_POINT('',(28.047636108563,-39.44634154208));
#10033 = CARTESIAN_POINT('',(27.751946664547,-39.79388980445));
#10034 = CARTESIAN_POINT('',(27.456137408726,-40.14133666619));
#10035 = CARTESIAN_POINT('',(26.848381730126,-40.85403988912));
#10036 = CARTESIAN_POINT('',(26.536406051546,-41.21927001116));
#10037 = CARTESIAN_POINT('',(26.223939911111,-41.58408143049));
#10038 = CARTESIAN_POINT('',(25.910798897123,-41.94831445991));
#10039 = CARTESIAN_POINT('',(25.596799416872,-42.31180856556));
#10040 = CARTESIAN_POINT('',(25.281758662162,-42.67440227414));
#10041 = CARTESIAN_POINT('',(24.965494574826,-43.03593308001));
#10042 = CARTESIAN_POINT('',(24.488988278288,-43.57639306435));
#10043 = CARTESIAN_POINT('',(24.329798095054,-43.75624276881));
#10044 = CARTESIAN_POINT('',(24.170231167327,-43.93576147219));
#10045 = CARTESIAN_POINT('',(24.01026339989,-44.11492418092));
#10046 = CARTESIAN_POINT('',(23.849870697526,-44.29370590143));
#10047 = CARTESIAN_POINT('',(23.68902896502,-44.47208164017));
#10048 = CARTESIAN_POINT('',(23.527714107155,-44.65002640356));
#10049 = CARTESIAN_POINT('',(23.187908477701,-45.02275316234));
#10050 = CARTESIAN_POINT('',(23.009313137346,-45.21743794516));
#10051 = CARTESIAN_POINT('',(22.830086750664,-45.4115411697));
#10052 = CARTESIAN_POINT('',(22.650191117592,-45.60502234954));
#10053 = CARTESIAN_POINT('',(22.469596329688,-45.79785111535));
#10054 = CARTESIAN_POINT('',(22.288276361708,-45.99000117692));
#10055 = CARTESIAN_POINT('',(22.106196570181,-46.18143443812));
#10056 = CARTESIAN_POINT('',(21.757043450249,-46.54541988651));
#10057 = CARTESIAN_POINT('',(21.590113003254,-46.7181074334));
#10058 = CARTESIAN_POINT('',(21.422484335977,-46.89012024386));
#10059 = CARTESIAN_POINT('',(21.254126476357,-47.06142223879));
#10060 = CARTESIAN_POINT('',(21.085008452332,-47.23197733908));
#10061 = CARTESIAN_POINT('',(20.915099291842,-47.4017494656));
#10062 = CARTESIAN_POINT('',(20.744368022826,-47.57070253925));
#10063 = CARTESIAN_POINT('',(20.452674001118,-47.85646965471));
#10064 = CARTESIAN_POINT('',(20.332147820492,-47.9737170237));
#10065 = CARTESIAN_POINT('',(20.211192732011,-48.09053420059));
#10066 = CARTESIAN_POINT('',(20.089797347066,-48.20691034589));
#10067 = CARTESIAN_POINT('',(19.967951287776,-48.32283216795));
#10068 = CARTESIAN_POINT('',(19.845645186983,-48.43828392292));
#10069 = CARTESIAN_POINT('',(19.72287068826,-48.5532474148));
#10070 = CARTESIAN_POINT('',(19.388334684157,-48.86390950606));
#10071 = CARTESIAN_POINT('',(19.175651180763,-49.05862071352));
#10072 = CARTESIAN_POINT('',(18.961529922018,-49.25173825355));
#10073 = CARTESIAN_POINT('',(18.745930894221,-49.44316476194));
#10074 = CARTESIAN_POINT('',(18.528814083668,-49.63280287448));
#10075 = CARTESIAN_POINT('',(18.310139476656,-49.82055522695));
#10076 = CARTESIAN_POINT('',(18.089867059484,-50.00632445515));
#10077 = CARTESIAN_POINT('',(17.646046369664,-50.37370210653));
#10078 = CARTESIAN_POINT('',(17.422511145244,-50.5553165682));
#10079 = CARTESIAN_POINT('',(17.19721847869,-50.7347098401));
#10080 = CARTESIAN_POINT('',(16.969949716109,-50.91166478543));
#10081 = CARTESIAN_POINT('',(16.740600395865,-51.08605821405));
#10082 = CARTESIAN_POINT('',(16.508958508993,-51.25767885783));
#10083 = CARTESIAN_POINT('',(16.274883248795,-51.42637321358));
#10084 = CARTESIAN_POINT('',(15.900148483117,-51.68854862594));
#10085 = CARTESIAN_POINT('',(15.761153107275,-51.78409630922));
#10086 = CARTESIAN_POINT('',(15.621254939816,-51.87855219213));
#10087 = CARTESIAN_POINT('',(15.480504037324,-51.97186165148));
#10088 = CARTESIAN_POINT('',(15.338961280703,-52.06396875798));
#10089 = CARTESIAN_POINT('',(15.196698375176,-52.15481627626));
#10090 = CARTESIAN_POINT('',(15.053797850288,-52.24434566486));
#10091 = CARTESIAN_POINT('',(14.684957401935,-52.47100991676));
#10092 = CARTESIAN_POINT('',(14.458322833496,-52.60638246832));
#10093 = CARTESIAN_POINT('',(14.229465652512,-52.73729025863));
#10094 = CARTESIAN_POINT('',(14.001860159984,-52.86530455727));
#10095 = CARTESIAN_POINT('',(13.774091080736,-52.98952385263));
#10096 = CARTESIAN_POINT('',(13.542486827158,-53.10827481906));
#10097 = CARTESIAN_POINT('',(13.30565430483,-53.22174469919));
#10098 = CARTESIAN_POINT('',(12.821925581258,-53.43447124194));
#10099 = CARTESIAN_POINT('',(12.554333773064,-53.53732640256));
#10100 = CARTESIAN_POINT('',(12.305990167961,-53.64405229785));
#10101 = CARTESIAN_POINT('',(12.01889054845,-53.71765647841));
#10102 = CARTESIAN_POINT('',(11.759417553869,-53.78917154285));
#10103 = CARTESIAN_POINT('',(11.583610860089,-53.88115248163));
#10104 = CARTESIAN_POINT('',(11.383517434432,-53.94000382758));
#10105 = CARTESIAN_POINT('',(11.008298388863,-53.97902077066));
#10106 = CARTESIAN_POINT('',(10.974440568581,-53.98238135457));
#10107 = CARTESIAN_POINT('',(10.942798331224,-53.98473183769));
#10108 = CARTESIAN_POINT('',(10.90450068936,-53.98687533114));
#10109 = CARTESIAN_POINT('',(10.85818634538,-53.98933433358));
#10110 = CARTESIAN_POINT('',(10.810003691491,-53.99235073123));
#10111 = CARTESIAN_POINT('',(10.773610809721,-53.99588579785));
#10112 = CARTESIAN_POINT('',(10.769961902348,-53.99985235633));
#10113 = CARTESIAN_POINT('',(10.769893962016,-54.00008511062));
#10114 = CARTESIAN_POINT('',(10.769982233867,-54.00031797831));
#10115 = CARTESIAN_POINT('',(10.770222309533,-54.00055043667));
#10116 = CARTESIAN_POINT('',(10.770605761329,-54.00078193533));
#10117 = CARTESIAN_POINT('',(10.771125476952,-54.00101194099));
#10118 = CARTESIAN_POINT('',(10.771775356865,-54.00124001088));
#10119 = CARTESIAN_POINT('',(10.805583844477,-54.01117061217));
#10120 = CARTESIAN_POINT('',(11.004113025401,-54.01508003376));
#10121 = CARTESIAN_POINT('',(11.161758594297,-54.02846159513));
#10122 = CARTESIAN_POINT('',(11.271499768824,-54.05012647982));
#10123 = CARTESIAN_POINT('',(11.370008708149,-54.07422057334));
#10124 = CARTESIAN_POINT('',(11.464476048305,-54.09782144307));
#10125 = CARTESIAN_POINT('',(11.541921571916,-54.12434134469));
#10126 = CARTESIAN_POINT('',(11.782336600586,-54.20186577868));
#10127 = CARTESIAN_POINT('',(11.911941349878,-54.24356656729));
#10128 = CARTESIAN_POINT('',(12.04783845735,-54.28774201723));
#10129 = CARTESIAN_POINT('',(12.188075455146,-54.3342915302));
#10130 = CARTESIAN_POINT('',(12.330713210367,-54.38311051309));
#10131 = CARTESIAN_POINT('',(12.473825925068,-54.43409037802));
#10132 = CARTESIAN_POINT('',(12.615501136255,-54.48711854228));
#10133 = CARTESIAN_POINT('',(12.980510702582,-54.63213148261));
#10134 = CARTESIAN_POINT('',(13.201987404628,-54.72839426046));
#10135 = CARTESIAN_POINT('',(13.419146618466,-54.83022004066));
#10136 = CARTESIAN_POINT('',(13.632337484091,-54.93724667463));
#10137 = CARTESIAN_POINT('',(13.842471720946,-55.04878524896));
#10138 = CARTESIAN_POINT('',(14.051092149097,-55.16378010428));
#10139 = CARTESIAN_POINT('',(14.259419495705,-55.28134021061));
#10140 = CARTESIAN_POINT('',(14.694485154127,-55.53465802709));
#10141 = CARTESIAN_POINT('',(14.921185668701,-55.67095655132));
#10142 = CARTESIAN_POINT('',(15.146271487517,-55.81056568565));
#10143 = CARTESIAN_POINT('',(15.369686142149,-55.9533250606));
#10144 = CARTESIAN_POINT('',(15.591264711011,-56.0990829714));
#10145 = CARTESIAN_POINT('',(15.810738593679,-56.24771222793));
#10146 = CARTESIAN_POINT('',(16.027947624321,-56.39910059487));
#10147 = CARTESIAN_POINT('',(16.438819144657,-56.6929957709));
#10148 = CARTESIAN_POINT('',(16.632701518414,-56.83499718978));
#10149 = CARTESIAN_POINT('',(16.824945191569,-56.97897596276));
#10150 = CARTESIAN_POINT('',(17.015645673125,-57.12483198512));
#10151 = CARTESIAN_POINT('',(17.20489847208,-57.27246515215));
#10152 = CARTESIAN_POINT('',(17.392799097437,-57.42177535913));
#10153 = CARTESIAN_POINT('',(17.579443058195,-57.57266250134));
#10154 = CARTESIAN_POINT('',(17.894791472779,-57.83170396448));
#10155 = CARTESIAN_POINT('',(18.024085040726,-57.93909508));
#10156 = CARTESIAN_POINT('',(18.152815495099,-58.04717981028));
#10157 = CARTESIAN_POINT('',(18.280991686356,-58.15593850869));
#10158 = CARTESIAN_POINT('',(18.4086223875,-58.26535189229));
#10159 = CARTESIAN_POINT('',(18.535716294088,-58.37540104184));
#10160 = CARTESIAN_POINT('',(18.662282024226,-58.48606740179));
#10161 = CARTESIAN_POINT('',(19.004459416038,-58.78811957732));
#10162 = CARTESIAN_POINT('',(19.219063236976,-58.98066503882));
#10163 = CARTESIAN_POINT('',(19.432185826474,-59.17488710587));
#10164 = CARTESIAN_POINT('',(19.643870625949,-59.37065145476));
#10165 = CARTESIAN_POINT('',(19.854170598088,-59.56796250027));
#10166 = CARTESIAN_POINT('',(20.063125315612,-59.76659080809));
#10167 = CARTESIAN_POINT('',(20.270789468638,-59.96656758721));
#10168 = CARTESIAN_POINT('',(20.683616202146,-60.36901446044));
#10169 = CARTESIAN_POINT('',(20.888772460507,-60.5714811534));
#10170 = CARTESIAN_POINT('',(21.092735193955,-60.77513856871));
#10171 = CARTESIAN_POINT('',(21.295557922212,-60.97992436168));
#10172 = CARTESIAN_POINT('',(21.497294164999,-61.18577618758));
#10173 = CARTESIAN_POINT('',(21.697997442037,-61.3926317017));
#10174 = CARTESIAN_POINT('',(21.897721273048,-61.60042855935));
#10175 = CARTESIAN_POINT('',(22.21248390572,-61.93083124668));
#10176 = CARTESIAN_POINT('',(22.328134931877,-62.05285609968));
#10177 = CARTESIAN_POINT('',(22.443481496256,-62.17516857355));
#10178 = CARTESIAN_POINT('',(22.558532492948,-62.29775879662));
#10179 = CARTESIAN_POINT('',(22.673296470105,-62.42061742679));
#10180 = CARTESIAN_POINT('',(22.787781629941,-62.54373565151));
#10181 = CARTESIAN_POINT('',(22.901995828728,-62.6671051878));
#10182 = CARTESIAN_POINT('',(23.195012258094,-62.98496766934));
#10183 = CARTESIAN_POINT('',(23.373429151661,-63.1798176876));
#10184 = CARTESIAN_POINT('',(23.551229328233,-63.37523507057));
#10185 = CARTESIAN_POINT('',(23.728444858542,-63.57118655183));
#10186 = CARTESIAN_POINT('',(23.905107813323,-63.76763886493));
#10187 = CARTESIAN_POINT('',(24.081250263307,-63.96455874343));
#10188 = CARTESIAN_POINT('',(24.256904279229,-64.16191292092));
#10189 = CARTESIAN_POINT('',(24.623227059259,-64.57540155635));
#10190 = CARTESIAN_POINT('',(24.813807355579,-64.79161191137));
#10191 = CARTESIAN_POINT('',(25.00388948518,-65.00825088649));
#10192 = CARTESIAN_POINT('',(25.193508968201,-65.22529087992));
#10193 = CARTESIAN_POINT('',(25.382705490482,-65.44269705098));
#10194 = CARTESIAN_POINT('',(25.571520698054,-65.66043130551));
#10195 = CARTESIAN_POINT('',(25.759992816226,-65.87846209431));
#10196 = CARTESIAN_POINT('',(26.277458854675,-66.47876410143));
#10197 = CARTESIAN_POINT('',(26.605827249945,-66.861573292));
#10198 = CARTESIAN_POINT('',(26.933482566692,-67.24499289125));
#10199 = CARTESIAN_POINT('',(27.260629446208,-67.62885147375));
#10200 = CARTESIAN_POINT('',(27.587502883308,-68.01293037357));
#10201 = CARTESIAN_POINT('',(27.914288135387,-68.39709024158));
#10202 = CARTESIAN_POINT('',(28.241209230022,-68.78113138755));
#10203 = CARTESIAN_POINT('',(28.724312526367,-69.3476197367));
#10204 = CARTESIAN_POINT('',(28.880229724181,-69.53029142022));
#10205 = CARTESIAN_POINT('',(29.036247490692,-69.71287757291));
#10206 = CARTESIAN_POINT('',(29.192388553324,-69.89535894566));
#10207 = CARTESIAN_POINT('',(29.34867559581,-70.07771634742));
#10208 = CARTESIAN_POINT('',(29.505131323897,-70.25993055498));
#10209 = CARTESIAN_POINT('',(29.661778531048,-70.44198222287));
#10210 = CARTESIAN_POINT('',(30.069619644933,-70.91484411175));
#10211 = CARTESIAN_POINT('',(30.321147070926,-71.2053665655));
#10212 = CARTESIAN_POINT('',(30.573323220085,-71.4953282228));
#10213 = CARTESIAN_POINT('',(30.826248317538,-71.78463752341));
#10214 = CARTESIAN_POINT('',(31.080022035601,-72.07320227845));
#10215 = CARTESIAN_POINT('',(31.334743493775,-72.36092967037));
#10216 = CARTESIAN_POINT('',(31.590511258745,-72.647726253));
#10217 = CARTESIAN_POINT('',(31.975879987694,-73.07638446868));
#10218 = CARTESIAN_POINT('',(32.104623192186,-73.21901381232));
#10219 = CARTESIAN_POINT('',(32.233664945556,-73.36137677679));
#10220 = CARTESIAN_POINT('',(32.363017616571,-73.50346250127));
#10221 = CARTESIAN_POINT('',(32.49269395507,-73.64525846966));
#10222 = CARTESIAN_POINT('',(32.622707091964,-73.78675051066));
#10223 = CARTESIAN_POINT('',(32.753070539234,-73.92792279769));
#10224 = CARTESIAN_POINT('',(33.0145258898,-74.20959295319));
#10225 = CARTESIAN_POINT('',(33.145617782447,-74.35009144472));
#10226 = CARTESIAN_POINT('',(33.277087470343,-74.49023749899));
#10227 = CARTESIAN_POINT('',(33.408948555963,-74.63001529145));
#10228 = CARTESIAN_POINT('',(33.54121464178,-74.76940899754));
#10229 = CARTESIAN_POINT('',(33.673899330268,-74.9084027927));
#10230 = CARTESIAN_POINT('',(33.807016223899,-75.04698085239));
#10231 = CARTESIAN_POINT('',(34.040750951085,-75.28873722679));
#10232 = CARTESIAN_POINT('',(34.141173743807,-75.39210434901));
#10233 = CARTESIAN_POINT('',(34.241853041858,-75.49522204274));
#10234 = CARTESIAN_POINT('',(34.342794583781,-75.59808363198));
#10235 = CARTESIAN_POINT('',(34.444004108119,-75.70068244075));
#10236 = CARTESIAN_POINT('',(34.545487353416,-75.80301179307));
#10237 = CARTESIAN_POINT('',(34.647250058216,-75.90506501296));
#10238 = CARTESIAN_POINT('',(34.953391968476,-76.21037445397));
#10239 = CARTESIAN_POINT('',(35.158630189169,-76.41278645079));
#10240 = CARTESIAN_POINT('',(35.365060026429,-76.61400607705));
#10241 = CARTESIAN_POINT('',(35.572701639843,-76.81402941127));
#10242 = CARTESIAN_POINT('',(35.781647131863,-77.01266878042));
#10243 = CARTESIAN_POINT('',(35.991909174503,-77.20993366076));
#10244 = CARTESIAN_POINT('',(36.203552342197,-77.4056984642));
#10245 = CARTESIAN_POINT('',(36.57641545161,-77.74554396507));
#10246 = CARTESIAN_POINT('',(36.737015197939,-77.89031046766));
#10247 = CARTESIAN_POINT('',(36.898435917664,-78.03416155354));
#10248 = CARTESIAN_POINT('',(37.060697692737,-78.17706372103));
#10249 = CARTESIAN_POINT('',(37.223820605113,-78.31898346845));
#10250 = CARTESIAN_POINT('',(37.387824736745,-78.45988729411));
#10251 = CARTESIAN_POINT('',(37.552730169588,-78.59974169633));
#10252 = CARTESIAN_POINT('',(37.847544234157,-78.84645561267));
#10253 = CARTESIAN_POINT('',(37.977086183181,-78.95374189039));
#10254 = CARTESIAN_POINT('',(38.107191417668,-79.06035480215));
#10255 = CARTESIAN_POINT('',(38.237868475882,-79.16627552434));
#10256 = CARTESIAN_POINT('',(38.369125849349,-79.27148361422));
#10257 = CARTESIAN_POINT('',(38.500971982858,-79.37595700987));
#10258 = CARTESIAN_POINT('',(38.633415274459,-79.47967203025));
#10259 = CARTESIAN_POINT('',(38.956543023285,-79.7296552959));
#10260 = CARTESIAN_POINT('',(39.147857646225,-79.87511095452));
#10261 = CARTESIAN_POINT('',(39.340429579065,-80.01890203701));
#10262 = CARTESIAN_POINT('',(39.534280456586,-80.16096022933));
#10263 = CARTESIAN_POINT('',(39.729431913567,-80.30121721745));
#10264 = CARTESIAN_POINT('',(39.925905584789,-80.43960468732));
#10265 = CARTESIAN_POINT('',(40.12372310503,-80.57605432493));
#10266 = CARTESIAN_POINT('',(40.542005415498,-80.85838430804));
#10267 = CARTESIAN_POINT('',(40.762760180843,-81.0038472648));
#10268 = CARTESIAN_POINT('',(40.985192185678,-81.14678021682));
#10269 = CARTESIAN_POINT('',(41.209353502901,-81.28713400317));
#10270 = CARTESIAN_POINT('',(41.435241805283,-81.42477750498));
#10271 = CARTESIAN_POINT('',(41.662839426365,-81.55955957889));
#10272 = CARTESIAN_POINT('',(41.892159190476,-81.69138424183));
#10273 = CARTESIAN_POINT('',(42.354205271753,-81.9488405297));
#10274 = CARTESIAN_POINT('',(42.586943143456,-82.07447971755));
#10275 = CARTESIAN_POINT('',(42.82139254076,-82.19690661861));
#10276 = CARTESIAN_POINT('',(43.057552361691,-82.31599912999));
#10277 = CARTESIAN_POINT('',(43.295421504275,-82.4316351488));
#10278 = CARTESIAN_POINT('',(43.534998866537,-82.54369257214));
#10279 = CARTESIAN_POINT('',(43.776283346502,-82.65204929713));
#10280 = CARTESIAN_POINT('',(44.394849487153,-82.91815495527));
#10281 = CARTESIAN_POINT('',(44.774441283067,-83.07056521027));
#10282 = CARTESIAN_POINT('',(45.157876712897,-83.21337140531));
#10283 = CARTESIAN_POINT('',(45.544965933728,-83.34611438881));
#10284 = CARTESIAN_POINT('',(45.935500335592,-83.46832320228));
#10285 = CARTESIAN_POINT('',(46.32925110028,-83.57951984427));
#10286 = CARTESIAN_POINT('',(46.725967760166,-83.67922403441));
#10287 = CARTESIAN_POINT('',(47.313369869924,-83.80825243297));
#10288 = CARTESIAN_POINT('',(47.501960500502,-83.84689210988));
#10289 = CARTESIAN_POINT('',(47.691104858712,-83.88284817287));
#10290 = CARTESIAN_POINT('',(47.880758501151,-83.91609152876));
#10291 = CARTESIAN_POINT('',(48.070876331061,-83.94659282644));
#10292 = CARTESIAN_POINT('',(48.261412598323,-83.97432245692));
#10293 = CARTESIAN_POINT('',(48.452320899464,-83.99925055329));
#10294 = CARTESIAN_POINT('',(48.858697859854,-84.04620620439));
#10295 = CARTESIAN_POINT('',(49.074250082788,-84.06748037439));
#10296 = CARTESIAN_POINT('',(49.290142092487,-84.08512826808));
#10297 = CARTESIAN_POINT('',(49.506305336092,-84.09910660695));
#10298 = CARTESIAN_POINT('',(49.722671345125,-84.10937130238));
#10299 = CARTESIAN_POINT('',(49.939171618768,-84.11587869142));
#10300 = CARTESIAN_POINT('',(50.155737507134,-84.11858677256));
#10301 = CARTESIAN_POINT('',(50.564799908301,-84.11645170419));
#10302 = CARTESIAN_POINT('',(50.757294785686,-84.11242104504));
#10303 = CARTESIAN_POINT('',(50.949727529081,-84.10536778305));
#10304 = CARTESIAN_POINT('',(51.142040940864,-84.09529523721));
#10305 = CARTESIAN_POINT('',(51.334177823413,-84.08220672652));
#10306 = CARTESIAN_POINT('',(51.526080979106,-84.06610556996));
#10307 = CARTESIAN_POINT('',(51.717693210322,-84.04699508652));
#10308 = CARTESIAN_POINT('',(52.100221398323,-84.00276210737));
#10309 = CARTESIAN_POINT('',(52.291137456799,-83.97763979965));
#10310 = CARTESIAN_POINT('',(52.481648181887,-83.94951472293));
#10311 = CARTESIAN_POINT('',(52.671696315937,-83.91839006771));
#10312 = CARTESIAN_POINT('',(52.861224656627,-83.88426916406));
#10313 = CARTESIAN_POINT('',(53.050176056966,-83.84715548163));
#10314 = CARTESIAN_POINT('',(53.238493425291,-83.80705262966));
#10315 = CARTESIAN_POINT('',(53.684105910714,-83.70471797675));
#10316 = CARTESIAN_POINT('',(53.940788603986,-83.63983546014));
#10317 = CARTESIAN_POINT('',(54.196043753882,-83.56939172482));
#10318 = CARTESIAN_POINT('',(54.449747309202,-83.4934616885));
#10319 = CARTESIAN_POINT('',(54.701775218746,-83.41212026884));
#10320 = CARTESIAN_POINT('',(54.952003431316,-83.32544238353));
#10321 = CARTESIAN_POINT('',(55.20030789571,-83.23350295027));
#10322 = CARTESIAN_POINT('',(55.692820928745,-83.03925094034));
#10323 = CARTESIAN_POINT('',(55.937026823224,-82.93693228845));
#10324 = CARTESIAN_POINT('',(56.179080265738,-82.82952515341));
#10325 = CARTESIAN_POINT('',(56.418803457393,-82.71705275128));
#10326 = CARTESIAN_POINT('',(56.656099537726,-82.59960837111));
#10327 = CARTESIAN_POINT('',(56.890908096824,-82.47731806089));
#10328 = CARTESIAN_POINT('',(57.123128738419,-82.35026801269));
#10329 = CARTESIAN_POINT('',(57.540496778879,-82.11078111096));
#10330 = CARTESIAN_POINT('',(57.726522690754,-81.99988994166));
#10331 = CARTESIAN_POINT('',(57.910711356636,-81.8859291211));
#10332 = CARTESIAN_POINT('',(58.093014405801,-81.76895153844));
#10333 = CARTESIAN_POINT('',(58.273383467528,-81.64901008281));
#10334 = CARTESIAN_POINT('',(58.451770171094,-81.52615764335));
#10335 = CARTESIAN_POINT('',(58.628126145777,-81.40044710921));
#10336 = CARTESIAN_POINT('',(59.054122542102,-81.08630765753));
#10337 = CARTESIAN_POINT('',(59.301511105471,-80.89482725003));
#10338 = CARTESIAN_POINT('',(59.54441886055,-80.69764165293));
#10339 = CARTESIAN_POINT('',(59.782774987344,-80.49491664064));
#10340 = CARTESIAN_POINT('',(60.016418490035,-80.28679940258));
#10341 = CARTESIAN_POINT('',(60.245270453872,-80.07345242457));
#10342 = CARTESIAN_POINT('',(60.469203657334,-79.85502582626));
#10343 = CARTESIAN_POINT('',(60.923856008671,-79.39114531406));
#10344 = CARTESIAN_POINT('',(61.153770248786,-79.14490584329));
#10345 = CARTESIAN_POINT('',(61.377726915152,-78.89313982108));
#10346 = CARTESIAN_POINT('',(61.595563306363,-78.63605371817));
#10347 = CARTESIAN_POINT('',(61.807181250914,-78.37380904152));
#10348 = CARTESIAN_POINT('',(62.012432718197,-78.1066042539));
#10349 = CARTESIAN_POINT('',(62.211196056542,-77.8346170556));
#10350 = CARTESIAN_POINT('',(62.513136762117,-77.39998579751));
#10351 = CARTESIAN_POINT('',(62.620771244603,-77.24043870482));
#10352 = CARTESIAN_POINT('',(62.726220849139,-77.07942435454));
#10353 = CARTESIAN_POINT('',(62.829461610509,-76.91697677824));
#10354 = CARTESIAN_POINT('',(62.930469594684,-76.75313012601));
#10355 = CARTESIAN_POINT('',(63.029220898818,-76.58791866645));
#10356 = CARTESIAN_POINT('',(63.125691651252,-76.42137678665));
#10357 = CARTESIAN_POINT('',(63.372877377556,-75.98080430403));
#10358 = CARTESIAN_POINT('',(63.519810321704,-75.70465295934));
#10359 = CARTESIAN_POINT('',(63.660556387201,-75.42523885422));
#10360 = CARTESIAN_POINT('',(63.795014128195,-75.14271683925));
#10361 = CARTESIAN_POINT('',(63.923081338713,-74.85724282472));
#10362 = CARTESIAN_POINT('',(64.044655281625,-74.56897388576));
#10363 = CARTESIAN_POINT('',(64.159632917612,-74.27806836756));
#10364 = CARTESIAN_POINT('',(64.317885470464,-73.84927934956));
#10365 = CARTESIAN_POINT('',(64.366432908492,-73.71334451571));
#10366 = CARTESIAN_POINT('',(64.413543162432,-73.57689621811));
#10367 = CARTESIAN_POINT('',(64.459206411422,-73.43995023156));
#10368 = CARTESIAN_POINT('',(64.503413299518,-73.30252337644));
#10369 = CARTESIAN_POINT('',(64.546154935698,-73.16463351878));
#10370 = CARTESIAN_POINT('',(64.587422893859,-73.02629957019));
#10371 = CARTESIAN_POINT('',(64.673626691003,-72.72565668872));
#10372 = CARTESIAN_POINT('',(64.718027053083,-72.56319292133));
#10373 = CARTESIAN_POINT('',(64.760396587773,-72.40017916154));
#10374 = CARTESIAN_POINT('',(64.800721583782,-72.23664438518));
#10375 = CARTESIAN_POINT('',(64.83898832982,-72.07261756804));
#10376 = CARTESIAN_POINT('',(64.875183114597,-71.90812768594));
#10377 = CARTESIAN_POINT('',(64.909292226822,-71.74320371468));
#10378 = CARTESIAN_POINT('',(64.96873886194,-71.43616400321));
#10379 = CARTESIAN_POINT('',(64.994633661373,-71.2941558443));
#10380 = CARTESIAN_POINT('',(65.018977296648,-71.15186823508));
#10381 = CARTESIAN_POINT('',(65.041760934197,-71.00931934951));
#10382 = CARTESIAN_POINT('',(65.062975963739,-70.86652745376));
#10383 = CARTESIAN_POINT('',(65.082613998278,-70.72351090625));
#10384 = CARTESIAN_POINT('',(65.100666874108,-70.58028815763));
#10385 = CARTESIAN_POINT('',(65.144559570915,-70.19786076368));
#10386 = CARTESIAN_POINT('',(65.16757185158,-69.95832656429));
#10387 = CARTESIAN_POINT('',(65.186144451137,-69.7183743433));
#10388 = CARTESIAN_POINT('',(65.200258327924,-69.47810329144));
#10389 = CARTESIAN_POINT('',(65.209894440281,-69.23761259941));
#10390 = CARTESIAN_POINT('',(65.215033746545,-68.99700145795));
#10391 = CARTESIAN_POINT('',(65.215657205053,-68.75636905777));
#10392 = CARTESIAN_POINT('',(65.207834339992,-68.27525992195));
#10393 = CARTESIAN_POINT('',(65.199382957079,-68.03478381715));
#10394 = CARTESIAN_POINT('',(65.186395597653,-67.79448477729));
#10395 = CARTESIAN_POINT('',(65.168821342313,-67.5544609076));
#10396 = CARTESIAN_POINT('',(65.146632254887,-67.31481169095));
#10397 = CARTESIAN_POINT('',(65.119849972531,-67.07563899027));
#10398 = CARTESIAN_POINT('',(65.088521011042,-66.83704727902));
#10399 = CARTESIAN_POINT('',(65.023936508149,-66.40881911466));
#10400 = CARTESIAN_POINT('',(64.992321933031,-66.21893369287));
#10401 = CARTESIAN_POINT('',(64.957804978247,-66.02953973345));
#10402 = CARTESIAN_POINT('',(64.920393562007,-65.84069013568));
#10403 = CARTESIAN_POINT('',(64.880095602521,-65.65243779883));
#10404 = CARTESIAN_POINT('',(64.836919017997,-65.46483562218));
#10405 = CARTESIAN_POINT('',(64.790871726645,-65.27793650499));
#10406 = CARTESIAN_POINT('',(64.69916617675,-64.92892131805));
#10407 = CARTESIAN_POINT('',(64.654177132627,-64.76662732734));
#10408 = CARTESIAN_POINT('',(64.606999322093,-64.60494701414));
#10409 = CARTESIAN_POINT('',(64.55764131285,-64.44391474603));
#10410 = CARTESIAN_POINT('',(64.506115432512,-64.28356361843));
#10411 = CARTESIAN_POINT('',(64.452437768608,-64.1239254546));
#10412 = CARTESIAN_POINT('',(64.396628168579,-63.96503080568));
#10413 = CARTESIAN_POINT('',(64.239425473286,-63.535851408));
#10414 = CARTESIAN_POINT('',(64.133934012728,-63.26706660671));
#10415 = CARTESIAN_POINT('',(64.0223207434,-63.00071108487));
#10416 = CARTESIAN_POINT('',(63.90468546219,-62.73693326319));
#10417 = CARTESIAN_POINT('',(63.781081115223,-62.47590854112));
#10418 = CARTESIAN_POINT('',(63.651658540057,-62.21774570725));
#10419 = CARTESIAN_POINT('',(63.516414863583,-61.96266205647));
#10420 = CARTESIAN_POINT('',(63.269863096686,-61.52181128995));
#10421 = CARTESIAN_POINT('',(63.161024663709,-61.33466672754));
#10422 = CARTESIAN_POINT('',(63.049061337028,-61.14935417914));
#10423 = CARTESIAN_POINT('',(62.934025907005,-60.96592185638));
#10424 = CARTESIAN_POINT('',(62.815971164002,-60.78441797093));
#10425 = CARTESIAN_POINT('',(62.694949898378,-60.60489073444));
#10426 = CARTESIAN_POINT('',(62.571014900495,-60.42738835855));
#10427 = CARTESIAN_POINT('',(62.34560019956,-60.11551446036));
#10428 = CARTESIAN_POINT('',(62.245250693162,-59.98032158504));
#10429 = CARTESIAN_POINT('',(62.143194844475,-59.8464071166));
#10430 = CARTESIAN_POINT('',(62.039457519186,-59.71379483547));
#10431 = CARTESIAN_POINT('',(61.934064045715,-59.58250561476));
#10432 = CARTESIAN_POINT('',(61.827040215212,-59.45255742036));
#10433 = CARTESIAN_POINT('',(61.718412281557,-59.32396531084));
#10434 = CARTESIAN_POINT('',(61.435027456714,-58.9968185362));
#10435 = CARTESIAN_POINT('',(61.257952885027,-58.80027802145));
#10436 = CARTESIAN_POINT('',(61.07708597664,-58.60718006822));
#10437 = CARTESIAN_POINT('',(60.892528760542,-58.41758429992));
#10438 = CARTESIAN_POINT('',(60.704383514591,-58.23155053179));
#10439 = CARTESIAN_POINT('',(60.512752979058,-58.04913893915));
#10440 = CARTESIAN_POINT('',(60.317739833487,-57.87040965064));
#10441 = CARTESIAN_POINT('',(59.903124081908,-57.50452572058));
#10442 = CARTESIAN_POINT('',(59.682895457147,-57.31808030639));
#10443 = CARTESIAN_POINT('',(59.458881278444,-57.1361539981));
#10444 = CARTESIAN_POINT('',(59.231203261635,-56.95881526998));
#10445 = CARTESIAN_POINT('',(58.999983122561,-56.78613259631));
#10446 = CARTESIAN_POINT('',(58.765342577058,-56.61817445135));
#10447 = CARTESIAN_POINT('',(58.527403340966,-56.45500930937));
#10448 = CARTESIAN_POINT('',(58.125542987712,-56.19116986694));
#10449 = CARTESIAN_POINT('',(57.963387623718,-56.08779392323));
#10450 = CARTESIAN_POINT('',(57.79985195411,-55.98660361835));
#10451 = CARTESIAN_POINT('',(57.634966872405,-55.88762477849));
#10452 = CARTESIAN_POINT('',(57.468763249661,-55.79088325115));
#10453 = CARTESIAN_POINT('',(57.301271934484,-55.69640490514));
#10454 = CARTESIAN_POINT('',(57.132523753024,-55.60421563059));
#10455 = CARTESIAN_POINT('',(56.835067832739,-55.44693509506));
#10456 = CARTESIAN_POINT('',(56.706897164005,-55.38083759729));
#10457 = CARTESIAN_POINT('',(56.578050736776,-55.31604892867));
#10458 = CARTESIAN_POINT('',(56.448541361994,-55.25257629704));
#10459 = CARTESIAN_POINT('',(56.318381427542,-55.19043403506));
#10460 = CARTESIAN_POINT('',(56.187582898243,-55.12964360016));
#10461 = CARTESIAN_POINT('',(56.05615731586,-55.07023357459));
#10462 = CARTESIAN_POINT('',(55.704043851983,-54.91558194118));
#10463 = CARTESIAN_POINT('',(55.482264714191,-54.82285571003));
#10464 = CARTESIAN_POINT('',(55.258825369498,-54.73420895174));
#10465 = CARTESIAN_POINT('',(55.033772045177,-54.64978437381));
#10466 = CARTESIAN_POINT('',(54.80715735059,-54.56971104744));
#10467 = CARTESIAN_POINT('',(54.579038611219,-54.49411969087));
#10468 = CARTESIAN_POINT('',(54.349467398132,-54.42318160018));
#10469 = CARTESIAN_POINT('',(53.881264327602,-54.28938661708));
#10470 = CARTESIAN_POINT('',(53.642702045743,-54.22644374122));
#10471 = CARTESIAN_POINT('',(53.402443570449,-54.17059884611));
#10472 = CARTESIAN_POINT('',(53.160909385345,-54.11781351388));
#10473 = CARTESIAN_POINT('',(52.918227183892,-54.07012774733));
#10474 = CARTESIAN_POINT('',(52.674164835509,-54.03325177805));
#10475 = CARTESIAN_POINT('',(52.428560968013,-54.00997619622));
#10476 = CARTESIAN_POINT('',(52.181764705882,-54.));
#10477 = ( GEOMETRIC_REPRESENTATION_CONTEXT(2) 
PARAMETRIC_REPRESENTATION_CONTEXT() REPRESENTATION_CONTEXT('2D SPACE',''
  ) );
#10478 = PCURVE('',#8104,#10479);
#10479 = DEFINITIONAL_REPRESENTATION('',(#10480),#11218);
#10480 = B_SPLINE_CURVE_WITH_KNOTS('',8,(#10481,#10482,#10483,#10484,
    #10485,#10486,#10487,#10488,#10489,#10490,#10491,#10492,#10493,
    #10494,#10495,#10496,#10497,#10498,#10499,#10500,#10501,#10502,
    #10503,#10504,#10505,#10506,#10507,#10508,#10509,#10510,#10511,
    #10512,#10513,#10514,#10515,#10516,#10517,#10518,#10519,#10520,
    #10521,#10522,#10523,#10524,#10525,#10526,#10527,#10528,#10529,
    #10530,#10531,#10532,#10533,#10534,#10535,#10536,#10537,#10538,
    #10539,#10540,#10541,#10542,#10543,#10544,#10545,#10546,#10547,
    #10548,#10549,#10550,#10551,#10552,#10553,#10554,#10555,#10556,
    #10557,#10558,#10559,#10560,#10561,#10562,#10563,#10564,#10565,
    #10566,#10567,#10568,#10569,#10570,#10571,#10572,#10573,#10574,
    #10575,#10576,#10577,#10578,#10579,#10580,#10581,#10582,#10583,
    #10584,#10585,#10586,#10587,#10588,#10589,#10590,#10591,#10592,
    #10593,#10594,#10595,#10596,#10597,#10598,#10599,#10600,#10601,
    #10602,#10603,#10604,#10605,#10606,#10607,#10608,#10609,#10610,
    #10611,#10612,#10613,#10614,#10615,#10616,#10617,#10618,#10619,
    #10620,#10621,#10622,#10623,#10624,#10625,#10626,#10627,#10628,
    #10629,#10630,#10631,#10632,#10633,#10634,#10635,#10636,#10637,
    #10638,#10639,#10640,#10641,#10642,#10643,#10644,#10645,#10646,
    #10647,#10648,#10649,#10650,#10651,#10652,#10653,#10654,#10655,
    #10656,#10657,#10658,#10659,#10660,#10661,#10662,#10663,#10664,
    #10665,#10666,#10667,#10668,#10669,#10670,#10671,#10672,#10673,
    #10674,#10675,#10676,#10677,#10678,#10679,#10680,#10681,#10682,
    #10683,#10684,#10685,#10686,#10687,#10688,#10689,#10690,#10691,
    #10692,#10693,#10694,#10695,#10696,#10697,#10698,#10699,#10700,
    #10701,#10702,#10703,#10704,#10705,#10706,#10707,#10708,#10709,
    #10710,#10711,#10712,#10713,#10714,#10715,#10716,#10717,#10718,
    #10719,#10720,#10721,#10722,#10723,#10724,#10725,#10726,#10727,
    #10728,#10729,#10730,#10731,#10732,#10733,#10734,#10735,#10736,
    #10737,#10738,#10739,#10740,#10741,#10742,#10743,#10744,#10745,
    #10746,#10747,#10748,#10749,#10750,#10751,#10752,#10753,#10754,
    #10755,#10756,#10757,#10758,#10759,#10760,#10761,#10762,#10763,
    #10764,#10765,#10766,#10767,#10768,#10769,#10770,#10771,#10772,
    #10773,#10774,#10775,#10776,#10777,#10778,#10779,#10780,#10781,
    #10782,#10783,#10784,#10785,#10786,#10787,#10788,#10789,#10790,
    #10791,#10792,#10793,#10794,#10795,#10796,#10797,#10798,#10799,
    #10800,#10801,#10802,#10803,#10804,#10805,#10806,#10807,#10808,
    #10809,#10810,#10811,#10812,#10813,#10814,#10815,#10816,#10817,
    #10818,#10819,#10820,#10821,#10822,#10823,#10824,#10825,#10826,
    #10827,#10828,#10829,#10830,#10831,#10832,#10833,#10834,#10835,
    #10836,#10837,#10838,#10839,#10840,#10841,#10842,#10843,#10844,
    #10845,#10846,#10847,#10848,#10849,#10850,#10851,#10852,#10853,
    #10854,#10855,#10856,#10857,#10858,#10859,#10860,#10861,#10862,
    #10863,#10864,#10865,#10866,#10867,#10868,#10869,#10870,#10871,
    #10872,#10873,#10874,#10875,#10876,#10877,#10878,#10879,#10880,
    #10881,#10882,#10883,#10884,#10885,#10886,#10887,#10888,#10889,
    #10890,#10891,#10892,#10893,#10894,#10895,#10896,#10897,#10898,
    #10899,#10900,#10901,#10902,#10903,#10904,#10905,#10906,#10907,
    #10908,#10909,#10910,#10911,#10912,#10913,#10914,#10915,#10916,
    #10917,#10918,#10919,#10920,#10921,#10922,#10923,#10924,#10925,
    #10926,#10927,#10928,#10929,#10930,#10931,#10932,#10933,#10934,
    #10935,#10936,#10937,#10938,#10939,#10940,#10941,#10942,#10943,
    #10944,#10945,#10946,#10947,#10948,#10949,#10950,#10951,#10952,
    #10953,#10954,#10955,#10956,#10957,#10958,#10959,#10960,#10961,
    #10962,#10963,#10964,#10965,#10966,#10967,#10968,#10969,#10970,
    #10971,#10972,#10973,#10974,#10975,#10976,#10977,#10978,#10979,
    #10980,#10981,#10982,#10983,#10984,#10985,#10986,#10987,#10988,
    #10989,#10990,#10991,#10992,#10993,#10994,#10995,#10996,#10997,
    #10998,#10999,#11000,#11001,#11002,#11003,#11004,#11005,#11006,
    #11007,#11008,#11009,#11010,#11011,#11012,#11013,#11014,#11015,
    #11016,#11017,#11018,#11019,#11020,#11021,#11022,#11023,#11024,
    #11025,#11026,#11027,#11028,#11029,#11030,#11031,#11032,#11033,
    #11034,#11035,#11036,#11037,#11038,#11039,#11040,#11041,#11042,
    #11043,#11044,#11045,#11046,#11047,#11048,#11049,#11050,#11051,
    #11052,#11053,#11054,#11055,#11056,#11057,#11058,#11059,#11060,
    #11061,#11062,#11063,#11064,#11065,#11066,#11067,#11068,#11069,
    #11070,#11071,#11072,#11073,#11074,#11075,#11076,#11077,#11078,
    #11079,#11080,#11081,#11082,#11083,#11084,#11085,#11086,#11087,
    #11088,#11089,#11090,#11091,#11092,#11093,#11094,#11095,#11096,
    #11097,#11098,#11099,#11100,#11101,#11102,#11103,#11104,#11105,
    #11106,#11107,#11108,#11109,#11110,#11111,#11112,#11113,#11114,
    #11115,#11116,#11117,#11118,#11119,#11120,#11121,#11122,#11123,
    #11124,#11125,#11126,#11127,#11128,#11129,#11130,#11131,#11132,
    #11133,#11134,#11135,#11136,#11137,#11138,#11139,#11140,#11141,
    #11142,#11143,#11144,#11145,#11146,#11147,#11148,#11149,#11150,
    #11151,#11152,#11153,#11154,#11155,#11156,#11157,#11158,#11159,
    #11160,#11161,#11162,#11163,#11164,#11165,#11166,#11167,#11168,
    #11169,#11170,#11171,#11172,#11173,#11174,#11175,#11176,#11177,
    #11178,#11179,#11180,#11181,#11182,#11183,#11184,#11185,#11186,
    #11187,#11188,#11189,#11190,#11191,#11192,#11193,#11194,#11195,
    #11196,#11197,#11198,#11199,#11200,#11201,#11202,#11203,#11204,
    #11205,#11206,#11207,#11208,#11209,#11210,#11211,#11212,#11213,
    #11214,#11215,#11216,#11217),.UNSPECIFIED.,.F.,.F.,(9,7,7,7,7,7,7,7,
    7,7,7,7,7,7,7,7,7,7,7,7,7,7,7,7,7,7,7,7,7,7,7,7,7,7,7,7,7,7,7,7,7,7,
    7,7,7,7,7,7,7,7,7,7,7,7,7,7,7,7,7,7,7,7,7,7,7,7,7,7,7,7,7,7,7,7,7,7,
    7,7,7,7,7,7,7,7,7,7,7,7,7,7,7,7,7,7,7,7,7,7,7,7,7,7,7,7,7,9),(0.,
    2.585563898404E-04,5.266174359606E-04,6.522571671076E-03,
    1.428140419735E-02,2.661881815357E-02,3.894612961984E-02,
    4.568059994725E-02,5.915033272466E-02,6.925295758497E-02,
    7.71105536954E-02,8.833602519878E-02,0.100685091033,0.108543587578,
    0.117524727676,0.129873817934,0.14222286278,0.151203944752,
    0.157939553395,0.169165304439,0.180391082723,0.190494271157,
    0.205087873273,0.212946284836,0.220805038406,0.233154599622,
    0.245504211753,0.262345372394,0.270204203212,0.283676353251,
    0.293778647924,0.301635684465,0.313980737771,0.327447801795,
    0.340914792801,0.351014029611,0.358868612035,0.371210975264,
    0.384674622688,0.391406328645,0.402625611059,0.413844891017,
    0.435161427118,0.457600019634,0.468819538582,0.48116102778,
    0.492380538722,0.500234237405,0.51369769741,0.527161170021,
    0.535014247682,0.547353835629,0.559395644038,0.561352616001,
    0.561474277881,0.566701264326,0.572028259206,0.580756664462,
    0.590377052406,0.599119743499,0.605240930343,0.615736932315,
    0.626231910863,0.63235394386,0.641974293249,0.652469242672,
    0.67083538137,0.679581136264,0.693574392478,0.700571053293,
    0.707567716739,0.712815214323,0.723310117021,0.731181326751,
    0.737303893115,0.74605084133,0.755672396625,0.765294135461,
    0.780165872558,0.7871656752,0.795040681732,0.802040677941,
    0.809040673043,0.818665667166,0.82829064968,0.836165572018,
    0.847539838856,0.859788773356,0.86678803866,0.878161772727,
    0.883411164801,0.889535469547,0.894784872982,0.903533865614,
    0.912282865501,0.919282088996,0.925406287908,0.935904585613,
    0.943777748954,0.94990130162,0.959524011444,0.970021522536,
    0.977019863345,0.982268659844,0.991016763424,1.),.UNSPECIFIED.);
#10481 = CARTESIAN_POINT('',(192.13225840126,-100.5));
#10482 = CARTESIAN_POINT('',(192.12698966673,-100.5));
#10483 = CARTESIAN_POINT('',(192.12128878309,-100.5));
#10484 = CARTESIAN_POINT('',(192.11509233777,-100.5));
#10485 = CARTESIAN_POINT('',(192.1084149378,-100.5));
#10486 = CARTESIAN_POINT('',(192.10132299119,-100.5));
#10487 = CARTESIAN_POINT('',(192.0939208186,-100.5));
#10488 = CARTESIAN_POINT('',(192.08634909513,-100.5));
#10489 = CARTESIAN_POINT('',(192.07096448058,-100.5));
#10490 = CARTESIAN_POINT('',(192.06328959832,-100.5));
#10491 = CARTESIAN_POINT('',(192.05587104975,-100.5));
#10492 = CARTESIAN_POINT('',(192.04877463859,-100.5));
#10493 = CARTESIAN_POINT('',(192.04203189829,-100.5));
#10494 = CARTESIAN_POINT('',(192.03564009197,-100.5));
#10495 = CARTESIAN_POINT('',(192.02956221248,-100.5));
#10496 = CARTESIAN_POINT('',(191.89320532208,-100.5));
#10497 = CARTESIAN_POINT('',(191.86301059677,-100.5));
#10498 = CARTESIAN_POINT('',(191.73550353444,-100.5));
#10499 = CARTESIAN_POINT('',(191.62927340978,-100.5));
#10500 = CARTESIAN_POINT('',(191.52379932558,-100.5));
#10501 = CARTESIAN_POINT('',(191.35877251695,-100.5));
#10502 = CARTESIAN_POINT('',(191.20972980172,-100.5));
#10503 = CARTESIAN_POINT('',(190.87002916466,-100.5));
#10504 = CARTESIAN_POINT('',(190.6899203609,-100.5));
#10505 = CARTESIAN_POINT('',(190.51865217874,-100.5));
#10506 = CARTESIAN_POINT('',(190.35377264724,-100.5));
#10507 = CARTESIAN_POINT('',(190.19304753496,-100.5));
#10508 = CARTESIAN_POINT('',(190.03446034998,-100.5));
#10509 = CARTESIAN_POINT('',(189.87621233985,-100.5));
#10510 = CARTESIAN_POINT('',(189.46311574439,-100.5));
#10511 = CARTESIAN_POINT('',(189.20591945094,-100.5));
#10512 = CARTESIAN_POINT('',(188.94149976895,-100.5));
#10513 = CARTESIAN_POINT('',(188.675470656,-100.5));
#10514 = CARTESIAN_POINT('',(188.4077479097,-100.5));
#10515 = CARTESIAN_POINT('',(188.13760747508,-100.5));
#10516 = CARTESIAN_POINT('',(187.86986175373,-100.5));
#10517 = CARTESIAN_POINT('',(187.33689184525,-100.5));
#10518 = CARTESIAN_POINT('',(187.07168804788,-100.5));
#10519 = CARTESIAN_POINT('',(186.80738416374,-100.5));
#10520 = CARTESIAN_POINT('',(186.54364393396,-100.5));
#10521 = CARTESIAN_POINT('',(186.28026448512,-100.5));
#10522 = CARTESIAN_POINT('',(186.01702520045,-100.5));
#10523 = CARTESIAN_POINT('',(185.75358346101,-100.5));
#10524 = CARTESIAN_POINT('',(185.345713613,-100.5));
#10525 = CARTESIAN_POINT('',(185.2016144192,-100.5));
#10526 = CARTESIAN_POINT('',(185.0575152254,-100.5));
#10527 = CARTESIAN_POINT('',(184.9134160316,-100.5));
#10528 = CARTESIAN_POINT('',(184.7693168378,-100.5));
#10529 = CARTESIAN_POINT('',(184.62521764399,-100.5));
#10530 = CARTESIAN_POINT('',(184.48111845019,-100.5));
#10531 = CARTESIAN_POINT('',(184.04880391954,-100.5));
#10532 = CARTESIAN_POINT('',(183.76062105317,-100.5));
#10533 = CARTESIAN_POINT('',(183.47250336193,-100.5));
#10534 = CARTESIAN_POINT('',(183.18411426016,-100.5));
#10535 = CARTESIAN_POINT('',(182.8960764468,-100.5));
#10536 = CARTESIAN_POINT('',(182.60783633137,-100.5));
#10537 = CARTESIAN_POINT('',(182.31962107603,-100.5));
#10538 = CARTESIAN_POINT('',(181.81528350584,-100.5));
#10539 = CARTESIAN_POINT('',(181.5991345578,-100.5));
#10540 = CARTESIAN_POINT('',(181.38298565983,-100.5));
#10541 = CARTESIAN_POINT('',(181.16683689957,-100.5));
#10542 = CARTESIAN_POINT('',(180.95068821052,-100.5));
#10543 = CARTESIAN_POINT('',(180.7345394785,-100.5));
#10544 = CARTESIAN_POINT('',(180.51839064826,-100.5));
#10545 = CARTESIAN_POINT('',(180.13412610386,-100.5));
#10546 = CARTESIAN_POINT('',(179.96601037776,-100.5));
#10547 = CARTESIAN_POINT('',(179.79789465166,-100.5));
#10548 = CARTESIAN_POINT('',(179.62977892556,-100.5));
#10549 = CARTESIAN_POINT('',(179.46166319946,-100.5));
#10550 = CARTESIAN_POINT('',(179.29354747336,-100.5));
#10551 = CARTESIAN_POINT('',(179.12543174726,-100.5));
#10552 = CARTESIAN_POINT('',(178.71714354778,-100.5));
#10553 = CARTESIAN_POINT('',(178.47696855186,-100.5));
#10554 = CARTESIAN_POINT('',(178.236789045,-100.5));
#10555 = CARTESIAN_POINT('',(177.99661212653,-100.5));
#10556 = CARTESIAN_POINT('',(177.75644447251,-100.5));
#10557 = CARTESIAN_POINT('',(177.51628766969,-100.5));
#10558 = CARTESIAN_POINT('',(177.27613839451,-100.5));
#10559 = CARTESIAN_POINT('',(176.77181158184,-100.5));
#10560 = CARTESIAN_POINT('',(176.50762972654,-100.5));
#10561 = CARTESIAN_POINT('',(176.24344787124,-100.5));
#10562 = CARTESIAN_POINT('',(175.97926601594,-100.5));
#10563 = CARTESIAN_POINT('',(175.71508416064,-100.5));
#10564 = CARTESIAN_POINT('',(175.45090230533,-100.5));
#10565 = CARTESIAN_POINT('',(175.18672045003,-100.5));
#10566 = CARTESIAN_POINT('',(174.75442286641,-100.5));
#10567 = CARTESIAN_POINT('',(174.58630714876,-100.5));
#10568 = CARTESIAN_POINT('',(174.41819142887,-100.5));
#10569 = CARTESIAN_POINT('',(174.25007570016,-100.5));
#10570 = CARTESIAN_POINT('',(174.08195996233,-100.5));
#10571 = CARTESIAN_POINT('',(173.91384422141,-100.5));
#10572 = CARTESIAN_POINT('',(173.74572848973,-100.5));
#10573 = CARTESIAN_POINT('',(173.38548052752,-100.5));
#10574 = CARTESIAN_POINT('',(173.19334826912,-100.5));
#10575 = CARTESIAN_POINT('',(173.00121601072,-100.5));
#10576 = CARTESIAN_POINT('',(172.80908375232,-100.5));
#10577 = CARTESIAN_POINT('',(172.61695149391,-100.5));
#10578 = CARTESIAN_POINT('',(172.42481923551,-100.5));
#10579 = CARTESIAN_POINT('',(172.23268697711,-100.5));
#10580 = CARTESIAN_POINT('',(171.77637237942,-100.5));
#10581 = CARTESIAN_POINT('',(171.51219156389,-100.5));
#10582 = CARTESIAN_POINT('',(171.2480089418,-100.5));
#10583 = CARTESIAN_POINT('',(170.98382723618,-100.5));
#10584 = CARTESIAN_POINT('',(170.71964580479,-100.5));
#10585 = CARTESIAN_POINT('',(170.45546333442,-100.5));
#10586 = CARTESIAN_POINT('',(170.19128167951,-100.5));
#10587 = CARTESIAN_POINT('',(169.66291904461,-100.5));
#10588 = CARTESIAN_POINT('',(169.39873397825,-100.5));
#10589 = CARTESIAN_POINT('',(169.13455439912,-100.5));
#10590 = CARTESIAN_POINT('',(168.87037467412,-100.5));
#10591 = CARTESIAN_POINT('',(168.60619067841,-100.5));
#10592 = CARTESIAN_POINT('',(168.34200636072,-100.5));
#10593 = CARTESIAN_POINT('',(168.07782811142,-100.5));
#10594 = CARTESIAN_POINT('',(167.62151277548,-100.5));
#10595 = CARTESIAN_POINT('',(167.42938051708,-100.5));
#10596 = CARTESIAN_POINT('',(167.23724825868,-100.5));
#10597 = CARTESIAN_POINT('',(167.04511600028,-100.5));
#10598 = CARTESIAN_POINT('',(166.85298374188,-100.5));
#10599 = CARTESIAN_POINT('',(166.66085148348,-100.5));
#10600 = CARTESIAN_POINT('',(166.46871922507,-100.5));
#10601 = CARTESIAN_POINT('',(166.13249211216,-100.5));
#10602 = CARTESIAN_POINT('',(165.98839654444,-100.5));
#10603 = CARTESIAN_POINT('',(165.84429959998,-100.5));
#10604 = CARTESIAN_POINT('',(165.70020093542,-100.5));
#10605 = CARTESIAN_POINT('',(165.55610052762,-100.5));
#10606 = CARTESIAN_POINT('',(165.41199867363,-100.5));
#10607 = CARTESIAN_POINT('',(165.2678959907,-100.5));
#10608 = CARTESIAN_POINT('',(164.88362809326,-100.5));
#10609 = CARTESIAN_POINT('',(164.64346277026,-100.5));
#10610 = CARTESIAN_POINT('',(164.40329744726,-100.5));
#10611 = CARTESIAN_POINT('',(164.16313212426,-100.5));
#10612 = CARTESIAN_POINT('',(163.92296680126,-100.5));
#10613 = CARTESIAN_POINT('',(163.68280147826,-100.5));
#10614 = CARTESIAN_POINT('',(163.44263615525,-100.5));
#10615 = CARTESIAN_POINT('',(162.96230492646,-100.5));
#10616 = CARTESIAN_POINT('',(162.72214060562,-100.5));
#10617 = CARTESIAN_POINT('',(162.48197533223,-100.5));
#10618 = CARTESIAN_POINT('',(162.2418094169,-100.5));
#10619 = CARTESIAN_POINT('',(162.00164379778,-100.5));
#10620 = CARTESIAN_POINT('',(161.76147879742,-100.5));
#10621 = CARTESIAN_POINT('',(161.52131385703,-100.5));
#10622 = CARTESIAN_POINT('',(161.06499945754,-100.5));
#10623 = CARTESIAN_POINT('',(160.84885066684,-100.5));
#10624 = CARTESIAN_POINT('',(160.63270187614,-100.5));
#10625 = CARTESIAN_POINT('',(160.41655308543,-100.5));
#10626 = CARTESIAN_POINT('',(160.20040429473,-100.5));
#10627 = CARTESIAN_POINT('',(159.98425550403,-100.5));
#10628 = CARTESIAN_POINT('',(159.76810671333,-100.5));
#10629 = CARTESIAN_POINT('',(159.23974069833,-100.5));
#10630 = CARTESIAN_POINT('',(158.92752890368,-100.5));
#10631 = CARTESIAN_POINT('',(158.61531826649,-100.5));
#10632 = CARTESIAN_POINT('',(158.30310601678,-100.5));
#10633 = CARTESIAN_POINT('',(157.99089089559,-100.5));
#10634 = CARTESIAN_POINT('',(157.67867316378,-100.5));
#10635 = CARTESIAN_POINT('',(157.36645461077,-100.5));
#10636 = CARTESIAN_POINT('',(156.88611542442,-100.5));
#10637 = CARTESIAN_POINT('',(156.71799262626,-100.5));
#10638 = CARTESIAN_POINT('',(156.54987195987,-100.5));
#10639 = CARTESIAN_POINT('',(156.3817544943,-100.5));
#10640 = CARTESIAN_POINT('',(156.21364057669,-100.5));
#10641 = CARTESIAN_POINT('',(156.04552983228,-100.5));
#10642 = CARTESIAN_POINT('',(155.87742116444,-100.5));
#10643 = CARTESIAN_POINT('',(155.5411970285,-100.5));
#10644 = CARTESIAN_POINT('',(155.3730813024,-100.5));
#10645 = CARTESIAN_POINT('',(155.2049655763,-100.5));
#10646 = CARTESIAN_POINT('',(155.0368498502,-100.5));
#10647 = CARTESIAN_POINT('',(154.8687341241,-100.5));
#10648 = CARTESIAN_POINT('',(154.700618398,-100.5));
#10649 = CARTESIAN_POINT('',(154.53250267189,-100.5));
#10650 = CARTESIAN_POINT('',(154.10020313697,-100.5));
#10651 = CARTESIAN_POINT('',(153.83602619753,-100.5));
#10652 = CARTESIAN_POINT('',(153.57184258517,-100.5));
#10653 = CARTESIAN_POINT('',(153.30765631112,-100.5));
#10654 = CARTESIAN_POINT('',(153.04347615194,-100.5));
#10655 = CARTESIAN_POINT('',(152.77929939101,-100.5));
#10656 = CARTESIAN_POINT('',(152.51511286663,-100.5));
#10657 = CARTESIAN_POINT('',(151.98675025094,-100.5));
#10658 = CARTESIAN_POINT('',(151.72256839362,-100.5));
#10659 = CARTESIAN_POINT('',(151.45838653562,-100.5));
#10660 = CARTESIAN_POINT('',(151.19420467938,-100.5));
#10661 = CARTESIAN_POINT('',(150.93002282565,-100.5));
#10662 = CARTESIAN_POINT('',(150.66584097343,-100.5));
#10663 = CARTESIAN_POINT('',(150.40165912002,-100.5));
#10664 = CARTESIAN_POINT('',(149.77721257579,-100.5));
#10665 = CARTESIAN_POINT('',(149.41695955611,-100.5));
#10666 = CARTESIAN_POINT('',(149.05671640599,-100.5));
#10667 = CARTESIAN_POINT('',(148.69648005331,-100.5));
#10668 = CARTESIAN_POINT('',(148.33624609401,-100.5));
#10669 = CARTESIAN_POINT('',(147.97600873626,-100.5));
#10670 = CARTESIAN_POINT('',(147.61576074477,-100.5));
#10671 = CARTESIAN_POINT('',(147.08737669211,-100.5));
#10672 = CARTESIAN_POINT('',(146.919261241,-100.5));
#10673 = CARTESIAN_POINT('',(146.75114617731,-100.5));
#10674 = CARTESIAN_POINT('',(146.58303094395,-100.5));
#10675 = CARTESIAN_POINT('',(146.41491528111,-100.5));
#10676 = CARTESIAN_POINT('',(146.24679922621,-100.5));
#10677 = CARTESIAN_POINT('',(146.07868311391,-100.5));
#10678 = CARTESIAN_POINT('',(145.62237232154,-100.5));
#10679 = CARTESIAN_POINT('',(145.33418404077,-100.5));
#10680 = CARTESIAN_POINT('',(145.04599811063,-100.5));
#10681 = CARTESIAN_POINT('',(144.75783204389,-100.5));
#10682 = CARTESIAN_POINT('',(144.46963386444,-100.5));
#10683 = CARTESIAN_POINT('',(144.18146523402,-100.5));
#10684 = CARTESIAN_POINT('',(143.89323072274,-100.5));
#10685 = CARTESIAN_POINT('',(143.38883168462,-100.5));
#10686 = CARTESIAN_POINT('',(143.17268289392,-100.5));
#10687 = CARTESIAN_POINT('',(142.95653410322,-100.5));
#10688 = CARTESIAN_POINT('',(142.74038531252,-100.5));
#10689 = CARTESIAN_POINT('',(142.52423652182,-100.5));
#10690 = CARTESIAN_POINT('',(142.30808773111,-100.5));
#10691 = CARTESIAN_POINT('',(142.09193894041,-100.5));
#10692 = CARTESIAN_POINT('',(141.70768092286,-100.5));
#10693 = CARTESIAN_POINT('',(141.5395736197,-100.5));
#10694 = CARTESIAN_POINT('',(141.37146687419,-100.5));
#10695 = CARTESIAN_POINT('',(141.20335890087,-100.5));
#10696 = CARTESIAN_POINT('',(141.03524749488,-100.5));
#10697 = CARTESIAN_POINT('',(140.86713003193,-100.5));
#10698 = CARTESIAN_POINT('',(140.69900346831,-100.5));
#10699 = CARTESIAN_POINT('',(140.2666824856,-100.5));
#10700 = CARTESIAN_POINT('',(140.0025006303,-100.5));
#10701 = CARTESIAN_POINT('',(139.738318775,-100.5));
#10702 = CARTESIAN_POINT('',(139.47413691969,-100.5));
#10703 = CARTESIAN_POINT('',(139.20995506439,-100.5));
#10704 = CARTESIAN_POINT('',(138.94577320909,-100.5));
#10705 = CARTESIAN_POINT('',(138.68159135379,-100.5));
#10706 = CARTESIAN_POINT('',(138.12921682153,-100.5));
#10707 = CARTESIAN_POINT('',(137.84101389787,-100.5));
#10708 = CARTESIAN_POINT('',(137.55278844276,-100.5));
#10709 = CARTESIAN_POINT('',(137.26464698175,-100.5));
#10710 = CARTESIAN_POINT('',(136.97640866026,-100.5));
#10711 = CARTESIAN_POINT('',(136.68821529556,-100.5));
#10712 = CARTESIAN_POINT('',(136.40002234788,-100.5));
#10713 = CARTESIAN_POINT('',(135.82362401007,-100.5));
#10714 = CARTESIAN_POINT('',(135.53542562247,-100.5));
#10715 = CARTESIAN_POINT('',(135.24722723487,-100.5));
#10716 = CARTESIAN_POINT('',(134.95902884727,-100.5));
#10717 = CARTESIAN_POINT('',(134.67083045966,-100.5));
#10718 = CARTESIAN_POINT('',(134.38263207206,-100.5));
#10719 = CARTESIAN_POINT('',(134.09443368446,-100.5));
#10720 = CARTESIAN_POINT('',(133.59010804442,-100.5));
#10721 = CARTESIAN_POINT('',(133.37397420752,-100.5));
#10722 = CARTESIAN_POINT('',(133.1578306966,-100.5));
#10723 = CARTESIAN_POINT('',(132.94167861432,-100.5));
#10724 = CARTESIAN_POINT('',(132.72552132023,-100.5));
#10725 = CARTESIAN_POINT('',(132.50936249527,-100.5));
#10726 = CARTESIAN_POINT('',(132.29320420642,-100.5));
#10727 = CARTESIAN_POINT('',(131.90892924514,-100.5));
#10728 = CARTESIAN_POINT('',(131.74081351904,-100.5));
#10729 = CARTESIAN_POINT('',(131.57269779294,-100.5));
#10730 = CARTESIAN_POINT('',(131.40458206684,-100.5));
#10731 = CARTESIAN_POINT('',(131.23646634074,-100.5));
#10732 = CARTESIAN_POINT('',(131.06835061464,-100.5));
#10733 = CARTESIAN_POINT('',(130.90023488854,-100.5));
#10734 = CARTESIAN_POINT('',(130.46794912209,-100.5));
#10735 = CARTESIAN_POINT('',(130.2037787223,-100.5));
#10736 = CARTESIAN_POINT('',(129.93960981614,-100.5));
#10737 = CARTESIAN_POINT('',(129.67543519319,-100.5));
#10738 = CARTESIAN_POINT('',(129.41124912657,-100.5));
#10739 = CARTESIAN_POINT('',(129.14705462456,-100.5));
#10740 = CARTESIAN_POINT('',(128.88286086866,-100.5));
#10741 = CARTESIAN_POINT('',(128.33046593242,-100.5));
#10742 = CARTESIAN_POINT('',(128.04226754482,-100.5));
#10743 = CARTESIAN_POINT('',(127.75406915722,-100.5));
#10744 = CARTESIAN_POINT('',(127.46587076962,-100.5));
#10745 = CARTESIAN_POINT('',(127.17767238201,-100.5));
#10746 = CARTESIAN_POINT('',(126.88947399441,-100.5));
#10747 = CARTESIAN_POINT('',(126.60127560681,-100.5));
#10748 = CARTESIAN_POINT('',(126.16898054604,-100.5));
#10749 = CARTESIAN_POINT('',(126.02488365955,-100.5));
#10750 = CARTESIAN_POINT('',(125.88078611025,-100.5));
#10751 = CARTESIAN_POINT('',(125.73668760549,-100.5));
#10752 = CARTESIAN_POINT('',(125.59258800946,-100.5));
#10753 = CARTESIAN_POINT('',(125.44848734325,-100.5));
#10754 = CARTESIAN_POINT('',(125.30438578476,-100.5));
#10755 = CARTESIAN_POINT('',(124.9201183458,-100.5));
#10756 = CARTESIAN_POINT('',(124.6799530228,-100.5));
#10757 = CARTESIAN_POINT('',(124.4397876998,-100.5));
#10758 = CARTESIAN_POINT('',(124.19962237679,-100.5));
#10759 = CARTESIAN_POINT('',(123.95945705379,-100.5));
#10760 = CARTESIAN_POINT('',(123.71929173079,-100.5));
#10761 = CARTESIAN_POINT('',(123.47912640779,-100.5));
#10762 = CARTESIAN_POINT('',(122.99879581439,-100.5));
#10763 = CARTESIAN_POINT('',(122.7586304919,-100.5));
#10764 = CARTESIAN_POINT('',(122.5184649913,-100.5));
#10765 = CARTESIAN_POINT('',(122.27829967959,-100.5));
#10766 = CARTESIAN_POINT('',(122.03813459911,-100.5));
#10767 = CARTESIAN_POINT('',(121.79796934175,-100.5));
#10768 = CARTESIAN_POINT('',(121.55780361515,-100.5));
#10769 = CARTESIAN_POINT('',(120.86132683459,-100.5));
#10770 = CARTESIAN_POINT('',(120.40501298458,-100.5));
#10771 = CARTESIAN_POINT('',(119.94869799052,-100.5));
#10772 = CARTESIAN_POINT('',(119.49238265419,-100.5));
#10773 = CARTESIAN_POINT('',(119.03606753935,-100.5));
#10774 = CARTESIAN_POINT('',(118.57975297174,-100.5));
#10775 = CARTESIAN_POINT('',(118.12343903909,-100.5));
#10776 = CARTESIAN_POINT('',(117.18679278896,-100.5));
#10777 = CARTESIAN_POINT('',(116.70646152195,-100.5));
#10778 = CARTESIAN_POINT('',(116.22612977366,-100.5));
#10779 = CARTESIAN_POINT('',(115.74579680786,-100.5));
#10780 = CARTESIAN_POINT('',(115.26546312516,-100.5));
#10781 = CARTESIAN_POINT('',(114.78513041962,-100.5));
#10782 = CARTESIAN_POINT('',(114.30480153535,-100.5));
#10783 = CARTESIAN_POINT('',(113.58431510012,-100.5));
#10784 = CARTESIAN_POINT('',(113.34414977712,-100.5));
#10785 = CARTESIAN_POINT('',(113.10398445412,-100.5));
#10786 = CARTESIAN_POINT('',(112.86381913112,-100.5));
#10787 = CARTESIAN_POINT('',(112.62365380812,-100.5));
#10788 = CARTESIAN_POINT('',(112.38348848512,-100.5));
#10789 = CARTESIAN_POINT('',(112.14332316212,-100.5));
#10790 = CARTESIAN_POINT('',(111.63897559089,-100.5));
#10791 = CARTESIAN_POINT('',(111.37479400855,-100.5));
#10792 = CARTESIAN_POINT('',(111.11061289435,-100.5));
#10793 = CARTESIAN_POINT('',(110.84643079297,-100.5));
#10794 = CARTESIAN_POINT('',(110.58224803294,-100.5));
#10795 = CARTESIAN_POINT('',(110.31806612642,-100.5));
#10796 = CARTESIAN_POINT('',(110.05388543342,-100.5));
#10797 = CARTESIAN_POINT('',(109.5495376737,-100.5));
#10798 = CARTESIAN_POINT('',(109.3093723507,-100.5));
#10799 = CARTESIAN_POINT('',(109.0692070277,-100.5));
#10800 = CARTESIAN_POINT('',(108.82904170469,-100.5));
#10801 = CARTESIAN_POINT('',(108.58887638169,-100.5));
#10802 = CARTESIAN_POINT('',(108.34871105869,-100.5));
#10803 = CARTESIAN_POINT('',(108.10854573569,-100.5));
#10804 = CARTESIAN_POINT('',(107.70026380844,-100.5));
#10805 = CARTESIAN_POINT('',(107.53214816623,-100.5));
#10806 = CARTESIAN_POINT('',(107.3640329422,-100.5));
#10807 = CARTESIAN_POINT('',(107.19591774311,-100.5));
#10808 = CARTESIAN_POINT('',(107.02780232639,-100.5));
#10809 = CARTESIAN_POINT('',(106.85968660007,-100.5));
#10810 = CARTESIAN_POINT('',(106.6915706228,-100.5));
#10811 = CARTESIAN_POINT('',(106.23525621628,-100.5));
#10812 = CARTESIAN_POINT('',(105.94705782867,-100.5));
#10813 = CARTESIAN_POINT('',(105.65885944107,-100.5));
#10814 = CARTESIAN_POINT('',(105.37066105347,-100.5));
#10815 = CARTESIAN_POINT('',(105.08246266587,-100.5));
#10816 = CARTESIAN_POINT('',(104.79426427827,-100.5));
#10817 = CARTESIAN_POINT('',(104.50606589067,-100.5));
#10818 = CARTESIAN_POINT('',(103.92966884566,-100.5));
#10819 = CARTESIAN_POINT('',(103.64147186841,-100.5));
#10820 = CARTESIAN_POINT('',(103.35327053357,-100.5));
#10821 = CARTESIAN_POINT('',(103.06507546504,-100.5));
#10822 = CARTESIAN_POINT('',(102.77687476046,-100.5));
#10823 = CARTESIAN_POINT('',(102.48867735067,-100.5));
#10824 = CARTESIAN_POINT('',(102.20047888686,-100.5));
#10825 = CARTESIAN_POINT('',(101.74417777769,-100.5));
#10826 = CARTESIAN_POINT('',(101.57606052939,-100.5));
#10827 = CARTESIAN_POINT('',(101.40793715014,-100.5));
#10828 = CARTESIAN_POINT('',(101.23981369067,-100.5));
#10829 = CARTESIAN_POINT('',(101.07169375966,-100.5));
#10830 = CARTESIAN_POINT('',(100.90357852375,-100.5));
#10831 = CARTESIAN_POINT('',(100.7354667075,-100.5));
#10832 = CARTESIAN_POINT('',(100.30319902209,-100.5));
#10833 = CARTESIAN_POINT('',(100.0386842398,-100.5));
#10834 = CARTESIAN_POINT('',(99.775203379021,-100.5));
#10835 = CARTESIAN_POINT('',(99.510791819942,-100.5));
#10836 = CARTESIAN_POINT('',(99.246033665888,-100.5));
#10837 = CARTESIAN_POINT('',(98.982197320385,-100.5));
#10838 = CARTESIAN_POINT('',(98.718312341777,-100.5));
#10839 = CARTESIAN_POINT('',(98.19586797781,-100.5));
#10840 = CARTESIAN_POINT('',(97.929180527043,-100.5));
#10841 = CARTESIAN_POINT('',(97.634878589597,-100.5));
#10842 = CARTESIAN_POINT('',(97.40290999615,-100.5));
#10843 = CARTESIAN_POINT('',(97.162981501989,-100.5));
#10844 = CARTESIAN_POINT('',(96.855942649463,-100.5));
#10845 = CARTESIAN_POINT('',(96.591798047626,-100.5));
#10846 = CARTESIAN_POINT('',(96.299596306069,-100.5));
#10847 = CARTESIAN_POINT('',(96.271841063251,-100.5));
#10848 = CARTESIAN_POINT('',(96.249304578871,-100.5));
#10849 = CARTESIAN_POINT('',(96.225994927489,-100.5));
#10850 = CARTESIAN_POINT('',(96.197802859511,-100.5));
#10851 = CARTESIAN_POINT('',(96.162501801193,-100.5));
#10852 = CARTESIAN_POINT('',(96.119747854641,-100.5));
#10853 = CARTESIAN_POINT('',(96.068054180971,-100.5));
#10854 = CARTESIAN_POINT('',(96.065019774134,-100.5));
#10855 = CARTESIAN_POINT('',(96.061983678281,-100.5));
#10856 = CARTESIAN_POINT('',(96.058953606037,-100.5));
#10857 = CARTESIAN_POINT('',(96.055937614511,-100.5));
#10858 = CARTESIAN_POINT('',(96.052943477261,-100.5));
#10859 = CARTESIAN_POINT('',(96.049977695406,-100.5));
#10860 = CARTESIAN_POINT('',(95.921009492284,-100.5));
#10861 = CARTESIAN_POINT('',(95.865845451944,-100.5));
#10862 = CARTESIAN_POINT('',(95.749908749712,-100.5));
#10863 = CARTESIAN_POINT('',(95.610385541495,-100.5));
#10864 = CARTESIAN_POINT('',(95.499257006814,-100.5));
#10865 = CARTESIAN_POINT('',(95.411894856043,-100.5));
#10866 = CARTESIAN_POINT('',(95.298286754317,-100.5));
#10867 = CARTESIAN_POINT('',(95.012791243988,-100.5));
#10868 = CARTESIAN_POINT('',(94.868706832128,-100.5));
#10869 = CARTESIAN_POINT('',(94.724617151243,-100.5));
#10870 = CARTESIAN_POINT('',(94.580511683691,-100.5));
#10871 = CARTESIAN_POINT('',(94.43639066948,-100.5));
#10872 = CARTESIAN_POINT('',(94.292265106266,-100.5));
#10873 = CARTESIAN_POINT('',(94.148156749357,-100.5));
#10874 = CARTESIAN_POINT('',(93.768054676656,-100.5));
#10875 = CARTESIAN_POINT('',(93.529527783839,-100.5));
#10876 = CARTESIAN_POINT('',(93.289319036416,-100.5));
#10877 = CARTESIAN_POINT('',(93.047831103842,-100.5));
#10878 = CARTESIAN_POINT('',(92.805716203948,-100.5));
#10879 = CARTESIAN_POINT('',(92.563927524298,-100.5));
#10880 = CARTESIAN_POINT('',(92.323173582819,-100.5));
#10881 = CARTESIAN_POINT('',(91.817810452907,-100.5));
#10882 = CARTESIAN_POINT('',(91.553373272195,-100.5));
#10883 = CARTESIAN_POINT('',(91.289272046843,-100.5));
#10884 = CARTESIAN_POINT('',(91.025423446365,-100.5));
#10885 = CARTESIAN_POINT('',(90.761672774819,-100.5));
#10886 = CARTESIAN_POINT('',(90.497784934745,-100.5));
#10887 = CARTESIAN_POINT('',(90.233596702066,-100.5));
#10888 = CARTESIAN_POINT('',(89.729155362279,-100.5));
#10889 = CARTESIAN_POINT('',(89.488990039277,-100.5));
#10890 = CARTESIAN_POINT('',(89.248824716276,-100.5));
#10891 = CARTESIAN_POINT('',(89.008659393274,-100.5));
#10892 = CARTESIAN_POINT('',(88.768494070273,-100.5));
#10893 = CARTESIAN_POINT('',(88.528328747271,-100.5));
#10894 = CARTESIAN_POINT('',(88.288163424269,-100.5));
#10895 = CARTESIAN_POINT('',(87.879846579044,-100.5));
#10896 = CARTESIAN_POINT('',(87.711705993682,-100.5));
#10897 = CARTESIAN_POINT('',(87.543576331113,-100.5));
#10898 = CARTESIAN_POINT('',(87.375457304768,-100.5));
#10899 = CARTESIAN_POINT('',(87.207348355567,-100.5));
#10900 = CARTESIAN_POINT('',(87.039248651927,-100.5));
#10901 = CARTESIAN_POINT('',(86.871157089756,-100.5));
#10902 = CARTESIAN_POINT('',(86.414857211193,-100.5));
#10903 = CARTESIAN_POINT('',(86.126661799235,-100.5));
#10904 = CARTESIAN_POINT('',(85.83848742579,-100.5));
#10905 = CARTESIAN_POINT('',(85.550295655456,-100.5));
#10906 = CARTESIAN_POINT('',(85.26214606903,-100.5));
#10907 = CARTESIAN_POINT('',(84.973926323418,-100.5));
#10908 = CARTESIAN_POINT('',(84.685711683053,-100.5));
#10909 = CARTESIAN_POINT('',(84.109286804042,-100.5));
#10910 = CARTESIAN_POINT('',(83.82108841644,-100.5));
#10911 = CARTESIAN_POINT('',(83.532890028838,-100.5));
#10912 = CARTESIAN_POINT('',(83.244691641236,-100.5));
#10913 = CARTESIAN_POINT('',(82.956493253635,-100.5));
#10914 = CARTESIAN_POINT('',(82.668294866033,-100.5));
#10915 = CARTESIAN_POINT('',(82.380096478431,-100.5));
#10916 = CARTESIAN_POINT('',(81.923783403361,-100.5));
#10917 = CARTESIAN_POINT('',(81.755668103283,-100.5));
#10918 = CARTESIAN_POINT('',(81.587552328564,-100.5));
#10919 = CARTESIAN_POINT('',(81.419436233141,-100.5));
#10920 = CARTESIAN_POINT('',(81.25131998692,-100.5));
#10921 = CARTESIAN_POINT('',(81.083203775772,-100.5));
#10922 = CARTESIAN_POINT('',(80.915087801536,-100.5));
#10923 = CARTESIAN_POINT('',(80.482790426718,-100.5));
#10924 = CARTESIAN_POINT('',(80.218608571417,-100.5));
#10925 = CARTESIAN_POINT('',(79.954426716115,-100.5));
#10926 = CARTESIAN_POINT('',(79.690244860813,-100.5));
#10927 = CARTESIAN_POINT('',(79.426063005511,-100.5));
#10928 = CARTESIAN_POINT('',(79.16188115021,-100.5));
#10929 = CARTESIAN_POINT('',(78.897699294908,-100.5));
#10930 = CARTESIAN_POINT('',(78.345318425438,-100.5));
#10931 = CARTESIAN_POINT('',(78.057121573537,-100.5));
#10932 = CARTESIAN_POINT('',(77.768922203701,-100.5));
#10933 = CARTESIAN_POINT('',(77.48072349513,-100.5));
#10934 = CARTESIAN_POINT('',(77.192525563289,-100.5));
#10935 = CARTESIAN_POINT('',(76.90432703613,-100.5));
#10936 = CARTESIAN_POINT('',(76.616128894149,-100.5));
#10937 = CARTESIAN_POINT('',(75.823583492773,-100.5));
#10938 = CARTESIAN_POINT('',(75.31923740425,-100.5));
#10939 = CARTESIAN_POINT('',(74.814890902572,-100.5));
#10940 = CARTESIAN_POINT('',(74.31054817597,-100.5));
#10941 = CARTESIAN_POINT('',(73.8061964394,-100.5));
#10942 = CARTESIAN_POINT('',(73.301850011505,-100.5));
#10943 = CARTESIAN_POINT('',(72.797501559998,-100.5));
#10944 = CARTESIAN_POINT('',(72.052987588247,-100.5));
#10945 = CARTESIAN_POINT('',(71.812822279348,-100.5));
#10946 = CARTESIAN_POINT('',(71.572656950766,-100.5));
#10947 = CARTESIAN_POINT('',(71.332491609054,-100.5));
#10948 = CARTESIAN_POINT('',(71.092326277855,-100.5));
#10949 = CARTESIAN_POINT('',(70.85216097353,-100.5));
#10950 = CARTESIAN_POINT('',(70.611995680796,-100.5));
#10951 = CARTESIAN_POINT('',(69.987564435789,-100.5));
#10952 = CARTESIAN_POINT('',(69.603301063069,-100.5));
#10953 = CARTESIAN_POINT('',(69.219038100372,-100.5));
#10954 = CARTESIAN_POINT('',(68.834774275025,-100.5));
#10955 = CARTESIAN_POINT('',(68.450509151504,-100.5));
#10956 = CARTESIAN_POINT('',(68.066243131439,-100.5));
#10957 = CARTESIAN_POINT('',(67.681977453606,-100.5));
#10958 = CARTESIAN_POINT('',(67.105581665938,-100.5));
#10959 = CARTESIAN_POINT('',(66.913449491224,-100.5));
#10960 = CARTESIAN_POINT('',(66.721317421725,-100.5));
#10961 = CARTESIAN_POINT('',(66.529185297327,-100.5));
#10962 = CARTESIAN_POINT('',(66.337053045866,-100.5));
#10963 = CARTESIAN_POINT('',(66.144920683128,-100.5));
#10964 = CARTESIAN_POINT('',(65.952788312851,-100.5));
#10965 = CARTESIAN_POINT('',(65.568523868321,-100.5));
#10966 = CARTESIAN_POINT('',(65.376391609919,-100.5));
#10967 = CARTESIAN_POINT('',(65.184259351518,-100.5));
#10968 = CARTESIAN_POINT('',(64.992127093117,-100.5));
#10969 = CARTESIAN_POINT('',(64.799994834716,-100.5));
#10970 = CARTESIAN_POINT('',(64.607862576314,-100.5));
#10971 = CARTESIAN_POINT('',(64.415730317913,-100.5));
#10972 = CARTESIAN_POINT('',(64.079498865711,-100.5));
#10973 = CARTESIAN_POINT('',(63.93539967191,-100.5));
#10974 = CARTESIAN_POINT('',(63.791300478109,-100.5));
#10975 = CARTESIAN_POINT('',(63.647201284308,-100.5));
#10976 = CARTESIAN_POINT('',(63.503102090507,-100.5));
#10977 = CARTESIAN_POINT('',(63.359002896706,-100.5));
#10978 = CARTESIAN_POINT('',(63.214903702905,-100.5));
#10979 = CARTESIAN_POINT('',(62.782608660804,-100.5));
#10980 = CARTESIAN_POINT('',(62.494407872729,-100.5));
#10981 = CARTESIAN_POINT('',(62.206201411424,-100.5));
#10982 = CARTESIAN_POINT('',(61.918018693426,-100.5));
#10983 = CARTESIAN_POINT('',(61.629810489005,-100.5));
#10984 = CARTESIAN_POINT('',(61.34161526458,-100.5));
#10985 = CARTESIAN_POINT('',(61.053414598371,-100.5));
#10986 = CARTESIAN_POINT('',(60.549068617588,-100.5));
#10987 = CARTESIAN_POINT('',(60.332919826886,-100.5));
#10988 = CARTESIAN_POINT('',(60.116771036185,-100.5));
#10989 = CARTESIAN_POINT('',(59.900622245483,-100.5));
#10990 = CARTESIAN_POINT('',(59.684473454782,-100.5));
#10991 = CARTESIAN_POINT('',(59.468324664081,-100.5));
#10992 = CARTESIAN_POINT('',(59.252175873379,-100.5));
#10993 = CARTESIAN_POINT('',(58.867897232127,-100.5));
#10994 = CARTESIAN_POINT('',(58.699771641713,-100.5));
#10995 = CARTESIAN_POINT('',(58.531650938157,-100.5));
#10996 = CARTESIAN_POINT('',(58.363535156971,-100.5));
#10997 = CARTESIAN_POINT('',(58.195423742458,-100.5));
#10998 = CARTESIAN_POINT('',(58.027315547714,-100.5));
#10999 = CARTESIAN_POINT('',(57.859208834625,-100.5));
#11000 = CARTESIAN_POINT('',(57.450935950867,-100.5));
#11001 = CARTESIAN_POINT('',(57.210770627866,-100.5));
#11002 = CARTESIAN_POINT('',(56.970605304864,-100.5));
#11003 = CARTESIAN_POINT('',(56.730439981862,-100.5));
#11004 = CARTESIAN_POINT('',(56.490274658861,-100.5));
#11005 = CARTESIAN_POINT('',(56.250109335859,-100.5));
#11006 = CARTESIAN_POINT('',(56.009944012858,-100.5));
#11007 = CARTESIAN_POINT('',(55.505599243669,-100.5));
#11008 = CARTESIAN_POINT('',(55.24142054393,-100.5));
#11009 = CARTESIAN_POINT('',(54.97722030856,-100.5));
#11010 = CARTESIAN_POINT('',(54.713048886879,-100.5));
#11011 = CARTESIAN_POINT('',(54.448882108446,-100.5));
#11012 = CARTESIAN_POINT('',(54.184686955679,-100.5));
#11013 = CARTESIAN_POINT('',(53.920500663279,-100.5));
#11014 = CARTESIAN_POINT('',(53.39214199214,-100.5));
#11015 = CARTESIAN_POINT('',(53.127960136839,-100.5));
#11016 = CARTESIAN_POINT('',(52.863778281537,-100.5));
#11017 = CARTESIAN_POINT('',(52.599596426235,-100.5));
#11018 = CARTESIAN_POINT('',(52.335414570934,-100.5));
#11019 = CARTESIAN_POINT('',(52.071232715632,-100.5));
#11020 = CARTESIAN_POINT('',(51.80705086033,-100.5));
#11021 = CARTESIAN_POINT('',(51.134539163128,-100.5));
#11022 = CARTESIAN_POINT('',(50.726283516211,-100.5));
#11023 = CARTESIAN_POINT('',(50.318045222218,-100.5));
#11024 = CARTESIAN_POINT('',(49.909788798482,-100.5));
#11025 = CARTESIAN_POINT('',(49.501500137459,-100.5));
#11026 = CARTESIAN_POINT('',(49.093186522447,-100.5));
#11027 = CARTESIAN_POINT('',(48.68487664331,-100.5));
#11028 = CARTESIAN_POINT('',(48.084463393035,-100.5));
#11029 = CARTESIAN_POINT('',(47.892320407922,-100.5));
#11030 = CARTESIAN_POINT('',(47.700187321241,-100.5));
#11031 = CARTESIAN_POINT('',(47.508060424902,-100.5));
#11032 = CARTESIAN_POINT('',(47.315936638353,-100.5));
#11033 = CARTESIAN_POINT('',(47.12381350858,-100.5));
#11034 = CARTESIAN_POINT('',(46.931689210107,-100.5));
#11035 = CARTESIAN_POINT('',(46.523413773331,-100.5));
#11036 = CARTESIAN_POINT('',(46.307265086511,-100.5));
#11037 = CARTESIAN_POINT('',(46.091116216606,-100.5));
#11038 = CARTESIAN_POINT('',(45.874967247731,-100.5));
#11039 = CARTESIAN_POINT('',(45.658818398773,-100.5));
#11040 = CARTESIAN_POINT('',(45.442669806133,-100.5));
#11041 = CARTESIAN_POINT('',(45.22652130646,-100.5));
#11042 = CARTESIAN_POINT('',(44.818239960984,-100.5));
#11043 = CARTESIAN_POINT('',(44.626107702583,-100.5));
#11044 = CARTESIAN_POINT('',(44.433975444181,-100.5));
#11045 = CARTESIAN_POINT('',(44.24184318578,-100.5));
#11046 = CARTESIAN_POINT('',(44.049710927379,-100.5));
#11047 = CARTESIAN_POINT('',(43.857578668978,-100.5));
#11048 = CARTESIAN_POINT('',(43.665446410576,-100.5));
#11049 = CARTESIAN_POINT('',(43.281181924143,-100.5));
#11050 = CARTESIAN_POINT('',(43.089049665343,-100.5));
#11051 = CARTESIAN_POINT('',(42.896917391082,-100.5));
#11052 = CARTESIAN_POINT('',(42.704785113259,-100.5));
#11053 = CARTESIAN_POINT('',(42.512652840362,-100.5));
#11054 = CARTESIAN_POINT('',(42.320520577469,-100.5));
#11055 = CARTESIAN_POINT('',(42.128388326251,-100.5));
#11056 = CARTESIAN_POINT('',(41.672074229663,-100.5));
#11057 = CARTESIAN_POINT('',(41.407892374362,-100.5));
#11058 = CARTESIAN_POINT('',(41.14371051906,-100.5));
#11059 = CARTESIAN_POINT('',(40.879528663758,-100.5));
#11060 = CARTESIAN_POINT('',(40.615346808456,-100.5));
#11061 = CARTESIAN_POINT('',(40.351164953155,-100.5));
#11062 = CARTESIAN_POINT('',(40.086983097853,-100.5));
#11063 = CARTESIAN_POINT('',(39.558619705874,-100.5));
#11064 = CARTESIAN_POINT('',(39.294433476936,-100.5));
#11065 = CARTESIAN_POINT('',(39.030259345054,-100.5));
#11066 = CARTESIAN_POINT('',(38.766076974257,-100.5));
#11067 = CARTESIAN_POINT('',(38.501888787772,-100.5));
#11068 = CARTESIAN_POINT('',(38.237707962041,-100.5));
#11069 = CARTESIAN_POINT('',(37.973530380852,-100.5));
#11070 = CARTESIAN_POINT('',(37.493197609436,-100.5));
#11071 = CARTESIAN_POINT('',(37.277048818734,-100.5));
#11072 = CARTESIAN_POINT('',(37.060900028033,-100.5));
#11073 = CARTESIAN_POINT('',(36.844751237331,-100.5));
#11074 = CARTESIAN_POINT('',(36.62860244663,-100.5));
#11075 = CARTESIAN_POINT('',(36.412453655929,-100.5));
#11076 = CARTESIAN_POINT('',(36.196304865227,-100.5));
#11077 = CARTESIAN_POINT('',(35.667958199222,-100.5));
#11078 = CARTESIAN_POINT('',(35.35575276165,-100.5));
#11079 = CARTESIAN_POINT('',(35.043523666126,-100.5));
#11080 = CARTESIAN_POINT('',(34.73131128793,-100.5));
#11081 = CARTESIAN_POINT('',(34.419083117421,-100.5));
#11082 = CARTESIAN_POINT('',(34.106867939724,-100.5));
#11083 = CARTESIAN_POINT('',(33.794651730682,-100.5));
#11084 = CARTESIAN_POINT('',(33.146212734645,-100.5));
#11085 = CARTESIAN_POINT('',(32.809989134777,-100.5));
#11086 = CARTESIAN_POINT('',(32.473772186707,-100.5));
#11087 = CARTESIAN_POINT('',(32.137528661273,-100.5));
#11088 = CARTESIAN_POINT('',(31.801297810058,-100.5));
#11089 = CARTESIAN_POINT('',(31.46505956992,-100.5));
#11090 = CARTESIAN_POINT('',(31.128822614703,-100.5));
#11091 = CARTESIAN_POINT('',(30.600452827994,-100.5));
#11092 = CARTESIAN_POINT('',(30.408320502646,-100.5));
#11093 = CARTESIAN_POINT('',(30.216188209863,-100.5));
#11094 = CARTESIAN_POINT('',(30.024055990841,-100.5));
#11095 = CARTESIAN_POINT('',(29.831923839751,-100.5));
#11096 = CARTESIAN_POINT('',(29.639791703746,-100.5));
#11097 = CARTESIAN_POINT('',(29.447659482954,-100.5));
#11098 = CARTESIAN_POINT('',(28.943313773094,-100.5));
#11099 = CARTESIAN_POINT('',(28.631103124738,-100.5));
#11100 = CARTESIAN_POINT('',(28.318891948229,-100.5));
#11101 = CARTESIAN_POINT('',(28.006678382335,-100.5));
#11102 = CARTESIAN_POINT('',(27.694461842002,-100.5));
#11103 = CARTESIAN_POINT('',(27.382243018582,-100.5));
#11104 = CARTESIAN_POINT('',(27.070023880056,-100.5));
#11105 = CARTESIAN_POINT('',(26.613708531784,-100.5));
#11106 = CARTESIAN_POINT('',(26.469609444164,-100.5));
#11107 = CARTESIAN_POINT('',(26.325510286227,-100.5));
#11108 = CARTESIAN_POINT('',(26.181411006589,-100.5));
#11109 = CARTESIAN_POINT('',(26.037311624649,-100.5));
#11110 = CARTESIAN_POINT('',(25.893212230597,-100.5));
#11111 = CARTESIAN_POINT('',(25.749112985411,-100.5));
#11112 = CARTESIAN_POINT('',(25.436898394756,-100.5));
#11113 = CARTESIAN_POINT('',(25.268782668655,-100.5));
#11114 = CARTESIAN_POINT('',(25.100666942554,-100.5));
#11115 = CARTESIAN_POINT('',(24.932551216453,-100.5));
#11116 = CARTESIAN_POINT('',(24.764435490352,-100.5));
#11117 = CARTESIAN_POINT('',(24.596319764251,-100.5));
#11118 = CARTESIAN_POINT('',(24.42820403815,-100.5));
#11119 = CARTESIAN_POINT('',(24.115989135616,-100.5));
#11120 = CARTESIAN_POINT('',(23.971889860881,-100.5));
#11121 = CARTESIAN_POINT('',(23.827790609509,-100.5));
#11122 = CARTESIAN_POINT('',(23.683691443168,-100.5));
#11123 = CARTESIAN_POINT('',(23.539592363532,-100.5));
#11124 = CARTESIAN_POINT('',(23.395493312278,-100.5));
#11125 = CARTESIAN_POINT('',(23.251394171086,-100.5));
#11126 = CARTESIAN_POINT('',(22.867129438639,-100.5));
#11127 = CARTESIAN_POINT('',(22.626964115638,-100.5));
#11128 = CARTESIAN_POINT('',(22.386798792636,-100.5));
#11129 = CARTESIAN_POINT('',(22.146633469635,-100.5));
#11130 = CARTESIAN_POINT('',(21.906468146633,-100.5));
#11131 = CARTESIAN_POINT('',(21.666302823631,-100.5));
#11132 = CARTESIAN_POINT('',(21.42613750063,-100.5));
#11133 = CARTESIAN_POINT('',(20.94580665549,-100.5));
#11134 = CARTESIAN_POINT('',(20.705642382092,-100.5));
#11135 = CARTESIAN_POINT('',(20.465475867566,-100.5));
#11136 = CARTESIAN_POINT('',(20.225309891731,-100.5));
#11137 = CARTESIAN_POINT('',(19.985145828628,-100.5));
#11138 = CARTESIAN_POINT('',(19.744981435657,-100.5));
#11139 = CARTESIAN_POINT('',(19.504814107328,-100.5));
#11140 = CARTESIAN_POINT('',(19.072517335214,-100.5));
#11141 = CARTESIAN_POINT('',(18.880385076813,-100.5));
#11142 = CARTESIAN_POINT('',(18.688252818412,-100.5));
#11143 = CARTESIAN_POINT('',(18.496120560011,-100.5));
#11144 = CARTESIAN_POINT('',(18.303988301609,-100.5));
#11145 = CARTESIAN_POINT('',(18.111856043208,-100.5));
#11146 = CARTESIAN_POINT('',(17.919723784807,-100.5));
#11147 = CARTESIAN_POINT('',(17.559479139535,-100.5));
#11148 = CARTESIAN_POINT('',(17.391365426516,-100.5));
#11149 = CARTESIAN_POINT('',(17.223250408944,-100.5));
#11150 = CARTESIAN_POINT('',(17.055134239971,-100.5));
#11151 = CARTESIAN_POINT('',(16.887017204304,-100.5));
#11152 = CARTESIAN_POINT('',(16.718899718211,-100.5));
#11153 = CARTESIAN_POINT('',(16.550782329515,-100.5));
#11154 = CARTESIAN_POINT('',(16.094474842961,-100.5));
#11155 = CARTESIAN_POINT('',(15.80628415584,-100.5));
#11156 = CARTESIAN_POINT('',(15.51809215385,-100.5));
#11157 = CARTESIAN_POINT('',(15.229903141095,-100.5));
#11158 = CARTESIAN_POINT('',(14.941704121198,-100.5));
#11159 = CARTESIAN_POINT('',(14.65351112727,-100.5));
#11160 = CARTESIAN_POINT('',(14.365297500997,-100.5));
#11161 = CARTESIAN_POINT('',(13.86092982608,-100.5));
#11162 = CARTESIAN_POINT('',(13.644781035379,-100.5));
#11163 = CARTESIAN_POINT('',(13.428632244677,-100.5));
#11164 = CARTESIAN_POINT('',(13.212483453976,-100.5));
#11165 = CARTESIAN_POINT('',(12.996334663274,-100.5));
#11166 = CARTESIAN_POINT('',(12.780185872573,-100.5));
#11167 = CARTESIAN_POINT('',(12.564037081872,-100.5));
#11168 = CARTESIAN_POINT('',(12.1797730818,-100.5));
#11169 = CARTESIAN_POINT('',(12.011657147721,-100.5));
#11170 = CARTESIAN_POINT('',(11.843541030928,-100.5));
#11171 = CARTESIAN_POINT('',(11.67542507065,-100.5));
#11172 = CARTESIAN_POINT('',(11.507309403345,-100.5));
#11173 = CARTESIAN_POINT('',(11.339193962707,-100.5));
#11174 = CARTESIAN_POINT('',(11.17107847966,-100.5));
#11175 = CARTESIAN_POINT('',(10.738780634468,-100.5));
#11176 = CARTESIAN_POINT('',(10.474598883656,-100.5));
#11177 = CARTESIAN_POINT('',(10.210416814234,-100.5));
#11178 = CARTESIAN_POINT('',(9.946234910562,-100.5));
#11179 = CARTESIAN_POINT('',(9.682053320514,-100.5));
#11180 = CARTESIAN_POINT('',(9.417871574069,-100.5));
#11181 = CARTESIAN_POINT('',(9.153689257041,-100.5));
#11182 = CARTESIAN_POINT('',(8.601309252345,-100.5));
#11183 = CARTESIAN_POINT('',(8.313110864744,-100.5));
#11184 = CARTESIAN_POINT('',(8.024912477142,-100.5));
#11185 = CARTESIAN_POINT('',(7.73671408954,-100.5));
#11186 = CARTESIAN_POINT('',(7.448515701938,-100.5));
#11187 = CARTESIAN_POINT('',(7.160317314336,-100.5));
#11188 = CARTESIAN_POINT('',(6.872118926734,-100.5));
#11189 = CARTESIAN_POINT('',(6.391788278522,-100.5));
#11190 = CARTESIAN_POINT('',(6.199656017031,-100.5));
#11191 = CARTESIAN_POINT('',(6.007523757835,-100.5));
#11192 = CARTESIAN_POINT('',(5.815391502175,-100.5));
#11193 = CARTESIAN_POINT('',(5.623259249354,-100.5));
#11194 = CARTESIAN_POINT('',(5.43112699674,-100.5));
#11195 = CARTESIAN_POINT('',(5.238994739765,-100.5));
#11196 = CARTESIAN_POINT('',(4.902762148367,-100.5));
#11197 = CARTESIAN_POINT('',(4.758663224928,-100.5));
#11198 = CARTESIAN_POINT('',(4.614564774768,-100.5));
#11199 = CARTESIAN_POINT('',(4.470466181587,-100.5));
#11200 = CARTESIAN_POINT('',(4.326367139624,-100.5));
#11201 = CARTESIAN_POINT('',(4.182267653658,-100.5));
#11202 = CARTESIAN_POINT('',(4.038168039003,-100.5));
#11203 = CARTESIAN_POINT('',(3.653900721846,-100.5));
#11204 = CARTESIAN_POINT('',(3.413737553661,-100.5));
#11205 = CARTESIAN_POINT('',(3.173575688868,-100.5));
#11206 = CARTESIAN_POINT('',(2.933410299528,-100.5));
#11207 = CARTESIAN_POINT('',(2.693241459837,-100.5));
#11208 = CARTESIAN_POINT('',(2.453074140366,-100.5));
#11209 = CARTESIAN_POINT('',(2.212912194563,-100.5));
#11210 = CARTESIAN_POINT('',(1.726125262258,-100.5));
#11211 = CARTESIAN_POINT('',(1.479651514116,-100.5));
#11212 = CARTESIAN_POINT('',(1.232918033968,-100.5));
#11213 = CARTESIAN_POINT('',(0.986328557995,-100.5));
#11214 = CARTESIAN_POINT('',(0.739953565625,-100.5));
#11215 = CARTESIAN_POINT('',(0.49349043431,-100.5));
#11216 = CARTESIAN_POINT('',(0.246738534728,-100.5));
#11217 = CARTESIAN_POINT('',(0.,-100.5));
#11218 = ( GEOMETRIC_REPRESENTATION_CONTEXT(2) 
PARAMETRIC_REPRESENTATION_CONTEXT() REPRESENTATION_CONTEXT('2D SPACE',''
  ) );
#11219 = ADVANCED_FACE('',(#11220),#2647,.T.);
#11220 = FACE_BOUND('',#11221,.T.);
#11221 = EDGE_LOOP('',(#11222,#11246,#11247,#11248,#11271,#11299,#11322,
    #11350));
#11222 = ORIENTED_EDGE('',*,*,#11223,.T.);
#11223 = EDGE_CURVE('',#11224,#6574,#11226,.T.);
#11224 = VERTEX_POINT('',#11225);
#11225 = CARTESIAN_POINT('',(102.5,-8.,0.));
#11226 = SURFACE_CURVE('',#11227,(#11232,#11239),.PCURVE_S1.);
#11227 = CIRCLE('',#11228,3.);
#11228 = AXIS2_PLACEMENT_3D('',#11229,#11230,#11231);
#11229 = CARTESIAN_POINT('',(102.5,-5.,0.));
#11230 = DIRECTION('',(0.,0.,1.));
#11231 = DIRECTION('',(0.,-1.,0.));
#11232 = PCURVE('',#2647,#11233);
#11233 = DEFINITIONAL_REPRESENTATION('',(#11234),#11238);
#11234 = LINE('',#11235,#11236);
#11235 = CARTESIAN_POINT('',(0.,0.));
#11236 = VECTOR('',#11237,1.);
#11237 = DIRECTION('',(1.,0.));
#11238 = ( GEOMETRIC_REPRESENTATION_CONTEXT(2) 
PARAMETRIC_REPRESENTATION_CONTEXT() REPRESENTATION_CONTEXT('2D SPACE',''
  ) );
#11239 = PCURVE('',#6334,#11240);
#11240 = DEFINITIONAL_REPRESENTATION('',(#11241),#11245);
#11241 = CIRCLE('',#11242,3.);
#11242 = AXIS2_PLACEMENT_2D('',#11243,#11244);
#11243 = CARTESIAN_POINT('',(2.,3.));
#11244 = DIRECTION('',(0.,-1.));
#11245 = ( GEOMETRIC_REPRESENTATION_CONTEXT(2) 
PARAMETRIC_REPRESENTATION_CONTEXT() REPRESENTATION_CONTEXT('2D SPACE',''
  ) );
#11246 = ORIENTED_EDGE('',*,*,#6573,.T.);
#11247 = ORIENTED_EDGE('',*,*,#2630,.F.);
#11248 = ORIENTED_EDGE('',*,*,#11249,.F.);
#11249 = EDGE_CURVE('',#11250,#2603,#11252,.T.);
#11250 = VERTEX_POINT('',#11251);
#11251 = CARTESIAN_POINT('',(102.5,-8.,73.936491673104));
#11252 = SURFACE_CURVE('',#11253,(#11257,#11264),.PCURVE_S1.);
#11253 = LINE('',#11254,#11255);
#11254 = CARTESIAN_POINT('',(102.5,-8.,0.));
#11255 = VECTOR('',#11256,1.);
#11256 = DIRECTION('',(0.,0.,1.));
#11257 = PCURVE('',#2647,#11258);
#11258 = DEFINITIONAL_REPRESENTATION('',(#11259),#11263);
#11259 = LINE('',#11260,#11261);
#11260 = CARTESIAN_POINT('',(0.,0.));
#11261 = VECTOR('',#11262,1.);
#11262 = DIRECTION('',(0.,1.));
#11263 = ( GEOMETRIC_REPRESENTATION_CONTEXT(2) 
PARAMETRIC_REPRESENTATION_CONTEXT() REPRESENTATION_CONTEXT('2D SPACE',''
  ) );
#11264 = PCURVE('',#2618,#11265);
#11265 = DEFINITIONAL_REPRESENTATION('',(#11266),#11270);
#11266 = LINE('',#11267,#11268);
#11267 = CARTESIAN_POINT('',(0.,2.));
#11268 = VECTOR('',#11269,1.);
#11269 = DIRECTION('',(1.,0.));
#11270 = ( GEOMETRIC_REPRESENTATION_CONTEXT(2) 
PARAMETRIC_REPRESENTATION_CONTEXT() REPRESENTATION_CONTEXT('2D SPACE',''
  ) );
#11271 = ORIENTED_EDGE('',*,*,#11272,.F.);
#11272 = EDGE_CURVE('',#11273,#11250,#11275,.T.);
#11273 = VERTEX_POINT('',#11274);
#11274 = CARTESIAN_POINT('',(102.5,-8.,70.063508326896));
#11275 = SURFACE_CURVE('',#11276,(#11280,#11287),.PCURVE_S1.);
#11276 = LINE('',#11277,#11278);
#11277 = CARTESIAN_POINT('',(102.5,-8.,0.));
#11278 = VECTOR('',#11279,1.);
#11279 = DIRECTION('',(0.,0.,1.));
#11280 = PCURVE('',#2647,#11281);
#11281 = DEFINITIONAL_REPRESENTATION('',(#11282),#11286);
#11282 = LINE('',#11283,#11284);
#11283 = CARTESIAN_POINT('',(0.,0.));
#11284 = VECTOR('',#11285,1.);
#11285 = DIRECTION('',(0.,1.));
#11286 = ( GEOMETRIC_REPRESENTATION_CONTEXT(2) 
PARAMETRIC_REPRESENTATION_CONTEXT() REPRESENTATION_CONTEXT('2D SPACE',''
  ) );
#11287 = PCURVE('',#11288,#11293);
#11288 = PLANE('',#11289);
#11289 = AXIS2_PLACEMENT_3D('',#11290,#11291,#11292);
#11290 = CARTESIAN_POINT('',(103.,-8.,72.));
#11291 = DIRECTION('',(0.,-1.,1.110223024625E-16));
#11292 = DIRECTION('',(1.,0.,0.));
#11293 = DEFINITIONAL_REPRESENTATION('',(#11294),#11298);
#11294 = LINE('',#11295,#11296);
#11295 = CARTESIAN_POINT('',(-0.5,-72.));
#11296 = VECTOR('',#11297,1.);
#11297 = DIRECTION('',(0.,1.));
#11298 = ( GEOMETRIC_REPRESENTATION_CONTEXT(2) 
PARAMETRIC_REPRESENTATION_CONTEXT() REPRESENTATION_CONTEXT('2D SPACE',''
  ) );
#11299 = ORIENTED_EDGE('',*,*,#11300,.F.);
#11300 = EDGE_CURVE('',#11301,#11273,#11303,.T.);
#11301 = VERTEX_POINT('',#11302);
#11302 = CARTESIAN_POINT('',(102.5,-8.,23.936491673104));
#11303 = SURFACE_CURVE('',#11304,(#11308,#11315),.PCURVE_S1.);
#11304 = LINE('',#11305,#11306);
#11305 = CARTESIAN_POINT('',(102.5,-8.,0.));
#11306 = VECTOR('',#11307,1.);
#11307 = DIRECTION('',(0.,0.,1.));
#11308 = PCURVE('',#2647,#11309);
#11309 = DEFINITIONAL_REPRESENTATION('',(#11310),#11314);
#11310 = LINE('',#11311,#11312);
#11311 = CARTESIAN_POINT('',(0.,0.));
#11312 = VECTOR('',#11313,1.);
#11313 = DIRECTION('',(0.,1.));
#11314 = ( GEOMETRIC_REPRESENTATION_CONTEXT(2) 
PARAMETRIC_REPRESENTATION_CONTEXT() REPRESENTATION_CONTEXT('2D SPACE',''
  ) );
#11315 = PCURVE('',#2618,#11316);
#11316 = DEFINITIONAL_REPRESENTATION('',(#11317),#11321);
#11317 = LINE('',#11318,#11319);
#11318 = CARTESIAN_POINT('',(0.,2.));
#11319 = VECTOR('',#11320,1.);
#11320 = DIRECTION('',(1.,0.));
#11321 = ( GEOMETRIC_REPRESENTATION_CONTEXT(2) 
PARAMETRIC_REPRESENTATION_CONTEXT() REPRESENTATION_CONTEXT('2D SPACE',''
  ) );
#11322 = ORIENTED_EDGE('',*,*,#11323,.F.);
#11323 = EDGE_CURVE('',#11324,#11301,#11326,.T.);
#11324 = VERTEX_POINT('',#11325);
#11325 = CARTESIAN_POINT('',(102.5,-8.,20.063508326896));
#11326 = SURFACE_CURVE('',#11327,(#11331,#11338),.PCURVE_S1.);
#11327 = LINE('',#11328,#11329);
#11328 = CARTESIAN_POINT('',(102.5,-8.,0.));
#11329 = VECTOR('',#11330,1.);
#11330 = DIRECTION('',(0.,0.,1.));
#11331 = PCURVE('',#2647,#11332);
#11332 = DEFINITIONAL_REPRESENTATION('',(#11333),#11337);
#11333 = LINE('',#11334,#11335);
#11334 = CARTESIAN_POINT('',(0.,0.));
#11335 = VECTOR('',#11336,1.);
#11336 = DIRECTION('',(0.,1.));
#11337 = ( GEOMETRIC_REPRESENTATION_CONTEXT(2) 
PARAMETRIC_REPRESENTATION_CONTEXT() REPRESENTATION_CONTEXT('2D SPACE',''
  ) );
#11338 = PCURVE('',#11339,#11344);
#11339 = PLANE('',#11340);
#11340 = AXIS2_PLACEMENT_3D('',#11341,#11342,#11343);
#11341 = CARTESIAN_POINT('',(103.,-8.,22.));
#11342 = DIRECTION('',(0.,-1.,1.110223024625E-16));
#11343 = DIRECTION('',(1.,0.,0.));
#11344 = DEFINITIONAL_REPRESENTATION('',(#11345),#11349);
#11345 = LINE('',#11346,#11347);
#11346 = CARTESIAN_POINT('',(-0.5,-22.));
#11347 = VECTOR('',#11348,1.);
#11348 = DIRECTION('',(0.,1.));
#11349 = ( GEOMETRIC_REPRESENTATION_CONTEXT(2) 
PARAMETRIC_REPRESENTATION_CONTEXT() REPRESENTATION_CONTEXT('2D SPACE',''
  ) );
#11350 = ORIENTED_EDGE('',*,*,#11351,.F.);
#11351 = EDGE_CURVE('',#11224,#11324,#11352,.T.);
#11352 = SURFACE_CURVE('',#11353,(#11357,#11364),.PCURVE_S1.);
#11353 = LINE('',#11354,#11355);
#11354 = CARTESIAN_POINT('',(102.5,-8.,0.));
#11355 = VECTOR('',#11356,1.);
#11356 = DIRECTION('',(0.,0.,1.));
#11357 = PCURVE('',#2647,#11358);
#11358 = DEFINITIONAL_REPRESENTATION('',(#11359),#11363);
#11359 = LINE('',#11360,#11361);
#11360 = CARTESIAN_POINT('',(0.,0.));
#11361 = VECTOR('',#11362,1.);
#11362 = DIRECTION('',(0.,1.));
#11363 = ( GEOMETRIC_REPRESENTATION_CONTEXT(2) 
PARAMETRIC_REPRESENTATION_CONTEXT() REPRESENTATION_CONTEXT('2D SPACE',''
  ) );
#11364 = PCURVE('',#2618,#11365);
#11365 = DEFINITIONAL_REPRESENTATION('',(#11366),#11370);
#11366 = LINE('',#11367,#11368);
#11367 = CARTESIAN_POINT('',(0.,2.));
#11368 = VECTOR('',#11369,1.);
#11369 = DIRECTION('',(1.,0.));
#11370 = ( GEOMETRIC_REPRESENTATION_CONTEXT(2) 
PARAMETRIC_REPRESENTATION_CONTEXT() REPRESENTATION_CONTEXT('2D SPACE',''
  ) );
#11371 = ADVANCED_FACE('',(#11372),#2618,.F.);
#11372 = FACE_BOUND('',#11373,.F.);
#11373 = EDGE_LOOP('',(#11374,#11375,#11396,#11397,#11398,#11399,#11430,
    #11431));
#11374 = ORIENTED_EDGE('',*,*,#11351,.F.);
#11375 = ORIENTED_EDGE('',*,*,#11376,.F.);
#11376 = EDGE_CURVE('',#8929,#11224,#11377,.T.);
#11377 = SURFACE_CURVE('',#11378,(#11382,#11389),.PCURVE_S1.);
#11378 = LINE('',#11379,#11380);
#11379 = CARTESIAN_POINT('',(100.5,-8.,0.));
#11380 = VECTOR('',#11381,1.);
#11381 = DIRECTION('',(1.,0.,0.));
#11382 = PCURVE('',#2618,#11383);
#11383 = DEFINITIONAL_REPRESENTATION('',(#11384),#11388);
#11384 = LINE('',#11385,#11386);
#11385 = CARTESIAN_POINT('',(0.,0.));
#11386 = VECTOR('',#11387,1.);
#11387 = DIRECTION('',(0.,1.));
#11388 = ( GEOMETRIC_REPRESENTATION_CONTEXT(2) 
PARAMETRIC_REPRESENTATION_CONTEXT() REPRESENTATION_CONTEXT('2D SPACE',''
  ) );
#11389 = PCURVE('',#6334,#11390);
#11390 = DEFINITIONAL_REPRESENTATION('',(#11391),#11395);
#11391 = LINE('',#11392,#11393);
#11392 = CARTESIAN_POINT('',(0.,0.));
#11393 = VECTOR('',#11394,1.);
#11394 = DIRECTION('',(1.,0.));
#11395 = ( GEOMETRIC_REPRESENTATION_CONTEXT(2) 
PARAMETRIC_REPRESENTATION_CONTEXT() REPRESENTATION_CONTEXT('2D SPACE',''
  ) );
#11396 = ORIENTED_EDGE('',*,*,#8928,.T.);
#11397 = ORIENTED_EDGE('',*,*,#2602,.T.);
#11398 = ORIENTED_EDGE('',*,*,#11249,.F.);
#11399 = ORIENTED_EDGE('',*,*,#11400,.T.);
#11400 = EDGE_CURVE('',#11250,#11273,#11401,.T.);
#11401 = SURFACE_CURVE('',#11402,(#11407,#11418),.PCURVE_S1.);
#11402 = CIRCLE('',#11403,2.);
#11403 = AXIS2_PLACEMENT_3D('',#11404,#11405,#11406);
#11404 = CARTESIAN_POINT('',(103.,-8.,72.));
#11405 = DIRECTION('',(0.,-1.,1.110223024625E-16));
#11406 = DIRECTION('',(1.,0.,0.));
#11407 = PCURVE('',#2618,#11408);
#11408 = DEFINITIONAL_REPRESENTATION('',(#11409),#11417);
#11409 = ( BOUNDED_CURVE() B_SPLINE_CURVE(2,(#11410,#11411,#11412,#11413
    ,#11414,#11415,#11416),.UNSPECIFIED.,.T.,.F.) 
B_SPLINE_CURVE_WITH_KNOTS((1,2,2,2,2,1),(-2.094395102393,0.,
    2.094395102393,4.188790204786,6.28318530718,8.377580409573),
.UNSPECIFIED.) CURVE() GEOMETRIC_REPRESENTATION_ITEM() 
RATIONAL_B_SPLINE_CURVE((1.,0.5,1.,0.5,1.,0.5,1.)) REPRESENTATION_ITEM(
  '') );
#11410 = CARTESIAN_POINT('',(72.,4.5));
#11411 = CARTESIAN_POINT('',(75.464101615138,4.5));
#11412 = CARTESIAN_POINT('',(73.732050807569,1.5));
#11413 = CARTESIAN_POINT('',(72.,-1.5));
#11414 = CARTESIAN_POINT('',(70.267949192431,1.5));
#11415 = CARTESIAN_POINT('',(68.535898384862,4.5));
#11416 = CARTESIAN_POINT('',(72.,4.5));
#11417 = ( GEOMETRIC_REPRESENTATION_CONTEXT(2) 
PARAMETRIC_REPRESENTATION_CONTEXT() REPRESENTATION_CONTEXT('2D SPACE',''
  ) );
#11418 = PCURVE('',#11419,#11424);
#11419 = CYLINDRICAL_SURFACE('',#11420,2.);
#11420 = AXIS2_PLACEMENT_3D('',#11421,#11422,#11423);
#11421 = CARTESIAN_POINT('',(103.,-8.,72.));
#11422 = DIRECTION('',(0.,-1.,1.110223024625E-16));
#11423 = DIRECTION('',(1.,0.,0.));
#11424 = DEFINITIONAL_REPRESENTATION('',(#11425),#11429);
#11425 = LINE('',#11426,#11427);
#11426 = CARTESIAN_POINT('',(0.,0.));
#11427 = VECTOR('',#11428,1.);
#11428 = DIRECTION('',(1.,0.));
#11429 = ( GEOMETRIC_REPRESENTATION_CONTEXT(2) 
PARAMETRIC_REPRESENTATION_CONTEXT() REPRESENTATION_CONTEXT('2D SPACE',''
  ) );
#11430 = ORIENTED_EDGE('',*,*,#11300,.F.);
#11431 = ORIENTED_EDGE('',*,*,#11432,.T.);
#11432 = EDGE_CURVE('',#11301,#11324,#11433,.T.);
#11433 = SURFACE_CURVE('',#11434,(#11439,#11450),.PCURVE_S1.);
#11434 = CIRCLE('',#11435,2.);
#11435 = AXIS2_PLACEMENT_3D('',#11436,#11437,#11438);
#11436 = CARTESIAN_POINT('',(103.,-8.,22.));
#11437 = DIRECTION('',(0.,-1.,1.110223024625E-16));
#11438 = DIRECTION('',(1.,0.,0.));
#11439 = PCURVE('',#2618,#11440);
#11440 = DEFINITIONAL_REPRESENTATION('',(#11441),#11449);
#11441 = ( BOUNDED_CURVE() B_SPLINE_CURVE(2,(#11442,#11443,#11444,#11445
    ,#11446,#11447,#11448),.UNSPECIFIED.,.T.,.F.) 
B_SPLINE_CURVE_WITH_KNOTS((1,2,2,2,2,1),(-2.094395102393,0.,
    2.094395102393,4.188790204786,6.28318530718,8.377580409573),
.UNSPECIFIED.) CURVE() GEOMETRIC_REPRESENTATION_ITEM() 
RATIONAL_B_SPLINE_CURVE((1.,0.5,1.,0.5,1.,0.5,1.)) REPRESENTATION_ITEM(
  '') );
#11442 = CARTESIAN_POINT('',(22.,4.5));
#11443 = CARTESIAN_POINT('',(25.464101615138,4.5));
#11444 = CARTESIAN_POINT('',(23.732050807569,1.5));
#11445 = CARTESIAN_POINT('',(22.,-1.5));
#11446 = CARTESIAN_POINT('',(20.267949192431,1.5));
#11447 = CARTESIAN_POINT('',(18.535898384862,4.5));
#11448 = CARTESIAN_POINT('',(22.,4.5));
#11449 = ( GEOMETRIC_REPRESENTATION_CONTEXT(2) 
PARAMETRIC_REPRESENTATION_CONTEXT() REPRESENTATION_CONTEXT('2D SPACE',''
  ) );
#11450 = PCURVE('',#11451,#11456);
#11451 = CYLINDRICAL_SURFACE('',#11452,2.);
#11452 = AXIS2_PLACEMENT_3D('',#11453,#11454,#11455);
#11453 = CARTESIAN_POINT('',(103.,-8.,22.));
#11454 = DIRECTION('',(0.,-1.,1.110223024625E-16));
#11455 = DIRECTION('',(1.,0.,0.));
#11456 = DEFINITIONAL_REPRESENTATION('',(#11457),#11461);
#11457 = LINE('',#11458,#11459);
#11458 = CARTESIAN_POINT('',(0.,0.));
#11459 = VECTOR('',#11460,1.);
#11460 = DIRECTION('',(1.,0.));
#11461 = ( GEOMETRIC_REPRESENTATION_CONTEXT(2) 
PARAMETRIC_REPRESENTATION_CONTEXT() REPRESENTATION_CONTEXT('2D SPACE',''
  ) );
#11462 = ADVANCED_FACE('',(#11463),#2793,.F.);
#11463 = FACE_BOUND('',#11464,.F.);
#11464 = EDGE_LOOP('',(#11465,#11466,#11489,#11511));
#11465 = ORIENTED_EDGE('',*,*,#2776,.F.);
#11466 = ORIENTED_EDGE('',*,*,#11467,.F.);
#11467 = EDGE_CURVE('',#11468,#2777,#11470,.T.);
#11468 = VERTEX_POINT('',#11469);
#11469 = CARTESIAN_POINT('',(-43.3,37.,91.));
#11470 = SEAM_CURVE('',#11471,(#11475,#11482),.PCURVE_S1.);
#11471 = LINE('',#11472,#11473);
#11472 = CARTESIAN_POINT('',(-43.3,37.,71.));
#11473 = VECTOR('',#11474,1.);
#11474 = DIRECTION('',(0.,0.,1.));
#11475 = PCURVE('',#2793,#11476);
#11476 = DEFINITIONAL_REPRESENTATION('',(#11477),#11481);
#11477 = LINE('',#11478,#11479);
#11478 = CARTESIAN_POINT('',(6.28318530718,0.));
#11479 = VECTOR('',#11480,1.);
#11480 = DIRECTION('',(0.,1.));
#11481 = ( GEOMETRIC_REPRESENTATION_CONTEXT(2) 
PARAMETRIC_REPRESENTATION_CONTEXT() REPRESENTATION_CONTEXT('2D SPACE',''
  ) );
#11482 = PCURVE('',#2793,#11483);
#11483 = DEFINITIONAL_REPRESENTATION('',(#11484),#11488);
#11484 = LINE('',#11485,#11486);
#11485 = CARTESIAN_POINT('',(0.,0.));
#11486 = VECTOR('',#11487,1.);
#11487 = DIRECTION('',(0.,1.));
#11488 = ( GEOMETRIC_REPRESENTATION_CONTEXT(2) 
PARAMETRIC_REPRESENTATION_CONTEXT() REPRESENTATION_CONTEXT('2D SPACE',''
  ) );
#11489 = ORIENTED_EDGE('',*,*,#11490,.T.);
#11490 = EDGE_CURVE('',#11468,#11468,#11491,.T.);
#11491 = SURFACE_CURVE('',#11492,(#11497,#11504),.PCURVE_S1.);
#11492 = CIRCLE('',#11493,1.7);
#11493 = AXIS2_PLACEMENT_3D('',#11494,#11495,#11496);
#11494 = CARTESIAN_POINT('',(-45.,37.,91.));
#11495 = DIRECTION('',(0.,0.,1.));
#11496 = DIRECTION('',(1.,0.,0.));
#11497 = PCURVE('',#2793,#11498);
#11498 = DEFINITIONAL_REPRESENTATION('',(#11499),#11503);
#11499 = LINE('',#11500,#11501);
#11500 = CARTESIAN_POINT('',(0.,20.));
#11501 = VECTOR('',#11502,1.);
#11502 = DIRECTION('',(1.,0.));
#11503 = ( GEOMETRIC_REPRESENTATION_CONTEXT(2) 
PARAMETRIC_REPRESENTATION_CONTEXT() REPRESENTATION_CONTEXT('2D SPACE',''
  ) );
#11504 = PCURVE('',#6385,#11505);
#11505 = DEFINITIONAL_REPRESENTATION('',(#11506),#11510);
#11506 = CIRCLE('',#11507,1.7);
#11507 = AXIS2_PLACEMENT_2D('',#11508,#11509);
#11508 = CARTESIAN_POINT('',(60.5,12.));
#11509 = DIRECTION('',(1.,0.));
#11510 = ( GEOMETRIC_REPRESENTATION_CONTEXT(2) 
PARAMETRIC_REPRESENTATION_CONTEXT() REPRESENTATION_CONTEXT('2D SPACE',''
  ) );
#11511 = ORIENTED_EDGE('',*,*,#11467,.T.);
#11512 = ADVANCED_FACE('',(#11513),#2824,.F.);
#11513 = FACE_BOUND('',#11514,.F.);
#11514 = EDGE_LOOP('',(#11515,#11516,#11539,#11561));
#11515 = ORIENTED_EDGE('',*,*,#2807,.F.);
#11516 = ORIENTED_EDGE('',*,*,#11517,.F.);
#11517 = EDGE_CURVE('',#11518,#2808,#11520,.T.);
#11518 = VERTEX_POINT('',#11519);
#11519 = CARTESIAN_POINT('',(46.7,37.,91.));
#11520 = SEAM_CURVE('',#11521,(#11525,#11532),.PCURVE_S1.);
#11521 = LINE('',#11522,#11523);
#11522 = CARTESIAN_POINT('',(46.7,37.,71.));
#11523 = VECTOR('',#11524,1.);
#11524 = DIRECTION('',(0.,0.,1.));
#11525 = PCURVE('',#2824,#11526);
#11526 = DEFINITIONAL_REPRESENTATION('',(#11527),#11531);
#11527 = LINE('',#11528,#11529);
#11528 = CARTESIAN_POINT('',(6.28318530718,0.));
#11529 = VECTOR('',#11530,1.);
#11530 = DIRECTION('',(0.,1.));
#11531 = ( GEOMETRIC_REPRESENTATION_CONTEXT(2) 
PARAMETRIC_REPRESENTATION_CONTEXT() REPRESENTATION_CONTEXT('2D SPACE',''
  ) );
#11532 = PCURVE('',#2824,#11533);
#11533 = DEFINITIONAL_REPRESENTATION('',(#11534),#11538);
#11534 = LINE('',#11535,#11536);
#11535 = CARTESIAN_POINT('',(0.,0.));
#11536 = VECTOR('',#11537,1.);
#11537 = DIRECTION('',(0.,1.));
#11538 = ( GEOMETRIC_REPRESENTATION_CONTEXT(2) 
PARAMETRIC_REPRESENTATION_CONTEXT() REPRESENTATION_CONTEXT('2D SPACE',''
  ) );
#11539 = ORIENTED_EDGE('',*,*,#11540,.T.);
#11540 = EDGE_CURVE('',#11518,#11518,#11541,.T.);
#11541 = SURFACE_CURVE('',#11542,(#11547,#11554),.PCURVE_S1.);
#11542 = CIRCLE('',#11543,1.7);
#11543 = AXIS2_PLACEMENT_3D('',#11544,#11545,#11546);
#11544 = CARTESIAN_POINT('',(45.,37.,91.));
#11545 = DIRECTION('',(0.,0.,1.));
#11546 = DIRECTION('',(1.,0.,0.));
#11547 = PCURVE('',#2824,#11548);
#11548 = DEFINITIONAL_REPRESENTATION('',(#11549),#11553);
#11549 = LINE('',#11550,#11551);
#11550 = CARTESIAN_POINT('',(0.,20.));
#11551 = VECTOR('',#11552,1.);
#11552 = DIRECTION('',(1.,0.));
#11553 = ( GEOMETRIC_REPRESENTATION_CONTEXT(2) 
PARAMETRIC_REPRESENTATION_CONTEXT() REPRESENTATION_CONTEXT('2D SPACE',''
  ) );
#11554 = PCURVE('',#6385,#11555);
#11555 = DEFINITIONAL_REPRESENTATION('',(#11556),#11560);
#11556 = CIRCLE('',#11557,1.7);
#11557 = AXIS2_PLACEMENT_2D('',#11558,#11559);
#11558 = CARTESIAN_POINT('',(150.5,12.));
#11559 = DIRECTION('',(1.,0.));
#11560 = ( GEOMETRIC_REPRESENTATION_CONTEXT(2) 
PARAMETRIC_REPRESENTATION_CONTEXT() REPRESENTATION_CONTEXT('2D SPACE',''
  ) );
#11561 = ORIENTED_EDGE('',*,*,#11517,.T.);
#11562 = ADVANCED_FACE('',(#11563),#2855,.F.);
#11563 = FACE_BOUND('',#11564,.F.);
#11564 = EDGE_LOOP('',(#11565,#11588,#11609,#11610));
#11565 = ORIENTED_EDGE('',*,*,#11566,.T.);
#11566 = EDGE_CURVE('',#11567,#11569,#11571,.T.);
#11567 = VERTEX_POINT('',#11568);
#11568 = CARTESIAN_POINT('',(-92.5,86.,91.));
#11569 = VERTEX_POINT('',#11570);
#11570 = CARTESIAN_POINT('',(-92.5,39.,91.));
#11571 = SURFACE_CURVE('',#11572,(#11576,#11582),.PCURVE_S1.);
#11572 = LINE('',#11573,#11574);
#11573 = CARTESIAN_POINT('',(-92.5,32.,91.));
#11574 = VECTOR('',#11575,1.);
#11575 = DIRECTION('',(0.,-1.,0.));
#11576 = PCURVE('',#2855,#11577);
#11577 = DEFINITIONAL_REPRESENTATION('',(#11578),#11581);
#11578 = B_SPLINE_CURVE_WITH_KNOTS('',1,(#11579,#11580),.UNSPECIFIED.,
  .F.,.F.,(2,2),(-54.,-7.),.PIECEWISE_BEZIER_KNOTS.);
#11579 = CARTESIAN_POINT('',(47.,-1.));
#11580 = CARTESIAN_POINT('',(0.,-1.));
#11581 = ( GEOMETRIC_REPRESENTATION_CONTEXT(2) 
PARAMETRIC_REPRESENTATION_CONTEXT() REPRESENTATION_CONTEXT('2D SPACE',''
  ) );
#11582 = PCURVE('',#6385,#11583);
#11583 = DEFINITIONAL_REPRESENTATION('',(#11584),#11587);
#11584 = B_SPLINE_CURVE_WITH_KNOTS('',1,(#11585,#11586),.UNSPECIFIED.,
  .F.,.F.,(2,2),(-54.,-7.),.PIECEWISE_BEZIER_KNOTS.);
#11585 = CARTESIAN_POINT('',(13.,61.));
#11586 = CARTESIAN_POINT('',(13.,14.));
#11587 = ( GEOMETRIC_REPRESENTATION_CONTEXT(2) 
PARAMETRIC_REPRESENTATION_CONTEXT() REPRESENTATION_CONTEXT('2D SPACE',''
  ) );
#11588 = ORIENTED_EDGE('',*,*,#11589,.T.);
#11589 = EDGE_CURVE('',#11569,#2841,#11590,.T.);
#11590 = SURFACE_CURVE('',#11591,(#11595,#11602),.PCURVE_S1.);
#11591 = LINE('',#11592,#11593);
#11592 = CARTESIAN_POINT('',(-92.5,39.,90.));
#11593 = VECTOR('',#11594,1.);
#11594 = DIRECTION('',(0.,0.,1.));
#11595 = PCURVE('',#2855,#11596);
#11596 = DEFINITIONAL_REPRESENTATION('',(#11597),#11601);
#11597 = LINE('',#11598,#11599);
#11598 = CARTESIAN_POINT('',(0.,0.));
#11599 = VECTOR('',#11600,1.);
#11600 = DIRECTION('',(0.,-1.));
#11601 = ( GEOMETRIC_REPRESENTATION_CONTEXT(2) 
PARAMETRIC_REPRESENTATION_CONTEXT() REPRESENTATION_CONTEXT('2D SPACE',''
  ) );
#11602 = PCURVE('',#3062,#11603);
#11603 = DEFINITIONAL_REPRESENTATION('',(#11604),#11608);
#11604 = LINE('',#11605,#11606);
#11605 = CARTESIAN_POINT('',(6.28318530718,0.));
#11606 = VECTOR('',#11607,1.);
#11607 = DIRECTION('',(0.,-1.));
#11608 = ( GEOMETRIC_REPRESENTATION_CONTEXT(2) 
PARAMETRIC_REPRESENTATION_CONTEXT() REPRESENTATION_CONTEXT('2D SPACE',''
  ) );
#11609 = ORIENTED_EDGE('',*,*,#2838,.F.);
#11610 = ORIENTED_EDGE('',*,*,#11611,.F.);
#11611 = EDGE_CURVE('',#11567,#2839,#11612,.T.);
#11612 = SURFACE_CURVE('',#11613,(#11617,#11624),.PCURVE_S1.);
#11613 = LINE('',#11614,#11615);
#11614 = CARTESIAN_POINT('',(-92.5,86.,90.));
#11615 = VECTOR('',#11616,1.);
#11616 = DIRECTION('',(0.,0.,1.));
#11617 = PCURVE('',#2855,#11618);
#11618 = DEFINITIONAL_REPRESENTATION('',(#11619),#11623);
#11619 = LINE('',#11620,#11621);
#11620 = CARTESIAN_POINT('',(47.,0.));
#11621 = VECTOR('',#11622,1.);
#11622 = DIRECTION('',(0.,-1.));
#11623 = ( GEOMETRIC_REPRESENTATION_CONTEXT(2) 
PARAMETRIC_REPRESENTATION_CONTEXT() REPRESENTATION_CONTEXT('2D SPACE',''
  ) );
#11624 = PCURVE('',#2887,#11625);
#11625 = DEFINITIONAL_REPRESENTATION('',(#11626),#11630);
#11626 = LINE('',#11627,#11628);
#11627 = CARTESIAN_POINT('',(0.,0.));
#11628 = VECTOR('',#11629,1.);
#11629 = DIRECTION('',(0.,-1.));
#11630 = ( GEOMETRIC_REPRESENTATION_CONTEXT(2) 
PARAMETRIC_REPRESENTATION_CONTEXT() REPRESENTATION_CONTEXT('2D SPACE',''
  ) );
#11631 = ADVANCED_FACE('',(#11632),#2887,.F.);
#11632 = FACE_BOUND('',#11633,.F.);
#11633 = EDGE_LOOP('',(#11634,#11662,#11663,#11664));
#11634 = ORIENTED_EDGE('',*,*,#11635,.F.);
#11635 = EDGE_CURVE('',#11567,#11636,#11638,.T.);
#11636 = VERTEX_POINT('',#11637);
#11637 = CARTESIAN_POINT('',(-86.5,92.,91.));
#11638 = SURFACE_CURVE('',#11639,(#11644,#11651),.PCURVE_S1.);
#11639 = CIRCLE('',#11640,6.);
#11640 = AXIS2_PLACEMENT_3D('',#11641,#11642,#11643);
#11641 = CARTESIAN_POINT('',(-86.5,86.,91.));
#11642 = DIRECTION('',(0.,0.,-1.));
#11643 = DIRECTION('',(-1.,0.,0.));
#11644 = PCURVE('',#2887,#11645);
#11645 = DEFINITIONAL_REPRESENTATION('',(#11646),#11650);
#11646 = LINE('',#11647,#11648);
#11647 = CARTESIAN_POINT('',(0.,-1.));
#11648 = VECTOR('',#11649,1.);
#11649 = DIRECTION('',(1.,0.));
#11650 = ( GEOMETRIC_REPRESENTATION_CONTEXT(2) 
PARAMETRIC_REPRESENTATION_CONTEXT() REPRESENTATION_CONTEXT('2D SPACE',''
  ) );
#11651 = PCURVE('',#6385,#11652);
#11652 = DEFINITIONAL_REPRESENTATION('',(#11653),#11661);
#11653 = ( BOUNDED_CURVE() B_SPLINE_CURVE(2,(#11654,#11655,#11656,#11657
    ,#11658,#11659,#11660),.UNSPECIFIED.,.T.,.F.) 
B_SPLINE_CURVE_WITH_KNOTS((1,2,2,2,2,1),(-2.094395102393,0.,
    2.094395102393,4.188790204786,6.28318530718,8.377580409573),
.UNSPECIFIED.) CURVE() GEOMETRIC_REPRESENTATION_ITEM() 
RATIONAL_B_SPLINE_CURVE((1.,0.5,1.,0.5,1.,0.5,1.)) REPRESENTATION_ITEM(
  '') );
#11654 = CARTESIAN_POINT('',(13.,61.));
#11655 = CARTESIAN_POINT('',(13.,71.392304845413));
#11656 = CARTESIAN_POINT('',(22.,66.196152422707));
#11657 = CARTESIAN_POINT('',(31.,61.));
#11658 = CARTESIAN_POINT('',(22.,55.803847577293));
#11659 = CARTESIAN_POINT('',(13.,50.607695154587));
#11660 = CARTESIAN_POINT('',(13.,61.));
#11661 = ( GEOMETRIC_REPRESENTATION_CONTEXT(2) 
PARAMETRIC_REPRESENTATION_CONTEXT() REPRESENTATION_CONTEXT('2D SPACE',''
  ) );
#11662 = ORIENTED_EDGE('',*,*,#11611,.T.);
#11663 = ORIENTED_EDGE('',*,*,#2866,.T.);
#11664 = ORIENTED_EDGE('',*,*,#11665,.F.);
#11665 = EDGE_CURVE('',#11636,#2867,#11666,.T.);
#11666 = SURFACE_CURVE('',#11667,(#11671,#11678),.PCURVE_S1.);
#11667 = LINE('',#11668,#11669);
#11668 = CARTESIAN_POINT('',(-86.5,92.,90.));
#11669 = VECTOR('',#11670,1.);
#11670 = DIRECTION('',(0.,0.,1.));
#11671 = PCURVE('',#2887,#11672);
#11672 = DEFINITIONAL_REPRESENTATION('',(#11673),#11677);
#11673 = LINE('',#11674,#11675);
#11674 = CARTESIAN_POINT('',(1.570796326795,0.));
#11675 = VECTOR('',#11676,1.);
#11676 = DIRECTION('',(0.,-1.));
#11677 = ( GEOMETRIC_REPRESENTATION_CONTEXT(2) 
PARAMETRIC_REPRESENTATION_CONTEXT() REPRESENTATION_CONTEXT('2D SPACE',''
  ) );
#11678 = PCURVE('',#2914,#11679);
#11679 = DEFINITIONAL_REPRESENTATION('',(#11680),#11684);
#11680 = LINE('',#11681,#11682);
#11681 = CARTESIAN_POINT('',(0.,0.));
#11682 = VECTOR('',#11683,1.);
#11683 = DIRECTION('',(0.,-1.));
#11684 = ( GEOMETRIC_REPRESENTATION_CONTEXT(2) 
PARAMETRIC_REPRESENTATION_CONTEXT() REPRESENTATION_CONTEXT('2D SPACE',''
  ) );
#11685 = ADVANCED_FACE('',(#11686),#3062,.F.);
#11686 = FACE_BOUND('',#11687,.F.);
#11687 = EDGE_LOOP('',(#11688,#11716,#11737,#11738));
#11688 = ORIENTED_EDGE('',*,*,#11689,.F.);
#11689 = EDGE_CURVE('',#11690,#11569,#11692,.T.);
#11690 = VERTEX_POINT('',#11691);
#11691 = CARTESIAN_POINT('',(-86.5,33.,91.));
#11692 = SURFACE_CURVE('',#11693,(#11698,#11705),.PCURVE_S1.);
#11693 = CIRCLE('',#11694,6.);
#11694 = AXIS2_PLACEMENT_3D('',#11695,#11696,#11697);
#11695 = CARTESIAN_POINT('',(-86.5,39.,91.));
#11696 = DIRECTION('',(0.,0.,-1.));
#11697 = DIRECTION('',(-1.,0.,0.));
#11698 = PCURVE('',#3062,#11699);
#11699 = DEFINITIONAL_REPRESENTATION('',(#11700),#11704);
#11700 = LINE('',#11701,#11702);
#11701 = CARTESIAN_POINT('',(0.,-1.));
#11702 = VECTOR('',#11703,1.);
#11703 = DIRECTION('',(1.,0.));
#11704 = ( GEOMETRIC_REPRESENTATION_CONTEXT(2) 
PARAMETRIC_REPRESENTATION_CONTEXT() REPRESENTATION_CONTEXT('2D SPACE',''
  ) );
#11705 = PCURVE('',#6385,#11706);
#11706 = DEFINITIONAL_REPRESENTATION('',(#11707),#11715);
#11707 = ( BOUNDED_CURVE() B_SPLINE_CURVE(2,(#11708,#11709,#11710,#11711
    ,#11712,#11713,#11714),.UNSPECIFIED.,.T.,.F.) 
B_SPLINE_CURVE_WITH_KNOTS((1,2,2,2,2,1),(-2.094395102393,0.,
    2.094395102393,4.188790204786,6.28318530718,8.377580409573),
.UNSPECIFIED.) CURVE() GEOMETRIC_REPRESENTATION_ITEM() 
RATIONAL_B_SPLINE_CURVE((1.,0.5,1.,0.5,1.,0.5,1.)) REPRESENTATION_ITEM(
  '') );
#11708 = CARTESIAN_POINT('',(13.,14.));
#11709 = CARTESIAN_POINT('',(13.,24.392304845413));
#11710 = CARTESIAN_POINT('',(22.,19.196152422707));
#11711 = CARTESIAN_POINT('',(31.,14.));
#11712 = CARTESIAN_POINT('',(22.,8.803847577293));
#11713 = CARTESIAN_POINT('',(13.,3.607695154587));
#11714 = CARTESIAN_POINT('',(13.,14.));
#11715 = ( GEOMETRIC_REPRESENTATION_CONTEXT(2) 
PARAMETRIC_REPRESENTATION_CONTEXT() REPRESENTATION_CONTEXT('2D SPACE',''
  ) );
#11716 = ORIENTED_EDGE('',*,*,#11717,.T.);
#11717 = EDGE_CURVE('',#11690,#3018,#11718,.T.);
#11718 = SURFACE_CURVE('',#11719,(#11723,#11730),.PCURVE_S1.);
#11719 = LINE('',#11720,#11721);
#11720 = CARTESIAN_POINT('',(-86.5,33.,90.));
#11721 = VECTOR('',#11722,1.);
#11722 = DIRECTION('',(0.,0.,1.));
#11723 = PCURVE('',#3062,#11724);
#11724 = DEFINITIONAL_REPRESENTATION('',(#11725),#11729);
#11725 = LINE('',#11726,#11727);
#11726 = CARTESIAN_POINT('',(4.712388980385,0.));
#11727 = VECTOR('',#11728,1.);
#11728 = DIRECTION('',(0.,-1.));
#11729 = ( GEOMETRIC_REPRESENTATION_CONTEXT(2) 
PARAMETRIC_REPRESENTATION_CONTEXT() REPRESENTATION_CONTEXT('2D SPACE',''
  ) );
#11730 = PCURVE('',#3032,#11731);
#11731 = DEFINITIONAL_REPRESENTATION('',(#11732),#11736);
#11732 = LINE('',#11733,#11734);
#11733 = CARTESIAN_POINT('',(0.,0.));
#11734 = VECTOR('',#11735,1.);
#11735 = DIRECTION('',(0.,-1.));
#11736 = ( GEOMETRIC_REPRESENTATION_CONTEXT(2) 
PARAMETRIC_REPRESENTATION_CONTEXT() REPRESENTATION_CONTEXT('2D SPACE',''
  ) );
#11737 = ORIENTED_EDGE('',*,*,#3043,.T.);
#11738 = ORIENTED_EDGE('',*,*,#11589,.F.);
#11739 = ADVANCED_FACE('',(#11740),#2914,.F.);
#11740 = FACE_BOUND('',#11741,.F.);
#11741 = EDGE_LOOP('',(#11742,#11763,#11764,#11765));
#11742 = ORIENTED_EDGE('',*,*,#11743,.T.);
#11743 = EDGE_CURVE('',#11744,#11636,#11746,.T.);
#11744 = VERTEX_POINT('',#11745);
#11745 = CARTESIAN_POINT('',(-60.00000000117,92.,91.));
#11746 = SURFACE_CURVE('',#11747,(#11751,#11757),.PCURVE_S1.);
#11747 = LINE('',#11748,#11749);
#11748 = CARTESIAN_POINT('',(-96.,92.,91.));
#11749 = VECTOR('',#11750,1.);
#11750 = DIRECTION('',(-1.,0.,0.));
#11751 = PCURVE('',#2914,#11752);
#11752 = DEFINITIONAL_REPRESENTATION('',(#11753),#11756);
#11753 = B_SPLINE_CURVE_WITH_KNOTS('',1,(#11754,#11755),.UNSPECIFIED.,
  .F.,.F.,(2,2),(-35.99999999882,-9.5),.PIECEWISE_BEZIER_KNOTS.);
#11754 = CARTESIAN_POINT('',(26.499999998824,-1.));
#11755 = CARTESIAN_POINT('',(-3.552713678801E-15,-1.));
#11756 = ( GEOMETRIC_REPRESENTATION_CONTEXT(2) 
PARAMETRIC_REPRESENTATION_CONTEXT() REPRESENTATION_CONTEXT('2D SPACE',''
  ) );
#11757 = PCURVE('',#6385,#11758);
#11758 = DEFINITIONAL_REPRESENTATION('',(#11759),#11762);
#11759 = B_SPLINE_CURVE_WITH_KNOTS('',1,(#11760,#11761),.UNSPECIFIED.,
  .F.,.F.,(2,2),(-35.99999999882,-9.5),.PIECEWISE_BEZIER_KNOTS.);
#11760 = CARTESIAN_POINT('',(45.499999998824,67.));
#11761 = CARTESIAN_POINT('',(19.,67.));
#11762 = ( GEOMETRIC_REPRESENTATION_CONTEXT(2) 
PARAMETRIC_REPRESENTATION_CONTEXT() REPRESENTATION_CONTEXT('2D SPACE',''
  ) );
#11763 = ORIENTED_EDGE('',*,*,#11665,.T.);
#11764 = ORIENTED_EDGE('',*,*,#2899,.F.);
#11765 = ORIENTED_EDGE('',*,*,#11766,.F.);
#11766 = EDGE_CURVE('',#11744,#2900,#11767,.T.);
#11767 = SURFACE_CURVE('',#11768,(#11772,#11779),.PCURVE_S1.);
#11768 = LINE('',#11769,#11770);
#11769 = CARTESIAN_POINT('',(-60.00000000117,92.,90.));
#11770 = VECTOR('',#11771,1.);
#11771 = DIRECTION('',(0.,0.,1.));
#11772 = PCURVE('',#2914,#11773);
#11773 = DEFINITIONAL_REPRESENTATION('',(#11774),#11778);
#11774 = LINE('',#11775,#11776);
#11775 = CARTESIAN_POINT('',(26.499999998824,0.));
#11776 = VECTOR('',#11777,1.);
#11777 = DIRECTION('',(0.,-1.));
#11778 = ( GEOMETRIC_REPRESENTATION_CONTEXT(2) 
PARAMETRIC_REPRESENTATION_CONTEXT() REPRESENTATION_CONTEXT('2D SPACE',''
  ) );
#11779 = PCURVE('',#2946,#11780);
#11780 = DEFINITIONAL_REPRESENTATION('',(#11781),#11785);
#11781 = LINE('',#11782,#11783);
#11782 = CARTESIAN_POINT('',(1.570796326795,0.));
#11783 = VECTOR('',#11784,1.);
#11784 = DIRECTION('',(0.,-1.));
#11785 = ( GEOMETRIC_REPRESENTATION_CONTEXT(2) 
PARAMETRIC_REPRESENTATION_CONTEXT() REPRESENTATION_CONTEXT('2D SPACE',''
  ) );
#11786 = ADVANCED_FACE('',(#11787),#3032,.T.);
#11787 = FACE_BOUND('',#11788,.T.);
#11788 = EDGE_LOOP('',(#11789,#11810,#11811,#11812));
#11789 = ORIENTED_EDGE('',*,*,#11790,.T.);
#11790 = EDGE_CURVE('',#11791,#11690,#11793,.T.);
#11791 = VERTEX_POINT('',#11792);
#11792 = CARTESIAN_POINT('',(-60.00000000117,33.,91.));
#11793 = SURFACE_CURVE('',#11794,(#11798,#11804),.PCURVE_S1.);
#11794 = LINE('',#11795,#11796);
#11795 = CARTESIAN_POINT('',(-96.,33.,91.));
#11796 = VECTOR('',#11797,1.);
#11797 = DIRECTION('',(-1.,0.,0.));
#11798 = PCURVE('',#3032,#11799);
#11799 = DEFINITIONAL_REPRESENTATION('',(#11800),#11803);
#11800 = B_SPLINE_CURVE_WITH_KNOTS('',1,(#11801,#11802),.UNSPECIFIED.,
  .F.,.F.,(2,2),(-35.99999999882,-9.5),.PIECEWISE_BEZIER_KNOTS.);
#11801 = CARTESIAN_POINT('',(26.499999998824,-1.));
#11802 = CARTESIAN_POINT('',(-3.552713678801E-15,-1.));
#11803 = ( GEOMETRIC_REPRESENTATION_CONTEXT(2) 
PARAMETRIC_REPRESENTATION_CONTEXT() REPRESENTATION_CONTEXT('2D SPACE',''
  ) );
#11804 = PCURVE('',#6385,#11805);
#11805 = DEFINITIONAL_REPRESENTATION('',(#11806),#11809);
#11806 = B_SPLINE_CURVE_WITH_KNOTS('',1,(#11807,#11808),.UNSPECIFIED.,
  .F.,.F.,(2,2),(-35.99999999882,-9.5),.PIECEWISE_BEZIER_KNOTS.);
#11807 = CARTESIAN_POINT('',(45.499999998824,8.));
#11808 = CARTESIAN_POINT('',(19.,8.));
#11809 = ( GEOMETRIC_REPRESENTATION_CONTEXT(2) 
PARAMETRIC_REPRESENTATION_CONTEXT() REPRESENTATION_CONTEXT('2D SPACE',''
  ) );
#11810 = ORIENTED_EDGE('',*,*,#11717,.T.);
#11811 = ORIENTED_EDGE('',*,*,#3017,.F.);
#11812 = ORIENTED_EDGE('',*,*,#11813,.F.);
#11813 = EDGE_CURVE('',#11791,#2985,#11814,.T.);
#11814 = SURFACE_CURVE('',#11815,(#11819,#11826),.PCURVE_S1.);
#11815 = LINE('',#11816,#11817);
#11816 = CARTESIAN_POINT('',(-60.00000000117,33.,90.));
#11817 = VECTOR('',#11818,1.);
#11818 = DIRECTION('',(0.,0.,1.));
#11819 = PCURVE('',#3032,#11820);
#11820 = DEFINITIONAL_REPRESENTATION('',(#11821),#11825);
#11821 = LINE('',#11822,#11823);
#11822 = CARTESIAN_POINT('',(26.499999998824,0.));
#11823 = VECTOR('',#11824,1.);
#11824 = DIRECTION('',(0.,-1.));
#11825 = ( GEOMETRIC_REPRESENTATION_CONTEXT(2) 
PARAMETRIC_REPRESENTATION_CONTEXT() REPRESENTATION_CONTEXT('2D SPACE',''
  ) );
#11826 = PCURVE('',#3005,#11827);
#11827 = DEFINITIONAL_REPRESENTATION('',(#11828),#11832);
#11828 = LINE('',#11829,#11830);
#11829 = CARTESIAN_POINT('',(4.712388980385,0.));
#11830 = VECTOR('',#11831,1.);
#11831 = DIRECTION('',(0.,-1.));
#11832 = ( GEOMETRIC_REPRESENTATION_CONTEXT(2) 
PARAMETRIC_REPRESENTATION_CONTEXT() REPRESENTATION_CONTEXT('2D SPACE',''
  ) );
#11833 = ADVANCED_FACE('',(#11834),#2946,.F.);
#11834 = FACE_BOUND('',#11835,.F.);
#11835 = EDGE_LOOP('',(#11836,#11864,#11865,#11866));
#11836 = ORIENTED_EDGE('',*,*,#11837,.F.);
#11837 = EDGE_CURVE('',#11744,#11838,#11840,.T.);
#11838 = VERTEX_POINT('',#11839);
#11839 = CARTESIAN_POINT('',(-54.00000000058,86.,91.));
#11840 = SURFACE_CURVE('',#11841,(#11846,#11853),.PCURVE_S1.);
#11841 = CIRCLE('',#11842,6.);
#11842 = AXIS2_PLACEMENT_3D('',#11843,#11844,#11845);
#11843 = CARTESIAN_POINT('',(-60.00000000117,86.,91.));
#11844 = DIRECTION('',(0.,0.,-1.));
#11845 = DIRECTION('',(-1.,0.,0.));
#11846 = PCURVE('',#2946,#11847);
#11847 = DEFINITIONAL_REPRESENTATION('',(#11848),#11852);
#11848 = LINE('',#11849,#11850);
#11849 = CARTESIAN_POINT('',(0.,-1.));
#11850 = VECTOR('',#11851,1.);
#11851 = DIRECTION('',(1.,0.));
#11852 = ( GEOMETRIC_REPRESENTATION_CONTEXT(2) 
PARAMETRIC_REPRESENTATION_CONTEXT() REPRESENTATION_CONTEXT('2D SPACE',''
  ) );
#11853 = PCURVE('',#6385,#11854);
#11854 = DEFINITIONAL_REPRESENTATION('',(#11855),#11863);
#11855 = ( BOUNDED_CURVE() B_SPLINE_CURVE(2,(#11856,#11857,#11858,#11859
    ,#11860,#11861,#11862),.UNSPECIFIED.,.T.,.F.) 
B_SPLINE_CURVE_WITH_KNOTS((1,2,2,2,2,1),(-2.094395102393,0.,
    2.094395102393,4.188790204786,6.28318530718,8.377580409573),
.UNSPECIFIED.) CURVE() GEOMETRIC_REPRESENTATION_ITEM() 
RATIONAL_B_SPLINE_CURVE((1.,0.5,1.,0.5,1.,0.5,1.)) REPRESENTATION_ITEM(
  '') );
#11856 = CARTESIAN_POINT('',(39.499999998824,61.));
#11857 = CARTESIAN_POINT('',(39.499999998824,71.392304845413));
#11858 = CARTESIAN_POINT('',(48.499999998824,66.196152422707));
#11859 = CARTESIAN_POINT('',(57.499999998824,61.));
#11860 = CARTESIAN_POINT('',(48.499999998824,55.803847577293));
#11861 = CARTESIAN_POINT('',(39.499999998824,50.607695154587));
#11862 = CARTESIAN_POINT('',(39.499999998824,61.));
#11863 = ( GEOMETRIC_REPRESENTATION_CONTEXT(2) 
PARAMETRIC_REPRESENTATION_CONTEXT() REPRESENTATION_CONTEXT('2D SPACE',''
  ) );
#11864 = ORIENTED_EDGE('',*,*,#11766,.T.);
#11865 = ORIENTED_EDGE('',*,*,#2925,.T.);
#11866 = ORIENTED_EDGE('',*,*,#11867,.F.);
#11867 = EDGE_CURVE('',#11838,#2926,#11868,.T.);
#11868 = SURFACE_CURVE('',#11869,(#11873,#11880),.PCURVE_S1.);
#11869 = LINE('',#11870,#11871);
#11870 = CARTESIAN_POINT('',(-54.00000000058,86.,90.));
#11871 = VECTOR('',#11872,1.);
#11872 = DIRECTION('',(0.,0.,1.));
#11873 = PCURVE('',#2946,#11874);
#11874 = DEFINITIONAL_REPRESENTATION('',(#11875),#11879);
#11875 = LINE('',#11876,#11877);
#11876 = CARTESIAN_POINT('',(3.14159265359,0.));
#11877 = VECTOR('',#11878,1.);
#11878 = DIRECTION('',(0.,-1.));
#11879 = ( GEOMETRIC_REPRESENTATION_CONTEXT(2) 
PARAMETRIC_REPRESENTATION_CONTEXT() REPRESENTATION_CONTEXT('2D SPACE',''
  ) );
#11880 = PCURVE('',#2973,#11881);
#11881 = DEFINITIONAL_REPRESENTATION('',(#11882),#11886);
#11882 = LINE('',#11883,#11884);
#11883 = CARTESIAN_POINT('',(47.,0.));
#11884 = VECTOR('',#11885,1.);
#11885 = DIRECTION('',(0.,-1.));
#11886 = ( GEOMETRIC_REPRESENTATION_CONTEXT(2) 
PARAMETRIC_REPRESENTATION_CONTEXT() REPRESENTATION_CONTEXT('2D SPACE',''
  ) );
#11887 = ADVANCED_FACE('',(#11888),#3005,.F.);
#11888 = FACE_BOUND('',#11889,.F.);
#11889 = EDGE_LOOP('',(#11890,#11918,#11939,#11940));
#11890 = ORIENTED_EDGE('',*,*,#11891,.F.);
#11891 = EDGE_CURVE('',#11892,#11791,#11894,.T.);
#11892 = VERTEX_POINT('',#11893);
#11893 = CARTESIAN_POINT('',(-54.00000000058,39.,91.));
#11894 = SURFACE_CURVE('',#11895,(#11900,#11907),.PCURVE_S1.);
#11895 = CIRCLE('',#11896,6.);
#11896 = AXIS2_PLACEMENT_3D('',#11897,#11898,#11899);
#11897 = CARTESIAN_POINT('',(-60.00000000117,39.,91.));
#11898 = DIRECTION('',(0.,0.,-1.));
#11899 = DIRECTION('',(-1.,0.,0.));
#11900 = PCURVE('',#3005,#11901);
#11901 = DEFINITIONAL_REPRESENTATION('',(#11902),#11906);
#11902 = LINE('',#11903,#11904);
#11903 = CARTESIAN_POINT('',(0.,-1.));
#11904 = VECTOR('',#11905,1.);
#11905 = DIRECTION('',(1.,0.));
#11906 = ( GEOMETRIC_REPRESENTATION_CONTEXT(2) 
PARAMETRIC_REPRESENTATION_CONTEXT() REPRESENTATION_CONTEXT('2D SPACE',''
  ) );
#11907 = PCURVE('',#6385,#11908);
#11908 = DEFINITIONAL_REPRESENTATION('',(#11909),#11917);
#11909 = ( BOUNDED_CURVE() B_SPLINE_CURVE(2,(#11910,#11911,#11912,#11913
    ,#11914,#11915,#11916),.UNSPECIFIED.,.T.,.F.) 
B_SPLINE_CURVE_WITH_KNOTS((1,2,2,2,2,1),(-2.094395102393,0.,
    2.094395102393,4.188790204786,6.28318530718,8.377580409573),
.UNSPECIFIED.) CURVE() GEOMETRIC_REPRESENTATION_ITEM() 
RATIONAL_B_SPLINE_CURVE((1.,0.5,1.,0.5,1.,0.5,1.)) REPRESENTATION_ITEM(
  '') );
#11910 = CARTESIAN_POINT('',(39.499999998824,14.));
#11911 = CARTESIAN_POINT('',(39.499999998824,24.392304845413));
#11912 = CARTESIAN_POINT('',(48.499999998824,19.196152422707));
#11913 = CARTESIAN_POINT('',(57.499999998824,14.));
#11914 = CARTESIAN_POINT('',(48.499999998824,8.803847577293));
#11915 = CARTESIAN_POINT('',(39.499999998824,3.607695154587));
#11916 = CARTESIAN_POINT('',(39.499999998824,14.));
#11917 = ( GEOMETRIC_REPRESENTATION_CONTEXT(2) 
PARAMETRIC_REPRESENTATION_CONTEXT() REPRESENTATION_CONTEXT('2D SPACE',''
  ) );
#11918 = ORIENTED_EDGE('',*,*,#11919,.T.);
#11919 = EDGE_CURVE('',#11892,#2959,#11920,.T.);
#11920 = SURFACE_CURVE('',#11921,(#11925,#11932),.PCURVE_S1.);
#11921 = LINE('',#11922,#11923);
#11922 = CARTESIAN_POINT('',(-54.00000000058,39.,90.));
#11923 = VECTOR('',#11924,1.);
#11924 = DIRECTION('',(0.,0.,1.));
#11925 = PCURVE('',#3005,#11926);
#11926 = DEFINITIONAL_REPRESENTATION('',(#11927),#11931);
#11927 = LINE('',#11928,#11929);
#11928 = CARTESIAN_POINT('',(3.14159265359,0.));
#11929 = VECTOR('',#11930,1.);
#11930 = DIRECTION('',(0.,-1.));
#11931 = ( GEOMETRIC_REPRESENTATION_CONTEXT(2) 
PARAMETRIC_REPRESENTATION_CONTEXT() REPRESENTATION_CONTEXT('2D SPACE',''
  ) );
#11932 = PCURVE('',#2973,#11933);
#11933 = DEFINITIONAL_REPRESENTATION('',(#11934),#11938);
#11934 = LINE('',#11935,#11936);
#11935 = CARTESIAN_POINT('',(0.,0.));
#11936 = VECTOR('',#11937,1.);
#11937 = DIRECTION('',(0.,-1.));
#11938 = ( GEOMETRIC_REPRESENTATION_CONTEXT(2) 
PARAMETRIC_REPRESENTATION_CONTEXT() REPRESENTATION_CONTEXT('2D SPACE',''
  ) );
#11939 = ORIENTED_EDGE('',*,*,#2984,.T.);
#11940 = ORIENTED_EDGE('',*,*,#11813,.F.);
#11941 = ADVANCED_FACE('',(#11942),#2973,.T.);
#11942 = FACE_BOUND('',#11943,.T.);
#11943 = EDGE_LOOP('',(#11944,#11963,#11964,#11965));
#11944 = ORIENTED_EDGE('',*,*,#11945,.T.);
#11945 = EDGE_CURVE('',#11838,#11892,#11946,.T.);
#11946 = SURFACE_CURVE('',#11947,(#11951,#11957),.PCURVE_S1.);
#11947 = LINE('',#11948,#11949);
#11948 = CARTESIAN_POINT('',(-54.,32.,91.));
#11949 = VECTOR('',#11950,1.);
#11950 = DIRECTION('',(0.,-1.,0.));
#11951 = PCURVE('',#2973,#11952);
#11952 = DEFINITIONAL_REPRESENTATION('',(#11953),#11956);
#11953 = B_SPLINE_CURVE_WITH_KNOTS('',1,(#11954,#11955),.UNSPECIFIED.,
  .F.,.F.,(2,2),(-54.,-7.),.PIECEWISE_BEZIER_KNOTS.);
#11954 = CARTESIAN_POINT('',(47.,-1.));
#11955 = CARTESIAN_POINT('',(0.,-1.));
#11956 = ( GEOMETRIC_REPRESENTATION_CONTEXT(2) 
PARAMETRIC_REPRESENTATION_CONTEXT() REPRESENTATION_CONTEXT('2D SPACE',''
  ) );
#11957 = PCURVE('',#6385,#11958);
#11958 = DEFINITIONAL_REPRESENTATION('',(#11959),#11962);
#11959 = B_SPLINE_CURVE_WITH_KNOTS('',1,(#11960,#11961),.UNSPECIFIED.,
  .F.,.F.,(2,2),(-54.,-7.),.PIECEWISE_BEZIER_KNOTS.);
#11960 = CARTESIAN_POINT('',(51.5,61.));
#11961 = CARTESIAN_POINT('',(51.5,14.));
#11962 = ( GEOMETRIC_REPRESENTATION_CONTEXT(2) 
PARAMETRIC_REPRESENTATION_CONTEXT() REPRESENTATION_CONTEXT('2D SPACE',''
  ) );
#11963 = ORIENTED_EDGE('',*,*,#11919,.T.);
#11964 = ORIENTED_EDGE('',*,*,#2958,.F.);
#11965 = ORIENTED_EDGE('',*,*,#11867,.F.);
#11966 = ADVANCED_FACE('',(#11967),#3093,.F.);
#11967 = FACE_BOUND('',#11968,.F.);
#11968 = EDGE_LOOP('',(#11969,#11992,#12013,#12014));
#11969 = ORIENTED_EDGE('',*,*,#11970,.T.);
#11970 = EDGE_CURVE('',#11971,#11973,#11975,.T.);
#11971 = VERTEX_POINT('',#11972);
#11972 = CARTESIAN_POINT('',(-36.,85.999999996516,91.));
#11973 = VERTEX_POINT('',#11974);
#11974 = CARTESIAN_POINT('',(-36.,39.,91.));
#11975 = SURFACE_CURVE('',#11976,(#11980,#11986),.PCURVE_S1.);
#11976 = LINE('',#11977,#11978);
#11977 = CARTESIAN_POINT('',(-36.,32.,91.));
#11978 = VECTOR('',#11979,1.);
#11979 = DIRECTION('',(0.,-1.,0.));
#11980 = PCURVE('',#3093,#11981);
#11981 = DEFINITIONAL_REPRESENTATION('',(#11982),#11985);
#11982 = B_SPLINE_CURVE_WITH_KNOTS('',1,(#11983,#11984),.UNSPECIFIED.,
  .F.,.F.,(2,2),(-53.99999999651,-7.),.PIECEWISE_BEZIER_KNOTS.);
#11983 = CARTESIAN_POINT('',(46.999999996517,-1.));
#11984 = CARTESIAN_POINT('',(0.,-1.));
#11985 = ( GEOMETRIC_REPRESENTATION_CONTEXT(2) 
PARAMETRIC_REPRESENTATION_CONTEXT() REPRESENTATION_CONTEXT('2D SPACE',''
  ) );
#11986 = PCURVE('',#6385,#11987);
#11987 = DEFINITIONAL_REPRESENTATION('',(#11988),#11991);
#11988 = B_SPLINE_CURVE_WITH_KNOTS('',1,(#11989,#11990),.UNSPECIFIED.,
  .F.,.F.,(2,2),(-53.99999999651,-7.),.PIECEWISE_BEZIER_KNOTS.);
#11989 = CARTESIAN_POINT('',(69.5,60.999999996516));
#11990 = CARTESIAN_POINT('',(69.5,14.));
#11991 = ( GEOMETRIC_REPRESENTATION_CONTEXT(2) 
PARAMETRIC_REPRESENTATION_CONTEXT() REPRESENTATION_CONTEXT('2D SPACE',''
  ) );
#11992 = ORIENTED_EDGE('',*,*,#11993,.T.);
#11993 = EDGE_CURVE('',#11973,#3079,#11994,.T.);
#11994 = SURFACE_CURVE('',#11995,(#11999,#12006),.PCURVE_S1.);
#11995 = LINE('',#11996,#11997);
#11996 = CARTESIAN_POINT('',(-36.,39.,90.));
#11997 = VECTOR('',#11998,1.);
#11998 = DIRECTION('',(0.,0.,1.));
#11999 = PCURVE('',#3093,#12000);
#12000 = DEFINITIONAL_REPRESENTATION('',(#12001),#12005);
#12001 = LINE('',#12002,#12003);
#12002 = CARTESIAN_POINT('',(0.,0.));
#12003 = VECTOR('',#12004,1.);
#12004 = DIRECTION('',(0.,-1.));
#12005 = ( GEOMETRIC_REPRESENTATION_CONTEXT(2) 
PARAMETRIC_REPRESENTATION_CONTEXT() REPRESENTATION_CONTEXT('2D SPACE',''
  ) );
#12006 = PCURVE('',#3300,#12007);
#12007 = DEFINITIONAL_REPRESENTATION('',(#12008),#12012);
#12008 = LINE('',#12009,#12010);
#12009 = CARTESIAN_POINT('',(-3.14159265359,0.));
#12010 = VECTOR('',#12011,1.);
#12011 = DIRECTION('',(0.,-1.));
#12012 = ( GEOMETRIC_REPRESENTATION_CONTEXT(2) 
PARAMETRIC_REPRESENTATION_CONTEXT() REPRESENTATION_CONTEXT('2D SPACE',''
  ) );
#12013 = ORIENTED_EDGE('',*,*,#3076,.F.);
#12014 = ORIENTED_EDGE('',*,*,#12015,.F.);
#12015 = EDGE_CURVE('',#11971,#3077,#12016,.T.);
#12016 = SURFACE_CURVE('',#12017,(#12021,#12028),.PCURVE_S1.);
#12017 = LINE('',#12018,#12019);
#12018 = CARTESIAN_POINT('',(-36.,85.999999996516,90.));
#12019 = VECTOR('',#12020,1.);
#12020 = DIRECTION('',(0.,0.,1.));
#12021 = PCURVE('',#3093,#12022);
#12022 = DEFINITIONAL_REPRESENTATION('',(#12023),#12027);
#12023 = LINE('',#12024,#12025);
#12024 = CARTESIAN_POINT('',(46.999999996517,0.));
#12025 = VECTOR('',#12026,1.);
#12026 = DIRECTION('',(0.,-1.));
#12027 = ( GEOMETRIC_REPRESENTATION_CONTEXT(2) 
PARAMETRIC_REPRESENTATION_CONTEXT() REPRESENTATION_CONTEXT('2D SPACE',''
  ) );
#12028 = PCURVE('',#3125,#12029);
#12029 = DEFINITIONAL_REPRESENTATION('',(#12030),#12034);
#12030 = LINE('',#12031,#12032);
#12031 = CARTESIAN_POINT('',(-3.14159265359,0.));
#12032 = VECTOR('',#12033,1.);
#12033 = DIRECTION('',(0.,-1.));
#12034 = ( GEOMETRIC_REPRESENTATION_CONTEXT(2) 
PARAMETRIC_REPRESENTATION_CONTEXT() REPRESENTATION_CONTEXT('2D SPACE',''
  ) );
#12035 = ADVANCED_FACE('',(#12036),#3125,.F.);
#12036 = FACE_BOUND('',#12037,.T.);
#12037 = EDGE_LOOP('',(#12038,#12066,#12087,#12088));
#12038 = ORIENTED_EDGE('',*,*,#12039,.T.);
#12039 = EDGE_CURVE('',#11971,#12040,#12042,.T.);
#12040 = VERTEX_POINT('',#12041);
#12041 = CARTESIAN_POINT('',(-30.,91.999999998258,91.));
#12042 = SURFACE_CURVE('',#12043,(#12048,#12055),.PCURVE_S1.);
#12043 = CIRCLE('',#12044,6.);
#12044 = AXIS2_PLACEMENT_3D('',#12045,#12046,#12047);
#12045 = CARTESIAN_POINT('',(-30.,85.999999996516,91.));
#12046 = DIRECTION('',(0.,0.,-1.));
#12047 = DIRECTION('',(1.,0.,0.));
#12048 = PCURVE('',#3125,#12049);
#12049 = DEFINITIONAL_REPRESENTATION('',(#12050),#12054);
#12050 = LINE('',#12051,#12052);
#12051 = CARTESIAN_POINT('',(-6.28318530718,-1.));
#12052 = VECTOR('',#12053,1.);
#12053 = DIRECTION('',(1.,0.));
#12054 = ( GEOMETRIC_REPRESENTATION_CONTEXT(2) 
PARAMETRIC_REPRESENTATION_CONTEXT() REPRESENTATION_CONTEXT('2D SPACE',''
  ) );
#12055 = PCURVE('',#6385,#12056);
#12056 = DEFINITIONAL_REPRESENTATION('',(#12057),#12065);
#12057 = ( BOUNDED_CURVE() B_SPLINE_CURVE(2,(#12058,#12059,#12060,#12061
    ,#12062,#12063,#12064),.UNSPECIFIED.,.T.,.F.) 
B_SPLINE_CURVE_WITH_KNOTS((1,2,2,2,2,1),(-2.094395102393,0.,
    2.094395102393,4.188790204786,6.28318530718,8.377580409573),
.UNSPECIFIED.) CURVE() GEOMETRIC_REPRESENTATION_ITEM() 
RATIONAL_B_SPLINE_CURVE((1.,0.5,1.,0.5,1.,0.5,1.)) REPRESENTATION_ITEM(
  '') );
#12058 = CARTESIAN_POINT('',(81.5,60.999999996516));
#12059 = CARTESIAN_POINT('',(81.5,50.607695151103));
#12060 = CARTESIAN_POINT('',(72.5,55.80384757381));
#12061 = CARTESIAN_POINT('',(63.5,60.999999996516));
#12062 = CARTESIAN_POINT('',(72.5,66.196152419223));
#12063 = CARTESIAN_POINT('',(81.5,71.39230484193));
#12064 = CARTESIAN_POINT('',(81.5,60.999999996516));
#12065 = ( GEOMETRIC_REPRESENTATION_CONTEXT(2) 
PARAMETRIC_REPRESENTATION_CONTEXT() REPRESENTATION_CONTEXT('2D SPACE',''
  ) );
#12066 = ORIENTED_EDGE('',*,*,#12067,.T.);
#12067 = EDGE_CURVE('',#12040,#3105,#12068,.T.);
#12068 = SURFACE_CURVE('',#12069,(#12073,#12080),.PCURVE_S1.);
#12069 = LINE('',#12070,#12071);
#12070 = CARTESIAN_POINT('',(-30.,91.999999998258,90.));
#12071 = VECTOR('',#12072,1.);
#12072 = DIRECTION('',(0.,0.,1.));
#12073 = PCURVE('',#3125,#12074);
#12074 = DEFINITIONAL_REPRESENTATION('',(#12075),#12079);
#12075 = LINE('',#12076,#12077);
#12076 = CARTESIAN_POINT('',(-1.570796326795,0.));
#12077 = VECTOR('',#12078,1.);
#12078 = DIRECTION('',(0.,-1.));
#12079 = ( GEOMETRIC_REPRESENTATION_CONTEXT(2) 
PARAMETRIC_REPRESENTATION_CONTEXT() REPRESENTATION_CONTEXT('2D SPACE',''
  ) );
#12080 = PCURVE('',#3152,#12081);
#12081 = DEFINITIONAL_REPRESENTATION('',(#12082),#12086);
#12082 = LINE('',#12083,#12084);
#12083 = CARTESIAN_POINT('',(0.,0.));
#12084 = VECTOR('',#12085,1.);
#12085 = DIRECTION('',(0.,-1.));
#12086 = ( GEOMETRIC_REPRESENTATION_CONTEXT(2) 
PARAMETRIC_REPRESENTATION_CONTEXT() REPRESENTATION_CONTEXT('2D SPACE',''
  ) );
#12087 = ORIENTED_EDGE('',*,*,#3104,.F.);
#12088 = ORIENTED_EDGE('',*,*,#12015,.F.);
#12089 = ADVANCED_FACE('',(#12090),#3300,.F.);
#12090 = FACE_BOUND('',#12091,.T.);
#12091 = EDGE_LOOP('',(#12092,#12120,#12121,#12122));
#12092 = ORIENTED_EDGE('',*,*,#12093,.T.);
#12093 = EDGE_CURVE('',#12094,#11973,#12096,.T.);
#12094 = VERTEX_POINT('',#12095);
#12095 = CARTESIAN_POINT('',(-30.,33.,91.));
#12096 = SURFACE_CURVE('',#12097,(#12102,#12109),.PCURVE_S1.);
#12097 = CIRCLE('',#12098,6.);
#12098 = AXIS2_PLACEMENT_3D('',#12099,#12100,#12101);
#12099 = CARTESIAN_POINT('',(-30.,39.,91.));
#12100 = DIRECTION('',(0.,0.,-1.));
#12101 = DIRECTION('',(1.,0.,0.));
#12102 = PCURVE('',#3300,#12103);
#12103 = DEFINITIONAL_REPRESENTATION('',(#12104),#12108);
#12104 = LINE('',#12105,#12106);
#12105 = CARTESIAN_POINT('',(-6.28318530718,-1.));
#12106 = VECTOR('',#12107,1.);
#12107 = DIRECTION('',(1.,0.));
#12108 = ( GEOMETRIC_REPRESENTATION_CONTEXT(2) 
PARAMETRIC_REPRESENTATION_CONTEXT() REPRESENTATION_CONTEXT('2D SPACE',''
  ) );
#12109 = PCURVE('',#6385,#12110);
#12110 = DEFINITIONAL_REPRESENTATION('',(#12111),#12119);
#12111 = ( BOUNDED_CURVE() B_SPLINE_CURVE(2,(#12112,#12113,#12114,#12115
    ,#12116,#12117,#12118),.UNSPECIFIED.,.T.,.F.) 
B_SPLINE_CURVE_WITH_KNOTS((1,2,2,2,2,1),(-2.094395102393,0.,
    2.094395102393,4.188790204786,6.28318530718,8.377580409573),
.UNSPECIFIED.) CURVE() GEOMETRIC_REPRESENTATION_ITEM() 
RATIONAL_B_SPLINE_CURVE((1.,0.5,1.,0.5,1.,0.5,1.)) REPRESENTATION_ITEM(
  '') );
#12112 = CARTESIAN_POINT('',(81.5,14.));
#12113 = CARTESIAN_POINT('',(81.5,3.607695154587));
#12114 = CARTESIAN_POINT('',(72.5,8.803847577293));
#12115 = CARTESIAN_POINT('',(63.5,14.));
#12116 = CARTESIAN_POINT('',(72.5,19.196152422706));
#12117 = CARTESIAN_POINT('',(81.5,24.392304845413));
#12118 = CARTESIAN_POINT('',(81.5,14.));
#12119 = ( GEOMETRIC_REPRESENTATION_CONTEXT(2) 
PARAMETRIC_REPRESENTATION_CONTEXT() REPRESENTATION_CONTEXT('2D SPACE',''
  ) );
#12120 = ORIENTED_EDGE('',*,*,#11993,.T.);
#12121 = ORIENTED_EDGE('',*,*,#3281,.F.);
#12122 = ORIENTED_EDGE('',*,*,#12123,.F.);
#12123 = EDGE_CURVE('',#12094,#3256,#12124,.T.);
#12124 = SURFACE_CURVE('',#12125,(#12129,#12136),.PCURVE_S1.);
#12125 = LINE('',#12126,#12127);
#12126 = CARTESIAN_POINT('',(-30.,33.,90.));
#12127 = VECTOR('',#12128,1.);
#12128 = DIRECTION('',(0.,0.,1.));
#12129 = PCURVE('',#3300,#12130);
#12130 = DEFINITIONAL_REPRESENTATION('',(#12131),#12135);
#12131 = LINE('',#12132,#12133);
#12132 = CARTESIAN_POINT('',(-4.712388980385,0.));
#12133 = VECTOR('',#12134,1.);
#12134 = DIRECTION('',(0.,-1.));
#12135 = ( GEOMETRIC_REPRESENTATION_CONTEXT(2) 
PARAMETRIC_REPRESENTATION_CONTEXT() REPRESENTATION_CONTEXT('2D SPACE',''
  ) );
#12136 = PCURVE('',#3270,#12137);
#12137 = DEFINITIONAL_REPRESENTATION('',(#12138),#12142);
#12138 = LINE('',#12139,#12140);
#12139 = CARTESIAN_POINT('',(0.,0.));
#12140 = VECTOR('',#12141,1.);
#12141 = DIRECTION('',(0.,-1.));
#12142 = ( GEOMETRIC_REPRESENTATION_CONTEXT(2) 
PARAMETRIC_REPRESENTATION_CONTEXT() REPRESENTATION_CONTEXT('2D SPACE',''
  ) );
#12143 = ADVANCED_FACE('',(#12144),#3152,.F.);
#12144 = FACE_BOUND('',#12145,.F.);
#12145 = EDGE_LOOP('',(#12146,#12167,#12168,#12169));
#12146 = ORIENTED_EDGE('',*,*,#12147,.T.);
#12147 = EDGE_CURVE('',#12148,#12040,#12150,.T.);
#12148 = VERTEX_POINT('',#12149);
#12149 = CARTESIAN_POINT('',(30.,91.999999998258,91.));
#12150 = SURFACE_CURVE('',#12151,(#12155,#12161),.PCURVE_S1.);
#12151 = LINE('',#12152,#12153);
#12152 = CARTESIAN_POINT('',(-67.75,92.,91.));
#12153 = VECTOR('',#12154,1.);
#12154 = DIRECTION('',(-1.,0.,0.));
#12155 = PCURVE('',#3152,#12156);
#12156 = DEFINITIONAL_REPRESENTATION('',(#12157),#12160);
#12157 = B_SPLINE_CURVE_WITH_KNOTS('',1,(#12158,#12159),.UNSPECIFIED.,
  .F.,.F.,(2,2),(-97.75,-37.75),.PIECEWISE_BEZIER_KNOTS.);
#12158 = CARTESIAN_POINT('',(60.,-1.));
#12159 = CARTESIAN_POINT('',(0.,-1.));
#12160 = ( GEOMETRIC_REPRESENTATION_CONTEXT(2) 
PARAMETRIC_REPRESENTATION_CONTEXT() REPRESENTATION_CONTEXT('2D SPACE',''
  ) );
#12161 = PCURVE('',#6385,#12162);
#12162 = DEFINITIONAL_REPRESENTATION('',(#12163),#12166);
#12163 = B_SPLINE_CURVE_WITH_KNOTS('',1,(#12164,#12165),.UNSPECIFIED.,
  .F.,.F.,(2,2),(-97.75,-37.75),.PIECEWISE_BEZIER_KNOTS.);
#12164 = CARTESIAN_POINT('',(135.5,67.));
#12165 = CARTESIAN_POINT('',(75.5,67.));
#12166 = ( GEOMETRIC_REPRESENTATION_CONTEXT(2) 
PARAMETRIC_REPRESENTATION_CONTEXT() REPRESENTATION_CONTEXT('2D SPACE',''
  ) );
#12167 = ORIENTED_EDGE('',*,*,#12067,.T.);
#12168 = ORIENTED_EDGE('',*,*,#3137,.F.);
#12169 = ORIENTED_EDGE('',*,*,#12170,.F.);
#12170 = EDGE_CURVE('',#12148,#3138,#12171,.T.);
#12171 = SURFACE_CURVE('',#12172,(#12176,#12183),.PCURVE_S1.);
#12172 = LINE('',#12173,#12174);
#12173 = CARTESIAN_POINT('',(30.,91.999999998258,90.));
#12174 = VECTOR('',#12175,1.);
#12175 = DIRECTION('',(0.,0.,1.));
#12176 = PCURVE('',#3152,#12177);
#12177 = DEFINITIONAL_REPRESENTATION('',(#12178),#12182);
#12178 = LINE('',#12179,#12180);
#12179 = CARTESIAN_POINT('',(60.,0.));
#12180 = VECTOR('',#12181,1.);
#12181 = DIRECTION('',(0.,-1.));
#12182 = ( GEOMETRIC_REPRESENTATION_CONTEXT(2) 
PARAMETRIC_REPRESENTATION_CONTEXT() REPRESENTATION_CONTEXT('2D SPACE',''
  ) );
#12183 = PCURVE('',#3184,#12184);
#12184 = DEFINITIONAL_REPRESENTATION('',(#12185),#12189);
#12185 = LINE('',#12186,#12187);
#12186 = CARTESIAN_POINT('',(-1.570796326795,0.));
#12187 = VECTOR('',#12188,1.);
#12188 = DIRECTION('',(0.,-1.));
#12189 = ( GEOMETRIC_REPRESENTATION_CONTEXT(2) 
PARAMETRIC_REPRESENTATION_CONTEXT() REPRESENTATION_CONTEXT('2D SPACE',''
  ) );
#12190 = ADVANCED_FACE('',(#12191),#3270,.T.);
#12191 = FACE_BOUND('',#12192,.T.);
#12192 = EDGE_LOOP('',(#12193,#12214,#12215,#12216));
#12193 = ORIENTED_EDGE('',*,*,#12194,.T.);
#12194 = EDGE_CURVE('',#12195,#12094,#12197,.T.);
#12195 = VERTEX_POINT('',#12196);
#12196 = CARTESIAN_POINT('',(30.,33.,91.));
#12197 = SURFACE_CURVE('',#12198,(#12202,#12208),.PCURVE_S1.);
#12198 = LINE('',#12199,#12200);
#12199 = CARTESIAN_POINT('',(-67.75,33.,91.));
#12200 = VECTOR('',#12201,1.);
#12201 = DIRECTION('',(-1.,0.,0.));
#12202 = PCURVE('',#3270,#12203);
#12203 = DEFINITIONAL_REPRESENTATION('',(#12204),#12207);
#12204 = B_SPLINE_CURVE_WITH_KNOTS('',1,(#12205,#12206),.UNSPECIFIED.,
  .F.,.F.,(2,2),(-97.75,-37.75),.PIECEWISE_BEZIER_KNOTS.);
#12205 = CARTESIAN_POINT('',(60.,-1.));
#12206 = CARTESIAN_POINT('',(0.,-1.));
#12207 = ( GEOMETRIC_REPRESENTATION_CONTEXT(2) 
PARAMETRIC_REPRESENTATION_CONTEXT() REPRESENTATION_CONTEXT('2D SPACE',''
  ) );
#12208 = PCURVE('',#6385,#12209);
#12209 = DEFINITIONAL_REPRESENTATION('',(#12210),#12213);
#12210 = B_SPLINE_CURVE_WITH_KNOTS('',1,(#12211,#12212),.UNSPECIFIED.,
  .F.,.F.,(2,2),(-97.75,-37.75),.PIECEWISE_BEZIER_KNOTS.);
#12211 = CARTESIAN_POINT('',(135.5,8.));
#12212 = CARTESIAN_POINT('',(75.5,8.));
#12213 = ( GEOMETRIC_REPRESENTATION_CONTEXT(2) 
PARAMETRIC_REPRESENTATION_CONTEXT() REPRESENTATION_CONTEXT('2D SPACE',''
  ) );
#12214 = ORIENTED_EDGE('',*,*,#12123,.T.);
#12215 = ORIENTED_EDGE('',*,*,#3255,.F.);
#12216 = ORIENTED_EDGE('',*,*,#12217,.F.);
#12217 = EDGE_CURVE('',#12195,#3223,#12218,.T.);
#12218 = SURFACE_CURVE('',#12219,(#12223,#12230),.PCURVE_S1.);
#12219 = LINE('',#12220,#12221);
#12220 = CARTESIAN_POINT('',(30.,33.,90.));
#12221 = VECTOR('',#12222,1.);
#12222 = DIRECTION('',(0.,0.,1.));
#12223 = PCURVE('',#3270,#12224);
#12224 = DEFINITIONAL_REPRESENTATION('',(#12225),#12229);
#12225 = LINE('',#12226,#12227);
#12226 = CARTESIAN_POINT('',(60.,0.));
#12227 = VECTOR('',#12228,1.);
#12228 = DIRECTION('',(0.,-1.));
#12229 = ( GEOMETRIC_REPRESENTATION_CONTEXT(2) 
PARAMETRIC_REPRESENTATION_CONTEXT() REPRESENTATION_CONTEXT('2D SPACE',''
  ) );
#12230 = PCURVE('',#3243,#12231);
#12231 = DEFINITIONAL_REPRESENTATION('',(#12232),#12236);
#12232 = LINE('',#12233,#12234);
#12233 = CARTESIAN_POINT('',(-4.712388980385,0.));
#12234 = VECTOR('',#12235,1.);
#12235 = DIRECTION('',(0.,-1.));
#12236 = ( GEOMETRIC_REPRESENTATION_CONTEXT(2) 
PARAMETRIC_REPRESENTATION_CONTEXT() REPRESENTATION_CONTEXT('2D SPACE',''
  ) );
#12237 = ADVANCED_FACE('',(#12238),#3184,.F.);
#12238 = FACE_BOUND('',#12239,.T.);
#12239 = EDGE_LOOP('',(#12240,#12268,#12289,#12290));
#12240 = ORIENTED_EDGE('',*,*,#12241,.T.);
#12241 = EDGE_CURVE('',#12148,#12242,#12244,.T.);
#12242 = VERTEX_POINT('',#12243);
#12243 = CARTESIAN_POINT('',(36.,85.999999996516,91.));
#12244 = SURFACE_CURVE('',#12245,(#12250,#12257),.PCURVE_S1.);
#12245 = CIRCLE('',#12246,6.);
#12246 = AXIS2_PLACEMENT_3D('',#12247,#12248,#12249);
#12247 = CARTESIAN_POINT('',(30.,85.999999996516,91.));
#12248 = DIRECTION('',(0.,0.,-1.));
#12249 = DIRECTION('',(1.,0.,0.));
#12250 = PCURVE('',#3184,#12251);
#12251 = DEFINITIONAL_REPRESENTATION('',(#12252),#12256);
#12252 = LINE('',#12253,#12254);
#12253 = CARTESIAN_POINT('',(-6.28318530718,-1.));
#12254 = VECTOR('',#12255,1.);
#12255 = DIRECTION('',(1.,0.));
#12256 = ( GEOMETRIC_REPRESENTATION_CONTEXT(2) 
PARAMETRIC_REPRESENTATION_CONTEXT() REPRESENTATION_CONTEXT('2D SPACE',''
  ) );
#12257 = PCURVE('',#6385,#12258);
#12258 = DEFINITIONAL_REPRESENTATION('',(#12259),#12267);
#12259 = ( BOUNDED_CURVE() B_SPLINE_CURVE(2,(#12260,#12261,#12262,#12263
    ,#12264,#12265,#12266),.UNSPECIFIED.,.T.,.F.) 
B_SPLINE_CURVE_WITH_KNOTS((1,2,2,2,2,1),(-2.094395102393,0.,
    2.094395102393,4.188790204786,6.28318530718,8.377580409573),
.UNSPECIFIED.) CURVE() GEOMETRIC_REPRESENTATION_ITEM() 
RATIONAL_B_SPLINE_CURVE((1.,0.5,1.,0.5,1.,0.5,1.)) REPRESENTATION_ITEM(
  '') );
#12260 = CARTESIAN_POINT('',(141.5,60.999999996516));
#12261 = CARTESIAN_POINT('',(141.5,50.607695151103));
#12262 = CARTESIAN_POINT('',(132.5,55.80384757381));
#12263 = CARTESIAN_POINT('',(123.5,60.999999996516));
#12264 = CARTESIAN_POINT('',(132.5,66.196152419223));
#12265 = CARTESIAN_POINT('',(141.5,71.39230484193));
#12266 = CARTESIAN_POINT('',(141.5,60.999999996516));
#12267 = ( GEOMETRIC_REPRESENTATION_CONTEXT(2) 
PARAMETRIC_REPRESENTATION_CONTEXT() REPRESENTATION_CONTEXT('2D SPACE',''
  ) );
#12268 = ORIENTED_EDGE('',*,*,#12269,.T.);
#12269 = EDGE_CURVE('',#12242,#3164,#12270,.T.);
#12270 = SURFACE_CURVE('',#12271,(#12275,#12282),.PCURVE_S1.);
#12271 = LINE('',#12272,#12273);
#12272 = CARTESIAN_POINT('',(36.,85.999999996516,90.));
#12273 = VECTOR('',#12274,1.);
#12274 = DIRECTION('',(0.,0.,1.));
#12275 = PCURVE('',#3184,#12276);
#12276 = DEFINITIONAL_REPRESENTATION('',(#12277),#12281);
#12277 = LINE('',#12278,#12279);
#12278 = CARTESIAN_POINT('',(0.,0.));
#12279 = VECTOR('',#12280,1.);
#12280 = DIRECTION('',(0.,-1.));
#12281 = ( GEOMETRIC_REPRESENTATION_CONTEXT(2) 
PARAMETRIC_REPRESENTATION_CONTEXT() REPRESENTATION_CONTEXT('2D SPACE',''
  ) );
#12282 = PCURVE('',#3211,#12283);
#12283 = DEFINITIONAL_REPRESENTATION('',(#12284),#12288);
#12284 = LINE('',#12285,#12286);
#12285 = CARTESIAN_POINT('',(46.999999996517,0.));
#12286 = VECTOR('',#12287,1.);
#12287 = DIRECTION('',(0.,-1.));
#12288 = ( GEOMETRIC_REPRESENTATION_CONTEXT(2) 
PARAMETRIC_REPRESENTATION_CONTEXT() REPRESENTATION_CONTEXT('2D SPACE',''
  ) );
#12289 = ORIENTED_EDGE('',*,*,#3163,.F.);
#12290 = ORIENTED_EDGE('',*,*,#12170,.F.);
#12291 = ADVANCED_FACE('',(#12292),#3243,.F.);
#12292 = FACE_BOUND('',#12293,.T.);
#12293 = EDGE_LOOP('',(#12294,#12322,#12323,#12324));
#12294 = ORIENTED_EDGE('',*,*,#12295,.T.);
#12295 = EDGE_CURVE('',#12296,#12195,#12298,.T.);
#12296 = VERTEX_POINT('',#12297);
#12297 = CARTESIAN_POINT('',(36.,39.,91.));
#12298 = SURFACE_CURVE('',#12299,(#12304,#12311),.PCURVE_S1.);
#12299 = CIRCLE('',#12300,6.);
#12300 = AXIS2_PLACEMENT_3D('',#12301,#12302,#12303);
#12301 = CARTESIAN_POINT('',(30.,39.,91.));
#12302 = DIRECTION('',(0.,0.,-1.));
#12303 = DIRECTION('',(1.,0.,0.));
#12304 = PCURVE('',#3243,#12305);
#12305 = DEFINITIONAL_REPRESENTATION('',(#12306),#12310);
#12306 = LINE('',#12307,#12308);
#12307 = CARTESIAN_POINT('',(-6.28318530718,-1.));
#12308 = VECTOR('',#12309,1.);
#12309 = DIRECTION('',(1.,0.));
#12310 = ( GEOMETRIC_REPRESENTATION_CONTEXT(2) 
PARAMETRIC_REPRESENTATION_CONTEXT() REPRESENTATION_CONTEXT('2D SPACE',''
  ) );
#12311 = PCURVE('',#6385,#12312);
#12312 = DEFINITIONAL_REPRESENTATION('',(#12313),#12321);
#12313 = ( BOUNDED_CURVE() B_SPLINE_CURVE(2,(#12314,#12315,#12316,#12317
    ,#12318,#12319,#12320),.UNSPECIFIED.,.T.,.F.) 
B_SPLINE_CURVE_WITH_KNOTS((1,2,2,2,2,1),(-2.094395102393,0.,
    2.094395102393,4.188790204786,6.28318530718,8.377580409573),
.UNSPECIFIED.) CURVE() GEOMETRIC_REPRESENTATION_ITEM() 
RATIONAL_B_SPLINE_CURVE((1.,0.5,1.,0.5,1.,0.5,1.)) REPRESENTATION_ITEM(
  '') );
#12314 = CARTESIAN_POINT('',(141.5,14.));
#12315 = CARTESIAN_POINT('',(141.5,3.607695154587));
#12316 = CARTESIAN_POINT('',(132.5,8.803847577293));
#12317 = CARTESIAN_POINT('',(123.5,14.));
#12318 = CARTESIAN_POINT('',(132.5,19.196152422706));
#12319 = CARTESIAN_POINT('',(141.5,24.392304845413));
#12320 = CARTESIAN_POINT('',(141.5,14.));
#12321 = ( GEOMETRIC_REPRESENTATION_CONTEXT(2) 
PARAMETRIC_REPRESENTATION_CONTEXT() REPRESENTATION_CONTEXT('2D SPACE',''
  ) );
#12322 = ORIENTED_EDGE('',*,*,#12217,.T.);
#12323 = ORIENTED_EDGE('',*,*,#3222,.F.);
#12324 = ORIENTED_EDGE('',*,*,#12325,.F.);
#12325 = EDGE_CURVE('',#12296,#3197,#12326,.T.);
#12326 = SURFACE_CURVE('',#12327,(#12331,#12338),.PCURVE_S1.);
#12327 = LINE('',#12328,#12329);
#12328 = CARTESIAN_POINT('',(36.,39.,90.));
#12329 = VECTOR('',#12330,1.);
#12330 = DIRECTION('',(0.,0.,1.));
#12331 = PCURVE('',#3243,#12332);
#12332 = DEFINITIONAL_REPRESENTATION('',(#12333),#12337);
#12333 = LINE('',#12334,#12335);
#12334 = CARTESIAN_POINT('',(-6.28318530718,0.));
#12335 = VECTOR('',#12336,1.);
#12336 = DIRECTION('',(0.,-1.));
#12337 = ( GEOMETRIC_REPRESENTATION_CONTEXT(2) 
PARAMETRIC_REPRESENTATION_CONTEXT() REPRESENTATION_CONTEXT('2D SPACE',''
  ) );
#12338 = PCURVE('',#3211,#12339);
#12339 = DEFINITIONAL_REPRESENTATION('',(#12340),#12344);
#12340 = LINE('',#12341,#12342);
#12341 = CARTESIAN_POINT('',(0.,0.));
#12342 = VECTOR('',#12343,1.);
#12343 = DIRECTION('',(0.,-1.));
#12344 = ( GEOMETRIC_REPRESENTATION_CONTEXT(2) 
PARAMETRIC_REPRESENTATION_CONTEXT() REPRESENTATION_CONTEXT('2D SPACE',''
  ) );
#12345 = ADVANCED_FACE('',(#12346),#3211,.T.);
#12346 = FACE_BOUND('',#12347,.T.);
#12347 = EDGE_LOOP('',(#12348,#12367,#12368,#12369));
#12348 = ORIENTED_EDGE('',*,*,#12349,.T.);
#12349 = EDGE_CURVE('',#12242,#12296,#12350,.T.);
#12350 = SURFACE_CURVE('',#12351,(#12355,#12361),.PCURVE_S1.);
#12351 = LINE('',#12352,#12353);
#12352 = CARTESIAN_POINT('',(36.,32.,91.));
#12353 = VECTOR('',#12354,1.);
#12354 = DIRECTION('',(0.,-1.,0.));
#12355 = PCURVE('',#3211,#12356);
#12356 = DEFINITIONAL_REPRESENTATION('',(#12357),#12360);
#12357 = B_SPLINE_CURVE_WITH_KNOTS('',1,(#12358,#12359),.UNSPECIFIED.,
  .F.,.F.,(2,2),(-53.99999999651,-7.),.PIECEWISE_BEZIER_KNOTS.);
#12358 = CARTESIAN_POINT('',(46.999999996517,-1.));
#12359 = CARTESIAN_POINT('',(0.,-1.));
#12360 = ( GEOMETRIC_REPRESENTATION_CONTEXT(2) 
PARAMETRIC_REPRESENTATION_CONTEXT() REPRESENTATION_CONTEXT('2D SPACE',''
  ) );
#12361 = PCURVE('',#6385,#12362);
#12362 = DEFINITIONAL_REPRESENTATION('',(#12363),#12366);
#12363 = B_SPLINE_CURVE_WITH_KNOTS('',1,(#12364,#12365),.UNSPECIFIED.,
  .F.,.F.,(2,2),(-53.99999999651,-7.),.PIECEWISE_BEZIER_KNOTS.);
#12364 = CARTESIAN_POINT('',(141.5,60.999999996516));
#12365 = CARTESIAN_POINT('',(141.5,14.));
#12366 = ( GEOMETRIC_REPRESENTATION_CONTEXT(2) 
PARAMETRIC_REPRESENTATION_CONTEXT() REPRESENTATION_CONTEXT('2D SPACE',''
  ) );
#12367 = ORIENTED_EDGE('',*,*,#12325,.T.);
#12368 = ORIENTED_EDGE('',*,*,#3196,.F.);
#12369 = ORIENTED_EDGE('',*,*,#12269,.F.);
#12370 = ADVANCED_FACE('',(#12371),#3331,.F.);
#12371 = FACE_BOUND('',#12372,.F.);
#12372 = EDGE_LOOP('',(#12373,#12374,#12397,#12419));
#12373 = ORIENTED_EDGE('',*,*,#3314,.F.);
#12374 = ORIENTED_EDGE('',*,*,#12375,.F.);
#12375 = EDGE_CURVE('',#12376,#3315,#12378,.T.);
#12376 = VERTEX_POINT('',#12377);
#12377 = CARTESIAN_POINT('',(-43.3,77.,91.));
#12378 = SEAM_CURVE('',#12379,(#12383,#12390),.PCURVE_S1.);
#12379 = LINE('',#12380,#12381);
#12380 = CARTESIAN_POINT('',(-43.3,77.,71.));
#12381 = VECTOR('',#12382,1.);
#12382 = DIRECTION('',(0.,0.,1.));
#12383 = PCURVE('',#3331,#12384);
#12384 = DEFINITIONAL_REPRESENTATION('',(#12385),#12389);
#12385 = LINE('',#12386,#12387);
#12386 = CARTESIAN_POINT('',(6.28318530718,0.));
#12387 = VECTOR('',#12388,1.);
#12388 = DIRECTION('',(0.,1.));
#12389 = ( GEOMETRIC_REPRESENTATION_CONTEXT(2) 
PARAMETRIC_REPRESENTATION_CONTEXT() REPRESENTATION_CONTEXT('2D SPACE',''
  ) );
#12390 = PCURVE('',#3331,#12391);
#12391 = DEFINITIONAL_REPRESENTATION('',(#12392),#12396);
#12392 = LINE('',#12393,#12394);
#12393 = CARTESIAN_POINT('',(0.,0.));
#12394 = VECTOR('',#12395,1.);
#12395 = DIRECTION('',(0.,1.));
#12396 = ( GEOMETRIC_REPRESENTATION_CONTEXT(2) 
PARAMETRIC_REPRESENTATION_CONTEXT() REPRESENTATION_CONTEXT('2D SPACE',''
  ) );
#12397 = ORIENTED_EDGE('',*,*,#12398,.T.);
#12398 = EDGE_CURVE('',#12376,#12376,#12399,.T.);
#12399 = SURFACE_CURVE('',#12400,(#12405,#12412),.PCURVE_S1.);
#12400 = CIRCLE('',#12401,1.7);
#12401 = AXIS2_PLACEMENT_3D('',#12402,#12403,#12404);
#12402 = CARTESIAN_POINT('',(-45.,77.,91.));
#12403 = DIRECTION('',(0.,0.,1.));
#12404 = DIRECTION('',(1.,0.,0.));
#12405 = PCURVE('',#3331,#12406);
#12406 = DEFINITIONAL_REPRESENTATION('',(#12407),#12411);
#12407 = LINE('',#12408,#12409);
#12408 = CARTESIAN_POINT('',(0.,20.));
#12409 = VECTOR('',#12410,1.);
#12410 = DIRECTION('',(1.,0.));
#12411 = ( GEOMETRIC_REPRESENTATION_CONTEXT(2) 
PARAMETRIC_REPRESENTATION_CONTEXT() REPRESENTATION_CONTEXT('2D SPACE',''
  ) );
#12412 = PCURVE('',#6385,#12413);
#12413 = DEFINITIONAL_REPRESENTATION('',(#12414),#12418);
#12414 = CIRCLE('',#12415,1.7);
#12415 = AXIS2_PLACEMENT_2D('',#12416,#12417);
#12416 = CARTESIAN_POINT('',(60.5,52.));
#12417 = DIRECTION('',(1.,0.));
#12418 = ( GEOMETRIC_REPRESENTATION_CONTEXT(2) 
PARAMETRIC_REPRESENTATION_CONTEXT() REPRESENTATION_CONTEXT('2D SPACE',''
  ) );
#12419 = ORIENTED_EDGE('',*,*,#12375,.T.);
#12420 = ADVANCED_FACE('',(#12421),#3362,.F.);
#12421 = FACE_BOUND('',#12422,.F.);
#12422 = EDGE_LOOP('',(#12423,#12424,#12447,#12469));
#12423 = ORIENTED_EDGE('',*,*,#3345,.F.);
#12424 = ORIENTED_EDGE('',*,*,#12425,.F.);
#12425 = EDGE_CURVE('',#12426,#3346,#12428,.T.);
#12426 = VERTEX_POINT('',#12427);
#12427 = CARTESIAN_POINT('',(46.7,77.,91.));
#12428 = SEAM_CURVE('',#12429,(#12433,#12440),.PCURVE_S1.);
#12429 = LINE('',#12430,#12431);
#12430 = CARTESIAN_POINT('',(46.7,77.,71.));
#12431 = VECTOR('',#12432,1.);
#12432 = DIRECTION('',(0.,0.,1.));
#12433 = PCURVE('',#3362,#12434);
#12434 = DEFINITIONAL_REPRESENTATION('',(#12435),#12439);
#12435 = LINE('',#12436,#12437);
#12436 = CARTESIAN_POINT('',(6.28318530718,0.));
#12437 = VECTOR('',#12438,1.);
#12438 = DIRECTION('',(0.,1.));
#12439 = ( GEOMETRIC_REPRESENTATION_CONTEXT(2) 
PARAMETRIC_REPRESENTATION_CONTEXT() REPRESENTATION_CONTEXT('2D SPACE',''
  ) );
#12440 = PCURVE('',#3362,#12441);
#12441 = DEFINITIONAL_REPRESENTATION('',(#12442),#12446);
#12442 = LINE('',#12443,#12444);
#12443 = CARTESIAN_POINT('',(0.,0.));
#12444 = VECTOR('',#12445,1.);
#12445 = DIRECTION('',(0.,1.));
#12446 = ( GEOMETRIC_REPRESENTATION_CONTEXT(2) 
PARAMETRIC_REPRESENTATION_CONTEXT() REPRESENTATION_CONTEXT('2D SPACE',''
  ) );
#12447 = ORIENTED_EDGE('',*,*,#12448,.T.);
#12448 = EDGE_CURVE('',#12426,#12426,#12449,.T.);
#12449 = SURFACE_CURVE('',#12450,(#12455,#12462),.PCURVE_S1.);
#12450 = CIRCLE('',#12451,1.7);
#12451 = AXIS2_PLACEMENT_3D('',#12452,#12453,#12454);
#12452 = CARTESIAN_POINT('',(45.,77.,91.));
#12453 = DIRECTION('',(0.,0.,1.));
#12454 = DIRECTION('',(1.,0.,0.));
#12455 = PCURVE('',#3362,#12456);
#12456 = DEFINITIONAL_REPRESENTATION('',(#12457),#12461);
#12457 = LINE('',#12458,#12459);
#12458 = CARTESIAN_POINT('',(0.,20.));
#12459 = VECTOR('',#12460,1.);
#12460 = DIRECTION('',(1.,0.));
#12461 = ( GEOMETRIC_REPRESENTATION_CONTEXT(2) 
PARAMETRIC_REPRESENTATION_CONTEXT() REPRESENTATION_CONTEXT('2D SPACE',''
  ) );
#12462 = PCURVE('',#6385,#12463);
#12463 = DEFINITIONAL_REPRESENTATION('',(#12464),#12468);
#12464 = CIRCLE('',#12465,1.7);
#12465 = AXIS2_PLACEMENT_2D('',#12466,#12467);
#12466 = CARTESIAN_POINT('',(150.5,52.));
#12467 = DIRECTION('',(1.,0.));
#12468 = ( GEOMETRIC_REPRESENTATION_CONTEXT(2) 
PARAMETRIC_REPRESENTATION_CONTEXT() REPRESENTATION_CONTEXT('2D SPACE',''
  ) );
#12469 = ORIENTED_EDGE('',*,*,#12425,.T.);
#12470 = ADVANCED_FACE('',(#12471),#3393,.F.);
#12471 = FACE_BOUND('',#12472,.F.);
#12472 = EDGE_LOOP('',(#12473,#12496,#12517,#12518));
#12473 = ORIENTED_EDGE('',*,*,#12474,.T.);
#12474 = EDGE_CURVE('',#12475,#12477,#12479,.T.);
#12475 = VERTEX_POINT('',#12476);
#12476 = CARTESIAN_POINT('',(54.,86.,91.));
#12477 = VERTEX_POINT('',#12478);
#12478 = CARTESIAN_POINT('',(54.,39.,91.));
#12479 = SURFACE_CURVE('',#12480,(#12484,#12490),.PCURVE_S1.);
#12480 = LINE('',#12481,#12482);
#12481 = CARTESIAN_POINT('',(54.,32.,91.));
#12482 = VECTOR('',#12483,1.);
#12483 = DIRECTION('',(0.,-1.,0.));
#12484 = PCURVE('',#3393,#12485);
#12485 = DEFINITIONAL_REPRESENTATION('',(#12486),#12489);
#12486 = B_SPLINE_CURVE_WITH_KNOTS('',1,(#12487,#12488),.UNSPECIFIED.,
  .F.,.F.,(2,2),(-54.,-7.),.PIECEWISE_BEZIER_KNOTS.);
#12487 = CARTESIAN_POINT('',(47.,-1.));
#12488 = CARTESIAN_POINT('',(0.,-1.));
#12489 = ( GEOMETRIC_REPRESENTATION_CONTEXT(2) 
PARAMETRIC_REPRESENTATION_CONTEXT() REPRESENTATION_CONTEXT('2D SPACE',''
  ) );
#12490 = PCURVE('',#6385,#12491);
#12491 = DEFINITIONAL_REPRESENTATION('',(#12492),#12495);
#12492 = B_SPLINE_CURVE_WITH_KNOTS('',1,(#12493,#12494),.UNSPECIFIED.,
  .F.,.F.,(2,2),(-54.,-7.),.PIECEWISE_BEZIER_KNOTS.);
#12493 = CARTESIAN_POINT('',(159.5,61.));
#12494 = CARTESIAN_POINT('',(159.5,14.));
#12495 = ( GEOMETRIC_REPRESENTATION_CONTEXT(2) 
PARAMETRIC_REPRESENTATION_CONTEXT() REPRESENTATION_CONTEXT('2D SPACE',''
  ) );
#12496 = ORIENTED_EDGE('',*,*,#12497,.T.);
#12497 = EDGE_CURVE('',#12477,#3379,#12498,.T.);
#12498 = SURFACE_CURVE('',#12499,(#12503,#12510),.PCURVE_S1.);
#12499 = LINE('',#12500,#12501);
#12500 = CARTESIAN_POINT('',(54.,39.,90.));
#12501 = VECTOR('',#12502,1.);
#12502 = DIRECTION('',(0.,0.,1.));
#12503 = PCURVE('',#3393,#12504);
#12504 = DEFINITIONAL_REPRESENTATION('',(#12505),#12509);
#12505 = LINE('',#12506,#12507);
#12506 = CARTESIAN_POINT('',(0.,0.));
#12507 = VECTOR('',#12508,1.);
#12508 = DIRECTION('',(0.,-1.));
#12509 = ( GEOMETRIC_REPRESENTATION_CONTEXT(2) 
PARAMETRIC_REPRESENTATION_CONTEXT() REPRESENTATION_CONTEXT('2D SPACE',''
  ) );
#12510 = PCURVE('',#3600,#12511);
#12511 = DEFINITIONAL_REPRESENTATION('',(#12512),#12516);
#12512 = LINE('',#12513,#12514);
#12513 = CARTESIAN_POINT('',(6.28318530718,0.));
#12514 = VECTOR('',#12515,1.);
#12515 = DIRECTION('',(0.,-1.));
#12516 = ( GEOMETRIC_REPRESENTATION_CONTEXT(2) 
PARAMETRIC_REPRESENTATION_CONTEXT() REPRESENTATION_CONTEXT('2D SPACE',''
  ) );
#12517 = ORIENTED_EDGE('',*,*,#3376,.F.);
#12518 = ORIENTED_EDGE('',*,*,#12519,.F.);
#12519 = EDGE_CURVE('',#12475,#3377,#12520,.T.);
#12520 = SURFACE_CURVE('',#12521,(#12525,#12532),.PCURVE_S1.);
#12521 = LINE('',#12522,#12523);
#12522 = CARTESIAN_POINT('',(54.,86.,90.));
#12523 = VECTOR('',#12524,1.);
#12524 = DIRECTION('',(0.,0.,1.));
#12525 = PCURVE('',#3393,#12526);
#12526 = DEFINITIONAL_REPRESENTATION('',(#12527),#12531);
#12527 = LINE('',#12528,#12529);
#12528 = CARTESIAN_POINT('',(47.,0.));
#12529 = VECTOR('',#12530,1.);
#12530 = DIRECTION('',(0.,-1.));
#12531 = ( GEOMETRIC_REPRESENTATION_CONTEXT(2) 
PARAMETRIC_REPRESENTATION_CONTEXT() REPRESENTATION_CONTEXT('2D SPACE',''
  ) );
#12532 = PCURVE('',#3425,#12533);
#12533 = DEFINITIONAL_REPRESENTATION('',(#12534),#12538);
#12534 = LINE('',#12535,#12536);
#12535 = CARTESIAN_POINT('',(0.,0.));
#12536 = VECTOR('',#12537,1.);
#12537 = DIRECTION('',(0.,-1.));
#12538 = ( GEOMETRIC_REPRESENTATION_CONTEXT(2) 
PARAMETRIC_REPRESENTATION_CONTEXT() REPRESENTATION_CONTEXT('2D SPACE',''
  ) );
#12539 = ADVANCED_FACE('',(#12540),#3425,.F.);
#12540 = FACE_BOUND('',#12541,.F.);
#12541 = EDGE_LOOP('',(#12542,#12570,#12571,#12572));
#12542 = ORIENTED_EDGE('',*,*,#12543,.F.);
#12543 = EDGE_CURVE('',#12475,#12544,#12546,.T.);
#12544 = VERTEX_POINT('',#12545);
#12545 = CARTESIAN_POINT('',(60.,92.,91.));
#12546 = SURFACE_CURVE('',#12547,(#12552,#12559),.PCURVE_S1.);
#12547 = CIRCLE('',#12548,6.);
#12548 = AXIS2_PLACEMENT_3D('',#12549,#12550,#12551);
#12549 = CARTESIAN_POINT('',(60.,86.,91.));
#12550 = DIRECTION('',(0.,0.,-1.));
#12551 = DIRECTION('',(-1.,0.,0.));
#12552 = PCURVE('',#3425,#12553);
#12553 = DEFINITIONAL_REPRESENTATION('',(#12554),#12558);
#12554 = LINE('',#12555,#12556);
#12555 = CARTESIAN_POINT('',(0.,-1.));
#12556 = VECTOR('',#12557,1.);
#12557 = DIRECTION('',(1.,0.));
#12558 = ( GEOMETRIC_REPRESENTATION_CONTEXT(2) 
PARAMETRIC_REPRESENTATION_CONTEXT() REPRESENTATION_CONTEXT('2D SPACE',''
  ) );
#12559 = PCURVE('',#6385,#12560);
#12560 = DEFINITIONAL_REPRESENTATION('',(#12561),#12569);
#12561 = ( BOUNDED_CURVE() B_SPLINE_CURVE(2,(#12562,#12563,#12564,#12565
    ,#12566,#12567,#12568),.UNSPECIFIED.,.T.,.F.) 
B_SPLINE_CURVE_WITH_KNOTS((1,2,2,2,2,1),(-2.094395102393,0.,
    2.094395102393,4.188790204786,6.28318530718,8.377580409573),
.UNSPECIFIED.) CURVE() GEOMETRIC_REPRESENTATION_ITEM() 
RATIONAL_B_SPLINE_CURVE((1.,0.5,1.,0.5,1.,0.5,1.)) REPRESENTATION_ITEM(
  '') );
#12562 = CARTESIAN_POINT('',(159.5,61.));
#12563 = CARTESIAN_POINT('',(159.5,71.392304845413));
#12564 = CARTESIAN_POINT('',(168.5,66.196152422707));
#12565 = CARTESIAN_POINT('',(177.5,61.));
#12566 = CARTESIAN_POINT('',(168.5,55.803847577293));
#12567 = CARTESIAN_POINT('',(159.5,50.607695154587));
#12568 = CARTESIAN_POINT('',(159.5,61.));
#12569 = ( GEOMETRIC_REPRESENTATION_CONTEXT(2) 
PARAMETRIC_REPRESENTATION_CONTEXT() REPRESENTATION_CONTEXT('2D SPACE',''
  ) );
#12570 = ORIENTED_EDGE('',*,*,#12519,.T.);
#12571 = ORIENTED_EDGE('',*,*,#3404,.T.);
#12572 = ORIENTED_EDGE('',*,*,#12573,.F.);
#12573 = EDGE_CURVE('',#12544,#3405,#12574,.T.);
#12574 = SURFACE_CURVE('',#12575,(#12579,#12586),.PCURVE_S1.);
#12575 = LINE('',#12576,#12577);
#12576 = CARTESIAN_POINT('',(60.,92.,90.));
#12577 = VECTOR('',#12578,1.);
#12578 = DIRECTION('',(0.,0.,1.));
#12579 = PCURVE('',#3425,#12580);
#12580 = DEFINITIONAL_REPRESENTATION('',(#12581),#12585);
#12581 = LINE('',#12582,#12583);
#12582 = CARTESIAN_POINT('',(1.570796326795,0.));
#12583 = VECTOR('',#12584,1.);
#12584 = DIRECTION('',(0.,-1.));
#12585 = ( GEOMETRIC_REPRESENTATION_CONTEXT(2) 
PARAMETRIC_REPRESENTATION_CONTEXT() REPRESENTATION_CONTEXT('2D SPACE',''
  ) );
#12586 = PCURVE('',#3452,#12587);
#12587 = DEFINITIONAL_REPRESENTATION('',(#12588),#12592);
#12588 = LINE('',#12589,#12590);
#12589 = CARTESIAN_POINT('',(0.,0.));
#12590 = VECTOR('',#12591,1.);
#12591 = DIRECTION('',(0.,-1.));
#12592 = ( GEOMETRIC_REPRESENTATION_CONTEXT(2) 
PARAMETRIC_REPRESENTATION_CONTEXT() REPRESENTATION_CONTEXT('2D SPACE',''
  ) );
#12593 = ADVANCED_FACE('',(#12594),#3600,.F.);
#12594 = FACE_BOUND('',#12595,.F.);
#12595 = EDGE_LOOP('',(#12596,#12624,#12645,#12646));
#12596 = ORIENTED_EDGE('',*,*,#12597,.F.);
#12597 = EDGE_CURVE('',#12598,#12477,#12600,.T.);
#12598 = VERTEX_POINT('',#12599);
#12599 = CARTESIAN_POINT('',(60.,33.,91.));
#12600 = SURFACE_CURVE('',#12601,(#12606,#12613),.PCURVE_S1.);
#12601 = CIRCLE('',#12602,6.);
#12602 = AXIS2_PLACEMENT_3D('',#12603,#12604,#12605);
#12603 = CARTESIAN_POINT('',(60.,39.,91.));
#12604 = DIRECTION('',(0.,0.,-1.));
#12605 = DIRECTION('',(-1.,0.,0.));
#12606 = PCURVE('',#3600,#12607);
#12607 = DEFINITIONAL_REPRESENTATION('',(#12608),#12612);
#12608 = LINE('',#12609,#12610);
#12609 = CARTESIAN_POINT('',(0.,-1.));
#12610 = VECTOR('',#12611,1.);
#12611 = DIRECTION('',(1.,0.));
#12612 = ( GEOMETRIC_REPRESENTATION_CONTEXT(2) 
PARAMETRIC_REPRESENTATION_CONTEXT() REPRESENTATION_CONTEXT('2D SPACE',''
  ) );
#12613 = PCURVE('',#6385,#12614);
#12614 = DEFINITIONAL_REPRESENTATION('',(#12615),#12623);
#12615 = ( BOUNDED_CURVE() B_SPLINE_CURVE(2,(#12616,#12617,#12618,#12619
    ,#12620,#12621,#12622),.UNSPECIFIED.,.T.,.F.) 
B_SPLINE_CURVE_WITH_KNOTS((1,2,2,2,2,1),(-2.094395102393,0.,
    2.094395102393,4.188790204786,6.28318530718,8.377580409573),
.UNSPECIFIED.) CURVE() GEOMETRIC_REPRESENTATION_ITEM() 
RATIONAL_B_SPLINE_CURVE((1.,0.5,1.,0.5,1.,0.5,1.)) REPRESENTATION_ITEM(
  '') );
#12616 = CARTESIAN_POINT('',(159.5,14.));
#12617 = CARTESIAN_POINT('',(159.5,24.392304845413));
#12618 = CARTESIAN_POINT('',(168.5,19.196152422707));
#12619 = CARTESIAN_POINT('',(177.5,14.));
#12620 = CARTESIAN_POINT('',(168.5,8.803847577293));
#12621 = CARTESIAN_POINT('',(159.5,3.607695154587));
#12622 = CARTESIAN_POINT('',(159.5,14.));
#12623 = ( GEOMETRIC_REPRESENTATION_CONTEXT(2) 
PARAMETRIC_REPRESENTATION_CONTEXT() REPRESENTATION_CONTEXT('2D SPACE',''
  ) );
#12624 = ORIENTED_EDGE('',*,*,#12625,.T.);
#12625 = EDGE_CURVE('',#12598,#3556,#12626,.T.);
#12626 = SURFACE_CURVE('',#12627,(#12631,#12638),.PCURVE_S1.);
#12627 = LINE('',#12628,#12629);
#12628 = CARTESIAN_POINT('',(60.,33.,90.));
#12629 = VECTOR('',#12630,1.);
#12630 = DIRECTION('',(0.,0.,1.));
#12631 = PCURVE('',#3600,#12632);
#12632 = DEFINITIONAL_REPRESENTATION('',(#12633),#12637);
#12633 = LINE('',#12634,#12635);
#12634 = CARTESIAN_POINT('',(4.712388980385,0.));
#12635 = VECTOR('',#12636,1.);
#12636 = DIRECTION('',(0.,-1.));
#12637 = ( GEOMETRIC_REPRESENTATION_CONTEXT(2) 
PARAMETRIC_REPRESENTATION_CONTEXT() REPRESENTATION_CONTEXT('2D SPACE',''
  ) );
#12638 = PCURVE('',#3570,#12639);
#12639 = DEFINITIONAL_REPRESENTATION('',(#12640),#12644);
#12640 = LINE('',#12641,#12642);
#12641 = CARTESIAN_POINT('',(0.,0.));
#12642 = VECTOR('',#12643,1.);
#12643 = DIRECTION('',(0.,-1.));
#12644 = ( GEOMETRIC_REPRESENTATION_CONTEXT(2) 
PARAMETRIC_REPRESENTATION_CONTEXT() REPRESENTATION_CONTEXT('2D SPACE',''
  ) );
#12645 = ORIENTED_EDGE('',*,*,#3581,.T.);
#12646 = ORIENTED_EDGE('',*,*,#12497,.F.);
#12647 = ADVANCED_FACE('',(#12648),#3452,.F.);
#12648 = FACE_BOUND('',#12649,.F.);
#12649 = EDGE_LOOP('',(#12650,#12671,#12672,#12673));
#12650 = ORIENTED_EDGE('',*,*,#12651,.T.);
#12651 = EDGE_CURVE('',#12652,#12544,#12654,.T.);
#12652 = VERTEX_POINT('',#12653);
#12653 = CARTESIAN_POINT('',(86.499999998824,92.,91.));
#12654 = SURFACE_CURVE('',#12655,(#12659,#12665),.PCURVE_S1.);
#12655 = LINE('',#12656,#12657);
#12656 = CARTESIAN_POINT('',(-22.75,92.,91.));
#12657 = VECTOR('',#12658,1.);
#12658 = DIRECTION('',(-1.,0.,0.));
#12659 = PCURVE('',#3452,#12660);
#12660 = DEFINITIONAL_REPRESENTATION('',(#12661),#12664);
#12661 = B_SPLINE_CURVE_WITH_KNOTS('',1,(#12662,#12663),.UNSPECIFIED.,
  .F.,.F.,(2,2),(-109.2499999988,-82.75),.PIECEWISE_BEZIER_KNOTS.);
#12662 = CARTESIAN_POINT('',(26.499999998824,-1.));
#12663 = CARTESIAN_POINT('',(0.,-1.));
#12664 = ( GEOMETRIC_REPRESENTATION_CONTEXT(2) 
PARAMETRIC_REPRESENTATION_CONTEXT() REPRESENTATION_CONTEXT('2D SPACE',''
  ) );
#12665 = PCURVE('',#6385,#12666);
#12666 = DEFINITIONAL_REPRESENTATION('',(#12667),#12670);
#12667 = B_SPLINE_CURVE_WITH_KNOTS('',1,(#12668,#12669),.UNSPECIFIED.,
  .F.,.F.,(2,2),(-109.2499999988,-82.75),.PIECEWISE_BEZIER_KNOTS.);
#12668 = CARTESIAN_POINT('',(191.99999999882,67.));
#12669 = CARTESIAN_POINT('',(165.5,67.));
#12670 = ( GEOMETRIC_REPRESENTATION_CONTEXT(2) 
PARAMETRIC_REPRESENTATION_CONTEXT() REPRESENTATION_CONTEXT('2D SPACE',''
  ) );
#12671 = ORIENTED_EDGE('',*,*,#12573,.T.);
#12672 = ORIENTED_EDGE('',*,*,#3437,.F.);
#12673 = ORIENTED_EDGE('',*,*,#12674,.F.);
#12674 = EDGE_CURVE('',#12652,#3438,#12675,.T.);
#12675 = SURFACE_CURVE('',#12676,(#12680,#12687),.PCURVE_S1.);
#12676 = LINE('',#12677,#12678);
#12677 = CARTESIAN_POINT('',(86.499999998824,92.,90.));
#12678 = VECTOR('',#12679,1.);
#12679 = DIRECTION('',(0.,0.,1.));
#12680 = PCURVE('',#3452,#12681);
#12681 = DEFINITIONAL_REPRESENTATION('',(#12682),#12686);
#12682 = LINE('',#12683,#12684);
#12683 = CARTESIAN_POINT('',(26.499999998824,0.));
#12684 = VECTOR('',#12685,1.);
#12685 = DIRECTION('',(0.,-1.));
#12686 = ( GEOMETRIC_REPRESENTATION_CONTEXT(2) 
PARAMETRIC_REPRESENTATION_CONTEXT() REPRESENTATION_CONTEXT('2D SPACE',''
  ) );
#12687 = PCURVE('',#3484,#12688);
#12688 = DEFINITIONAL_REPRESENTATION('',(#12689),#12693);
#12689 = LINE('',#12690,#12691);
#12690 = CARTESIAN_POINT('',(1.570796326795,0.));
#12691 = VECTOR('',#12692,1.);
#12692 = DIRECTION('',(0.,-1.));
#12693 = ( GEOMETRIC_REPRESENTATION_CONTEXT(2) 
PARAMETRIC_REPRESENTATION_CONTEXT() REPRESENTATION_CONTEXT('2D SPACE',''
  ) );
#12694 = ADVANCED_FACE('',(#12695),#3570,.T.);
#12695 = FACE_BOUND('',#12696,.T.);
#12696 = EDGE_LOOP('',(#12697,#12718,#12719,#12720));
#12697 = ORIENTED_EDGE('',*,*,#12698,.T.);
#12698 = EDGE_CURVE('',#12699,#12598,#12701,.T.);
#12699 = VERTEX_POINT('',#12700);
#12700 = CARTESIAN_POINT('',(86.499999998824,33.,91.));
#12701 = SURFACE_CURVE('',#12702,(#12706,#12712),.PCURVE_S1.);
#12702 = LINE('',#12703,#12704);
#12703 = CARTESIAN_POINT('',(-22.75,33.,91.));
#12704 = VECTOR('',#12705,1.);
#12705 = DIRECTION('',(-1.,0.,0.));
#12706 = PCURVE('',#3570,#12707);
#12707 = DEFINITIONAL_REPRESENTATION('',(#12708),#12711);
#12708 = B_SPLINE_CURVE_WITH_KNOTS('',1,(#12709,#12710),.UNSPECIFIED.,
  .F.,.F.,(2,2),(-109.2499999988,-82.75),.PIECEWISE_BEZIER_KNOTS.);
#12709 = CARTESIAN_POINT('',(26.499999998824,-1.));
#12710 = CARTESIAN_POINT('',(0.,-1.));
#12711 = ( GEOMETRIC_REPRESENTATION_CONTEXT(2) 
PARAMETRIC_REPRESENTATION_CONTEXT() REPRESENTATION_CONTEXT('2D SPACE',''
  ) );
#12712 = PCURVE('',#6385,#12713);
#12713 = DEFINITIONAL_REPRESENTATION('',(#12714),#12717);
#12714 = B_SPLINE_CURVE_WITH_KNOTS('',1,(#12715,#12716),.UNSPECIFIED.,
  .F.,.F.,(2,2),(-109.2499999988,-82.75),.PIECEWISE_BEZIER_KNOTS.);
#12715 = CARTESIAN_POINT('',(191.99999999882,8.));
#12716 = CARTESIAN_POINT('',(165.5,8.));
#12717 = ( GEOMETRIC_REPRESENTATION_CONTEXT(2) 
PARAMETRIC_REPRESENTATION_CONTEXT() REPRESENTATION_CONTEXT('2D SPACE',''
  ) );
#12718 = ORIENTED_EDGE('',*,*,#12625,.T.);
#12719 = ORIENTED_EDGE('',*,*,#3555,.F.);
#12720 = ORIENTED_EDGE('',*,*,#12721,.F.);
#12721 = EDGE_CURVE('',#12699,#3523,#12722,.T.);
#12722 = SURFACE_CURVE('',#12723,(#12727,#12734),.PCURVE_S1.);
#12723 = LINE('',#12724,#12725);
#12724 = CARTESIAN_POINT('',(86.499999998824,33.,90.));
#12725 = VECTOR('',#12726,1.);
#12726 = DIRECTION('',(0.,0.,1.));
#12727 = PCURVE('',#3570,#12728);
#12728 = DEFINITIONAL_REPRESENTATION('',(#12729),#12733);
#12729 = LINE('',#12730,#12731);
#12730 = CARTESIAN_POINT('',(26.499999998824,0.));
#12731 = VECTOR('',#12732,1.);
#12732 = DIRECTION('',(0.,-1.));
#12733 = ( GEOMETRIC_REPRESENTATION_CONTEXT(2) 
PARAMETRIC_REPRESENTATION_CONTEXT() REPRESENTATION_CONTEXT('2D SPACE',''
  ) );
#12734 = PCURVE('',#3543,#12735);
#12735 = DEFINITIONAL_REPRESENTATION('',(#12736),#12740);
#12736 = LINE('',#12737,#12738);
#12737 = CARTESIAN_POINT('',(4.712388980385,0.));
#12738 = VECTOR('',#12739,1.);
#12739 = DIRECTION('',(0.,-1.));
#12740 = ( GEOMETRIC_REPRESENTATION_CONTEXT(2) 
PARAMETRIC_REPRESENTATION_CONTEXT() REPRESENTATION_CONTEXT('2D SPACE',''
  ) );
#12741 = ADVANCED_FACE('',(#12742),#3484,.F.);
#12742 = FACE_BOUND('',#12743,.F.);
#12743 = EDGE_LOOP('',(#12744,#12772,#12773,#12774));
#12744 = ORIENTED_EDGE('',*,*,#12745,.F.);
#12745 = EDGE_CURVE('',#12652,#12746,#12748,.T.);
#12746 = VERTEX_POINT('',#12747);
#12747 = CARTESIAN_POINT('',(92.499999999412,86.,91.));
#12748 = SURFACE_CURVE('',#12749,(#12754,#12761),.PCURVE_S1.);
#12749 = CIRCLE('',#12750,6.);
#12750 = AXIS2_PLACEMENT_3D('',#12751,#12752,#12753);
#12751 = CARTESIAN_POINT('',(86.499999998824,86.,91.));
#12752 = DIRECTION('',(0.,0.,-1.));
#12753 = DIRECTION('',(-1.,0.,0.));
#12754 = PCURVE('',#3484,#12755);
#12755 = DEFINITIONAL_REPRESENTATION('',(#12756),#12760);
#12756 = LINE('',#12757,#12758);
#12757 = CARTESIAN_POINT('',(0.,-1.));
#12758 = VECTOR('',#12759,1.);
#12759 = DIRECTION('',(1.,0.));
#12760 = ( GEOMETRIC_REPRESENTATION_CONTEXT(2) 
PARAMETRIC_REPRESENTATION_CONTEXT() REPRESENTATION_CONTEXT('2D SPACE',''
  ) );
#12761 = PCURVE('',#6385,#12762);
#12762 = DEFINITIONAL_REPRESENTATION('',(#12763),#12771);
#12763 = ( BOUNDED_CURVE() B_SPLINE_CURVE(2,(#12764,#12765,#12766,#12767
    ,#12768,#12769,#12770),.UNSPECIFIED.,.T.,.F.) 
B_SPLINE_CURVE_WITH_KNOTS((1,2,2,2,2,1),(-2.094395102393,0.,
    2.094395102393,4.188790204786,6.28318530718,8.377580409573),
.UNSPECIFIED.) CURVE() GEOMETRIC_REPRESENTATION_ITEM() 
RATIONAL_B_SPLINE_CURVE((1.,0.5,1.,0.5,1.,0.5,1.)) REPRESENTATION_ITEM(
  '') );
#12764 = CARTESIAN_POINT('',(185.99999999882,61.));
#12765 = CARTESIAN_POINT('',(185.99999999882,71.392304845413));
#12766 = CARTESIAN_POINT('',(194.99999999882,66.196152422707));
#12767 = CARTESIAN_POINT('',(203.99999999882,61.));
#12768 = CARTESIAN_POINT('',(194.99999999882,55.803847577293));
#12769 = CARTESIAN_POINT('',(185.99999999882,50.607695154587));
#12770 = CARTESIAN_POINT('',(185.99999999882,61.));
#12771 = ( GEOMETRIC_REPRESENTATION_CONTEXT(2) 
PARAMETRIC_REPRESENTATION_CONTEXT() REPRESENTATION_CONTEXT('2D SPACE',''
  ) );
#12772 = ORIENTED_EDGE('',*,*,#12674,.T.);
#12773 = ORIENTED_EDGE('',*,*,#3463,.T.);
#12774 = ORIENTED_EDGE('',*,*,#12775,.F.);
#12775 = EDGE_CURVE('',#12746,#3464,#12776,.T.);
#12776 = SURFACE_CURVE('',#12777,(#12781,#12788),.PCURVE_S1.);
#12777 = LINE('',#12778,#12779);
#12778 = CARTESIAN_POINT('',(92.499999999412,86.,90.));
#12779 = VECTOR('',#12780,1.);
#12780 = DIRECTION('',(0.,0.,1.));
#12781 = PCURVE('',#3484,#12782);
#12782 = DEFINITIONAL_REPRESENTATION('',(#12783),#12787);
#12783 = LINE('',#12784,#12785);
#12784 = CARTESIAN_POINT('',(3.14159265359,0.));
#12785 = VECTOR('',#12786,1.);
#12786 = DIRECTION('',(0.,-1.));
#12787 = ( GEOMETRIC_REPRESENTATION_CONTEXT(2) 
PARAMETRIC_REPRESENTATION_CONTEXT() REPRESENTATION_CONTEXT('2D SPACE',''
  ) );
#12788 = PCURVE('',#3511,#12789);
#12789 = DEFINITIONAL_REPRESENTATION('',(#12790),#12794);
#12790 = LINE('',#12791,#12792);
#12791 = CARTESIAN_POINT('',(47.,0.));
#12792 = VECTOR('',#12793,1.);
#12793 = DIRECTION('',(0.,-1.));
#12794 = ( GEOMETRIC_REPRESENTATION_CONTEXT(2) 
PARAMETRIC_REPRESENTATION_CONTEXT() REPRESENTATION_CONTEXT('2D SPACE',''
  ) );
#12795 = ADVANCED_FACE('',(#12796),#3543,.F.);
#12796 = FACE_BOUND('',#12797,.F.);
#12797 = EDGE_LOOP('',(#12798,#12826,#12847,#12848));
#12798 = ORIENTED_EDGE('',*,*,#12799,.F.);
#12799 = EDGE_CURVE('',#12800,#12699,#12802,.T.);
#12800 = VERTEX_POINT('',#12801);
#12801 = CARTESIAN_POINT('',(92.499999999412,39.,91.));
#12802 = SURFACE_CURVE('',#12803,(#12808,#12815),.PCURVE_S1.);
#12803 = CIRCLE('',#12804,6.);
#12804 = AXIS2_PLACEMENT_3D('',#12805,#12806,#12807);
#12805 = CARTESIAN_POINT('',(86.499999998824,39.,91.));
#12806 = DIRECTION('',(0.,0.,-1.));
#12807 = DIRECTION('',(-1.,0.,0.));
#12808 = PCURVE('',#3543,#12809);
#12809 = DEFINITIONAL_REPRESENTATION('',(#12810),#12814);
#12810 = LINE('',#12811,#12812);
#12811 = CARTESIAN_POINT('',(0.,-1.));
#12812 = VECTOR('',#12813,1.);
#12813 = DIRECTION('',(1.,0.));
#12814 = ( GEOMETRIC_REPRESENTATION_CONTEXT(2) 
PARAMETRIC_REPRESENTATION_CONTEXT() REPRESENTATION_CONTEXT('2D SPACE',''
  ) );
#12815 = PCURVE('',#6385,#12816);
#12816 = DEFINITIONAL_REPRESENTATION('',(#12817),#12825);
#12817 = ( BOUNDED_CURVE() B_SPLINE_CURVE(2,(#12818,#12819,#12820,#12821
    ,#12822,#12823,#12824),.UNSPECIFIED.,.T.,.F.) 
B_SPLINE_CURVE_WITH_KNOTS((1,2,2,2,2,1),(-2.094395102393,0.,
    2.094395102393,4.188790204786,6.28318530718,8.377580409573),
.UNSPECIFIED.) CURVE() GEOMETRIC_REPRESENTATION_ITEM() 
RATIONAL_B_SPLINE_CURVE((1.,0.5,1.,0.5,1.,0.5,1.)) REPRESENTATION_ITEM(
  '') );
#12818 = CARTESIAN_POINT('',(185.99999999882,14.));
#12819 = CARTESIAN_POINT('',(185.99999999882,24.392304845413));
#12820 = CARTESIAN_POINT('',(194.99999999882,19.196152422707));
#12821 = CARTESIAN_POINT('',(203.99999999882,14.));
#12822 = CARTESIAN_POINT('',(194.99999999882,8.803847577293));
#12823 = CARTESIAN_POINT('',(185.99999999882,3.607695154587));
#12824 = CARTESIAN_POINT('',(185.99999999882,14.));
#12825 = ( GEOMETRIC_REPRESENTATION_CONTEXT(2) 
PARAMETRIC_REPRESENTATION_CONTEXT() REPRESENTATION_CONTEXT('2D SPACE',''
  ) );
#12826 = ORIENTED_EDGE('',*,*,#12827,.T.);
#12827 = EDGE_CURVE('',#12800,#3497,#12828,.T.);
#12828 = SURFACE_CURVE('',#12829,(#12833,#12840),.PCURVE_S1.);
#12829 = LINE('',#12830,#12831);
#12830 = CARTESIAN_POINT('',(92.499999999412,39.,90.));
#12831 = VECTOR('',#12832,1.);
#12832 = DIRECTION('',(0.,0.,1.));
#12833 = PCURVE('',#3543,#12834);
#12834 = DEFINITIONAL_REPRESENTATION('',(#12835),#12839);
#12835 = LINE('',#12836,#12837);
#12836 = CARTESIAN_POINT('',(3.14159265359,0.));
#12837 = VECTOR('',#12838,1.);
#12838 = DIRECTION('',(0.,-1.));
#12839 = ( GEOMETRIC_REPRESENTATION_CONTEXT(2) 
PARAMETRIC_REPRESENTATION_CONTEXT() REPRESENTATION_CONTEXT('2D SPACE',''
  ) );
#12840 = PCURVE('',#3511,#12841);
#12841 = DEFINITIONAL_REPRESENTATION('',(#12842),#12846);
#12842 = LINE('',#12843,#12844);
#12843 = CARTESIAN_POINT('',(0.,0.));
#12844 = VECTOR('',#12845,1.);
#12845 = DIRECTION('',(0.,-1.));
#12846 = ( GEOMETRIC_REPRESENTATION_CONTEXT(2) 
PARAMETRIC_REPRESENTATION_CONTEXT() REPRESENTATION_CONTEXT('2D SPACE',''
  ) );
#12847 = ORIENTED_EDGE('',*,*,#3522,.T.);
#12848 = ORIENTED_EDGE('',*,*,#12721,.F.);
#12849 = ADVANCED_FACE('',(#12850),#3511,.T.);
#12850 = FACE_BOUND('',#12851,.T.);
#12851 = EDGE_LOOP('',(#12852,#12871,#12872,#12873));
#12852 = ORIENTED_EDGE('',*,*,#12853,.T.);
#12853 = EDGE_CURVE('',#12746,#12800,#12854,.T.);
#12854 = SURFACE_CURVE('',#12855,(#12859,#12865),.PCURVE_S1.);
#12855 = LINE('',#12856,#12857);
#12856 = CARTESIAN_POINT('',(92.5,32.,91.));
#12857 = VECTOR('',#12858,1.);
#12858 = DIRECTION('',(0.,-1.,0.));
#12859 = PCURVE('',#3511,#12860);
#12860 = DEFINITIONAL_REPRESENTATION('',(#12861),#12864);
#12861 = B_SPLINE_CURVE_WITH_KNOTS('',1,(#12862,#12863),.UNSPECIFIED.,
  .F.,.F.,(2,2),(-54.,-7.),.PIECEWISE_BEZIER_KNOTS.);
#12862 = CARTESIAN_POINT('',(47.,-1.));
#12863 = CARTESIAN_POINT('',(0.,-1.));
#12864 = ( GEOMETRIC_REPRESENTATION_CONTEXT(2) 
PARAMETRIC_REPRESENTATION_CONTEXT() REPRESENTATION_CONTEXT('2D SPACE',''
  ) );
#12865 = PCURVE('',#6385,#12866);
#12866 = DEFINITIONAL_REPRESENTATION('',(#12867),#12870);
#12867 = B_SPLINE_CURVE_WITH_KNOTS('',1,(#12868,#12869),.UNSPECIFIED.,
  .F.,.F.,(2,2),(-54.,-7.),.PIECEWISE_BEZIER_KNOTS.);
#12868 = CARTESIAN_POINT('',(198.,61.));
#12869 = CARTESIAN_POINT('',(198.,14.));
#12870 = ( GEOMETRIC_REPRESENTATION_CONTEXT(2) 
PARAMETRIC_REPRESENTATION_CONTEXT() REPRESENTATION_CONTEXT('2D SPACE',''
  ) );
#12871 = ORIENTED_EDGE('',*,*,#12827,.T.);
#12872 = ORIENTED_EDGE('',*,*,#3496,.F.);
#12873 = ORIENTED_EDGE('',*,*,#12775,.F.);
#12874 = ADVANCED_FACE('',(#12875),#3678,.F.);
#12875 = FACE_BOUND('',#12876,.F.);
#12876 = EDGE_LOOP('',(#12877,#12878));
#12877 = ORIENTED_EDGE('',*,*,#3662,.T.);
#12878 = ORIENTED_EDGE('',*,*,#12879,.T.);
#12879 = EDGE_CURVE('',#3663,#3640,#12880,.T.);
#12880 = SURFACE_CURVE('',#12881,(#12886,#12893),.PCURVE_S1.);
#12881 = CIRCLE('',#12882,2.);
#12882 = AXIS2_PLACEMENT_3D('',#12883,#12884,#12885);
#12883 = CARTESIAN_POINT('',(-103.,-8.,22.));
#12884 = DIRECTION('',(0.,-1.,1.110223024625E-16));
#12885 = DIRECTION('',(1.,0.,0.));
#12886 = PCURVE('',#3678,#12887);
#12887 = DEFINITIONAL_REPRESENTATION('',(#12888),#12892);
#12888 = CIRCLE('',#12889,2.);
#12889 = AXIS2_PLACEMENT_2D('',#12890,#12891);
#12890 = CARTESIAN_POINT('',(0.,0.));
#12891 = DIRECTION('',(1.,0.));
#12892 = ( GEOMETRIC_REPRESENTATION_CONTEXT(2) 
PARAMETRIC_REPRESENTATION_CONTEXT() REPRESENTATION_CONTEXT('2D SPACE',''
  ) );
#12893 = PCURVE('',#6168,#12894);
#12894 = DEFINITIONAL_REPRESENTATION('',(#12895),#12899);
#12895 = LINE('',#12896,#12897);
#12896 = CARTESIAN_POINT('',(0.,0.));
#12897 = VECTOR('',#12898,1.);
#12898 = DIRECTION('',(1.,0.));
#12899 = ( GEOMETRIC_REPRESENTATION_CONTEXT(2) 
PARAMETRIC_REPRESENTATION_CONTEXT() REPRESENTATION_CONTEXT('2D SPACE',''
  ) );
#12900 = ADVANCED_FACE('',(#12901),#3729,.F.);
#12901 = FACE_BOUND('',#12902,.F.);
#12902 = EDGE_LOOP('',(#12903,#12904));
#12903 = ORIENTED_EDGE('',*,*,#3713,.T.);
#12904 = ORIENTED_EDGE('',*,*,#12905,.T.);
#12905 = EDGE_CURVE('',#3714,#3691,#12906,.T.);
#12906 = SURFACE_CURVE('',#12907,(#12912,#12919),.PCURVE_S1.);
#12907 = CIRCLE('',#12908,2.);
#12908 = AXIS2_PLACEMENT_3D('',#12909,#12910,#12911);
#12909 = CARTESIAN_POINT('',(-103.,-8.,72.));
#12910 = DIRECTION('',(0.,-1.,1.110223024625E-16));
#12911 = DIRECTION('',(1.,0.,0.));
#12912 = PCURVE('',#3729,#12913);
#12913 = DEFINITIONAL_REPRESENTATION('',(#12914),#12918);
#12914 = CIRCLE('',#12915,2.);
#12915 = AXIS2_PLACEMENT_2D('',#12916,#12917);
#12916 = CARTESIAN_POINT('',(0.,0.));
#12917 = DIRECTION('',(1.,0.));
#12918 = ( GEOMETRIC_REPRESENTATION_CONTEXT(2) 
PARAMETRIC_REPRESENTATION_CONTEXT() REPRESENTATION_CONTEXT('2D SPACE',''
  ) );
#12919 = PCURVE('',#6228,#12920);
#12920 = DEFINITIONAL_REPRESENTATION('',(#12921),#12925);
#12921 = LINE('',#12922,#12923);
#12922 = CARTESIAN_POINT('',(0.,0.));
#12923 = VECTOR('',#12924,1.);
#12924 = DIRECTION('',(1.,0.));
#12925 = ( GEOMETRIC_REPRESENTATION_CONTEXT(2) 
PARAMETRIC_REPRESENTATION_CONTEXT() REPRESENTATION_CONTEXT('2D SPACE',''
  ) );
#12926 = ADVANCED_FACE('',(#12927),#6228,.T.);
#12927 = FACE_BOUND('',#12928,.T.);
#12928 = EDGE_LOOP('',(#12929,#12952,#12979,#12980,#12981,#12982));
#12929 = ORIENTED_EDGE('',*,*,#12930,.T.);
#12930 = EDGE_CURVE('',#6208,#12931,#12933,.T.);
#12931 = VERTEX_POINT('',#12932);
#12932 = CARTESIAN_POINT('',(-101.,-11.6,72.));
#12933 = SEAM_CURVE('',#12934,(#12938,#12945),.PCURVE_S1.);
#12934 = LINE('',#12935,#12936);
#12935 = CARTESIAN_POINT('',(-101.,-8.,72.));
#12936 = VECTOR('',#12937,1.);
#12937 = DIRECTION('',(0.,-1.,1.110223024625E-16));
#12938 = PCURVE('',#6228,#12939);
#12939 = DEFINITIONAL_REPRESENTATION('',(#12940),#12944);
#12940 = LINE('',#12941,#12942);
#12941 = CARTESIAN_POINT('',(6.28318530718,0.));
#12942 = VECTOR('',#12943,1.);
#12943 = DIRECTION('',(0.,1.));
#12944 = ( GEOMETRIC_REPRESENTATION_CONTEXT(2) 
PARAMETRIC_REPRESENTATION_CONTEXT() REPRESENTATION_CONTEXT('2D SPACE',''
  ) );
#12945 = PCURVE('',#6228,#12946);
#12946 = DEFINITIONAL_REPRESENTATION('',(#12947),#12951);
#12947 = LINE('',#12948,#12949);
#12948 = CARTESIAN_POINT('',(0.,0.));
#12949 = VECTOR('',#12950,1.);
#12950 = DIRECTION('',(0.,1.));
#12951 = ( GEOMETRIC_REPRESENTATION_CONTEXT(2) 
PARAMETRIC_REPRESENTATION_CONTEXT() REPRESENTATION_CONTEXT('2D SPACE',''
  ) );
#12952 = ORIENTED_EDGE('',*,*,#12953,.F.);
#12953 = EDGE_CURVE('',#12931,#12931,#12954,.T.);
#12954 = SURFACE_CURVE('',#12955,(#12960,#12967),.PCURVE_S1.);
#12955 = CIRCLE('',#12956,2.);
#12956 = AXIS2_PLACEMENT_3D('',#12957,#12958,#12959);
#12957 = CARTESIAN_POINT('',(-103.,-11.6,72.));
#12958 = DIRECTION('',(0.,-1.,1.110223024625E-16));
#12959 = DIRECTION('',(1.,0.,0.));
#12960 = PCURVE('',#6228,#12961);
#12961 = DEFINITIONAL_REPRESENTATION('',(#12962),#12966);
#12962 = LINE('',#12963,#12964);
#12963 = CARTESIAN_POINT('',(0.,3.6));
#12964 = VECTOR('',#12965,1.);
#12965 = DIRECTION('',(1.,0.));
#12966 = ( GEOMETRIC_REPRESENTATION_CONTEXT(2) 
PARAMETRIC_REPRESENTATION_CONTEXT() REPRESENTATION_CONTEXT('2D SPACE',''
  ) );
#12967 = PCURVE('',#12968,#12973);
#12968 = PLANE('',#12969);
#12969 = AXIS2_PLACEMENT_3D('',#12970,#12971,#12972);
#12970 = CARTESIAN_POINT('',(-103.,-11.6,72.));
#12971 = DIRECTION('',(0.,-1.,1.110223024625E-16));
#12972 = DIRECTION('',(1.,0.,0.));
#12973 = DEFINITIONAL_REPRESENTATION('',(#12974),#12978);
#12974 = CIRCLE('',#12975,2.);
#12975 = AXIS2_PLACEMENT_2D('',#12976,#12977);
#12976 = CARTESIAN_POINT('',(0.,0.));
#12977 = DIRECTION('',(1.,0.));
#12978 = ( GEOMETRIC_REPRESENTATION_CONTEXT(2) 
PARAMETRIC_REPRESENTATION_CONTEXT() REPRESENTATION_CONTEXT('2D SPACE',''
  ) );
#12979 = ORIENTED_EDGE('',*,*,#12930,.F.);
#12980 = ORIENTED_EDGE('',*,*,#6240,.T.);
#12981 = ORIENTED_EDGE('',*,*,#12905,.T.);
#12982 = ORIENTED_EDGE('',*,*,#6207,.T.);
#12983 = ADVANCED_FACE('',(#12984),#6168,.T.);
#12984 = FACE_BOUND('',#12985,.T.);
#12985 = EDGE_LOOP('',(#12986,#13009,#13036,#13037,#13038,#13039));
#12986 = ORIENTED_EDGE('',*,*,#12987,.T.);
#12987 = EDGE_CURVE('',#6148,#12988,#12990,.T.);
#12988 = VERTEX_POINT('',#12989);
#12989 = CARTESIAN_POINT('',(-101.,-11.6,22.));
#12990 = SEAM_CURVE('',#12991,(#12995,#13002),.PCURVE_S1.);
#12991 = LINE('',#12992,#12993);
#12992 = CARTESIAN_POINT('',(-101.,-8.,22.));
#12993 = VECTOR('',#12994,1.);
#12994 = DIRECTION('',(0.,-1.,1.110223024625E-16));
#12995 = PCURVE('',#6168,#12996);
#12996 = DEFINITIONAL_REPRESENTATION('',(#12997),#13001);
#12997 = LINE('',#12998,#12999);
#12998 = CARTESIAN_POINT('',(6.28318530718,0.));
#12999 = VECTOR('',#13000,1.);
#13000 = DIRECTION('',(0.,1.));
#13001 = ( GEOMETRIC_REPRESENTATION_CONTEXT(2) 
PARAMETRIC_REPRESENTATION_CONTEXT() REPRESENTATION_CONTEXT('2D SPACE',''
  ) );
#13002 = PCURVE('',#6168,#13003);
#13003 = DEFINITIONAL_REPRESENTATION('',(#13004),#13008);
#13004 = LINE('',#13005,#13006);
#13005 = CARTESIAN_POINT('',(0.,0.));
#13006 = VECTOR('',#13007,1.);
#13007 = DIRECTION('',(0.,1.));
#13008 = ( GEOMETRIC_REPRESENTATION_CONTEXT(2) 
PARAMETRIC_REPRESENTATION_CONTEXT() REPRESENTATION_CONTEXT('2D SPACE',''
  ) );
#13009 = ORIENTED_EDGE('',*,*,#13010,.F.);
#13010 = EDGE_CURVE('',#12988,#12988,#13011,.T.);
#13011 = SURFACE_CURVE('',#13012,(#13017,#13024),.PCURVE_S1.);
#13012 = CIRCLE('',#13013,2.);
#13013 = AXIS2_PLACEMENT_3D('',#13014,#13015,#13016);
#13014 = CARTESIAN_POINT('',(-103.,-11.6,22.));
#13015 = DIRECTION('',(0.,-1.,1.110223024625E-16));
#13016 = DIRECTION('',(1.,0.,0.));
#13017 = PCURVE('',#6168,#13018);
#13018 = DEFINITIONAL_REPRESENTATION('',(#13019),#13023);
#13019 = LINE('',#13020,#13021);
#13020 = CARTESIAN_POINT('',(0.,3.6));
#13021 = VECTOR('',#13022,1.);
#13022 = DIRECTION('',(1.,0.));
#13023 = ( GEOMETRIC_REPRESENTATION_CONTEXT(2) 
PARAMETRIC_REPRESENTATION_CONTEXT() REPRESENTATION_CONTEXT('2D SPACE',''
  ) );
#13024 = PCURVE('',#13025,#13030);
#13025 = PLANE('',#13026);
#13026 = AXIS2_PLACEMENT_3D('',#13027,#13028,#13029);
#13027 = CARTESIAN_POINT('',(-103.,-11.6,22.));
#13028 = DIRECTION('',(0.,-1.,1.110223024625E-16));
#13029 = DIRECTION('',(1.,0.,0.));
#13030 = DEFINITIONAL_REPRESENTATION('',(#13031),#13035);
#13031 = CIRCLE('',#13032,2.);
#13032 = AXIS2_PLACEMENT_2D('',#13033,#13034);
#13033 = CARTESIAN_POINT('',(0.,0.));
#13034 = DIRECTION('',(1.,0.));
#13035 = ( GEOMETRIC_REPRESENTATION_CONTEXT(2) 
PARAMETRIC_REPRESENTATION_CONTEXT() REPRESENTATION_CONTEXT('2D SPACE',''
  ) );
#13036 = ORIENTED_EDGE('',*,*,#12987,.F.);
#13037 = ORIENTED_EDGE('',*,*,#6180,.T.);
#13038 = ORIENTED_EDGE('',*,*,#12879,.T.);
#13039 = ORIENTED_EDGE('',*,*,#6147,.T.);
#13040 = ADVANCED_FACE('',(#13041,#13047,#13050,#13053,#13063,#13073,
    #13076,#13079),#6385,.F.);
#13041 = FACE_BOUND('',#13042,.F.);
#13042 = EDGE_LOOP('',(#13043,#13044,#13045,#13046));
#13043 = ORIENTED_EDGE('',*,*,#6369,.F.);
#13044 = ORIENTED_EDGE('',*,*,#6425,.T.);
#13045 = ORIENTED_EDGE('',*,*,#6525,.T.);
#13046 = ORIENTED_EDGE('',*,*,#8973,.F.);
#13047 = FACE_BOUND('',#13048,.F.);
#13048 = EDGE_LOOP('',(#13049));
#13049 = ORIENTED_EDGE('',*,*,#11490,.F.);
#13050 = FACE_BOUND('',#13051,.F.);
#13051 = EDGE_LOOP('',(#13052));
#13052 = ORIENTED_EDGE('',*,*,#11540,.F.);
#13053 = FACE_BOUND('',#13054,.F.);
#13054 = EDGE_LOOP('',(#13055,#13056,#13057,#13058,#13059,#13060,#13061,
    #13062));
#13055 = ORIENTED_EDGE('',*,*,#11566,.F.);
#13056 = ORIENTED_EDGE('',*,*,#11635,.T.);
#13057 = ORIENTED_EDGE('',*,*,#11743,.F.);
#13058 = ORIENTED_EDGE('',*,*,#11837,.T.);
#13059 = ORIENTED_EDGE('',*,*,#11945,.T.);
#13060 = ORIENTED_EDGE('',*,*,#11891,.T.);
#13061 = ORIENTED_EDGE('',*,*,#11790,.T.);
#13062 = ORIENTED_EDGE('',*,*,#11689,.T.);
#13063 = FACE_BOUND('',#13064,.F.);
#13064 = EDGE_LOOP('',(#13065,#13066,#13067,#13068,#13069,#13070,#13071,
    #13072));
#13065 = ORIENTED_EDGE('',*,*,#11970,.F.);
#13066 = ORIENTED_EDGE('',*,*,#12039,.T.);
#13067 = ORIENTED_EDGE('',*,*,#12147,.F.);
#13068 = ORIENTED_EDGE('',*,*,#12241,.T.);
#13069 = ORIENTED_EDGE('',*,*,#12349,.T.);
#13070 = ORIENTED_EDGE('',*,*,#12295,.T.);
#13071 = ORIENTED_EDGE('',*,*,#12194,.T.);
#13072 = ORIENTED_EDGE('',*,*,#12093,.T.);
#13073 = FACE_BOUND('',#13074,.F.);
#13074 = EDGE_LOOP('',(#13075));
#13075 = ORIENTED_EDGE('',*,*,#12398,.F.);
#13076 = FACE_BOUND('',#13077,.F.);
#13077 = EDGE_LOOP('',(#13078));
#13078 = ORIENTED_EDGE('',*,*,#12448,.F.);
#13079 = FACE_BOUND('',#13080,.F.);
#13080 = EDGE_LOOP('',(#13081,#13082,#13083,#13084,#13085,#13086,#13087,
    #13088));
#13081 = ORIENTED_EDGE('',*,*,#12474,.F.);
#13082 = ORIENTED_EDGE('',*,*,#12543,.T.);
#13083 = ORIENTED_EDGE('',*,*,#12651,.F.);
#13084 = ORIENTED_EDGE('',*,*,#12745,.T.);
#13085 = ORIENTED_EDGE('',*,*,#12853,.T.);
#13086 = ORIENTED_EDGE('',*,*,#12799,.T.);
#13087 = ORIENTED_EDGE('',*,*,#12698,.T.);
#13088 = ORIENTED_EDGE('',*,*,#12597,.T.);
#13089 = ADVANCED_FACE('',(#13090),#6334,.F.);
#13090 = FACE_BOUND('',#13091,.F.);
#13091 = EDGE_LOOP('',(#13092,#13093,#13094,#13095,#13096,#13097));
#13092 = ORIENTED_EDGE('',*,*,#6318,.F.);
#13093 = ORIENTED_EDGE('',*,*,#8951,.F.);
#13094 = ORIENTED_EDGE('',*,*,#11376,.T.);
#13095 = ORIENTED_EDGE('',*,*,#11223,.T.);
#13096 = ORIENTED_EDGE('',*,*,#6596,.T.);
#13097 = ORIENTED_EDGE('',*,*,#6495,.F.);
#13098 = ADVANCED_FACE('',(#13099),#8104,.F.);
#13099 = FACE_BOUND('',#13100,.F.);
#13100 = EDGE_LOOP('',(#13101,#13102,#13123,#13124));
#13101 = ORIENTED_EDGE('',*,*,#8995,.T.);
#13102 = ORIENTED_EDGE('',*,*,#13103,.T.);
#13103 = EDGE_CURVE('',#8996,#6621,#13104,.T.);
#13104 = SEAM_CURVE('',#13105,(#13109,#13116),.PCURVE_S1.);
#13105 = LINE('',#13106,#13107);
#13106 = CARTESIAN_POINT('',(0.,46.,52.181764705882));
#13107 = VECTOR('',#13108,1.);
#13108 = DIRECTION('',(1.,0.,0.));
#13109 = PCURVE('',#8104,#13110);
#13110 = DEFINITIONAL_REPRESENTATION('',(#13111),#13115);
#13111 = LINE('',#13112,#13113);
#13112 = CARTESIAN_POINT('',(192.13225840126,0.));
#13113 = VECTOR('',#13114,1.);
#13114 = DIRECTION('',(0.,-1.));
#13115 = ( GEOMETRIC_REPRESENTATION_CONTEXT(2) 
PARAMETRIC_REPRESENTATION_CONTEXT() REPRESENTATION_CONTEXT('2D SPACE',''
  ) );
#13116 = PCURVE('',#8104,#13117);
#13117 = DEFINITIONAL_REPRESENTATION('',(#13118),#13122);
#13118 = LINE('',#13119,#13120);
#13119 = CARTESIAN_POINT('',(0.,0.));
#13120 = VECTOR('',#13121,1.);
#13121 = DIRECTION('',(0.,-1.));
#13122 = ( GEOMETRIC_REPRESENTATION_CONTEXT(2) 
PARAMETRIC_REPRESENTATION_CONTEXT() REPRESENTATION_CONTEXT('2D SPACE',''
  ) );
#13123 = ORIENTED_EDGE('',*,*,#6620,.F.);
#13124 = ORIENTED_EDGE('',*,*,#13103,.F.);
#13125 = ADVANCED_FACE('',(#13126),#11339,.F.);
#13126 = FACE_BOUND('',#13127,.F.);
#13127 = EDGE_LOOP('',(#13128,#13152,#13174));
#13128 = ORIENTED_EDGE('',*,*,#13129,.T.);
#13129 = EDGE_CURVE('',#11324,#13130,#13132,.T.);
#13130 = VERTEX_POINT('',#13131);
#13131 = CARTESIAN_POINT('',(105.,-8.,22.));
#13132 = SURFACE_CURVE('',#13133,(#13138,#13145),.PCURVE_S1.);
#13133 = CIRCLE('',#13134,2.);
#13134 = AXIS2_PLACEMENT_3D('',#13135,#13136,#13137);
#13135 = CARTESIAN_POINT('',(103.,-8.,22.));
#13136 = DIRECTION('',(0.,-1.,1.110223024625E-16));
#13137 = DIRECTION('',(1.,0.,0.));
#13138 = PCURVE('',#11339,#13139);
#13139 = DEFINITIONAL_REPRESENTATION('',(#13140),#13144);
#13140 = CIRCLE('',#13141,2.);
#13141 = AXIS2_PLACEMENT_2D('',#13142,#13143);
#13142 = CARTESIAN_POINT('',(0.,0.));
#13143 = DIRECTION('',(1.,0.));
#13144 = ( GEOMETRIC_REPRESENTATION_CONTEXT(2) 
PARAMETRIC_REPRESENTATION_CONTEXT() REPRESENTATION_CONTEXT('2D SPACE',''
  ) );
#13145 = PCURVE('',#11451,#13146);
#13146 = DEFINITIONAL_REPRESENTATION('',(#13147),#13151);
#13147 = LINE('',#13148,#13149);
#13148 = CARTESIAN_POINT('',(0.,0.));
#13149 = VECTOR('',#13150,1.);
#13150 = DIRECTION('',(1.,0.));
#13151 = ( GEOMETRIC_REPRESENTATION_CONTEXT(2) 
PARAMETRIC_REPRESENTATION_CONTEXT() REPRESENTATION_CONTEXT('2D SPACE',''
  ) );
#13152 = ORIENTED_EDGE('',*,*,#13153,.T.);
#13153 = EDGE_CURVE('',#13130,#11301,#13154,.T.);
#13154 = SURFACE_CURVE('',#13155,(#13160,#13167),.PCURVE_S1.);
#13155 = CIRCLE('',#13156,2.);
#13156 = AXIS2_PLACEMENT_3D('',#13157,#13158,#13159);
#13157 = CARTESIAN_POINT('',(103.,-8.,22.));
#13158 = DIRECTION('',(0.,-1.,1.110223024625E-16));
#13159 = DIRECTION('',(1.,0.,0.));
#13160 = PCURVE('',#11339,#13161);
#13161 = DEFINITIONAL_REPRESENTATION('',(#13162),#13166);
#13162 = CIRCLE('',#13163,2.);
#13163 = AXIS2_PLACEMENT_2D('',#13164,#13165);
#13164 = CARTESIAN_POINT('',(0.,0.));
#13165 = DIRECTION('',(1.,0.));
#13166 = ( GEOMETRIC_REPRESENTATION_CONTEXT(2) 
PARAMETRIC_REPRESENTATION_CONTEXT() REPRESENTATION_CONTEXT('2D SPACE',''
  ) );
#13167 = PCURVE('',#11451,#13168);
#13168 = DEFINITIONAL_REPRESENTATION('',(#13169),#13173);
#13169 = LINE('',#13170,#13171);
#13170 = CARTESIAN_POINT('',(0.,0.));
#13171 = VECTOR('',#13172,1.);
#13172 = DIRECTION('',(1.,0.));
#13173 = ( GEOMETRIC_REPRESENTATION_CONTEXT(2) 
PARAMETRIC_REPRESENTATION_CONTEXT() REPRESENTATION_CONTEXT('2D SPACE',''
  ) );
#13174 = ORIENTED_EDGE('',*,*,#11323,.F.);
#13175 = ADVANCED_FACE('',(#13176),#11288,.F.);
#13176 = FACE_BOUND('',#13177,.F.);
#13177 = EDGE_LOOP('',(#13178,#13202,#13224));
#13178 = ORIENTED_EDGE('',*,*,#13179,.T.);
#13179 = EDGE_CURVE('',#11273,#13180,#13182,.T.);
#13180 = VERTEX_POINT('',#13181);
#13181 = CARTESIAN_POINT('',(105.,-8.,72.));
#13182 = SURFACE_CURVE('',#13183,(#13188,#13195),.PCURVE_S1.);
#13183 = CIRCLE('',#13184,2.);
#13184 = AXIS2_PLACEMENT_3D('',#13185,#13186,#13187);
#13185 = CARTESIAN_POINT('',(103.,-8.,72.));
#13186 = DIRECTION('',(0.,-1.,1.110223024625E-16));
#13187 = DIRECTION('',(1.,0.,0.));
#13188 = PCURVE('',#11288,#13189);
#13189 = DEFINITIONAL_REPRESENTATION('',(#13190),#13194);
#13190 = CIRCLE('',#13191,2.);
#13191 = AXIS2_PLACEMENT_2D('',#13192,#13193);
#13192 = CARTESIAN_POINT('',(0.,0.));
#13193 = DIRECTION('',(1.,0.));
#13194 = ( GEOMETRIC_REPRESENTATION_CONTEXT(2) 
PARAMETRIC_REPRESENTATION_CONTEXT() REPRESENTATION_CONTEXT('2D SPACE',''
  ) );
#13195 = PCURVE('',#11419,#13196);
#13196 = DEFINITIONAL_REPRESENTATION('',(#13197),#13201);
#13197 = LINE('',#13198,#13199);
#13198 = CARTESIAN_POINT('',(0.,0.));
#13199 = VECTOR('',#13200,1.);
#13200 = DIRECTION('',(1.,0.));
#13201 = ( GEOMETRIC_REPRESENTATION_CONTEXT(2) 
PARAMETRIC_REPRESENTATION_CONTEXT() REPRESENTATION_CONTEXT('2D SPACE',''
  ) );
#13202 = ORIENTED_EDGE('',*,*,#13203,.T.);
#13203 = EDGE_CURVE('',#13180,#11250,#13204,.T.);
#13204 = SURFACE_CURVE('',#13205,(#13210,#13217),.PCURVE_S1.);
#13205 = CIRCLE('',#13206,2.);
#13206 = AXIS2_PLACEMENT_3D('',#13207,#13208,#13209);
#13207 = CARTESIAN_POINT('',(103.,-8.,72.));
#13208 = DIRECTION('',(0.,-1.,1.110223024625E-16));
#13209 = DIRECTION('',(1.,0.,0.));
#13210 = PCURVE('',#11288,#13211);
#13211 = DEFINITIONAL_REPRESENTATION('',(#13212),#13216);
#13212 = CIRCLE('',#13213,2.);
#13213 = AXIS2_PLACEMENT_2D('',#13214,#13215);
#13214 = CARTESIAN_POINT('',(0.,0.));
#13215 = DIRECTION('',(1.,0.));
#13216 = ( GEOMETRIC_REPRESENTATION_CONTEXT(2) 
PARAMETRIC_REPRESENTATION_CONTEXT() REPRESENTATION_CONTEXT('2D SPACE',''
  ) );
#13217 = PCURVE('',#11419,#13218);
#13218 = DEFINITIONAL_REPRESENTATION('',(#13219),#13223);
#13219 = LINE('',#13220,#13221);
#13220 = CARTESIAN_POINT('',(0.,0.));
#13221 = VECTOR('',#13222,1.);
#13222 = DIRECTION('',(1.,0.));
#13223 = ( GEOMETRIC_REPRESENTATION_CONTEXT(2) 
PARAMETRIC_REPRESENTATION_CONTEXT() REPRESENTATION_CONTEXT('2D SPACE',''
  ) );
#13224 = ORIENTED_EDGE('',*,*,#11272,.F.);
#13225 = ADVANCED_FACE('',(#13226),#11451,.T.);
#13226 = FACE_BOUND('',#13227,.T.);
#13227 = EDGE_LOOP('',(#13228,#13251,#13278,#13279,#13280,#13281));
#13228 = ORIENTED_EDGE('',*,*,#13229,.T.);
#13229 = EDGE_CURVE('',#13130,#13230,#13232,.T.);
#13230 = VERTEX_POINT('',#13231);
#13231 = CARTESIAN_POINT('',(105.,-11.6,22.));
#13232 = SEAM_CURVE('',#13233,(#13237,#13244),.PCURVE_S1.);
#13233 = LINE('',#13234,#13235);
#13234 = CARTESIAN_POINT('',(105.,-8.,22.));
#13235 = VECTOR('',#13236,1.);
#13236 = DIRECTION('',(0.,-1.,1.110223024625E-16));
#13237 = PCURVE('',#11451,#13238);
#13238 = DEFINITIONAL_REPRESENTATION('',(#13239),#13243);
#13239 = LINE('',#13240,#13241);
#13240 = CARTESIAN_POINT('',(6.28318530718,0.));
#13241 = VECTOR('',#13242,1.);
#13242 = DIRECTION('',(0.,1.));
#13243 = ( GEOMETRIC_REPRESENTATION_CONTEXT(2) 
PARAMETRIC_REPRESENTATION_CONTEXT() REPRESENTATION_CONTEXT('2D SPACE',''
  ) );
#13244 = PCURVE('',#11451,#13245);
#13245 = DEFINITIONAL_REPRESENTATION('',(#13246),#13250);
#13246 = LINE('',#13247,#13248);
#13247 = CARTESIAN_POINT('',(0.,0.));
#13248 = VECTOR('',#13249,1.);
#13249 = DIRECTION('',(0.,1.));
#13250 = ( GEOMETRIC_REPRESENTATION_CONTEXT(2) 
PARAMETRIC_REPRESENTATION_CONTEXT() REPRESENTATION_CONTEXT('2D SPACE',''
  ) );
#13251 = ORIENTED_EDGE('',*,*,#13252,.F.);
#13252 = EDGE_CURVE('',#13230,#13230,#13253,.T.);
#13253 = SURFACE_CURVE('',#13254,(#13259,#13266),.PCURVE_S1.);
#13254 = CIRCLE('',#13255,2.);
#13255 = AXIS2_PLACEMENT_3D('',#13256,#13257,#13258);
#13256 = CARTESIAN_POINT('',(103.,-11.6,22.));
#13257 = DIRECTION('',(0.,-1.,1.110223024625E-16));
#13258 = DIRECTION('',(1.,0.,0.));
#13259 = PCURVE('',#11451,#13260);
#13260 = DEFINITIONAL_REPRESENTATION('',(#13261),#13265);
#13261 = LINE('',#13262,#13263);
#13262 = CARTESIAN_POINT('',(0.,3.6));
#13263 = VECTOR('',#13264,1.);
#13264 = DIRECTION('',(1.,0.));
#13265 = ( GEOMETRIC_REPRESENTATION_CONTEXT(2) 
PARAMETRIC_REPRESENTATION_CONTEXT() REPRESENTATION_CONTEXT('2D SPACE',''
  ) );
#13266 = PCURVE('',#13267,#13272);
#13267 = PLANE('',#13268);
#13268 = AXIS2_PLACEMENT_3D('',#13269,#13270,#13271);
#13269 = CARTESIAN_POINT('',(103.,-11.6,22.));
#13270 = DIRECTION('',(0.,-1.,1.110223024625E-16));
#13271 = DIRECTION('',(1.,0.,0.));
#13272 = DEFINITIONAL_REPRESENTATION('',(#13273),#13277);
#13273 = CIRCLE('',#13274,2.);
#13274 = AXIS2_PLACEMENT_2D('',#13275,#13276);
#13275 = CARTESIAN_POINT('',(0.,0.));
#13276 = DIRECTION('',(1.,0.));
#13277 = ( GEOMETRIC_REPRESENTATION_CONTEXT(2) 
PARAMETRIC_REPRESENTATION_CONTEXT() REPRESENTATION_CONTEXT('2D SPACE',''
  ) );
#13278 = ORIENTED_EDGE('',*,*,#13229,.F.);
#13279 = ORIENTED_EDGE('',*,*,#13153,.T.);
#13280 = ORIENTED_EDGE('',*,*,#11432,.T.);
#13281 = ORIENTED_EDGE('',*,*,#13129,.T.);
#13282 = ADVANCED_FACE('',(#13283),#11419,.T.);
#13283 = FACE_BOUND('',#13284,.T.);
#13284 = EDGE_LOOP('',(#13285,#13308,#13335,#13336,#13337,#13338));
#13285 = ORIENTED_EDGE('',*,*,#13286,.T.);
#13286 = EDGE_CURVE('',#13180,#13287,#13289,.T.);
#13287 = VERTEX_POINT('',#13288);
#13288 = CARTESIAN_POINT('',(105.,-11.6,72.));
#13289 = SEAM_CURVE('',#13290,(#13294,#13301),.PCURVE_S1.);
#13290 = LINE('',#13291,#13292);
#13291 = CARTESIAN_POINT('',(105.,-8.,72.));
#13292 = VECTOR('',#13293,1.);
#13293 = DIRECTION('',(0.,-1.,1.110223024625E-16));
#13294 = PCURVE('',#11419,#13295);
#13295 = DEFINITIONAL_REPRESENTATION('',(#13296),#13300);
#13296 = LINE('',#13297,#13298);
#13297 = CARTESIAN_POINT('',(6.28318530718,0.));
#13298 = VECTOR('',#13299,1.);
#13299 = DIRECTION('',(0.,1.));
#13300 = ( GEOMETRIC_REPRESENTATION_CONTEXT(2) 
PARAMETRIC_REPRESENTATION_CONTEXT() REPRESENTATION_CONTEXT('2D SPACE',''
  ) );
#13301 = PCURVE('',#11419,#13302);
#13302 = DEFINITIONAL_REPRESENTATION('',(#13303),#13307);
#13303 = LINE('',#13304,#13305);
#13304 = CARTESIAN_POINT('',(0.,0.));
#13305 = VECTOR('',#13306,1.);
#13306 = DIRECTION('',(0.,1.));
#13307 = ( GEOMETRIC_REPRESENTATION_CONTEXT(2) 
PARAMETRIC_REPRESENTATION_CONTEXT() REPRESENTATION_CONTEXT('2D SPACE',''
  ) );
#13308 = ORIENTED_EDGE('',*,*,#13309,.F.);
#13309 = EDGE_CURVE('',#13287,#13287,#13310,.T.);
#13310 = SURFACE_CURVE('',#13311,(#13316,#13323),.PCURVE_S1.);
#13311 = CIRCLE('',#13312,2.);
#13312 = AXIS2_PLACEMENT_3D('',#13313,#13314,#13315);
#13313 = CARTESIAN_POINT('',(103.,-11.6,72.));
#13314 = DIRECTION('',(0.,-1.,1.110223024625E-16));
#13315 = DIRECTION('',(1.,0.,0.));
#13316 = PCURVE('',#11419,#13317);
#13317 = DEFINITIONAL_REPRESENTATION('',(#13318),#13322);
#13318 = LINE('',#13319,#13320);
#13319 = CARTESIAN_POINT('',(0.,3.6));
#13320 = VECTOR('',#13321,1.);
#13321 = DIRECTION('',(1.,0.));
#13322 = ( GEOMETRIC_REPRESENTATION_CONTEXT(2) 
PARAMETRIC_REPRESENTATION_CONTEXT() REPRESENTATION_CONTEXT('2D SPACE',''
  ) );
#13323 = PCURVE('',#13324,#13329);
#13324 = PLANE('',#13325);
#13325 = AXIS2_PLACEMENT_3D('',#13326,#13327,#13328);
#13326 = CARTESIAN_POINT('',(103.,-11.6,72.));
#13327 = DIRECTION('',(0.,-1.,1.110223024625E-16));
#13328 = DIRECTION('',(1.,0.,0.));
#13329 = DEFINITIONAL_REPRESENTATION('',(#13330),#13334);
#13330 = CIRCLE('',#13331,2.);
#13331 = AXIS2_PLACEMENT_2D('',#13332,#13333);
#13332 = CARTESIAN_POINT('',(0.,0.));
#13333 = DIRECTION('',(1.,0.));
#13334 = ( GEOMETRIC_REPRESENTATION_CONTEXT(2) 
PARAMETRIC_REPRESENTATION_CONTEXT() REPRESENTATION_CONTEXT('2D SPACE',''
  ) );
#13335 = ORIENTED_EDGE('',*,*,#13286,.F.);
#13336 = ORIENTED_EDGE('',*,*,#13203,.T.);
#13337 = ORIENTED_EDGE('',*,*,#11400,.T.);
#13338 = ORIENTED_EDGE('',*,*,#13179,.T.);
#13339 = ADVANCED_FACE('',(#13340,#13371),#12968,.F.);
#13340 = FACE_BOUND('',#13341,.F.);
#13341 = EDGE_LOOP('',(#13342));
#13342 = ORIENTED_EDGE('',*,*,#13343,.T.);
#13343 = EDGE_CURVE('',#13344,#13344,#13346,.T.);
#13344 = VERTEX_POINT('',#13345);
#13345 = CARTESIAN_POINT('',(-99.5,-11.6,72.));
#13346 = SURFACE_CURVE('',#13347,(#13352,#13359),.PCURVE_S1.);
#13347 = CIRCLE('',#13348,3.5);
#13348 = AXIS2_PLACEMENT_3D('',#13349,#13350,#13351);
#13349 = CARTESIAN_POINT('',(-103.,-11.6,72.));
#13350 = DIRECTION('',(0.,-1.,1.110223024625E-16));
#13351 = DIRECTION('',(1.,0.,0.));
#13352 = PCURVE('',#12968,#13353);
#13353 = DEFINITIONAL_REPRESENTATION('',(#13354),#13358);
#13354 = CIRCLE('',#13355,3.5);
#13355 = AXIS2_PLACEMENT_2D('',#13356,#13357);
#13356 = CARTESIAN_POINT('',(0.,0.));
#13357 = DIRECTION('',(1.,0.));
#13358 = ( GEOMETRIC_REPRESENTATION_CONTEXT(2) 
PARAMETRIC_REPRESENTATION_CONTEXT() REPRESENTATION_CONTEXT('2D SPACE',''
  ) );
#13359 = PCURVE('',#13360,#13365);
#13360 = CYLINDRICAL_SURFACE('',#13361,3.5);
#13361 = AXIS2_PLACEMENT_3D('',#13362,#13363,#13364);
#13362 = CARTESIAN_POINT('',(-103.,-11.6,72.));
#13363 = DIRECTION('',(0.,-1.,1.110223024625E-16));
#13364 = DIRECTION('',(1.,0.,0.));
#13365 = DEFINITIONAL_REPRESENTATION('',(#13366),#13370);
#13366 = LINE('',#13367,#13368);
#13367 = CARTESIAN_POINT('',(0.,0.));
#13368 = VECTOR('',#13369,1.);
#13369 = DIRECTION('',(1.,0.));
#13370 = ( GEOMETRIC_REPRESENTATION_CONTEXT(2) 
PARAMETRIC_REPRESENTATION_CONTEXT() REPRESENTATION_CONTEXT('2D SPACE',''
  ) );
#13371 = FACE_BOUND('',#13372,.F.);
#13372 = EDGE_LOOP('',(#13373));
#13373 = ORIENTED_EDGE('',*,*,#12953,.F.);
#13374 = ADVANCED_FACE('',(#13375,#13406),#13025,.F.);
#13375 = FACE_BOUND('',#13376,.F.);
#13376 = EDGE_LOOP('',(#13377));
#13377 = ORIENTED_EDGE('',*,*,#13378,.T.);
#13378 = EDGE_CURVE('',#13379,#13379,#13381,.T.);
#13379 = VERTEX_POINT('',#13380);
#13380 = CARTESIAN_POINT('',(-99.5,-11.6,22.));
#13381 = SURFACE_CURVE('',#13382,(#13387,#13394),.PCURVE_S1.);
#13382 = CIRCLE('',#13383,3.5);
#13383 = AXIS2_PLACEMENT_3D('',#13384,#13385,#13386);
#13384 = CARTESIAN_POINT('',(-103.,-11.6,22.));
#13385 = DIRECTION('',(0.,-1.,1.110223024625E-16));
#13386 = DIRECTION('',(1.,0.,0.));
#13387 = PCURVE('',#13025,#13388);
#13388 = DEFINITIONAL_REPRESENTATION('',(#13389),#13393);
#13389 = CIRCLE('',#13390,3.5);
#13390 = AXIS2_PLACEMENT_2D('',#13391,#13392);
#13391 = CARTESIAN_POINT('',(0.,0.));
#13392 = DIRECTION('',(1.,0.));
#13393 = ( GEOMETRIC_REPRESENTATION_CONTEXT(2) 
PARAMETRIC_REPRESENTATION_CONTEXT() REPRESENTATION_CONTEXT('2D SPACE',''
  ) );
#13394 = PCURVE('',#13395,#13400);
#13395 = CYLINDRICAL_SURFACE('',#13396,3.5);
#13396 = AXIS2_PLACEMENT_3D('',#13397,#13398,#13399);
#13397 = CARTESIAN_POINT('',(-103.,-11.6,22.));
#13398 = DIRECTION('',(0.,-1.,1.110223024625E-16));
#13399 = DIRECTION('',(1.,0.,0.));
#13400 = DEFINITIONAL_REPRESENTATION('',(#13401),#13405);
#13401 = LINE('',#13402,#13403);
#13402 = CARTESIAN_POINT('',(0.,0.));
#13403 = VECTOR('',#13404,1.);
#13404 = DIRECTION('',(1.,0.));
#13405 = ( GEOMETRIC_REPRESENTATION_CONTEXT(2) 
PARAMETRIC_REPRESENTATION_CONTEXT() REPRESENTATION_CONTEXT('2D SPACE',''
  ) );
#13406 = FACE_BOUND('',#13407,.F.);
#13407 = EDGE_LOOP('',(#13408));
#13408 = ORIENTED_EDGE('',*,*,#13010,.F.);
#13409 = ADVANCED_FACE('',(#13410,#13441),#13267,.F.);
#13410 = FACE_BOUND('',#13411,.F.);
#13411 = EDGE_LOOP('',(#13412));
#13412 = ORIENTED_EDGE('',*,*,#13413,.T.);
#13413 = EDGE_CURVE('',#13414,#13414,#13416,.T.);
#13414 = VERTEX_POINT('',#13415);
#13415 = CARTESIAN_POINT('',(106.5,-11.6,22.));
#13416 = SURFACE_CURVE('',#13417,(#13422,#13429),.PCURVE_S1.);
#13417 = CIRCLE('',#13418,3.5);
#13418 = AXIS2_PLACEMENT_3D('',#13419,#13420,#13421);
#13419 = CARTESIAN_POINT('',(103.,-11.6,22.));
#13420 = DIRECTION('',(0.,-1.,1.110223024625E-16));
#13421 = DIRECTION('',(1.,0.,0.));
#13422 = PCURVE('',#13267,#13423);
#13423 = DEFINITIONAL_REPRESENTATION('',(#13424),#13428);
#13424 = CIRCLE('',#13425,3.5);
#13425 = AXIS2_PLACEMENT_2D('',#13426,#13427);
#13426 = CARTESIAN_POINT('',(0.,0.));
#13427 = DIRECTION('',(1.,0.));
#13428 = ( GEOMETRIC_REPRESENTATION_CONTEXT(2) 
PARAMETRIC_REPRESENTATION_CONTEXT() REPRESENTATION_CONTEXT('2D SPACE',''
  ) );
#13429 = PCURVE('',#13430,#13435);
#13430 = CYLINDRICAL_SURFACE('',#13431,3.5);
#13431 = AXIS2_PLACEMENT_3D('',#13432,#13433,#13434);
#13432 = CARTESIAN_POINT('',(103.,-11.6,22.));
#13433 = DIRECTION('',(0.,-1.,1.110223024625E-16));
#13434 = DIRECTION('',(1.,0.,0.));
#13435 = DEFINITIONAL_REPRESENTATION('',(#13436),#13440);
#13436 = LINE('',#13437,#13438);
#13437 = CARTESIAN_POINT('',(0.,0.));
#13438 = VECTOR('',#13439,1.);
#13439 = DIRECTION('',(1.,0.));
#13440 = ( GEOMETRIC_REPRESENTATION_CONTEXT(2) 
PARAMETRIC_REPRESENTATION_CONTEXT() REPRESENTATION_CONTEXT('2D SPACE',''
  ) );
#13441 = FACE_BOUND('',#13442,.F.);
#13442 = EDGE_LOOP('',(#13443));
#13443 = ORIENTED_EDGE('',*,*,#13252,.F.);
#13444 = ADVANCED_FACE('',(#13445,#13476),#13324,.F.);
#13445 = FACE_BOUND('',#13446,.F.);
#13446 = EDGE_LOOP('',(#13447));
#13447 = ORIENTED_EDGE('',*,*,#13448,.T.);
#13448 = EDGE_CURVE('',#13449,#13449,#13451,.T.);
#13449 = VERTEX_POINT('',#13450);
#13450 = CARTESIAN_POINT('',(106.5,-11.6,72.));
#13451 = SURFACE_CURVE('',#13452,(#13457,#13464),.PCURVE_S1.);
#13452 = CIRCLE('',#13453,3.5);
#13453 = AXIS2_PLACEMENT_3D('',#13454,#13455,#13456);
#13454 = CARTESIAN_POINT('',(103.,-11.6,72.));
#13455 = DIRECTION('',(0.,-1.,1.110223024625E-16));
#13456 = DIRECTION('',(1.,0.,0.));
#13457 = PCURVE('',#13324,#13458);
#13458 = DEFINITIONAL_REPRESENTATION('',(#13459),#13463);
#13459 = CIRCLE('',#13460,3.5);
#13460 = AXIS2_PLACEMENT_2D('',#13461,#13462);
#13461 = CARTESIAN_POINT('',(0.,0.));
#13462 = DIRECTION('',(1.,0.));
#13463 = ( GEOMETRIC_REPRESENTATION_CONTEXT(2) 
PARAMETRIC_REPRESENTATION_CONTEXT() REPRESENTATION_CONTEXT('2D SPACE',''
  ) );
#13464 = PCURVE('',#13465,#13470);
#13465 = CYLINDRICAL_SURFACE('',#13466,3.5);
#13466 = AXIS2_PLACEMENT_3D('',#13467,#13468,#13469);
#13467 = CARTESIAN_POINT('',(103.,-11.6,72.));
#13468 = DIRECTION('',(0.,-1.,1.110223024625E-16));
#13469 = DIRECTION('',(1.,0.,0.));
#13470 = DEFINITIONAL_REPRESENTATION('',(#13471),#13475);
#13471 = LINE('',#13472,#13473);
#13472 = CARTESIAN_POINT('',(0.,0.));
#13473 = VECTOR('',#13474,1.);
#13474 = DIRECTION('',(1.,0.));
#13475 = ( GEOMETRIC_REPRESENTATION_CONTEXT(2) 
PARAMETRIC_REPRESENTATION_CONTEXT() REPRESENTATION_CONTEXT('2D SPACE',''
  ) );
#13476 = FACE_BOUND('',#13477,.F.);
#13477 = EDGE_LOOP('',(#13478));
#13478 = ORIENTED_EDGE('',*,*,#13309,.F.);
#13479 = ADVANCED_FACE('',(#13480),#13360,.T.);
#13480 = FACE_BOUND('',#13481,.T.);
#13481 = EDGE_LOOP('',(#13482,#13511,#13532,#13533));
#13482 = ORIENTED_EDGE('',*,*,#13483,.F.);
#13483 = EDGE_CURVE('',#13484,#13484,#13486,.T.);
#13484 = VERTEX_POINT('',#13485);
#13485 = CARTESIAN_POINT('',(-99.5,-13.6,72.));
#13486 = SURFACE_CURVE('',#13487,(#13492,#13499),.PCURVE_S1.);
#13487 = CIRCLE('',#13488,3.5);
#13488 = AXIS2_PLACEMENT_3D('',#13489,#13490,#13491);
#13489 = CARTESIAN_POINT('',(-103.,-13.6,72.));
#13490 = DIRECTION('',(0.,-1.,1.110223024625E-16));
#13491 = DIRECTION('',(1.,0.,0.));
#13492 = PCURVE('',#13360,#13493);
#13493 = DEFINITIONAL_REPRESENTATION('',(#13494),#13498);
#13494 = LINE('',#13495,#13496);
#13495 = CARTESIAN_POINT('',(0.,2.));
#13496 = VECTOR('',#13497,1.);
#13497 = DIRECTION('',(1.,0.));
#13498 = ( GEOMETRIC_REPRESENTATION_CONTEXT(2) 
PARAMETRIC_REPRESENTATION_CONTEXT() REPRESENTATION_CONTEXT('2D SPACE',''
  ) );
#13499 = PCURVE('',#13500,#13505);
#13500 = PLANE('',#13501);
#13501 = AXIS2_PLACEMENT_3D('',#13502,#13503,#13504);
#13502 = CARTESIAN_POINT('',(-103.,-13.6,72.));
#13503 = DIRECTION('',(0.,-1.,1.110223024625E-16));
#13504 = DIRECTION('',(1.,0.,0.));
#13505 = DEFINITIONAL_REPRESENTATION('',(#13506),#13510);
#13506 = CIRCLE('',#13507,3.5);
#13507 = AXIS2_PLACEMENT_2D('',#13508,#13509);
#13508 = CARTESIAN_POINT('',(0.,0.));
#13509 = DIRECTION('',(1.,0.));
#13510 = ( GEOMETRIC_REPRESENTATION_CONTEXT(2) 
PARAMETRIC_REPRESENTATION_CONTEXT() REPRESENTATION_CONTEXT('2D SPACE',''
  ) );
#13511 = ORIENTED_EDGE('',*,*,#13512,.F.);
#13512 = EDGE_CURVE('',#13344,#13484,#13513,.T.);
#13513 = SEAM_CURVE('',#13514,(#13518,#13525),.PCURVE_S1.);
#13514 = LINE('',#13515,#13516);
#13515 = CARTESIAN_POINT('',(-99.5,-11.6,72.));
#13516 = VECTOR('',#13517,1.);
#13517 = DIRECTION('',(0.,-1.,1.110223024625E-16));
#13518 = PCURVE('',#13360,#13519);
#13519 = DEFINITIONAL_REPRESENTATION('',(#13520),#13524);
#13520 = LINE('',#13521,#13522);
#13521 = CARTESIAN_POINT('',(6.28318530718,0.));
#13522 = VECTOR('',#13523,1.);
#13523 = DIRECTION('',(0.,1.));
#13524 = ( GEOMETRIC_REPRESENTATION_CONTEXT(2) 
PARAMETRIC_REPRESENTATION_CONTEXT() REPRESENTATION_CONTEXT('2D SPACE',''
  ) );
#13525 = PCURVE('',#13360,#13526);
#13526 = DEFINITIONAL_REPRESENTATION('',(#13527),#13531);
#13527 = LINE('',#13528,#13529);
#13528 = CARTESIAN_POINT('',(0.,0.));
#13529 = VECTOR('',#13530,1.);
#13530 = DIRECTION('',(0.,1.));
#13531 = ( GEOMETRIC_REPRESENTATION_CONTEXT(2) 
PARAMETRIC_REPRESENTATION_CONTEXT() REPRESENTATION_CONTEXT('2D SPACE',''
  ) );
#13532 = ORIENTED_EDGE('',*,*,#13343,.T.);
#13533 = ORIENTED_EDGE('',*,*,#13512,.T.);
#13534 = ADVANCED_FACE('',(#13535),#13395,.T.);
#13535 = FACE_BOUND('',#13536,.T.);
#13536 = EDGE_LOOP('',(#13537,#13566,#13587,#13588));
#13537 = ORIENTED_EDGE('',*,*,#13538,.F.);
#13538 = EDGE_CURVE('',#13539,#13539,#13541,.T.);
#13539 = VERTEX_POINT('',#13540);
#13540 = CARTESIAN_POINT('',(-99.5,-13.6,22.));
#13541 = SURFACE_CURVE('',#13542,(#13547,#13554),.PCURVE_S1.);
#13542 = CIRCLE('',#13543,3.5);
#13543 = AXIS2_PLACEMENT_3D('',#13544,#13545,#13546);
#13544 = CARTESIAN_POINT('',(-103.,-13.6,22.));
#13545 = DIRECTION('',(0.,-1.,1.110223024625E-16));
#13546 = DIRECTION('',(1.,0.,0.));
#13547 = PCURVE('',#13395,#13548);
#13548 = DEFINITIONAL_REPRESENTATION('',(#13549),#13553);
#13549 = LINE('',#13550,#13551);
#13550 = CARTESIAN_POINT('',(0.,2.));
#13551 = VECTOR('',#13552,1.);
#13552 = DIRECTION('',(1.,0.));
#13553 = ( GEOMETRIC_REPRESENTATION_CONTEXT(2) 
PARAMETRIC_REPRESENTATION_CONTEXT() REPRESENTATION_CONTEXT('2D SPACE',''
  ) );
#13554 = PCURVE('',#13555,#13560);
#13555 = PLANE('',#13556);
#13556 = AXIS2_PLACEMENT_3D('',#13557,#13558,#13559);
#13557 = CARTESIAN_POINT('',(-103.,-13.6,22.));
#13558 = DIRECTION('',(0.,-1.,1.110223024625E-16));
#13559 = DIRECTION('',(1.,0.,0.));
#13560 = DEFINITIONAL_REPRESENTATION('',(#13561),#13565);
#13561 = CIRCLE('',#13562,3.5);
#13562 = AXIS2_PLACEMENT_2D('',#13563,#13564);
#13563 = CARTESIAN_POINT('',(0.,0.));
#13564 = DIRECTION('',(1.,0.));
#13565 = ( GEOMETRIC_REPRESENTATION_CONTEXT(2) 
PARAMETRIC_REPRESENTATION_CONTEXT() REPRESENTATION_CONTEXT('2D SPACE',''
  ) );
#13566 = ORIENTED_EDGE('',*,*,#13567,.F.);
#13567 = EDGE_CURVE('',#13379,#13539,#13568,.T.);
#13568 = SEAM_CURVE('',#13569,(#13573,#13580),.PCURVE_S1.);
#13569 = LINE('',#13570,#13571);
#13570 = CARTESIAN_POINT('',(-99.5,-11.6,22.));
#13571 = VECTOR('',#13572,1.);
#13572 = DIRECTION('',(0.,-1.,1.110223024625E-16));
#13573 = PCURVE('',#13395,#13574);
#13574 = DEFINITIONAL_REPRESENTATION('',(#13575),#13579);
#13575 = LINE('',#13576,#13577);
#13576 = CARTESIAN_POINT('',(6.28318530718,0.));
#13577 = VECTOR('',#13578,1.);
#13578 = DIRECTION('',(0.,1.));
#13579 = ( GEOMETRIC_REPRESENTATION_CONTEXT(2) 
PARAMETRIC_REPRESENTATION_CONTEXT() REPRESENTATION_CONTEXT('2D SPACE',''
  ) );
#13580 = PCURVE('',#13395,#13581);
#13581 = DEFINITIONAL_REPRESENTATION('',(#13582),#13586);
#13582 = LINE('',#13583,#13584);
#13583 = CARTESIAN_POINT('',(0.,0.));
#13584 = VECTOR('',#13585,1.);
#13585 = DIRECTION('',(0.,1.));
#13586 = ( GEOMETRIC_REPRESENTATION_CONTEXT(2) 
PARAMETRIC_REPRESENTATION_CONTEXT() REPRESENTATION_CONTEXT('2D SPACE',''
  ) );
#13587 = ORIENTED_EDGE('',*,*,#13378,.T.);
#13588 = ORIENTED_EDGE('',*,*,#13567,.T.);
#13589 = ADVANCED_FACE('',(#13590),#13430,.T.);
#13590 = FACE_BOUND('',#13591,.T.);
#13591 = EDGE_LOOP('',(#13592,#13621,#13642,#13643));
#13592 = ORIENTED_EDGE('',*,*,#13593,.F.);
#13593 = EDGE_CURVE('',#13594,#13594,#13596,.T.);
#13594 = VERTEX_POINT('',#13595);
#13595 = CARTESIAN_POINT('',(106.5,-13.6,22.));
#13596 = SURFACE_CURVE('',#13597,(#13602,#13609),.PCURVE_S1.);
#13597 = CIRCLE('',#13598,3.5);
#13598 = AXIS2_PLACEMENT_3D('',#13599,#13600,#13601);
#13599 = CARTESIAN_POINT('',(103.,-13.6,22.));
#13600 = DIRECTION('',(0.,-1.,1.110223024625E-16));
#13601 = DIRECTION('',(1.,0.,0.));
#13602 = PCURVE('',#13430,#13603);
#13603 = DEFINITIONAL_REPRESENTATION('',(#13604),#13608);
#13604 = LINE('',#13605,#13606);
#13605 = CARTESIAN_POINT('',(0.,2.));
#13606 = VECTOR('',#13607,1.);
#13607 = DIRECTION('',(1.,0.));
#13608 = ( GEOMETRIC_REPRESENTATION_CONTEXT(2) 
PARAMETRIC_REPRESENTATION_CONTEXT() REPRESENTATION_CONTEXT('2D SPACE',''
  ) );
#13609 = PCURVE('',#13610,#13615);
#13610 = PLANE('',#13611);
#13611 = AXIS2_PLACEMENT_3D('',#13612,#13613,#13614);
#13612 = CARTESIAN_POINT('',(103.,-13.6,22.));
#13613 = DIRECTION('',(0.,-1.,1.110223024625E-16));
#13614 = DIRECTION('',(1.,0.,0.));
#13615 = DEFINITIONAL_REPRESENTATION('',(#13616),#13620);
#13616 = CIRCLE('',#13617,3.5);
#13617 = AXIS2_PLACEMENT_2D('',#13618,#13619);
#13618 = CARTESIAN_POINT('',(0.,0.));
#13619 = DIRECTION('',(1.,0.));
#13620 = ( GEOMETRIC_REPRESENTATION_CONTEXT(2) 
PARAMETRIC_REPRESENTATION_CONTEXT() REPRESENTATION_CONTEXT('2D SPACE',''
  ) );
#13621 = ORIENTED_EDGE('',*,*,#13622,.F.);
#13622 = EDGE_CURVE('',#13414,#13594,#13623,.T.);
#13623 = SEAM_CURVE('',#13624,(#13628,#13635),.PCURVE_S1.);
#13624 = LINE('',#13625,#13626);
#13625 = CARTESIAN_POINT('',(106.5,-11.6,22.));
#13626 = VECTOR('',#13627,1.);
#13627 = DIRECTION('',(0.,-1.,1.110223024625E-16));
#13628 = PCURVE('',#13430,#13629);
#13629 = DEFINITIONAL_REPRESENTATION('',(#13630),#13634);
#13630 = LINE('',#13631,#13632);
#13631 = CARTESIAN_POINT('',(6.28318530718,0.));
#13632 = VECTOR('',#13633,1.);
#13633 = DIRECTION('',(0.,1.));
#13634 = ( GEOMETRIC_REPRESENTATION_CONTEXT(2) 
PARAMETRIC_REPRESENTATION_CONTEXT() REPRESENTATION_CONTEXT('2D SPACE',''
  ) );
#13635 = PCURVE('',#13430,#13636);
#13636 = DEFINITIONAL_REPRESENTATION('',(#13637),#13641);
#13637 = LINE('',#13638,#13639);
#13638 = CARTESIAN_POINT('',(0.,0.));
#13639 = VECTOR('',#13640,1.);
#13640 = DIRECTION('',(0.,1.));
#13641 = ( GEOMETRIC_REPRESENTATION_CONTEXT(2) 
PARAMETRIC_REPRESENTATION_CONTEXT() REPRESENTATION_CONTEXT('2D SPACE',''
  ) );
#13642 = ORIENTED_EDGE('',*,*,#13413,.T.);
#13643 = ORIENTED_EDGE('',*,*,#13622,.T.);
#13644 = ADVANCED_FACE('',(#13645),#13465,.T.);
#13645 = FACE_BOUND('',#13646,.T.);
#13646 = EDGE_LOOP('',(#13647,#13676,#13697,#13698));
#13647 = ORIENTED_EDGE('',*,*,#13648,.F.);
#13648 = EDGE_CURVE('',#13649,#13649,#13651,.T.);
#13649 = VERTEX_POINT('',#13650);
#13650 = CARTESIAN_POINT('',(106.5,-13.6,72.));
#13651 = SURFACE_CURVE('',#13652,(#13657,#13664),.PCURVE_S1.);
#13652 = CIRCLE('',#13653,3.5);
#13653 = AXIS2_PLACEMENT_3D('',#13654,#13655,#13656);
#13654 = CARTESIAN_POINT('',(103.,-13.6,72.));
#13655 = DIRECTION('',(0.,-1.,1.110223024625E-16));
#13656 = DIRECTION('',(1.,0.,0.));
#13657 = PCURVE('',#13465,#13658);
#13658 = DEFINITIONAL_REPRESENTATION('',(#13659),#13663);
#13659 = LINE('',#13660,#13661);
#13660 = CARTESIAN_POINT('',(0.,2.));
#13661 = VECTOR('',#13662,1.);
#13662 = DIRECTION('',(1.,0.));
#13663 = ( GEOMETRIC_REPRESENTATION_CONTEXT(2) 
PARAMETRIC_REPRESENTATION_CONTEXT() REPRESENTATION_CONTEXT('2D SPACE',''
  ) );
#13664 = PCURVE('',#13665,#13670);
#13665 = PLANE('',#13666);
#13666 = AXIS2_PLACEMENT_3D('',#13667,#13668,#13669);
#13667 = CARTESIAN_POINT('',(103.,-13.6,72.));
#13668 = DIRECTION('',(0.,-1.,1.110223024625E-16));
#13669 = DIRECTION('',(1.,0.,0.));
#13670 = DEFINITIONAL_REPRESENTATION('',(#13671),#13675);
#13671 = CIRCLE('',#13672,3.5);
#13672 = AXIS2_PLACEMENT_2D('',#13673,#13674);
#13673 = CARTESIAN_POINT('',(0.,0.));
#13674 = DIRECTION('',(1.,0.));
#13675 = ( GEOMETRIC_REPRESENTATION_CONTEXT(2) 
PARAMETRIC_REPRESENTATION_CONTEXT() REPRESENTATION_CONTEXT('2D SPACE',''
  ) );
#13676 = ORIENTED_EDGE('',*,*,#13677,.F.);
#13677 = EDGE_CURVE('',#13449,#13649,#13678,.T.);
#13678 = SEAM_CURVE('',#13679,(#13683,#13690),.PCURVE_S1.);
#13679 = LINE('',#13680,#13681);
#13680 = CARTESIAN_POINT('',(106.5,-11.6,72.));
#13681 = VECTOR('',#13682,1.);
#13682 = DIRECTION('',(0.,-1.,1.110223024625E-16));
#13683 = PCURVE('',#13465,#13684);
#13684 = DEFINITIONAL_REPRESENTATION('',(#13685),#13689);
#13685 = LINE('',#13686,#13687);
#13686 = CARTESIAN_POINT('',(6.28318530718,0.));
#13687 = VECTOR('',#13688,1.);
#13688 = DIRECTION('',(0.,1.));
#13689 = ( GEOMETRIC_REPRESENTATION_CONTEXT(2) 
PARAMETRIC_REPRESENTATION_CONTEXT() REPRESENTATION_CONTEXT('2D SPACE',''
  ) );
#13690 = PCURVE('',#13465,#13691);
#13691 = DEFINITIONAL_REPRESENTATION('',(#13692),#13696);
#13692 = LINE('',#13693,#13694);
#13693 = CARTESIAN_POINT('',(0.,0.));
#13694 = VECTOR('',#13695,1.);
#13695 = DIRECTION('',(0.,1.));
#13696 = ( GEOMETRIC_REPRESENTATION_CONTEXT(2) 
PARAMETRIC_REPRESENTATION_CONTEXT() REPRESENTATION_CONTEXT('2D SPACE',''
  ) );
#13697 = ORIENTED_EDGE('',*,*,#13448,.T.);
#13698 = ORIENTED_EDGE('',*,*,#13677,.T.);
#13699 = ADVANCED_FACE('',(#13700),#13500,.T.);
#13700 = FACE_BOUND('',#13701,.T.);
#13701 = EDGE_LOOP('',(#13702));
#13702 = ORIENTED_EDGE('',*,*,#13483,.T.);
#13703 = ADVANCED_FACE('',(#13704),#13555,.T.);
#13704 = FACE_BOUND('',#13705,.T.);
#13705 = EDGE_LOOP('',(#13706));
#13706 = ORIENTED_EDGE('',*,*,#13538,.T.);
#13707 = ADVANCED_FACE('',(#13708),#13610,.T.);
#13708 = FACE_BOUND('',#13709,.T.);
#13709 = EDGE_LOOP('',(#13710));
#13710 = ORIENTED_EDGE('',*,*,#13593,.T.);
#13711 = ADVANCED_FACE('',(#13712),#13665,.T.);
#13712 = FACE_BOUND('',#13713,.T.);
#13713 = EDGE_LOOP('',(#13714));
#13714 = ORIENTED_EDGE('',*,*,#13648,.T.);
#13715 = ( GEOMETRIC_REPRESENTATION_CONTEXT(3) 
GLOBAL_UNCERTAINTY_ASSIGNED_CONTEXT((#13719)) 
GLOBAL_UNIT_ASSIGNED_CONTEXT((#13716,#13717,#13718)) 
REPRESENTATION_CONTEXT('Context #1',
  '3D Context with UNIT and UNCERTAINTY') );
#13716 = ( LENGTH_UNIT() NAMED_UNIT(*) SI_UNIT(.MILLI.,.METRE.) );
#13717 = ( NAMED_UNIT(*) PLANE_ANGLE_UNIT() SI_UNIT($,.RADIAN.) );
#13718 = ( NAMED_UNIT(*) SI_UNIT($,.STERADIAN.) SOLID_ANGLE_UNIT() );
#13719 = UNCERTAINTY_MEASURE_WITH_UNIT(LENGTH_MEASURE(1.E-04),#13716,
  'distance_accuracy_value','confusion accuracy');
#13720 = CONTEXT_DEPENDENT_SHAPE_REPRESENTATION(#13721,#13723);
#13721 = ( REPRESENTATION_RELATIONSHIP('','',#32,#10) 
REPRESENTATION_RELATIONSHIP_WITH_TRANSFORMATION(#13722) 
SHAPE_REPRESENTATION_RELATIONSHIP() );
#13722 = ITEM_DEFINED_TRANSFORMATION('','',#11,#15);
#13723 = PRODUCT_DEFINITION_SHAPE('Placement','Placement of an item',
  #13724);
#13724 = NEXT_ASSEMBLY_USAGE_OCCURRENCE('1','=>[0:1:1:2]','',#5,#27,$);
#13725 = PRODUCT_RELATED_PRODUCT_CATEGORY('part',$,(#29));
ENDSEC;
END-ISO-10303-21;
