  0
SECTION
  2
HEADER
  9
$ACADVER
  1
AC1027
  9
$ACADMAINTVER
 70
105
  9
$DWGCODEPAGE
  3
ANSI_1252
  9
$LASTSAVEDBY
  1
ezdxf
  9
$REQUIREDVERSIONS
160
0
  9
$INSBASE
 10
0.0
 20
0.0
 30
0.0
  9
$EXTMIN
 10
1e+20
 20
1e+20
 30
1e+20
  9
$EXTMAX
 10
-1e+20
 20
-1e+20
 30
-1e+20
  9
$LIMMIN
 10
0.0
 20
0.0
  9
$LIMMAX
 10
420.0
 20
297.0
  9
$ORTHOMODE
 70
0
  9
$REGENMODE
 70
1
  9
$FILLMODE
 70
1
  9
$QTEXTMODE
 70
0
  9
$MIRRTEXT
 70
1
  9
$LTSCALE
 40
1.0
  9
$ATTMODE
 70
1
  9
$TEXTSIZE
 40
2.5
  9
$TRACEWID
 40
1.0
  9
$TEXTSTYLE
  7
Standard
  9
$CLAYER
  8
0
  9
$CELTYPE
  6
ByLayer
  9
$CECOLOR
 62
256
  9
$CELTSCALE
 40
1.0
  9
$DISPSILH
 70
0
  9
$DIMSCALE
 40
1.0
  9
$DIMASZ
 40
2.5
  9
$DIMEXO
 40
0.625
  9
$DIMDLI
 40
3.75
  9
$DIMRND
 40
0.0
  9
$DIMDLE
 40
0.0
  9
$DIMEXE
 40
1.25
  9
$DIMTP
 40
0.0
  9
$DIMTM
 40
0.0
  9
$DIMTXT
 40
2.5
  9
$DIMCEN
 40
2.5
  9
$DIMTSZ
 40
0.0
  9
$DIMTOL
 70
0
  9
$DIMLIM
 70
0
  9
$DIMTIH
 70
0
  9
$DIMTOH
 70
0
  9
$DIMSE1
 70
0
  9
$DIMSE2
 70
0
  9
$DIMTAD
 70
1
  9
$DIMZIN
 70
8
  9
$DIMBLK
  1

  9
$DIMASO
 70
1
  9
$DIMSHO
 70
1
  9
$DIMPOST
  1

  9
$DIMAPOST
  1

  9
$DIMALT
 70
0
  9
$DIMALTD
 70
3
  9
$DIMALTF
 40
0.03937007874
  9
$DIMLFAC
 40
1.0
  9
$DIMTOFL
 70
1
  9
$DIMTVP
 40
0.0
  9
$DIMTIX
 70
0
  9
$DIMSOXD
 70
0
  9
$DIMSAH
 70
0
  9
$DIMBLK1
  1

  9
$DIMBLK2
  1

  9
$DIMSTYLE
  2
ISO-25
  9
$DIMCLRD
 70
0
  9
$DIMCLRE
 70
0
  9
$DIMCLRT
 70
0
  9
$DIMTFAC
 40
1.0
  9
$DIMGAP
 40
0.625
  9
$DIMJUST
 70
0
  9
$DIMSD1
 70
0
  9
$DIMSD2
 70
0
  9
$DIMTOLJ
 70
0
  9
$DIMTZIN
 70
8
  9
$DIMALTZ
 70
0
  9
$DIMALTTZ
 70
0
  9
$DIMUPT
 70
0
  9
$DIMDEC
 70
2
  9
$DIMTDEC
 70
2
  9
$DIMALTU
 70
2
  9
$DIMALTTD
 70
3
  9
$DIMTXSTY
  7
Standard
  9
$DIMAUNIT
 70
0
  9
$DIMADEC
 70
0
  9
$DIMALTRND
 40
0.0
  9
$DIMAZIN
 70
0
  9
$DIMDSEP
 70
44
  9
$DIMATFIT
 70
3
  9
$DIMFRAC
 70
0
  9
$DIMLDRBLK
  1

  9
$DIMLUNIT
 70
2
  9
$DIMLWD
 70
-2
  9
$DIMLWE
 70
-2
  9
$DIMTMOVE
 70
0
  9
$DIMFXL
 40
1.0
  9
$DIMFXLON
 70
0
  9
$DIMJOGANG
 40
0.785398163397
  9
$DIMTFILL
 70
0
  9
$DIMTFILLCLR
 70
0
  9
$DIMARCSYM
 70
0
  9
$DIMLTYPE
  6

  9
$DIMLTEX1
  6

  9
$DIMLTEX2
  6

  9
$DIMTXTDIRECTION
 70
0
  9
$LUNITS
 70
2
  9
$LUPREC
 70
4
  9
$SKETCHINC
 40
1.0
  9
$FILLETRAD
 40
10.0
  9
$AUNITS
 70
0
  9
$AUPREC
 70
2
  9
$MENU
  1
.
  9
$ELEVATION
 40
0.0
  9
$PELEVATION
 40
0.0
  9
$THICKNESS
 40
0.0
  9
$LIMCHECK
 70
0
  9
$CHAMFERA
 40
0.0
  9
$CHAMFERB
 40
0.0
  9
$CHAMFERC
 40
0.0
  9
$CHAMFERD
 40
0.0
  9
$SKPOLY
 70
0
  9
$TDCREATE
 40
2451545.0
  9
$TDUCREATE
 40
2451545.0
  9
$TDUPDATE
 40
2451545.0
  9
$TDUUPDATE
 40
2451545.0
  9
$TDINDWG
 40
0.0
  9
$TDUSRTIMER
 40
0.0
  9
$USRTIMER
 70
1
  9
$ANGBASE
 50
0.0
  9
$ANGDIR
 70
0
  9
$PDMODE
 70
0
  9
$PDSIZE
 40
0.0
  9
$PLINEWID
 40
0.0
  9
$SPLFRAME
 70
0
  9
$SPLINETYPE
 70
6
  9
$SPLINESEGS
 70
8
  9
$HANDSEED
  5
734
  9
$SURFTAB1
 70
6
  9
$SURFTAB2
 70
6
  9
$SURFTYPE
 70
6
  9
$SURFU
 70
6
  9
$SURFV
 70
6
  9
$UCSBASE
  2

  9
$UCSNAME
  2

  9
$UCSORG
 10
0.0
 20
0.0
 30
0.0
  9
$UCSXDIR
 10
1.0
 20
0.0
 30
0.0
  9
$UCSYDIR
 10
0.0
 20
1.0
 30
0.0
  9
$UCSORTHOREF
  2

  9
$UCSORTHOVIEW
 70
0
  9
$UCSORGTOP
 10
0.0
 20
0.0
 30
0.0
  9
$UCSORGBOTTOM
 10
0.0
 20
0.0
 30
0.0
  9
$UCSORGLEFT
 10
0.0
 20
0.0
 30
0.0
  9
$UCSORGRIGHT
 10
0.0
 20
0.0
 30
0.0
  9
$UCSORGFRONT
 10
0.0
 20
0.0
 30
0.0
  9
$UCSORGBACK
 10
0.0
 20
0.0
 30
0.0
  9
$PUCSBASE
  2

  9
$PUCSNAME
  2

  9
$PUCSORG
 10
0.0
 20
0.0
 30
0.0
  9
$PUCSXDIR
 10
1.0
 20
0.0
 30
0.0
  9
$PUCSYDIR
 10
0.0
 20
1.0
 30
0.0
  9
$PUCSORTHOREF
  2

  9
$PUCSORTHOVIEW
 70
0
  9
$PUCSORGTOP
 10
0.0
 20
0.0
 30
0.0
  9
$PUCSORGBOTTOM
 10
0.0
 20
0.0
 30
0.0
  9
$PUCSORGLEFT
 10
0.0
 20
0.0
 30
0.0
  9
$PUCSORGRIGHT
 10
0.0
 20
0.0
 30
0.0
  9
$PUCSORGFRONT
 10
0.0
 20
0.0
 30
0.0
  9
$PUCSORGBACK
 10
0.0
 20
0.0
 30
0.0
  9
$USERI1
 70
0
  9
$USERI2
 70
0
  9
$USERI3
 70
0
  9
$USERI4
 70
0
  9
$USERI5
 70
0
  9
$USERR1
 40
0.0
  9
$USERR2
 40
0.0
  9
$USERR3
 40
0.0
  9
$USERR4
 40
0.0
  9
$USERR5
 40
0.0
  9
$WORLDVIEW
 70
1
  9
$SHADEDGE
 70
3
  9
$SHADEDIF
 70
70
  9
$TILEMODE
 70
1
  9
$MAXACTVP
 70
64
  9
$PINSBASE
 10
0.0
 20
0.0
 30
0.0
  9
$PLIMCHECK
 70
0
  9
$PEXTMIN
 10
1e+20
 20
1e+20
 30
1e+20
  9
$PEXTMAX
 10
-1e+20
 20
-1e+20
 30
-1e+20
  9
$PLIMMIN
 10
0.0
 20
0.0
  9
$PLIMMAX
 10
420.0
 20
297.0
  9
$UNITMODE
 70
0
  9
$VISRETAIN
 70
1
  9
$PLINEGEN
 70
0
  9
$PSLTSCALE
 70
1
  9
$TREEDEPTH
 70
3020
  9
$CMLSTYLE
  2
Standard
  9
$CMLJUST
 70
0
  9
$CMLSCALE
 40
20.0
  9
$PROXYGRAPHICS
 70
1
  9
$MEASUREMENT
 70
1
  9
$CELWEIGHT
370
-1
  9
$ENDCAPS
280
0
  9
$JOINSTYLE
280
0
  9
$LWDISPLAY
290
0
  9
$INSUNITS
 70
4
  9
$HYPERLINKBASE
  1

  9
$STYLESHEET
  1

  9
$XEDIT
290
1
  9
$CEPSNTYPE
380
0
  9
$PSTYLEMODE
290
1
  9
$FINGERPRINTGUID
  2
{00000000-0000-0000-0000-000000000000}
  9
$VERSIONGUID
  2
{00000000-0000-0000-0000-000000000000}
  9
$EXTNAMES
290
1
  9
$PSVPSCALE
 40
0.0
  9
$OLESTARTUP
290
0
  9
$SORTENTS
280
127
  9
$INDEXCTL
280
0
  9
$HIDETEXT
280
1
  9
$XCLIPFRAME
280
1
  9
$HALOGAP
280
0
  9
$OBSCOLOR
 70
257
  9
$OBSLTYPE
280
0
  9
$INTERSECTIONDISPLAY
280
0
  9
$INTERSECTIONCOLOR
 70
257
  9
$DIMASSOC
280
2
  9
$PROJECTNAME
  1

  9
$CAMERADISPLAY
290
0
  9
$LENSLENGTH
 40
50.0
  9
$CAMERAHEIGHT
 40
0.0
  9
$STEPSPERSEC
 40
24.0
  9
$STEPSIZE
 40
100.0
  9
$3DDWFPREC
 40
2.0
  9
$PSOLWIDTH
 40
0.005
  9
$PSOLHEIGHT
 40
0.08
  9
$LOFTANG1
 40
1.570796326795
  9
$LOFTANG2
 40
1.570796326795
  9
$LOFTMAG1
 40
0.0
  9
$LOFTMAG2
 40
0.0
  9
$LOFTPARAM
 70
7
  9
$LOFTNORMALS
280
1
  9
$LATITUDE
 40
37.795
  9
$LONGITUDE
 40
-122.394
  9
$NORTHDIRECTION
 40
0.0
  9
$TIMEZONE
 70
-8000
  9
$LIGHTGLYPHDISPLAY
280
1
  9
$TILEMODELIGHTSYNCH
280
1
  9
$CMATERIAL
347
20
  9
$SOLIDHIST
280
0
  9
$SHOWHIST
280
1
  9
$DWFFRAME
280
2
  9
$DGNFRAME
280
2
  9
$REALWORLDSCALE
290
1
  9
$INTERFERECOLOR
 62
256
  9
$CSHADOW
280
0
  9
$SHADOWPLANELOCATION
 40
0.0
  0
ENDSEC
  0
SECTION
  2
CLASSES
  0
CLASS
  1
ACDBDETAILVIEWSTYLE
  2
AcDbDetailViewStyle
  3
ObjectDBX Classes
 90
1025
 91
0
280
0
281
0
  0
CLASS
  1
ACDBDICTIONARYWDFLT
  2
AcDbDictionaryWithDefault
  3
ObjectDBX Classes
 90
0
 91
0
280
0
281
0
  0
CLASS
  1
ACDBPLACEHOLDER
  2
AcDbPlaceHolder
  3
ObjectDBX Classes
 90
0
 91
0
280
0
281
0
  0
CLASS
  1
ACDBSECTIONVIEWSTYLE
  2
AcDbSectionViewStyle
  3
ObjectDBX Classes
 90
1025
 91
0
280
0
281
0
  0
CLASS
  1
CELLSTYLEMAP
  2
AcDbCellStyleMap
  3
ObjectDBX Classes
 90
1152
 91
0
280
0
281
0
  0
CLASS
  1
DICTIONARYVAR
  2
AcDbDictionaryVar
  3
ObjectDBX Classes
 90
0
 91
0
280
0
281
0
  0
CLASS
  1
LAYOUT
  2
AcDbLayout
  3
ObjectDBX Classes
 90
0
 91
0
280
0
281
0
  0
CLASS
  1
MATERIAL
  2
AcDbMaterial
  3
ObjectDBX Classes
 90
1153
 91
0
280
0
281
0
  0
CLASS
  1
MENTALRAYRENDERSETTINGS
  2
AcDbMentalRayRenderSettings
  3
SCENEOE
 90
1024
 91
0
280
0
281
0
  0
CLASS
  1
MLEADERSTYLE
  2
AcDbMLeaderStyle
  3
ACDB_MLEADERSTYLE_CLASS
 90
4095
 91
0
280
0
281
0
  0
CLASS
  1
RASTERVARIABLES
  2
AcDbRasterVariables
  3
ISM
 90
0
 91
0
280
0
281
0
  0
CLASS
  1
SCALE
  2
AcDbScale
  3
ObjectDBX Classes
 90
1153
 91
0
280
0
281
0
  0
CLASS
  1
SUN
  2
AcDbSun
  3
SCENEOE
 90
1153
 91
0
280
0
281
0
  0
CLASS
  1
TABLESTYLE
  2
AcDbTableStyle
  3
ObjectDBX Classes
 90
4095
 91
0
280
0
281
0
  0
CLASS
  1
VISUALSTYLE
  2
AcDbVisualStyle
  3
ObjectDBX Classes
 90
4095
 91
0
280
0
281
0
  0
ENDSEC
  0
SECTION
  2
TABLES
  0
TABLE
  2
VPORT
  5
8
330
0
100
AcDbSymbolTable
 70
1
  0
VPORT
  5
730
330
8
100
AcDbSymbolTableRecord
100
AcDbViewportTableRecord
  2
*Active
 70
0
 10
0.0
 20
0.0
 11
1.0
 21
1.0
 12
202.5
 22
163.8
 13
0.0
 23
0.0
 14
0.5
 24
0.5
 15
0.5
 25
0.5
 16
0.0
 26
0.0
 36
1.0
 17
0.0
 27
0.0
 37
0.0
 40
270.0
 41
1.34
 42
50.0
 43
0.0
 44
0.0
 50
0.0
 51
0.0
 71
0
 72
1000
 73
1
 74
3
 75
0
 76
0
 77
0
 78
0
281
0
 65
1
110
0.0
120
0.0
130
0.0
111
1.0
121
0.0
131
0.0
112
0.0
122
1.0
132
0.0
 79
0
146
0.0
  0
ENDTAB
  0
TABLE
  2
LTYPE
  5
2
330
0
100
AcDbSymbolTable
 70
3
  0
LTYPE
  5
24
330
2
100
AcDbSymbolTableRecord
100
AcDbLinetypeTableRecord
  2
ByBlock
 70
0
  3

 72
65
 73
0
 40
0.0
  0
LTYPE
  5
25
330
2
100
AcDbSymbolTableRecord
100
AcDbLinetypeTableRecord
  2
ByLayer
 70
0
  3

 72
65
 73
0
 40
0.0
  0
LTYPE
  5
26
330
2
100
AcDbSymbolTableRecord
100
AcDbLinetypeTableRecord
  2
Continuous
 70
0
  3

 72
65
 73
0
 40
0.0
  0
ENDTAB
  0
TABLE
  2
LAYER
  5
1
330
0
100
AcDbSymbolTable
 70
4
  0
LAYER
  5
27
330
1
100
AcDbSymbolTableRecord
100
AcDbLayerTableRecord
  2
0
 70
0
 62
7
  6
Continuous
370
-3
390
13
347
21
  0
LAYER
  5
28
330
1
100
AcDbSymbolTableRecord
100
AcDbLayerTableRecord
  2
Defpoints
 70
0
 62
7
  6
Continuous
290
0
370
-3
390
13
347
21
  0
LAYER
  5
2F
330
1
100
AcDbSymbolTableRecord
100
AcDbLayerTableRecord
  2
CUT
 70
0
 62
7
  6
Continuous
370
-3
390
13
347
21
  0
LAYER
  5
94
330
1
100
AcDbSymbolTableRecord
100
AcDbLayerTableRecord
  2
ENGRAVE
 70
0
 62
7
  6
Continuous
370
-3
390
13
347
21
  0
ENDTAB
  0
TABLE
  2
STYLE
  5
5
330
0
100
AcDbSymbolTable
 70
1
  0
STYLE
  5
29
330
5
100
AcDbSymbolTableRecord
100
AcDbTextStyleTableRecord
  2
Standard
 70
0
 40
0.0
 41
1.0
 50
0.0
 71
0
 42
2.5
  3
txt
  4

  0
ENDTAB
  0
TABLE
  2
VIEW
  5
7
330
0
100
AcDbSymbolTable
 70
0
  0
ENDTAB
  0
TABLE
  2
UCS
  5
6
330
0
100
AcDbSymbolTable
 70
0
  0
ENDTAB
  0
TABLE
  2
APPID
  5
3
330
0
100
AcDbSymbolTable
 70
3
  0
APPID
  5
2A
330
3
100
AcDbSymbolTableRecord
100
AcDbRegAppTableRecord
  2
ACAD
 70
0
  0
APPID
  5
731
330
3
100
AcDbSymbolTableRecord
100
AcDbRegAppTableRecord
  2
HATCHBACKGROUNDCOLOR
 70
0
  0
APPID
  5
732
330
3
100
AcDbSymbolTableRecord
100
AcDbRegAppTableRecord
  2
EZDXF
 70
0
  0
ENDTAB
  0
TABLE
  2
DIMSTYLE
  5
4
330
0
100
AcDbSymbolTable
 70
1
100
AcDbDimStyleTable
  0
DIMSTYLE
105
2B
330
4
100
AcDbSymbolTableRecord
100
AcDbDimStyleTableRecord
  2
Standard
 70
0
 40
1.0
 41
2.5
 42
0.625
 43
3.75
 44
1.25
 45
0.0
 46
0.0
 47
0.0
 48
0.0
 49
2.5
140
2.5
141
2.5
142
0.0
143
0.03937007874
144
1.0
145
0.0
146
1.0
147
0.625
148
0.0
 69
0
 70
0
 71
0
 72
0
 73
0
 74
0
 75
0
 76
0
 77
1
 78
8
 79
3
170
0
171
3
172
1
173
0
174
0
175
0
176
0
177
0
178
0
179
2
271
2
272
2
273
2
274
3
275
0
276
0
277
2
278
44
279
0
280
0
281
0
282
0
283
0
284
8
285
0
286
0
288
0
289
3
290
0
371
-2
372
-2
  0
ENDTAB
  0
TABLE
  2
BLOCK_RECORD
  5
9
330
0
100
AcDbSymbolTable
 70
2
  0
BLOCK_RECORD
  5
17
330
9
100
AcDbSymbolTableRecord
100
AcDbBlockTableRecord
  2
*Model_Space
340
1A
 70
0
280
1
281
0
  0
BLOCK_RECORD
  5
1B
330
9
100
AcDbSymbolTableRecord
100
AcDbBlockTableRecord
  2
*Paper_Space
340
1E
 70
0
280
1
281
0
  0
ENDTAB
  0
ENDSEC
  0
SECTION
  2
BLOCKS
  0
BLOCK
  5
18
330
17
100
AcDbEntity
  8
0
100
AcDbBlockBegin
  2
*Model_Space
 70
0
 10
0.0
 20
0.0
 30
0.0
  3
*Model_Space
  1

  0
ENDBLK
  5
19
330
17
100
AcDbEntity
  8
0
100
AcDbBlockEnd
  0
BLOCK
  5
1C
330
1B
100
AcDbEntity
  8
0
100
AcDbBlockBegin
  2
*Paper_Space
 70
0
 10
0.0
 20
0.0
 30
0.0
  3
*Paper_Space
  1

  0
ENDBLK
  5
1D
330
1B
100
AcDbEntity
  8
0
100
AcDbBlockEnd
  0
ENDSEC
  0
SECTION
  2
ENTITIES
  0
ARC
  5
30
330
17
100
AcDbEntity
  8
CUT
100
AcDbCircle
 10
51.34999999999974
 20
241.90000000000003
 30
0.0
 40
16.5
100
AcDbArc
 50
90.0
 51
180.0
  0
ARC
  5
31
330
17
100
AcDbEntity
  8
CUT
100
AcDbCircle
 10
51.34999999999974
 20
84.50000000000001
 30
0.0
 40
16.5
100
AcDbArc
 50
180.0
 51
270.0
  0
ARC
  5
32
330
17
100
AcDbEntity
  8
CUT
100
AcDbCircle
 10
148.14999999439215
 20
241.90000000000003
 30
0.0
 40
16.5
100
AcDbArc
 50
0.0
 51
90.0
  0
ARC
  5
33
330
17
100
AcDbEntity
  8
CUT
100
AcDbCircle
 10
148.14999999439215
 20
84.50000000000001
 30
0.0
 40
16.5
100
AcDbArc
 50
270.0
 51
360.0
  0
ARC
  5
34
330
17
100
AcDbEntity
  8
CUT
100
AcDbCircle
 10
232.14999999999998
 20
145.49999999877843
 30
0.0
 40
10.0
100
AcDbArc
 50
450.0
 51
540.0
  0
ARC
  5
35
330
17
100
AcDbEntity
  8
CUT
100
AcDbCircle
 10
232.14999999999998
 20
110.49999999999999
 30
0.0
 40
10.0
100
AcDbArc
 50
180.0
 51
270.0
  0
ARC
  5
36
330
17
100
AcDbEntity
  8
CUT
100
AcDbCircle
 10
342.15
 20
145.49999999877843
 30
0.0
 40
10.0
100
AcDbArc
 50
360.0
 51
450.0
  0
ARC
  5
37
330
17
100
AcDbEntity
  8
CUT
100
AcDbCircle
 10
342.15
 20
110.49999999999999
 30
0.0
 40
10.0
100
AcDbArc
 50
270.0
 51
360.0
  0
LINE
  5
38
330
17
100
AcDbEntity
  8
CUT
100
AcDbLine
 10
6.0
 20
28.80000000000001
 30
0.0
 11
36.230769230769226
 21
28.80000000000001
 31
0.0
  0
LINE
  5
39
330
17
100
AcDbEntity
  8
CUT
100
AcDbLine
 10
6.0
 20
58.80000000000001
 30
0.0
 11
6.0
 21
28.80000000000001
 31
0.0
  0
LINE
  5
3A
330
17
100
AcDbEntity
  8
CUT
100
AcDbLine
 10
6.0
 20
88.80000000000001
 30
0.0
 11
12.35
 21
88.80000000000001
 31
0.0
  0
LINE
  5
3B
330
17
100
AcDbEntity
  8
CUT
100
AcDbLine
 10
6.0
 20
118.80000000000001
 30
0.0
 11
6.0
 21
88.80000000000001
 31
0.0
  0
LINE
  5
3C
330
17
100
AcDbEntity
  8
CUT
100
AcDbLine
 10
6.0
 20
148.8
 30
0.0
 11
12.35
 21
148.8
 31
0.0
  0
LINE
  5
3D
330
17
100
AcDbEntity
  8
CUT
100
AcDbLine
 10
6.0
 20
178.8
 30
0.0
 11
6.0
 21
148.8
 31
0.0
  0
LINE
  5
3E
330
17
100
AcDbEntity
  8
CUT
100
AcDbLine
 10
6.0
 20
208.8
 30
0.0
 11
12.35
 21
208.8
 31
0.0
  0
LINE
  5
3F
330
17
100
AcDbEntity
  8
CUT
100
AcDbLine
 10
6.0
 20
238.8
 30
0.0
 11
6.0
 21
208.8
 31
0.0
  0
LINE
  5
40
330
17
100
AcDbEntity
  8
CUT
100
AcDbLine
 10
6.0
 20
268.8
 30
0.0
 11
12.35
 21
268.8
 31
0.0
  0
LINE
  5
41
330
17
100
AcDbEntity
  8
CUT
100
AcDbLine
 10
6.0
 20
298.8
 30
0.0
 11
6.0
 21
268.8
 31
0.0
  0
LINE
  5
42
330
17
100
AcDbEntity
  8
CUT
100
AcDbLine
 10
12.35
 20
58.80000000000001
 30
0.0
 11
6.0
 21
58.80000000000001
 31
0.0
  0
LINE
  5
43
330
17
100
AcDbEntity
  8
CUT
100
AcDbLine
 10
12.35
 20
88.80000000000001
 30
0.0
 11
12.35
 21
58.80000000000001
 31
0.0
  0
LINE
  5
44
330
17
100
AcDbEntity
  8
CUT
100
AcDbLine
 10
12.35
 20
118.80000000000001
 30
0.0
 11
6.0
 21
118.80000000000001
 31
0.0
  0
LINE
  5
45
330
17
100
AcDbEntity
  8
CUT
100
AcDbLine
 10
12.35
 20
148.8
 30
0.0
 11
12.35
 21
118.80000000000001
 31
0.0
  0
LINE
  5
46
330
17
100
AcDbEntity
  8
CUT
100
AcDbLine
 10
12.35
 20
178.8
 30
0.0
 11
6.0
 21
178.8
 31
0.0
  0
LINE
  5
47
330
17
100
AcDbEntity
  8
CUT
100
AcDbLine
 10
12.35
 20
208.8
 30
0.0
 11
12.35
 21
178.8
 31
0.0
  0
LINE
  5
48
330
17
100
AcDbEntity
  8
CUT
100
AcDbLine
 10
12.35
 20
238.8
 30
0.0
 11
6.0
 21
238.8
 31
0.0
  0
LINE
  5
49
330
17
100
AcDbEntity
  8
CUT
100
AcDbLine
 10
12.35
 20
268.8
 30
0.0
 11
12.35
 21
238.8
 31
0.0
  0
LINE
  5
4A
330
17
100
AcDbEntity
  8
CUT
100
AcDbLine
 10
34.85000000000025
 20
84.50000000000001
 30
0.0
 11
34.85000000000025
 21
241.90000000000003
 31
0.0
  0
LINE
  5
4B
330
17
100
AcDbEntity
  8
CUT
100
AcDbLine
 10
36.230769230769226
 20
28.80000000000001
 30
0.0
 11
36.230769230769226
 21
35.15000000000001
 31
0.0
  0
LINE
  5
4C
330
17
100
AcDbEntity
  8
CUT
100
AcDbLine
 10
36.230769230769226
 20
35.15000000000001
 30
0.0
 11
66.46153846153845
 21
35.15000000000001
 31
0.0
  0
LINE
  5
4D
330
17
100
AcDbEntity
  8
CUT
100
AcDbLine
 10
36.230769230769226
 20
292.45
 30
0.0
 11
36.230769230769226
 21
298.8
 31
0.0
  0
LINE
  5
4E
330
17
100
AcDbEntity
  8
CUT
100
AcDbLine
 10
36.230769230769226
 20
298.8
 30
0.0
 11
6.0
 21
298.8
 31
0.0
  0
LINE
  5
4F
330
17
100
AcDbEntity
  8
CUT
100
AcDbLine
 10
51.34999999999974
 20
258.40000000000003
 30
0.0
 11
148.14999999439215
 21
258.40000000000003
 31
0.0
  0
LINE
  5
50
330
17
100
AcDbEntity
  8
CUT
100
AcDbLine
 10
66.46153846153845
 20
28.80000000000001
 30
0.0
 11
96.6923076923077
 21
28.80000000000001
 31
0.0
  0
LINE
  5
51
330
17
100
AcDbEntity
  8
CUT
100
AcDbLine
 10
66.46153846153845
 20
35.15000000000001
 30
0.0
 11
66.46153846153845
 21
28.80000000000001
 31
0.0
  0
LINE
  5
52
330
17
100
AcDbEntity
  8
CUT
100
AcDbLine
 10
66.46153846153845
 20
292.45
 30
0.0
 11
36.230769230769226
 21
292.45
 31
0.0
  0
LINE
  5
53
330
17
100
AcDbEntity
  8
CUT
100
AcDbLine
 10
66.46153846153845
 20
298.8
 30
0.0
 11
66.46153846153845
 21
292.45
 31
0.0
  0
LINE
  5
54
330
17
100
AcDbEntity
  8
CUT
100
AcDbLine
 10
96.6923076923077
 20
28.80000000000001
 30
0.0
 11
96.6923076923077
 21
35.15000000000001
 31
0.0
  0
LINE
  5
55
330
17
100
AcDbEntity
  8
CUT
100
AcDbLine
 10
96.6923076923077
 20
35.15000000000001
 30
0.0
 11
126.92307692307692
 21
35.15000000000001
 31
0.0
  0
LINE
  5
56
330
17
100
AcDbEntity
  8
CUT
100
AcDbLine
 10
96.6923076923077
 20
292.45
 30
0.0
 11
96.6923076923077
 21
298.8
 31
0.0
  0
LINE
  5
57
330
17
100
AcDbEntity
  8
CUT
100
AcDbLine
 10
96.6923076923077
 20
298.8
 30
0.0
 11
66.46153846153845
 21
298.8
 31
0.0
  0
LINE
  5
58
330
17
100
AcDbEntity
  8
CUT
100
AcDbLine
 10
126.92307692307692
 20
28.80000000000001
 30
0.0
 11
157.15384615384616
 21
28.80000000000001
 31
0.0
  0
LINE
  5
59
330
17
100
AcDbEntity
  8
CUT
100
AcDbLine
 10
126.92307692307692
 20
35.15000000000001
 30
0.0
 11
126.92307692307692
 21
28.80000000000001
 31
0.0
  0
LINE
  5
5A
330
17
100
AcDbEntity
  8
CUT
100
AcDbLine
 10
126.92307692307692
 20
292.45
 30
0.0
 11
96.6923076923077
 21
292.45
 31
0.0
  0
LINE
  5
5B
330
17
100
AcDbEntity
  8
CUT
100
AcDbLine
 10
126.92307692307692
 20
298.8
 30
0.0
 11
126.92307692307692
 21
292.45
 31
0.0
  0
LINE
  5
5C
330
17
100
AcDbEntity
  8
CUT
100
AcDbLine
 10
148.14999999439215
 20
68.00000000000001
 30
0.0
 11
51.34999999999974
 21
68.00000000000001
 31
0.0
  0
LINE
  5
5D
330
17
100
AcDbEntity
  8
CUT
100
AcDbLine
 10
157.15384615384616
 20
28.80000000000001
 30
0.0
 11
157.15384615384616
 21
35.15000000000001
 31
0.0
  0
LINE
  5
5E
330
17
100
AcDbEntity
  8
CUT
100
AcDbLine
 10
157.15384615384616
 20
35.15000000000001
 30
0.0
 11
187.3846153846154
 21
35.15000000000001
 31
0.0
  0
LINE
  5
5F
330
17
100
AcDbEntity
  8
CUT
100
AcDbLine
 10
157.15384615384616
 20
292.45
 30
0.0
 11
157.15384615384616
 21
298.8
 31
0.0
  0
LINE
  5
60
330
17
100
AcDbEntity
  8
CUT
100
AcDbLine
 10
157.15384615384616
 20
298.8
 30
0.0
 11
126.92307692307692
 21
298.8
 31
0.0
  0
LINE
  5
61
330
17
100
AcDbEntity
  8
CUT
100
AcDbLine
 10
164.65000000000026
 20
241.90000000000003
 30
0.0
 11
164.65000000000026
 21
84.50000000000001
 31
0.0
  0
LINE
  5
62
330
17
100
AcDbEntity
  8
CUT
100
AcDbLine
 10
187.3846153846154
 20
28.80000000000001
 30
0.0
 11
217.6153846153846
 21
28.80000000000001
 31
0.0
  0
LINE
  5
63
330
17
100
AcDbEntity
  8
CUT
100
AcDbLine
 10
187.3846153846154
 20
35.15000000000001
 30
0.0
 11
187.3846153846154
 21
28.80000000000001
 31
0.0
  0
LINE
  5
64
330
17
100
AcDbEntity
  8
CUT
100
AcDbLine
 10
187.3846153846154
 20
292.45
 30
0.0
 11
157.15384615384616
 21
292.45
 31
0.0
  0
LINE
  5
65
330
17
100
AcDbEntity
  8
CUT
100
AcDbLine
 10
187.3846153846154
 20
298.8
 30
0.0
 11
187.3846153846154
 21
292.45
 31
0.0
  0
LINE
  5
66
330
17
100
AcDbEntity
  8
CUT
100
AcDbLine
 10
217.6153846153846
 20
28.80000000000001
 30
0.0
 11
217.6153846153846
 21
35.15000000000001
 31
0.0
  0
LINE
  5
67
330
17
100
AcDbEntity
  8
CUT
100
AcDbLine
 10
217.6153846153846
 20
35.15000000000001
 30
0.0
 11
247.84615384615384
 21
35.15000000000001
 31
0.0
  0
LINE
  5
68
330
17
100
AcDbEntity
  8
CUT
100
AcDbLine
 10
217.6153846153846
 20
292.45
 30
0.0
 11
217.6153846153846
 21
298.8
 31
0.0
  0
LINE
  5
69
330
17
100
AcDbEntity
  8
CUT
100
AcDbLine
 10
217.6153846153846
 20
298.8
 30
0.0
 11
187.3846153846154
 21
298.8
 31
0.0
  0
LINE
  5
6A
330
17
100
AcDbEntity
  8
CUT
100
AcDbLine
 10
222.14999999999998
 20
110.49999999999997
 30
0.0
 11
222.14999999999998
 21
145.49999999877843
 31
0.0
  0
LINE
  5
6B
330
17
100
AcDbEntity
  8
CUT
100
AcDbLine
 10
232.14999999999998
 20
155.50000000000006
 30
0.0
 11
342.15
 21
155.50000000000006
 31
0.0
  0
LINE
  5
6C
330
17
100
AcDbEntity
  8
CUT
100
AcDbLine
 10
247.84615384615384
 20
28.80000000000001
 30
0.0
 11
278.0769230769231
 21
28.80000000000001
 31
0.0
  0
LINE
  5
6D
330
17
100
AcDbEntity
  8
CUT
100
AcDbLine
 10
247.84615384615384
 20
35.15000000000001
 30
0.0
 11
247.84615384615384
 21
28.80000000000001
 31
0.0
  0
LINE
  5
6E
330
17
100
AcDbEntity
  8
CUT
100
AcDbLine
 10
247.84615384615384
 20
292.45
 30
0.0
 11
217.6153846153846
 21
292.45
 31
0.0
  0
LINE
  5
6F
330
17
100
AcDbEntity
  8
CUT
100
AcDbLine
 10
247.84615384615384
 20
298.8
 30
0.0
 11
247.84615384615384
 21
292.45
 31
0.0
  0
LINE
  5
70
330
17
100
AcDbEntity
  8
CUT
100
AcDbLine
 10
278.0769230769231
 20
28.80000000000001
 30
0.0
 11
278.0769230769231
 21
35.15000000000001
 31
0.0
  0
LINE
  5
71
330
17
100
AcDbEntity
  8
CUT
100
AcDbLine
 10
278.0769230769231
 20
35.15000000000001
 30
0.0
 11
308.3076923076923
 21
35.15000000000001
 31
0.0
  0
LINE
  5
72
330
17
100
AcDbEntity
  8
CUT
100
AcDbLine
 10
278.0769230769231
 20
292.45
 30
0.0
 11
278.0769230769231
 21
298.8
 31
0.0
  0
LINE
  5
73
330
17
100
AcDbEntity
  8
CUT
100
AcDbLine
 10
278.0769230769231
 20
298.8
 30
0.0
 11
247.84615384615384
 21
298.8
 31
0.0
  0
LINE
  5
74
330
17
100
AcDbEntity
  8
CUT
100
AcDbLine
 10
308.3076923076923
 20
28.80000000000001
 30
0.0
 11
338.53846153846155
 21
28.80000000000001
 31
0.0
  0
LINE
  5
75
330
17
100
AcDbEntity
  8
CUT
100
AcDbLine
 10
308.3076923076923
 20
35.15000000000001
 30
0.0
 11
308.3076923076923
 21
28.80000000000001
 31
0.0
  0
LINE
  5
76
330
17
100
AcDbEntity
  8
CUT
100
AcDbLine
 10
308.3076923076923
 20
292.45
 30
0.0
 11
278.0769230769231
 21
292.45
 31
0.0
  0
LINE
  5
77
330
17
100
AcDbEntity
  8
CUT
100
AcDbLine
 10
308.3076923076923
 20
298.8
 30
0.0
 11
308.3076923076923
 21
292.45
 31
0.0
  0
LINE
  5
78
330
17
100
AcDbEntity
  8
CUT
100
AcDbLine
 10
338.53846153846155
 20
28.80000000000001
 30
0.0
 11
338.53846153846155
 21
35.15000000000001
 31
0.0
  0
LINE
  5
79
330
17
100
AcDbEntity
  8
CUT
100
AcDbLine
 10
338.53846153846155
 20
35.15000000000001
 30
0.0
 11
368.7692307692308
 21
35.15000000000001
 31
0.0
  0
LINE
  5
7A
330
17
100
AcDbEntity
  8
CUT
100
AcDbLine
 10
338.53846153846155
 20
292.45
 30
0.0
 11
338.53846153846155
 21
298.8
 31
0.0
  0
LINE
  5
7B
330
17
100
AcDbEntity
  8
CUT
100
AcDbLine
 10
338.53846153846155
 20
298.8
 30
0.0
 11
308.3076923076923
 21
298.8
 31
0.0
  0
LINE
  5
7C
330
17
100
AcDbEntity
  8
CUT
100
AcDbLine
 10
342.15
 20
100.50000000000006
 30
0.0
 11
232.14999999999998
 21
100.50000000000006
 31
0.0
  0
LINE
  5
7D
330
17
100
AcDbEntity
  8
CUT
100
AcDbLine
 10
352.15
 20
145.49999999877843
 30
0.0
 11
352.15
 21
110.49999999999997
 31
0.0
  0
LINE
  5
7E
330
17
100
AcDbEntity
  8
CUT
100
AcDbLine
 10
368.7692307692308
 20
28.80000000000001
 30
0.0
 11
399.0
 21
28.80000000000001
 31
0.0
  0
LINE
  5
7F
330
17
100
AcDbEntity
  8
CUT
100
AcDbLine
 10
368.7692307692308
 20
35.15000000000001
 30
0.0
 11
368.7692307692308
 21
28.80000000000001
 31
0.0
  0
LINE
  5
80
330
17
100
AcDbEntity
  8
CUT
100
AcDbLine
 10
368.7692307692308
 20
292.45
 30
0.0
 11
338.53846153846155
 21
292.45
 31
0.0
  0
LINE
  5
81
330
17
100
AcDbEntity
  8
CUT
100
AcDbLine
 10
368.7692307692308
 20
298.8
 30
0.0
 11
368.7692307692308
 21
292.45
 31
0.0
  0
LINE
  5
82
330
17
100
AcDbEntity
  8
CUT
100
AcDbLine
 10
392.65
 20
58.80000000000001
 30
0.0
 11
392.65
 21
88.80000000000001
 31
0.0
  0
LINE
  5
83
330
17
100
AcDbEntity
  8
CUT
100
AcDbLine
 10
392.65
 20
88.80000000000001
 30
0.0
 11
399.0
 21
88.80000000000001
 31
0.0
  0
LINE
  5
84
330
17
100
AcDbEntity
  8
CUT
100
AcDbLine
 10
392.65
 20
118.80000000000001
 30
0.0
 11
392.65
 21
148.8
 31
0.0
  0
LINE
  5
85
330
17
100
AcDbEntity
  8
CUT
100
AcDbLine
 10
392.65
 20
148.8
 30
0.0
 11
399.0
 21
148.8
 31
0.0
  0
LINE
  5
86
330
17
100
AcDbEntity
  8
CUT
100
AcDbLine
 10
392.65
 20
178.8
 30
0.0
 11
392.65
 21
208.8
 31
0.0
  0
LINE
  5
87
330
17
100
AcDbEntity
  8
CUT
100
AcDbLine
 10
392.65
 20
208.8
 30
0.0
 11
399.0
 21
208.8
 31
0.0
  0
LINE
  5
88
330
17
100
AcDbEntity
  8
CUT
100
AcDbLine
 10
392.65
 20
238.8
 30
0.0
 11
392.65
 21
268.8
 31
0.0
  0
LINE
  5
89
330
17
100
AcDbEntity
  8
CUT
100
AcDbLine
 10
392.65
 20
268.8
 30
0.0
 11
399.0
 21
268.8
 31
0.0
  0
LINE
  5
8A
330
17
100
AcDbEntity
  8
CUT
100
AcDbLine
 10
399.0
 20
28.80000000000001
 30
0.0
 11
399.0
 21
58.80000000000001
 31
0.0
  0
LINE
  5
8B
330
17
100
AcDbEntity
  8
CUT
100
AcDbLine
 10
399.0
 20
58.80000000000001
 30
0.0
 11
392.65
 21
58.80000000000001
 31
0.0
  0
LINE
  5
8C
330
17
100
AcDbEntity
  8
CUT
100
AcDbLine
 10
399.0
 20
88.80000000000001
 30
0.0
 11
399.0
 21
118.80000000000001
 31
0.0
  0
LINE
  5
8D
330
17
100
AcDbEntity
  8
CUT
100
AcDbLine
 10
399.0
 20
118.80000000000001
 30
0.0
 11
392.65
 21
118.80000000000001
 31
0.0
  0
LINE
  5
8E
330
17
100
AcDbEntity
  8
CUT
100
AcDbLine
 10
399.0
 20
148.8
 30
0.0
 11
399.0
 21
178.8
 31
0.0
  0
LINE
  5
8F
330
17
100
AcDbEntity
  8
CUT
100
AcDbLine
 10
399.0
 20
178.8
 30
0.0
 11
392.65
 21
178.8
 31
0.0
  0
LINE
  5
90
330
17
100
AcDbEntity
  8
CUT
100
AcDbLine
 10
399.0
 20
208.8
 30
0.0
 11
399.0
 21
238.8
 31
0.0
  0
LINE
  5
91
330
17
100
AcDbEntity
  8
CUT
100
AcDbLine
 10
399.0
 20
238.8
 30
0.0
 11
392.65
 21
238.8
 31
0.0
  0
LINE
  5
92
330
17
100
AcDbEntity
  8
CUT
100
AcDbLine
 10
399.0
 20
268.8
 30
0.0
 11
399.0
 21
298.8
 31
0.0
  0
LINE
  5
93
330
17
100
AcDbEntity
  8
CUT
100
AcDbLine
 10
399.0
 20
298.8
 30
0.0
 11
368.7692307692308
 21
298.8
 31
0.0
  0
SPLINE
  5
95
330
17
100
AcDbEntity
  8
ENGRAVE
100
AcDbSpline
 70
0
 71
2
 72
6
 73
3
 74
0
 40
0.0
 40
0.0
 40
0.0
 40
1.0
 40
1.0
 40
1.0
 10
74.88047238960573
 20
280.13645748713657
 30
0.0
 10
74.67897662137656
 20
280.3379532553658
 30
0.0
 10
74.71795123075157
 20
280.4939363282824
 30
0.0
  0
SPLINE
  5
96
330
17
100
AcDbEntity
  8
ENGRAVE
100
AcDbSpline
 70
0
 71
2
 72
6
 73
3
 74
0
 40
0.0
 40
0.0
 40
0.0
 40
1.0
 40
1.0
 40
1.0
 10
74.71795123075157
 20
280.4939363282824
 30
0.0
 10
74.74397662137658
 20
280.57192786474076
 30
0.0
 10
74.80897662137657
 20
280.63692786474076
 30
0.0
  0
SPLINE
  5
97
330
17
100
AcDbEntity
  8
ENGRAVE
100
AcDbSpline
 70
0
 71
2
 72
6
 73
3
 74
0
 40
0.0
 40
0.0
 40
0.0
 40
1.0
 40
1.0
 40
1.0
 10
75.52397662137656
 20
279.75295325536575
 30
0.0
 10
75.08196815783491
 20
279.9349617189074
 30
0.0
 10
74.88047238960573
 20
280.13645748713657
 30
0.0
  0
SPLINE
  5
98
330
17
100
AcDbEntity
  8
ENGRAVE
100
AcDbSpline
 70
0
 71
2
 72
6
 73
3
 74
0
 40
0.0
 40
0.0
 40
0.0
 40
1.0
 40
1.0
 40
1.0
 10
75.09495969429324
 20
282.24244056005324
 30
0.0
 10
75.0169681578349
 20
282.4959447918241
 30
0.0
 10
75.0169681578349
 20
282.70393632828245
 30
0.0
  0
SPLINE
  5
99
330
17
100
AcDbEntity
  8
ENGRAVE
100
AcDbSpline
 70
0
 71
2
 72
6
 73
3
 74
0
 40
0.0
 40
0.0
 40
0.0
 40
1.0
 40
1.0
 40
1.0
 10
75.26397662137657
 20
281.9889363282824
 30
0.0
 10
75.17295123075156
 20
281.9889363282824
 30
0.0
 10
75.09495969429324
 20
282.24244056005324
 30
0.0
  0
SPLINE
  5
9A
330
17
100
AcDbEntity
  8
ENGRAVE
100
AcDbSpline
 70
0
 71
2
 72
6
 73
3
 74
0
 40
0.0
 40
0.0
 40
0.0
 40
1.0
 40
1.0
 40
1.0
 10
74.80897662137657
 20
280.63692786474076
 30
0.0
 10
74.87397662137657
 20
280.70192786474075
 30
0.0
 10
75.10147662137656
 20
280.6954320965116
 30
0.0
  0
SPLINE
  5
9B
330
17
100
AcDbEntity
  8
ENGRAVE
100
AcDbSpline
 70
0
 71
2
 72
6
 73
3
 74
0
 40
0.0
 40
0.0
 40
0.0
 40
1.0
 40
1.0
 40
1.0
 10
75.0169681578349
 20
282.70393632828245
 30
0.0
 10
75.0169681578349
 20
283.09393632828244
 30
0.0
 10
75.25745969429323
 20
283.4709447918241
 30
0.0
  0
SPLINE
  5
9C
330
17
100
AcDbEntity
  8
ENGRAVE
100
AcDbSpline
 70
0
 71
2
 72
6
 73
3
 74
0
 40
0.0
 40
0.0
 40
0.0
 40
1.0
 40
1.0
 40
1.0
 10
75.44596392606407
 20
281.6509447918241
 30
0.0
 10
75.2119681578349
 20
281.83295325536574
 30
0.0
 10
75.26397662137657
 20
281.9239363282824
 30
0.0
  0
SPLINE
  5
9D
330
17
100
AcDbEntity
  8
ENGRAVE
100
AcDbSpline
 70
0
 71
2
 72
6
 73
3
 74
0
 40
0.0
 40
0.0
 40
0.0
 40
1.0
 40
1.0
 40
1.0
 10
75.9659427672099
 20
281.2349617189074
 30
0.0
 10
75.67995969429323
 20
281.46893632828244
 30
0.0
 10
75.44596392606407
 20
281.6509447918241
 30
0.0
  0
SPLINE
  5
9E
330
17
100
AcDbEntity
  8
ENGRAVE
100
AcDbSpline
 70
0
 71
2
 72
6
 73
3
 74
0
 40
0.0
 40
0.0
 40
0.0
 40
1.0
 40
1.0
 40
1.0
 10
76.1284427672099
 20
279.6424405600533
 30
0.0
 10
75.7709427672099
 20
279.64893632828245
 30
0.0
 10
75.52397662137656
 20
279.75295325536575
 30
0.0
  0
SPLINE
  5
9F
330
17
100
AcDbEntity
  8
ENGRAVE
100
AcDbSpline
 70
0
 71
2
 72
6
 73
3
 74
0
 40
0.0
 40
0.0
 40
0.0
 40
1.0
 40
1.0
 40
1.0
 10
75.25745969429323
 20
283.4709447918241
 30
0.0
 10
75.49795123075157
 20
283.8479532553658
 30
0.0
 10
75.7709427672099
 20
284.1339363282824
 30
0.0
  0
SPLINE
  5
A0
330
17
100
AcDbEntity
  8
ENGRAVE
100
AcDbSpline
 70
0
 71
2
 72
6
 73
3
 74
0
 40
0.0
 40
0.0
 40
0.0
 40
1.0
 40
1.0
 40
1.0
 10
75.10147662137656
 20
280.6954320965116
 30
0.0
 10
75.32897662137657
 20
280.6889363282824
 30
0.0
 10
75.80995969429324
 20
280.57192786474076
 30
0.0
  0
SPLINE
  5
A1
330
17
100
AcDbEntity
  8
ENGRAVE
100
AcDbSpline
 70
0
 71
2
 72
6
 73
3
 74
0
 40
0.0
 40
0.0
 40
0.0
 40
1.0
 40
1.0
 40
1.0
 10
76.16745969429323
 20
281.09192786474074
 30
0.0
 10
76.08295123075158
 20
281.15692786474074
 30
0.0
 10
75.9659427672099
 20
281.2349617189074
 30
0.0
  0
SPLINE
  5
A2
330
17
100
AcDbEntity
  8
ENGRAVE
100
AcDbSpline
 70
0
 71
2
 72
6
 73
3
 74
0
 40
0.0
 40
0.0
 40
0.0
 40
1.0
 40
1.0
 40
1.0
 10
76.8109427672099
 20
279.6944490235949
 30
0.0
 10
76.4859427672099
 20
279.6359447918241
 30
0.0
 10
76.1284427672099
 20
279.6424405600533
 30
0.0
  0
SPLINE
  5
A3
330
17
100
AcDbEntity
  8
ENGRAVE
100
AcDbSpline
 70
0
 71
2
 72
6
 73
3
 74
0
 40
0.0
 40
0.0
 40
0.0
 40
1.0
 40
1.0
 40
1.0
 10
76.18045123075157
 20
282.7884447918241
 30
0.0
 10
76.13495969429323
 20
282.6909447918241
 30
0.0
 10
76.14795123075157
 20
282.58692786474074
 30
0.0
  0
SPLINE
  5
A4
330
17
100
AcDbEntity
  8
ENGRAVE
100
AcDbSpline
 70
0
 71
2
 72
6
 73
3
 74
0
 40
0.0
 40
0.0
 40
0.0
 40
1.0
 40
1.0
 40
1.0
 10
76.27795123075157
 20
280.96192786474074
 30
0.0
 10
76.2519681578349
 20
281.02692786474074
 30
0.0
 10
76.16745969429323
 20
281.09192786474074
 30
0.0
  0
SPLINE
  5
A5
330
17
100
AcDbEntity
  8
ENGRAVE
100
AcDbSpline
 70
0
 71
2
 72
6
 73
3
 74
0
 40
0.0
 40
0.0
 40
0.0
 40
1.0
 40
1.0
 40
1.0
 10
76.23897662137657
 20
283.00295325536575
 30
0.0
 10
76.2259427672099
 20
282.8859447918241
 30
0.0
 10
76.18045123075157
 20
282.7884447918241
 30
0.0
  0
SPLINE
  5
A6
330
17
100
AcDbEntity
  8
ENGRAVE
100
AcDbSpline
 70
0
 71
2
 72
6
 73
3
 74
0
 40
0.0
 40
0.0
 40
0.0
 40
1.0
 40
1.0
 40
1.0
 10
75.80995969429324
 20
280.57192786474076
 30
0.0
 10
76.03094276720991
 20
280.57192786474076
 30
0.0
 10
76.23245969429324
 20
280.5979320965116
 30
0.0
  0
SPLINE
  5
A7
330
17
100
AcDbEntity
  8
ENGRAVE
100
AcDbSpline
 70
0
 71
2
 72
6
 73
3
 74
0
 40
0.0
 40
0.0
 40
0.0
 40
1.0
 40
1.0
 40
1.0
 10
76.4469681578349
 20
283.28893632828243
 30
0.0
 10
76.3169681578349
 20
283.1069278647408
 30
0.0
 10
76.23897662137657
 20
283.00295325536575
 30
0.0
  0
SPLINE
  5
A8
330
17
100
AcDbEntity
  8
ENGRAVE
100
AcDbSpline
 70
0
 71
2
 72
6
 73
3
 74
0
 40
0.0
 40
0.0
 40
0.0
 40
1.0
 40
1.0
 40
1.0
 10
76.5119681578349
 20
280.85795325536577
 30
0.0
 10
76.40795123075156
 20
280.96192786474074
 30
0.0
 10
76.27795123075157
 20
280.96192786474074
 30
0.0
  0
SPLINE
  5
A9
330
17
100
AcDbEntity
  8
ENGRAVE
100
AcDbSpline
 70
0
 71
2
 72
6
 73
3
 74
0
 40
0.0
 40
0.0
 40
0.0
 40
1.0
 40
1.0
 40
1.0
 10
76.14795123075157
 20
282.58692786474074
 30
0.0
 10
76.1609427672099
 20
282.45692786474075
 30
0.0
 10
76.27795123075157
 20
282.33994056005326
 30
0.0
  0
SPLINE
  5
AA
330
17
100
AcDbEntity
  8
ENGRAVE
100
AcDbSpline
 70
0
 71
2
 72
6
 73
3
 74
0
 40
0.0
 40
0.0
 40
0.0
 40
1.0
 40
1.0
 40
1.0
 10
76.68096392606407
 20
283.5944490235949
 30
0.0
 10
76.5769681578349
 20
283.4709447918241
 30
0.0
 10
76.4469681578349
 20
283.28893632828243
 30
0.0
  0
SPLINE
  5
AB
330
17
100
AcDbEntity
  8
ENGRAVE
100
AcDbSpline
 70
0
 71
2
 72
6
 73
3
 74
0
 40
0.0
 40
0.0
 40
0.0
 40
1.0
 40
1.0
 40
1.0
 10
76.60297238960574
 20
280.76045325536575
 30
0.0
 10
76.5769681578349
 20
280.8059447918241
 30
0.0
 10
76.5119681578349
 20
280.85795325536577
 30
0.0
  0
SPLINE
  5
AC
330
17
100
AcDbEntity
  8
ENGRAVE
100
AcDbSpline
 70
0
 71
2
 72
6
 73
3
 74
0
 40
0.0
 40
0.0
 40
0.0
 40
1.0
 40
1.0
 40
1.0
 10
76.23245969429324
 20
280.5979320965116
 30
0.0
 10
76.43397662137657
 20
280.6239363282824
 30
0.0
 10
76.56397662137657
 20
280.6889363282824
 30
0.0
  0
SPLINE
  5
AD
330
17
100
AcDbEntity
  8
ENGRAVE
100
AcDbSpline
 70
0
 71
2
 72
6
 73
3
 74
0
 40
0.0
 40
0.0
 40
0.0
 40
1.0
 40
1.0
 40
1.0
 10
75.7709427672099
 20
284.1339363282824
 30
0.0
 10
76.13495969429323
 20
284.4849617189074
 30
0.0
 10
76.58995969429324
 20
284.8099617189074
 30
0.0
  0
SPLINE
  5
AE
330
17
100
AcDbEntity
  8
ENGRAVE
100
AcDbSpline
 70
0
 71
2
 72
6
 73
3
 74
0
 40
0.0
 40
0.0
 40
0.0
 40
1.0
 40
1.0
 40
1.0
 10
76.56397662137657
 20
280.6889363282824
 30
0.0
 10
76.62897662137657
 20
280.71496171890743
 30
0.0
 10
76.60297238960574
 20
280.76045325536575
 30
0.0
  0
SPLINE
  5
AF
330
17
100
AcDbEntity
  8
ENGRAVE
100
AcDbSpline
 70
0
 71
2
 72
6
 73
3
 74
0
 40
0.0
 40
0.0
 40
0.0
 40
1.0
 40
1.0
 40
1.0
 10
76.27795123075157
 20
282.33994056005326
 30
0.0
 10
76.39495969429323
 20
282.2229532553658
 30
0.0
 10
76.6159427672099
 20
282.0409447918241
 30
0.0
  0
SPLINE
  5
B0
330
17
100
AcDbEntity
  8
ENGRAVE
100
AcDbSpline
 70
0
 71
2
 72
6
 73
3
 74
0
 40
0.0
 40
0.0
 40
0.0
 40
1.0
 40
1.0
 40
1.0
 10
76.78495969429324
 20
283.6529532553658
 30
0.0
 10
76.78495969429324
 20
283.7179532553658
 30
0.0
 10
76.68096392606407
 20
283.5944490235949
 30
0.0
  0
SPLINE
  5
B1
330
17
100
AcDbEntity
  8
ENGRAVE
100
AcDbSpline
 70
0
 71
2
 72
6
 73
3
 74
0
 40
0.0
 40
0.0
 40
0.0
 40
1.0
 40
1.0
 40
1.0
 10
76.8564554625224
 20
283.6789574871366
 30
0.0
 10
76.8369681578349
 20
283.6529532553658
 30
0.0
 10
76.78495969429324
 20
283.6529532553658
 30
0.0
  0
SPLINE
  5
B2
330
17
100
AcDbEntity
  8
ENGRAVE
100
AcDbSpline
 70
0
 71
2
 72
6
 73
3
 74
0
 40
0.0
 40
0.0
 40
0.0
 40
1.0
 40
1.0
 40
1.0
 10
77.2659427672099
 20
279.81795325536575
 30
0.0
 10
77.1359427672099
 20
279.75295325536575
 30
0.0
 10
76.8109427672099
 20
279.6944490235949
 30
0.0
  0
SPLINE
  5
B3
330
17
100
AcDbEntity
  8
ENGRAVE
100
AcDbSpline
 70
0
 71
2
 72
6
 73
3
 74
0
 40
0.0
 40
0.0
 40
0.0
 40
1.0
 40
1.0
 40
1.0
 10
76.92795123075157
 20
283.79594479182407
 30
0.0
 10
76.8759427672099
 20
283.70496171890744
 30
0.0
 10
76.8564554625224
 20
283.6789574871366
 30
0.0
  0
SPLINE
  5
B4
330
17
100
AcDbEntity
  8
ENGRAVE
100
AcDbSpline
 70
0
 71
2
 72
6
 73
3
 74
0
 40
0.0
 40
0.0
 40
0.0
 40
1.0
 40
1.0
 40
1.0
 10
77.29194699898073
 20
284.06244056005323
 30
0.0
 10
77.05795123075157
 20
283.9129532553658
 30
0.0
 10
76.92795123075157
 20
283.79594479182407
 30
0.0
  0
SPLINE
  5
B5
330
17
100
AcDbEntity
  8
ENGRAVE
100
AcDbSpline
 70
0
 71
2
 72
6
 73
3
 74
0
 40
0.0
 40
0.0
 40
0.0
 40
1.0
 40
1.0
 40
1.0
 10
77.78596392606407
 20
280.26643632828245
 30
0.0
 10
77.6169681578349
 20
279.97393632828243
 30
0.0
 10
77.2659427672099
 20
279.81795325536575
 30
0.0
  0
SPLINE
  5
B6
330
17
100
AcDbEntity
  8
ENGRAVE
100
AcDbSpline
 70
0
 71
2
 72
6
 73
3
 74
0
 40
0.0
 40
0.0
 40
0.0
 40
1.0
 40
1.0
 40
1.0
 10
77.74045123075157
 20
284.3159447918241
 30
0.0
 10
77.5259427672099
 20
284.21192786474074
 30
0.0
 10
77.29194699898073
 20
284.06244056005323
 30
0.0
  0
SPLINE
  5
B7
330
17
100
AcDbEntity
  8
ENGRAVE
100
AcDbSpline
 70
0
 71
2
 72
6
 73
3
 74
0
 40
0.0
 40
0.0
 40
0.0
 40
1.0
 40
1.0
 40
1.0
 10
76.6159427672099
 20
282.0409447918241
 30
0.0
 10
77.0709427672099
 20
281.70295325536574
 30
0.0
 10
77.2984427672099
 20
281.50795325536575
 30
0.0
  0
SPLINE
  5
B8
330
17
100
AcDbEntity
  8
ENGRAVE
100
AcDbSpline
 70
0
 71
2
 72
6
 73
3
 74
0
 40
0.0
 40
0.0
 40
0.0
 40
1.0
 40
1.0
 40
1.0
 10
77.2984427672099
 20
281.50795325536575
 30
0.0
 10
77.5259427672099
 20
281.31295325536576
 30
0.0
 10
77.61694699898074
 20
281.1959447918241
 30
0.0
  0
SPLINE
  5
B9
330
17
100
AcDbEntity
  8
ENGRAVE
100
AcDbSpline
 70
0
 71
2
 72
6
 73
3
 74
0
 40
0.0
 40
0.0
 40
0.0
 40
1.0
 40
1.0
 40
1.0
 10
76.58995969429324
 20
284.8099617189074
 30
0.0
 10
77.04495969429324
 20
285.13496171890745
 30
0.0
 10
77.64295123075156
 20
285.2909447918241
 30
0.0
  0
SPLINE
  5
BA
330
17
100
AcDbEntity
  8
ENGRAVE
100
AcDbSpline
 70
0
 71
2
 72
6
 73
3
 74
0
 40
0.0
 40
0.0
 40
0.0
 40
1.0
 40
1.0
 40
1.0
 10
77.6884427672099
 20
283.3084447918241
 30
0.0
 10
77.65594276720991
 20
283.3669278647408
 30
0.0
 10
77.65594276720991
 20
283.4189363282824
 30
0.0
  0
SPLINE
  5
BB
330
17
100
AcDbEntity
  8
ENGRAVE
100
AcDbSpline
 70
0
 71
2
 72
6
 73
3
 74
0
 40
0.0
 40
0.0
 40
0.0
 40
1.0
 40
1.0
 40
1.0
 10
77.7209427672099
 20
283.2499617189074
 30
0.0
 10
77.7209427672099
 20
283.2499617189074
 30
0.0
 10
77.6884427672099
 20
283.3084447918241
 30
0.0
  0
SPLINE
  5
BC
330
17
100
AcDbEntity
  8
ENGRAVE
100
AcDbSpline
 70
0
 71
2
 72
6
 73
3
 74
0
 40
0.0
 40
0.0
 40
0.0
 40
1.0
 40
1.0
 40
1.0
 10
77.65594276720991
 20
283.4189363282824
 30
0.0
 10
77.65594276720991
 20
283.4709447918241
 30
0.0
 10
77.69495969429323
 20
283.51643632828245
 30
0.0
  0
SPLINE
  5
BD
330
17
100
AcDbEntity
  8
ENGRAVE
100
AcDbSpline
 70
0
 71
2
 72
6
 73
3
 74
0
 40
0.0
 40
0.0
 40
0.0
 40
1.0
 40
1.0
 40
1.0
 10
77.83795123075157
 20
283.11994056005324
 30
0.0
 10
77.77295123075157
 20
283.1719278647408
 30
0.0
 10
77.7209427672099
 20
283.2499617189074
 30
0.0
  0
SPLINE
  5
BE
330
17
100
AcDbEntity
  8
ENGRAVE
100
AcDbSpline
 70
0
 71
2
 72
6
 73
3
 74
0
 40
0.0
 40
0.0
 40
0.0
 40
1.0
 40
1.0
 40
1.0
 10
77.61694699898074
 20
281.1959447918241
 30
0.0
 10
77.70795123075158
 20
281.07893632828245
 30
0.0
 10
77.73397662137657
 20
280.96192786474074
 30
0.0
  0
SPLINE
  5
BF
330
17
100
AcDbEntity
  8
ENGRAVE
100
AcDbSpline
 70
0
 71
2
 72
6
 73
3
 74
0
 40
0.0
 40
0.0
 40
0.0
 40
1.0
 40
1.0
 40
1.0
 10
77.69495969429323
 20
283.51643632828245
 30
0.0
 10
77.73397662137657
 20
283.56192786474077
 30
0.0
 10
77.73397662137657
 20
283.56192786474077
 30
0.0
  0
SPLINE
  5
C0
330
17
100
AcDbEntity
  8
ENGRAVE
100
AcDbSpline
 70
0
 71
2
 72
6
 73
3
 74
0
 40
0.0
 40
0.0
 40
0.0
 40
1.0
 40
1.0
 40
1.0
 10
78.01995969429323
 20
284.4199617189074
 30
0.0
 10
77.95495969429324
 20
284.4199617189074
 30
0.0
 10
77.74045123075157
 20
284.3159447918241
 30
0.0
  0
SPLINE
  5
C1
330
17
100
AcDbEntity
  8
ENGRAVE
100
AcDbSpline
 70
0
 71
2
 72
6
 73
3
 74
0
 40
0.0
 40
0.0
 40
0.0
 40
1.0
 40
1.0
 40
1.0
 10
77.73397662137657
 20
280.96192786474074
 30
0.0
 10
77.95495969429324
 20
280.5589363282824
 30
0.0
 10
77.78596392606407
 20
280.26643632828245
 30
0.0
  0
SPLINE
  5
C2
330
17
100
AcDbEntity
  8
ENGRAVE
100
AcDbSpline
 70
0
 71
2
 72
6
 73
3
 74
0
 40
0.0
 40
0.0
 40
0.0
 40
1.0
 40
1.0
 40
1.0
 10
77.9809427672099
 20
283.0159447918241
 30
0.0
 10
77.90295123075157
 20
283.06795325536575
 30
0.0
 10
77.83795123075157
 20
283.11994056005324
 30
0.0
  0
SPLINE
  5
C3
330
17
100
AcDbEntity
  8
ENGRAVE
100
AcDbSpline
 70
0
 71
2
 72
6
 73
3
 74
0
 40
0.0
 40
0.0
 40
0.0
 40
1.0
 40
1.0
 40
1.0
 10
78.3189554625224
 20
283.0289574871366
 30
0.0
 10
78.09795123075156
 20
282.9249617189074
 30
0.0
 10
77.9809427672099
 20
283.0159447918241
 30
0.0
  0
SPLINE
  5
C4
330
17
100
AcDbEntity
  8
ENGRAVE
100
AcDbSpline
 70
0
 71
2
 72
6
 73
3
 74
0
 40
0.0
 40
0.0
 40
0.0
 40
1.0
 40
1.0
 40
1.0
 10
78.18897662137657
 20
284.30295325536576
 30
0.0
 10
78.18897662137657
 20
284.4199617189074
 30
0.0
 10
78.01995969429323
 20
284.4199617189074
 30
0.0
  0
SPLINE
  5
C5
330
17
100
AcDbEntity
  8
ENGRAVE
100
AcDbSpline
 70
0
 71
2
 72
6
 73
3
 74
0
 40
0.0
 40
0.0
 40
0.0
 40
1.0
 40
1.0
 40
1.0
 10
77.64295123075156
 20
285.2909447918241
 30
0.0
 10
77.82495969429324
 20
285.32996171890744
 30
0.0
 10
78.0589554625224
 20
285.32996171890744
 30
0.0
  0
SPLINE
  5
C6
330
17
100
AcDbEntity
  8
ENGRAVE
100
AcDbSpline
 70
0
 71
2
 72
6
 73
3
 74
0
 40
0.0
 40
0.0
 40
0.0
 40
1.0
 40
1.0
 40
1.0
 10
77.73397662137657
 20
283.56192786474077
 30
0.0
 10
77.99397662137658
 20
283.8089363282824
 30
0.0
 10
78.09147662137657
 20
284.0104320965116
 30
0.0
  0
SPLINE
  5
C7
330
17
100
AcDbEntity
  8
ENGRAVE
100
AcDbSpline
 70
0
 71
2
 72
6
 73
3
 74
0
 40
0.0
 40
0.0
 40
0.0
 40
1.0
 40
1.0
 40
1.0
 10
78.09147662137657
 20
284.0104320965116
 30
0.0
 10
78.18897662137657
 20
284.21192786474074
 30
0.0
 10
78.18897662137657
 20
284.30295325536576
 30
0.0
  0
SPLINE
  5
C8
330
17
100
AcDbEntity
  8
ENGRAVE
100
AcDbSpline
 70
0
 71
2
 72
6
 73
3
 74
0
 40
0.0
 40
0.0
 40
0.0
 40
1.0
 40
1.0
 40
1.0
 10
78.7869681578349
 20
283.3019278647408
 30
0.0
 10
78.53995969429323
 20
283.13295325536575
 30
0.0
 10
78.3189554625224
 20
283.0289574871366
 30
0.0
  0
SPLINE
  5
C9
330
17
100
AcDbEntity
  8
ENGRAVE
100
AcDbSpline
 70
0
 71
2
 72
6
 73
3
 74
0
 40
0.0
 40
0.0
 40
0.0
 40
1.0
 40
1.0
 40
1.0
 10
78.0589554625224
 20
285.32996171890744
 30
0.0
 10
78.29295123075157
 20
285.32996171890744
 30
0.0
 10
78.3969681578349
 20
285.26496171890744
 30
0.0
  0
SPLINE
  5
CA
330
17
100
AcDbEntity
  8
ENGRAVE
100
AcDbSpline
 70
0
 71
2
 72
6
 73
3
 74
0
 40
0.0
 40
0.0
 40
0.0
 40
1.0
 40
1.0
 40
1.0
 10
78.3969681578349
 20
285.26496171890744
 30
0.0
 10
78.5009427672099
 20
285.32996171890744
 30
0.0
 10
78.65694699898074
 20
285.2324617189074
 30
0.0
  0
SPLINE
  5
CB
330
17
100
AcDbEntity
  8
ENGRAVE
100
AcDbSpline
 70
0
 71
2
 72
6
 73
3
 74
0
 40
0.0
 40
0.0
 40
0.0
 40
1.0
 40
1.0
 40
1.0
 10
78.9819681578349
 20
283.6009447918241
 30
0.0
 10
78.9819681578349
 20
283.4709447918241
 30
0.0
 10
78.7869681578349
 20
283.3019278647408
 30
0.0
  0
SPLINE
  5
CC
330
17
100
AcDbEntity
  8
ENGRAVE
100
AcDbSpline
 70
0
 71
2
 72
6
 73
3
 74
0
 40
0.0
 40
0.0
 40
0.0
 40
1.0
 40
1.0
 40
1.0
 10
78.65694699898074
 20
285.2324617189074
 30
0.0
 10
78.81295123075157
 20
285.13496171890745
 30
0.0
 10
78.9689554625224
 20
284.9659447918241
 30
0.0
  0
SPLINE
  5
CD
330
17
100
AcDbEntity
  8
ENGRAVE
100
AcDbSpline
 70
0
 71
2
 72
6
 73
3
 74
0
 40
0.0
 40
0.0
 40
0.0
 40
1.0
 40
1.0
 40
1.0
 10
79.0144681578349
 20
283.67244056005325
 30
0.0
 10
78.9819681578349
 20
283.6659447918241
 30
0.0
 10
78.9819681578349
 20
283.6009447918241
 30
0.0
  0
SPLINE
  5
CE
330
17
100
AcDbEntity
  8
ENGRAVE
100
AcDbSpline
 70
0
 71
2
 72
6
 73
3
 74
0
 40
0.0
 40
0.0
 40
0.0
 40
1.0
 40
1.0
 40
1.0
 10
79.0469681578349
 20
283.6789363282824
 30
0.0
 10
79.0469681578349
 20
283.6789363282824
 30
0.0
 10
79.0144681578349
 20
283.67244056005325
 30
0.0
  0
SPLINE
  5
CF
330
17
100
AcDbEntity
  8
ENGRAVE
100
AcDbSpline
 70
0
 71
2
 72
6
 73
3
 74
0
 40
0.0
 40
0.0
 40
0.0
 40
1.0
 40
1.0
 40
1.0
 10
79.16395546252241
 20
283.8479320965116
 30
0.0
 10
79.13795123075157
 20
283.6789363282824
 30
0.0
 10
79.0469681578349
 20
283.6789363282824
 30
0.0
  0
SPLINE
  5
D0
330
17
100
AcDbEntity
  8
ENGRAVE
100
AcDbSpline
 70
0
 71
2
 72
6
 73
3
 74
0
 40
0.0
 40
0.0
 40
0.0
 40
1.0
 40
1.0
 40
1.0
 10
79.19645546252241
 20
284.24442786474077
 30
0.0
 10
79.18995969429324
 20
284.01692786474075
 30
0.0
 10
79.16395546252241
 20
283.8479320965116
 30
0.0
  0
SPLINE
  5
D1
330
17
100
AcDbEntity
  8
ENGRAVE
100
AcDbSpline
 70
0
 71
2
 72
6
 73
3
 74
0
 40
0.0
 40
0.0
 40
0.0
 40
1.0
 40
1.0
 40
1.0
 10
79.20295123075157
 20
284.62795325536575
 30
0.0
 10
79.20295123075157
 20
284.47192786474074
 30
0.0
 10
79.19645546252241
 20
284.24442786474077
 30
0.0
  0
SPLINE
  5
D2
330
17
100
AcDbEntity
  8
ENGRAVE
100
AcDbSpline
 70
0
 71
2
 72
6
 73
3
 74
0
 40
0.0
 40
0.0
 40
0.0
 40
1.0
 40
1.0
 40
1.0
 10
78.9689554625224
 20
284.9659447918241
 30
0.0
 10
79.12495969429324
 20
284.7969278647408
 30
0.0
 10
79.20295123075157
 20
284.62795325536575
 30
0.0
  0
SPLINE
  5
D3
330
17
100
AcDbEntity
  8
ENGRAVE
100
AcDbSpline
 70
0
 71
2
 72
6
 73
3
 74
0
 40
0.0
 40
0.0
 40
0.0
 40
1.0
 40
1.0
 40
1.0
 10
79.39795123075156
 20
280.9424405600533
 30
0.0
 10
79.2809427672099
 20
281.31295325536576
 30
0.0
 10
79.35897662137657
 20
281.94996171890745
 30
0.0
  0
SPLINE
  5
D4
330
17
100
AcDbEntity
  8
ENGRAVE
100
AcDbSpline
 70
0
 71
2
 72
6
 73
3
 74
0
 40
0.0
 40
0.0
 40
0.0
 40
1.0
 40
1.0
 40
1.0
 10
79.64495969429323
 20
280.4029532553658
 30
0.0
 10
79.51495969429324
 20
280.57192786474076
 30
0.0
 10
79.39795123075156
 20
280.9424405600533
 30
0.0
  0
SPLINE
  5
D5
330
17
100
AcDbEntity
  8
ENGRAVE
100
AcDbSpline
 70
0
 71
2
 72
6
 73
3
 74
0
 40
0.0
 40
0.0
 40
0.0
 40
1.0
 40
1.0
 40
1.0
 10
80.25596392606407
 20
279.9544490235949
 30
0.0
 10
79.87897662137657
 20
280.10393632828243
 30
0.0
 10
79.64495969429323
 20
280.4029532553658
 30
0.0
  0
SPLINE
  5
D6
330
17
100
AcDbEntity
  8
ENGRAVE
100
AcDbSpline
 70
0
 71
2
 72
6
 73
3
 74
0
 40
0.0
 40
0.0
 40
0.0
 40
1.0
 40
1.0
 40
1.0
 10
79.35897662137657
 20
281.94996171890745
 30
0.0
 10
79.4369681578349
 20
282.54795325536577
 30
0.0
 10
79.7294681578349
 20
283.1589574871366
 30
0.0
  0
SPLINE
  5
D7
330
17
100
AcDbEntity
  8
ENGRAVE
100
AcDbSpline
 70
0
 71
2
 72
6
 73
3
 74
0
 40
0.0
 40
0.0
 40
0.0
 40
1.0
 40
1.0
 40
1.0
 10
81.06846392606407
 20
279.83746171890743
 30
0.0
 10
80.63295123075156
 20
279.8049617189074
 30
0.0
 10
80.25596392606407
 20
279.9544490235949
 30
0.0
  0
SPLINE
  5
D8
330
17
100
AcDbEntity
  8
ENGRAVE
100
AcDbSpline
 70
0
 71
2
 72
6
 73
3
 74
0
 40
0.0
 40
0.0
 40
0.0
 40
1.0
 40
1.0
 40
1.0
 10
80.4834427672099
 20
282.0929532553658
 30
0.0
 10
80.3859427672099
 20
281.9629532553658
 30
0.0
 10
80.39897662137656
 20
281.5859447918241
 30
0.0
  0
SPLINE
  5
D9
330
17
100
AcDbEntity
  8
ENGRAVE
100
AcDbSpline
 70
0
 71
2
 72
6
 73
3
 74
0
 40
0.0
 40
0.0
 40
0.0
 40
1.0
 40
1.0
 40
1.0
 10
79.7294681578349
 20
283.1589574871366
 30
0.0
 10
80.0219681578349
 20
283.76996171890744
 30
0.0
 10
80.45096392606406
 20
284.23795325536577
 30
0.0
  0
SPLINE
  5
DA
330
17
100
AcDbEntity
  8
ENGRAVE
100
AcDbSpline
 70
0
 71
2
 72
6
 73
3
 74
0
 40
0.0
 40
0.0
 40
0.0
 40
1.0
 40
1.0
 40
1.0
 10
80.89295123075156
 20
282.1579532553658
 30
0.0
 10
80.5809427672099
 20
282.2229532553658
 30
0.0
 10
80.4834427672099
 20
282.0929532553658
 30
0.0
  0
SPLINE
  5
DB
330
17
100
AcDbEntity
  8
ENGRAVE
100
AcDbSpline
 70
0
 71
2
 72
6
 73
3
 74
0
 40
0.0
 40
0.0
 40
0.0
 40
1.0
 40
1.0
 40
1.0
 10
80.39897662137656
 20
281.5859447918241
 30
0.0
 10
80.42495969429324
 20
281.3519278647408
 30
0.0
 10
80.5094681578349
 20
281.1764363282824
 30
0.0
  0
SPLINE
  5
DC
330
17
100
AcDbEntity
  8
ENGRAVE
100
AcDbSpline
 70
0
 71
2
 72
6
 73
3
 74
0
 40
0.0
 40
0.0
 40
0.0
 40
1.0
 40
1.0
 40
1.0
 10
80.5094681578349
 20
281.1764363282824
 30
0.0
 10
80.59397662137657
 20
281.0009447918241
 30
0.0
 10
80.82795123075157
 20
280.9359447918241
 30
0.0
  0
SPLINE
  5
DD
330
17
100
AcDbEntity
  8
ENGRAVE
100
AcDbSpline
 70
0
 71
2
 72
6
 73
3
 74
0
 40
0.0
 40
0.0
 40
0.0
 40
1.0
 40
1.0
 40
1.0
 10
81.07495969429323
 20
283.41244056005326
 30
0.0
 10
80.9059427672099
 20
283.2109447918241
 30
0.0
 10
80.85397662137656
 20
283.1069278647408
 30
0.0
  0
SPLINE
  5
DE
330
17
100
AcDbEntity
  8
ENGRAVE
100
AcDbSpline
 70
0
 71
2
 72
6
 73
3
 74
0
 40
0.0
 40
0.0
 40
0.0
 40
1.0
 40
1.0
 40
1.0
 10
81.71194699898074
 20
282.0799405600533
 30
0.0
 10
81.41295123075156
 20
282.0539363282824
 30
0.0
 10
80.89295123075156
 20
282.1579532553658
 30
0.0
  0
SPLINE
  5
DF
330
17
100
AcDbEntity
  8
ENGRAVE
100
AcDbSpline
 70
0
 71
2
 72
6
 73
3
 74
0
 40
0.0
 40
0.0
 40
0.0
 40
1.0
 40
1.0
 40
1.0
 10
81.89397662137657
 20
280.0909447918241
 30
0.0
 10
81.50397662137657
 20
279.8699617189074
 30
0.0
 10
81.06846392606407
 20
279.83746171890743
 30
0.0
  0
SPLINE
  5
E0
330
17
100
AcDbEntity
  8
ENGRAVE
100
AcDbSpline
 70
0
 71
2
 72
6
 73
3
 74
0
 40
0.0
 40
0.0
 40
0.0
 40
1.0
 40
1.0
 40
1.0
 10
81.44547238960573
 20
283.79594479182407
 30
0.0
 10
81.24397662137656
 20
283.6139363282824
 30
0.0
 10
81.07495969429323
 20
283.41244056005326
 30
0.0
  0
SPLINE
  5
E1
330
17
100
AcDbEntity
  8
ENGRAVE
100
AcDbSpline
 70
0
 71
2
 72
6
 73
3
 74
0
 40
0.0
 40
0.0
 40
0.0
 40
1.0
 40
1.0
 40
1.0
 10
80.85397662137656
 20
283.1069278647408
 30
0.0
 10
80.91897662137657
 20
283.0159447918241
 30
0.0
 10
81.2244681578349
 20
282.97694902359495
 30
0.0
  0
SPLINE
  5
E2
330
17
100
AcDbEntity
  8
ENGRAVE
100
AcDbSpline
 70
0
 71
2
 72
6
 73
3
 74
0
 40
0.0
 40
0.0
 40
0.0
 40
1.0
 40
1.0
 40
1.0
 10
80.82795123075157
 20
280.9359447918241
 30
0.0
 10
81.1269681578349
 20
280.8839363282824
 30
0.0
 10
81.2569681578349
 20
280.92944902359494
 30
0.0
  0
SPLINE
  5
E3
330
17
100
AcDbEntity
  8
ENGRAVE
100
AcDbSpline
 70
0
 71
2
 72
6
 73
3
 74
0
 40
0.0
 40
0.0
 40
0.0
 40
1.0
 40
1.0
 40
1.0
 10
80.45096392606406
 20
284.23795325536577
 30
0.0
 10
80.87995969429323
 20
284.7059447918241
 30
0.0
 10
81.3869681578349
 20
284.87496171890746
 30
0.0
  0
SPLINE
  5
E4
330
17
100
AcDbEntity
  8
ENGRAVE
100
AcDbSpline
 70
0
 71
2
 72
6
 73
3
 74
0
 40
0.0
 40
0.0
 40
0.0
 40
1.0
 40
1.0
 40
1.0
 10
81.7769681578349
 20
284.01692786474075
 30
0.0
 10
81.6469681578349
 20
283.9779532553658
 30
0.0
 10
81.44547238960573
 20
283.79594479182407
 30
0.0
  0
SPLINE
  5
E5
330
17
100
AcDbEntity
  8
ENGRAVE
100
AcDbSpline
 70
0
 71
2
 72
6
 73
3
 74
0
 40
0.0
 40
0.0
 40
0.0
 40
1.0
 40
1.0
 40
1.0
 10
81.2569681578349
 20
280.92944902359494
 30
0.0
 10
81.3869681578349
 20
280.9749617189074
 30
0.0
 10
81.5819681578349
 20
281.0659447918241
 30
0.0
  0
SPLINE
  5
E6
330
17
100
AcDbEntity
  8
ENGRAVE
100
AcDbSpline
 70
0
 71
2
 72
6
 73
3
 74
0
 40
0.0
 40
0.0
 40
0.0
 40
1.0
 40
1.0
 40
1.0
 10
82.2319681578349
 20
282.19692786474076
 30
0.0
 10
82.0109427672099
 20
282.1059447918241
 30
0.0
 10
81.71194699898074
 20
282.0799405600533
 30
0.0
  0
SPLINE
  5
E7
330
17
100
AcDbEntity
  8
ENGRAVE
100
AcDbSpline
 70
0
 71
2
 72
6
 73
3
 74
0
 40
0.0
 40
0.0
 40
0.0
 40
1.0
 40
1.0
 40
1.0
 10
81.2244681578349
 20
282.97694902359495
 30
0.0
 10
81.52995969429324
 20
282.93795325536576
 30
0.0
 10
81.72495969429323
 20
282.9899617189074
 30
0.0
  0
SPLINE
  5
E8
330
17
100
AcDbEntity
  8
ENGRAVE
100
AcDbSpline
 70
0
 71
2
 72
6
 73
3
 74
0
 40
0.0
 40
0.0
 40
0.0
 40
1.0
 40
1.0
 40
1.0
 10
81.3869681578349
 20
284.87496171890746
 30
0.0
 10
81.56897662137656
 20
284.93996171890745
 30
0.0
 10
81.75745969429323
 20
284.9724617189074
 30
0.0
  0
SPLINE
  5
E9
330
17
100
AcDbEntity
  8
ENGRAVE
100
AcDbSpline
 70
0
 71
2
 72
6
 73
3
 74
0
 40
0.0
 40
0.0
 40
0.0
 40
1.0
 40
1.0
 40
1.0
 10
82.26444699898073
 20
283.9779320965116
 30
0.0
 10
82.0759427672099
 20
284.08192786474075
 30
0.0
 10
81.7769681578349
 20
284.01692786474075
 30
0.0
  0
SPLINE
  5
EA
330
17
100
AcDbEntity
  8
ENGRAVE
100
AcDbSpline
 70
0
 71
2
 72
6
 73
3
 74
0
 40
0.0
 40
0.0
 40
0.0
 40
1.0
 40
1.0
 40
1.0
 10
81.5819681578349
 20
281.0659447918241
 30
0.0
 10
81.72495969429323
 20
281.15692786474074
 30
0.0
 10
81.88096392606407
 20
281.2869278647408
 30
0.0
  0
SPLINE
  5
EB
330
17
100
AcDbEntity
  8
ENGRAVE
100
AcDbSpline
 70
0
 71
2
 72
6
 73
3
 74
0
 40
0.0
 40
0.0
 40
0.0
 40
1.0
 40
1.0
 40
1.0
 10
82.56346392606406
 20
280.63692786474076
 30
0.0
 10
82.28397662137657
 20
280.31192786474077
 30
0.0
 10
81.89397662137657
 20
280.0909447918241
 30
0.0
  0
SPLINE
  5
EC
330
17
100
AcDbEntity
  8
ENGRAVE
100
AcDbSpline
 70
0
 71
2
 72
6
 73
3
 74
0
 40
0.0
 40
0.0
 40
0.0
 40
1.0
 40
1.0
 40
1.0
 10
81.72495969429323
 20
282.9899617189074
 30
0.0
 10
81.8159427672099
 20
283.02893632828244
 30
0.0
 10
81.9914554625224
 20
283.17194902359495
 30
0.0
  0
SPLINE
  5
ED
330
17
100
AcDbEntity
  8
ENGRAVE
100
AcDbSpline
 70
0
 71
2
 72
6
 73
3
 74
0
 40
0.0
 40
0.0
 40
0.0
 40
1.0
 40
1.0
 40
1.0
 10
81.88096392606407
 20
281.2869278647408
 30
0.0
 10
82.0369681578349
 20
281.4169278647408
 30
0.0
 10
82.14094276720989
 20
281.4819278647408
 30
0.0
  0
SPLINE
  5
EE
330
17
100
AcDbEntity
  8
ENGRAVE
100
AcDbSpline
 70
0
 71
2
 72
6
 73
3
 74
0
 40
0.0
 40
0.0
 40
0.0
 40
1.0
 40
1.0
 40
1.0
 10
83.08346392606407
 20
282.91194902359496
 30
0.0
 10
82.77795123075157
 20
282.4309447918241
 30
0.0
 10
82.2319681578349
 20
282.19692786474076
 30
0.0
  0
SPLINE
  5
EF
330
17
100
AcDbEntity
  8
ENGRAVE
100
AcDbSpline
 70
0
 71
2
 72
6
 73
3
 74
0
 40
0.0
 40
0.0
 40
0.0
 40
1.0
 40
1.0
 40
1.0
 10
81.75745969429323
 20
284.9724617189074
 30
0.0
 10
81.9459427672099
 20
285.00496171890745
 30
0.0
 10
82.25795123075156
 20
284.97893632828243
 30
0.0
  0
SPLINE
  5
F0
330
17
100
AcDbEntity
  8
ENGRAVE
100
AcDbSpline
 70
0
 71
2
 72
6
 73
3
 74
0
 40
0.0
 40
0.0
 40
0.0
 40
1.0
 40
1.0
 40
1.0
 10
82.45295123075157
 20
283.7309447918241
 30
0.0
 10
82.45295123075157
 20
283.8739363282824
 30
0.0
 10
82.26444699898073
 20
283.9779320965116
 30
0.0
  0
SPLINE
  5
F1
330
17
100
AcDbEntity
  8
ENGRAVE
100
AcDbSpline
 70
0
 71
2
 72
6
 73
3
 74
0
 40
0.0
 40
0.0
 40
0.0
 40
1.0
 40
1.0
 40
1.0
 10
81.9914554625224
 20
283.17194902359495
 30
0.0
 10
82.1669681578349
 20
283.31496171890745
 30
0.0
 10
82.30995969429323
 20
283.4774617189074
 30
0.0
  0
SPLINE
  5
F2
330
17
100
AcDbEntity
  8
ENGRAVE
100
AcDbSpline
 70
0
 71
2
 72
6
 73
3
 74
0
 40
0.0
 40
0.0
 40
0.0
 40
1.0
 40
1.0
 40
1.0
 10
82.14094276720989
 20
281.4819278647408
 30
0.0
 10
82.24495969429323
 20
281.5599617189074
 30
0.0
 10
82.4009427672099
 20
281.5599617189074
 30
0.0
  0
SPLINE
  5
F3
330
17
100
AcDbEntity
  8
ENGRAVE
100
AcDbSpline
 70
0
 71
2
 72
6
 73
3
 74
0
 40
0.0
 40
0.0
 40
0.0
 40
1.0
 40
1.0
 40
1.0
 10
82.30995969429323
 20
283.4774617189074
 30
0.0
 10
82.45295123075157
 20
283.63996171890744
 30
0.0
 10
82.45295123075157
 20
283.7309447918241
 30
0.0
  0
SPLINE
  5
F4
330
17
100
AcDbEntity
  8
ENGRAVE
100
AcDbSpline
 70
0
 71
2
 72
6
 73
3
 74
0
 40
0.0
 40
0.0
 40
0.0
 40
1.0
 40
1.0
 40
1.0
 10
82.84295123075157
 20
281.1309447918241
 30
0.0
 10
82.84295123075157
 20
280.96192786474074
 30
0.0
 10
82.56346392606406
 20
280.63692786474076
 30
0.0
  0
SPLINE
  5
F5
330
17
100
AcDbEntity
  8
ENGRAVE
100
AcDbSpline
 70
0
 71
2
 72
6
 73
3
 74
0
 40
0.0
 40
0.0
 40
0.0
 40
1.0
 40
1.0
 40
1.0
 10
82.4009427672099
 20
281.5599617189074
 30
0.0
 10
82.54397662137657
 20
281.5469278647408
 30
0.0
 10
82.67397662137657
 20
281.40393632828244
 30
0.0
  0
SPLINE
  5
F6
330
17
100
AcDbEntity
  8
ENGRAVE
100
AcDbSpline
 70
0
 71
2
 72
6
 73
3
 74
0
 40
0.0
 40
0.0
 40
0.0
 40
1.0
 40
1.0
 40
1.0
 10
82.25795123075156
 20
284.97893632828243
 30
0.0
 10
82.5569681578349
 20
284.93996171890745
 30
0.0
 10
82.79096392606407
 20
284.8294490235949
 30
0.0
  0
SPLINE
  5
F7
330
17
100
AcDbEntity
  8
ENGRAVE
100
AcDbSpline
 70
0
 71
2
 72
6
 73
3
 74
0
 40
0.0
 40
0.0
 40
0.0
 40
1.0
 40
1.0
 40
1.0
 10
82.67397662137657
 20
281.40393632828244
 30
0.0
 10
82.80397662137656
 20
281.2609447918241
 30
0.0
 10
82.84295123075157
 20
281.1309447918241
 30
0.0
  0
SPLINE
  5
F8
330
17
100
AcDbEntity
  8
ENGRAVE
100
AcDbSpline
 70
0
 71
2
 72
6
 73
3
 74
0
 40
0.0
 40
0.0
 40
0.0
 40
1.0
 40
1.0
 40
1.0
 10
83.45397662137657
 20
283.8089363282824
 30
0.0
 10
83.38897662137657
 20
283.39295325536574
 30
0.0
 10
83.08346392606407
 20
282.91194902359496
 30
0.0
  0
SPLINE
  5
F9
330
17
100
AcDbEntity
  8
ENGRAVE
100
AcDbSpline
 70
0
 71
2
 72
6
 73
3
 74
0
 40
0.0
 40
0.0
 40
0.0
 40
1.0
 40
1.0
 40
1.0
 10
82.79096392606407
 20
284.8294490235949
 30
0.0
 10
83.02495969429323
 20
284.71893632828244
 30
0.0
 10
83.12897662137657
 20
284.58893632828244
 30
0.0
  0
SPLINE
  5
FA
330
17
100
AcDbEntity
  8
ENGRAVE
100
AcDbSpline
 70
0
 71
2
 72
6
 73
3
 74
0
 40
0.0
 40
0.0
 40
0.0
 40
1.0
 40
1.0
 40
1.0
 10
83.12897662137657
 20
284.58893632828244
 30
0.0
 10
83.3369681578349
 20
284.3809447918241
 30
0.0
 10
83.4019681578349
 20
284.1859447918241
 30
0.0
  0
SPLINE
  5
FB
330
17
100
AcDbEntity
  8
ENGRAVE
100
AcDbSpline
 70
0
 71
2
 72
6
 73
3
 74
0
 40
0.0
 40
0.0
 40
0.0
 40
1.0
 40
1.0
 40
1.0
 10
83.4019681578349
 20
284.1859447918241
 30
0.0
 10
83.4669681578349
 20
283.9909447918241
 30
0.0
 10
83.45397662137657
 20
283.8089363282824
 30
0.0
  0
SPLINE
  5
FC
330
17
100
AcDbEntity
  8
ENGRAVE
100
AcDbSpline
 70
0
 71
2
 72
6
 73
3
 74
0
 40
0.0
 40
0.0
 40
0.0
 40
1.0
 40
1.0
 40
1.0
 10
83.83098508491823
 20
279.8244490235949
 30
0.0
 10
83.63598508491823
 20
280.0259447918241
 30
0.0
 10
83.55797238960572
 20
280.4159447918241
 30
0.0
  0
SPLINE
  5
FD
330
17
100
AcDbEntity
  8
ENGRAVE
100
AcDbSpline
 70
0
 71
2
 72
6
 73
3
 74
0
 40
0.0
 40
0.0
 40
0.0
 40
1.0
 40
1.0
 40
1.0
 10
83.55797238960572
 20
280.4159447918241
 30
0.0
 10
83.47995969429323
 20
280.8059447918241
 30
0.0
 10
83.58397662137656
 20
281.2869278647408
 30
0.0
  0
SPLINE
  5
FE
330
17
100
AcDbEntity
  8
ENGRAVE
100
AcDbSpline
 70
0
 71
2
 72
6
 73
3
 74
0
 40
0.0
 40
0.0
 40
0.0
 40
1.0
 40
1.0
 40
1.0
 10
83.58397662137656
 20
281.2869278647408
 30
0.0
 10
83.64897662137656
 20
281.44295325536575
 30
0.0
 10
83.68797238960573
 20
281.59244056005326
 30
0.0
  0
SPLINE
  5
FF
330
17
100
AcDbEntity
  8
ENGRAVE
100
AcDbSpline
 70
0
 71
2
 72
6
 73
3
 74
0
 40
0.0
 40
0.0
 40
0.0
 40
1.0
 40
1.0
 40
1.0
 10
83.68797238960573
 20
281.59244056005326
 30
0.0
 10
83.72696815783489
 20
281.7419278647408
 30
0.0
 10
83.72696815783489
 20
281.83295325536574
 30
0.0
  0
SPLINE
  5
100
330
17
100
AcDbEntity
  8
ENGRAVE
100
AcDbSpline
 70
0
 71
2
 72
6
 73
3
 74
0
 40
0.0
 40
0.0
 40
0.0
 40
1.0
 40
1.0
 40
1.0
 10
83.72696815783489
 20
281.83295325536574
 30
0.0
 10
83.75295123075156
 20
281.9629532553658
 30
0.0
 10
83.83096392606406
 20
282.2164574871366
 30
0.0
  0
SPLINE
  5
101
330
17
100
AcDbEntity
  8
ENGRAVE
100
AcDbSpline
 70
0
 71
2
 72
6
 73
3
 74
0
 40
0.0
 40
0.0
 40
0.0
 40
1.0
 40
1.0
 40
1.0
 10
84.27295123075156
 20
279.68795325536576
 30
0.0
 10
84.02598508491823
 20
279.62295325536576
 30
0.0
 10
83.83098508491823
 20
279.8244490235949
 30
0.0
  0
SPLINE
  5
102
330
17
100
AcDbEntity
  8
ENGRAVE
100
AcDbSpline
 70
0
 71
2
 72
6
 73
3
 74
0
 40
0.0
 40
0.0
 40
0.0
 40
1.0
 40
1.0
 40
1.0
 10
83.83096392606406
 20
282.2164574871366
 30
0.0
 10
83.90897662137655
 20
282.4699617189074
 30
0.0
 10
83.99998085314739
 20
282.74295325536576
 30
0.0
  0
SPLINE
  5
103
330
17
100
AcDbEntity
  8
ENGRAVE
100
AcDbSpline
 70
0
 71
2
 72
6
 73
3
 74
0
 40
0.0
 40
0.0
 40
0.0
 40
1.0
 40
1.0
 40
1.0
 10
83.99998085314739
 20
282.74295325536576
 30
0.0
 10
84.09098508491823
 20
283.0159447918241
 30
0.0
 10
84.17547238960573
 20
283.2304532553658
 30
0.0
  0
SPLINE
  5
104
330
17
100
AcDbEntity
  8
ENGRAVE
100
AcDbSpline
 70
0
 71
2
 72
6
 73
3
 74
0
 40
0.0
 40
0.0
 40
0.0
 40
1.0
 40
1.0
 40
1.0
 10
84.47446815783489
 20
279.9089574871366
 30
0.0
 10
84.3769681578349
 20
279.7399617189074
 30
0.0
 10
84.27295123075156
 20
279.68795325536576
 30
0.0
  0
SPLINE
  5
105
330
17
100
AcDbEntity
  8
ENGRAVE
100
AcDbSpline
 70
0
 71
2
 72
6
 73
3
 74
0
 40
0.0
 40
0.0
 40
0.0
 40
1.0
 40
1.0
 40
1.0
 10
84.17547238960573
 20
283.2304532553658
 30
0.0
 10
84.25995969429323
 20
283.44496171890745
 30
0.0
 10
84.28598508491822
 20
283.49692786474077
 30
0.0
  0
SPLINE
  5
106
330
17
100
AcDbEntity
  8
ENGRAVE
100
AcDbSpline
 70
0
 71
2
 72
6
 73
3
 74
0
 40
0.0
 40
0.0
 40
0.0
 40
1.0
 40
1.0
 40
1.0
 10
84.28598508491822
 20
283.49692786474077
 30
0.0
 10
84.33795123075156
 20
283.49692786474077
 30
0.0
 10
84.3769681578349
 20
283.5879320965116
 30
0.0
  0
SPLINE
  5
107
330
17
100
AcDbEntity
  8
ENGRAVE
100
AcDbSpline
 70
0
 71
2
 72
6
 73
3
 74
0
 40
0.0
 40
0.0
 40
0.0
 40
1.0
 40
1.0
 40
1.0
 10
84.3769681578349
 20
283.5879320965116
 30
0.0
 10
84.41598508491822
 20
283.6789363282824
 30
0.0
 10
84.41598508491822
 20
283.76996171890744
 30
0.0
  0
SPLINE
  5
108
330
17
100
AcDbEntity
  8
ENGRAVE
100
AcDbSpline
 70
0
 71
2
 72
6
 73
3
 74
0
 40
0.0
 40
0.0
 40
0.0
 40
1.0
 40
1.0
 40
1.0
 10
84.41598508491822
 20
283.76996171890744
 30
0.0
 10
84.41598508491822
 20
283.8739363282824
 30
0.0
 10
84.46147662137656
 20
284.0039363282824
 30
0.0
  0
SPLINE
  5
109
330
17
100
AcDbEntity
  8
ENGRAVE
100
AcDbSpline
 70
0
 71
2
 72
6
 73
3
 74
0
 40
0.0
 40
0.0
 40
0.0
 40
1.0
 40
1.0
 40
1.0
 10
84.57196815783489
 20
280.38996171890744
 30
0.0
 10
84.57196815783489
 20
280.07795325536574
 30
0.0
 10
84.47446815783489
 20
279.9089574871366
 30
0.0
  0
SPLINE
  5
10A
330
17
100
AcDbEntity
  8
ENGRAVE
100
AcDbSpline
 70
0
 71
2
 72
6
 73
3
 74
0
 40
0.0
 40
0.0
 40
0.0
 40
1.0
 40
1.0
 40
1.0
 10
84.46147662137656
 20
284.0039363282824
 30
0.0
 10
84.50696815783489
 20
284.1339363282824
 30
0.0
 10
84.55897662137656
 20
284.1859447918241
 30
0.0
  0
SPLINE
  5
10B
330
17
100
AcDbEntity
  8
ENGRAVE
100
AcDbSpline
 70
0
 71
2
 72
6
 73
3
 74
0
 40
0.0
 40
0.0
 40
0.0
 40
1.0
 40
1.0
 40
1.0
 10
84.74745969429323
 20
281.35194902359495
 30
0.0
 10
84.57196815783489
 20
280.7539363282824
 30
0.0
 10
84.57196815783489
 20
280.38996171890744
 30
0.0
  0
SPLINE
  5
10C
330
17
100
AcDbEntity
  8
ENGRAVE
100
AcDbSpline
 70
0
 71
2
 72
6
 73
3
 74
0
 40
0.0
 40
0.0
 40
0.0
 40
1.0
 40
1.0
 40
1.0
 10
84.55897662137656
 20
284.1859447918241
 30
0.0
 10
84.55897662137656
 20
284.2509447918241
 30
0.0
 10
84.59147662137656
 20
284.33545325536574
 30
0.0
  0
SPLINE
  5
10D
330
17
100
AcDbEntity
  8
ENGRAVE
100
AcDbSpline
 70
0
 71
2
 72
6
 73
3
 74
0
 40
0.0
 40
0.0
 40
0.0
 40
1.0
 40
1.0
 40
1.0
 10
84.59147662137656
 20
284.33545325536574
 30
0.0
 10
84.62397662137656
 20
284.4199617189074
 30
0.0
 10
84.62397662137656
 20
284.47192786474074
 30
0.0
  0
SPLINE
  5
10E
330
17
100
AcDbEntity
  8
ENGRAVE
100
AcDbSpline
 70
0
 71
2
 72
6
 73
3
 74
0
 40
0.0
 40
0.0
 40
0.0
 40
1.0
 40
1.0
 40
1.0
 10
84.62397662137656
 20
284.47192786474074
 30
0.0
 10
84.62397662137656
 20
284.52393632828245
 30
0.0
 10
84.65647662137656
 20
284.5759447918241
 30
0.0
  0
SPLINE
  5
10F
330
17
100
AcDbEntity
  8
ENGRAVE
100
AcDbSpline
 70
0
 71
2
 72
6
 73
3
 74
0
 40
0.0
 40
0.0
 40
0.0
 40
1.0
 40
1.0
 40
1.0
 10
84.65647662137656
 20
284.5759447918241
 30
0.0
 10
84.68897662137655
 20
284.62795325536575
 30
0.0
 10
84.68897662137655
 20
284.6799617189074
 30
0.0
  0
SPLINE
  5
110
330
17
100
AcDbEntity
  8
ENGRAVE
100
AcDbSpline
 70
0
 71
2
 72
6
 73
3
 74
0
 40
0.0
 40
0.0
 40
0.0
 40
1.0
 40
1.0
 40
1.0
 10
85.13098508491822
 20
282.6649617189074
 30
0.0
 10
84.92295123075156
 20
281.94996171890745
 30
0.0
 10
84.74745969429323
 20
281.35194902359495
 30
0.0
  0
SPLINE
  5
111
330
17
100
AcDbEntity
  8
ENGRAVE
100
AcDbSpline
 70
0
 71
2
 72
6
 73
3
 74
0
 40
0.0
 40
0.0
 40
0.0
 40
1.0
 40
1.0
 40
1.0
 10
84.68897662137655
 20
284.6799617189074
 30
0.0
 10
84.77995969429323
 20
284.84893632828243
 30
0.0
 10
84.92946815783489
 20
285.2194490235949
 30
0.0
  0
SPLINE
  5
112
330
17
100
AcDbEntity
  8
ENGRAVE
100
AcDbSpline
 70
0
 71
2
 72
6
 73
3
 74
0
 40
0.0
 40
0.0
 40
0.0
 40
1.0
 40
1.0
 40
1.0
 10
85.33897662137656
 20
283.35393632828243
 30
0.0
 10
85.33897662137656
 20
283.22393632828243
 30
0.0
 10
85.13098508491822
 20
282.6649617189074
 30
0.0
  0
SPLINE
  5
113
330
17
100
AcDbEntity
  8
ENGRAVE
100
AcDbSpline
 70
0
 71
2
 72
6
 73
3
 74
0
 40
0.0
 40
0.0
 40
0.0
 40
1.0
 40
1.0
 40
1.0
 10
84.92946815783489
 20
285.2194490235949
 30
0.0
 10
85.07897662137655
 20
285.58996171890743
 30
0.0
 10
85.25446815783489
 20
286.0449617189074
 30
0.0
  0
SPLINE
  5
114
330
17
100
AcDbEntity
  8
ENGRAVE
100
AcDbSpline
 70
0
 71
2
 72
6
 73
3
 74
0
 40
0.0
 40
0.0
 40
0.0
 40
1.0
 40
1.0
 40
1.0
 10
85.34547238960573
 20
283.4254320965116
 30
0.0
 10
85.33897662137656
 20
283.35393632828243
 30
0.0
 10
85.33897662137656
 20
283.35393632828243
 30
0.0
  0
SPLINE
  5
115
330
17
100
AcDbEntity
  8
ENGRAVE
100
AcDbSpline
 70
0
 71
2
 72
6
 73
3
 74
0
 40
0.0
 40
0.0
 40
0.0
 40
1.0
 40
1.0
 40
1.0
 10
85.40397662137656
 20
283.49692786474077
 30
0.0
 10
85.35196815783489
 20
283.49692786474077
 30
0.0
 10
85.34547238960573
 20
283.4254320965116
 30
0.0
  0
SPLINE
  5
116
330
17
100
AcDbEntity
  8
ENGRAVE
100
AcDbSpline
 70
0
 71
2
 72
6
 73
3
 74
0
 40
0.0
 40
0.0
 40
0.0
 40
1.0
 40
1.0
 40
1.0
 10
85.4624808531474
 20
283.6009447918241
 30
0.0
 10
85.45598508491823
 20
283.5489363282824
 30
0.0
 10
85.40397662137656
 20
283.49692786474077
 30
0.0
  0
SPLINE
  5
117
330
17
100
AcDbEntity
  8
ENGRAVE
100
AcDbSpline
 70
0
 71
2
 72
6
 73
3
 74
0
 40
0.0
 40
0.0
 40
0.0
 40
1.0
 40
1.0
 40
1.0
 10
85.46897662137656
 20
283.70496171890744
 30
0.0
 10
85.46897662137656
 20
283.6529532553658
 30
0.0
 10
85.4624808531474
 20
283.6009447918241
 30
0.0
  0
SPLINE
  5
118
330
17
100
AcDbEntity
  8
ENGRAVE
100
AcDbSpline
 70
0
 71
2
 72
6
 73
3
 74
0
 40
0.0
 40
0.0
 40
0.0
 40
1.0
 40
1.0
 40
1.0
 10
85.53397662137655
 20
283.8934447918241
 30
0.0
 10
85.46897662137656
 20
283.7309447918241
 30
0.0
 10
85.46897662137656
 20
283.70496171890744
 30
0.0
  0
SPLINE
  5
119
330
17
100
AcDbEntity
  8
ENGRAVE
100
AcDbSpline
 70
0
 71
2
 72
6
 73
3
 74
0
 40
0.0
 40
0.0
 40
0.0
 40
1.0
 40
1.0
 40
1.0
 10
85.69647662137656
 20
284.2834447918241
 30
0.0
 10
85.59897662137656
 20
284.0559447918241
 30
0.0
 10
85.53397662137655
 20
283.8934447918241
 30
0.0
  0
SPLINE
  5
11A
330
17
100
AcDbEntity
  8
ENGRAVE
100
AcDbSpline
 70
0
 71
2
 72
6
 73
3
 74
0
 40
0.0
 40
0.0
 40
0.0
 40
1.0
 40
1.0
 40
1.0
 10
85.25446815783489
 20
286.0449617189074
 30
0.0
 10
85.42995969429323
 20
286.49996171890746
 30
0.0
 10
85.58596392606405
 20
286.94194902359493
 30
0.0
  0
SPLINE
  5
11B
330
17
100
AcDbEntity
  8
ENGRAVE
100
AcDbSpline
 70
0
 71
2
 72
6
 73
3
 74
0
 40
0.0
 40
0.0
 40
0.0
 40
1.0
 40
1.0
 40
1.0
 10
85.8849808531474
 20
284.71244056005327
 30
0.0
 10
85.79397662137656
 20
284.5109447918241
 30
0.0
 10
85.69647662137656
 20
284.2834447918241
 30
0.0
  0
SPLINE
  5
11C
330
17
100
AcDbEntity
  8
ENGRAVE
100
AcDbSpline
 70
0
 71
2
 72
6
 73
3
 74
0
 40
0.0
 40
0.0
 40
0.0
 40
1.0
 40
1.0
 40
1.0
 10
85.8329935484599
 20
278.76496171890744
 30
0.0
 10
85.7419681578349
 20
278.8689363282824
 30
0.0
 10
85.71598508491823
 20
278.98594479182407
 30
0.0
  0
SPLINE
  5
11D
330
17
100
AcDbEntity
  8
ENGRAVE
100
AcDbSpline
 70
0
 71
2
 72
6
 73
3
 74
0
 40
0.0
 40
0.0
 40
0.0
 40
1.0
 40
1.0
 40
1.0
 10
85.71598508491823
 20
278.98594479182407
 30
0.0
 10
85.69000201200157
 20
279.1029532553658
 30
0.0
 10
85.72897662137657
 20
279.42795325536576
 30
0.0
  0
SPLINE
  5
11E
330
17
100
AcDbEntity
  8
ENGRAVE
100
AcDbSpline
 70
0
 71
2
 72
6
 73
3
 74
0
 40
0.0
 40
0.0
 40
0.0
 40
1.0
 40
1.0
 40
1.0
 10
85.72897662137657
 20
279.42795325536576
 30
0.0
 10
85.78098508491824
 20
279.5709447918241
 30
0.0
 10
85.7874808531474
 20
279.7009447918241
 30
0.0
  0
SPLINE
  5
11F
330
17
100
AcDbEntity
  8
ENGRAVE
100
AcDbSpline
 70
0
 71
2
 72
6
 73
3
 74
0
 40
0.0
 40
0.0
 40
0.0
 40
1.0
 40
1.0
 40
1.0
 10
85.7874808531474
 20
279.7009447918241
 30
0.0
 10
85.79397662137657
 20
279.8309447918241
 30
0.0
 10
85.79397662137657
 20
279.88295325536575
 30
0.0
  0
SPLINE
  5
120
330
17
100
AcDbEntity
  8
ENGRAVE
100
AcDbSpline
 70
0
 71
2
 72
6
 73
3
 74
0
 40
0.0
 40
0.0
 40
0.0
 40
1.0
 40
1.0
 40
1.0
 10
86.28799354845991
 20
278.3814363282824
 30
0.0
 10
86.01500201200157
 20
278.55692786474077
 30
0.0
 10
85.8329935484599
 20
278.76496171890744
 30
0.0
  0
SPLINE
  5
121
330
17
100
AcDbEntity
  8
ENGRAVE
100
AcDbSpline
 70
0
 71
2
 72
6
 73
3
 74
0
 40
0.0
 40
0.0
 40
0.0
 40
1.0
 40
1.0
 40
1.0
 10
85.58596392606405
 20
286.94194902359493
 30
0.0
 10
85.74196815783489
 20
287.3839363282824
 30
0.0
 10
85.83946815783489
 20
287.68944902359493
 30
0.0
  0
SPLINE
  5
122
330
17
100
AcDbEntity
  8
ENGRAVE
100
AcDbSpline
 70
0
 71
2
 72
6
 73
3
 74
0
 40
0.0
 40
0.0
 40
0.0
 40
1.0
 40
1.0
 40
1.0
 10
85.79397662137657
 20
279.88295325536575
 30
0.0
 10
85.79397662137657
 20
279.9609447918241
 30
0.0
 10
85.83948931668907
 20
280.24694902359494
 30
0.0
  0
SPLINE
  5
123
330
17
100
AcDbEntity
  8
ENGRAVE
100
AcDbSpline
 70
0
 71
2
 72
6
 73
3
 74
0
 40
0.0
 40
0.0
 40
0.0
 40
1.0
 40
1.0
 40
1.0
 10
86.02795123075155
 20
285.01795325536574
 30
0.0
 10
85.97598508491822
 20
284.91393632828243
 30
0.0
 10
85.8849808531474
 20
284.71244056005327
 30
0.0
  0
SPLINE
  5
124
330
17
100
AcDbEntity
  8
ENGRAVE
100
AcDbSpline
 70
0
 71
2
 72
6
 73
3
 74
0
 40
0.0
 40
0.0
 40
0.0
 40
1.0
 40
1.0
 40
1.0
 10
85.83946815783489
 20
287.68944902359493
 30
0.0
 10
85.9369681578349
 20
287.9949617189074
 30
0.0
 10
85.9369681578349
 20
288.0599617189074
 30
0.0
  0
SPLINE
  5
125
330
17
100
AcDbEntity
  8
ENGRAVE
100
AcDbSpline
 70
0
 71
2
 72
6
 73
3
 74
0
 40
0.0
 40
0.0
 40
0.0
 40
1.0
 40
1.0
 40
1.0
 10
85.83948931668907
 20
280.24694902359494
 30
0.0
 10
85.88500201200156
 20
280.5329532553658
 30
0.0
 10
85.93698931668906
 20
280.8514574871366
 30
0.0
  0
SPLINE
  5
126
330
17
100
AcDbEntity
  8
ENGRAVE
100
AcDbSpline
 70
0
 71
2
 72
6
 73
3
 74
0
 40
0.0
 40
0.0
 40
0.0
 40
1.0
 40
1.0
 40
1.0
 10
85.9369681578349
 20
288.0599617189074
 30
0.0
 10
85.9369681578349
 20
288.16393632828243
 30
0.0
 10
86.01495969429322
 20
288.2549405600533
 30
0.0
  0
SPLINE
  5
127
330
17
100
AcDbEntity
  8
ENGRAVE
100
AcDbSpline
 70
0
 71
2
 72
6
 73
3
 74
0
 40
0.0
 40
0.0
 40
0.0
 40
1.0
 40
1.0
 40
1.0
 10
86.12547238960573
 20
285.2779320965116
 30
0.0
 10
86.07995969429322
 20
285.1739363282824
 30
0.0
 10
86.02795123075155
 20
285.01795325536574
 30
0.0
  0
SPLINE
  5
128
330
17
100
AcDbEntity
  8
ENGRAVE
100
AcDbSpline
 70
0
 71
2
 72
6
 73
3
 74
0
 40
0.0
 40
0.0
 40
0.0
 40
1.0
 40
1.0
 40
1.0
 10
85.93698931668906
 20
280.8514574871366
 30
0.0
 10
85.98897662137657
 20
281.1699617189074
 30
0.0
 10
86.0279935484599
 20
281.33893632828244
 30
0.0
  0
SPLINE
  5
129
330
17
100
AcDbEntity
  8
ENGRAVE
100
AcDbSpline
 70
0
 71
2
 72
6
 73
3
 74
0
 40
0.0
 40
0.0
 40
0.0
 40
1.0
 40
1.0
 40
1.0
 10
86.0279935484599
 20
281.33893632828244
 30
0.0
 10
86.0279935484599
 20
281.3519278647408
 30
0.0
 10
86.0474808531474
 20
281.42994056005324
 30
0.0
  0
SPLINE
  5
12A
330
17
100
AcDbEntity
  8
ENGRAVE
100
AcDbSpline
 70
0
 71
2
 72
6
 73
3
 74
0
 40
0.0
 40
0.0
 40
0.0
 40
1.0
 40
1.0
 40
1.0
 10
86.0474808531474
 20
281.42994056005324
 30
0.0
 10
86.0669681578349
 20
281.50795325536575
 30
0.0
 10
86.08000201200157
 20
281.5469278647408
 30
0.0
  0
SPLINE
  5
12B
330
17
100
AcDbEntity
  8
ENGRAVE
100
AcDbSpline
 70
0
 71
2
 72
6
 73
3
 74
0
 40
0.0
 40
0.0
 40
0.0
 40
1.0
 40
1.0
 40
1.0
 10
86.17098508491823
 20
285.4339363282824
 30
0.0
 10
86.17098508491823
 20
285.38192786474076
 30
0.0
 10
86.12547238960573
 20
285.2779320965116
 30
0.0
  0
SPLINE
  5
12C
330
17
100
AcDbEntity
  8
ENGRAVE
100
AcDbSpline
 70
0
 71
2
 72
6
 73
3
 74
0
 40
0.0
 40
0.0
 40
0.0
 40
1.0
 40
1.0
 40
1.0
 10
86.08000201200157
 20
281.5469278647408
 30
0.0
 10
86.10598508491823
 20
281.66393632828243
 30
0.0
 10
86.1449808531474
 20
281.83293209651157
 30
0.0
  0
SPLINE
  5
12D
330
17
100
AcDbEntity
  8
ENGRAVE
100
AcDbSpline
 70
0
 71
2
 72
6
 73
3
 74
0
 40
0.0
 40
0.0
 40
0.0
 40
1.0
 40
1.0
 40
1.0
 10
86.28797238960573
 20
285.7134447918241
 30
0.0
 10
86.17098508491823
 20
285.48594479182407
 30
0.0
 10
86.17098508491823
 20
285.4339363282824
 30
0.0
  0
SPLINE
  5
12E
330
17
100
AcDbEntity
  8
ENGRAVE
100
AcDbSpline
 70
0
 71
2
 72
6
 73
3
 74
0
 40
0.0
 40
0.0
 40
0.0
 40
1.0
 40
1.0
 40
1.0
 10
86.01495969429322
 20
288.2549405600533
 30
0.0
 10
86.09295123075155
 20
288.3459447918241
 30
0.0
 10
86.19696815783489
 20
288.3459447918241
 30
0.0
  0
SPLINE
  5
12F
330
17
100
AcDbEntity
  8
ENGRAVE
100
AcDbSpline
 70
0
 71
2
 72
6
 73
3
 74
0
 40
0.0
 40
0.0
 40
0.0
 40
1.0
 40
1.0
 40
1.0
 10
86.1449808531474
 20
281.83293209651157
 30
0.0
 10
86.18397662137657
 20
282.00192786474076
 30
0.0
 10
86.2229935484599
 20
282.2879532553658
 30
0.0
  0
SPLINE
  5
130
330
17
100
AcDbEntity
  8
ENGRAVE
100
AcDbSpline
 70
0
 71
2
 72
6
 73
3
 74
0
 40
0.0
 40
0.0
 40
0.0
 40
1.0
 40
1.0
 40
1.0
 10
86.50897662137656
 20
286.2009447918241
 30
0.0
 10
86.40495969429323
 20
285.9409447918241
 30
0.0
 10
86.28797238960573
 20
285.7134447918241
 30
0.0
  0
SPLINE
  5
131
330
17
100
AcDbEntity
  8
ENGRAVE
100
AcDbSpline
 70
0
 71
2
 72
6
 73
3
 74
0
 40
0.0
 40
0.0
 40
0.0
 40
1.0
 40
1.0
 40
1.0
 10
86.63897662137657
 20
278.25795325536575
 30
0.0
 10
86.56098508491823
 20
278.2059447918241
 30
0.0
 10
86.28799354845991
 20
278.3814363282824
 30
0.0
  0
SPLINE
  5
132
330
17
100
AcDbEntity
  8
ENGRAVE
100
AcDbSpline
 70
0
 71
2
 72
6
 73
3
 74
0
 40
0.0
 40
0.0
 40
0.0
 40
1.0
 40
1.0
 40
1.0
 10
86.19696815783489
 20
288.3459447918241
 30
0.0
 10
86.23598508491823
 20
288.38496171890745
 30
0.0
 10
86.37897662137655
 20
288.4044490235949
 30
0.0
  0
SPLINE
  5
133
330
17
100
AcDbEntity
  8
ENGRAVE
100
AcDbSpline
 70
0
 71
2
 72
6
 73
3
 74
0
 40
0.0
 40
0.0
 40
0.0
 40
1.0
 40
1.0
 40
1.0
 10
86.2229935484599
 20
282.2879532553658
 30
0.0
 10
86.3269681578349
 20
282.61295325536577
 30
0.0
 10
86.39848508491824
 20
282.9314574871366
 30
0.0
  0
SPLINE
  5
134
330
17
100
AcDbEntity
  8
ENGRAVE
100
AcDbSpline
 70
0
 71
2
 72
6
 73
3
 74
0
 40
0.0
 40
0.0
 40
0.0
 40
1.0
 40
1.0
 40
1.0
 10
86.39848508491824
 20
282.9314574871366
 30
0.0
 10
86.47000201200157
 20
283.2499617189074
 30
0.0
 10
86.47000201200157
 20
283.3669278647408
 30
0.0
  0
SPLINE
  5
135
330
17
100
AcDbEntity
  8
ENGRAVE
100
AcDbSpline
 70
0
 71
2
 72
6
 73
3
 74
0
 40
0.0
 40
0.0
 40
0.0
 40
1.0
 40
1.0
 40
1.0
 10
86.87297238960572
 20
286.98744056005324
 30
0.0
 10
86.75598508491822
 20
286.7209447918241
 30
0.0
 10
86.50897662137656
 20
286.2009447918241
 30
0.0
  0
SPLINE
  5
136
330
17
100
AcDbEntity
  8
ENGRAVE
100
AcDbSpline
 70
0
 71
2
 72
6
 73
3
 74
0
 40
0.0
 40
0.0
 40
0.0
 40
1.0
 40
1.0
 40
1.0
 10
86.37897662137655
 20
288.4044490235949
 30
0.0
 10
86.52196815783489
 20
288.4239363282824
 30
0.0
 10
86.57397662137656
 20
288.4239363282824
 30
0.0
  0
SPLINE
  5
137
330
17
100
AcDbEntity
  8
ENGRAVE
100
AcDbSpline
 70
0
 71
2
 72
6
 73
3
 74
0
 40
0.0
 40
0.0
 40
0.0
 40
1.0
 40
1.0
 40
1.0
 10
86.57397662137656
 20
288.4239363282824
 30
0.0
 10
86.57397662137656
 20
288.4239363282824
 30
0.0
 10
86.62596392606406
 20
288.37194902359494
 30
0.0
  0
SPLINE
  5
138
330
17
100
AcDbEntity
  8
ENGRAVE
100
AcDbSpline
 70
0
 71
2
 72
6
 73
3
 74
0
 40
0.0
 40
0.0
 40
0.0
 40
1.0
 40
1.0
 40
1.0
 10
86.73647662137657
 20
278.44645748713657
 30
0.0
 10
86.70397662137657
 20
278.32295325536575
 30
0.0
 10
86.63897662137657
 20
278.25795325536575
 30
0.0
  0
SPLINE
  5
139
330
17
100
AcDbEntity
  8
ENGRAVE
100
AcDbSpline
 70
0
 71
2
 72
6
 73
3
 74
0
 40
0.0
 40
0.0
 40
0.0
 40
1.0
 40
1.0
 40
1.0
 10
86.47000201200157
 20
283.3669278647408
 30
0.0
 10
86.47000201200157
 20
283.6009447918241
 30
0.0
 10
86.6519681578349
 20
283.70496171890744
 30
0.0
  0
SPLINE
  5
13A
330
17
100
AcDbEntity
  8
ENGRAVE
100
AcDbSpline
 70
0
 71
2
 72
6
 73
3
 74
0
 40
0.0
 40
0.0
 40
0.0
 40
1.0
 40
1.0
 40
1.0
 10
86.6519681578349
 20
283.70496171890744
 30
0.0
 10
86.66500201200157
 20
283.76996171890744
 30
0.0
 10
86.73000201200156
 20
283.9064574871366
 30
0.0
  0
SPLINE
  5
13B
330
17
100
AcDbEntity
  8
ENGRAVE
100
AcDbSpline
 70
0
 71
2
 72
6
 73
3
 74
0
 40
0.0
 40
0.0
 40
0.0
 40
1.0
 40
1.0
 40
1.0
 10
86.7819681578349
 20
278.7389363282824
 30
0.0
 10
86.76897662137657
 20
278.56996171890745
 30
0.0
 10
86.73647662137657
 20
278.44645748713657
 30
0.0
  0
SPLINE
  5
13C
330
17
100
AcDbEntity
  8
ENGRAVE
100
AcDbSpline
 70
0
 71
2
 72
6
 73
3
 74
0
 40
0.0
 40
0.0
 40
0.0
 40
1.0
 40
1.0
 40
1.0
 10
86.62596392606406
 20
288.37194902359494
 30
0.0
 10
86.67795123075156
 20
288.31996171890745
 30
0.0
 10
86.7819681578349
 20
288.2159447918241
 30
0.0
  0
SPLINE
  5
13D
330
17
100
AcDbEntity
  8
ENGRAVE
100
AcDbSpline
 70
0
 71
2
 72
6
 73
3
 74
0
 40
0.0
 40
0.0
 40
0.0
 40
1.0
 40
1.0
 40
1.0
 10
86.8404935484599
 20
279.5384447918241
 30
0.0
 10
86.82098508491823
 20
279.3239363282824
 30
0.0
 10
86.82098508491823
 20
279.1159447918241
 30
0.0
  0
SPLINE
  5
13E
330
17
100
AcDbEntity
  8
ENGRAVE
100
AcDbSpline
 70
0
 71
2
 72
6
 73
3
 74
0
 40
0.0
 40
0.0
 40
0.0
 40
1.0
 40
1.0
 40
1.0
 10
86.8729935484599
 20
279.88295325536575
 30
0.0
 10
86.86000201200157
 20
279.75295325536575
 30
0.0
 10
86.8404935484599
 20
279.5384447918241
 30
0.0
  0
SPLINE
  5
13F
330
17
100
AcDbEntity
  8
ENGRAVE
100
AcDbSpline
 70
0
 71
2
 72
6
 73
3
 74
0
 40
0.0
 40
0.0
 40
0.0
 40
1.0
 40
1.0
 40
1.0
 10
86.73000201200156
 20
283.9064574871366
 30
0.0
 10
86.79500201200158
 20
284.0429532553658
 30
0.0
 10
86.84696815783491
 20
284.1339363282824
 30
0.0
  0
SPLINE
  5
140
330
17
100
AcDbEntity
  8
ENGRAVE
100
AcDbSpline
 70
0
 71
2
 72
6
 73
3
 74
0
 40
0.0
 40
0.0
 40
0.0
 40
1.0
 40
1.0
 40
1.0
 10
87.03547238960573
 20
287.40994056005326
 30
0.0
 10
86.98995969429322
 20
287.2539363282824
 30
0.0
 10
86.87297238960572
 20
286.98744056005324
 30
0.0
  0
SPLINE
  5
141
330
17
100
AcDbEntity
  8
ENGRAVE
100
AcDbSpline
 70
0
 71
2
 72
6
 73
3
 74
0
 40
0.0
 40
0.0
 40
0.0
 40
1.0
 40
1.0
 40
1.0
 10
86.88598508491823
 20
279.9609447918241
 30
0.0
 10
86.88598508491823
 20
279.9219278647408
 30
0.0
 10
86.8729935484599
 20
279.88295325536575
 30
0.0
  0
SPLINE
  5
142
330
17
100
AcDbEntity
  8
ENGRAVE
100
AcDbSpline
 70
0
 71
2
 72
6
 73
3
 74
0
 40
0.0
 40
0.0
 40
0.0
 40
1.0
 40
1.0
 40
1.0
 10
86.88598508491823
 20
280.01295325536574
 30
0.0
 10
86.88598508491823
 20
279.9999617189074
 30
0.0
 10
86.88598508491823
 20
279.9609447918241
 30
0.0
  0
SPLINE
  5
143
330
17
100
AcDbEntity
  8
ENGRAVE
100
AcDbSpline
 70
0
 71
2
 72
6
 73
3
 74
0
 40
0.0
 40
0.0
 40
0.0
 40
1.0
 40
1.0
 40
1.0
 10
86.89897662137658
 20
280.1494490235949
 30
0.0
 10
86.88598508491823
 20
280.06496171890745
 30
0.0
 10
86.88598508491823
 20
280.01295325536574
 30
0.0
  0
SPLINE
  5
144
330
17
100
AcDbEntity
  8
ENGRAVE
100
AcDbSpline
 70
0
 71
2
 72
6
 73
3
 74
0
 40
0.0
 40
0.0
 40
0.0
 40
1.0
 40
1.0
 40
1.0
 10
86.96397662137657
 20
280.3379532553658
 30
0.0
 10
86.9119681578349
 20
280.2339363282824
 30
0.0
 10
86.89897662137658
 20
280.1494490235949
 30
0.0
  0
SPLINE
  5
145
330
17
100
AcDbEntity
  8
ENGRAVE
100
AcDbSpline
 70
0
 71
2
 72
6
 73
3
 74
0
 40
0.0
 40
0.0
 40
0.0
 40
1.0
 40
1.0
 40
1.0
 10
86.97698931668907
 20
280.5784447918241
 30
0.0
 10
86.96397662137657
 20
280.44192786474076
 30
0.0
 10
86.96397662137657
 20
280.3379532553658
 30
0.0
  0
SPLINE
  5
146
330
17
100
AcDbEntity
  8
ENGRAVE
100
AcDbSpline
 70
0
 71
2
 72
6
 73
3
 74
0
 40
0.0
 40
0.0
 40
0.0
 40
1.0
 40
1.0
 40
1.0
 10
87.0679935484599
 20
280.8059447918241
 30
0.0
 10
86.99000201200157
 20
280.71496171890743
 30
0.0
 10
86.97698931668907
 20
280.5784447918241
 30
0.0
  0
SPLINE
  5
147
330
17
100
AcDbEntity
  8
ENGRAVE
100
AcDbSpline
 70
0
 71
2
 72
6
 73
3
 74
0
 40
0.0
 40
0.0
 40
0.0
 40
1.0
 40
1.0
 40
1.0
 10
86.7819681578349
 20
288.2159447918241
 30
0.0
 10
86.88598508491823
 20
288.12496171890746
 30
0.0
 10
86.98348508491823
 20
288.00795325536575
 30
0.0
  0
SPLINE
  5
148
330
17
100
AcDbEntity
  8
ENGRAVE
100
AcDbSpline
 70
0
 71
2
 72
6
 73
3
 74
0
 40
0.0
 40
0.0
 40
0.0
 40
1.0
 40
1.0
 40
1.0
 10
87.08098508491823
 20
287.7349617189074
 30
0.0
 10
87.08098508491823
 20
287.5659447918241
 30
0.0
 10
87.03547238960573
 20
287.40994056005326
 30
0.0
  0
SPLINE
  5
149
330
17
100
AcDbEntity
  8
ENGRAVE
100
AcDbSpline
 70
0
 71
2
 72
6
 73
3
 74
0
 40
0.0
 40
0.0
 40
0.0
 40
1.0
 40
1.0
 40
1.0
 10
87.11348508491824
 20
281.12444902359493
 30
0.0
 10
87.0679935484599
 20
280.8839363282824
 30
0.0
 10
87.0679935484599
 20
280.8059447918241
 30
0.0
  0
SPLINE
  5
14A
330
17
100
AcDbEntity
  8
ENGRAVE
100
AcDbSpline
 70
0
 71
2
 72
6
 73
3
 74
0
 40
0.0
 40
0.0
 40
0.0
 40
1.0
 40
1.0
 40
1.0
 10
86.98348508491823
 20
288.00795325536575
 30
0.0
 10
87.08098508491823
 20
287.8909447918241
 30
0.0
 10
87.08098508491823
 20
287.7349617189074
 30
0.0
  0
SPLINE
  5
14B
330
17
100
AcDbEntity
  8
ENGRAVE
100
AcDbSpline
 70
0
 71
2
 72
6
 73
3
 74
0
 40
0.0
 40
0.0
 40
0.0
 40
1.0
 40
1.0
 40
1.0
 10
87.2174808531474
 20
281.6444490235949
 30
0.0
 10
87.15897662137657
 20
281.3649617189074
 30
0.0
 10
87.11348508491824
 20
281.12444902359493
 30
0.0
  0
SPLINE
  5
14C
330
17
100
AcDbEntity
  8
ENGRAVE
100
AcDbSpline
 70
0
 71
2
 72
6
 73
3
 74
0
 40
0.0
 40
0.0
 40
0.0
 40
1.0
 40
1.0
 40
1.0
 10
87.33448931668907
 20
282.16444902359495
 30
0.0
 10
87.27598508491823
 20
281.9239363282824
 30
0.0
 10
87.2174808531474
 20
281.6444490235949
 30
0.0
  0
SPLINE
  5
14D
330
17
100
AcDbEntity
  8
ENGRAVE
100
AcDbSpline
 70
0
 71
2
 72
6
 73
3
 74
0
 40
0.0
 40
0.0
 40
0.0
 40
1.0
 40
1.0
 40
1.0
 10
86.84696815783491
 20
284.1339363282824
 30
0.0
 10
87.1069681578349
 20
284.87496171890746
 30
0.0
 10
87.27598508491823
 20
285.31694902359493
 30
0.0
  0
SPLINE
  5
14E
330
17
100
AcDbEntity
  8
ENGRAVE
100
AcDbSpline
 70
0
 71
2
 72
6
 73
3
 74
0
 40
0.0
 40
0.0
 40
0.0
 40
1.0
 40
1.0
 40
1.0
 10
87.41897662137657
 20
282.48295325536577
 30
0.0
 10
87.3929935484599
 20
282.40496171890743
 30
0.0
 10
87.33448931668907
 20
282.16444902359495
 30
0.0
  0
SPLINE
  5
14F
330
17
100
AcDbEntity
  8
ENGRAVE
100
AcDbSpline
 70
0
 71
2
 72
6
 73
3
 74
0
 40
0.0
 40
0.0
 40
0.0
 40
1.0
 40
1.0
 40
1.0
 10
87.48397662137657
 20
282.7559447918241
 30
0.0
 10
87.48397662137657
 20
282.58692786474074
 30
0.0
 10
87.41897662137657
 20
282.48295325536577
 30
0.0
  0
SPLINE
  5
150
330
17
100
AcDbEntity
  8
ENGRAVE
100
AcDbSpline
 70
0
 71
2
 72
6
 73
3
 74
0
 40
0.0
 40
0.0
 40
0.0
 40
1.0
 40
1.0
 40
1.0
 10
87.51647662137657
 20
282.8664574871366
 30
0.0
 10
87.48397662137657
 20
282.7949617189074
 30
0.0
 10
87.48397662137657
 20
282.7559447918241
 30
0.0
  0
SPLINE
  5
151
330
17
100
AcDbEntity
  8
ENGRAVE
100
AcDbSpline
 70
0
 71
2
 72
6
 73
3
 74
0
 40
0.0
 40
0.0
 40
0.0
 40
1.0
 40
1.0
 40
1.0
 10
87.60098508491824
 20
282.93795325536576
 30
0.0
 10
87.54897662137657
 20
282.93795325536576
 30
0.0
 10
87.51647662137657
 20
282.8664574871366
 30
0.0
  0
SPLINE
  5
152
330
17
100
AcDbEntity
  8
ENGRAVE
100
AcDbSpline
 70
0
 71
2
 72
6
 73
3
 74
0
 40
0.0
 40
0.0
 40
0.0
 40
1.0
 40
1.0
 40
1.0
 10
87.8349808531474
 20
283.04844479182407
 30
0.0
 10
87.61397662137657
 20
282.9899617189074
 30
0.0
 10
87.60098508491824
 20
282.93795325536576
 30
0.0
  0
SPLINE
  5
153
330
17
100
AcDbEntity
  8
ENGRAVE
100
AcDbSpline
 70
0
 71
2
 72
6
 73
3
 74
0
 40
0.0
 40
0.0
 40
0.0
 40
1.0
 40
1.0
 40
1.0
 10
87.27598508491823
 20
285.31694902359493
 30
0.0
 10
87.44500201200157
 20
285.7589363282824
 30
0.0
 10
87.62696815783491
 20
286.08393632828245
 30
0.0
  0
SPLINE
  5
154
330
17
100
AcDbEntity
  8
ENGRAVE
100
AcDbSpline
 70
0
 71
2
 72
6
 73
3
 74
0
 40
0.0
 40
0.0
 40
0.0
 40
1.0
 40
1.0
 40
1.0
 10
87.62696815783491
 20
286.08393632828245
 30
0.0
 10
87.70500201200157
 20
286.3049617189074
 30
0.0
 10
87.80250201200157
 20
286.5389574871366
 30
0.0
  0
SPLINE
  5
155
330
17
100
AcDbEntity
  8
ENGRAVE
100
AcDbSpline
 70
0
 71
2
 72
6
 73
3
 74
0
 40
0.0
 40
0.0
 40
0.0
 40
1.0
 40
1.0
 40
1.0
 10
88.34848508491824
 20
283.1654320965116
 30
0.0
 10
88.05598508491823
 20
283.1069278647408
 30
0.0
 10
87.8349808531474
 20
283.04844479182407
 30
0.0
  0
SPLINE
  5
156
330
17
100
AcDbEntity
  8
ENGRAVE
100
AcDbSpline
 70
0
 71
2
 72
6
 73
3
 74
0
 40
0.0
 40
0.0
 40
0.0
 40
1.0
 40
1.0
 40
1.0
 10
88.0429935484599
 20
284.4459447918241
 30
0.0
 10
87.9779935484599
 20
284.2899617189074
 30
0.0
 10
87.9779935484599
 20
284.26393632828245
 30
0.0
  0
SPLINE
  5
157
330
17
100
AcDbEntity
  8
ENGRAVE
100
AcDbSpline
 70
0
 71
2
 72
6
 73
3
 74
0
 40
0.0
 40
0.0
 40
0.0
 40
1.0
 40
1.0
 40
1.0
 10
87.80250201200157
 20
286.5389574871366
 30
0.0
 10
87.90000201200156
 20
286.77295325536574
 30
0.0
 10
88.00397662137657
 20
286.9029532553658
 30
0.0
  0
SPLINE
  5
158
330
17
100
AcDbEntity
  8
ENGRAVE
100
AcDbSpline
 70
0
 71
2
 72
6
 73
3
 74
0
 40
0.0
 40
0.0
 40
0.0
 40
1.0
 40
1.0
 40
1.0
 10
88.16649778023074
 20
284.7514363282824
 30
0.0
 10
88.1079935484599
 20
284.6019278647408
 30
0.0
 10
88.0429935484599
 20
284.4459447918241
 30
0.0
  0
SPLINE
  5
159
330
17
100
AcDbEntity
  8
ENGRAVE
100
AcDbSpline
 70
0
 71
2
 72
6
 73
3
 74
0
 40
0.0
 40
0.0
 40
0.0
 40
1.0
 40
1.0
 40
1.0
 10
88.22500201200157
 20
284.9009447918241
 30
0.0
 10
88.22500201200157
 20
284.9009447918241
 30
0.0
 10
88.16649778023074
 20
284.7514363282824
 30
0.0
  0
SPLINE
  5
15A
330
17
100
AcDbEntity
  8
ENGRAVE
100
AcDbSpline
 70
0
 71
2
 72
6
 73
3
 74
0
 40
0.0
 40
0.0
 40
0.0
 40
1.0
 40
1.0
 40
1.0
 10
88.45897662137656
 20
285.32996171890744
 30
0.0
 10
88.3419681578349
 20
285.0309447918241
 30
0.0
 10
88.2379935484599
 20
284.9269278647408
 30
0.0
  0
SPLINE
  5
15B
330
17
100
AcDbEntity
  8
ENGRAVE
100
AcDbSpline
 70
0
 71
2
 72
6
 73
3
 74
0
 40
0.0
 40
0.0
 40
0.0
 40
1.0
 40
1.0
 40
1.0
 10
87.9779935484599
 20
284.26393632828245
 30
0.0
 10
87.9779935484599
 20
284.1859447918241
 30
0.0
 10
88.30299354845991
 20
284.22494056005326
 30
0.0
  0
SPLINE
  5
15C
330
17
100
AcDbEntity
  8
ENGRAVE
100
AcDbSpline
 70
0
 71
2
 72
6
 73
3
 74
0
 40
0.0
 40
0.0
 40
0.0
 40
1.0
 40
1.0
 40
1.0
 10
88.00397662137657
 20
286.9029532553658
 30
0.0
 10
88.09500201200157
 20
287.08496171890744
 30
0.0
 10
88.32250201200156
 20
287.3514574871366
 30
0.0
  0
SPLINE
  5
15D
330
17
100
AcDbEntity
  8
ENGRAVE
100
AcDbSpline
 70
0
 71
2
 72
6
 73
3
 74
0
 40
0.0
 40
0.0
 40
0.0
 40
1.0
 40
1.0
 40
1.0
 10
88.87500201200157
 20
283.2759447918241
 30
0.0
 10
88.64098508491824
 20
283.22393632828243
 30
0.0
 10
88.34848508491824
 20
283.1654320965116
 30
0.0
  0
SPLINE
  5
15E
330
17
100
AcDbEntity
  8
ENGRAVE
100
AcDbSpline
 70
0
 71
2
 72
6
 73
3
 74
0
 40
0.0
 40
0.0
 40
0.0
 40
1.0
 40
1.0
 40
1.0
 10
88.60848508491824
 20
285.64192786474075
 30
0.0
 10
88.5629935484599
 20
285.51192786474076
 30
0.0
 10
88.45897662137656
 20
285.32996171890744
 30
0.0
  0
SPLINE
  5
15F
330
17
100
AcDbEntity
  8
ENGRAVE
100
AcDbSpline
 70
0
 71
2
 72
6
 73
3
 74
0
 40
0.0
 40
0.0
 40
0.0
 40
1.0
 40
1.0
 40
1.0
 10
88.65397662137657
 20
285.77192786474075
 30
0.0
 10
88.65397662137657
 20
285.77192786474075
 30
0.0
 10
88.60848508491824
 20
285.64192786474075
 30
0.0
  0
SPLINE
  5
160
330
17
100
AcDbEntity
  8
ENGRAVE
100
AcDbSpline
 70
0
 71
2
 72
6
 73
3
 74
0
 40
0.0
 40
0.0
 40
0.0
 40
1.0
 40
1.0
 40
1.0
 10
88.7319681578349
 20
285.90192786474074
 30
0.0
 10
88.7319681578349
 20
285.77192786474075
 30
0.0
 10
88.65397662137657
 20
285.77192786474075
 30
0.0
  0
SPLINE
  5
161
330
17
100
AcDbEntity
  8
ENGRAVE
100
AcDbSpline
 70
0
 71
2
 72
6
 73
3
 74
0
 40
0.0
 40
0.0
 40
0.0
 40
1.0
 40
1.0
 40
1.0
 10
88.9529935484599
 20
286.3309447918241
 30
0.0
 10
88.7319681578349
 20
286.01893632828245
 30
0.0
 10
88.7319681578349
 20
285.90192786474074
 30
0.0
  0
SPLINE
  5
162
330
17
100
AcDbEntity
  8
ENGRAVE
100
AcDbSpline
 70
0
 71
2
 72
6
 73
3
 74
0
 40
0.0
 40
0.0
 40
0.0
 40
1.0
 40
1.0
 40
1.0
 10
88.32250201200156
 20
287.3514574871366
 30
0.0
 10
88.55000201200157
 20
287.61795325536576
 30
0.0
 10
88.81000201200158
 20
287.86494056005324
 30
0.0
  0
SPLINE
  5
163
330
17
100
AcDbEntity
  8
ENGRAVE
100
AcDbSpline
 70
0
 71
2
 72
6
 73
3
 74
0
 40
0.0
 40
0.0
 40
0.0
 40
1.0
 40
1.0
 40
1.0
 10
89.4274808531474
 20
283.4189574871366
 30
0.0
 10
89.14799354845991
 20
283.32795325536574
 30
0.0
 10
88.87500201200157
 20
283.2759447918241
 30
0.0
  0
SPLINE
  5
164
330
17
100
AcDbEntity
  8
ENGRAVE
100
AcDbSpline
 70
0
 71
2
 72
6
 73
3
 74
0
 40
0.0
 40
0.0
 40
0.0
 40
1.0
 40
1.0
 40
1.0
 10
88.30299354845991
 20
284.22494056005326
 30
0.0
 10
88.6279935484599
 20
284.26393632828245
 30
0.0
 10
88.94000201200157
 20
284.3549617189074
 30
0.0
  0
SPLINE
  5
165
330
17
100
AcDbEntity
  8
ENGRAVE
100
AcDbSpline
 70
0
 71
2
 72
6
 73
3
 74
0
 40
0.0
 40
0.0
 40
0.0
 40
1.0
 40
1.0
 40
1.0
 10
89.1674808531474
 20
286.63645748713657
 30
0.0
 10
89.09598508491824
 20
286.49996171890746
 30
0.0
 10
88.9529935484599
 20
286.3309447918241
 30
0.0
  0
SPLINE
  5
166
330
17
100
AcDbEntity
  8
ENGRAVE
100
AcDbSpline
 70
0
 71
2
 72
6
 73
3
 74
0
 40
0.0
 40
0.0
 40
0.0
 40
1.0
 40
1.0
 40
1.0
 10
89.23897662137657
 20
286.77295325536574
 30
0.0
 10
89.23897662137657
 20
286.77295325536574
 30
0.0
 10
89.1674808531474
 20
286.63645748713657
 30
0.0
  0
SPLINE
  5
167
330
17
100
AcDbEntity
  8
ENGRAVE
100
AcDbSpline
 70
0
 71
2
 72
6
 73
3
 74
0
 40
0.0
 40
0.0
 40
0.0
 40
1.0
 40
1.0
 40
1.0
 10
88.94000201200157
 20
284.3549617189074
 30
0.0
 10
89.1219681578349
 20
284.40692786474074
 30
0.0
 10
89.19998085314741
 20
284.40692786474074
 30
0.0
  0
SPLINE
  5
168
330
17
100
AcDbEntity
  8
ENGRAVE
100
AcDbSpline
 70
0
 71
2
 72
6
 73
3
 74
0
 40
0.0
 40
0.0
 40
0.0
 40
1.0
 40
1.0
 40
1.0
 10
88.81000201200158
 20
287.86494056005324
 30
0.0
 10
89.07000201200157
 20
288.1119278647408
 30
0.0
 10
89.22598508491824
 20
288.22893632828243
 30
0.0
  0
SPLINE
  5
169
330
17
100
AcDbEntity
  8
ENGRAVE
100
AcDbSpline
 70
0
 71
2
 72
6
 73
3
 74
0
 40
0.0
 40
0.0
 40
0.0
 40
1.0
 40
1.0
 40
1.0
 10
89.38848508491824
 20
287.00045325536576
 30
0.0
 10
89.23897662137657
 20
286.8379532553658
 30
0.0
 10
89.23897662137657
 20
286.77295325536574
 30
0.0
  0
SPLINE
  5
16A
330
17
100
AcDbEntity
  8
ENGRAVE
100
AcDbSpline
 70
0
 71
2
 72
6
 73
3
 74
0
 40
0.0
 40
0.0
 40
0.0
 40
1.0
 40
1.0
 40
1.0
 10
89.70698931668908
 20
287.3189574871366
 30
0.0
 10
89.53799354845991
 20
287.1629532553658
 30
0.0
 10
89.38848508491824
 20
287.00045325536576
 30
0.0
  0
SPLINE
  5
16B
330
17
100
AcDbEntity
  8
ENGRAVE
100
AcDbSpline
 70
0
 71
2
 72
6
 73
3
 74
0
 40
0.0
 40
0.0
 40
0.0
 40
1.0
 40
1.0
 40
1.0
 10
89.72000201200157
 20
283.56192786474077
 30
0.0
 10
89.70696815783491
 20
283.50996171890745
 30
0.0
 10
89.4274808531474
 20
283.4189574871366
 30
0.0
  0
SPLINE
  5
16C
330
17
100
AcDbEntity
  8
ENGRAVE
100
AcDbSpline
 70
0
 71
2
 72
6
 73
3
 74
0
 40
0.0
 40
0.0
 40
0.0
 40
1.0
 40
1.0
 40
1.0
 10
89.19998085314741
 20
284.40692786474074
 30
0.0
 10
89.2779935484599
 20
284.40692786474074
 30
0.0
 10
89.4469681578349
 20
284.3549617189074
 30
0.0
  0
SPLINE
  5
16D
330
17
100
AcDbEntity
  8
ENGRAVE
100
AcDbSpline
 70
0
 71
2
 72
6
 73
3
 74
0
 40
0.0
 40
0.0
 40
0.0
 40
1.0
 40
1.0
 40
1.0
 10
89.4469681578349
 20
284.3549617189074
 30
0.0
 10
89.55098508491824
 20
284.2899617189074
 30
0.0
 10
89.61598508491824
 20
284.12746171890745
 30
0.0
  0
SPLINE
  5
16E
330
17
100
AcDbEntity
  8
ENGRAVE
100
AcDbSpline
 70
0
 71
2
 72
6
 73
3
 74
0
 40
0.0
 40
0.0
 40
0.0
 40
1.0
 40
1.0
 40
1.0
 10
89.92799354845991
 20
287.5009447918241
 30
0.0
 10
89.87598508491824
 20
287.4749617189074
 30
0.0
 10
89.70698931668908
 20
287.3189574871366
 30
0.0
  0
SPLINE
  5
16F
330
17
100
AcDbEntity
  8
ENGRAVE
100
AcDbSpline
 70
0
 71
2
 72
6
 73
3
 74
0
 40
0.0
 40
0.0
 40
0.0
 40
1.0
 40
1.0
 40
1.0
 10
89.61598508491824
 20
284.12746171890745
 30
0.0
 10
89.68098508491823
 20
283.96496171890743
 30
0.0
 10
89.71348508491823
 20
283.8024617189074
 30
0.0
  0
SPLINE
  5
170
330
17
100
AcDbEntity
  8
ENGRAVE
100
AcDbSpline
 70
0
 71
2
 72
6
 73
3
 74
0
 40
0.0
 40
0.0
 40
0.0
 40
1.0
 40
1.0
 40
1.0
 10
89.71348508491823
 20
283.8024617189074
 30
0.0
 10
89.74598508491823
 20
283.63996171890744
 30
0.0
 10
89.72000201200157
 20
283.56192786474077
 30
0.0
  0
SPLINE
  5
171
330
17
100
AcDbEntity
  8
ENGRAVE
100
AcDbSpline
 70
0
 71
2
 72
6
 73
3
 74
0
 40
0.0
 40
0.0
 40
0.0
 40
1.0
 40
1.0
 40
1.0
 10
89.22598508491824
 20
288.22893632828243
 30
0.0
 10
89.5119681578349
 20
288.37192786474077
 30
0.0
 10
89.75897662137658
 20
288.4629320965116
 30
0.0
  0
SPLINE
  5
172
330
17
100
AcDbEntity
  8
ENGRAVE
100
AcDbSpline
 70
0
 71
2
 72
6
 73
3
 74
0
 40
0.0
 40
0.0
 40
0.0
 40
1.0
 40
1.0
 40
1.0
 10
89.8304935484599
 20
280.3639363282824
 30
0.0
 10
89.78500201200156
 20
280.57192786474076
 30
0.0
 10
89.7979935484599
 20
280.7734447918241
 30
0.0
  0
SPLINE
  5
173
330
17
100
AcDbEntity
  8
ENGRAVE
100
AcDbSpline
 70
0
 71
2
 72
6
 73
3
 74
0
 40
0.0
 40
0.0
 40
0.0
 40
1.0
 40
1.0
 40
1.0
 10
89.98000201200156
 20
280.0519278647408
 30
0.0
 10
89.87598508491823
 20
280.1559447918241
 30
0.0
 10
89.8304935484599
 20
280.3639363282824
 30
0.0
  0
SPLINE
  5
174
330
17
100
AcDbEntity
  8
ENGRAVE
100
AcDbSpline
 70
0
 71
2
 72
6
 73
3
 74
0
 40
0.0
 40
0.0
 40
0.0
 40
1.0
 40
1.0
 40
1.0
 10
89.7979935484599
 20
280.7734447918241
 30
0.0
 10
89.81098508491823
 20
280.9749617189074
 30
0.0
 10
89.8629935484599
 20
281.07893632828245
 30
0.0
  0
SPLINE
  5
175
330
17
100
AcDbEntity
  8
ENGRAVE
100
AcDbSpline
 70
0
 71
2
 72
6
 73
3
 74
0
 40
0.0
 40
0.0
 40
0.0
 40
1.0
 40
1.0
 40
1.0
 10
89.8629935484599
 20
281.07893632828245
 30
0.0
 10
89.8629935484599
 20
281.18295325536576
 30
0.0
 10
89.8954935484599
 20
281.2414574871366
 30
0.0
  0
SPLINE
  5
176
330
17
100
AcDbEntity
  8
ENGRAVE
100
AcDbSpline
 70
0
 71
2
 72
6
 73
3
 74
0
 40
0.0
 40
0.0
 40
0.0
 40
1.0
 40
1.0
 40
1.0
 10
89.8954935484599
 20
281.2414574871366
 30
0.0
 10
89.9279935484599
 20
281.2999617189074
 30
0.0
 10
89.91500201200157
 20
281.3519278647408
 30
0.0
  0
SPLINE
  5
177
330
17
100
AcDbEntity
  8
ENGRAVE
100
AcDbSpline
 70
0
 71
2
 72
6
 73
3
 74
0
 40
0.0
 40
0.0
 40
0.0
 40
1.0
 40
1.0
 40
1.0
 10
90.25948931668907
 20
287.3709447918241
 30
0.0
 10
90.21397662137657
 20
287.52692786474074
 30
0.0
 10
89.92799354845991
 20
287.5009447918241
 30
0.0
  0
SPLINE
  5
178
330
17
100
AcDbEntity
  8
ENGRAVE
100
AcDbSpline
 70
0
 71
2
 72
6
 73
3
 74
0
 40
0.0
 40
0.0
 40
0.0
 40
1.0
 40
1.0
 40
1.0
 10
89.91500201200157
 20
281.3519278647408
 30
0.0
 10
89.9019681578349
 20
281.40393632828244
 30
0.0
 10
89.94098508491822
 20
281.53393632828244
 30
0.0
  0
SPLINE
  5
179
330
17
100
AcDbEntity
  8
ENGRAVE
100
AcDbSpline
 70
0
 71
2
 72
6
 73
3
 74
0
 40
0.0
 40
0.0
 40
0.0
 40
1.0
 40
1.0
 40
1.0
 10
90.49348508491823
 20
279.8959447918241
 30
0.0
 10
90.20098508491823
 20
279.8049617189074
 30
0.0
 10
89.98000201200156
 20
280.0519278647408
 30
0.0
  0
SPLINE
  5
17A
330
17
100
AcDbEntity
  8
ENGRAVE
100
AcDbSpline
 70
0
 71
2
 72
6
 73
3
 74
0
 40
0.0
 40
0.0
 40
0.0
 40
1.0
 40
1.0
 40
1.0
 10
90.14899778023073
 20
286.04494056005325
 30
0.0
 10
89.98000201200156
 20
286.08393632828245
 30
0.0
 10
89.98000201200156
 20
286.27893632828244
 30
0.0
  0
SPLINE
  5
17B
330
17
100
AcDbEntity
  8
ENGRAVE
100
AcDbSpline
 70
0
 71
2
 72
6
 73
3
 74
0
 40
0.0
 40
0.0
 40
0.0
 40
1.0
 40
1.0
 40
1.0
 10
89.98000201200156
 20
286.27893632828244
 30
0.0
 10
89.98000201200156
 20
286.3699617189074
 30
0.0
 10
89.98649778023074
 20
286.44795325536575
 30
0.0
  0
SPLINE
  5
17C
330
17
100
AcDbEntity
  8
ENGRAVE
100
AcDbSpline
 70
0
 71
2
 72
6
 73
3
 74
0
 40
0.0
 40
0.0
 40
0.0
 40
1.0
 40
1.0
 40
1.0
 10
89.98649778023074
 20
286.44795325536575
 30
0.0
 10
89.9929935484599
 20
286.5259447918241
 30
0.0
 10
89.9929935484599
 20
286.5259447918241
 30
0.0
  0
SPLINE
  5
17D
330
17
100
AcDbEntity
  8
ENGRAVE
100
AcDbSpline
 70
0
 71
2
 72
6
 73
3
 74
0
 40
0.0
 40
0.0
 40
0.0
 40
1.0
 40
1.0
 40
1.0
 10
89.94098508491822
 20
281.53393632828244
 30
0.0
 10
89.98000201200156
 20
281.66393632828243
 30
0.0
 10
90.01897662137657
 20
281.7809447918241
 30
0.0
  0
SPLINE
  5
17E
330
17
100
AcDbEntity
  8
ENGRAVE
100
AcDbSpline
 70
0
 71
2
 72
6
 73
3
 74
0
 40
0.0
 40
0.0
 40
0.0
 40
1.0
 40
1.0
 40
1.0
 10
90.47397662137656
 20
286.09692786474074
 30
0.0
 10
90.3179935484599
 20
286.0059447918241
 30
0.0
 10
90.14899778023073
 20
286.04494056005325
 30
0.0
  0
SPLINE
  5
17F
330
17
100
AcDbEntity
  8
ENGRAVE
100
AcDbSpline
 70
0
 71
2
 72
6
 73
3
 74
0
 40
0.0
 40
0.0
 40
0.0
 40
1.0
 40
1.0
 40
1.0
 10
89.9929935484599
 20
286.5259447918241
 30
0.0
 10
90.07098508491823
 20
286.8509447918241
 30
0.0
 10
90.20098508491823
 20
287.04594479182407
 30
0.0
  0
SPLINE
  5
180
330
17
100
AcDbEntity
  8
ENGRAVE
100
AcDbSpline
 70
0
 71
2
 72
6
 73
3
 74
0
 40
0.0
 40
0.0
 40
0.0
 40
1.0
 40
1.0
 40
1.0
 10
90.01897662137657
 20
281.7809447918241
 30
0.0
 10
90.11000201200156
 20
281.9889363282824
 30
0.0
 10
90.22698931668906
 20
282.3204320965116
 30
0.0
  0
SPLINE
  5
181
330
17
100
AcDbEntity
  8
ENGRAVE
100
AcDbSpline
 70
0
 71
2
 72
6
 73
3
 74
0
 40
0.0
 40
0.0
 40
0.0
 40
1.0
 40
1.0
 40
1.0
 10
90.20098508491823
 20
287.04594479182407
 30
0.0
 10
90.30500201200157
 20
287.21496171890743
 30
0.0
 10
90.25948931668907
 20
287.3709447918241
 30
0.0
  0
SPLINE
  5
182
330
17
100
AcDbEntity
  8
ENGRAVE
100
AcDbSpline
 70
0
 71
2
 72
6
 73
3
 74
0
 40
0.0
 40
0.0
 40
0.0
 40
1.0
 40
1.0
 40
1.0
 10
89.75897662137658
 20
288.4629320965116
 30
0.0
 10
90.00598508491824
 20
288.5539363282824
 30
0.0
 10
90.27897662137657
 20
288.5539363282824
 30
0.0
  0
SPLINE
  5
183
330
17
100
AcDbEntity
  8
ENGRAVE
100
AcDbSpline
 70
0
 71
2
 72
6
 73
3
 74
0
 40
0.0
 40
0.0
 40
0.0
 40
1.0
 40
1.0
 40
1.0
 10
90.22698931668906
 20
282.3204320965116
 30
0.0
 10
90.34397662137656
 20
282.65192786474074
 30
0.0
 10
90.46098508491822
 20
282.9964363282824
 30
0.0
  0
SPLINE
  5
184
330
17
100
AcDbEntity
  8
ENGRAVE
100
AcDbSpline
 70
0
 71
2
 72
6
 73
3
 74
0
 40
0.0
 40
0.0
 40
0.0
 40
1.0
 40
1.0
 40
1.0
 10
90.72098508491824
 20
286.3504532553658
 30
0.0
 10
90.5519681578349
 20
286.1099617189074
 30
0.0
 10
90.47397662137656
 20
286.09692786474074
 30
0.0
  0
SPLINE
  5
185
330
17
100
AcDbEntity
  8
ENGRAVE
100
AcDbSpline
 70
0
 71
2
 72
6
 73
3
 74
0
 40
0.0
 40
0.0
 40
0.0
 40
1.0
 40
1.0
 40
1.0
 10
90.90299354845989
 20
280.51996171890744
 30
0.0
 10
90.78598508491822
 20
279.9869278647408
 30
0.0
 10
90.49348508491823
 20
279.8959447918241
 30
0.0
  0
SPLINE
  5
186
330
17
100
AcDbEntity
  8
ENGRAVE
100
AcDbSpline
 70
0
 71
2
 72
6
 73
3
 74
0
 40
0.0
 40
0.0
 40
0.0
 40
1.0
 40
1.0
 40
1.0
 10
90.46098508491822
 20
282.9964363282824
 30
0.0
 10
90.5779935484599
 20
283.3409447918241
 30
0.0
 10
90.65598508491823
 20
283.5944490235949
 30
0.0
  0
SPLINE
  5
187
330
17
100
AcDbEntity
  8
ENGRAVE
100
AcDbSpline
 70
0
 71
2
 72
6
 73
3
 74
0
 40
0.0
 40
0.0
 40
0.0
 40
1.0
 40
1.0
 40
1.0
 10
90.27897662137657
 20
288.5539363282824
 30
0.0
 10
90.52598508491823
 20
288.5539363282824
 30
0.0
 10
90.71448931668907
 20
288.4434447918241
 30
0.0
  0
SPLINE
  5
188
330
17
100
AcDbEntity
  8
ENGRAVE
100
AcDbSpline
 70
0
 71
2
 72
6
 73
3
 74
0
 40
0.0
 40
0.0
 40
0.0
 40
1.0
 40
1.0
 40
1.0
 10
91.07198931668907
 20
286.89643632828245
 30
0.0
 10
90.89000201200157
 20
286.5909447918241
 30
0.0
 10
90.72098508491824
 20
286.3504532553658
 30
0.0
  0
SPLINE
  5
189
330
17
100
AcDbEntity
  8
ENGRAVE
100
AcDbSpline
 70
0
 71
2
 72
6
 73
3
 74
0
 40
0.0
 40
0.0
 40
0.0
 40
1.0
 40
1.0
 40
1.0
 10
90.65598508491823
 20
283.5944490235949
 30
0.0
 10
90.73397662137656
 20
283.8479532553658
 30
0.0
 10
90.7469681578349
 20
283.89996171890743
 30
0.0
  0
SPLINE
  5
18A
330
17
100
AcDbEntity
  8
ENGRAVE
100
AcDbSpline
 70
0
 71
2
 72
6
 73
3
 74
0
 40
0.0
 40
0.0
 40
0.0
 40
1.0
 40
1.0
 40
1.0
 10
91.00698931668906
 20
280.8059447918241
 30
0.0
 10
90.9679935484599
 20
280.6239363282824
 30
0.0
 10
90.90299354845989
 20
280.51996171890744
 30
0.0
  0
SPLINE
  5
18B
330
17
100
AcDbEntity
  8
ENGRAVE
100
AcDbSpline
 70
0
 71
2
 72
6
 73
3
 74
0
 40
0.0
 40
0.0
 40
0.0
 40
1.0
 40
1.0
 40
1.0
 10
90.7469681578349
 20
283.89996171890743
 30
0.0
 10
90.7469681578349
 20
284.0559447918241
 30
0.0
 10
90.95500201200156
 20
284.0689363282824
 30
0.0
  0
SPLINE
  5
18C
330
17
100
AcDbEntity
  8
ENGRAVE
100
AcDbSpline
 70
0
 71
2
 72
6
 73
3
 74
0
 40
0.0
 40
0.0
 40
0.0
 40
1.0
 40
1.0
 40
1.0
 10
91.07198931668906
 20
281.1634447918241
 30
0.0
 10
91.04598508491823
 20
280.98795325536577
 30
0.0
 10
91.00698931668906
 20
280.8059447918241
 30
0.0
  0
SPLINE
  5
18D
330
17
100
AcDbEntity
  8
ENGRAVE
100
AcDbSpline
 70
0
 71
2
 72
6
 73
3
 74
0
 40
0.0
 40
0.0
 40
0.0
 40
1.0
 40
1.0
 40
1.0
 10
91.12397662137656
 20
281.40393632828244
 30
0.0
 10
91.0979935484599
 20
281.33893632828244
 30
0.0
 10
91.07198931668906
 20
281.1634447918241
 30
0.0
  0
SPLINE
  5
18E
330
17
100
AcDbEntity
  8
ENGRAVE
100
AcDbSpline
 70
0
 71
2
 72
6
 73
3
 74
0
 40
0.0
 40
0.0
 40
0.0
 40
1.0
 40
1.0
 40
1.0
 10
91.34500201200157
 20
287.4099617189074
 30
0.0
 10
91.25397662137657
 20
287.20192786474075
 30
0.0
 10
91.07198931668907
 20
286.89643632828245
 30
0.0
  0
SPLINE
  5
18F
330
17
100
AcDbEntity
  8
ENGRAVE
100
AcDbSpline
 70
0
 71
2
 72
6
 73
3
 74
0
 40
0.0
 40
0.0
 40
0.0
 40
1.0
 40
1.0
 40
1.0
 10
91.1174808531474
 20
285.65494056005326
 30
0.0
 10
91.05897662137656
 20
285.88893632828245
 30
0.0
 10
91.11098508491823
 20
285.92795325536576
 30
0.0
  0
SPLINE
  5
190
330
17
100
AcDbEntity
  8
ENGRAVE
100
AcDbSpline
 70
0
 71
2
 72
6
 73
3
 74
0
 40
0.0
 40
0.0
 40
0.0
 40
1.0
 40
1.0
 40
1.0
 10
91.38397662137656
 20
285.26496171890744
 30
0.0
 10
91.17598508491822
 20
285.42094479182407
 30
0.0
 10
91.1174808531474
 20
285.65494056005326
 30
0.0
  0
SPLINE
  5
191
330
17
100
AcDbEntity
  8
ENGRAVE
100
AcDbSpline
 70
0
 71
2
 72
6
 73
3
 74
0
 40
0.0
 40
0.0
 40
0.0
 40
1.0
 40
1.0
 40
1.0
 10
91.2474808531474
 20
281.76145748713657
 30
0.0
 10
91.17598508491822
 20
281.57295325536575
 30
0.0
 10
91.12397662137656
 20
281.40393632828244
 30
0.0
  0
SPLINE
  5
192
330
17
100
AcDbEntity
  8
ENGRAVE
100
AcDbSpline
 70
0
 71
2
 72
6
 73
3
 74
0
 40
0.0
 40
0.0
 40
0.0
 40
1.0
 40
1.0
 40
1.0
 10
91.37098508491823
 20
282.0539363282824
 30
0.0
 10
91.31897662137656
 20
281.94996171890745
 30
0.0
 10
91.2474808531474
 20
281.76145748713657
 30
0.0
  0
SPLINE
  5
193
330
17
100
AcDbEntity
  8
ENGRAVE
100
AcDbSpline
 70
0
 71
2
 72
6
 73
3
 74
0
 40
0.0
 40
0.0
 40
0.0
 40
1.0
 40
1.0
 40
1.0
 10
90.71448931668907
 20
288.4434447918241
 30
0.0
 10
90.9029935484599
 20
288.33295325536574
 30
0.0
 10
91.28000201200157
 20
287.9949617189074
 30
0.0
  0
SPLINE
  5
194
330
17
100
AcDbEntity
  8
ENGRAVE
100
AcDbSpline
 70
0
 71
2
 72
6
 73
3
 74
0
 40
0.0
 40
0.0
 40
0.0
 40
1.0
 40
1.0
 40
1.0
 10
90.95500201200156
 20
284.0689363282824
 30
0.0
 10
91.11098508491823
 20
284.1209447918241
 30
0.0
 10
91.33198931668906
 20
283.9389363282824
 30
0.0
  0
SPLINE
  5
195
330
17
100
AcDbEntity
  8
ENGRAVE
100
AcDbSpline
 70
0
 71
2
 72
6
 73
3
 74
0
 40
0.0
 40
0.0
 40
0.0
 40
1.0
 40
1.0
 40
1.0
 10
91.11098508491823
 20
285.92795325536576
 30
0.0
 10
91.24098508491822
 20
286.0709447918241
 30
0.0
 10
91.33848508491823
 20
286.30494056005324
 30
0.0
  0
SPLINE
  5
196
330
17
100
AcDbEntity
  8
ENGRAVE
100
AcDbSpline
 70
0
 71
2
 72
6
 73
3
 74
0
 40
0.0
 40
0.0
 40
0.0
 40
1.0
 40
1.0
 40
1.0
 10
91.41000201200157
 20
287.66994056005325
 30
0.0
 10
91.41000201200157
 20
287.51393632828245
 30
0.0
 10
91.34500201200157
 20
287.4099617189074
 30
0.0
  0
SPLINE
  5
197
330
17
100
AcDbEntity
  8
ENGRAVE
100
AcDbSpline
 70
0
 71
2
 72
6
 73
3
 74
0
 40
0.0
 40
0.0
 40
0.0
 40
1.0
 40
1.0
 40
1.0
 10
91.46848508491823
 20
282.45045325536574
 30
0.0
 10
91.39696815783489
 20
282.20996171890744
 30
0.0
 10
91.37098508491823
 20
282.0539363282824
 30
0.0
  0
SPLINE
  5
198
330
17
100
AcDbEntity
  8
ENGRAVE
100
AcDbSpline
 70
0
 71
2
 72
6
 73
3
 74
0
 40
0.0
 40
0.0
 40
0.0
 40
1.0
 40
1.0
 40
1.0
 10
91.8649808531474
 20
285.2064574871366
 30
0.0
 10
91.56598508491822
 20
285.13496171890745
 30
0.0
 10
91.38397662137656
 20
285.26496171890744
 30
0.0
  0
SPLINE
  5
199
330
17
100
AcDbEntity
  8
ENGRAVE
100
AcDbSpline
 70
0
 71
2
 72
6
 73
3
 74
0
 40
0.0
 40
0.0
 40
0.0
 40
1.0
 40
1.0
 40
1.0
 10
91.28000201200157
 20
287.9949617189074
 30
0.0
 10
91.41000201200157
 20
287.8259447918241
 30
0.0
 10
91.41000201200157
 20
287.66994056005325
 30
0.0
  0
SPLINE
  5
19A
330
17
100
AcDbEntity
  8
ENGRAVE
100
AcDbSpline
 70
0
 71
2
 72
6
 73
3
 74
0
 40
0.0
 40
0.0
 40
0.0
 40
1.0
 40
1.0
 40
1.0
 10
91.5919681578349
 20
282.7949617189074
 30
0.0
 10
91.54000201200157
 20
282.6909447918241
 30
0.0
 10
91.46848508491823
 20
282.45045325536574
 30
0.0
  0
SPLINE
  5
19B
330
17
100
AcDbEntity
  8
ENGRAVE
100
AcDbSpline
 70
0
 71
2
 72
6
 73
3
 74
0
 40
0.0
 40
0.0
 40
0.0
 40
1.0
 40
1.0
 40
1.0
 10
91.33848508491823
 20
286.30494056005324
 30
0.0
 10
91.43598508491823
 20
286.53893632828243
 30
0.0
 10
91.5529935484599
 20
286.7339363282824
 30
0.0
  0
SPLINE
  5
19C
330
17
100
AcDbEntity
  8
ENGRAVE
100
AcDbSpline
 70
0
 71
2
 72
6
 73
3
 74
0
 40
0.0
 40
0.0
 40
0.0
 40
1.0
 40
1.0
 40
1.0
 10
91.76098508491823
 20
283.2759447918241
 30
0.0
 10
91.73500201200156
 20
283.1069278647408
 30
0.0
 10
91.5919681578349
 20
282.7949617189074
 30
0.0
  0
SPLINE
  5
19D
330
17
100
AcDbEntity
  8
ENGRAVE
100
AcDbSpline
 70
0
 71
2
 72
6
 73
3
 74
0
 40
0.0
 40
0.0
 40
0.0
 40
1.0
 40
1.0
 40
1.0
 10
91.5529935484599
 20
286.7339363282824
 30
0.0
 10
91.57897662137655
 20
286.77295325536574
 30
0.0
 10
91.62448931668906
 20
286.8444490235949
 30
0.0
  0
SPLINE
  5
19E
330
17
100
AcDbEntity
  8
ENGRAVE
100
AcDbSpline
 70
0
 71
2
 72
6
 73
3
 74
0
 40
0.0
 40
0.0
 40
0.0
 40
1.0
 40
1.0
 40
1.0
 10
91.33198931668906
 20
283.9389363282824
 30
0.0
 10
91.5529935484599
 20
283.75692786474076
 30
0.0
 10
91.68299354845989
 20
283.5489363282824
 30
0.0
  0
SPLINE
  5
19F
330
17
100
AcDbEntity
  8
ENGRAVE
100
AcDbSpline
 70
0
 71
2
 72
6
 73
3
 74
0
 40
0.0
 40
0.0
 40
0.0
 40
1.0
 40
1.0
 40
1.0
 10
91.62448931668906
 20
286.8444490235949
 30
0.0
 10
91.67000201200156
 20
286.9159447918241
 30
0.0
 10
91.7219681578349
 20
286.9289363282824
 30
0.0
  0
SPLINE
  5
1A0
330
17
100
AcDbEntity
  8
ENGRAVE
100
AcDbSpline
 70
0
 71
2
 72
6
 73
3
 74
0
 40
0.0
 40
0.0
 40
0.0
 40
1.0
 40
1.0
 40
1.0
 10
91.68299354845989
 20
283.5489363282824
 30
0.0
 10
91.78696815783489
 20
283.44496171890745
 30
0.0
 10
91.76098508491823
 20
283.2759447918241
 30
0.0
  0
SPLINE
  5
1A1
330
17
100
AcDbEntity
  8
ENGRAVE
100
AcDbSpline
 70
0
 71
2
 72
6
 73
3
 74
0
 40
0.0
 40
0.0
 40
0.0
 40
1.0
 40
1.0
 40
1.0
 10
92.35897662137656
 20
285.5379532553658
 30
0.0
 10
92.16397662137656
 20
285.2779532553658
 30
0.0
 10
91.8649808531474
 20
285.2064574871366
 30
0.0
  0
SPLINE
  5
1A2
330
17
100
AcDbEntity
  8
ENGRAVE
100
AcDbSpline
 70
0
 71
2
 72
6
 73
3
 74
0
 40
0.0
 40
0.0
 40
0.0
 40
1.0
 40
1.0
 40
1.0
 10
91.7219681578349
 20
286.9289363282824
 30
0.0
 10
91.8779935484599
 20
287.0329532553658
 30
0.0
 10
92.15748085314739
 20
286.9159447918241
 30
0.0
  0
SPLINE
  5
1A3
330
17
100
AcDbEntity
  8
ENGRAVE
100
AcDbSpline
 70
0
 71
2
 72
6
 73
3
 74
0
 40
0.0
 40
0.0
 40
0.0
 40
1.0
 40
1.0
 40
1.0
 10
92.56696815783489
 20
286.5909447918241
 30
0.0
 10
92.80098508491822
 20
286.0709447918241
 30
0.0
 10
92.35897662137656
 20
285.5379532553658
 30
0.0
  0
SPLINE
  5
1A4
330
17
100
AcDbEntity
  8
ENGRAVE
100
AcDbSpline
 70
0
 71
2
 72
6
 73
3
 74
0
 40
0.0
 40
0.0
 40
0.0
 40
1.0
 40
1.0
 40
1.0
 10
92.5019681578349
 20
280.9424405600533
 30
0.0
 10
92.38495969429323
 20
281.31295325536576
 30
0.0
 10
92.4629935484599
 20
281.94996171890745
 30
0.0
  0
SPLINE
  5
1A5
330
17
100
AcDbEntity
  8
ENGRAVE
100
AcDbSpline
 70
0
 71
2
 72
6
 73
3
 74
0
 40
0.0
 40
0.0
 40
0.0
 40
1.0
 40
1.0
 40
1.0
 10
92.74897662137657
 20
280.4029532553658
 30
0.0
 10
92.61897662137658
 20
280.57192786474076
 30
0.0
 10
92.5019681578349
 20
280.9424405600533
 30
0.0
  0
SPLINE
  5
1A6
330
17
100
AcDbEntity
  8
ENGRAVE
100
AcDbSpline
 70
0
 71
2
 72
6
 73
3
 74
0
 40
0.0
 40
0.0
 40
0.0
 40
1.0
 40
1.0
 40
1.0
 10
92.15748085314739
 20
286.9159447918241
 30
0.0
 10
92.4369681578349
 20
286.7989363282824
 30
0.0
 10
92.56696815783489
 20
286.5909447918241
 30
0.0
  0
SPLINE
  5
1A7
330
17
100
AcDbEntity
  8
ENGRAVE
100
AcDbSpline
 70
0
 71
2
 72
6
 73
3
 74
0
 40
0.0
 40
0.0
 40
0.0
 40
1.0
 40
1.0
 40
1.0
 10
93.3599808531474
 20
279.9544490235949
 30
0.0
 10
92.9829935484599
 20
280.10393632828243
 30
0.0
 10
92.74897662137657
 20
280.4029532553658
 30
0.0
  0
SPLINE
  5
1A8
330
17
100
AcDbEntity
  8
ENGRAVE
100
AcDbSpline
 70
0
 71
2
 72
6
 73
3
 74
0
 40
0.0
 40
0.0
 40
0.0
 40
1.0
 40
1.0
 40
1.0
 10
92.4629935484599
 20
281.94996171890745
 30
0.0
 10
92.54098508491823
 20
282.54795325536577
 30
0.0
 10
92.83348508491824
 20
283.1589574871366
 30
0.0
  0
SPLINE
  5
1A9
330
17
100
AcDbEntity
  8
ENGRAVE
100
AcDbSpline
 70
0
 71
2
 72
6
 73
3
 74
0
 40
0.0
 40
0.0
 40
0.0
 40
1.0
 40
1.0
 40
1.0
 10
94.1724808531474
 20
279.83746171890743
 30
0.0
 10
93.7369681578349
 20
279.8049617189074
 30
0.0
 10
93.3599808531474
 20
279.9544490235949
 30
0.0
  0
SPLINE
  5
1AA
330
17
100
AcDbEntity
  8
ENGRAVE
100
AcDbSpline
 70
0
 71
2
 72
6
 73
3
 74
0
 40
0.0
 40
0.0
 40
0.0
 40
1.0
 40
1.0
 40
1.0
 10
93.58745969429323
 20
282.0929532553658
 30
0.0
 10
93.48995969429323
 20
281.9629532553658
 30
0.0
 10
93.5029935484599
 20
281.5859447918241
 30
0.0
  0
SPLINE
  5
1AB
330
17
100
AcDbEntity
  8
ENGRAVE
100
AcDbSpline
 70
0
 71
2
 72
6
 73
3
 74
0
 40
0.0
 40
0.0
 40
0.0
 40
1.0
 40
1.0
 40
1.0
 10
92.83348508491824
 20
283.1589574871366
 30
0.0
 10
93.12598508491824
 20
283.76996171890744
 30
0.0
 10
93.5549808531474
 20
284.23795325536577
 30
0.0
  0
SPLINE
  5
1AC
330
17
100
AcDbEntity
  8
ENGRAVE
100
AcDbSpline
 70
0
 71
2
 72
6
 73
3
 74
0
 40
0.0
 40
0.0
 40
0.0
 40
1.0
 40
1.0
 40
1.0
 10
93.9969681578349
 20
282.1579532553658
 30
0.0
 10
93.68495969429324
 20
282.2229532553658
 30
0.0
 10
93.58745969429323
 20
282.0929532553658
 30
0.0
  0
SPLINE
  5
1AD
330
17
100
AcDbEntity
  8
ENGRAVE
100
AcDbSpline
 70
0
 71
2
 72
6
 73
3
 74
0
 40
0.0
 40
0.0
 40
0.0
 40
1.0
 40
1.0
 40
1.0
 10
93.5029935484599
 20
281.5859447918241
 30
0.0
 10
93.52897662137657
 20
281.3519278647408
 30
0.0
 10
93.61348508491824
 20
281.1764363282824
 30
0.0
  0
SPLINE
  5
1AE
330
17
100
AcDbEntity
  8
ENGRAVE
100
AcDbSpline
 70
0
 71
2
 72
6
 73
3
 74
0
 40
0.0
 40
0.0
 40
0.0
 40
1.0
 40
1.0
 40
1.0
 10
93.61348508491824
 20
281.1764363282824
 30
0.0
 10
93.6979935484599
 20
281.0009447918241
 30
0.0
 10
93.9319681578349
 20
280.9359447918241
 30
0.0
  0
SPLINE
  5
1AF
330
17
100
AcDbEntity
  8
ENGRAVE
100
AcDbSpline
 70
0
 71
2
 72
6
 73
3
 74
0
 40
0.0
 40
0.0
 40
0.0
 40
1.0
 40
1.0
 40
1.0
 10
94.17897662137656
 20
283.41244056005326
 30
0.0
 10
94.00995969429323
 20
283.2109447918241
 30
0.0
 10
93.9579935484599
 20
283.1069278647408
 30
0.0
  0
SPLINE
  5
1B0
330
17
100
AcDbEntity
  8
ENGRAVE
100
AcDbSpline
 70
0
 71
2
 72
6
 73
3
 74
0
 40
0.0
 40
0.0
 40
0.0
 40
1.0
 40
1.0
 40
1.0
 10
94.81596392606407
 20
282.0799405600533
 30
0.0
 10
94.5169681578349
 20
282.0539363282824
 30
0.0
 10
93.9969681578349
 20
282.1579532553658
 30
0.0
  0
SPLINE
  5
1B1
330
17
100
AcDbEntity
  8
ENGRAVE
100
AcDbSpline
 70
0
 71
2
 72
6
 73
3
 74
0
 40
0.0
 40
0.0
 40
0.0
 40
1.0
 40
1.0
 40
1.0
 10
94.9979935484599
 20
280.0909447918241
 30
0.0
 10
94.6079935484599
 20
279.8699617189074
 30
0.0
 10
94.1724808531474
 20
279.83746171890743
 30
0.0
  0
SPLINE
  5
1B2
330
17
100
AcDbEntity
  8
ENGRAVE
100
AcDbSpline
 70
0
 71
2
 72
6
 73
3
 74
0
 40
0.0
 40
0.0
 40
0.0
 40
1.0
 40
1.0
 40
1.0
 10
94.54948931668906
 20
283.79594479182407
 30
0.0
 10
94.3479935484599
 20
283.6139363282824
 30
0.0
 10
94.17897662137656
 20
283.41244056005326
 30
0.0
  0
SPLINE
  5
1B3
330
17
100
AcDbEntity
  8
ENGRAVE
100
AcDbSpline
 70
0
 71
2
 72
6
 73
3
 74
0
 40
0.0
 40
0.0
 40
0.0
 40
1.0
 40
1.0
 40
1.0
 10
93.9579935484599
 20
283.1069278647408
 30
0.0
 10
94.02299354845991
 20
283.0159447918241
 30
0.0
 10
94.32848508491824
 20
282.97694902359495
 30
0.0
  0
SPLINE
  5
1B4
330
17
100
AcDbEntity
  8
ENGRAVE
100
AcDbSpline
 70
0
 71
2
 72
6
 73
3
 74
0
 40
0.0
 40
0.0
 40
0.0
 40
1.0
 40
1.0
 40
1.0
 10
93.9319681578349
 20
280.9359447918241
 30
0.0
 10
94.23098508491823
 20
280.8839363282824
 30
0.0
 10
94.36098508491824
 20
280.92944902359494
 30
0.0
  0
SPLINE
  5
1B5
330
17
100
AcDbEntity
  8
ENGRAVE
100
AcDbSpline
 70
0
 71
2
 72
6
 73
3
 74
0
 40
0.0
 40
0.0
 40
0.0
 40
1.0
 40
1.0
 40
1.0
 10
93.5549808531474
 20
284.23795325536577
 30
0.0
 10
93.98397662137657
 20
284.7059447918241
 30
0.0
 10
94.49098508491824
 20
284.87496171890746
 30
0.0
  0
SPLINE
  5
1B6
330
17
100
AcDbEntity
  8
ENGRAVE
100
AcDbSpline
 70
0
 71
2
 72
6
 73
3
 74
0
 40
0.0
 40
0.0
 40
0.0
 40
1.0
 40
1.0
 40
1.0
 10
94.88098508491824
 20
284.01692786474075
 30
0.0
 10
94.75098508491824
 20
283.9779532553658
 30
0.0
 10
94.54948931668906
 20
283.79594479182407
 30
0.0
  0
SPLINE
  5
1B7
330
17
100
AcDbEntity
  8
ENGRAVE
100
AcDbSpline
 70
0
 71
2
 72
6
 73
3
 74
0
 40
0.0
 40
0.0
 40
0.0
 40
1.0
 40
1.0
 40
1.0
 10
94.36098508491824
 20
280.92944902359494
 30
0.0
 10
94.49098508491824
 20
280.9749617189074
 30
0.0
 10
94.68598508491823
 20
281.0659447918241
 30
0.0
  0
SPLINE
  5
1B8
330
17
100
AcDbEntity
  8
ENGRAVE
100
AcDbSpline
 70
0
 71
2
 72
6
 73
3
 74
0
 40
0.0
 40
0.0
 40
0.0
 40
1.0
 40
1.0
 40
1.0
 10
95.33598508491824
 20
282.19692786474076
 30
0.0
 10
95.11495969429323
 20
282.1059447918241
 30
0.0
 10
94.81596392606407
 20
282.0799405600533
 30
0.0
  0
SPLINE
  5
1B9
330
17
100
AcDbEntity
  8
ENGRAVE
100
AcDbSpline
 70
0
 71
2
 72
6
 73
3
 74
0
 40
0.0
 40
0.0
 40
0.0
 40
1.0
 40
1.0
 40
1.0
 10
94.32848508491824
 20
282.97694902359495
 30
0.0
 10
94.63397662137658
 20
282.93795325536576
 30
0.0
 10
94.82897662137657
 20
282.9899617189074
 30
0.0
  0
SPLINE
  5
1BA
330
17
100
AcDbEntity
  8
ENGRAVE
100
AcDbSpline
 70
0
 71
2
 72
6
 73
3
 74
0
 40
0.0
 40
0.0
 40
0.0
 40
1.0
 40
1.0
 40
1.0
 10
94.49098508491824
 20
284.87496171890746
 30
0.0
 10
94.6729935484599
 20
284.93996171890745
 30
0.0
 10
94.86147662137657
 20
284.9724617189074
 30
0.0
  0
SPLINE
  5
1BB
330
17
100
AcDbEntity
  8
ENGRAVE
100
AcDbSpline
 70
0
 71
2
 72
6
 73
3
 74
0
 40
0.0
 40
0.0
 40
0.0
 40
1.0
 40
1.0
 40
1.0
 10
95.36846392606407
 20
283.9779320965116
 30
0.0
 10
95.17995969429323
 20
284.08192786474075
 30
0.0
 10
94.88098508491824
 20
284.01692786474075
 30
0.0
  0
SPLINE
  5
1BC
330
17
100
AcDbEntity
  8
ENGRAVE
100
AcDbSpline
 70
0
 71
2
 72
6
 73
3
 74
0
 40
0.0
 40
0.0
 40
0.0
 40
1.0
 40
1.0
 40
1.0
 10
94.68598508491823
 20
281.0659447918241
 30
0.0
 10
94.82897662137657
 20
281.15692786474074
 30
0.0
 10
94.9849808531474
 20
281.2869278647408
 30
0.0
  0
SPLINE
  5
1BD
330
17
100
AcDbEntity
  8
ENGRAVE
100
AcDbSpline
 70
0
 71
2
 72
6
 73
3
 74
0
 40
0.0
 40
0.0
 40
0.0
 40
1.0
 40
1.0
 40
1.0
 10
95.6674808531474
 20
280.63692786474076
 30
0.0
 10
95.3879935484599
 20
280.31192786474077
 30
0.0
 10
94.9979935484599
 20
280.0909447918241
 30
0.0
  0
SPLINE
  5
1BE
330
17
100
AcDbEntity
  8
ENGRAVE
100
AcDbSpline
 70
0
 71
2
 72
6
 73
3
 74
0
 40
0.0
 40
0.0
 40
0.0
 40
1.0
 40
1.0
 40
1.0
 10
94.82897662137657
 20
282.9899617189074
 30
0.0
 10
94.91995969429324
 20
283.02893632828244
 30
0.0
 10
95.09547238960573
 20
283.17194902359495
 30
0.0
  0
SPLINE
  5
1BF
330
17
100
AcDbEntity
  8
ENGRAVE
100
AcDbSpline
 70
0
 71
2
 72
6
 73
3
 74
0
 40
0.0
 40
0.0
 40
0.0
 40
1.0
 40
1.0
 40
1.0
 10
94.9849808531474
 20
281.2869278647408
 30
0.0
 10
95.14098508491824
 20
281.4169278647408
 30
0.0
 10
95.24495969429323
 20
281.4819278647408
 30
0.0
  0
SPLINE
  5
1C0
330
17
100
AcDbEntity
  8
ENGRAVE
100
AcDbSpline
 70
0
 71
2
 72
6
 73
3
 74
0
 40
0.0
 40
0.0
 40
0.0
 40
1.0
 40
1.0
 40
1.0
 10
96.1874808531474
 20
282.91194902359496
 30
0.0
 10
95.8819681578349
 20
282.4309447918241
 30
0.0
 10
95.33598508491824
 20
282.19692786474076
 30
0.0
  0
SPLINE
  5
1C1
330
17
100
AcDbEntity
  8
ENGRAVE
100
AcDbSpline
 70
0
 71
2
 72
6
 73
3
 74
0
 40
0.0
 40
0.0
 40
0.0
 40
1.0
 40
1.0
 40
1.0
 10
94.86147662137657
 20
284.9724617189074
 30
0.0
 10
95.04995969429324
 20
285.00496171890745
 30
0.0
 10
95.3619681578349
 20
284.97893632828243
 30
0.0
  0
SPLINE
  5
1C2
330
17
100
AcDbEntity
  8
ENGRAVE
100
AcDbSpline
 70
0
 71
2
 72
6
 73
3
 74
0
 40
0.0
 40
0.0
 40
0.0
 40
1.0
 40
1.0
 40
1.0
 10
95.5569681578349
 20
283.7309447918241
 30
0.0
 10
95.5569681578349
 20
283.8739363282824
 30
0.0
 10
95.36846392606407
 20
283.9779320965116
 30
0.0
  0
SPLINE
  5
1C3
330
17
100
AcDbEntity
  8
ENGRAVE
100
AcDbSpline
 70
0
 71
2
 72
6
 73
3
 74
0
 40
0.0
 40
0.0
 40
0.0
 40
1.0
 40
1.0
 40
1.0
 10
95.09547238960573
 20
283.17194902359495
 30
0.0
 10
95.27098508491824
 20
283.31496171890745
 30
0.0
 10
95.41397662137656
 20
283.4774617189074
 30
0.0
  0
SPLINE
  5
1C4
330
17
100
AcDbEntity
  8
ENGRAVE
100
AcDbSpline
 70
0
 71
2
 72
6
 73
3
 74
0
 40
0.0
 40
0.0
 40
0.0
 40
1.0
 40
1.0
 40
1.0
 10
95.24495969429323
 20
281.4819278647408
 30
0.0
 10
95.34897662137656
 20
281.5599617189074
 30
0.0
 10
95.50495969429323
 20
281.5599617189074
 30
0.0
  0
SPLINE
  5
1C5
330
17
100
AcDbEntity
  8
ENGRAVE
100
AcDbSpline
 70
0
 71
2
 72
6
 73
3
 74
0
 40
0.0
 40
0.0
 40
0.0
 40
1.0
 40
1.0
 40
1.0
 10
95.41397662137656
 20
283.4774617189074
 30
0.0
 10
95.5569681578349
 20
283.63996171890744
 30
0.0
 10
95.5569681578349
 20
283.7309447918241
 30
0.0
  0
SPLINE
  5
1C6
330
17
100
AcDbEntity
  8
ENGRAVE
100
AcDbSpline
 70
0
 71
2
 72
6
 73
3
 74
0
 40
0.0
 40
0.0
 40
0.0
 40
1.0
 40
1.0
 40
1.0
 10
95.9469681578349
 20
281.1309447918241
 30
0.0
 10
95.9469681578349
 20
280.96192786474074
 30
0.0
 10
95.6674808531474
 20
280.63692786474076
 30
0.0
  0
SPLINE
  5
1C7
330
17
100
AcDbEntity
  8
ENGRAVE
100
AcDbSpline
 70
0
 71
2
 72
6
 73
3
 74
0
 40
0.0
 40
0.0
 40
0.0
 40
1.0
 40
1.0
 40
1.0
 10
95.50495969429323
 20
281.5599617189074
 30
0.0
 10
95.64799354845991
 20
281.5469278647408
 30
0.0
 10
95.7779935484599
 20
281.40393632828244
 30
0.0
  0
SPLINE
  5
1C8
330
17
100
AcDbEntity
  8
ENGRAVE
100
AcDbSpline
 70
0
 71
2
 72
6
 73
3
 74
0
 40
0.0
 40
0.0
 40
0.0
 40
1.0
 40
1.0
 40
1.0
 10
95.3619681578349
 20
284.97893632828243
 30
0.0
 10
95.66098508491824
 20
284.93996171890745
 30
0.0
 10
95.8949808531474
 20
284.8294490235949
 30
0.0
  0
SPLINE
  5
1C9
330
17
100
AcDbEntity
  8
ENGRAVE
100
AcDbSpline
 70
0
 71
2
 72
6
 73
3
 74
0
 40
0.0
 40
0.0
 40
0.0
 40
1.0
 40
1.0
 40
1.0
 10
95.7779935484599
 20
281.40393632828244
 30
0.0
 10
95.9079935484599
 20
281.2609447918241
 30
0.0
 10
95.9469681578349
 20
281.1309447918241
 30
0.0
  0
SPLINE
  5
1CA
330
17
100
AcDbEntity
  8
ENGRAVE
100
AcDbSpline
 70
0
 71
2
 72
6
 73
3
 74
0
 40
0.0
 40
0.0
 40
0.0
 40
1.0
 40
1.0
 40
1.0
 10
96.5579935484599
 20
283.8089363282824
 30
0.0
 10
96.4929935484599
 20
283.39295325536574
 30
0.0
 10
96.1874808531474
 20
282.91194902359496
 30
0.0
  0
SPLINE
  5
1CB
330
17
100
AcDbEntity
  8
ENGRAVE
100
AcDbSpline
 70
0
 71
2
 72
6
 73
3
 74
0
 40
0.0
 40
0.0
 40
0.0
 40
1.0
 40
1.0
 40
1.0
 10
95.8949808531474
 20
284.8294490235949
 30
0.0
 10
96.12897662137657
 20
284.71893632828244
 30
0.0
 10
96.2329935484599
 20
284.58893632828244
 30
0.0
  0
SPLINE
  5
1CC
330
17
100
AcDbEntity
  8
ENGRAVE
100
AcDbSpline
 70
0
 71
2
 72
6
 73
3
 74
0
 40
0.0
 40
0.0
 40
0.0
 40
1.0
 40
1.0
 40
1.0
 10
96.2329935484599
 20
284.58893632828244
 30
0.0
 10
96.44098508491824
 20
284.3809447918241
 30
0.0
 10
96.50598508491824
 20
284.1859447918241
 30
0.0
  0
SPLINE
  5
1CD
330
17
100
AcDbEntity
  8
ENGRAVE
100
AcDbSpline
 70
0
 71
2
 72
6
 73
3
 74
0
 40
0.0
 40
0.0
 40
0.0
 40
1.0
 40
1.0
 40
1.0
 10
96.50598508491824
 20
284.1859447918241
 30
0.0
 10
96.57098508491823
 20
283.9909447918241
 30
0.0
 10
96.5579935484599
 20
283.8089363282824
 30
0.0
  0
SPLINE
  5
1CE
330
17
100
AcDbEntity
  8
ENGRAVE
100
AcDbSpline
 70
0
 71
2
 72
6
 73
3
 74
0
 40
0.0
 40
0.0
 40
0.0
 40
1.0
 40
1.0
 40
1.0
 10
100.28897662137658
 20
281.4494490235949
 30
0.0
 10
100.21098508491824
 20
281.5209447918241
 30
0.0
 10
100.21098508491824
 20
281.68996171890745
 30
0.0
  0
SPLINE
  5
1CF
330
17
100
AcDbEntity
  8
ENGRAVE
100
AcDbSpline
 70
0
 71
2
 72
6
 73
3
 74
0
 40
0.0
 40
0.0
 40
0.0
 40
1.0
 40
1.0
 40
1.0
 10
100.48397662137657
 20
281.2869278647408
 30
0.0
 10
100.3669681578349
 20
281.37795325536575
 30
0.0
 10
100.28897662137658
 20
281.4494490235949
 30
0.0
  0
SPLINE
  5
1D0
330
17
100
AcDbEntity
  8
ENGRAVE
100
AcDbSpline
 70
0
 71
2
 72
6
 73
3
 74
0
 40
0.0
 40
0.0
 40
0.0
 40
1.0
 40
1.0
 40
1.0
 10
100.21098508491824
 20
281.68996171890745
 30
0.0
 10
100.21098508491824
 20
281.88496171890745
 30
0.0
 10
100.34098508491824
 20
282.3529532553658
 30
0.0
  0
SPLINE
  5
1D1
330
17
100
AcDbEntity
  8
ENGRAVE
100
AcDbSpline
 70
0
 71
2
 72
6
 73
3
 74
0
 40
0.0
 40
0.0
 40
0.0
 40
1.0
 40
1.0
 40
1.0
 10
100.59446815783491
 20
281.0984447918241
 30
0.0
 10
100.50995969429324
 20
281.1699617189074
 30
0.0
 10
100.48397662137657
 20
281.2869278647408
 30
0.0
  0
SPLINE
  5
1D2
330
17
100
AcDbEntity
  8
ENGRAVE
100
AcDbSpline
 70
0
 71
2
 72
6
 73
3
 74
0
 40
0.0
 40
0.0
 40
0.0
 40
1.0
 40
1.0
 40
1.0
 10
100.34098508491824
 20
282.3529532553658
 30
0.0
 10
100.41897662137657
 20
282.6909447918241
 30
0.0
 10
100.50998085314741
 20
283.0614363282824
 30
0.0
  0
SPLINE
  5
1D3
330
17
100
AcDbEntity
  8
ENGRAVE
100
AcDbSpline
 70
0
 71
2
 72
6
 73
3
 74
0
 40
0.0
 40
0.0
 40
0.0
 40
1.0
 40
1.0
 40
1.0
 10
100.73098508491825
 20
281.0009447918241
 30
0.0
 10
100.67897662137658
 20
281.02692786474074
 30
0.0
 10
100.59446815783491
 20
281.0984447918241
 30
0.0
  0
SPLINE
  5
1D4
330
17
100
AcDbEntity
  8
ENGRAVE
100
AcDbSpline
 70
0
 71
2
 72
6
 73
3
 74
0
 40
0.0
 40
0.0
 40
0.0
 40
1.0
 40
1.0
 40
1.0
 10
100.50998085314741
 20
283.0614363282824
 30
0.0
 10
100.60098508491824
 20
283.43192786474077
 30
0.0
 10
100.68547238960574
 20
283.6984447918241
 30
0.0
  0
SPLINE
  5
1D5
330
17
100
AcDbEntity
  8
ENGRAVE
100
AcDbSpline
 70
0
 71
2
 72
6
 73
3
 74
0
 40
0.0
 40
0.0
 40
0.0
 40
1.0
 40
1.0
 40
1.0
 10
100.98446815783491
 20
281.07893632828245
 30
0.0
 10
100.83495969429325
 20
281.0009447918241
 30
0.0
 10
100.73098508491825
 20
281.0009447918241
 30
0.0
  0
SPLINE
  5
1D6
330
17
100
AcDbEntity
  8
ENGRAVE
100
AcDbSpline
 70
0
 71
2
 72
6
 73
3
 74
0
 40
0.0
 40
0.0
 40
0.0
 40
1.0
 40
1.0
 40
1.0
 10
100.68547238960574
 20
283.6984447918241
 30
0.0
 10
100.76995969429323
 20
283.96496171890743
 30
0.0
 10
100.80897662137657
 20
283.9909447918241
 30
0.0
  0
SPLINE
  5
1D7
330
17
100
AcDbEntity
  8
ENGRAVE
100
AcDbSpline
 70
0
 71
2
 72
6
 73
3
 74
0
 40
0.0
 40
0.0
 40
0.0
 40
1.0
 40
1.0
 40
1.0
 10
100.80897662137657
 20
283.9909447918241
 30
0.0
 10
100.80897662137657
 20
283.9909447918241
 30
0.0
 10
100.86096392606407
 20
284.10795325536577
 30
0.0
  0
SPLINE
  5
1D8
330
17
100
AcDbEntity
  8
ENGRAVE
100
AcDbSpline
 70
0
 71
2
 72
6
 73
3
 74
0
 40
0.0
 40
0.0
 40
0.0
 40
1.0
 40
1.0
 40
1.0
 10
100.89346392606407
 20
280.50692786474076
 30
0.0
 10
100.87397662137657
 20
280.57192786474076
 30
0.0
 10
100.8869681578349
 20
280.6239363282824
 30
0.0
  0
SPLINE
  5
1D9
330
17
100
AcDbEntity
  8
ENGRAVE
100
AcDbSpline
 70
0
 71
2
 72
6
 73
3
 74
0
 40
0.0
 40
0.0
 40
0.0
 40
1.0
 40
1.0
 40
1.0
 10
101.01696815783491
 20
280.32496171890745
 30
0.0
 10
100.91295123075157
 20
280.44192786474076
 30
0.0
 10
100.89346392606407
 20
280.50692786474076
 30
0.0
  0
SPLINE
  5
1DA
330
17
100
AcDbEntity
  8
ENGRAVE
100
AcDbSpline
 70
0
 71
2
 72
6
 73
3
 74
0
 40
0.0
 40
0.0
 40
0.0
 40
1.0
 40
1.0
 40
1.0
 10
100.86096392606407
 20
284.10795325536577
 30
0.0
 10
100.91295123075157
 20
284.2249617189074
 30
0.0
 10
100.91295123075157
 20
284.3809447918241
 30
0.0
  0
SPLINE
  5
1DB
330
17
100
AcDbEntity
  8
ENGRAVE
100
AcDbSpline
 70
0
 71
2
 72
6
 73
3
 74
0
 40
0.0
 40
0.0
 40
0.0
 40
1.0
 40
1.0
 40
1.0
 10
101.13397662137658
 20
281.20893632828245
 30
0.0
 10
101.13397662137658
 20
281.15692786474074
 30
0.0
 10
100.98446815783491
 20
281.07893632828245
 30
0.0
  0
SPLINE
  5
1DC
330
17
100
AcDbEntity
  8
ENGRAVE
100
AcDbSpline
 70
0
 71
2
 72
6
 73
3
 74
0
 40
0.0
 40
0.0
 40
0.0
 40
1.0
 40
1.0
 40
1.0
 10
100.91295123075157
 20
284.3809447918241
 30
0.0
 10
100.93897662137657
 20
284.5369278647408
 30
0.0
 10
100.99748085314741
 20
284.65393632828244
 30
0.0
  0
SPLINE
  5
1DD
330
17
100
AcDbEntity
  8
ENGRAVE
100
AcDbSpline
 70
0
 71
2
 72
6
 73
3
 74
0
 40
0.0
 40
0.0
 40
0.0
 40
1.0
 40
1.0
 40
1.0
 10
100.8869681578349
 20
280.6239363282824
 30
0.0
 10
100.95196815783491
 20
280.6239363282824
 30
0.0
 10
101.00397662137658
 20
280.6304320965116
 30
0.0
  0
SPLINE
  5
1DE
330
17
100
AcDbEntity
  8
ENGRAVE
100
AcDbSpline
 70
0
 71
2
 72
6
 73
3
 74
0
 40
0.0
 40
0.0
 40
0.0
 40
1.0
 40
1.0
 40
1.0
 10
101.2444681578349
 20
280.04545325536577
 30
0.0
 10
101.09495969429324
 20
280.1559447918241
 30
0.0
 10
101.01696815783491
 20
280.32496171890745
 30
0.0
  0
SPLINE
  5
1DF
330
17
100
AcDbEntity
  8
ENGRAVE
100
AcDbSpline
 70
0
 71
2
 72
6
 73
3
 74
0
 40
0.0
 40
0.0
 40
0.0
 40
1.0
 40
1.0
 40
1.0
 10
100.99748085314741
 20
284.65393632828244
 30
0.0
 10
101.05598508491823
 20
284.7709447918241
 30
0.0
 10
101.05598508491823
 20
284.82295325536575
 30
0.0
  0
SPLINE
  5
1E0
330
17
100
AcDbEntity
  8
ENGRAVE
100
AcDbSpline
 70
0
 71
2
 72
6
 73
3
 74
0
 40
0.0
 40
0.0
 40
0.0
 40
1.0
 40
1.0
 40
1.0
 10
101.00397662137658
 20
280.6304320965116
 30
0.0
 10
101.05598508491823
 20
280.63692786474076
 30
0.0
 10
101.06897662137658
 20
280.6759447918241
 30
0.0
  0
SPLINE
  5
1E1
330
17
100
AcDbEntity
  8
ENGRAVE
100
AcDbSpline
 70
0
 71
2
 72
6
 73
3
 74
0
 40
0.0
 40
0.0
 40
0.0
 40
1.0
 40
1.0
 40
1.0
 10
101.06897662137658
 20
280.6759447918241
 30
0.0
 10
101.06897662137658
 20
280.71496171890743
 30
0.0
 10
101.1144681578349
 20
280.7279532553658
 30
0.0
  0
SPLINE
  5
1E2
330
17
100
AcDbEntity
  8
ENGRAVE
100
AcDbSpline
 70
0
 71
2
 72
6
 73
3
 74
0
 40
0.0
 40
0.0
 40
0.0
 40
1.0
 40
1.0
 40
1.0
 10
101.31596392606407
 20
281.42344479182407
 30
0.0
 10
101.13397662137658
 20
281.20893632828245
 30
0.0
 10
101.13397662137658
 20
281.20893632828245
 30
0.0
  0
SPLINE
  5
1E3
330
17
100
AcDbEntity
  8
ENGRAVE
100
AcDbSpline
 70
0
 71
2
 72
6
 73
3
 74
0
 40
0.0
 40
0.0
 40
0.0
 40
1.0
 40
1.0
 40
1.0
 10
101.1144681578349
 20
280.7279532553658
 30
0.0
 10
101.15995969429324
 20
280.7409447918241
 30
0.0
 10
101.2119681578349
 20
280.7279532553658
 30
0.0
  0
SPLINE
  5
1E4
330
17
100
AcDbEntity
  8
ENGRAVE
100
AcDbSpline
 70
0
 71
2
 72
6
 73
3
 74
0
 40
0.0
 40
0.0
 40
0.0
 40
1.0
 40
1.0
 40
1.0
 10
101.05598508491823
 20
284.82295325536575
 30
0.0
 10
101.10795123075157
 20
284.8619278647408
 30
0.0
 10
101.2119681578349
 20
285.1349405600533
 30
0.0
  0
SPLINE
  5
1E5
330
17
100
AcDbEntity
  8
ENGRAVE
100
AcDbSpline
 70
0
 71
2
 72
6
 73
3
 74
0
 40
0.0
 40
0.0
 40
0.0
 40
1.0
 40
1.0
 40
1.0
 10
101.65397662137657
 20
279.90893632828244
 30
0.0
 10
101.39397662137657
 20
279.9349617189074
 30
0.0
 10
101.2444681578349
 20
280.04545325536577
 30
0.0
  0
SPLINE
  5
1E6
330
17
100
AcDbEntity
  8
ENGRAVE
100
AcDbSpline
 70
0
 71
2
 72
6
 73
3
 74
0
 40
0.0
 40
0.0
 40
0.0
 40
1.0
 40
1.0
 40
1.0
 10
101.65397662137657
 20
281.8459447918241
 30
0.0
 10
101.49795123075157
 20
281.63795325536574
 30
0.0
 10
101.31596392606407
 20
281.42344479182407
 30
0.0
  0
SPLINE
  5
1E7
330
17
100
AcDbEntity
  8
ENGRAVE
100
AcDbSpline
 70
0
 71
2
 72
6
 73
3
 74
0
 40
0.0
 40
0.0
 40
0.0
 40
1.0
 40
1.0
 40
1.0
 10
101.2119681578349
 20
285.1349405600533
 30
0.0
 10
101.31598508491824
 20
285.4079532553658
 30
0.0
 10
101.47196815783491
 20
285.8499617189074
 30
0.0
  0
SPLINE
  5
1E8
330
17
100
AcDbEntity
  8
ENGRAVE
100
AcDbSpline
 70
0
 71
2
 72
6
 73
3
 74
0
 40
0.0
 40
0.0
 40
0.0
 40
1.0
 40
1.0
 40
1.0
 10
101.47196815783491
 20
285.8499617189074
 30
0.0
 10
101.47196815783491
 20
285.88893632828245
 30
0.0
 10
101.56297238960573
 20
286.1034447918241
 30
0.0
  0
SPLINE
  5
1E9
330
17
100
AcDbEntity
  8
ENGRAVE
100
AcDbSpline
 70
0
 71
2
 72
6
 73
3
 74
0
 40
0.0
 40
0.0
 40
0.0
 40
1.0
 40
1.0
 40
1.0
 10
101.95295123075158
 20
279.96746171890743
 30
0.0
 10
101.75795123075157
 20
279.9349617189074
 30
0.0
 10
101.65397662137657
 20
279.90893632828244
 30
0.0
  0
SPLINE
  5
1EA
330
17
100
AcDbEntity
  8
ENGRAVE
100
AcDbSpline
 70
0
 71
2
 72
6
 73
3
 74
0
 40
0.0
 40
0.0
 40
0.0
 40
1.0
 40
1.0
 40
1.0
 10
102.27797238960574
 20
282.5219490235949
 30
0.0
 10
101.93995969429324
 20
282.2229532553658
 30
0.0
 10
101.65397662137657
 20
281.8459447918241
 30
0.0
  0
SPLINE
  5
1EB
330
17
100
AcDbEntity
  8
ENGRAVE
100
AcDbSpline
 70
0
 71
2
 72
6
 73
3
 74
0
 40
0.0
 40
0.0
 40
0.0
 40
1.0
 40
1.0
 40
1.0
 10
101.9724808531474
 20
284.1209447918241
 30
0.0
 10
101.84897662137658
 20
283.7439363282824
 30
0.0
 10
101.71897662137657
 20
283.4059447918241
 30
0.0
  0
SPLINE
  5
1EC
330
17
100
AcDbEntity
  8
ENGRAVE
100
AcDbSpline
 70
0
 71
2
 72
6
 73
3
 74
0
 40
0.0
 40
0.0
 40
0.0
 40
1.0
 40
1.0
 40
1.0
 10
101.56297238960573
 20
286.1034447918241
 30
0.0
 10
101.65397662137657
 20
286.31795325536575
 30
0.0
 10
101.78397662137657
 20
286.61045325536577
 30
0.0
  0
SPLINE
  5
1ED
330
17
100
AcDbEntity
  8
ENGRAVE
100
AcDbSpline
 70
0
 71
2
 72
6
 73
3
 74
0
 40
0.0
 40
0.0
 40
0.0
 40
1.0
 40
1.0
 40
1.0
 10
101.2119681578349
 20
280.7279532553658
 30
0.0
 10
101.45897662137658
 20
280.71496171890743
 30
0.0
 10
101.81647662137658
 20
280.8969490235949
 30
0.0
  0
SPLINE
  5
1EE
330
17
100
AcDbEntity
  8
ENGRAVE
100
AcDbSpline
 70
0
 71
2
 72
6
 73
3
 74
0
 40
0.0
 40
0.0
 40
0.0
 40
1.0
 40
1.0
 40
1.0
 10
102.25196815783491
 20
280.01295325536574
 30
0.0
 10
102.14795123075157
 20
279.9999617189074
 30
0.0
 10
101.95295123075158
 20
279.96746171890743
 30
0.0
  0
SPLINE
  5
1EF
330
17
100
AcDbEntity
  8
ENGRAVE
100
AcDbSpline
 70
0
 71
2
 72
6
 73
3
 74
0
 40
0.0
 40
0.0
 40
0.0
 40
1.0
 40
1.0
 40
1.0
 10
102.2974808531474
 20
285.01795325536574
 30
0.0
 10
102.09598508491824
 20
284.49795325536576
 30
0.0
 10
101.9724808531474
 20
284.1209447918241
 30
0.0
  0
SPLINE
  5
1F0
330
17
100
AcDbEntity
  8
ENGRAVE
100
AcDbSpline
 70
0
 71
2
 72
6
 73
3
 74
0
 40
0.0
 40
0.0
 40
0.0
 40
1.0
 40
1.0
 40
1.0
 10
101.78397662137657
 20
286.61045325536577
 30
0.0
 10
101.91397662137658
 20
286.9029532553658
 30
0.0
 10
102.05047238960574
 20
287.2214574871366
 30
0.0
  0
SPLINE
  5
1F1
330
17
100
AcDbEntity
  8
ENGRAVE
100
AcDbSpline
 70
0
 71
2
 72
6
 73
3
 74
0
 40
0.0
 40
0.0
 40
0.0
 40
1.0
 40
1.0
 40
1.0
 10
102.8174808531474
 20
280.2794490235949
 30
0.0
 10
102.48598508491824
 20
280.0909447918241
 30
0.0
 10
102.25196815783491
 20
280.01295325536574
 30
0.0
  0
SPLINE
  5
1F2
330
17
100
AcDbEntity
  8
ENGRAVE
100
AcDbSpline
 70
0
 71
2
 72
6
 73
3
 74
0
 40
0.0
 40
0.0
 40
0.0
 40
1.0
 40
1.0
 40
1.0
 10
101.9919681578349
 20
283.49692786474077
 30
0.0
 10
102.12196815783491
 20
283.62692786474076
 30
0.0
 10
102.26495969429324
 20
283.7439363282824
 30
0.0
  0
SPLINE
  5
1F3
330
17
100
AcDbEntity
  8
ENGRAVE
100
AcDbSpline
 70
0
 71
2
 72
6
 73
3
 74
0
 40
0.0
 40
0.0
 40
0.0
 40
1.0
 40
1.0
 40
1.0
 10
102.05047238960574
 20
287.2214574871366
 30
0.0
 10
102.18696815783491
 20
287.5399617189074
 30
0.0
 10
102.27795123075157
 20
287.7869278647408
 30
0.0
  0
SPLINE
  5
1F4
330
17
100
AcDbEntity
  8
ENGRAVE
100
AcDbSpline
 70
0
 71
2
 72
6
 73
3
 74
0
 40
0.0
 40
0.0
 40
0.0
 40
1.0
 40
1.0
 40
1.0
 10
103.17495969429324
 20
283.1719278647408
 30
0.0
 10
102.61598508491824
 20
282.8209447918241
 30
0.0
 10
102.27797238960574
 20
282.5219490235949
 30
0.0
  0
SPLINE
  5
1F5
330
17
100
AcDbEntity
  8
ENGRAVE
100
AcDbSpline
 70
0
 71
2
 72
6
 73
3
 74
0
 40
0.0
 40
0.0
 40
0.0
 40
1.0
 40
1.0
 40
1.0
 10
102.86295123075158
 20
286.31795325536575
 30
0.0
 10
102.49897662137657
 20
285.5379532553658
 30
0.0
 10
102.2974808531474
 20
285.01795325536574
 30
0.0
  0
SPLINE
  5
1F6
330
17
100
AcDbEntity
  8
ENGRAVE
100
AcDbSpline
 70
0
 71
2
 72
6
 73
3
 74
0
 40
0.0
 40
0.0
 40
0.0
 40
1.0
 40
1.0
 40
1.0
 10
102.27795123075157
 20
287.7869278647408
 30
0.0
 10
102.43397662137657
 20
288.00795325536575
 30
0.0
 10
102.54446815783491
 20
288.23545325536577
 30
0.0
  0
SPLINE
  5
1F7
330
17
100
AcDbEntity
  8
ENGRAVE
100
AcDbSpline
 70
0
 71
2
 72
6
 73
3
 74
0
 40
0.0
 40
0.0
 40
0.0
 40
1.0
 40
1.0
 40
1.0
 10
102.26495969429324
 20
283.7439363282824
 30
0.0
 10
102.40795123075158
 20
283.86094479182407
 30
0.0
 10
102.57696815783491
 20
283.9779532553658
 30
0.0
  0
SPLINE
  5
1F8
330
17
100
AcDbEntity
  8
ENGRAVE
100
AcDbSpline
 70
0
 71
2
 72
6
 73
3
 74
0
 40
0.0
 40
0.0
 40
0.0
 40
1.0
 40
1.0
 40
1.0
 10
101.81647662137658
 20
280.8969490235949
 30
0.0
 10
102.17397662137657
 20
281.07893632828245
 30
0.0
 10
102.60297238960574
 20
281.4104320965116
 30
0.0
  0
SPLINE
  5
1F9
330
17
100
AcDbEntity
  8
ENGRAVE
100
AcDbSpline
 70
0
 71
2
 72
6
 73
3
 74
0
 40
0.0
 40
0.0
 40
0.0
 40
1.0
 40
1.0
 40
1.0
 10
102.54446815783491
 20
288.23545325536577
 30
0.0
 10
102.65495969429324
 20
288.46295325536573
 30
0.0
 10
102.74598508491825
 20
288.50192786474076
 30
0.0
  0
SPLINE
  5
1FA
330
17
100
AcDbEntity
  8
ENGRAVE
100
AcDbSpline
 70
0
 71
2
 72
6
 73
3
 74
0
 40
0.0
 40
0.0
 40
0.0
 40
1.0
 40
1.0
 40
1.0
 10
103.48696815783491
 20
280.7084447918241
 30
0.0
 10
103.14897662137658
 20
280.4679532553658
 30
0.0
 10
102.8174808531474
 20
280.2794490235949
 30
0.0
  0
SPLINE
  5
1FB
330
17
100
AcDbEntity
  8
ENGRAVE
100
AcDbSpline
 70
0
 71
2
 72
6
 73
3
 74
0
 40
0.0
 40
0.0
 40
0.0
 40
1.0
 40
1.0
 40
1.0
 10
102.57696815783491
 20
283.9779532553658
 30
0.0
 10
102.68098508491823
 20
284.0559447918241
 30
0.0
 10
102.85647662137657
 20
284.14045325536574
 30
0.0
  0
SPLINE
  5
1FC
330
17
100
AcDbEntity
  8
ENGRAVE
100
AcDbSpline
 70
0
 71
2
 72
6
 73
3
 74
0
 40
0.0
 40
0.0
 40
0.0
 40
1.0
 40
1.0
 40
1.0
 10
103.30498085314741
 20
287.24744056005324
 30
0.0
 10
103.14897662137658
 20
286.9159447918241
 30
0.0
 10
102.86295123075158
 20
286.31795325536575
 30
0.0
  0
SPLINE
  5
1FD
330
17
100
AcDbEntity
  8
ENGRAVE
100
AcDbSpline
 70
0
 71
2
 72
6
 73
3
 74
0
 40
0.0
 40
0.0
 40
0.0
 40
1.0
 40
1.0
 40
1.0
 10
102.74598508491825
 20
288.50192786474076
 30
0.0
 10
102.81098508491824
 20
288.51496171890744
 30
0.0
 10
102.97348508491824
 20
288.44996171890745
 30
0.0
  0
SPLINE
  5
1FE
330
17
100
AcDbEntity
  8
ENGRAVE
100
AcDbSpline
 70
0
 71
2
 72
6
 73
3
 74
0
 40
0.0
 40
0.0
 40
0.0
 40
1.0
 40
1.0
 40
1.0
 10
103.77295123075157
 20
283.43192786474077
 30
0.0
 10
103.57795123075158
 20
283.43192786474077
 30
0.0
 10
103.17495969429324
 20
283.1719278647408
 30
0.0
  0
SPLINE
  5
1FF
330
17
100
AcDbEntity
  8
ENGRAVE
100
AcDbSpline
 70
0
 71
2
 72
6
 73
3
 74
0
 40
0.0
 40
0.0
 40
0.0
 40
1.0
 40
1.0
 40
1.0
 10
102.85647662137657
 20
284.14045325536574
 30
0.0
 10
103.03196815783491
 20
284.2249617189074
 30
0.0
 10
103.20096392606408
 20
284.2899617189074
 30
0.0
  0
SPLINE
  5
200
330
17
100
AcDbEntity
  8
ENGRAVE
100
AcDbSpline
 70
0
 71
2
 72
6
 73
3
 74
0
 40
0.0
 40
0.0
 40
0.0
 40
1.0
 40
1.0
 40
1.0
 10
103.52598508491823
 20
287.7284447918241
 30
0.0
 10
103.46098508491824
 20
287.57893632828245
 30
0.0
 10
103.30498085314741
 20
287.24744056005324
 30
0.0
  0
SPLINE
  5
201
330
17
100
AcDbEntity
  8
ENGRAVE
100
AcDbSpline
 70
0
 71
2
 72
6
 73
3
 74
0
 40
0.0
 40
0.0
 40
0.0
 40
1.0
 40
1.0
 40
1.0
 10
102.97348508491824
 20
288.44996171890745
 30
0.0
 10
103.13598508491825
 20
288.38496171890745
 30
0.0
 10
103.30498085314741
 20
288.2809447918241
 30
0.0
  0
SPLINE
  5
202
330
17
100
AcDbEntity
  8
ENGRAVE
100
AcDbSpline
 70
0
 71
2
 72
6
 73
3
 74
0
 40
0.0
 40
0.0
 40
0.0
 40
1.0
 40
1.0
 40
1.0
 10
103.20096392606408
 20
284.2899617189074
 30
0.0
 10
103.36995969429324
 20
284.3549617189074
 30
0.0
 10
103.44795123075157
 20
284.36795325536576
 30
0.0
  0
SPLINE
  5
203
330
17
100
AcDbEntity
  8
ENGRAVE
100
AcDbSpline
 70
0
 71
2
 72
6
 73
3
 74
0
 40
0.0
 40
0.0
 40
0.0
 40
1.0
 40
1.0
 40
1.0
 10
102.60297238960574
 20
281.4104320965116
 30
0.0
 10
103.03196815783491
 20
281.7419278647408
 30
0.0
 10
103.46098508491824
 20
282.13192786474076
 30
0.0
  0
SPLINE
  5
204
330
17
100
AcDbEntity
  8
ENGRAVE
100
AcDbSpline
 70
0
 71
2
 72
6
 73
3
 74
0
 40
0.0
 40
0.0
 40
0.0
 40
1.0
 40
1.0
 40
1.0
 10
104.05897662137657
 20
281.1959447918241
 30
0.0
 10
103.82495969429324
 20
280.9489363282824
 30
0.0
 10
103.48696815783491
 20
280.7084447918241
 30
0.0
  0
SPLINE
  5
205
330
17
100
AcDbEntity
  8
ENGRAVE
100
AcDbSpline
 70
0
 71
2
 72
6
 73
3
 74
0
 40
0.0
 40
0.0
 40
0.0
 40
1.0
 40
1.0
 40
1.0
 10
103.5844681578349
 20
287.94295325536575
 30
0.0
 10
103.59098508491824
 20
287.87795325536575
 30
0.0
 10
103.52598508491823
 20
287.7284447918241
 30
0.0
  0
SPLINE
  5
206
330
17
100
AcDbEntity
  8
ENGRAVE
100
AcDbSpline
 70
0
 71
2
 72
6
 73
3
 74
0
 40
0.0
 40
0.0
 40
0.0
 40
1.0
 40
1.0
 40
1.0
 10
103.30498085314741
 20
288.2809447918241
 30
0.0
 10
103.47397662137658
 20
288.1769278647408
 30
0.0
 10
103.53897662137658
 20
288.07295325536575
 30
0.0
  0
SPLINE
  5
207
330
17
100
AcDbEntity
  8
ENGRAVE
100
AcDbSpline
 70
0
 71
2
 72
6
 73
3
 74
0
 40
0.0
 40
0.0
 40
0.0
 40
1.0
 40
1.0
 40
1.0
 10
103.53897662137658
 20
288.07295325536575
 30
0.0
 10
103.57795123075158
 20
288.00795325536575
 30
0.0
 10
103.5844681578349
 20
287.94295325536575
 30
0.0
  0
SPLINE
  5
208
330
17
100
AcDbEntity
  8
ENGRAVE
100
AcDbSpline
 70
0
 71
2
 72
6
 73
3
 74
0
 40
0.0
 40
0.0
 40
0.0
 40
1.0
 40
1.0
 40
1.0
 10
103.44795123075157
 20
284.36795325536576
 30
0.0
 10
103.48696815783491
 20
284.3809447918241
 30
0.0
 10
103.7144681578349
 20
284.4264363282824
 30
0.0
  0
SPLINE
  5
209
330
17
100
AcDbEntity
  8
ENGRAVE
100
AcDbSpline
 70
0
 71
2
 72
6
 73
3
 74
0
 40
0.0
 40
0.0
 40
0.0
 40
1.0
 40
1.0
 40
1.0
 10
104.01995969429323
 20
283.32795325536574
 30
0.0
 10
103.96795123075157
 20
283.43192786474077
 30
0.0
 10
103.77295123075157
 20
283.43192786474077
 30
0.0
  0
SPLINE
  5
20A
330
17
100
AcDbEntity
  8
ENGRAVE
100
AcDbSpline
 70
0
 71
2
 72
6
 73
3
 74
0
 40
0.0
 40
0.0
 40
0.0
 40
1.0
 40
1.0
 40
1.0
 10
103.46098508491824
 20
282.13192786474076
 30
0.0
 10
103.79897662137657
 20
282.5739363282824
 30
0.0
 10
103.93547238960574
 20
282.7819490235949
 30
0.0
  0
SPLINE
  5
20B
330
17
100
AcDbEntity
  8
ENGRAVE
100
AcDbSpline
 70
0
 71
2
 72
6
 73
3
 74
0
 40
0.0
 40
0.0
 40
0.0
 40
1.0
 40
1.0
 40
1.0
 10
104.07846392606407
 20
283.1004532553658
 30
0.0
 10
104.08495969429325
 20
283.2109447918241
 30
0.0
 10
104.01995969429323
 20
283.32795325536574
 30
0.0
  0
SPLINE
  5
20C
330
17
100
AcDbEntity
  8
ENGRAVE
100
AcDbSpline
 70
0
 71
2
 72
6
 73
3
 74
0
 40
0.0
 40
0.0
 40
0.0
 40
1.0
 40
1.0
 40
1.0
 10
104.50096392606407
 20
281.72244056005326
 30
0.0
 10
104.27995969429324
 20
281.44295325536575
 30
0.0
 10
104.05897662137657
 20
281.1959447918241
 30
0.0
  0
SPLINE
  5
20D
330
17
100
AcDbEntity
  8
ENGRAVE
100
AcDbSpline
 70
0
 71
2
 72
6
 73
3
 74
0
 40
0.0
 40
0.0
 40
0.0
 40
1.0
 40
1.0
 40
1.0
 10
103.93547238960574
 20
282.7819490235949
 30
0.0
 10
104.0719681578349
 20
282.9899617189074
 30
0.0
 10
104.07846392606407
 20
283.1004532553658
 30
0.0
  0
SPLINE
  5
20E
330
17
100
AcDbEntity
  8
ENGRAVE
100
AcDbSpline
 70
0
 71
2
 72
6
 73
3
 74
0
 40
0.0
 40
0.0
 40
0.0
 40
1.0
 40
1.0
 40
1.0
 10
103.7144681578349
 20
284.4264363282824
 30
0.0
 10
103.9419681578349
 20
284.47192786474074
 30
0.0
 10
104.16295123075157
 20
284.47192786474074
 30
0.0
  0
SPLINE
  5
20F
330
17
100
AcDbEntity
  8
ENGRAVE
100
AcDbSpline
 70
0
 71
2
 72
6
 73
3
 74
0
 40
0.0
 40
0.0
 40
0.0
 40
1.0
 40
1.0
 40
1.0
 10
104.73495969429324
 20
282.0929532553658
 30
0.0
 10
104.72196815783491
 20
282.00192786474076
 30
0.0
 10
104.50096392606407
 20
281.72244056005326
 30
0.0
  0
SPLINE
  5
210
330
17
100
AcDbEntity
  8
ENGRAVE
100
AcDbSpline
 70
0
 71
2
 72
6
 73
3
 74
0
 40
0.0
 40
0.0
 40
0.0
 40
1.0
 40
1.0
 40
1.0
 10
104.16295123075157
 20
284.47192786474074
 30
0.0
 10
104.44897662137657
 20
284.47192786474074
 30
0.0
 10
104.66346392606407
 20
284.27043209651157
 30
0.0
  0
SPLINE
  5
211
330
17
100
AcDbEntity
  8
ENGRAVE
100
AcDbSpline
 70
0
 71
2
 72
6
 73
3
 74
0
 40
0.0
 40
0.0
 40
0.0
 40
1.0
 40
1.0
 40
1.0
 10
104.79995969429324
 20
282.22944902359495
 30
0.0
 10
104.73495969429324
 20
282.14496171890744
 30
0.0
 10
104.73495969429324
 20
282.0929532553658
 30
0.0
  0
SPLINE
  5
212
330
17
100
AcDbEntity
  8
ENGRAVE
100
AcDbSpline
 70
0
 71
2
 72
6
 73
3
 74
0
 40
0.0
 40
0.0
 40
0.0
 40
1.0
 40
1.0
 40
1.0
 10
104.92995969429325
 20
282.3659447918241
 30
0.0
 10
104.86495969429323
 20
282.3139363282824
 30
0.0
 10
104.79995969429324
 20
282.22944902359495
 30
0.0
  0
SPLINE
  5
213
330
17
100
AcDbEntity
  8
ENGRAVE
100
AcDbSpline
 70
0
 71
2
 72
6
 73
3
 74
0
 40
0.0
 40
0.0
 40
0.0
 40
1.0
 40
1.0
 40
1.0
 10
105.15096392606408
 20
283.08746171890743
 30
0.0
 10
105.11196815783491
 20
282.6649617189074
 30
0.0
 10
104.92995969429325
 20
282.3659447918241
 30
0.0
  0
SPLINE
  5
214
330
17
100
AcDbEntity
  8
ENGRAVE
100
AcDbSpline
 70
0
 71
2
 72
6
 73
3
 74
0
 40
0.0
 40
0.0
 40
0.0
 40
1.0
 40
1.0
 40
1.0
 10
104.66346392606407
 20
284.27043209651157
 30
0.0
 10
104.87795123075158
 20
284.0689363282824
 30
0.0
 10
105.04696815783491
 20
283.7829532553658
 30
0.0
  0
SPLINE
  5
215
330
17
100
AcDbEntity
  8
ENGRAVE
100
AcDbSpline
 70
0
 71
2
 72
6
 73
3
 74
0
 40
0.0
 40
0.0
 40
0.0
 40
1.0
 40
1.0
 40
1.0
 10
105.04696815783491
 20
283.7829532553658
 30
0.0
 10
105.18995969429324
 20
283.50996171890745
 30
0.0
 10
105.15096392606408
 20
283.08746171890743
 30
0.0
  0
SPLINE
  5
216
330
17
100
AcDbEntity
  8
ENGRAVE
100
AcDbSpline
 70
0
 71
2
 72
6
 73
3
 74
0
 40
0.0
 40
0.0
 40
0.0
 40
1.0
 40
1.0
 40
1.0
 10
105.64495969429323
 20
281.5469278647408
 30
0.0
 10
105.57995969429324
 20
281.6119278647408
 30
0.0
 10
105.60596392606408
 20
281.6314363282824
 30
0.0
  0
SPLINE
  5
217
330
17
100
AcDbEntity
  8
ENGRAVE
100
AcDbSpline
 70
0
 71
2
 72
6
 73
3
 74
0
 40
0.0
 40
0.0
 40
0.0
 40
1.0
 40
1.0
 40
1.0
 10
105.7294681578349
 20
280.7279320965116
 30
0.0
 10
105.57995969429324
 20
281.02692786474074
 30
0.0
 10
105.61897662137658
 20
281.24795325536576
 30
0.0
  0
SPLINE
  5
218
330
17
100
AcDbEntity
  8
ENGRAVE
100
AcDbSpline
 70
0
 71
2
 72
6
 73
3
 74
0
 40
0.0
 40
0.0
 40
0.0
 40
1.0
 40
1.0
 40
1.0
 10
105.65147662137657
 20
281.44942786474076
 30
0.0
 10
105.64495969429323
 20
281.5469278647408
 30
0.0
 10
105.64495969429323
 20
281.5469278647408
 30
0.0
  0
SPLINE
  5
219
330
17
100
AcDbEntity
  8
ENGRAVE
100
AcDbSpline
 70
0
 71
2
 72
6
 73
3
 74
0
 40
0.0
 40
0.0
 40
0.0
 40
1.0
 40
1.0
 40
1.0
 10
105.61897662137658
 20
281.24795325536576
 30
0.0
 10
105.65799354845991
 20
281.3519278647408
 30
0.0
 10
105.65147662137657
 20
281.44942786474076
 30
0.0
  0
SPLINE
  5
21A
330
17
100
AcDbEntity
  8
ENGRAVE
100
AcDbSpline
 70
0
 71
2
 72
6
 73
3
 74
0
 40
0.0
 40
0.0
 40
0.0
 40
1.0
 40
1.0
 40
1.0
 10
105.60596392606408
 20
281.6314363282824
 30
0.0
 10
105.6319681578349
 20
281.6509447918241
 30
0.0
 10
105.65799354845991
 20
281.70295325536574
 30
0.0
  0
SPLINE
  5
21B
330
17
100
AcDbEntity
  8
ENGRAVE
100
AcDbSpline
 70
0
 71
2
 72
6
 73
3
 74
0
 40
0.0
 40
0.0
 40
0.0
 40
1.0
 40
1.0
 40
1.0
 10
105.65799354845991
 20
281.70295325536574
 30
0.0
 10
105.73598508491824
 20
281.70295325536574
 30
0.0
 10
105.70995969429325
 20
281.8459447918241
 30
0.0
  0
SPLINE
  5
21C
330
17
100
AcDbEntity
  8
ENGRAVE
100
AcDbSpline
 70
0
 71
2
 72
6
 73
3
 74
0
 40
0.0
 40
0.0
 40
0.0
 40
1.0
 40
1.0
 40
1.0
 10
106.12598508491824
 20
280.1689363282824
 30
0.0
 10
105.87897662137658
 20
280.4289363282824
 30
0.0
 10
105.7294681578349
 20
280.7279320965116
 30
0.0
  0
SPLINE
  5
21D
330
17
100
AcDbEntity
  8
ENGRAVE
100
AcDbSpline
 70
0
 71
2
 72
6
 73
3
 74
0
 40
0.0
 40
0.0
 40
0.0
 40
1.0
 40
1.0
 40
1.0
 10
105.70995969429325
 20
281.8459447918241
 30
0.0
 10
105.68397662137657
 20
281.94996171890745
 30
0.0
 10
105.79446815783491
 20
282.29444902359495
 30
0.0
  0
SPLINE
  5
21E
330
17
100
AcDbEntity
  8
ENGRAVE
100
AcDbSpline
 70
0
 71
2
 72
6
 73
3
 74
0
 40
0.0
 40
0.0
 40
0.0
 40
1.0
 40
1.0
 40
1.0
 10
105.79446815783491
 20
282.29444902359495
 30
0.0
 10
105.90495969429324
 20
282.63893632828245
 30
0.0
 10
106.09995969429325
 20
282.9509447918241
 30
0.0
  0
SPLINE
  5
21F
330
17
100
AcDbEntity
  8
ENGRAVE
100
AcDbSpline
 70
0
 71
2
 72
6
 73
3
 74
0
 40
0.0
 40
0.0
 40
0.0
 40
1.0
 40
1.0
 40
1.0
 10
106.36647662137658
 20
279.9869278647408
 30
0.0
 10
106.26897662137657
 20
280.0519278647408
 30
0.0
 10
106.12598508491824
 20
280.1689363282824
 30
0.0
  0
SPLINE
  5
220
330
17
100
AcDbEntity
  8
ENGRAVE
100
AcDbSpline
 70
0
 71
2
 72
6
 73
3
 74
0
 40
0.0
 40
0.0
 40
0.0
 40
1.0
 40
1.0
 40
1.0
 10
106.09995969429325
 20
282.9509447918241
 30
0.0
 10
106.17799354845991
 20
283.0809447918241
 30
0.0
 10
106.33397662137658
 20
283.29545325536577
 30
0.0
  0
SPLINE
  5
221
330
17
100
AcDbEntity
  8
ENGRAVE
100
AcDbSpline
 70
0
 71
2
 72
6
 73
3
 74
0
 40
0.0
 40
0.0
 40
0.0
 40
1.0
 40
1.0
 40
1.0
 10
106.63299354845991
 20
279.9219278647408
 30
0.0
 10
106.46397662137657
 20
279.9219278647408
 30
0.0
 10
106.36647662137658
 20
279.9869278647408
 30
0.0
  0
SPLINE
  5
222
330
17
100
AcDbEntity
  8
ENGRAVE
100
AcDbSpline
 70
0
 71
2
 72
6
 73
3
 74
0
 40
0.0
 40
0.0
 40
0.0
 40
1.0
 40
1.0
 40
1.0
 10
107.24397662137658
 20
279.98694902359495
 30
0.0
 10
106.9319681578349
 20
279.94795325536575
 30
0.0
 10
106.63299354845991
 20
279.9219278647408
 30
0.0
  0
SPLINE
  5
223
330
17
100
AcDbEntity
  8
ENGRAVE
100
AcDbSpline
 70
0
 71
2
 72
6
 73
3
 74
0
 40
0.0
 40
0.0
 40
0.0
 40
1.0
 40
1.0
 40
1.0
 10
106.33397662137658
 20
283.29545325536577
 30
0.0
 10
106.48995969429323
 20
283.50996171890745
 30
0.0
 10
106.67846392606407
 20
283.7244490235949
 30
0.0
  0
SPLINE
  5
224
330
17
100
AcDbEntity
  8
ENGRAVE
100
AcDbSpline
 70
0
 71
2
 72
6
 73
3
 74
0
 40
0.0
 40
0.0
 40
0.0
 40
1.0
 40
1.0
 40
1.0
 10
107.36748085314741
 20
282.69746171890745
 30
0.0
 10
107.03598508491824
 20
282.27496171890743
 30
0.0
 10
106.90598508491824
 20
281.66393632828243
 30
0.0
  0
SPLINE
  5
225
330
17
100
AcDbEntity
  8
ENGRAVE
100
AcDbSpline
 70
0
 71
2
 72
6
 73
3
 74
0
 40
0.0
 40
0.0
 40
0.0
 40
1.0
 40
1.0
 40
1.0
 10
106.67846392606407
 20
283.7244490235949
 30
0.0
 10
106.8669681578349
 20
283.9389363282824
 30
0.0
 10
107.02299354845991
 20
284.0689363282824
 30
0.0
  0
SPLINE
  5
226
330
17
100
AcDbEntity
  8
ENGRAVE
100
AcDbSpline
 70
0
 71
2
 72
6
 73
3
 74
0
 40
0.0
 40
0.0
 40
0.0
 40
1.0
 40
1.0
 40
1.0
 10
106.90598508491824
 20
281.66393632828243
 30
0.0
 10
106.85397662137657
 20
281.18295325536576
 30
0.0
 10
107.12696815783491
 20
281.0789574871366
 30
0.0
  0
SPLINE
  5
227
330
17
100
AcDbEntity
  8
ENGRAVE
100
AcDbSpline
 70
0
 71
2
 72
6
 73
3
 74
0
 40
0.0
 40
0.0
 40
0.0
 40
1.0
 40
1.0
 40
1.0
 10
107.82897662137657
 20
280.20795325536574
 30
0.0
 10
107.55598508491823
 20
280.0259447918241
 30
0.0
 10
107.24397662137658
 20
279.98694902359495
 30
0.0
  0
SPLINE
  5
228
330
17
100
AcDbEntity
  8
ENGRAVE
100
AcDbSpline
 70
0
 71
2
 72
6
 73
3
 74
0
 40
0.0
 40
0.0
 40
0.0
 40
1.0
 40
1.0
 40
1.0
 10
108.08897662137657
 20
283.44496171890745
 30
0.0
 10
107.69897662137657
 20
283.1199617189074
 30
0.0
 10
107.36748085314741
 20
282.69746171890745
 30
0.0
  0
SPLINE
  5
229
330
17
100
AcDbEntity
  8
ENGRAVE
100
AcDbSpline
 70
0
 71
2
 72
6
 73
3
 74
0
 40
0.0
 40
0.0
 40
0.0
 40
1.0
 40
1.0
 40
1.0
 10
107.02299354845991
 20
284.0689363282824
 30
0.0
 10
107.34799354845991
 20
284.34192786474074
 30
0.0
 10
107.6274808531474
 20
284.5109447918241
 30
0.0
  0
SPLINE
  5
22A
330
17
100
AcDbEntity
  8
ENGRAVE
100
AcDbSpline
 70
0
 71
2
 72
6
 73
3
 74
0
 40
0.0
 40
0.0
 40
0.0
 40
1.0
 40
1.0
 40
1.0
 10
108.51797238960575
 20
280.6889363282824
 30
0.0
 10
108.20598508491824
 20
280.4289363282824
 30
0.0
 10
107.82897662137657
 20
280.20795325536574
 30
0.0
  0
SPLINE
  5
22B
330
17
100
AcDbEntity
  8
ENGRAVE
100
AcDbSpline
 70
0
 71
2
 72
6
 73
3
 74
0
 40
0.0
 40
0.0
 40
0.0
 40
1.0
 40
1.0
 40
1.0
 10
107.12696815783491
 20
281.0789574871366
 30
0.0
 10
107.39995969429324
 20
280.9749617189074
 30
0.0
 10
107.95897662137658
 20
281.50795325536575
 30
0.0
  0
SPLINE
  5
22C
330
17
100
AcDbEntity
  8
ENGRAVE
100
AcDbSpline
 70
0
 71
2
 72
6
 73
3
 74
0
 40
0.0
 40
0.0
 40
0.0
 40
1.0
 40
1.0
 40
1.0
 10
108.38797238960574
 20
283.62045325536576
 30
0.0
 10
108.27098508491824
 20
283.57496171890745
 30
0.0
 10
108.08897662137657
 20
283.44496171890745
 30
0.0
  0
SPLINE
  5
22D
330
17
100
AcDbEntity
  8
ENGRAVE
100
AcDbSpline
 70
0
 71
2
 72
6
 73
3
 74
0
 40
0.0
 40
0.0
 40
0.0
 40
1.0
 40
1.0
 40
1.0
 10
107.6274808531474
 20
284.5109447918241
 30
0.0
 10
107.90696815783491
 20
284.6799617189074
 30
0.0
 10
108.19299354845991
 20
284.7449617189074
 30
0.0
  0
SPLINE
  5
22E
330
17
100
AcDbEntity
  8
ENGRAVE
100
AcDbSpline
 70
0
 71
2
 72
6
 73
3
 74
0
 40
0.0
 40
0.0
 40
0.0
 40
1.0
 40
1.0
 40
1.0
 10
107.95897662137658
 20
281.50795325536575
 30
0.0
 10
108.24495969429324
 20
281.75496171890745
 30
0.0
 10
108.36846392606407
 20
282.0539574871366
 30
0.0
  0
SPLINE
  5
22F
330
17
100
AcDbEntity
  8
ENGRAVE
100
AcDbSpline
 70
0
 71
2
 72
6
 73
3
 74
0
 40
0.0
 40
0.0
 40
0.0
 40
1.0
 40
1.0
 40
1.0
 10
108.62196815783491
 20
283.57496171890745
 30
0.0
 10
108.50495969429323
 20
283.6659447918241
 30
0.0
 10
108.38797238960574
 20
283.62045325536576
 30
0.0
  0
SPLINE
  5
230
330
17
100
AcDbEntity
  8
ENGRAVE
100
AcDbSpline
 70
0
 71
2
 72
6
 73
3
 74
0
 40
0.0
 40
0.0
 40
0.0
 40
1.0
 40
1.0
 40
1.0
 10
109.15495969429324
 20
281.4169278647408
 30
0.0
 10
108.82995969429324
 20
280.9489363282824
 30
0.0
 10
108.51797238960575
 20
280.6889363282824
 30
0.0
  0
SPLINE
  5
231
330
17
100
AcDbEntity
  8
ENGRAVE
100
AcDbSpline
 70
0
 71
2
 72
6
 73
3
 74
0
 40
0.0
 40
0.0
 40
0.0
 40
1.0
 40
1.0
 40
1.0
 10
108.71297238960574
 20
283.3734447918241
 30
0.0
 10
108.69995969429324
 20
283.5489363282824
 30
0.0
 10
108.62196815783491
 20
283.57496171890745
 30
0.0
  0
SPLINE
  5
232
330
17
100
AcDbEntity
  8
ENGRAVE
100
AcDbSpline
 70
0
 71
2
 72
6
 73
3
 74
0
 40
0.0
 40
0.0
 40
0.0
 40
1.0
 40
1.0
 40
1.0
 10
108.36846392606407
 20
282.0539574871366
 30
0.0
 10
108.4919681578349
 20
282.3529532553658
 30
0.0
 10
108.63495969429324
 20
282.7559447918241
 30
0.0
  0
SPLINE
  5
233
330
17
100
AcDbEntity
  8
ENGRAVE
100
AcDbSpline
 70
0
 71
2
 72
6
 73
3
 74
0
 40
0.0
 40
0.0
 40
0.0
 40
1.0
 40
1.0
 40
1.0
 10
108.63495969429324
 20
282.7559447918241
 30
0.0
 10
108.68696815783491
 20
282.83393632828245
 30
0.0
 10
108.70647662137657
 20
283.0159447918241
 30
0.0
  0
SPLINE
  5
234
330
17
100
AcDbEntity
  8
ENGRAVE
100
AcDbSpline
 70
0
 71
2
 72
6
 73
3
 74
0
 40
0.0
 40
0.0
 40
0.0
 40
1.0
 40
1.0
 40
1.0
 10
108.70647662137657
 20
283.0159447918241
 30
0.0
 10
108.72598508491824
 20
283.19795325536575
 30
0.0
 10
108.71297238960574
 20
283.3734447918241
 30
0.0
  0
SPLINE
  5
235
330
17
100
AcDbEntity
  8
ENGRAVE
100
AcDbSpline
 70
0
 71
2
 72
6
 73
3
 74
0
 40
0.0
 40
0.0
 40
0.0
 40
1.0
 40
1.0
 40
1.0
 10
108.19299354845991
 20
284.7449617189074
 30
0.0
 10
108.47897662137657
 20
284.8099617189074
 30
0.0
 10
108.78446815783491
 20
284.8099617189074
 30
0.0
  0
SPLINE
  5
236
330
17
100
AcDbEntity
  8
ENGRAVE
100
AcDbSpline
 70
0
 71
2
 72
6
 73
3
 74
0
 40
0.0
 40
0.0
 40
0.0
 40
1.0
 40
1.0
 40
1.0
 10
109.7919681578349
 20
282.7234447918241
 30
0.0
 10
109.67495969429324
 20
282.1579532553658
 30
0.0
 10
109.15495969429324
 20
281.4169278647408
 30
0.0
  0
SPLINE
  5
237
330
17
100
AcDbEntity
  8
ENGRAVE
100
AcDbSpline
 70
0
 71
2
 72
6
 73
3
 74
0
 40
0.0
 40
0.0
 40
0.0
 40
1.0
 40
1.0
 40
1.0
 10
108.78446815783491
 20
284.8099617189074
 30
0.0
 10
109.08995969429324
 20
284.8099617189074
 30
0.0
 10
109.28495969429324
 20
284.6019278647408
 30
0.0
  0
SPLINE
  5
238
330
17
100
AcDbEntity
  8
ENGRAVE
100
AcDbSpline
 70
0
 71
2
 72
6
 73
3
 74
0
 40
0.0
 40
0.0
 40
0.0
 40
1.0
 40
1.0
 40
1.0
 10
109.28495969429324
 20
284.6019278647408
 30
0.0
 10
109.58397662137658
 20
284.47192786474074
 30
0.0
 10
109.7074808531474
 20
284.2509447918241
 30
0.0
  0
SPLINE
  5
239
330
17
100
AcDbEntity
  8
ENGRAVE
100
AcDbSpline
 70
0
 71
2
 72
6
 73
3
 74
0
 40
0.0
 40
0.0
 40
0.0
 40
1.0
 40
1.0
 40
1.0
 10
109.86995969429324
 20
283.6789363282824
 30
0.0
 10
109.90897662137657
 20
283.28893632828243
 30
0.0
 10
109.7919681578349
 20
282.7234447918241
 30
0.0
  0
SPLINE
  5
23A
330
17
100
AcDbEntity
  8
ENGRAVE
100
AcDbSpline
 70
0
 71
2
 72
6
 73
3
 74
0
 40
0.0
 40
0.0
 40
0.0
 40
1.0
 40
1.0
 40
1.0
 10
109.7074808531474
 20
284.2509447918241
 30
0.0
 10
109.83098508491824
 20
284.02996171890743
 30
0.0
 10
109.86995969429324
 20
283.6789363282824
 30
0.0
  0
SPLINE
  5
23B
330
17
100
AcDbEntity
  8
ENGRAVE
100
AcDbSpline
 70
0
 71
2
 72
6
 73
3
 74
0
 40
0.0
 40
0.0
 40
0.0
 40
1.0
 40
1.0
 40
1.0
 10
110.3509427672099
 20
281.5469278647408
 30
0.0
 10
110.2859427672099
 20
281.6119278647408
 30
0.0
 10
110.31194699898074
 20
281.6314363282824
 30
0.0
  0
SPLINE
  5
23C
330
17
100
AcDbEntity
  8
ENGRAVE
100
AcDbSpline
 70
0
 71
2
 72
6
 73
3
 74
0
 40
0.0
 40
0.0
 40
0.0
 40
1.0
 40
1.0
 40
1.0
 10
110.43545123075157
 20
280.7279320965116
 30
0.0
 10
110.2859427672099
 20
281.02692786474074
 30
0.0
 10
110.32495969429324
 20
281.24795325536576
 30
0.0
  0
SPLINE
  5
23D
330
17
100
AcDbEntity
  8
ENGRAVE
100
AcDbSpline
 70
0
 71
2
 72
6
 73
3
 74
0
 40
0.0
 40
0.0
 40
0.0
 40
1.0
 40
1.0
 40
1.0
 10
110.35745969429324
 20
281.44942786474076
 30
0.0
 10
110.3509427672099
 20
281.5469278647408
 30
0.0
 10
110.3509427672099
 20
281.5469278647408
 30
0.0
  0
SPLINE
  5
23E
330
17
100
AcDbEntity
  8
ENGRAVE
100
AcDbSpline
 70
0
 71
2
 72
6
 73
3
 74
0
 40
0.0
 40
0.0
 40
0.0
 40
1.0
 40
1.0
 40
1.0
 10
110.32495969429324
 20
281.24795325536576
 30
0.0
 10
110.36397662137658
 20
281.3519278647408
 30
0.0
 10
110.35745969429324
 20
281.44942786474076
 30
0.0
  0
SPLINE
  5
23F
330
17
100
AcDbEntity
  8
ENGRAVE
100
AcDbSpline
 70
0
 71
2
 72
6
 73
3
 74
0
 40
0.0
 40
0.0
 40
0.0
 40
1.0
 40
1.0
 40
1.0
 10
110.31194699898074
 20
281.6314363282824
 30
0.0
 10
110.33795123075157
 20
281.6509447918241
 30
0.0
 10
110.36397662137658
 20
281.70295325536574
 30
0.0
  0
SPLINE
  5
240
330
17
100
AcDbEntity
  8
ENGRAVE
100
AcDbSpline
 70
0
 71
2
 72
6
 73
3
 74
0
 40
0.0
 40
0.0
 40
0.0
 40
1.0
 40
1.0
 40
1.0
 10
110.36397662137658
 20
281.70295325536574
 30
0.0
 10
110.4419681578349
 20
281.70295325536574
 30
0.0
 10
110.41594276720991
 20
281.8459447918241
 30
0.0
  0
SPLINE
  5
241
330
17
100
AcDbEntity
  8
ENGRAVE
100
AcDbSpline
 70
0
 71
2
 72
6
 73
3
 74
0
 40
0.0
 40
0.0
 40
0.0
 40
1.0
 40
1.0
 40
1.0
 10
110.83196815783491
 20
280.1689363282824
 30
0.0
 10
110.58495969429325
 20
280.4289363282824
 30
0.0
 10
110.43545123075157
 20
280.7279320965116
 30
0.0
  0
SPLINE
  5
242
330
17
100
AcDbEntity
  8
ENGRAVE
100
AcDbSpline
 70
0
 71
2
 72
6
 73
3
 74
0
 40
0.0
 40
0.0
 40
0.0
 40
1.0
 40
1.0
 40
1.0
 10
110.41594276720991
 20
281.8459447918241
 30
0.0
 10
110.38995969429324
 20
281.94996171890745
 30
0.0
 10
110.50045123075158
 20
282.29444902359495
 30
0.0
  0
SPLINE
  5
243
330
17
100
AcDbEntity
  8
ENGRAVE
100
AcDbSpline
 70
0
 71
2
 72
6
 73
3
 74
0
 40
0.0
 40
0.0
 40
0.0
 40
1.0
 40
1.0
 40
1.0
 10
110.50045123075158
 20
282.29444902359495
 30
0.0
 10
110.6109427672099
 20
282.63893632828245
 30
0.0
 10
110.80594276720991
 20
282.9509447918241
 30
0.0
  0
SPLINE
  5
244
330
17
100
AcDbEntity
  8
ENGRAVE
100
AcDbSpline
 70
0
 71
2
 72
6
 73
3
 74
0
 40
0.0
 40
0.0
 40
0.0
 40
1.0
 40
1.0
 40
1.0
 10
111.07245969429324
 20
279.9869278647408
 30
0.0
 10
110.97495969429323
 20
280.0519278647408
 30
0.0
 10
110.83196815783491
 20
280.1689363282824
 30
0.0
  0
SPLINE
  5
245
330
17
100
AcDbEntity
  8
ENGRAVE
100
AcDbSpline
 70
0
 71
2
 72
6
 73
3
 74
0
 40
0.0
 40
0.0
 40
0.0
 40
1.0
 40
1.0
 40
1.0
 10
110.80594276720991
 20
282.9509447918241
 30
0.0
 10
110.88397662137658
 20
283.0809447918241
 30
0.0
 10
111.03995969429324
 20
283.29545325536577
 30
0.0
  0
SPLINE
  5
246
330
17
100
AcDbEntity
  8
ENGRAVE
100
AcDbSpline
 70
0
 71
2
 72
6
 73
3
 74
0
 40
0.0
 40
0.0
 40
0.0
 40
1.0
 40
1.0
 40
1.0
 10
111.33897662137657
 20
279.9219278647408
 30
0.0
 10
111.16995969429324
 20
279.9219278647408
 30
0.0
 10
111.07245969429324
 20
279.9869278647408
 30
0.0
  0
SPLINE
  5
247
330
17
100
AcDbEntity
  8
ENGRAVE
100
AcDbSpline
 70
0
 71
2
 72
6
 73
3
 74
0
 40
0.0
 40
0.0
 40
0.0
 40
1.0
 40
1.0
 40
1.0
 10
111.94995969429324
 20
279.98694902359495
 30
0.0
 10
111.63795123075157
 20
279.94795325536575
 30
0.0
 10
111.33897662137657
 20
279.9219278647408
 30
0.0
  0
SPLINE
  5
248
330
17
100
AcDbEntity
  8
ENGRAVE
100
AcDbSpline
 70
0
 71
2
 72
6
 73
3
 74
0
 40
0.0
 40
0.0
 40
0.0
 40
1.0
 40
1.0
 40
1.0
 10
111.03995969429324
 20
283.29545325536577
 30
0.0
 10
111.1959427672099
 20
283.50996171890745
 30
0.0
 10
111.38444699898074
 20
283.7244490235949
 30
0.0
  0
SPLINE
  5
249
330
17
100
AcDbEntity
  8
ENGRAVE
100
AcDbSpline
 70
0
 71
2
 72
6
 73
3
 74
0
 40
0.0
 40
0.0
 40
0.0
 40
1.0
 40
1.0
 40
1.0
 10
112.07346392606408
 20
282.69746171890745
 30
0.0
 10
111.7419681578349
 20
282.27496171890743
 30
0.0
 10
111.61196815783491
 20
281.66393632828243
 30
0.0
  0
SPLINE
  5
24A
330
17
100
AcDbEntity
  8
ENGRAVE
100
AcDbSpline
 70
0
 71
2
 72
6
 73
3
 74
0
 40
0.0
 40
0.0
 40
0.0
 40
1.0
 40
1.0
 40
1.0
 10
111.38444699898074
 20
283.7244490235949
 30
0.0
 10
111.57295123075157
 20
283.9389363282824
 30
0.0
 10
111.72897662137657
 20
284.0689363282824
 30
0.0
  0
SPLINE
  5
24B
330
17
100
AcDbEntity
  8
ENGRAVE
100
AcDbSpline
 70
0
 71
2
 72
6
 73
3
 74
0
 40
0.0
 40
0.0
 40
0.0
 40
1.0
 40
1.0
 40
1.0
 10
111.61196815783491
 20
281.66393632828243
 30
0.0
 10
111.55995969429324
 20
281.18295325536576
 30
0.0
 10
111.83295123075158
 20
281.0789574871366
 30
0.0
  0
SPLINE
  5
24C
330
17
100
AcDbEntity
  8
ENGRAVE
100
AcDbSpline
 70
0
 71
2
 72
6
 73
3
 74
0
 40
0.0
 40
0.0
 40
0.0
 40
1.0
 40
1.0
 40
1.0
 10
112.53495969429324
 20
280.20795325536574
 30
0.0
 10
112.2619681578349
 20
280.0259447918241
 30
0.0
 10
111.94995969429324
 20
279.98694902359495
 30
0.0
  0
SPLINE
  5
24D
330
17
100
AcDbEntity
  8
ENGRAVE
100
AcDbSpline
 70
0
 71
2
 72
6
 73
3
 74
0
 40
0.0
 40
0.0
 40
0.0
 40
1.0
 40
1.0
 40
1.0
 10
112.79495969429324
 20
283.44496171890745
 30
0.0
 10
112.40495969429324
 20
283.1199617189074
 30
0.0
 10
112.07346392606408
 20
282.69746171890745
 30
0.0
  0
SPLINE
  5
24E
330
17
100
AcDbEntity
  8
ENGRAVE
100
AcDbSpline
 70
0
 71
2
 72
6
 73
3
 74
0
 40
0.0
 40
0.0
 40
0.0
 40
1.0
 40
1.0
 40
1.0
 10
111.72897662137657
 20
284.0689363282824
 30
0.0
 10
112.05397662137658
 20
284.34192786474074
 30
0.0
 10
112.33346392606407
 20
284.5109447918241
 30
0.0
  0
SPLINE
  5
24F
330
17
100
AcDbEntity
  8
ENGRAVE
100
AcDbSpline
 70
0
 71
2
 72
6
 73
3
 74
0
 40
0.0
 40
0.0
 40
0.0
 40
1.0
 40
1.0
 40
1.0
 10
113.22395546252241
 20
280.6889363282824
 30
0.0
 10
112.9119681578349
 20
280.4289363282824
 30
0.0
 10
112.53495969429324
 20
280.20795325536574
 30
0.0
  0
SPLINE
  5
250
330
17
100
AcDbEntity
  8
ENGRAVE
100
AcDbSpline
 70
0
 71
2
 72
6
 73
3
 74
0
 40
0.0
 40
0.0
 40
0.0
 40
1.0
 40
1.0
 40
1.0
 10
111.83295123075158
 20
281.0789574871366
 30
0.0
 10
112.10594276720991
 20
280.9749617189074
 30
0.0
 10
112.66495969429324
 20
281.50795325536575
 30
0.0
  0
SPLINE
  5
251
330
17
100
AcDbEntity
  8
ENGRAVE
100
AcDbSpline
 70
0
 71
2
 72
6
 73
3
 74
0
 40
0.0
 40
0.0
 40
0.0
 40
1.0
 40
1.0
 40
1.0
 10
113.0939554625224
 20
283.62045325536576
 30
0.0
 10
112.9769681578349
 20
283.57496171890745
 30
0.0
 10
112.79495969429324
 20
283.44496171890745
 30
0.0
  0
SPLINE
  5
252
330
17
100
AcDbEntity
  8
ENGRAVE
100
AcDbSpline
 70
0
 71
2
 72
6
 73
3
 74
0
 40
0.0
 40
0.0
 40
0.0
 40
1.0
 40
1.0
 40
1.0
 10
112.33346392606407
 20
284.5109447918241
 30
0.0
 10
112.61295123075158
 20
284.6799617189074
 30
0.0
 10
112.89897662137658
 20
284.7449617189074
 30
0.0
  0
SPLINE
  5
253
330
17
100
AcDbEntity
  8
ENGRAVE
100
AcDbSpline
 70
0
 71
2
 72
6
 73
3
 74
0
 40
0.0
 40
0.0
 40
0.0
 40
1.0
 40
1.0
 40
1.0
 10
112.66495969429324
 20
281.50795325536575
 30
0.0
 10
112.95094276720991
 20
281.75496171890745
 30
0.0
 10
113.07444699898073
 20
282.0539574871366
 30
0.0
  0
SPLINE
  5
254
330
17
100
AcDbEntity
  8
ENGRAVE
100
AcDbSpline
 70
0
 71
2
 72
6
 73
3
 74
0
 40
0.0
 40
0.0
 40
0.0
 40
1.0
 40
1.0
 40
1.0
 10
113.32795123075158
 20
283.57496171890745
 30
0.0
 10
113.2109427672099
 20
283.6659447918241
 30
0.0
 10
113.0939554625224
 20
283.62045325536576
 30
0.0
  0
SPLINE
  5
255
330
17
100
AcDbEntity
  8
ENGRAVE
100
AcDbSpline
 70
0
 71
2
 72
6
 73
3
 74
0
 40
0.0
 40
0.0
 40
0.0
 40
1.0
 40
1.0
 40
1.0
 10
113.8609427672099
 20
281.4169278647408
 30
0.0
 10
113.5359427672099
 20
280.9489363282824
 30
0.0
 10
113.22395546252241
 20
280.6889363282824
 30
0.0
  0
SPLINE
  5
256
330
17
100
AcDbEntity
  8
ENGRAVE
100
AcDbSpline
 70
0
 71
2
 72
6
 73
3
 74
0
 40
0.0
 40
0.0
 40
0.0
 40
1.0
 40
1.0
 40
1.0
 10
113.4189554625224
 20
283.3734447918241
 30
0.0
 10
113.40594276720991
 20
283.5489363282824
 30
0.0
 10
113.32795123075158
 20
283.57496171890745
 30
0.0
  0
SPLINE
  5
257
330
17
100
AcDbEntity
  8
ENGRAVE
100
AcDbSpline
 70
0
 71
2
 72
6
 73
3
 74
0
 40
0.0
 40
0.0
 40
0.0
 40
1.0
 40
1.0
 40
1.0
 10
113.07444699898073
 20
282.0539574871366
 30
0.0
 10
113.19795123075157
 20
282.3529532553658
 30
0.0
 10
113.34094276720991
 20
282.7559447918241
 30
0.0
  0
SPLINE
  5
258
330
17
100
AcDbEntity
  8
ENGRAVE
100
AcDbSpline
 70
0
 71
2
 72
6
 73
3
 74
0
 40
0.0
 40
0.0
 40
0.0
 40
1.0
 40
1.0
 40
1.0
 10
113.34094276720991
 20
282.7559447918241
 30
0.0
 10
113.39295123075158
 20
282.83393632828245
 30
0.0
 10
113.41245969429323
 20
283.0159447918241
 30
0.0
  0
SPLINE
  5
259
330
17
100
AcDbEntity
  8
ENGRAVE
100
AcDbSpline
 70
0
 71
2
 72
6
 73
3
 74
0
 40
0.0
 40
0.0
 40
0.0
 40
1.0
 40
1.0
 40
1.0
 10
113.41245969429323
 20
283.0159447918241
 30
0.0
 10
113.4319681578349
 20
283.19795325536575
 30
0.0
 10
113.4189554625224
 20
283.3734447918241
 30
0.0
  0
SPLINE
  5
25A
330
17
100
AcDbEntity
  8
ENGRAVE
100
AcDbSpline
 70
0
 71
2
 72
6
 73
3
 74
0
 40
0.0
 40
0.0
 40
0.0
 40
1.0
 40
1.0
 40
1.0
 10
112.89897662137658
 20
284.7449617189074
 30
0.0
 10
113.18495969429324
 20
284.8099617189074
 30
0.0
 10
113.49045123075157
 20
284.8099617189074
 30
0.0
  0
SPLINE
  5
25B
330
17
100
AcDbEntity
  8
ENGRAVE
100
AcDbSpline
 70
0
 71
2
 72
6
 73
3
 74
0
 40
0.0
 40
0.0
 40
0.0
 40
1.0
 40
1.0
 40
1.0
 10
114.49795123075157
 20
282.7234447918241
 30
0.0
 10
114.3809427672099
 20
282.1579532553658
 30
0.0
 10
113.8609427672099
 20
281.4169278647408
 30
0.0
  0
SPLINE
  5
25C
330
17
100
AcDbEntity
  8
ENGRAVE
100
AcDbSpline
 70
0
 71
2
 72
6
 73
3
 74
0
 40
0.0
 40
0.0
 40
0.0
 40
1.0
 40
1.0
 40
1.0
 10
113.49045123075157
 20
284.8099617189074
 30
0.0
 10
113.79594276720991
 20
284.8099617189074
 30
0.0
 10
113.9909427672099
 20
284.6019278647408
 30
0.0
  0
SPLINE
  5
25D
330
17
100
AcDbEntity
  8
ENGRAVE
100
AcDbSpline
 70
0
 71
2
 72
6
 73
3
 74
0
 40
0.0
 40
0.0
 40
0.0
 40
1.0
 40
1.0
 40
1.0
 10
113.9909427672099
 20
284.6019278647408
 30
0.0
 10
114.28995969429324
 20
284.47192786474074
 30
0.0
 10
114.41346392606407
 20
284.2509447918241
 30
0.0
  0
SPLINE
  5
25E
330
17
100
AcDbEntity
  8
ENGRAVE
100
AcDbSpline
 70
0
 71
2
 72
6
 73
3
 74
0
 40
0.0
 40
0.0
 40
0.0
 40
1.0
 40
1.0
 40
1.0
 10
114.57594276720991
 20
283.6789363282824
 30
0.0
 10
114.61495969429323
 20
283.28893632828243
 30
0.0
 10
114.49795123075157
 20
282.7234447918241
 30
0.0
  0
SPLINE
  5
25F
330
17
100
AcDbEntity
  8
ENGRAVE
100
AcDbSpline
 70
0
 71
2
 72
6
 73
3
 74
0
 40
0.0
 40
0.0
 40
0.0
 40
1.0
 40
1.0
 40
1.0
 10
114.41346392606407
 20
284.2509447918241
 30
0.0
 10
114.5369681578349
 20
284.02996171890743
 30
0.0
 10
114.57594276720991
 20
283.6789363282824
 30
0.0
  0
SPLINE
  5
260
330
17
100
AcDbEntity
  8
ENGRAVE
100
AcDbSpline
 70
0
 71
2
 72
6
 73
3
 74
0
 40
0.0
 40
0.0
 40
0.0
 40
1.0
 40
1.0
 40
1.0
 10
115.2259427672099
 20
280.7539363282824
 30
0.0
 10
115.17393430366823
 20
280.7929532553658
 30
0.0
 10
115.16743853543908
 20
281.0984447918241
 30
0.0
  0
SPLINE
  5
261
330
17
100
AcDbEntity
  8
ENGRAVE
100
AcDbSpline
 70
0
 71
2
 72
6
 73
3
 74
0
 40
0.0
 40
0.0
 40
0.0
 40
1.0
 40
1.0
 40
1.0
 10
115.16743853543908
 20
281.0984447918241
 30
0.0
 10
115.1609427672099
 20
281.40393632828244
 30
0.0
 10
115.19993853543907
 20
281.7809447918241
 30
0.0
  0
SPLINE
  5
262
330
17
100
AcDbEntity
  8
ENGRAVE
100
AcDbSpline
 70
0
 71
2
 72
6
 73
3
 74
0
 40
0.0
 40
0.0
 40
0.0
 40
1.0
 40
1.0
 40
1.0
 10
115.2584427672099
 20
280.71494056005326
 30
0.0
 10
115.2259427672099
 20
280.7539363282824
 30
0.0
 10
115.2259427672099
 20
280.7539363282824
 30
0.0
  0
SPLINE
  5
263
330
17
100
AcDbEntity
  8
ENGRAVE
100
AcDbSpline
 70
0
 71
2
 72
6
 73
3
 74
0
 40
0.0
 40
0.0
 40
0.0
 40
1.0
 40
1.0
 40
1.0
 10
115.29094276720991
 20
280.64996171890743
 30
0.0
 10
115.29094276720991
 20
280.6759447918241
 30
0.0
 10
115.2584427672099
 20
280.71494056005326
 30
0.0
  0
SPLINE
  5
264
330
17
100
AcDbEntity
  8
ENGRAVE
100
AcDbSpline
 70
0
 71
2
 72
6
 73
3
 74
0
 40
0.0
 40
0.0
 40
0.0
 40
1.0
 40
1.0
 40
1.0
 10
115.4664554625224
 20
280.3314574871366
 30
0.0
 10
115.32995969429324
 20
280.51996171890744
 30
0.0
 10
115.29094276720991
 20
280.64996171890743
 30
0.0
  0
SPLINE
  5
265
330
17
100
AcDbEntity
  8
ENGRAVE
100
AcDbSpline
 70
0
 71
2
 72
6
 73
3
 74
0
 40
0.0
 40
0.0
 40
0.0
 40
1.0
 40
1.0
 40
1.0
 10
115.19993853543907
 20
281.7809447918241
 30
0.0
 10
115.23893430366824
 20
282.1579532553658
 30
0.0
 10
115.29094276720991
 20
282.3789363282824
 30
0.0
  0
SPLINE
  5
266
330
17
100
AcDbEntity
  8
ENGRAVE
100
AcDbSpline
 70
0
 71
2
 72
6
 73
3
 74
0
 40
0.0
 40
0.0
 40
0.0
 40
1.0
 40
1.0
 40
1.0
 10
115.38844276720991
 20
284.58893632828244
 30
0.0
 10
115.32995969429324
 20
284.6669278647408
 30
0.0
 10
115.32995969429324
 20
284.71893632828244
 30
0.0
  0
SPLINE
  5
267
330
17
100
AcDbEntity
  8
ENGRAVE
100
AcDbSpline
 70
0
 71
2
 72
6
 73
3
 74
0
 40
0.0
 40
0.0
 40
0.0
 40
1.0
 40
1.0
 40
1.0
 10
115.53795123075157
 20
284.4849617189074
 30
0.0
 10
115.44692584012657
 20
284.5109447918241
 30
0.0
 10
115.38844276720991
 20
284.58893632828244
 30
0.0
  0
SPLINE
  5
268
330
17
100
AcDbEntity
  8
ENGRAVE
100
AcDbSpline
 70
0
 71
2
 72
6
 73
3
 74
0
 40
0.0
 40
0.0
 40
0.0
 40
1.0
 40
1.0
 40
1.0
 10
115.32995969429324
 20
284.71893632828244
 30
0.0
 10
115.32995969429324
 20
284.82295325536575
 30
0.0
 10
115.44694699898074
 20
285.01795325536574
 30
0.0
  0
SPLINE
  5
269
330
17
100
AcDbEntity
  8
ENGRAVE
100
AcDbSpline
 70
0
 71
2
 72
6
 73
3
 74
0
 40
0.0
 40
0.0
 40
0.0
 40
1.0
 40
1.0
 40
1.0
 10
115.77194699898074
 20
279.9934447918241
 30
0.0
 10
115.60295123075157
 20
280.14295325536574
 30
0.0
 10
115.4664554625224
 20
280.3314574871366
 30
0.0
  0
SPLINE
  5
26A
330
17
100
AcDbEntity
  8
ENGRAVE
100
AcDbSpline
 70
0
 71
2
 72
6
 73
3
 74
0
 40
0.0
 40
0.0
 40
0.0
 40
1.0
 40
1.0
 40
1.0
 10
115.29094276720991
 20
282.3789363282824
 30
0.0
 10
115.35594276720991
 20
282.58692786474074
 30
0.0
 10
115.4859427672099
 20
282.94442786474076
 30
0.0
  0
SPLINE
  5
26B
330
17
100
AcDbEntity
  8
ENGRAVE
100
AcDbSpline
 70
0
 71
2
 72
6
 73
3
 74
0
 40
0.0
 40
0.0
 40
0.0
 40
1.0
 40
1.0
 40
1.0
 10
115.44694699898074
 20
285.01795325536574
 30
0.0
 10
115.56393430366823
 20
285.2129532553658
 30
0.0
 10
115.6159427672099
 20
285.2129532553658
 30
0.0
  0
SPLINE
  5
26C
330
17
100
AcDbEntity
  8
ENGRAVE
100
AcDbSpline
 70
0
 71
2
 72
6
 73
3
 74
0
 40
0.0
 40
0.0
 40
0.0
 40
1.0
 40
1.0
 40
1.0
 10
115.4859427672099
 20
282.94442786474076
 30
0.0
 10
115.6159427672099
 20
283.3019278647408
 30
0.0
 10
115.70692584012657
 20
283.5879532553658
 30
0.0
  0
SPLINE
  5
26D
330
17
100
AcDbEntity
  8
ENGRAVE
100
AcDbSpline
 70
0
 71
2
 72
6
 73
3
 74
0
 40
0.0
 40
0.0
 40
0.0
 40
1.0
 40
1.0
 40
1.0
 10
116.08393430366824
 20
279.81795325536575
 30
0.0
 10
115.9409427672099
 20
279.84393632828244
 30
0.0
 10
115.77194699898074
 20
279.9934447918241
 30
0.0
  0
SPLINE
  5
26E
330
17
100
AcDbEntity
  8
ENGRAVE
100
AcDbSpline
 70
0
 71
2
 72
6
 73
3
 74
0
 40
0.0
 40
0.0
 40
0.0
 40
1.0
 40
1.0
 40
1.0
 10
115.6159427672099
 20
285.2129532553658
 30
0.0
 10
115.6809427672099
 20
285.19996171890745
 30
0.0
 10
115.85643430366824
 20
285.19996171890745
 30
0.0
  0
SPLINE
  5
26F
330
17
100
AcDbEntity
  8
ENGRAVE
100
AcDbSpline
 70
0
 71
2
 72
6
 73
3
 74
0
 40
0.0
 40
0.0
 40
0.0
 40
1.0
 40
1.0
 40
1.0
 10
117.00692584012657
 20
279.8309447918241
 30
0.0
 10
116.42192584012658
 20
279.75295325536575
 30
0.0
 10
116.08393430366824
 20
279.81795325536575
 30
0.0
  0
SPLINE
  5
270
330
17
100
AcDbEntity
  8
ENGRAVE
100
AcDbSpline
 70
0
 71
2
 72
6
 73
3
 74
0
 40
0.0
 40
0.0
 40
0.0
 40
1.0
 40
1.0
 40
1.0
 10
116.4154300718974
 20
282.3334447918241
 30
0.0
 10
116.29192584012657
 20
281.83295325536574
 30
0.0
 10
116.20094276720991
 20
281.33893632828244
 30
0.0
  0
SPLINE
  5
271
330
17
100
AcDbEntity
  8
ENGRAVE
100
AcDbSpline
 70
0
 71
2
 72
6
 73
3
 74
0
 40
0.0
 40
0.0
 40
0.0
 40
1.0
 40
1.0
 40
1.0
 10
115.85643430366824
 20
285.19996171890745
 30
0.0
 10
116.03192584012658
 20
285.19996171890745
 30
0.0
 10
116.20094276720991
 20
285.2129532553658
 30
0.0
  0
SPLINE
  5
272
330
17
100
AcDbEntity
  8
ENGRAVE
100
AcDbSpline
 70
0
 71
2
 72
6
 73
3
 74
0
 40
0.0
 40
0.0
 40
0.0
 40
1.0
 40
1.0
 40
1.0
 10
116.20094276720991
 20
281.33893632828244
 30
0.0
 10
116.16192584012657
 20
281.09192786474074
 30
0.0
 10
116.22043007189741
 20
280.9814363282824
 30
0.0
  0
SPLINE
  5
273
330
17
100
AcDbEntity
  8
ENGRAVE
100
AcDbSpline
 70
0
 71
2
 72
6
 73
3
 74
0
 40
0.0
 40
0.0
 40
0.0
 40
1.0
 40
1.0
 40
1.0
 10
116.20094276720991
 20
285.2129532553658
 30
0.0
 10
116.36995969429324
 20
285.2259447918241
 30
0.0
 10
116.40893430366825
 20
285.2389363282824
 30
0.0
  0
SPLINE
  5
274
330
17
100
AcDbEntity
  8
ENGRAVE
100
AcDbSpline
 70
0
 71
2
 72
6
 73
3
 74
0
 40
0.0
 40
0.0
 40
0.0
 40
1.0
 40
1.0
 40
1.0
 10
116.7209427672099
 20
283.37996171890745
 30
0.0
 10
116.53893430366824
 20
282.83393632828245
 30
0.0
 10
116.4154300718974
 20
282.3334447918241
 30
0.0
  0
SPLINE
  5
275
330
17
100
AcDbEntity
  8
ENGRAVE
100
AcDbSpline
 70
0
 71
2
 72
6
 73
3
 74
0
 40
0.0
 40
0.0
 40
0.0
 40
1.0
 40
1.0
 40
1.0
 10
116.40893430366825
 20
285.2389363282824
 30
0.0
 10
116.4609427672099
 20
285.26496171890744
 30
0.0
 10
116.51295123075157
 20
285.31045325536576
 30
0.0
  0
SPLINE
  5
276
330
17
100
AcDbEntity
  8
ENGRAVE
100
AcDbSpline
 70
0
 71
2
 72
6
 73
3
 74
0
 40
0.0
 40
0.0
 40
0.0
 40
1.0
 40
1.0
 40
1.0
 10
116.22043007189741
 20
280.9814363282824
 30
0.0
 10
116.27893430366824
 20
280.8709447918241
 30
0.0
 10
116.55192584012657
 20
280.8449617189074
 30
0.0
  0
SPLINE
  5
277
330
17
100
AcDbEntity
  8
ENGRAVE
100
AcDbSpline
 70
0
 71
2
 72
6
 73
3
 74
0
 40
0.0
 40
0.0
 40
0.0
 40
1.0
 40
1.0
 40
1.0
 10
116.51295123075157
 20
285.31045325536576
 30
0.0
 10
116.56495969429324
 20
285.3559447918241
 30
0.0
 10
116.59094276720991
 20
285.44692786474076
 30
0.0
  0
SPLINE
  5
278
330
17
100
AcDbEntity
  8
ENGRAVE
100
AcDbSpline
 70
0
 71
2
 72
6
 73
3
 74
0
 40
0.0
 40
0.0
 40
0.0
 40
1.0
 40
1.0
 40
1.0
 10
116.59094276720991
 20
285.44692786474076
 30
0.0
 10
116.65594276720991
 20
285.58996171890743
 30
0.0
 10
116.70795123075158
 20
285.6679532553658
 30
0.0
  0
SPLINE
  5
279
330
17
100
AcDbEntity
  8
ENGRAVE
100
AcDbSpline
 70
0
 71
2
 72
6
 73
3
 74
0
 40
0.0
 40
0.0
 40
0.0
 40
1.0
 40
1.0
 40
1.0
 10
116.98094276720991
 20
283.86094479182407
 30
0.0
 10
116.87692584012657
 20
283.63996171890744
 30
0.0
 10
116.7209427672099
 20
283.37996171890745
 30
0.0
  0
SPLINE
  5
27A
330
17
100
AcDbEntity
  8
ENGRAVE
100
AcDbSpline
 70
0
 71
2
 72
6
 73
3
 74
0
 40
0.0
 40
0.0
 40
0.0
 40
1.0
 40
1.0
 40
1.0
 10
116.70795123075158
 20
285.6679532553658
 30
0.0
 10
116.75995969429324
 20
285.7459447918241
 30
0.0
 10
116.8509427672099
 20
285.90192786474074
 30
0.0
  0
SPLINE
  5
27B
330
17
100
AcDbEntity
  8
ENGRAVE
100
AcDbSpline
 70
0
 71
2
 72
6
 73
3
 74
0
 40
0.0
 40
0.0
 40
0.0
 40
1.0
 40
1.0
 40
1.0
 10
116.55192584012657
 20
280.8449617189074
 30
0.0
 10
116.69495969429325
 20
280.83192786474075
 30
0.0
 10
116.96795123075157
 20
280.85143632828243
 30
0.0
  0
SPLINE
  5
27C
330
17
100
AcDbEntity
  8
ENGRAVE
100
AcDbSpline
 70
0
 71
2
 72
6
 73
3
 74
0
 40
0.0
 40
0.0
 40
0.0
 40
1.0
 40
1.0
 40
1.0
 10
117.13692584012657
 20
284.1339363282824
 30
0.0
 10
117.08495969429325
 20
284.08192786474075
 30
0.0
 10
116.98094276720991
 20
283.86094479182407
 30
0.0
  0
SPLINE
  5
27D
330
17
100
AcDbEntity
  8
ENGRAVE
100
AcDbSpline
 70
0
 71
2
 72
6
 73
3
 74
0
 40
0.0
 40
0.0
 40
0.0
 40
1.0
 40
1.0
 40
1.0
 10
116.8509427672099
 20
285.90192786474074
 30
0.0
 10
116.94192584012657
 20
286.0709447918241
 30
0.0
 10
117.00043007189741
 20
286.18795325536576
 30
0.0
  0
SPLINE
  5
27E
330
17
100
AcDbEntity
  8
ENGRAVE
100
AcDbSpline
 70
0
 71
2
 72
6
 73
3
 74
0
 40
0.0
 40
0.0
 40
0.0
 40
1.0
 40
1.0
 40
1.0
 10
118.17692584012657
 20
280.27295325536574
 30
0.0
 10
117.59192584012658
 20
279.90893632828244
 30
0.0
 10
117.00692584012657
 20
279.8309447918241
 30
0.0
  0
SPLINE
  5
27F
330
17
100
AcDbEntity
  8
ENGRAVE
100
AcDbSpline
 70
0
 71
2
 72
6
 73
3
 74
0
 40
0.0
 40
0.0
 40
0.0
 40
1.0
 40
1.0
 40
1.0
 10
117.23444699898074
 20
284.2964574871366
 30
0.0
 10
117.18893430366823
 20
284.23795325536577
 30
0.0
 10
117.13692584012657
 20
284.1339363282824
 30
0.0
  0
SPLINE
  5
280
330
17
100
AcDbEntity
  8
ENGRAVE
100
AcDbSpline
 70
0
 71
2
 72
6
 73
3
 74
0
 40
0.0
 40
0.0
 40
0.0
 40
1.0
 40
1.0
 40
1.0
 10
117.00043007189741
 20
286.18795325536576
 30
0.0
 10
117.05893430366824
 20
286.3049617189074
 30
0.0
 10
117.18893430366823
 20
286.51295325536574
 30
0.0
  0
SPLINE
  5
281
330
17
100
AcDbEntity
  8
ENGRAVE
100
AcDbSpline
 70
0
 71
2
 72
6
 73
3
 74
0
 40
0.0
 40
0.0
 40
0.0
 40
1.0
 40
1.0
 40
1.0
 10
117.38393430366824
 20
284.3809447918241
 30
0.0
 10
117.27995969429324
 20
284.3549617189074
 30
0.0
 10
117.23444699898074
 20
284.2964574871366
 30
0.0
  0
SPLINE
  5
282
330
17
100
AcDbEntity
  8
ENGRAVE
100
AcDbSpline
 70
0
 71
2
 72
6
 73
3
 74
0
 40
0.0
 40
0.0
 40
0.0
 40
1.0
 40
1.0
 40
1.0
 10
117.18893430366823
 20
286.51295325536574
 30
0.0
 10
117.25393430366825
 20
286.60393632828243
 30
0.0
 10
117.33194699898074
 20
286.7339363282824
 30
0.0
  0
SPLINE
  5
283
330
17
100
AcDbEntity
  8
ENGRAVE
100
AcDbSpline
 70
0
 71
2
 72
6
 73
3
 74
0
 40
0.0
 40
0.0
 40
0.0
 40
1.0
 40
1.0
 40
1.0
 10
117.53993853543908
 20
284.40692786474074
 30
0.0
 10
117.48795123075158
 20
284.40692786474074
 30
0.0
 10
117.38393430366824
 20
284.3809447918241
 30
0.0
  0
SPLINE
  5
284
330
17
100
AcDbEntity
  8
ENGRAVE
100
AcDbSpline
 70
0
 71
2
 72
6
 73
3
 74
0
 40
0.0
 40
0.0
 40
0.0
 40
1.0
 40
1.0
 40
1.0
 10
116.96795123075157
 20
280.85143632828243
 30
0.0
 10
117.2409427672099
 20
280.8709447918241
 30
0.0
 10
117.42295123075158
 20
280.92295325536577
 30
0.0
  0
SPLINE
  5
285
330
17
100
AcDbEntity
  8
ENGRAVE
100
AcDbSpline
 70
0
 71
2
 72
6
 73
3
 74
0
 40
0.0
 40
0.0
 40
0.0
 40
1.0
 40
1.0
 40
1.0
 10
117.33194699898074
 20
286.7339363282824
 30
0.0
 10
117.40995969429324
 20
286.8639363282824
 30
0.0
 10
117.52692584012657
 20
286.95496171890744
 30
0.0
  0
SPLINE
  5
286
330
17
100
AcDbEntity
  8
ENGRAVE
100
AcDbSpline
 70
0
 71
2
 72
6
 73
3
 74
0
 40
0.0
 40
0.0
 40
0.0
 40
1.0
 40
1.0
 40
1.0
 10
117.76094276720991
 20
284.4199617189074
 30
0.0
 10
117.59192584012658
 20
284.40692786474074
 30
0.0
 10
117.53993853543908
 20
284.40692786474074
 30
0.0
  0
SPLINE
  5
287
330
17
100
AcDbEntity
  8
ENGRAVE
100
AcDbSpline
 70
0
 71
2
 72
6
 73
3
 74
0
 40
0.0
 40
0.0
 40
0.0
 40
1.0
 40
1.0
 40
1.0
 10
117.42295123075158
 20
280.92295325536577
 30
0.0
 10
117.5659427672099
 20
280.98795325536577
 30
0.0
 10
117.72194699898074
 20
281.05944902359494
 30
0.0
  0
SPLINE
  5
288
330
17
100
AcDbEntity
  8
ENGRAVE
100
AcDbSpline
 70
0
 71
2
 72
6
 73
3
 74
0
 40
0.0
 40
0.0
 40
0.0
 40
1.0
 40
1.0
 40
1.0
 10
118.0859427672099
 20
284.4264574871366
 30
0.0
 10
117.86495969429323
 20
284.4199617189074
 30
0.0
 10
117.76094276720991
 20
284.4199617189074
 30
0.0
  0
SPLINE
  5
289
330
17
100
AcDbEntity
  8
ENGRAVE
100
AcDbSpline
 70
0
 71
2
 72
6
 73
3
 74
0
 40
0.0
 40
0.0
 40
0.0
 40
1.0
 40
1.0
 40
1.0
 10
117.8909427672099
 20
285.64192786474075
 30
0.0
 10
117.68295123075157
 20
285.3559447918241
 30
0.0
 10
117.81295123075157
 20
285.31694902359493
 30
0.0
  0
SPLINE
  5
28A
330
17
100
AcDbEntity
  8
ENGRAVE
100
AcDbSpline
 70
0
 71
2
 72
6
 73
3
 74
0
 40
0.0
 40
0.0
 40
0.0
 40
1.0
 40
1.0
 40
1.0
 10
118.14444699898074
 20
286.0384447918241
 30
0.0
 10
118.00795123075157
 20
285.86295325536577
 30
0.0
 10
117.8909427672099
 20
285.64192786474075
 30
0.0
  0
SPLINE
  5
28B
330
17
100
AcDbEntity
  8
ENGRAVE
100
AcDbSpline
 70
0
 71
2
 72
6
 73
3
 74
0
 40
0.0
 40
0.0
 40
0.0
 40
1.0
 40
1.0
 40
1.0
 10
117.52692584012657
 20
286.95496171890744
 30
0.0
 10
117.64393430366825
 20
287.0589363282824
 30
0.0
 10
117.91043007189741
 20
287.10444902359495
 30
0.0
  0
SPLINE
  5
28C
330
17
100
AcDbEntity
  8
ENGRAVE
100
AcDbSpline
 70
0
 71
2
 72
6
 73
3
 74
0
 40
0.0
 40
0.0
 40
0.0
 40
1.0
 40
1.0
 40
1.0
 10
117.72194699898074
 20
281.05944902359494
 30
0.0
 10
117.87795123075158
 20
281.1309447918241
 30
0.0
 10
118.00795123075157
 20
281.20893632828245
 30
0.0
  0
SPLINE
  5
28D
330
17
100
AcDbEntity
  8
ENGRAVE
100
AcDbSpline
 70
0
 71
2
 72
6
 73
3
 74
0
 40
0.0
 40
0.0
 40
0.0
 40
1.0
 40
1.0
 40
1.0
 10
118.61893430366824
 20
284.4849617189074
 30
0.0
 10
118.30692584012657
 20
284.43295325536576
 30
0.0
 10
118.0859427672099
 20
284.4264574871366
 30
0.0
  0
SPLINE
  5
28E
330
17
100
AcDbEntity
  8
ENGRAVE
100
AcDbSpline
 70
0
 71
2
 72
6
 73
3
 74
0
 40
0.0
 40
0.0
 40
0.0
 40
1.0
 40
1.0
 40
1.0
 10
118.38495969429324
 20
286.4349617189074
 30
0.0
 10
118.28094276720991
 20
286.21393632828244
 30
0.0
 10
118.14444699898074
 20
286.0384447918241
 30
0.0
  0
SPLINE
  5
28F
330
17
100
AcDbEntity
  8
ENGRAVE
100
AcDbSpline
 70
0
 71
2
 72
6
 73
3
 74
0
 40
0.0
 40
0.0
 40
0.0
 40
1.0
 40
1.0
 40
1.0
 10
118.65795123075158
 20
280.72143632828244
 30
0.0
 10
118.59295123075157
 20
280.50692786474076
 30
0.0
 10
118.17692584012657
 20
280.27295325536574
 30
0.0
  0
SPLINE
  5
290
330
17
100
AcDbEntity
  8
ENGRAVE
100
AcDbSpline
 70
0
 71
2
 72
6
 73
3
 74
0
 40
0.0
 40
0.0
 40
0.0
 40
1.0
 40
1.0
 40
1.0
 10
118.00795123075157
 20
281.20893632828245
 30
0.0
 10
118.12495969429324
 20
281.27393632828245
 30
0.0
 10
118.24194699898074
 20
281.3454320965116
 30
0.0
  0
SPLINE
  5
291
330
17
100
AcDbEntity
  8
ENGRAVE
100
AcDbSpline
 70
0
 71
2
 72
6
 73
3
 74
0
 40
0.0
 40
0.0
 40
0.0
 40
1.0
 40
1.0
 40
1.0
 10
118.24194699898074
 20
281.3454320965116
 30
0.0
 10
118.35893430366824
 20
281.4169278647408
 30
0.0
 10
118.35893430366824
 20
281.4169278647408
 30
0.0
  0
SPLINE
  5
292
330
17
100
AcDbEntity
  8
ENGRAVE
100
AcDbSpline
 70
0
 71
2
 72
6
 73
3
 74
0
 40
0.0
 40
0.0
 40
0.0
 40
1.0
 40
1.0
 40
1.0
 10
117.91043007189741
 20
287.10444902359495
 30
0.0
 10
118.17692584012657
 20
287.14996171890743
 30
0.0
 10
118.37192584012658
 20
286.9809447918241
 30
0.0
  0
SPLINE
  5
293
330
17
100
AcDbEntity
  8
ENGRAVE
100
AcDbSpline
 70
0
 71
2
 72
6
 73
3
 74
0
 40
0.0
 40
0.0
 40
0.0
 40
1.0
 40
1.0
 40
1.0
 10
118.48893430366824
 20
286.7339363282824
 30
0.0
 10
118.50192584012657
 20
286.6169278647408
 30
0.0
 10
118.38495969429324
 20
286.4349617189074
 30
0.0
  0
SPLINE
  5
294
330
17
100
AcDbEntity
  8
ENGRAVE
100
AcDbSpline
 70
0
 71
2
 72
6
 73
3
 74
0
 40
0.0
 40
0.0
 40
0.0
 40
1.0
 40
1.0
 40
1.0
 10
118.37192584012658
 20
286.9809447918241
 30
0.0
 10
118.4759427672099
 20
286.8509447918241
 30
0.0
 10
118.48893430366824
 20
286.7339363282824
 30
0.0
  0
SPLINE
  5
295
330
17
100
AcDbEntity
  8
ENGRAVE
100
AcDbSpline
 70
0
 71
2
 72
6
 73
3
 74
0
 40
0.0
 40
0.0
 40
0.0
 40
1.0
 40
1.0
 40
1.0
 10
117.81295123075157
 20
285.31694902359493
 30
0.0
 10
117.94295123075158
 20
285.2779532553658
 30
0.0
 10
118.54094276720991
 20
285.3689363282824
 30
0.0
  0
SPLINE
  5
296
330
17
100
AcDbEntity
  8
ENGRAVE
100
AcDbSpline
 70
0
 71
2
 72
6
 73
3
 74
0
 40
0.0
 40
0.0
 40
0.0
 40
1.0
 40
1.0
 40
1.0
 10
118.35893430366824
 20
281.4169278647408
 30
0.0
 10
118.42393430366823
 20
281.5209447918241
 30
0.0
 10
118.54743853543907
 20
281.3844490235949
 30
0.0
  0
SPLINE
  5
297
330
17
100
AcDbEntity
  8
ENGRAVE
100
AcDbSpline
 70
0
 71
2
 72
6
 73
3
 74
0
 40
0.0
 40
0.0
 40
0.0
 40
1.0
 40
1.0
 40
1.0
 10
119.21694699898075
 20
284.5499617189074
 30
0.0
 10
119.11295123075158
 20
284.4849617189074
 30
0.0
 10
118.61893430366824
 20
284.4849617189074
 30
0.0
  0
SPLINE
  5
298
330
17
100
AcDbEntity
  8
ENGRAVE
100
AcDbSpline
 70
0
 71
2
 72
6
 73
3
 74
0
 40
0.0
 40
0.0
 40
0.0
 40
1.0
 40
1.0
 40
1.0
 10
118.72295123075158
 20
281.09192786474074
 30
0.0
 10
118.72295123075158
 20
280.9359447918241
 30
0.0
 10
118.65795123075158
 20
280.72143632828244
 30
0.0
  0
SPLINE
  5
299
330
17
100
AcDbEntity
  8
ENGRAVE
100
AcDbSpline
 70
0
 71
2
 72
6
 73
3
 74
0
 40
0.0
 40
0.0
 40
0.0
 40
1.0
 40
1.0
 40
1.0
 10
118.54743853543907
 20
281.3844490235949
 30
0.0
 10
118.67094276720991
 20
281.24795325536576
 30
0.0
 10
118.72295123075158
 20
281.09192786474074
 30
0.0
  0
SPLINE
  5
29A
330
17
100
AcDbEntity
  8
ENGRAVE
100
AcDbSpline
 70
0
 71
2
 72
6
 73
3
 74
0
 40
0.0
 40
0.0
 40
0.0
 40
1.0
 40
1.0
 40
1.0
 10
118.54094276720991
 20
285.3689363282824
 30
0.0
 10
118.91795123075157
 20
285.4339363282824
 30
0.0
 10
119.08694699898074
 20
285.2909447918241
 30
0.0
  0
SPLINE
  5
29B
330
17
100
AcDbEntity
  8
ENGRAVE
100
AcDbSpline
 70
0
 71
2
 72
6
 73
3
 74
0
 40
0.0
 40
0.0
 40
0.0
 40
1.0
 40
1.0
 40
1.0
 10
119.28192584012658
 20
284.9269278647408
 30
0.0
 10
119.3209427672099
 20
284.6149617189074
 30
0.0
 10
119.21694699898075
 20
284.5499617189074
 30
0.0
  0
SPLINE
  5
29C
330
17
100
AcDbEntity
  8
ENGRAVE
100
AcDbSpline
 70
0
 71
2
 72
6
 73
3
 74
0
 40
0.0
 40
0.0
 40
0.0
 40
1.0
 40
1.0
 40
1.0
 10
119.08694699898074
 20
285.2909447918241
 30
0.0
 10
119.2559427672099
 20
285.14795325536574
 30
0.0
 10
119.28192584012658
 20
284.9269278647408
 30
0.0
  0
SPLINE
  5
29D
330
17
100
AcDbEntity
  8
ENGRAVE
100
AcDbSpline
 70
0
 71
2
 72
6
 73
3
 74
0
 40
0.0
 40
0.0
 40
0.0
 40
1.0
 40
1.0
 40
1.0
 10
119.56795123075158
 20
280.54594479182407
 30
0.0
 10
119.37295123075158
 20
280.76692786474075
 30
0.0
 10
119.34694699898074
 20
280.9424405600533
 30
0.0
  0
SPLINE
  5
29E
330
17
100
AcDbEntity
  8
ENGRAVE
100
AcDbSpline
 70
0
 71
2
 72
6
 73
3
 74
0
 40
0.0
 40
0.0
 40
0.0
 40
1.0
 40
1.0
 40
1.0
 10
119.34694699898074
 20
280.9424405600533
 30
0.0
 10
119.32094276720991
 20
281.11795325536576
 30
0.0
 10
119.3599173765849
 20
281.4169278647408
 30
0.0
  0
SPLINE
  5
29F
330
17
100
AcDbEntity
  8
ENGRAVE
100
AcDbSpline
 70
0
 71
2
 72
6
 73
3
 74
0
 40
0.0
 40
0.0
 40
0.0
 40
1.0
 40
1.0
 40
1.0
 10
119.3599173765849
 20
281.4169278647408
 30
0.0
 10
119.42491737658492
 20
281.6249617189074
 30
0.0
 10
119.51592160835574
 20
281.9759447918241
 30
0.0
  0
SPLINE
  5
2A0
330
17
100
AcDbEntity
  8
ENGRAVE
100
AcDbSpline
 70
0
 71
2
 72
6
 73
3
 74
0
 40
0.0
 40
0.0
 40
0.0
 40
1.0
 40
1.0
 40
1.0
 10
119.76942584012657
 20
280.39643632828245
 30
0.0
 10
119.65893430366825
 20
280.4809447918241
 30
0.0
 10
119.56795123075158
 20
280.54594479182407
 30
0.0
  0
SPLINE
  5
2A1
330
17
100
AcDbEntity
  8
ENGRAVE
100
AcDbSpline
 70
0
 71
2
 72
6
 73
3
 74
0
 40
0.0
 40
0.0
 40
0.0
 40
1.0
 40
1.0
 40
1.0
 10
119.51592160835574
 20
281.9759447918241
 30
0.0
 10
119.60692584012658
 20
282.32692786474075
 30
0.0
 10
119.73692584012657
 20
282.7299617189074
 30
0.0
  0
SPLINE
  5
2A2
330
17
100
AcDbEntity
  8
ENGRAVE
100
AcDbSpline
 70
0
 71
2
 72
6
 73
3
 74
0
 40
0.0
 40
0.0
 40
0.0
 40
1.0
 40
1.0
 40
1.0
 10
119.9709427672099
 20
280.32496171890745
 30
0.0
 10
119.87991737658491
 20
280.31192786474077
 30
0.0
 10
119.76942584012657
 20
280.39643632828245
 30
0.0
  0
SPLINE
  5
2A3
330
17
100
AcDbEntity
  8
ENGRAVE
100
AcDbSpline
 70
0
 71
2
 72
6
 73
3
 74
0
 40
0.0
 40
0.0
 40
0.0
 40
1.0
 40
1.0
 40
1.0
 10
119.73692584012657
 20
282.7299617189074
 30
0.0
 10
119.76295123075158
 20
282.8859447918241
 30
0.0
 10
119.83444699898074
 20
283.1004532553658
 30
0.0
  0
SPLINE
  5
2A4
330
17
100
AcDbEntity
  8
ENGRAVE
100
AcDbSpline
 70
0
 71
2
 72
6
 73
3
 74
0
 40
0.0
 40
0.0
 40
0.0
 40
1.0
 40
1.0
 40
1.0
 10
120.4129300718974
 20
280.5264574871366
 30
0.0
 10
120.23094276720991
 20
280.3379532553658
 30
0.0
 10
119.9709427672099
 20
280.32496171890745
 30
0.0
  0
SPLINE
  5
2A5
330
17
100
AcDbEntity
  8
ENGRAVE
100
AcDbSpline
 70
0
 71
2
 72
6
 73
3
 74
0
 40
0.0
 40
0.0
 40
0.0
 40
1.0
 40
1.0
 40
1.0
 10
119.83444699898074
 20
283.1004532553658
 30
0.0
 10
119.90594276720991
 20
283.31496171890745
 30
0.0
 10
119.98393430366824
 20
283.5164574871366
 30
0.0
  0
SPLINE
  5
2A6
330
17
100
AcDbEntity
  8
ENGRAVE
100
AcDbSpline
 70
0
 71
2
 72
6
 73
3
 74
0
 40
0.0
 40
0.0
 40
0.0
 40
1.0
 40
1.0
 40
1.0
 10
119.98393430366824
 20
283.5164574871366
 30
0.0
 10
120.06192584012658
 20
283.7179532553658
 30
0.0
 10
120.10094276720992
 20
283.82192786474076
 30
0.0
  0
SPLINE
  5
2A7
330
17
100
AcDbEntity
  8
ENGRAVE
100
AcDbSpline
 70
0
 71
2
 72
6
 73
3
 74
0
 40
0.0
 40
0.0
 40
0.0
 40
1.0
 40
1.0
 40
1.0
 10
120.10094276720992
 20
283.82192786474076
 30
0.0
 10
120.19192584012657
 20
284.14692786474075
 30
0.0
 10
120.28942584012657
 20
284.4459447918241
 30
0.0
  0
SPLINE
  5
2A8
330
17
100
AcDbEntity
  8
ENGRAVE
100
AcDbSpline
 70
0
 71
2
 72
6
 73
3
 74
0
 40
0.0
 40
0.0
 40
0.0
 40
1.0
 40
1.0
 40
1.0
 10
120.7509427672099
 20
280.9099617189074
 30
0.0
 10
120.5949173765849
 20
280.71496171890743
 30
0.0
 10
120.4129300718974
 20
280.5264574871366
 30
0.0
  0
SPLINE
  5
2A9
330
17
100
AcDbEntity
  8
ENGRAVE
100
AcDbSpline
 70
0
 71
2
 72
6
 73
3
 74
0
 40
0.0
 40
0.0
 40
0.0
 40
1.0
 40
1.0
 40
1.0
 10
120.28942584012657
 20
284.4459447918241
 30
0.0
 10
120.38692584012658
 20
284.7449617189074
 30
0.0
 10
120.52993853543907
 20
285.13496171890745
 30
0.0
  0
SPLINE
  5
2AA
330
17
100
AcDbEntity
  8
ENGRAVE
100
AcDbSpline
 70
0
 71
2
 72
6
 73
3
 74
0
 40
0.0
 40
0.0
 40
0.0
 40
1.0
 40
1.0
 40
1.0
 10
121.51793007189741
 20
281.72244056005326
 30
0.0
 10
121.07594276720991
 20
281.3259447918241
 30
0.0
 10
120.7509427672099
 20
280.9099617189074
 30
0.0
  0
SPLINE
  5
2AB
330
17
100
AcDbEntity
  8
ENGRAVE
100
AcDbSpline
 70
0
 71
2
 72
6
 73
3
 74
0
 40
0.0
 40
0.0
 40
0.0
 40
1.0
 40
1.0
 40
1.0
 10
120.8029300718974
 20
282.53494056005326
 30
0.0
 10
120.77692584012658
 20
282.4309447918241
 30
0.0
 10
120.76393430366824
 20
282.32692786474075
 30
0.0
  0
SPLINE
  5
2AC
330
17
100
AcDbEntity
  8
ENGRAVE
100
AcDbSpline
 70
0
 71
2
 72
6
 73
3
 74
0
 40
0.0
 40
0.0
 40
0.0
 40
1.0
 40
1.0
 40
1.0
 10
120.84192584012658
 20
282.70393632828245
 30
0.0
 10
120.82893430366825
 20
282.63893632828245
 30
0.0
 10
120.8029300718974
 20
282.53494056005326
 30
0.0
  0
SPLINE
  5
2AD
330
17
100
AcDbEntity
  8
ENGRAVE
100
AcDbSpline
 70
0
 71
2
 72
6
 73
3
 74
0
 40
0.0
 40
0.0
 40
0.0
 40
1.0
 40
1.0
 40
1.0
 10
120.91993853543907
 20
282.9509447918241
 30
0.0
 10
120.8809427672099
 20
282.80795325536576
 30
0.0
 10
120.84192584012658
 20
282.70393632828245
 30
0.0
  0
SPLINE
  5
2AE
330
17
100
AcDbEntity
  8
ENGRAVE
100
AcDbSpline
 70
0
 71
2
 72
6
 73
3
 74
0
 40
0.0
 40
0.0
 40
0.0
 40
1.0
 40
1.0
 40
1.0
 10
120.52993853543907
 20
285.13496171890745
 30
0.0
 10
120.67295123075158
 20
285.52496171890743
 30
0.0
 10
120.8809427672099
 20
286.12295325536576
 30
0.0
  0
SPLINE
  5
2AF
330
17
100
AcDbEntity
  8
ENGRAVE
100
AcDbSpline
 70
0
 71
2
 72
6
 73
3
 74
0
 40
0.0
 40
0.0
 40
0.0
 40
1.0
 40
1.0
 40
1.0
 10
120.97192584012657
 20
283.1719278647408
 30
0.0
 10
120.95893430366824
 20
283.09393632828244
 30
0.0
 10
120.91993853543907
 20
282.9509447918241
 30
0.0
  0
SPLINE
  5
2B0
330
17
100
AcDbEntity
  8
ENGRAVE
100
AcDbSpline
 70
0
 71
2
 72
6
 73
3
 74
0
 40
0.0
 40
0.0
 40
0.0
 40
1.0
 40
1.0
 40
1.0
 10
120.76393430366824
 20
282.32692786474075
 30
0.0
 10
120.82893430366825
 20
282.40496171890743
 30
0.0
 10
120.94594276720991
 20
282.51545325536574
 30
0.0
  0
SPLINE
  5
2B1
330
17
100
AcDbEntity
  8
ENGRAVE
100
AcDbSpline
 70
0
 71
2
 72
6
 73
3
 74
0
 40
0.0
 40
0.0
 40
0.0
 40
1.0
 40
1.0
 40
1.0
 10
121.01743853543907
 20
283.2629320965116
 30
0.0
 10
120.97192584012657
 20
283.1719278647408
 30
0.0
 10
120.97192584012657
 20
283.1719278647408
 30
0.0
  0
SPLINE
  5
2B2
330
17
100
AcDbEntity
  8
ENGRAVE
100
AcDbSpline
 70
0
 71
2
 72
6
 73
3
 74
0
 40
0.0
 40
0.0
 40
0.0
 40
1.0
 40
1.0
 40
1.0
 10
121.11491737658491
 20
283.45795325536574
 30
0.0
 10
121.06295123075158
 20
283.35393632828243
 30
0.0
 10
121.01743853543907
 20
283.2629320965116
 30
0.0
  0
SPLINE
  5
2B3
330
17
100
AcDbEntity
  8
ENGRAVE
100
AcDbSpline
 70
0
 71
2
 72
6
 73
3
 74
0
 40
0.0
 40
0.0
 40
0.0
 40
1.0
 40
1.0
 40
1.0
 10
121.23842160835574
 20
283.7179320965116
 30
0.0
 10
121.16692584012658
 20
283.56192786474077
 30
0.0
 10
121.11491737658491
 20
283.45795325536574
 30
0.0
  0
SPLINE
  5
2B4
330
17
100
AcDbEntity
  8
ENGRAVE
100
AcDbSpline
 70
0
 71
2
 72
6
 73
3
 74
0
 40
0.0
 40
0.0
 40
0.0
 40
1.0
 40
1.0
 40
1.0
 10
121.32295123075157
 20
283.9389363282824
 30
0.0
 10
121.3099173765849
 20
283.8739363282824
 30
0.0
 10
121.23842160835574
 20
283.7179320965116
 30
0.0
  0
SPLINE
  5
2B5
330
17
100
AcDbEntity
  8
ENGRAVE
100
AcDbSpline
 70
0
 71
2
 72
6
 73
3
 74
0
 40
0.0
 40
0.0
 40
0.0
 40
1.0
 40
1.0
 40
1.0
 10
120.94594276720991
 20
282.51545325536574
 30
0.0
 10
121.06295123075158
 20
282.6259447918241
 30
0.0
 10
121.24491737658491
 20
282.7949617189074
 30
0.0
  0
SPLINE
  5
2B6
330
17
100
AcDbEntity
  8
ENGRAVE
100
AcDbSpline
 70
0
 71
2
 72
6
 73
3
 74
0
 40
0.0
 40
0.0
 40
0.0
 40
1.0
 40
1.0
 40
1.0
 10
120.8809427672099
 20
286.12295325536576
 30
0.0
 10
121.16692584012658
 20
286.9029532553658
 30
0.0
 10
121.30993853543907
 20
287.2929532553658
 30
0.0
  0
SPLINE
  5
2B7
330
17
100
AcDbEntity
  8
ENGRAVE
100
AcDbSpline
 70
0
 71
2
 72
6
 73
3
 74
0
 40
0.0
 40
0.0
 40
0.0
 40
1.0
 40
1.0
 40
1.0
 10
121.71295123075157
 20
284.99194902359494
 30
0.0
 10
121.51795123075158
 20
284.4199617189074
 30
0.0
 10
121.32295123075157
 20
283.9389363282824
 30
0.0
  0
SPLINE
  5
2B8
330
17
100
AcDbEntity
  8
ENGRAVE
100
AcDbSpline
 70
0
 71
2
 72
6
 73
3
 74
0
 40
0.0
 40
0.0
 40
0.0
 40
1.0
 40
1.0
 40
1.0
 10
122.36942584012658
 20
282.3789363282824
 30
0.0
 10
121.95991737658491
 20
282.1189363282824
 30
0.0
 10
121.51793007189741
 20
281.72244056005326
 30
0.0
  0
SPLINE
  5
2B9
330
17
100
AcDbEntity
  8
ENGRAVE
100
AcDbSpline
 70
0
 71
2
 72
6
 73
3
 74
0
 40
0.0
 40
0.0
 40
0.0
 40
1.0
 40
1.0
 40
1.0
 10
121.30993853543907
 20
287.2929532553658
 30
0.0
 10
121.45295123075158
 20
287.68295325536576
 30
0.0
 10
121.51795123075158
 20
287.85194902359495
 30
0.0
  0
SPLINE
  5
2BA
330
17
100
AcDbEntity
  8
ENGRAVE
100
AcDbSpline
 70
0
 71
2
 72
6
 73
3
 74
0
 40
0.0
 40
0.0
 40
0.0
 40
1.0
 40
1.0
 40
1.0
 10
121.24491737658491
 20
282.7949617189074
 30
0.0
 10
121.45295123075158
 20
282.9769278647408
 30
0.0
 10
121.60893430366824
 20
283.1069278647408
 30
0.0
  0
SPLINE
  5
2BB
330
17
100
AcDbEntity
  8
ENGRAVE
100
AcDbSpline
 70
0
 71
2
 72
6
 73
3
 74
0
 40
0.0
 40
0.0
 40
0.0
 40
1.0
 40
1.0
 40
1.0
 10
121.51795123075158
 20
287.85194902359495
 30
0.0
 10
121.58295123075158
 20
288.0209447918241
 30
0.0
 10
121.60893430366824
 20
288.12496171890746
 30
0.0
  0
SPLINE
  5
2BC
330
17
100
AcDbEntity
  8
ENGRAVE
100
AcDbSpline
 70
0
 71
2
 72
6
 73
3
 74
0
 40
0.0
 40
0.0
 40
0.0
 40
1.0
 40
1.0
 40
1.0
 10
122.10944699898074
 20
286.1424405600533
 30
0.0
 10
121.90795123075158
 20
285.5639363282824
 30
0.0
 10
121.71295123075157
 20
284.99194902359494
 30
0.0
  0
SPLINE
  5
2BD
330
17
100
AcDbEntity
  8
ENGRAVE
100
AcDbSpline
 70
0
 71
2
 72
6
 73
3
 74
0
 40
0.0
 40
0.0
 40
0.0
 40
1.0
 40
1.0
 40
1.0
 10
121.60893430366824
 20
288.12496171890746
 30
0.0
 10
121.60893430366824
 20
288.22893632828243
 30
0.0
 10
121.75844276720991
 20
288.32643632828245
 30
0.0
  0
SPLINE
  5
2BE
330
17
100
AcDbEntity
  8
ENGRAVE
100
AcDbSpline
 70
0
 71
2
 72
6
 73
3
 74
0
 40
0.0
 40
0.0
 40
0.0
 40
1.0
 40
1.0
 40
1.0
 10
121.60893430366824
 20
283.1069278647408
 30
0.0
 10
121.7649173765849
 20
283.2369278647408
 30
0.0
 10
121.92094276720991
 20
283.3409447918241
 30
0.0
  0
SPLINE
  5
2BF
330
17
100
AcDbEntity
  8
ENGRAVE
100
AcDbSpline
 70
0
 71
2
 72
6
 73
3
 74
0
 40
0.0
 40
0.0
 40
0.0
 40
1.0
 40
1.0
 40
1.0
 10
121.75844276720991
 20
288.32643632828245
 30
0.0
 10
121.90795123075158
 20
288.4239363282824
 30
0.0
 10
122.02491737658491
 20
288.4239363282824
 30
0.0
  0
SPLINE
  5
2C0
330
17
100
AcDbEntity
  8
ENGRAVE
100
AcDbSpline
 70
0
 71
2
 72
6
 73
3
 74
0
 40
0.0
 40
0.0
 40
0.0
 40
1.0
 40
1.0
 40
1.0
 10
122.51893430366825
 20
287.1889363282824
 30
0.0
 10
122.31094276720991
 20
286.7209447918241
 30
0.0
 10
122.10944699898074
 20
286.1424405600533
 30
0.0
  0
SPLINE
  5
2C1
330
17
100
AcDbEntity
  8
ENGRAVE
100
AcDbSpline
 70
0
 71
2
 72
6
 73
3
 74
0
 40
0.0
 40
0.0
 40
0.0
 40
1.0
 40
1.0
 40
1.0
 10
121.92094276720991
 20
283.3409447918241
 30
0.0
 10
122.06393430366825
 20
283.44496171890745
 30
0.0
 10
122.18743853543907
 20
283.5359447918241
 30
0.0
  0
SPLINE
  5
2C2
330
17
100
AcDbEntity
  8
ENGRAVE
100
AcDbSpline
 70
0
 71
2
 72
6
 73
3
 74
0
 40
0.0
 40
0.0
 40
0.0
 40
1.0
 40
1.0
 40
1.0
 10
122.18743853543907
 20
283.5359447918241
 30
0.0
 10
122.31094276720991
 20
283.62692786474076
 30
0.0
 10
122.31094276720991
 20
283.62692786474076
 30
0.0
  0
SPLINE
  5
2C3
330
17
100
AcDbEntity
  8
ENGRAVE
100
AcDbSpline
 70
0
 71
2
 72
6
 73
3
 74
0
 40
0.0
 40
0.0
 40
0.0
 40
1.0
 40
1.0
 40
1.0
 10
122.97393430366824
 20
282.63893632828245
 30
0.0
 10
122.77893430366824
 20
282.63893632828245
 30
0.0
 10
122.36942584012658
 20
282.3789363282824
 30
0.0
  0
SPLINE
  5
2C4
330
17
100
AcDbEntity
  8
ENGRAVE
100
AcDbSpline
 70
0
 71
2
 72
6
 73
3
 74
0
 40
0.0
 40
0.0
 40
0.0
 40
1.0
 40
1.0
 40
1.0
 10
122.31094276720991
 20
283.62692786474076
 30
0.0
 10
122.33692584012658
 20
283.6659447918241
 30
0.0
 10
122.36942584012658
 20
283.7179532553658
 30
0.0
  0
SPLINE
  5
2C5
330
17
100
AcDbEntity
  8
ENGRAVE
100
AcDbSpline
 70
0
 71
2
 72
6
 73
3
 74
0
 40
0.0
 40
0.0
 40
0.0
 40
1.0
 40
1.0
 40
1.0
 10
122.02491737658491
 20
288.4239363282824
 30
0.0
 10
122.20692584012657
 20
288.4109447918241
 30
0.0
 10
122.37592160835574
 20
288.2094490235949
 30
0.0
  0
SPLINE
  5
2C6
330
17
100
AcDbEntity
  8
ENGRAVE
100
AcDbSpline
 70
0
 71
2
 72
6
 73
3
 74
0
 40
0.0
 40
0.0
 40
0.0
 40
1.0
 40
1.0
 40
1.0
 10
122.36942584012658
 20
283.7179532553658
 30
0.0
 10
122.40192584012658
 20
283.76996171890744
 30
0.0
 10
122.4409427672099
 20
283.7829532553658
 30
0.0
  0
SPLINE
  5
2C7
330
17
100
AcDbEntity
  8
ENGRAVE
100
AcDbSpline
 70
0
 71
2
 72
6
 73
3
 74
0
 40
0.0
 40
0.0
 40
0.0
 40
1.0
 40
1.0
 40
1.0
 10
122.6099173765849
 20
287.7284447918241
 30
0.0
 10
122.67491737658492
 20
287.44893632828246
 30
0.0
 10
122.51893430366825
 20
287.1889363282824
 30
0.0
  0
SPLINE
  5
2C8
330
17
100
AcDbEntity
  8
ENGRAVE
100
AcDbSpline
 70
0
 71
2
 72
6
 73
3
 74
0
 40
0.0
 40
0.0
 40
0.0
 40
1.0
 40
1.0
 40
1.0
 10
122.4409427672099
 20
283.7829532553658
 30
0.0
 10
122.46692584012658
 20
283.8089363282824
 30
0.0
 10
122.53192584012658
 20
283.85444902359495
 30
0.0
  0
SPLINE
  5
2C9
330
17
100
AcDbEntity
  8
ENGRAVE
100
AcDbSpline
 70
0
 71
2
 72
6
 73
3
 74
0
 40
0.0
 40
0.0
 40
0.0
 40
1.0
 40
1.0
 40
1.0
 10
122.37592160835574
 20
288.2094490235949
 30
0.0
 10
122.5449173765849
 20
288.00795325536575
 30
0.0
 10
122.6099173765849
 20
287.7284447918241
 30
0.0
  0
SPLINE
  5
2CA
330
17
100
AcDbEntity
  8
ENGRAVE
100
AcDbSpline
 70
0
 71
2
 72
6
 73
3
 74
0
 40
0.0
 40
0.0
 40
0.0
 40
1.0
 40
1.0
 40
1.0
 10
122.53192584012658
 20
283.85444902359495
 30
0.0
 10
122.59692584012657
 20
283.89996171890743
 30
0.0
 10
122.66192584012657
 20
283.95192786474075
 30
0.0
  0
SPLINE
  5
2CB
330
17
100
AcDbEntity
  8
ENGRAVE
100
AcDbSpline
 70
0
 71
2
 72
6
 73
3
 74
0
 40
0.0
 40
0.0
 40
0.0
 40
1.0
 40
1.0
 40
1.0
 10
123.10393430366824
 20
282.3854320965116
 30
0.0
 10
123.11692584012657
 20
282.63893632828245
 30
0.0
 10
122.97393430366824
 20
282.63893632828245
 30
0.0
  0
SPLINE
  5
2CC
330
17
100
AcDbEntity
  8
ENGRAVE
100
AcDbSpline
 70
0
 71
2
 72
6
 73
3
 74
0
 40
0.0
 40
0.0
 40
0.0
 40
1.0
 40
1.0
 40
1.0
 10
123.11043007189741
 20
280.9229320965116
 30
0.0
 10
123.02594276720991
 20
281.15692786474074
 30
0.0
 10
123.03893430366824
 20
281.5599617189074
 30
0.0
  0
SPLINE
  5
2CD
330
17
100
AcDbEntity
  8
ENGRAVE
100
AcDbSpline
 70
0
 71
2
 72
6
 73
3
 74
0
 40
0.0
 40
0.0
 40
0.0
 40
1.0
 40
1.0
 40
1.0
 10
123.03893430366824
 20
281.5599617189074
 30
0.0
 10
123.09094276720991
 20
282.13192786474076
 30
0.0
 10
123.10393430366824
 20
282.3854320965116
 30
0.0
  0
SPLINE
  5
2CE
330
17
100
AcDbEntity
  8
ENGRAVE
100
AcDbSpline
 70
0
 71
2
 72
6
 73
3
 74
0
 40
0.0
 40
0.0
 40
0.0
 40
1.0
 40
1.0
 40
1.0
 10
123.44192584012657
 20
280.51996171890744
 30
0.0
 10
123.19491737658491
 20
280.6889363282824
 30
0.0
 10
123.11043007189741
 20
280.9229320965116
 30
0.0
  0
SPLINE
  5
2CF
330
17
100
AcDbEntity
  8
ENGRAVE
100
AcDbSpline
 70
0
 71
2
 72
6
 73
3
 74
0
 40
0.0
 40
0.0
 40
0.0
 40
1.0
 40
1.0
 40
1.0
 10
123.94243853543908
 20
280.4289363282824
 30
0.0
 10
123.70192584012658
 20
280.37692786474076
 30
0.0
 10
123.44192584012657
 20
280.51996171890744
 30
0.0
  0
SPLINE
  5
2D0
330
17
100
AcDbEntity
  8
ENGRAVE
100
AcDbSpline
 70
0
 71
2
 72
6
 73
3
 74
0
 40
0.0
 40
0.0
 40
0.0
 40
1.0
 40
1.0
 40
1.0
 10
122.66192584012657
 20
283.95192786474075
 30
0.0
 10
123.02594276720991
 20
284.1859447918241
 30
0.0
 10
123.45491737658492
 20
284.1859447918241
 30
0.0
  0
SPLINE
  5
2D1
330
17
100
AcDbEntity
  8
ENGRAVE
100
AcDbSpline
 70
0
 71
2
 72
6
 73
3
 74
0
 40
0.0
 40
0.0
 40
0.0
 40
1.0
 40
1.0
 40
1.0
 10
123.45491737658492
 20
284.1859447918241
 30
0.0
 10
123.6109427672099
 20
284.1859447918241
 30
0.0
 10
123.77993853543907
 20
284.06244056005323
 30
0.0
  0
SPLINE
  5
2D2
330
17
100
AcDbEntity
  8
ENGRAVE
100
AcDbSpline
 70
0
 71
2
 72
6
 73
3
 74
0
 40
0.0
 40
0.0
 40
0.0
 40
1.0
 40
1.0
 40
1.0
 10
124.49491737658491
 20
280.6889363282824
 30
0.0
 10
124.18295123075157
 20
280.4809447918241
 30
0.0
 10
123.94243853543908
 20
280.4289363282824
 30
0.0
  0
SPLINE
  5
2D3
330
17
100
AcDbEntity
  8
ENGRAVE
100
AcDbSpline
 70
0
 71
2
 72
6
 73
3
 74
0
 40
0.0
 40
0.0
 40
0.0
 40
1.0
 40
1.0
 40
1.0
 10
123.77993853543907
 20
284.06244056005323
 30
0.0
 10
123.94893430366824
 20
283.9389363282824
 30
0.0
 10
124.09192584012658
 20
283.7179532553658
 30
0.0
  0
SPLINE
  5
2D4
330
17
100
AcDbEntity
  8
ENGRAVE
100
AcDbSpline
 70
0
 71
2
 72
6
 73
3
 74
0
 40
0.0
 40
0.0
 40
0.0
 40
1.0
 40
1.0
 40
1.0
 10
124.20243853543907
 20
282.3269490235949
 30
0.0
 10
124.14393430366825
 20
282.0409447918241
 30
0.0
 10
124.11795123075157
 20
281.89795325536574
 30
0.0
  0
SPLINE
  5
2D5
330
17
100
AcDbEntity
  8
ENGRAVE
100
AcDbSpline
 70
0
 71
2
 72
6
 73
3
 74
0
 40
0.0
 40
0.0
 40
0.0
 40
1.0
 40
1.0
 40
1.0
 10
124.26094276720991
 20
282.71692786474074
 30
0.0
 10
124.26094276720991
 20
282.61295325536577
 30
0.0
 10
124.20243853543907
 20
282.3269490235949
 30
0.0
  0
SPLINE
  5
2D6
330
17
100
AcDbEntity
  8
ENGRAVE
100
AcDbSpline
 70
0
 71
2
 72
6
 73
3
 74
0
 40
0.0
 40
0.0
 40
0.0
 40
1.0
 40
1.0
 40
1.0
 10
124.09192584012658
 20
283.7179532553658
 30
0.0
 10
124.31295123075158
 20
283.4059447918241
 30
0.0
 10
124.26094276720991
 20
282.71692786474074
 30
0.0
  0
SPLINE
  5
2D7
330
17
100
AcDbEntity
  8
ENGRAVE
100
AcDbSpline
 70
0
 71
2
 72
6
 73
3
 74
0
 40
0.0
 40
0.0
 40
0.0
 40
1.0
 40
1.0
 40
1.0
 10
124.10491737658491
 20
281.4559447918241
 30
0.0
 10
124.24795123075158
 20
281.50795325536575
 30
0.0
 10
124.38444699898074
 20
281.4689574871366
 30
0.0
  0
SPLINE
  5
2D8
330
17
100
AcDbEntity
  8
ENGRAVE
100
AcDbSpline
 70
0
 71
2
 72
6
 73
3
 74
0
 40
0.0
 40
0.0
 40
0.0
 40
1.0
 40
1.0
 40
1.0
 10
124.72893430366824
 20
280.96192786474074
 30
0.0
 10
124.6249173765849
 20
280.76692786474075
 30
0.0
 10
124.49491737658491
 20
280.6889363282824
 30
0.0
  0
SPLINE
  5
2D9
330
17
100
AcDbEntity
  8
ENGRAVE
100
AcDbSpline
 70
0
 71
2
 72
6
 73
3
 74
0
 40
0.0
 40
0.0
 40
0.0
 40
1.0
 40
1.0
 40
1.0
 10
124.38444699898074
 20
281.4689574871366
 30
0.0
 10
124.5209427672099
 20
281.4299617189074
 30
0.0
 10
124.5209427672099
 20
281.4299617189074
 30
0.0
  0
SPLINE
  5
2DA
330
17
100
AcDbEntity
  8
ENGRAVE
100
AcDbSpline
 70
0
 71
2
 72
6
 73
3
 74
0
 40
0.0
 40
0.0
 40
0.0
 40
1.0
 40
1.0
 40
1.0
 10
124.5209427672099
 20
281.4299617189074
 30
0.0
 10
124.58594276720991
 20
281.3909447918241
 30
0.0
 10
124.64444699898074
 20
281.33893632828244
 30
0.0
  0
SPLINE
  5
2DB
330
17
100
AcDbEntity
  8
ENGRAVE
100
AcDbSpline
 70
0
 71
2
 72
6
 73
3
 74
0
 40
0.0
 40
0.0
 40
0.0
 40
1.0
 40
1.0
 40
1.0
 10
124.75491737658491
 20
281.2609447918241
 30
0.0
 10
124.83295123075158
 20
281.15692786474074
 30
0.0
 10
124.72893430366824
 20
280.96192786474074
 30
0.0
  0
SPLINE
  5
2DC
330
17
100
AcDbEntity
  8
ENGRAVE
100
AcDbSpline
 70
0
 71
2
 72
6
 73
3
 74
0
 40
0.0
 40
0.0
 40
0.0
 40
1.0
 40
1.0
 40
1.0
 10
124.64444699898074
 20
281.33893632828244
 30
0.0
 10
124.70295123075158
 20
281.2869278647408
 30
0.0
 10
124.75491737658491
 20
281.2609447918241
 30
0.0
  0
SPLINE
  5
2DD
330
17
100
AcDbEntity
  8
ENGRAVE
100
AcDbSpline
 70
0
 71
2
 72
6
 73
3
 74
0
 40
0.0
 40
0.0
 40
0.0
 40
1.0
 40
1.0
 40
1.0
 10
248.00256297843987
 20
235.51621284924477
 30
0.0
 10
247.9385525617732
 20
235.5642336825781
 30
0.0
 10
247.93055777010653
 20
235.94022326591144
 30
0.0
  0
SPLINE
  5
2DE
330
17
100
AcDbEntity
  8
ENGRAVE
100
AcDbSpline
 70
0
 71
2
 72
6
 73
3
 74
0
 40
0.0
 40
0.0
 40
0.0
 40
1.0
 40
1.0
 40
1.0
 10
247.93055777010653
 20
235.94022326591144
 30
0.0
 10
247.92256297843986
 20
236.31621284924478
 30
0.0
 10
247.97055777010652
 20
236.78022326591145
 30
0.0
  0
SPLINE
  5
2DF
330
17
100
AcDbEntity
  8
ENGRAVE
100
AcDbSpline
 70
0
 71
2
 72
6
 73
3
 74
0
 40
0.0
 40
0.0
 40
0.0
 40
1.0
 40
1.0
 40
1.0
 10
248.04256297843986
 20
235.4682180575781
 30
0.0
 10
248.00256297843987
 20
235.51621284924477
 30
0.0
 10
248.00256297843987
 20
235.51621284924477
 30
0.0
  0
SPLINE
  5
2E0
330
17
100
AcDbEntity
  8
ENGRAVE
100
AcDbSpline
 70
0
 71
2
 72
6
 73
3
 74
0
 40
0.0
 40
0.0
 40
0.0
 40
1.0
 40
1.0
 40
1.0
 10
248.08256297843985
 20
235.3882440992448
 30
0.0
 10
248.08256297843985
 20
235.42022326591143
 30
0.0
 10
248.04256297843986
 20
235.4682180575781
 30
0.0
  0
SPLINE
  5
2E1
330
17
100
AcDbEntity
  8
ENGRAVE
100
AcDbSpline
 70
0
 71
2
 72
6
 73
3
 74
0
 40
0.0
 40
0.0
 40
0.0
 40
1.0
 40
1.0
 40
1.0
 10
248.29857860343986
 20
234.99623889091143
 30
0.0
 10
248.1305838117732
 20
235.22824409924476
 30
0.0
 10
248.08256297843985
 20
235.3882440992448
 30
0.0
  0
SPLINE
  5
2E2
330
17
100
AcDbEntity
  8
ENGRAVE
100
AcDbSpline
 70
0
 71
2
 72
6
 73
3
 74
0
 40
0.0
 40
0.0
 40
0.0
 40
1.0
 40
1.0
 40
1.0
 10
247.97055777010652
 20
236.78022326591145
 30
0.0
 10
248.0185525617732
 20
237.2442336825781
 30
0.0
 10
248.08256297843985
 20
237.51621284924477
 30
0.0
  0
SPLINE
  5
2E3
330
17
100
AcDbEntity
  8
ENGRAVE
100
AcDbSpline
 70
0
 71
2
 72
6
 73
3
 74
0
 40
0.0
 40
0.0
 40
0.0
 40
1.0
 40
1.0
 40
1.0
 10
248.20256297843986
 20
240.23621284924477
 30
0.0
 10
248.1305838117732
 20
240.3322024325781
 30
0.0
 10
248.1305838117732
 20
240.39621284924476
 30
0.0
  0
SPLINE
  5
2E4
330
17
100
AcDbEntity
  8
ENGRAVE
100
AcDbSpline
 70
0
 71
2
 72
6
 73
3
 74
0
 40
0.0
 40
0.0
 40
0.0
 40
1.0
 40
1.0
 40
1.0
 10
248.38657339510652
 20
240.10824409924479
 30
0.0
 10
248.27454214510652
 20
240.14022326591143
 30
0.0
 10
248.20256297843986
 20
240.23621284924477
 30
0.0
  0
SPLINE
  5
2E5
330
17
100
AcDbEntity
  8
ENGRAVE
100
AcDbSpline
 70
0
 71
2
 72
6
 73
3
 74
0
 40
0.0
 40
0.0
 40
0.0
 40
1.0
 40
1.0
 40
1.0
 10
248.1305838117732
 20
240.39621284924476
 30
0.0
 10
248.1305838117732
 20
240.5242336825781
 30
0.0
 10
248.2745681867732
 20
240.7642336825781
 30
0.0
  0
SPLINE
  5
2E6
330
17
100
AcDbEntity
  8
ENGRAVE
100
AcDbSpline
 70
0
 71
2
 72
6
 73
3
 74
0
 40
0.0
 40
0.0
 40
0.0
 40
1.0
 40
1.0
 40
1.0
 10
248.6745681867732
 20
234.58022326591143
 30
0.0
 10
248.46657339510654
 20
234.7642336825781
 30
0.0
 10
248.29857860343986
 20
234.99623889091143
 30
0.0
  0
SPLINE
  5
2E7
330
17
100
AcDbEntity
  8
ENGRAVE
100
AcDbSpline
 70
0
 71
2
 72
6
 73
3
 74
0
 40
0.0
 40
0.0
 40
0.0
 40
1.0
 40
1.0
 40
1.0
 10
248.08256297843985
 20
237.51621284924477
 30
0.0
 10
248.16256297843987
 20
237.7722024325781
 30
0.0
 10
248.32256297843986
 20
238.2122024325781
 30
0.0
  0
SPLINE
  5
2E8
330
17
100
AcDbEntity
  8
ENGRAVE
100
AcDbSpline
 70
0
 71
2
 72
6
 73
3
 74
0
 40
0.0
 40
0.0
 40
0.0
 40
1.0
 40
1.0
 40
1.0
 10
248.2745681867732
 20
240.7642336825781
 30
0.0
 10
248.4185525617732
 20
241.0042336825781
 30
0.0
 10
248.48256297843986
 20
241.0042336825781
 30
0.0
  0
SPLINE
  5
2E9
330
17
100
AcDbEntity
  8
ENGRAVE
100
AcDbSpline
 70
0
 71
2
 72
6
 73
3
 74
0
 40
0.0
 40
0.0
 40
0.0
 40
1.0
 40
1.0
 40
1.0
 10
248.32256297843986
 20
238.2122024325781
 30
0.0
 10
248.48256297843986
 20
238.6522024325781
 30
0.0
 10
248.59454214510652
 20
239.0042336825781
 30
0.0
  0
SPLINE
  5
2EA
330
17
100
AcDbEntity
  8
ENGRAVE
100
AcDbSpline
 70
0
 71
2
 72
6
 73
3
 74
0
 40
0.0
 40
0.0
 40
0.0
 40
1.0
 40
1.0
 40
1.0
 10
249.05855256177318
 20
234.36423368257812
 30
0.0
 10
248.88256297843986
 20
234.39621284924476
 30
0.0
 10
248.6745681867732
 20
234.58022326591143
 30
0.0
  0
SPLINE
  5
2EB
330
17
100
AcDbEntity
  8
ENGRAVE
100
AcDbSpline
 70
0
 71
2
 72
6
 73
3
 74
0
 40
0.0
 40
0.0
 40
0.0
 40
1.0
 40
1.0
 40
1.0
 10
248.48256297843986
 20
241.0042336825781
 30
0.0
 10
248.56256297843987
 20
240.98824409924478
 30
0.0
 10
248.77855256177318
 20
240.98824409924478
 30
0.0
  0
SPLINE
  5
2EC
330
17
100
AcDbEntity
  8
ENGRAVE
100
AcDbSpline
 70
0
 71
2
 72
6
 73
3
 74
0
 40
0.0
 40
0.0
 40
0.0
 40
1.0
 40
1.0
 40
1.0
 10
250.19454214510654
 20
234.38022326591144
 30
0.0
 10
249.47454214510654
 20
234.2842336825781
 30
0.0
 10
249.05855256177318
 20
234.36423368257812
 30
0.0
  0
SPLINE
  5
2ED
330
17
100
AcDbEntity
  8
ENGRAVE
100
AcDbSpline
 70
0
 71
2
 72
6
 73
3
 74
0
 40
0.0
 40
0.0
 40
0.0
 40
1.0
 40
1.0
 40
1.0
 10
249.46654735343986
 20
237.46022326591145
 30
0.0
 10
249.31454214510654
 20
236.8442336825781
 30
0.0
 10
249.20256297843986
 20
236.23621284924477
 30
0.0
  0
SPLINE
  5
2EE
330
17
100
AcDbEntity
  8
ENGRAVE
100
AcDbSpline
 70
0
 71
2
 72
6
 73
3
 74
0
 40
0.0
 40
0.0
 40
0.0
 40
1.0
 40
1.0
 40
1.0
 10
248.77855256177318
 20
240.98824409924478
 30
0.0
 10
248.99454214510652
 20
240.98824409924478
 30
0.0
 10
249.20256297843986
 20
241.0042336825781
 30
0.0
  0
SPLINE
  5
2EF
330
17
100
AcDbEntity
  8
ENGRAVE
100
AcDbSpline
 70
0
 71
2
 72
6
 73
3
 74
0
 40
0.0
 40
0.0
 40
0.0
 40
1.0
 40
1.0
 40
1.0
 10
249.20256297843986
 20
236.23621284924477
 30
0.0
 10
249.15454214510652
 20
235.9322024325781
 30
0.0
 10
249.22654735343986
 20
235.79621284924477
 30
0.0
  0
SPLINE
  5
2F0
330
17
100
AcDbEntity
  8
ENGRAVE
100
AcDbSpline
 70
0
 71
2
 72
6
 73
3
 74
0
 40
0.0
 40
0.0
 40
0.0
 40
1.0
 40
1.0
 40
1.0
 10
249.20256297843986
 20
241.0042336825781
 30
0.0
 10
249.4105838117732
 20
241.02022326591145
 30
0.0
 10
249.4585525617732
 20
241.03621284924478
 30
0.0
  0
SPLINE
  5
2F1
330
17
100
AcDbEntity
  8
ENGRAVE
100
AcDbSpline
 70
0
 71
2
 72
6
 73
3
 74
0
 40
0.0
 40
0.0
 40
0.0
 40
1.0
 40
1.0
 40
1.0
 10
249.84256297843987
 20
238.74824409924477
 30
0.0
 10
249.61855256177319
 20
238.07621284924477
 30
0.0
 10
249.46654735343986
 20
237.46022326591145
 30
0.0
  0
SPLINE
  5
2F2
330
17
100
AcDbEntity
  8
ENGRAVE
100
AcDbSpline
 70
0
 71
2
 72
6
 73
3
 74
0
 40
0.0
 40
0.0
 40
0.0
 40
1.0
 40
1.0
 40
1.0
 10
249.4585525617732
 20
241.03621284924478
 30
0.0
 10
249.52256297843985
 20
241.06824409924477
 30
0.0
 10
249.58657339510654
 20
241.1242336825781
 30
0.0
  0
SPLINE
  5
2F3
330
17
100
AcDbEntity
  8
ENGRAVE
100
AcDbSpline
 70
0
 71
2
 72
6
 73
3
 74
0
 40
0.0
 40
0.0
 40
0.0
 40
1.0
 40
1.0
 40
1.0
 10
249.22654735343986
 20
235.79621284924477
 30
0.0
 10
249.2985525617732
 20
235.66022326591144
 30
0.0
 10
249.63454214510654
 20
235.62824409924477
 30
0.0
  0
SPLINE
  5
2F4
330
17
100
AcDbEntity
  8
ENGRAVE
100
AcDbSpline
 70
0
 71
2
 72
6
 73
3
 74
0
 40
0.0
 40
0.0
 40
0.0
 40
1.0
 40
1.0
 40
1.0
 10
249.58657339510654
 20
241.1242336825781
 30
0.0
 10
249.6505838117732
 20
241.18022326591145
 30
0.0
 10
249.68256297843988
 20
241.2922024325781
 30
0.0
  0
SPLINE
  5
2F5
330
17
100
AcDbEntity
  8
ENGRAVE
100
AcDbSpline
 70
0
 71
2
 72
6
 73
3
 74
0
 40
0.0
 40
0.0
 40
0.0
 40
1.0
 40
1.0
 40
1.0
 10
249.68256297843988
 20
241.2922024325781
 30
0.0
 10
249.76256297843986
 20
241.46824409924477
 30
0.0
 10
249.82657339510652
 20
241.5642336825781
 30
0.0
  0
SPLINE
  5
2F6
330
17
100
AcDbEntity
  8
ENGRAVE
100
AcDbSpline
 70
0
 71
2
 72
6
 73
3
 74
0
 40
0.0
 40
0.0
 40
0.0
 40
1.0
 40
1.0
 40
1.0
 10
250.16256297843987
 20
239.34022326591145
 30
0.0
 10
250.03454214510654
 20
239.06824409924477
 30
0.0
 10
249.84256297843987
 20
238.74824409924477
 30
0.0
  0
SPLINE
  5
2F7
330
17
100
AcDbEntity
  8
ENGRAVE
100
AcDbSpline
 70
0
 71
2
 72
6
 73
3
 74
0
 40
0.0
 40
0.0
 40
0.0
 40
1.0
 40
1.0
 40
1.0
 10
249.82657339510652
 20
241.5642336825781
 30
0.0
 10
249.89058381177318
 20
241.66022326591144
 30
0.0
 10
250.00256297843987
 20
241.8522024325781
 30
0.0
  0
SPLINE
  5
2F8
330
17
100
AcDbEntity
  8
ENGRAVE
100
AcDbSpline
 70
0
 71
2
 72
6
 73
3
 74
0
 40
0.0
 40
0.0
 40
0.0
 40
1.0
 40
1.0
 40
1.0
 10
249.63454214510654
 20
235.62824409924477
 30
0.0
 10
249.8105838117732
 20
235.6122024325781
 30
0.0
 10
250.14657339510654
 20
235.63621284924477
 30
0.0
  0
SPLINE
  5
2F9
330
17
100
AcDbEntity
  8
ENGRAVE
100
AcDbSpline
 70
0
 71
2
 72
6
 73
3
 74
0
 40
0.0
 40
0.0
 40
0.0
 40
1.0
 40
1.0
 40
1.0
 10
250.35454214510654
 20
239.67621284924476
 30
0.0
 10
250.2905838117732
 20
239.6122024325781
 30
0.0
 10
250.16256297843987
 20
239.34022326591145
 30
0.0
  0
SPLINE
  5
2FA
330
17
100
AcDbEntity
  8
ENGRAVE
100
AcDbSpline
 70
0
 71
2
 72
6
 73
3
 74
0
 40
0.0
 40
0.0
 40
0.0
 40
1.0
 40
1.0
 40
1.0
 10
250.00256297843987
 20
241.8522024325781
 30
0.0
 10
250.11454214510653
 20
242.06022326591145
 30
0.0
 10
250.18654735343986
 20
242.2042336825781
 30
0.0
  0
SPLINE
  5
2FB
330
17
100
AcDbEntity
  8
ENGRAVE
100
AcDbSpline
 70
0
 71
2
 72
6
 73
3
 74
0
 40
0.0
 40
0.0
 40
0.0
 40
1.0
 40
1.0
 40
1.0
 10
251.63454214510654
 20
234.92423368257812
 30
0.0
 10
250.91454214510654
 20
234.47621284924477
 30
0.0
 10
250.19454214510654
 20
234.38022326591144
 30
0.0
  0
SPLINE
  5
2FC
330
17
100
AcDbEntity
  8
ENGRAVE
100
AcDbSpline
 70
0
 71
2
 72
6
 73
3
 74
0
 40
0.0
 40
0.0
 40
0.0
 40
1.0
 40
1.0
 40
1.0
 10
250.47456818677318
 20
239.87623889091145
 30
0.0
 10
250.4185525617732
 20
239.80423368257811
 30
0.0
 10
250.35454214510654
 20
239.67621284924476
 30
0.0
  0
SPLINE
  5
2FD
330
17
100
AcDbEntity
  8
ENGRAVE
100
AcDbSpline
 70
0
 71
2
 72
6
 73
3
 74
0
 40
0.0
 40
0.0
 40
0.0
 40
1.0
 40
1.0
 40
1.0
 10
250.18654735343986
 20
242.2042336825781
 30
0.0
 10
250.2585525617732
 20
242.34824409924477
 30
0.0
 10
250.4185525617732
 20
242.6042336825781
 30
0.0
  0
SPLINE
  5
2FE
330
17
100
AcDbEntity
  8
ENGRAVE
100
AcDbSpline
 70
0
 71
2
 72
6
 73
3
 74
0
 40
0.0
 40
0.0
 40
0.0
 40
1.0
 40
1.0
 40
1.0
 10
250.6585525617732
 20
239.98022326591143
 30
0.0
 10
250.5305838117732
 20
239.94824409924476
 30
0.0
 10
250.47456818677318
 20
239.87623889091145
 30
0.0
  0
SPLINE
  5
2FF
330
17
100
AcDbEntity
  8
ENGRAVE
100
AcDbSpline
 70
0
 71
2
 72
6
 73
3
 74
0
 40
0.0
 40
0.0
 40
0.0
 40
1.0
 40
1.0
 40
1.0
 10
250.4185525617732
 20
242.6042336825781
 30
0.0
 10
250.4985525617732
 20
242.71621284924478
 30
0.0
 10
250.5945681867732
 20
242.87621284924478
 30
0.0
  0
SPLINE
  5
300
330
17
100
AcDbEntity
  8
ENGRAVE
100
AcDbSpline
 70
0
 71
2
 72
6
 73
3
 74
0
 40
0.0
 40
0.0
 40
0.0
 40
1.0
 40
1.0
 40
1.0
 10
250.85055777010652
 20
240.0122024325781
 30
0.0
 10
250.78657339510653
 20
240.0122024325781
 30
0.0
 10
250.6585525617732
 20
239.98022326591143
 30
0.0
  0
SPLINE
  5
301
330
17
100
AcDbEntity
  8
ENGRAVE
100
AcDbSpline
 70
0
 71
2
 72
6
 73
3
 74
0
 40
0.0
 40
0.0
 40
0.0
 40
1.0
 40
1.0
 40
1.0
 10
250.14657339510654
 20
235.63621284924477
 30
0.0
 10
250.48256297843986
 20
235.66022326591144
 30
0.0
 10
250.70657339510652
 20
235.7242336825781
 30
0.0
  0
SPLINE
  5
302
330
17
100
AcDbEntity
  8
ENGRAVE
100
AcDbSpline
 70
0
 71
2
 72
6
 73
3
 74
0
 40
0.0
 40
0.0
 40
0.0
 40
1.0
 40
1.0
 40
1.0
 10
250.5945681867732
 20
242.87621284924478
 30
0.0
 10
250.6905838117732
 20
243.03621284924478
 30
0.0
 10
250.83454214510652
 20
243.14824409924478
 30
0.0
  0
SPLINE
  5
303
330
17
100
AcDbEntity
  8
ENGRAVE
100
AcDbSpline
 70
0
 71
2
 72
6
 73
3
 74
0
 40
0.0
 40
0.0
 40
0.0
 40
1.0
 40
1.0
 40
1.0
 10
251.12256297843987
 20
240.02824409924477
 30
0.0
 10
250.91454214510654
 20
240.0122024325781
 30
0.0
 10
250.85055777010652
 20
240.0122024325781
 30
0.0
  0
SPLINE
  5
304
330
17
100
AcDbEntity
  8
ENGRAVE
100
AcDbSpline
 70
0
 71
2
 72
6
 73
3
 74
0
 40
0.0
 40
0.0
 40
0.0
 40
1.0
 40
1.0
 40
1.0
 10
250.70657339510652
 20
235.7242336825781
 30
0.0
 10
250.88256297843986
 20
235.80423368257811
 30
0.0
 10
251.0745681867732
 20
235.89222847424477
 30
0.0
  0
SPLINE
  5
305
330
17
100
AcDbEntity
  8
ENGRAVE
100
AcDbSpline
 70
0
 71
2
 72
6
 73
3
 74
0
 40
0.0
 40
0.0
 40
0.0
 40
1.0
 40
1.0
 40
1.0
 10
251.52256297843985
 20
240.03623889091145
 30
0.0
 10
251.2505838117732
 20
240.02824409924477
 30
0.0
 10
251.12256297843987
 20
240.02824409924477
 30
0.0
  0
SPLINE
  5
306
330
17
100
AcDbEntity
  8
ENGRAVE
100
AcDbSpline
 70
0
 71
2
 72
6
 73
3
 74
0
 40
0.0
 40
0.0
 40
0.0
 40
1.0
 40
1.0
 40
1.0
 10
251.28256297843987
 20
241.53220243257812
 30
0.0
 10
251.02657339510654
 20
241.18022326591145
 30
0.0
 10
251.18657339510654
 20
241.13222847424478
 30
0.0
  0
SPLINE
  5
307
330
17
100
AcDbEntity
  8
ENGRAVE
100
AcDbSpline
 70
0
 71
2
 72
6
 73
3
 74
0
 40
0.0
 40
0.0
 40
0.0
 40
1.0
 40
1.0
 40
1.0
 10
251.5945681867732
 20
242.02022326591145
 30
0.0
 10
251.42657339510652
 20
241.80423368257811
 30
0.0
 10
251.28256297843987
 20
241.53220243257812
 30
0.0
  0
SPLINE
  5
308
330
17
100
AcDbEntity
  8
ENGRAVE
100
AcDbSpline
 70
0
 71
2
 72
6
 73
3
 74
0
 40
0.0
 40
0.0
 40
0.0
 40
1.0
 40
1.0
 40
1.0
 10
250.83454214510652
 20
243.14824409924478
 30
0.0
 10
250.9785525617732
 20
243.27621284924479
 30
0.0
 10
251.30654735343987
 20
243.33222847424477
 30
0.0
  0
SPLINE
  5
309
330
17
100
AcDbEntity
  8
ENGRAVE
100
AcDbSpline
 70
0
 71
2
 72
6
 73
3
 74
0
 40
0.0
 40
0.0
 40
0.0
 40
1.0
 40
1.0
 40
1.0
 10
251.0745681867732
 20
235.89222847424477
 30
0.0
 10
251.26657339510652
 20
235.98022326591143
 30
0.0
 10
251.42657339510652
 20
236.07621284924477
 30
0.0
  0
SPLINE
  5
30A
330
17
100
AcDbEntity
  8
ENGRAVE
100
AcDbSpline
 70
0
 71
2
 72
6
 73
3
 74
0
 40
0.0
 40
0.0
 40
0.0
 40
1.0
 40
1.0
 40
1.0
 10
252.1785525617732
 20
240.10824409924479
 30
0.0
 10
251.79454214510653
 20
240.0442336825781
 30
0.0
 10
251.52256297843985
 20
240.03623889091145
 30
0.0
  0
SPLINE
  5
30B
330
17
100
AcDbEntity
  8
ENGRAVE
100
AcDbSpline
 70
0
 71
2
 72
6
 73
3
 74
0
 40
0.0
 40
0.0
 40
0.0
 40
1.0
 40
1.0
 40
1.0
 10
251.89058381177318
 20
242.50824409924476
 30
0.0
 10
251.76256297843986
 20
242.23621284924477
 30
0.0
 10
251.5945681867732
 20
242.02022326591145
 30
0.0
  0
SPLINE
  5
30C
330
17
100
AcDbEntity
  8
ENGRAVE
100
AcDbSpline
 70
0
 71
2
 72
6
 73
3
 74
0
 40
0.0
 40
0.0
 40
0.0
 40
1.0
 40
1.0
 40
1.0
 10
252.22657339510653
 20
235.47621284924477
 30
0.0
 10
252.14657339510654
 20
235.2122024325781
 30
0.0
 10
251.63454214510654
 20
234.92423368257812
 30
0.0
  0
SPLINE
  5
30D
330
17
100
AcDbEntity
  8
ENGRAVE
100
AcDbSpline
 70
0
 71
2
 72
6
 73
3
 74
0
 40
0.0
 40
0.0
 40
0.0
 40
1.0
 40
1.0
 40
1.0
 10
251.42657339510652
 20
236.07621284924477
 30
0.0
 10
251.5705838117732
 20
236.15621284924478
 30
0.0
 10
251.7145681867732
 20
236.24420764091144
 30
0.0
  0
SPLINE
  5
30E
330
17
100
AcDbEntity
  8
ENGRAVE
100
AcDbSpline
 70
0
 71
2
 72
6
 73
3
 74
0
 40
0.0
 40
0.0
 40
0.0
 40
1.0
 40
1.0
 40
1.0
 10
251.7145681867732
 20
236.24420764091144
 30
0.0
 10
251.8585525617732
 20
236.3322024325781
 30
0.0
 10
251.8585525617732
 20
236.3322024325781
 30
0.0
  0
SPLINE
  5
30F
330
17
100
AcDbEntity
  8
ENGRAVE
100
AcDbSpline
 70
0
 71
2
 72
6
 73
3
 74
0
 40
0.0
 40
0.0
 40
0.0
 40
1.0
 40
1.0
 40
1.0
 10
251.30654735343987
 20
243.33222847424477
 30
0.0
 10
251.63454214510654
 20
243.3882440992448
 30
0.0
 10
251.87454214510652
 20
243.18022326591145
 30
0.0
  0
SPLINE
  5
310
330
17
100
AcDbEntity
  8
ENGRAVE
100
AcDbSpline
 70
0
 71
2
 72
6
 73
3
 74
0
 40
0.0
 40
0.0
 40
0.0
 40
1.0
 40
1.0
 40
1.0
 10
252.0185525617732
 20
242.87621284924478
 30
0.0
 10
252.03454214510654
 20
242.7322024325781
 30
0.0
 10
251.89058381177318
 20
242.50824409924476
 30
0.0
  0
SPLINE
  5
311
330
17
100
AcDbEntity
  8
ENGRAVE
100
AcDbSpline
 70
0
 71
2
 72
6
 73
3
 74
0
 40
0.0
 40
0.0
 40
0.0
 40
1.0
 40
1.0
 40
1.0
 10
251.87454214510652
 20
243.18022326591145
 30
0.0
 10
252.00256297843987
 20
243.02022326591145
 30
0.0
 10
252.0185525617732
 20
242.87621284924478
 30
0.0
  0
SPLINE
  5
312
330
17
100
AcDbEntity
  8
ENGRAVE
100
AcDbSpline
 70
0
 71
2
 72
6
 73
3
 74
0
 40
0.0
 40
0.0
 40
0.0
 40
1.0
 40
1.0
 40
1.0
 10
251.18657339510654
 20
241.13222847424478
 30
0.0
 10
251.34657339510653
 20
241.08423368257812
 30
0.0
 10
252.08256297843985
 20
241.19621284924477
 30
0.0
  0
SPLINE
  5
313
330
17
100
AcDbEntity
  8
ENGRAVE
100
AcDbSpline
 70
0
 71
2
 72
6
 73
3
 74
0
 40
0.0
 40
0.0
 40
0.0
 40
1.0
 40
1.0
 40
1.0
 10
251.8585525617732
 20
236.3322024325781
 30
0.0
 10
251.9385525617732
 20
236.46022326591145
 30
0.0
 10
252.09055777010653
 20
236.29222847424478
 30
0.0
  0
SPLINE
  5
314
330
17
100
AcDbEntity
  8
ENGRAVE
100
AcDbSpline
 70
0
 71
2
 72
6
 73
3
 74
0
 40
0.0
 40
0.0
 40
0.0
 40
1.0
 40
1.0
 40
1.0
 10
252.9145681867732
 20
240.18824409924477
 30
0.0
 10
252.78657339510653
 20
240.10824409924479
 30
0.0
 10
252.1785525617732
 20
240.10824409924479
 30
0.0
  0
SPLINE
  5
315
330
17
100
AcDbEntity
  8
ENGRAVE
100
AcDbSpline
 70
0
 71
2
 72
6
 73
3
 74
0
 40
0.0
 40
0.0
 40
0.0
 40
1.0
 40
1.0
 40
1.0
 10
252.30657339510654
 20
235.9322024325781
 30
0.0
 10
252.30657339510654
 20
235.74022326591145
 30
0.0
 10
252.22657339510653
 20
235.47621284924477
 30
0.0
  0
SPLINE
  5
316
330
17
100
AcDbEntity
  8
ENGRAVE
100
AcDbSpline
 70
0
 71
2
 72
6
 73
3
 74
0
 40
0.0
 40
0.0
 40
0.0
 40
1.0
 40
1.0
 40
1.0
 10
252.09055777010653
 20
236.29222847424478
 30
0.0
 10
252.24256297843985
 20
236.1242336825781
 30
0.0
 10
252.30657339510654
 20
235.9322024325781
 30
0.0
  0
SPLINE
  5
317
330
17
100
AcDbEntity
  8
ENGRAVE
100
AcDbSpline
 70
0
 71
2
 72
6
 73
3
 74
0
 40
0.0
 40
0.0
 40
0.0
 40
1.0
 40
1.0
 40
1.0
 10
252.08256297843985
 20
241.19621284924477
 30
0.0
 10
252.54657339510652
 20
241.27621284924479
 30
0.0
 10
252.75456818677318
 20
241.10022326591144
 30
0.0
  0
SPLINE
  5
318
330
17
100
AcDbEntity
  8
ENGRAVE
100
AcDbSpline
 70
0
 71
2
 72
6
 73
3
 74
0
 40
0.0
 40
0.0
 40
0.0
 40
1.0
 40
1.0
 40
1.0
 10
253.0345681867732
 20
235.36423368257812
 30
0.0
 10
252.96256297843988
 20
235.50022326591144
 30
0.0
 10
252.89855256177322
 20
235.5642336825781
 30
0.0
  0
SPLINE
  5
319
330
17
100
AcDbEntity
  8
ENGRAVE
100
AcDbSpline
 70
0
 71
2
 72
6
 73
3
 74
0
 40
0.0
 40
0.0
 40
0.0
 40
1.0
 40
1.0
 40
1.0
 10
252.99454214510652
 20
240.6522024325781
 30
0.0
 10
253.04256297843986
 20
240.26824409924478
 30
0.0
 10
252.9145681867732
 20
240.18824409924477
 30
0.0
  0
SPLINE
  5
31A
330
17
100
AcDbEntity
  8
ENGRAVE
100
AcDbSpline
 70
0
 71
2
 72
6
 73
3
 74
0
 40
0.0
 40
0.0
 40
0.0
 40
1.0
 40
1.0
 40
1.0
 10
252.89855256177322
 20
235.5642336825781
 30
0.0
 10
252.8185525617732
 20
235.66022326591144
 30
0.0
 10
252.94654735343988
 20
236.03621284924478
 30
0.0
  0
SPLINE
  5
31B
330
17
100
AcDbEntity
  8
ENGRAVE
100
AcDbSpline
 70
0
 71
2
 72
6
 73
3
 74
0
 40
0.0
 40
0.0
 40
0.0
 40
1.0
 40
1.0
 40
1.0
 10
252.75456818677318
 20
241.10022326591144
 30
0.0
 10
252.96256297843985
 20
240.92423368257812
 30
0.0
 10
252.99454214510652
 20
240.6522024325781
 30
0.0
  0
SPLINE
  5
31C
330
17
100
AcDbEntity
  8
ENGRAVE
100
AcDbSpline
 70
0
 71
2
 72
6
 73
3
 74
0
 40
0.0
 40
0.0
 40
0.0
 40
1.0
 40
1.0
 40
1.0
 10
253.10657339510655
 20
235.1642336825781
 30
0.0
 10
253.10657339510655
 20
235.22824409924476
 30
0.0
 10
253.0345681867732
 20
235.36423368257812
 30
0.0
  0
SPLINE
  5
31D
330
17
100
AcDbEntity
  8
ENGRAVE
100
AcDbSpline
 70
0
 71
2
 72
6
 73
3
 74
0
 40
0.0
 40
0.0
 40
0.0
 40
1.0
 40
1.0
 40
1.0
 10
253.3225629784399
 20
234.9722284742448
 30
0.0
 10
253.10657339510655
 20
235.10022326591144
 30
0.0
 10
253.10657339510655
 20
235.1642336825781
 30
0.0
  0
SPLINE
  5
31E
330
17
100
AcDbEntity
  8
ENGRAVE
100
AcDbSpline
 70
0
 71
2
 72
6
 73
3
 74
0
 40
0.0
 40
0.0
 40
0.0
 40
1.0
 40
1.0
 40
1.0
 10
253.6025629784399
 20
234.71621284924478
 30
0.0
 10
253.5385525617732
 20
234.8442336825781
 30
0.0
 10
253.3225629784399
 20
234.9722284742448
 30
0.0
  0
SPLINE
  5
31F
330
17
100
AcDbEntity
  8
ENGRAVE
100
AcDbSpline
 70
0
 71
2
 72
6
 73
3
 74
0
 40
0.0
 40
0.0
 40
0.0
 40
1.0
 40
1.0
 40
1.0
 10
252.94654735343988
 20
236.03621284924478
 30
0.0
 10
253.07454214510653
 20
236.4122024325781
 30
0.0
 10
253.33055777010654
 20
236.95621284924476
 30
0.0
  0
SPLINE
  5
320
330
17
100
AcDbEntity
  8
ENGRAVE
100
AcDbSpline
 70
0
 71
2
 72
6
 73
3
 74
0
 40
0.0
 40
0.0
 40
0.0
 40
1.0
 40
1.0
 40
1.0
 10
254.9545681867732
 20
234.7082180575781
 30
0.0
 10
254.14657339510654
 20
234.36423368257812
 30
0.0
 10
253.6025629784399
 20
234.71621284924478
 30
0.0
  0
SPLINE
  5
321
330
17
100
AcDbEntity
  8
ENGRAVE
100
AcDbSpline
 70
0
 71
2
 72
6
 73
3
 74
0
 40
0.0
 40
0.0
 40
0.0
 40
1.0
 40
1.0
 40
1.0
 10
253.33055777010654
 20
236.95621284924476
 30
0.0
 10
253.58657339510654
 20
237.50022326591144
 30
0.0
 10
253.89053172843987
 20
238.06022326591145
 30
0.0
  0
SPLINE
  5
322
330
17
100
AcDbEntity
  8
ENGRAVE
100
AcDbSpline
 70
0
 71
2
 72
6
 73
3
 74
0
 40
0.0
 40
0.0
 40
0.0
 40
1.0
 40
1.0
 40
1.0
 10
253.89053172843987
 20
238.06022326591145
 30
0.0
 10
254.01855256177322
 20
238.18824409924477
 30
0.0
 10
254.14654735343987
 20
238.39623889091143
 30
0.0
  0
SPLINE
  5
323
330
17
100
AcDbEntity
  8
ENGRAVE
100
AcDbSpline
 70
0
 71
2
 72
6
 73
3
 74
0
 40
0.0
 40
0.0
 40
0.0
 40
1.0
 40
1.0
 40
1.0
 10
254.14654735343987
 20
238.39623889091143
 30
0.0
 10
254.27454214510655
 20
238.6042336825781
 30
0.0
 10
254.3385525617732
 20
238.66824409924476
 30
0.0
  0
SPLINE
  5
324
330
17
100
AcDbEntity
  8
ENGRAVE
100
AcDbSpline
 70
0
 71
2
 72
6
 73
3
 74
0
 40
0.0
 40
0.0
 40
0.0
 40
1.0
 40
1.0
 40
1.0
 10
254.3385525617732
 20
238.66824409924476
 30
0.0
 10
254.3385525617732
 20
238.7322024325781
 30
0.0
 10
254.38654735343988
 20
238.7882180575781
 30
0.0
  0
SPLINE
  5
325
330
17
100
AcDbEntity
  8
ENGRAVE
100
AcDbSpline
 70
0
 71
2
 72
6
 73
3
 74
0
 40
0.0
 40
0.0
 40
0.0
 40
1.0
 40
1.0
 40
1.0
 10
254.59456818677322
 20
236.37222847424476
 30
0.0
 10
254.4825629784399
 20
236.0442336825781
 30
0.0
 10
254.4825629784399
 20
236.0442336825781
 30
0.0
  0
SPLINE
  5
326
330
17
100
AcDbEntity
  8
ENGRAVE
100
AcDbSpline
 70
0
 71
2
 72
6
 73
3
 74
0
 40
0.0
 40
0.0
 40
0.0
 40
1.0
 40
1.0
 40
1.0
 10
254.38654735343988
 20
238.7882180575781
 30
0.0
 10
254.43454214510655
 20
238.8442336825781
 30
0.0
 10
254.4985525617732
 20
238.8442336825781
 30
0.0
  0
SPLINE
  5
327
330
17
100
AcDbEntity
  8
ENGRAVE
100
AcDbSpline
 70
0
 71
2
 72
6
 73
3
 74
0
 40
0.0
 40
0.0
 40
0.0
 40
1.0
 40
1.0
 40
1.0
 10
254.91454214510654
 20
237.0522024325781
 30
0.0
 10
254.70657339510655
 20
236.70022326591143
 30
0.0
 10
254.59456818677322
 20
236.37222847424476
 30
0.0
  0
SPLINE
  5
328
330
17
100
AcDbEntity
  8
ENGRAVE
100
AcDbSpline
 70
0
 71
2
 72
6
 73
3
 74
0
 40
0.0
 40
0.0
 40
0.0
 40
1.0
 40
1.0
 40
1.0
 10
254.62657339510656
 20
239.10022326591144
 30
0.0
 10
254.6585525617732
 20
239.1642336825781
 30
0.0
 10
254.82654735343988
 20
239.35623889091144
 30
0.0
  0
SPLINE
  5
329
330
17
100
AcDbEntity
  8
ENGRAVE
100
AcDbSpline
 70
0
 71
2
 72
6
 73
3
 74
0
 40
0.0
 40
0.0
 40
0.0
 40
1.0
 40
1.0
 40
1.0
 10
254.4825629784399
 20
236.0442336825781
 30
0.0
 10
254.59454214510654
 20
236.02824409924477
 30
0.0
 10
254.83454214510655
 20
236.1642336825781
 30
0.0
  0
SPLINE
  5
32A
330
17
100
AcDbEntity
  8
ENGRAVE
100
AcDbSpline
 70
0
 71
2
 72
6
 73
3
 74
0
 40
0.0
 40
0.0
 40
0.0
 40
1.0
 40
1.0
 40
1.0
 10
256.05855256177324
 20
238.75621284924478
 30
0.0
 10
255.57053172843987
 20
238.1722024325781
 30
0.0
 10
254.91454214510654
 20
237.0522024325781
 30
0.0
  0
SPLINE
  5
32B
330
17
100
AcDbEntity
  8
ENGRAVE
100
AcDbSpline
 70
0
 71
2
 72
6
 73
3
 74
0
 40
0.0
 40
0.0
 40
0.0
 40
1.0
 40
1.0
 40
1.0
 10
256.8985525617732
 20
236.2042336825781
 30
0.0
 10
255.7625629784399
 20
235.0522024325781
 30
0.0
 10
254.9545681867732
 20
234.7082180575781
 30
0.0
  0
SPLINE
  5
32C
330
17
100
AcDbEntity
  8
ENGRAVE
100
AcDbSpline
 70
0
 71
2
 72
6
 73
3
 74
0
 40
0.0
 40
0.0
 40
0.0
 40
1.0
 40
1.0
 40
1.0
 10
254.82654735343988
 20
239.35623889091144
 30
0.0
 10
254.99454214510655
 20
239.54824409924478
 30
0.0
 10
255.23454214510656
 20
239.78022326591145
 30
0.0
  0
SPLINE
  5
32D
330
17
100
AcDbEntity
  8
ENGRAVE
100
AcDbSpline
 70
0
 71
2
 72
6
 73
3
 74
0
 40
0.0
 40
0.0
 40
0.0
 40
1.0
 40
1.0
 40
1.0
 10
254.83454214510655
 20
236.1642336825781
 30
0.0
 10
255.07454214510653
 20
236.30022326591143
 30
0.0
 10
255.47454214510654
 20
236.62022326591145
 30
0.0
  0
SPLINE
  5
32E
330
17
100
AcDbEntity
  8
ENGRAVE
100
AcDbSpline
 70
0
 71
2
 72
6
 73
3
 74
0
 40
0.0
 40
0.0
 40
0.0
 40
1.0
 40
1.0
 40
1.0
 10
255.23454214510656
 20
239.78022326591145
 30
0.0
 10
255.47454214510654
 20
240.0122024325781
 30
0.0
 10
255.72253693677322
 20
240.22022326591144
 30
0.0
  0
SPLINE
  5
32F
330
17
100
AcDbEntity
  8
ENGRAVE
100
AcDbSpline
 70
0
 71
2
 72
6
 73
3
 74
0
 40
0.0
 40
0.0
 40
0.0
 40
1.0
 40
1.0
 40
1.0
 10
256.86657339510657
 20
239.34022326591145
 30
0.0
 10
256.5465733951065
 20
239.34022326591145
 30
0.0
 10
256.05855256177324
 20
238.75621284924478
 30
0.0
  0
SPLINE
  5
330
330
17
100
AcDbEntity
  8
ENGRAVE
100
AcDbSpline
 70
0
 71
2
 72
6
 73
3
 74
0
 40
0.0
 40
0.0
 40
0.0
 40
1.0
 40
1.0
 40
1.0
 10
255.72253693677322
 20
240.22022326591144
 30
0.0
 10
255.97053172843988
 20
240.42824409924478
 30
0.0
 10
256.1305317284399
 20
240.5242336825781
 30
0.0
  0
SPLINE
  5
331
330
17
100
AcDbEntity
  8
ENGRAVE
100
AcDbSpline
 70
0
 71
2
 72
6
 73
3
 74
0
 40
0.0
 40
0.0
 40
0.0
 40
1.0
 40
1.0
 40
1.0
 10
255.47454214510654
 20
236.62022326591145
 30
0.0
 10
256.0185525617732
 20
237.08423368257812
 30
0.0
 10
256.37055777010653
 20
237.38821805757811
 30
0.0
  0
SPLINE
  5
332
330
17
100
AcDbEntity
  8
ENGRAVE
100
AcDbSpline
 70
0
 71
2
 72
6
 73
3
 74
0
 40
0.0
 40
0.0
 40
0.0
 40
1.0
 40
1.0
 40
1.0
 10
256.1305317284399
 20
240.5242336825781
 30
0.0
 10
256.46657339510654
 20
240.74824409924477
 30
0.0
 10
256.82657339510655
 20
240.73222847424478
 30
0.0
  0
SPLINE
  5
333
330
17
100
AcDbEntity
  8
ENGRAVE
100
AcDbSpline
 70
0
 71
2
 72
6
 73
3
 74
0
 40
0.0
 40
0.0
 40
0.0
 40
1.0
 40
1.0
 40
1.0
 10
257.1225369367732
 20
239.22821805757812
 30
0.0
 10
256.99454214510655
 20
239.34022326591145
 30
0.0
 10
256.86657339510657
 20
239.34022326591145
 30
0.0
  0
SPLINE
  5
334
330
17
100
AcDbEntity
  8
ENGRAVE
100
AcDbSpline
 70
0
 71
2
 72
6
 73
3
 74
0
 40
0.0
 40
0.0
 40
0.0
 40
1.0
 40
1.0
 40
1.0
 10
257.0985525617732
 20
236.42022326591143
 30
0.0
 10
256.99454214510655
 20
236.30022326591143
 30
0.0
 10
256.8985525617732
 20
236.2042336825781
 30
0.0
  0
SPLINE
  5
335
330
17
100
AcDbEntity
  8
ENGRAVE
100
AcDbSpline
 70
0
 71
2
 72
6
 73
3
 74
0
 40
0.0
 40
0.0
 40
0.0
 40
1.0
 40
1.0
 40
1.0
 10
256.37055777010653
 20
237.38821805757811
 30
0.0
 10
256.7225629784399
 20
237.6922024325781
 30
0.0
 10
257.05855256177324
 20
238.1722024325781
 30
0.0
  0
SPLINE
  5
336
330
17
100
AcDbEntity
  8
ENGRAVE
100
AcDbSpline
 70
0
 71
2
 72
6
 73
3
 74
0
 40
0.0
 40
0.0
 40
0.0
 40
1.0
 40
1.0
 40
1.0
 10
257.26657339510655
 20
236.62022326591145
 30
0.0
 10
257.20256297843986
 20
236.54022326591144
 30
0.0
 10
257.0985525617732
 20
236.42022326591143
 30
0.0
  0
SPLINE
  5
337
330
17
100
AcDbEntity
  8
ENGRAVE
100
AcDbSpline
 70
0
 71
2
 72
6
 73
3
 74
0
 40
0.0
 40
0.0
 40
0.0
 40
1.0
 40
1.0
 40
1.0
 10
257.4105317284399
 20
238.74824409924477
 30
0.0
 10
257.2505317284399
 20
239.11621284924476
 30
0.0
 10
257.1225369367732
 20
239.22821805757812
 30
0.0
  0
SPLINE
  5
338
330
17
100
AcDbEntity
  8
ENGRAVE
100
AcDbSpline
 70
0
 71
2
 72
6
 73
3
 74
0
 40
0.0
 40
0.0
 40
0.0
 40
1.0
 40
1.0
 40
1.0
 10
257.3865473534399
 20
236.27621284924479
 30
0.0
 10
257.2825629784399
 20
236.54022326591144
 30
0.0
 10
257.26657339510655
 20
236.62022326591145
 30
0.0
  0
SPLINE
  5
339
330
17
100
AcDbEntity
  8
ENGRAVE
100
AcDbSpline
 70
0
 71
2
 72
6
 73
3
 74
0
 40
0.0
 40
0.0
 40
0.0
 40
1.0
 40
1.0
 40
1.0
 10
257.55454214510655
 20
235.91621284924477
 30
0.0
 10
257.49053172843986
 20
236.0122024325781
 30
0.0
 10
257.3865473534399
 20
236.27621284924479
 30
0.0
  0
SPLINE
  5
33A
330
17
100
AcDbEntity
  8
ENGRAVE
100
AcDbSpline
 70
0
 71
2
 72
6
 73
3
 74
0
 40
0.0
 40
0.0
 40
0.0
 40
1.0
 40
1.0
 40
1.0
 10
256.82657339510655
 20
240.73222847424478
 30
0.0
 10
257.18657339510656
 20
240.71621284924478
 30
0.0
 10
257.44256297843987
 20
240.50824409924476
 30
0.0
  0
SPLINE
  5
33B
330
17
100
AcDbEntity
  8
ENGRAVE
100
AcDbSpline
 70
0
 71
2
 72
6
 73
3
 74
0
 40
0.0
 40
0.0
 40
0.0
 40
1.0
 40
1.0
 40
1.0
 10
258.4185525617732
 20
235.0042336825781
 30
0.0
 10
257.93855256177324
 20
235.18022326591145
 30
0.0
 10
257.55454214510655
 20
235.91621284924477
 30
0.0
  0
SPLINE
  5
33C
330
17
100
AcDbEntity
  8
ENGRAVE
100
AcDbSpline
 70
0
 71
2
 72
6
 73
3
 74
0
 40
0.0
 40
0.0
 40
0.0
 40
1.0
 40
1.0
 40
1.0
 10
257.44256297843987
 20
240.50824409924476
 30
0.0
 10
257.49053172843986
 20
240.46022326591145
 30
0.0
 10
257.6585525617732
 20
240.31621284924478
 30
0.0
  0
SPLINE
  5
33D
330
17
100
AcDbEntity
  8
ENGRAVE
100
AcDbSpline
 70
0
 71
2
 72
6
 73
3
 74
0
 40
0.0
 40
0.0
 40
0.0
 40
1.0
 40
1.0
 40
1.0
 10
257.6585525617732
 20
240.31621284924478
 30
0.0
 10
257.82657339510655
 20
240.1722024325781
 30
0.0
 10
258.0425629784399
 20
239.99621284924478
 30
0.0
  0
SPLINE
  5
33E
330
17
100
AcDbEntity
  8
ENGRAVE
100
AcDbSpline
 70
0
 71
2
 72
6
 73
3
 74
0
 40
0.0
 40
0.0
 40
0.0
 40
1.0
 40
1.0
 40
1.0
 10
259.4265733951066
 20
234.8922024325781
 30
0.0
 10
258.8985525617732
 20
234.82824409924478
 30
0.0
 10
258.4185525617732
 20
235.0042336825781
 30
0.0
  0
SPLINE
  5
33F
330
17
100
AcDbEntity
  8
ENGRAVE
100
AcDbSpline
 70
0
 71
2
 72
6
 73
3
 74
0
 40
0.0
 40
0.0
 40
0.0
 40
1.0
 40
1.0
 40
1.0
 10
258.0425629784399
 20
239.99621284924478
 30
0.0
 10
258.25855256177323
 20
239.82022326591144
 30
0.0
 10
258.4185525617732
 20
239.67621284924476
 30
0.0
  0
SPLINE
  5
340
330
17
100
AcDbEntity
  8
ENGRAVE
100
AcDbSpline
 70
0
 71
2
 72
6
 73
3
 74
0
 40
0.0
 40
0.0
 40
0.0
 40
1.0
 40
1.0
 40
1.0
 10
258.7385525617732
 20
238.34824409924477
 30
0.0
 10
258.5305317284399
 20
237.70824409924478
 30
0.0
 10
258.6265473534399
 20
237.22824409924476
 30
0.0
  0
SPLINE
  5
341
330
17
100
AcDbEntity
  8
ENGRAVE
100
AcDbSpline
 70
0
 71
2
 72
6
 73
3
 74
0
 40
0.0
 40
0.0
 40
0.0
 40
1.0
 40
1.0
 40
1.0
 10
258.6265473534399
 20
237.22824409924476
 30
0.0
 10
258.7225629784399
 20
236.74824409924477
 30
0.0
 10
258.93053172843986
 20
236.39621284924476
 30
0.0
  0
SPLINE
  5
342
330
17
100
AcDbEntity
  8
ENGRAVE
100
AcDbSpline
 70
0
 71
2
 72
6
 73
3
 74
0
 40
0.0
 40
0.0
 40
0.0
 40
1.0
 40
1.0
 40
1.0
 10
259.1545421451065
 20
231.09222847424476
 30
0.0
 10
259.0265213117732
 20
231.3242336825781
 30
0.0
 10
259.10652131177324
 20
231.74022326591145
 30
0.0
  0
SPLINE
  5
343
330
17
100
AcDbEntity
  8
ENGRAVE
100
AcDbSpline
 70
0
 71
2
 72
6
 73
3
 74
0
 40
0.0
 40
0.0
 40
0.0
 40
1.0
 40
1.0
 40
1.0
 10
259.3465213117732
 20
230.78022326591145
 30
0.0
 10
259.2825629784399
 20
230.86022326591143
 30
0.0
 10
259.1545421451065
 20
231.09222847424476
 30
0.0
  0
SPLINE
  5
344
330
17
100
AcDbEntity
  8
ENGRAVE
100
AcDbSpline
 70
0
 71
2
 72
6
 73
3
 74
0
 40
0.0
 40
0.0
 40
0.0
 40
1.0
 40
1.0
 40
1.0
 10
259.10652131177324
 20
231.74022326591145
 30
0.0
 10
259.1865213117732
 20
232.0122024325781
 30
0.0
 10
259.23454214510656
 20
232.27621284924479
 30
0.0
  0
SPLINE
  5
345
330
17
100
AcDbEntity
  8
ENGRAVE
100
AcDbSpline
 70
0
 71
2
 72
6
 73
3
 74
0
 40
0.0
 40
0.0
 40
0.0
 40
1.0
 40
1.0
 40
1.0
 10
259.23454214510656
 20
232.27621284924479
 30
0.0
 10
259.2825629784399
 20
232.54022326591144
 30
0.0
 10
259.2825629784399
 20
232.66824409924476
 30
0.0
  0
SPLINE
  5
346
330
17
100
AcDbEntity
  8
ENGRAVE
100
AcDbSpline
 70
0
 71
2
 72
6
 73
3
 74
0
 40
0.0
 40
0.0
 40
0.0
 40
1.0
 40
1.0
 40
1.0
 10
259.2825629784399
 20
232.66824409924476
 30
0.0
 10
259.2825629784399
 20
232.7322024325781
 30
0.0
 10
259.32256297843986
 20
232.91621284924477
 30
0.0
  0
SPLINE
  5
347
330
17
100
AcDbEntity
  8
ENGRAVE
100
AcDbSpline
 70
0
 71
2
 72
6
 73
3
 74
0
 40
0.0
 40
0.0
 40
0.0
 40
1.0
 40
1.0
 40
1.0
 10
259.54652131177323
 20
230.64420764091145
 30
0.0
 10
259.42652131177323
 20
230.63621284924477
 30
0.0
 10
259.3465213117732
 20
230.78022326591145
 30
0.0
  0
SPLINE
  5
348
330
17
100
AcDbEntity
  8
ENGRAVE
100
AcDbSpline
 70
0
 71
2
 72
6
 73
3
 74
0
 40
0.0
 40
0.0
 40
0.0
 40
1.0
 40
1.0
 40
1.0
 10
259.32256297843986
 20
232.91621284924477
 30
0.0
 10
259.3625629784399
 20
233.10022326591144
 30
0.0
 10
259.3625629784399
 20
233.18022326591145
 30
0.0
  0
SPLINE
  5
349
330
17
100
AcDbEntity
  8
ENGRAVE
100
AcDbSpline
 70
0
 71
2
 72
6
 73
3
 74
0
 40
0.0
 40
0.0
 40
0.0
 40
1.0
 40
1.0
 40
1.0
 10
259.7225629784399
 20
235.09222847424476
 30
0.0
 10
259.58657339510654
 20
234.92423368257812
 30
0.0
 10
259.4265733951066
 20
234.8922024325781
 30
0.0
  0
SPLINE
  5
34A
330
17
100
AcDbEntity
  8
ENGRAVE
100
AcDbSpline
 70
0
 71
2
 72
6
 73
3
 74
0
 40
0.0
 40
0.0
 40
0.0
 40
1.0
 40
1.0
 40
1.0
 10
259.3625629784399
 20
233.18022326591145
 30
0.0
 10
259.44256297843987
 20
233.30824409924477
 30
0.0
 10
259.49055777010653
 20
233.53222847424476
 30
0.0
  0
SPLINE
  5
34B
330
17
100
AcDbEntity
  8
ENGRAVE
100
AcDbSpline
 70
0
 71
2
 72
6
 73
3
 74
0
 40
0.0
 40
0.0
 40
0.0
 40
1.0
 40
1.0
 40
1.0
 10
258.93053172843986
 20
236.39621284924476
 30
0.0
 10
259.0905317284399
 20
236.06022326591145
 30
0.0
 10
259.50657339510656
 20
235.99621284924478
 30
0.0
  0
SPLINE
  5
34C
330
17
100
AcDbEntity
  8
ENGRAVE
100
AcDbSpline
 70
0
 71
2
 72
6
 73
3
 74
0
 40
0.0
 40
0.0
 40
0.0
 40
1.0
 40
1.0
 40
1.0
 10
259.49055777010653
 20
233.53222847424476
 30
0.0
 10
259.5385525617732
 20
233.75621284924478
 30
0.0
 10
259.5385525617732
 20
233.9322024325781
 30
0.0
  0
SPLINE
  5
34D
330
17
100
AcDbEntity
  8
ENGRAVE
100
AcDbSpline
 70
0
 71
2
 72
6
 73
3
 74
0
 40
0.0
 40
0.0
 40
0.0
 40
1.0
 40
1.0
 40
1.0
 10
259.73053172843987
 20
230.6522024325781
 30
0.0
 10
259.6665213117732
 20
230.6522024325781
 30
0.0
 10
259.54652131177323
 20
230.64420764091145
 30
0.0
  0
SPLINE
  5
34E
330
17
100
AcDbEntity
  8
ENGRAVE
100
AcDbSpline
 70
0
 71
2
 72
6
 73
3
 74
0
 40
0.0
 40
0.0
 40
0.0
 40
1.0
 40
1.0
 40
1.0
 10
259.8585525617732
 20
235.64423368257812
 30
0.0
 10
259.8585525617732
 20
235.26022326591143
 30
0.0
 10
259.7225629784399
 20
235.09222847424476
 30
0.0
  0
SPLINE
  5
34F
330
17
100
AcDbEntity
  8
ENGRAVE
100
AcDbSpline
 70
0
 71
2
 72
6
 73
3
 74
0
 40
0.0
 40
0.0
 40
0.0
 40
1.0
 40
1.0
 40
1.0
 10
260.1625629784399
 20
230.94821805757812
 30
0.0
 10
259.9225629784399
 20
230.6522024325781
 30
0.0
 10
259.73053172843987
 20
230.6522024325781
 30
0.0
  0
SPLINE
  5
350
330
17
100
AcDbEntity
  8
ENGRAVE
100
AcDbSpline
 70
0
 71
2
 72
6
 73
3
 74
0
 40
0.0
 40
0.0
 40
0.0
 40
1.0
 40
1.0
 40
1.0
 10
259.5385525617732
 20
233.9322024325781
 30
0.0
 10
259.5385525617732
 20
234.1242336825781
 30
0.0
 10
259.73053172843987
 20
234.2842336825781
 30
0.0
  0
SPLINE
  5
351
330
17
100
AcDbEntity
  8
ENGRAVE
100
AcDbSpline
 70
0
 71
2
 72
6
 73
3
 74
0
 40
0.0
 40
0.0
 40
0.0
 40
1.0
 40
1.0
 40
1.0
 10
259.50657339510656
 20
235.99621284924478
 30
0.0
 10
259.63454214510654
 20
235.98022326591143
 30
0.0
 10
259.7465473534399
 20
235.90022326591145
 30
0.0
  0
SPLINE
  5
352
330
17
100
AcDbEntity
  8
ENGRAVE
100
AcDbSpline
 70
0
 71
2
 72
6
 73
3
 74
0
 40
0.0
 40
0.0
 40
0.0
 40
1.0
 40
1.0
 40
1.0
 10
259.73053172843987
 20
234.2842336825781
 30
0.0
 10
259.73053172843987
 20
234.4122024325781
 30
0.0
 10
259.78654735343986
 20
234.60420764091143
 30
0.0
  0
SPLINE
  5
353
330
17
100
AcDbEntity
  8
ENGRAVE
100
AcDbSpline
 70
0
 71
2
 72
6
 73
3
 74
0
 40
0.0
 40
0.0
 40
0.0
 40
1.0
 40
1.0
 40
1.0
 10
259.78654735343986
 20
234.60420764091143
 30
0.0
 10
259.8425629784399
 20
234.79621284924477
 30
0.0
 10
259.8425629784399
 20
234.86022326591143
 30
0.0
  0
SPLINE
  5
354
330
17
100
AcDbEntity
  8
ENGRAVE
100
AcDbSpline
 70
0
 71
2
 72
6
 73
3
 74
0
 40
0.0
 40
0.0
 40
0.0
 40
1.0
 40
1.0
 40
1.0
 10
259.7465473534399
 20
235.90022326591145
 30
0.0
 10
259.8585525617732
 20
235.82022326591144
 30
0.0
 10
259.8585525617732
 20
235.64423368257812
 30
0.0
  0
SPLINE
  5
355
330
17
100
AcDbEntity
  8
ENGRAVE
100
AcDbSpline
 70
0
 71
2
 72
6
 73
3
 74
0
 40
0.0
 40
0.0
 40
0.0
 40
1.0
 40
1.0
 40
1.0
 10
259.8425629784399
 20
234.86022326591143
 30
0.0
 10
259.8905317284399
 20
235.08423368257812
 30
0.0
 10
260.05852652010657
 20
235.65222847424477
 30
0.0
  0
SPLINE
  5
356
330
17
100
AcDbEntity
  8
ENGRAVE
100
AcDbSpline
 70
0
 71
2
 72
6
 73
3
 74
0
 40
0.0
 40
0.0
 40
0.0
 40
1.0
 40
1.0
 40
1.0
 10
260.4185525617732
 20
231.64423368257812
 30
0.0
 10
260.40256297843985
 20
231.2442336825781
 30
0.0
 10
260.1625629784399
 20
230.94821805757812
 30
0.0
  0
SPLINE
  5
357
330
17
100
AcDbEntity
  8
ENGRAVE
100
AcDbSpline
 70
0
 71
2
 72
6
 73
3
 74
0
 40
0.0
 40
0.0
 40
0.0
 40
1.0
 40
1.0
 40
1.0
 10
260.43454214510655
 20
231.9082180575781
 30
0.0
 10
260.4185525617732
 20
231.7242336825781
 30
0.0
 10
260.4185525617732
 20
231.64423368257812
 30
0.0
  0
SPLINE
  5
358
330
17
100
AcDbEntity
  8
ENGRAVE
100
AcDbSpline
 70
0
 71
2
 72
6
 73
3
 74
0
 40
0.0
 40
0.0
 40
0.0
 40
1.0
 40
1.0
 40
1.0
 10
260.51454214510653
 20
232.10824409924479
 30
0.0
 10
260.4505317284399
 20
232.09220243257812
 30
0.0
 10
260.43454214510655
 20
231.9082180575781
 30
0.0
  0
SPLINE
  5
359
330
17
100
AcDbEntity
  8
ENGRAVE
100
AcDbSpline
 70
0
 71
2
 72
6
 73
3
 74
0
 40
0.0
 40
0.0
 40
0.0
 40
1.0
 40
1.0
 40
1.0
 10
260.05852652010657
 20
235.65222847424477
 30
0.0
 10
260.2265213117732
 20
236.22022326591144
 30
0.0
 10
260.47454214510657
 20
236.94022326591144
 30
0.0
  0
SPLINE
  5
35A
330
17
100
AcDbEntity
  8
ENGRAVE
100
AcDbSpline
 70
0
 71
2
 72
6
 73
3
 74
0
 40
0.0
 40
0.0
 40
0.0
 40
1.0
 40
1.0
 40
1.0
 10
260.63454214510654
 20
232.29222847424478
 30
0.0
 10
260.5785525617732
 20
232.10824409924479
 30
0.0
 10
260.51454214510653
 20
232.10824409924479
 30
0.0
  0
SPLINE
  5
35B
330
17
100
AcDbEntity
  8
ENGRAVE
100
AcDbSpline
 70
0
 71
2
 72
6
 73
3
 74
0
 40
0.0
 40
0.0
 40
0.0
 40
1.0
 40
1.0
 40
1.0
 10
260.69053172843985
 20
232.66824409924476
 30
0.0
 10
260.69053172843985
 20
232.47621284924477
 30
0.0
 10
260.63454214510654
 20
232.29222847424478
 30
0.0
  0
SPLINE
  5
35C
330
17
100
AcDbEntity
  8
ENGRAVE
100
AcDbSpline
 70
0
 71
2
 72
6
 73
3
 74
0
 40
0.0
 40
0.0
 40
0.0
 40
1.0
 40
1.0
 40
1.0
 10
260.8025369367732
 20
233.05222847424477
 30
0.0
 10
260.75454214510654
 20
232.79621284924477
 30
0.0
 10
260.69053172843985
 20
232.66824409924476
 30
0.0
  0
SPLINE
  5
35D
330
17
100
AcDbEntity
  8
ENGRAVE
100
AcDbSpline
 70
0
 71
2
 72
6
 73
3
 74
0
 40
0.0
 40
0.0
 40
0.0
 40
1.0
 40
1.0
 40
1.0
 10
260.8505317284399
 20
233.43621284924478
 30
0.0
 10
260.8505317284399
 20
233.30824409924477
 30
0.0
 10
260.8025369367732
 20
233.05222847424477
 30
0.0
  0
SPLINE
  5
35E
330
17
100
AcDbEntity
  8
ENGRAVE
100
AcDbSpline
 70
0
 71
2
 72
6
 73
3
 74
0
 40
0.0
 40
0.0
 40
0.0
 40
1.0
 40
1.0
 40
1.0
 10
260.93852652010656
 20
233.7482180575781
 30
0.0
 10
260.93053172843986
 20
233.5642336825781
 30
0.0
 10
260.8505317284399
 20
233.43621284924478
 30
0.0
  0
SPLINE
  5
35F
330
17
100
AcDbEntity
  8
ENGRAVE
100
AcDbSpline
 70
0
 71
2
 72
6
 73
3
 74
0
 40
0.0
 40
0.0
 40
0.0
 40
1.0
 40
1.0
 40
1.0
 10
260.9465213117732
 20
234.10824409924479
 30
0.0
 10
260.9465213117732
 20
234.10824409924479
 30
0.0
 10
260.91454214510657
 20
234.06022326591145
 30
0.0
  0
SPLINE
  5
360
330
17
100
AcDbEntity
  8
ENGRAVE
100
AcDbSpline
 70
0
 71
2
 72
6
 73
3
 74
0
 40
0.0
 40
0.0
 40
0.0
 40
1.0
 40
1.0
 40
1.0
 10
260.9465213117732
 20
233.9322024325781
 30
0.0
 10
260.9465213117732
 20
233.9322024325781
 30
0.0
 10
260.93852652010656
 20
233.7482180575781
 30
0.0
  0
SPLINE
  5
361
330
17
100
AcDbEntity
  8
ENGRAVE
100
AcDbSpline
 70
0
 71
2
 72
6
 73
3
 74
0
 40
0.0
 40
0.0
 40
0.0
 40
1.0
 40
1.0
 40
1.0
 10
260.91454214510657
 20
234.06022326591145
 30
0.0
 10
260.88256297843986
 20
234.0122024325781
 30
0.0
 10
260.9465213117732
 20
233.9322024325781
 30
0.0
  0
SPLINE
  5
362
330
17
100
AcDbEntity
  8
ENGRAVE
100
AcDbSpline
 70
0
 71
2
 72
6
 73
3
 74
0
 40
0.0
 40
0.0
 40
0.0
 40
1.0
 40
1.0
 40
1.0
 10
261.1225369367732
 20
234.27623889091143
 30
0.0
 10
261.0265213117732
 20
234.10824409924479
 30
0.0
 10
260.9465213117732
 20
234.10824409924479
 30
0.0
  0
SPLINE
  5
363
330
17
100
AcDbEntity
  8
ENGRAVE
100
AcDbSpline
 70
0
 71
2
 72
6
 73
3
 74
0
 40
0.0
 40
0.0
 40
0.0
 40
1.0
 40
1.0
 40
1.0
 10
260.47454214510657
 20
236.94022326591144
 30
0.0
 10
260.7225629784399
 20
237.66022326591144
 30
0.0
 10
260.96256297843985
 20
238.3482180575781
 30
0.0
  0
SPLINE
  5
364
330
17
100
AcDbEntity
  8
ENGRAVE
100
AcDbSpline
 70
0
 71
2
 72
6
 73
3
 74
0
 40
0.0
 40
0.0
 40
0.0
 40
1.0
 40
1.0
 40
1.0
 10
261.29055777010655
 20
234.65222847424477
 30
0.0
 10
261.2185525617732
 20
234.4442336825781
 30
0.0
 10
261.1225369367732
 20
234.27623889091143
 30
0.0
  0
SPLINE
  5
365
330
17
100
AcDbEntity
  8
ENGRAVE
100
AcDbSpline
 70
0
 71
2
 72
6
 73
3
 74
0
 40
0.0
 40
0.0
 40
0.0
 40
1.0
 40
1.0
 40
1.0
 10
261.3625629784399
 20
234.95621284924476
 30
0.0
 10
261.3625629784399
 20
234.86022326591143
 30
0.0
 10
261.29055777010655
 20
234.65222847424477
 30
0.0
  0
SPLINE
  5
366
330
17
100
AcDbEntity
  8
ENGRAVE
100
AcDbSpline
 70
0
 71
2
 72
6
 73
3
 74
0
 40
0.0
 40
0.0
 40
0.0
 40
1.0
 40
1.0
 40
1.0
 10
261.40256297843985
 20
235.0682180575781
 30
0.0
 10
261.3625629784399
 20
235.0042336825781
 30
0.0
 10
261.3625629784399
 20
234.95621284924476
 30
0.0
  0
SPLINE
  5
367
330
17
100
AcDbEntity
  8
ENGRAVE
100
AcDbSpline
 70
0
 71
2
 72
6
 73
3
 74
0
 40
0.0
 40
0.0
 40
0.0
 40
1.0
 40
1.0
 40
1.0
 10
260.96256297843985
 20
238.3482180575781
 30
0.0
 10
261.20256297843986
 20
239.03621284924478
 30
0.0
 10
261.3945421451065
 20
239.51621284924477
 30
0.0
  0
SPLINE
  5
368
330
17
100
AcDbEntity
  8
ENGRAVE
100
AcDbSpline
 70
0
 71
2
 72
6
 73
3
 74
0
 40
0.0
 40
0.0
 40
0.0
 40
1.0
 40
1.0
 40
1.0
 10
261.47454214510657
 20
235.1642336825781
 30
0.0
 10
261.44256297843987
 20
235.1322024325781
 30
0.0
 10
261.40256297843985
 20
235.0682180575781
 30
0.0
  0
SPLINE
  5
369
330
17
100
AcDbEntity
  8
ENGRAVE
100
AcDbSpline
 70
0
 71
2
 72
6
 73
3
 74
0
 40
0.0
 40
0.0
 40
0.0
 40
1.0
 40
1.0
 40
1.0
 10
261.95454214510653
 20
235.03621284924478
 30
0.0
 10
261.6185525617732
 20
235.03621284924478
 30
0.0
 10
261.47454214510657
 20
235.1642336825781
 30
0.0
  0
SPLINE
  5
36A
330
17
100
AcDbEntity
  8
ENGRAVE
100
AcDbSpline
 70
0
 71
2
 72
6
 73
3
 74
0
 40
0.0
 40
0.0
 40
0.0
 40
1.0
 40
1.0
 40
1.0
 10
261.96256297843985
 20
237.2042336825781
 30
0.0
 10
261.76256297843986
 20
236.82824409924478
 30
0.0
 10
261.6985525617732
 20
236.54022326591144
 30
0.0
  0
SPLINE
  5
36B
330
17
100
AcDbEntity
  8
ENGRAVE
100
AcDbSpline
 70
0
 71
2
 72
6
 73
3
 74
0
 40
0.0
 40
0.0
 40
0.0
 40
1.0
 40
1.0
 40
1.0
 10
261.3945421451065
 20
239.51621284924477
 30
0.0
 10
261.5865213117732
 20
239.9642336825781
 30
0.0
 10
261.7145421451065
 20
240.3482180575781
 30
0.0
  0
SPLINE
  5
36C
330
17
100
AcDbEntity
  8
ENGRAVE
100
AcDbSpline
 70
0
 71
2
 72
6
 73
3
 74
0
 40
0.0
 40
0.0
 40
0.0
 40
1.0
 40
1.0
 40
1.0
 10
261.90006888333534
 20
211.6537748342125
 30
0.0
 10
261.828063675002
 20
211.78976441754583
 30
0.0
 10
261.7640532583353
 20
211.8537748342125
 30
0.0
  0
SPLINE
  5
36D
330
17
100
AcDbEntity
  8
ENGRAVE
100
AcDbSpline
 70
0
 71
2
 72
6
 73
3
 74
0
 40
0.0
 40
0.0
 40
0.0
 40
1.0
 40
1.0
 40
1.0
 10
261.6985525617732
 20
236.54022326591144
 30
0.0
 10
261.63454214510654
 20
236.25220243257812
 30
0.0
 10
261.7785525617732
 20
236.25220243257812
 30
0.0
  0
SPLINE
  5
36E
330
17
100
AcDbEntity
  8
ENGRAVE
100
AcDbSpline
 70
0
 71
2
 72
6
 73
3
 74
0
 40
0.0
 40
0.0
 40
0.0
 40
1.0
 40
1.0
 40
1.0
 10
261.7640532583353
 20
211.8537748342125
 30
0.0
 10
261.6840532583353
 20
211.94976441754582
 30
0.0
 10
261.812048050002
 20
212.32575400087916
 30
0.0
  0
SPLINE
  5
36F
330
17
100
AcDbEntity
  8
ENGRAVE
100
AcDbSpline
 70
0
 71
2
 72
6
 73
3
 74
0
 40
0.0
 40
0.0
 40
0.0
 40
1.0
 40
1.0
 40
1.0
 10
261.7145421451065
 20
240.3482180575781
 30
0.0
 10
261.8425629784399
 20
240.7322024325781
 30
0.0
 10
261.8425629784399
 20
240.8922024325781
 30
0.0
  0
SPLINE
  5
370
330
17
100
AcDbEntity
  8
ENGRAVE
100
AcDbSpline
 70
0
 71
2
 72
6
 73
3
 74
0
 40
0.0
 40
0.0
 40
0.0
 40
1.0
 40
1.0
 40
1.0
 10
261.8425629784399
 20
240.8922024325781
 30
0.0
 10
261.8425629784399
 20
240.95621284924476
 30
0.0
 10
261.87454214510655
 20
240.99621284924478
 30
0.0
  0
SPLINE
  5
371
330
17
100
AcDbEntity
  8
ENGRAVE
100
AcDbSpline
 70
0
 71
2
 72
6
 73
3
 74
0
 40
0.0
 40
0.0
 40
0.0
 40
1.0
 40
1.0
 40
1.0
 10
261.9720740916687
 20
211.45377483421248
 30
0.0
 10
261.9720740916687
 20
211.51778525087914
 30
0.0
 10
261.90006888333534
 20
211.6537748342125
 30
0.0
  0
SPLINE
  5
372
330
17
100
AcDbEntity
  8
ENGRAVE
100
AcDbSpline
 70
0
 71
2
 72
6
 73
3
 74
0
 40
0.0
 40
0.0
 40
0.0
 40
1.0
 40
1.0
 40
1.0
 10
262.51454214510653
 20
235.11621284924476
 30
0.0
 10
262.2105317284399
 20
235.03621284924478
 30
0.0
 10
261.95454214510653
 20
235.03621284924478
 30
0.0
  0
SPLINE
  5
373
330
17
100
AcDbEntity
  8
ENGRAVE
100
AcDbSpline
 70
0
 71
2
 72
6
 73
3
 74
0
 40
0.0
 40
0.0
 40
0.0
 40
1.0
 40
1.0
 40
1.0
 10
262.4185525617732
 20
237.8522024325781
 30
0.0
 10
262.1625629784399
 20
237.58022326591143
 30
0.0
 10
261.96256297843985
 20
237.2042336825781
 30
0.0
  0
SPLINE
  5
374
330
17
100
AcDbEntity
  8
ENGRAVE
100
AcDbSpline
 70
0
 71
2
 72
6
 73
3
 74
0
 40
0.0
 40
0.0
 40
0.0
 40
1.0
 40
1.0
 40
1.0
 10
262.188063675002
 20
211.26176962587917
 30
0.0
 10
261.9720740916687
 20
211.38976441754582
 30
0.0
 10
261.9720740916687
 20
211.45377483421248
 30
0.0
  0
SPLINE
  5
375
330
17
100
AcDbEntity
  8
ENGRAVE
100
AcDbSpline
 70
0
 71
2
 72
6
 73
3
 74
0
 40
0.0
 40
0.0
 40
0.0
 40
1.0
 40
1.0
 40
1.0
 10
261.87454214510655
 20
240.99621284924478
 30
0.0
 10
261.9065213117732
 20
241.03621284924478
 30
0.0
 10
262.0185525617732
 20
241.1642336825781
 30
0.0
  0
SPLINE
  5
376
330
17
100
AcDbEntity
  8
ENGRAVE
100
AcDbSpline
 70
0
 71
2
 72
6
 73
3
 74
0
 40
0.0
 40
0.0
 40
0.0
 40
1.0
 40
1.0
 40
1.0
 10
262.468063675002
 20
211.00575400087916
 30
0.0
 10
262.40405325833535
 20
211.1337748342125
 30
0.0
 10
262.188063675002
 20
211.26176962587917
 30
0.0
  0
SPLINE
  5
377
330
17
100
AcDbEntity
  8
ENGRAVE
100
AcDbSpline
 70
0
 71
2
 72
6
 73
3
 74
0
 40
0.0
 40
0.0
 40
0.0
 40
1.0
 40
1.0
 40
1.0
 10
261.812048050002
 20
212.32575400087916
 30
0.0
 10
261.9400428416687
 20
212.7017435842125
 30
0.0
 10
262.19605846666866
 20
213.24575400087915
 30
0.0
  0
SPLINE
  5
378
330
17
100
AcDbEntity
  8
ENGRAVE
100
AcDbSpline
 70
0
 71
2
 72
6
 73
3
 74
0
 40
0.0
 40
0.0
 40
0.0
 40
1.0
 40
1.0
 40
1.0
 10
261.7785525617732
 20
236.25220243257812
 30
0.0
 10
261.9065213117732
 20
236.25220243257812
 30
0.0
 10
262.2425369367732
 20
236.36420764091145
 30
0.0
  0
SPLINE
  5
379
330
17
100
AcDbEntity
  8
ENGRAVE
100
AcDbSpline
 70
0
 71
2
 72
6
 73
3
 74
0
 40
0.0
 40
0.0
 40
0.0
 40
1.0
 40
1.0
 40
1.0
 10
263.4265473534399
 20
238.5882180575781
 30
0.0
 10
262.93053172843986
 20
238.36423368257812
 30
0.0
 10
262.4185525617732
 20
237.8522024325781
 30
0.0
  0
SPLINE
  5
37A
330
17
100
AcDbEntity
  8
ENGRAVE
100
AcDbSpline
 70
0
 71
2
 72
6
 73
3
 74
0
 40
0.0
 40
0.0
 40
0.0
 40
1.0
 40
1.0
 40
1.0
 10
262.0185525617732
 20
241.1642336825781
 30
0.0
 10
262.1785525617732
 20
241.3242336825781
 30
0.0
 10
262.4425369367732
 20
241.2842336825781
 30
0.0
  0
SPLINE
  5
37B
330
17
100
AcDbEntity
  8
ENGRAVE
100
AcDbSpline
 70
0
 71
2
 72
6
 73
3
 74
0
 40
0.0
 40
0.0
 40
0.0
 40
1.0
 40
1.0
 40
1.0
 10
263.82006888333535
 20
210.9977592092125
 30
0.0
 10
263.0120740916687
 20
210.6537748342125
 30
0.0
 10
262.468063675002
 20
211.00575400087916
 30
0.0
  0
SPLINE
  5
37C
330
17
100
AcDbEntity
  8
ENGRAVE
100
AcDbSpline
 70
0
 71
2
 72
6
 73
3
 74
0
 40
0.0
 40
0.0
 40
0.0
 40
1.0
 40
1.0
 40
1.0
 10
263.0425369367732
 20
235.29222847424478
 30
0.0
 10
262.81855256177323
 20
235.19621284924477
 30
0.0
 10
262.51454214510653
 20
235.11621284924476
 30
0.0
  0
SPLINE
  5
37D
330
17
100
AcDbEntity
  8
ENGRAVE
100
AcDbSpline
 70
0
 71
2
 72
6
 73
3
 74
0
 40
0.0
 40
0.0
 40
0.0
 40
1.0
 40
1.0
 40
1.0
 10
262.7465473534399
 20
239.46022326591145
 30
0.0
 10
262.6585525617732
 20
239.34022326591145
 30
0.0
 10
262.69053172843985
 20
239.35621284924477
 30
0.0
  0
SPLINE
  5
37E
330
17
100
AcDbEntity
  8
ENGRAVE
100
AcDbSpline
 70
0
 71
2
 72
6
 73
3
 74
0
 40
0.0
 40
0.0
 40
0.0
 40
1.0
 40
1.0
 40
1.0
 10
262.9465473534399
 20
239.78022326591145
 30
0.0
 10
262.8345421451065
 20
239.58022326591143
 30
0.0
 10
262.7465473534399
 20
239.46022326591145
 30
0.0
  0
SPLINE
  5
37F
330
17
100
AcDbEntity
  8
ENGRAVE
100
AcDbSpline
 70
0
 71
2
 72
6
 73
3
 74
0
 40
0.0
 40
0.0
 40
0.0
 40
1.0
 40
1.0
 40
1.0
 10
262.19605846666866
 20
213.24575400087915
 30
0.0
 10
262.4520740916687
 20
213.78976441754583
 30
0.0
 10
262.756032425002
 20
214.34976441754583
 30
0.0
  0
SPLINE
  5
380
330
17
100
AcDbEntity
  8
ENGRAVE
100
AcDbSpline
 70
0
 71
2
 72
6
 73
3
 74
0
 40
0.0
 40
0.0
 40
0.0
 40
1.0
 40
1.0
 40
1.0
 10
262.4425369367732
 20
241.2842336825781
 30
0.0
 10
262.7065213117732
 20
241.2442336825781
 30
0.0
 10
262.88256297843986
 20
241.11621284924476
 30
0.0
  0
SPLINE
  5
381
330
17
100
AcDbEntity
  8
ENGRAVE
100
AcDbSpline
 70
0
 71
2
 72
6
 73
3
 74
0
 40
0.0
 40
0.0
 40
0.0
 40
1.0
 40
1.0
 40
1.0
 10
262.2425369367732
 20
236.36420764091145
 30
0.0
 10
262.5785525617732
 20
236.47621284924477
 30
0.0
 10
262.9465473534399
 20
236.64420764091145
 30
0.0
  0
SPLINE
  5
382
330
17
100
AcDbEntity
  8
ENGRAVE
100
AcDbSpline
 70
0
 71
2
 72
6
 73
3
 74
0
 40
0.0
 40
0.0
 40
0.0
 40
1.0
 40
1.0
 40
1.0
 10
263.0585525617732
 20
240.22022326591144
 30
0.0
 10
263.0585525617732
 20
239.98022326591143
 30
0.0
 10
262.9465473534399
 20
239.78022326591145
 30
0.0
  0
SPLINE
  5
383
330
17
100
AcDbEntity
  8
ENGRAVE
100
AcDbSpline
 70
0
 71
2
 72
6
 73
3
 74
0
 40
0.0
 40
0.0
 40
0.0
 40
1.0
 40
1.0
 40
1.0
 10
262.756032425002
 20
214.34976441754583
 30
0.0
 10
262.8840532583353
 20
214.47778525087915
 30
0.0
 10
263.012048050002
 20
214.68578004254582
 30
0.0
  0
SPLINE
  5
384
330
17
100
AcDbEntity
  8
ENGRAVE
100
AcDbSpline
 70
0
 71
2
 72
6
 73
3
 74
0
 40
0.0
 40
0.0
 40
0.0
 40
1.0
 40
1.0
 40
1.0
 10
263.2665213117732
 20
235.42022326591143
 30
0.0
 10
263.2665213117732
 20
235.3882440992448
 30
0.0
 10
263.0425369367732
 20
235.29222847424478
 30
0.0
  0
SPLINE
  5
385
330
17
100
AcDbEntity
  8
ENGRAVE
100
AcDbSpline
 70
0
 71
2
 72
6
 73
3
 74
0
 40
0.0
 40
0.0
 40
0.0
 40
1.0
 40
1.0
 40
1.0
 10
263.0665473534399
 20
240.74022326591145
 30
0.0
 10
263.1225629784399
 20
240.5722024325781
 30
0.0
 10
263.0585525617732
 20
240.22022326591144
 30
0.0
  0
SPLINE
  5
386
330
17
100
AcDbEntity
  8
ENGRAVE
100
AcDbSpline
 70
0
 71
2
 72
6
 73
3
 74
0
 40
0.0
 40
0.0
 40
0.0
 40
1.0
 40
1.0
 40
1.0
 10
262.88256297843986
 20
241.11621284924476
 30
0.0
 10
263.0105317284399
 20
240.90824409924477
 30
0.0
 10
263.0665473534399
 20
240.74022326591145
 30
0.0
  0
SPLINE
  5
387
330
17
100
AcDbEntity
  8
ENGRAVE
100
AcDbSpline
 70
0
 71
2
 72
6
 73
3
 74
0
 40
0.0
 40
0.0
 40
0.0
 40
1.0
 40
1.0
 40
1.0
 10
263.012048050002
 20
214.68578004254582
 30
0.0
 10
263.1400428416687
 20
214.89377483421248
 30
0.0
 10
263.20405325833536
 20
214.95778525087914
 30
0.0
  0
SPLINE
  5
388
330
17
100
AcDbEntity
  8
ENGRAVE
100
AcDbSpline
 70
0
 71
2
 72
6
 73
3
 74
0
 40
0.0
 40
0.0
 40
0.0
 40
1.0
 40
1.0
 40
1.0
 10
263.20405325833536
 20
214.95778525087914
 30
0.0
 10
263.20405325833536
 20
215.0217435842125
 30
0.0
 10
263.25204805000203
 20
215.0777592092125
 30
0.0
  0
SPLINE
  5
389
330
17
100
AcDbEntity
  8
ENGRAVE
100
AcDbSpline
 70
0
 71
2
 72
6
 73
3
 74
0
 40
0.0
 40
0.0
 40
0.0
 40
1.0
 40
1.0
 40
1.0
 10
263.3065213117732
 20
235.53222847424476
 30
0.0
 10
263.2665213117732
 20
235.50022326591144
 30
0.0
 10
263.2665213117732
 20
235.42022326591143
 30
0.0
  0
SPLINE
  5
38A
330
17
100
AcDbEntity
  8
ENGRAVE
100
AcDbSpline
 70
0
 71
2
 72
6
 73
3
 74
0
 40
0.0
 40
0.0
 40
0.0
 40
1.0
 40
1.0
 40
1.0
 10
263.3465213117732
 20
235.5642336825781
 30
0.0
 10
263.3465213117732
 20
235.5642336825781
 30
0.0
 10
263.3065213117732
 20
235.53222847424476
 30
0.0
  0
SPLINE
  5
38B
330
17
100
AcDbEntity
  8
ENGRAVE
100
AcDbSpline
 70
0
 71
2
 72
6
 73
3
 74
0
 40
0.0
 40
0.0
 40
0.0
 40
1.0
 40
1.0
 40
1.0
 10
263.7785525617732
 20
235.63621284924477
 30
0.0
 10
263.47454214510657
 20
235.51621284924477
 30
0.0
 10
263.3465213117732
 20
235.5642336825781
 30
0.0
  0
SPLINE
  5
38C
330
17
100
AcDbEntity
  8
ENGRAVE
100
AcDbSpline
 70
0
 71
2
 72
6
 73
3
 74
0
 40
0.0
 40
0.0
 40
0.0
 40
1.0
 40
1.0
 40
1.0
 10
263.46006888333534
 20
212.66176962587915
 30
0.0
 10
263.348063675002
 20
212.33377483421248
 30
0.0
 10
263.348063675002
 20
212.33377483421248
 30
0.0
  0
SPLINE
  5
38D
330
17
100
AcDbEntity
  8
ENGRAVE
100
AcDbSpline
 70
0
 71
2
 72
6
 73
3
 74
0
 40
0.0
 40
0.0
 40
0.0
 40
1.0
 40
1.0
 40
1.0
 10
263.25204805000203
 20
215.0777592092125
 30
0.0
 10
263.30004284166864
 20
215.1337748342125
 30
0.0
 10
263.36405325833533
 20
215.1337748342125
 30
0.0
  0
SPLINE
  5
38E
330
17
100
AcDbEntity
  8
ENGRAVE
100
AcDbSpline
 70
0
 71
2
 72
6
 73
3
 74
0
 40
0.0
 40
0.0
 40
0.0
 40
1.0
 40
1.0
 40
1.0
 10
264.13053172843985
 20
238.4922024325781
 30
0.0
 10
263.9225629784399
 20
238.81220243257812
 30
0.0
 10
263.4265473534399
 20
238.5882180575781
 30
0.0
  0
SPLINE
  5
38F
330
17
100
AcDbEntity
  8
ENGRAVE
100
AcDbSpline
 70
0
 71
2
 72
6
 73
3
 74
0
 40
0.0
 40
0.0
 40
0.0
 40
1.0
 40
1.0
 40
1.0
 10
263.78004284166866
 20
213.34174358421248
 30
0.0
 10
263.5720740916687
 20
212.9897644175458
 30
0.0
 10
263.46006888333534
 20
212.66176962587915
 30
0.0
  0
SPLINE
  5
390
330
17
100
AcDbEntity
  8
ENGRAVE
100
AcDbSpline
 70
0
 71
2
 72
6
 73
3
 74
0
 40
0.0
 40
0.0
 40
0.0
 40
1.0
 40
1.0
 40
1.0
 10
262.9465473534399
 20
236.64420764091145
 30
0.0
 10
263.31454214510654
 20
236.81220243257812
 30
0.0
 10
263.52256297843985
 20
236.98824409924478
 30
0.0
  0
SPLINE
  5
391
330
17
100
AcDbEntity
  8
ENGRAVE
100
AcDbSpline
 70
0
 71
2
 72
6
 73
3
 74
0
 40
0.0
 40
0.0
 40
0.0
 40
1.0
 40
1.0
 40
1.0
 10
263.49207409166866
 20
215.38976441754582
 30
0.0
 10
263.52405325833536
 20
215.45377483421248
 30
0.0
 10
263.69204805000203
 20
215.64578004254582
 30
0.0
  0
SPLINE
  5
392
330
17
100
AcDbEntity
  8
ENGRAVE
100
AcDbSpline
 70
0
 71
2
 72
6
 73
3
 74
0
 40
0.0
 40
0.0
 40
0.0
 40
1.0
 40
1.0
 40
1.0
 10
263.348063675002
 20
212.33377483421248
 30
0.0
 10
263.46004284166867
 20
212.31778525087915
 30
0.0
 10
263.7000428416687
 20
212.45377483421248
 30
0.0
  0
SPLINE
  5
393
330
17
100
AcDbEntity
  8
ENGRAVE
100
AcDbSpline
 70
0
 71
2
 72
6
 73
3
 74
0
 40
0.0
 40
0.0
 40
0.0
 40
1.0
 40
1.0
 40
1.0
 10
264.37855256177323
 20
235.95621284924476
 30
0.0
 10
264.08256297843985
 20
235.75621284924478
 30
0.0
 10
263.7785525617732
 20
235.63621284924477
 30
0.0
  0
SPLINE
  5
394
330
17
100
AcDbEntity
  8
ENGRAVE
100
AcDbSpline
 70
0
 71
2
 72
6
 73
3
 74
0
 40
0.0
 40
0.0
 40
0.0
 40
1.0
 40
1.0
 40
1.0
 10
264.92405325833533
 20
215.04575400087916
 30
0.0
 10
264.436032425002
 20
214.46174358421248
 30
0.0
 10
263.78004284166866
 20
213.34174358421248
 30
0.0
  0
SPLINE
  5
395
330
17
100
AcDbEntity
  8
ENGRAVE
100
AcDbSpline
 70
0
 71
2
 72
6
 73
3
 74
0
 40
0.0
 40
0.0
 40
0.0
 40
1.0
 40
1.0
 40
1.0
 10
265.7640532583353
 20
212.4937748342125
 30
0.0
 10
264.628063675002
 20
211.34174358421248
 30
0.0
 10
263.82006888333535
 20
210.9977592092125
 30
0.0
  0
SPLINE
  5
396
330
17
100
AcDbEntity
  8
ENGRAVE
100
AcDbSpline
 70
0
 71
2
 72
6
 73
3
 74
0
 40
0.0
 40
0.0
 40
0.0
 40
1.0
 40
1.0
 40
1.0
 10
262.69053172843985
 20
239.35621284924477
 30
0.0
 10
263.3945421451065
 20
239.78824409924476
 30
0.0
 10
263.96253693677323
 20
239.82824409924478
 30
0.0
  0
SPLINE
  5
397
330
17
100
AcDbEntity
  8
ENGRAVE
100
AcDbSpline
 70
0
 71
2
 72
6
 73
3
 74
0
 40
0.0
 40
0.0
 40
0.0
 40
1.0
 40
1.0
 40
1.0
 10
263.69204805000203
 20
215.64578004254582
 30
0.0
 10
263.86004284166864
 20
215.83778525087916
 30
0.0
 10
264.10004284166865
 20
216.06976441754583
 30
0.0
  0
SPLINE
  5
398
330
17
100
AcDbEntity
  8
ENGRAVE
100
AcDbSpline
 70
0
 71
2
 72
6
 73
3
 74
0
 40
0.0
 40
0.0
 40
0.0
 40
1.0
 40
1.0
 40
1.0
 10
264.17055777010654
 20
237.7082180575781
 30
0.0
 10
264.40256297843985
 20
238.06022326591145
 30
0.0
 10
264.13053172843985
 20
238.4922024325781
 30
0.0
  0
SPLINE
  5
399
330
17
100
AcDbEntity
  8
ENGRAVE
100
AcDbSpline
 70
0
 71
2
 72
6
 73
3
 74
0
 40
0.0
 40
0.0
 40
0.0
 40
1.0
 40
1.0
 40
1.0
 10
263.52256297843985
 20
236.98824409924478
 30
0.0
 10
263.93855256177324
 20
237.35621284924477
 30
0.0
 10
264.17055777010654
 20
237.7082180575781
 30
0.0
  0
SPLINE
  5
39A
330
17
100
AcDbEntity
  8
ENGRAVE
100
AcDbSpline
 70
0
 71
2
 72
6
 73
3
 74
0
 40
0.0
 40
0.0
 40
0.0
 40
1.0
 40
1.0
 40
1.0
 10
263.7000428416687
 20
212.45377483421248
 30
0.0
 10
263.9400428416687
 20
212.5897644175458
 30
0.0
 10
264.34004284166866
 20
212.90976441754583
 30
0.0
  0
SPLINE
  5
39B
330
17
100
AcDbEntity
  8
ENGRAVE
100
AcDbSpline
 70
0
 71
2
 72
6
 73
3
 74
0
 40
0.0
 40
0.0
 40
0.0
 40
1.0
 40
1.0
 40
1.0
 10
264.8025629784399
 20
236.31621284924478
 30
0.0
 10
264.67454214510656
 20
236.15621284924478
 30
0.0
 10
264.37855256177323
 20
235.95621284924476
 30
0.0
  0
SPLINE
  5
39C
330
17
100
AcDbEntity
  8
ENGRAVE
100
AcDbSpline
 70
0
 71
2
 72
6
 73
3
 74
0
 40
0.0
 40
0.0
 40
0.0
 40
1.0
 40
1.0
 40
1.0
 10
264.10004284166865
 20
216.06976441754583
 30
0.0
 10
264.34004284166866
 20
216.3017435842125
 30
0.0
 10
264.5880376333353
 20
216.50976441754582
 30
0.0
  0
SPLINE
  5
39D
330
17
100
AcDbEntity
  8
ENGRAVE
100
AcDbSpline
 70
0
 71
2
 72
6
 73
3
 74
0
 40
0.0
 40
0.0
 40
0.0
 40
1.0
 40
1.0
 40
1.0
 10
264.93053172843986
 20
236.5482180575781
 30
0.0
 10
264.8665213117732
 20
236.4442336825781
 30
0.0
 10
264.8025629784399
 20
236.31621284924478
 30
0.0
  0
SPLINE
  5
39E
330
17
100
AcDbEntity
  8
ENGRAVE
100
AcDbSpline
 70
0
 71
2
 72
6
 73
3
 74
0
 40
0.0
 40
0.0
 40
0.0
 40
1.0
 40
1.0
 40
1.0
 10
263.96253693677323
 20
239.82824409924478
 30
0.0
 10
264.5305317284399
 20
239.86824409924478
 30
0.0
 10
264.9225369367732
 20
239.63623889091144
 30
0.0
  0
SPLINE
  5
39F
330
17
100
AcDbEntity
  8
ENGRAVE
100
AcDbSpline
 70
0
 71
2
 72
6
 73
3
 74
0
 40
0.0
 40
0.0
 40
0.0
 40
1.0
 40
1.0
 40
1.0
 10
265.73207409166866
 20
215.62976441754583
 30
0.0
 10
265.41207409166867
 20
215.62976441754583
 30
0.0
 10
264.92405325833533
 20
215.04575400087916
 30
0.0
  0
SPLINE
  5
3A0
330
17
100
AcDbEntity
  8
ENGRAVE
100
AcDbSpline
 70
0
 71
2
 72
6
 73
3
 74
0
 40
0.0
 40
0.0
 40
0.0
 40
1.0
 40
1.0
 40
1.0
 10
265.0585525617732
 20
236.6522024325781
 30
0.0
 10
264.99454214510655
 20
236.6522024325781
 30
0.0
 10
264.93053172843986
 20
236.5482180575781
 30
0.0
  0
SPLINE
  5
3A1
330
17
100
AcDbEntity
  8
ENGRAVE
100
AcDbSpline
 70
0
 71
2
 72
6
 73
3
 74
0
 40
0.0
 40
0.0
 40
0.0
 40
1.0
 40
1.0
 40
1.0
 10
264.5880376333353
 20
216.50976441754582
 30
0.0
 10
264.83603242500203
 20
216.71778525087916
 30
0.0
 10
264.996032425002
 20
216.8137748342125
 30
0.0
  0
SPLINE
  5
3A2
330
17
100
AcDbEntity
  8
ENGRAVE
100
AcDbSpline
 70
0
 71
2
 72
6
 73
3
 74
0
 40
0.0
 40
0.0
 40
0.0
 40
1.0
 40
1.0
 40
1.0
 10
265.31454214510654
 20
237.02824409924477
 30
0.0
 10
265.1545421451065
 20
236.74824409924477
 30
0.0
 10
265.0585525617732
 20
236.6522024325781
 30
0.0
  0
SPLINE
  5
3A3
330
17
100
AcDbEntity
  8
ENGRAVE
100
AcDbSpline
 70
0
 71
2
 72
6
 73
3
 74
0
 40
0.0
 40
0.0
 40
0.0
 40
1.0
 40
1.0
 40
1.0
 10
264.34004284166866
 20
212.90976441754583
 30
0.0
 10
264.8840532583353
 20
213.3737748342125
 30
0.0
 10
265.2360584666687
 20
213.6777592092125
 30
0.0
  0
SPLINE
  5
3A4
330
17
100
AcDbEntity
  8
ENGRAVE
100
AcDbSpline
 70
0
 71
2
 72
6
 73
3
 74
0
 40
0.0
 40
0.0
 40
0.0
 40
1.0
 40
1.0
 40
1.0
 10
265.6025369367732
 20
237.62824409924477
 30
0.0
 10
265.47454214510657
 20
237.30824409924477
 30
0.0
 10
265.31454214510654
 20
237.02824409924477
 30
0.0
  0
SPLINE
  5
3A5
330
17
100
AcDbEntity
  8
ENGRAVE
100
AcDbSpline
 70
0
 71
2
 72
6
 73
3
 74
0
 40
0.0
 40
0.0
 40
0.0
 40
1.0
 40
1.0
 40
1.0
 10
264.9225369367732
 20
239.63623889091144
 30
0.0
 10
265.31454214510654
 20
239.4042336825781
 30
0.0
 10
265.52253693677324
 20
239.0042336825781
 30
0.0
  0
SPLINE
  5
3A6
330
17
100
AcDbEntity
  8
ENGRAVE
100
AcDbSpline
 70
0
 71
2
 72
6
 73
3
 74
0
 40
0.0
 40
0.0
 40
0.0
 40
1.0
 40
1.0
 40
1.0
 10
265.73053172843987
 20
238.14022326591143
 30
0.0
 10
265.73053172843987
 20
237.94824409924476
 30
0.0
 10
265.6025369367732
 20
237.62824409924477
 30
0.0
  0
SPLINE
  5
3A7
330
17
100
AcDbEntity
  8
ENGRAVE
100
AcDbSpline
 70
0
 71
2
 72
6
 73
3
 74
0
 40
0.0
 40
0.0
 40
0.0
 40
1.0
 40
1.0
 40
1.0
 10
264.996032425002
 20
216.8137748342125
 30
0.0
 10
265.3320740916687
 20
217.03778525087915
 30
0.0
 10
265.69207409166864
 20
217.02176962587916
 30
0.0
  0
SPLINE
  5
3A8
330
17
100
AcDbEntity
  8
ENGRAVE
100
AcDbSpline
 70
0
 71
2
 72
6
 73
3
 74
0
 40
0.0
 40
0.0
 40
0.0
 40
1.0
 40
1.0
 40
1.0
 10
265.52253693677324
 20
239.0042336825781
 30
0.0
 10
265.73053172843987
 20
238.6042336825781
 30
0.0
 10
265.73053172843987
 20
238.14022326591143
 30
0.0
  0
SPLINE
  5
3A9
330
17
100
AcDbEntity
  8
ENGRAVE
100
AcDbSpline
 70
0
 71
2
 72
6
 73
3
 74
0
 40
0.0
 40
0.0
 40
0.0
 40
1.0
 40
1.0
 40
1.0
 10
265.98803763333535
 20
215.5177592092125
 30
0.0
 10
265.86004284166864
 20
215.62976441754583
 30
0.0
 10
265.73207409166866
 20
215.62976441754583
 30
0.0
  0
SPLINE
  5
3AA
330
17
100
AcDbEntity
  8
ENGRAVE
100
AcDbSpline
 70
0
 71
2
 72
6
 73
3
 74
0
 40
0.0
 40
0.0
 40
0.0
 40
1.0
 40
1.0
 40
1.0
 10
265.96405325833535
 20
212.7097644175458
 30
0.0
 10
265.86004284166864
 20
212.5897644175458
 30
0.0
 10
265.7640532583353
 20
212.4937748342125
 30
0.0
  0
SPLINE
  5
3AB
330
17
100
AcDbEntity
  8
ENGRAVE
100
AcDbSpline
 70
0
 71
2
 72
6
 73
3
 74
0
 40
0.0
 40
0.0
 40
0.0
 40
1.0
 40
1.0
 40
1.0
 10
265.2360584666687
 20
213.6777592092125
 30
0.0
 10
265.588063675002
 20
213.9817435842125
 30
0.0
 10
265.92405325833533
 20
214.46174358421248
 30
0.0
  0
SPLINE
  5
3AC
330
17
100
AcDbEntity
  8
ENGRAVE
100
AcDbSpline
 70
0
 71
2
 72
6
 73
3
 74
0
 40
0.0
 40
0.0
 40
0.0
 40
1.0
 40
1.0
 40
1.0
 10
266.13207409166864
 20
212.90976441754583
 30
0.0
 10
266.068063675002
 20
212.82976441754582
 30
0.0
 10
265.96405325833535
 20
212.7097644175458
 30
0.0
  0
SPLINE
  5
3AD
330
17
100
AcDbEntity
  8
ENGRAVE
100
AcDbSpline
 70
0
 71
2
 72
6
 73
3
 74
0
 40
0.0
 40
0.0
 40
0.0
 40
1.0
 40
1.0
 40
1.0
 10
266.27603242500203
 20
215.03778525087915
 30
0.0
 10
266.116032425002
 20
215.40575400087914
 30
0.0
 10
265.98803763333535
 20
215.5177592092125
 30
0.0
  0
SPLINE
  5
3AE
330
17
100
AcDbEntity
  8
ENGRAVE
100
AcDbSpline
 70
0
 71
2
 72
6
 73
3
 74
0
 40
0.0
 40
0.0
 40
0.0
 40
1.0
 40
1.0
 40
1.0
 10
266.25204805000203
 20
212.56575400087917
 30
0.0
 10
266.148063675002
 20
212.82976441754582
 30
0.0
 10
266.13207409166864
 20
212.90976441754583
 30
0.0
  0
SPLINE
  5
3AF
330
17
100
AcDbEntity
  8
ENGRAVE
100
AcDbSpline
 70
0
 71
2
 72
6
 73
3
 74
0
 40
0.0
 40
0.0
 40
0.0
 40
1.0
 40
1.0
 40
1.0
 10
266.42004284166865
 20
212.20575400087915
 30
0.0
 10
266.356032425002
 20
212.3017435842125
 30
0.0
 10
266.25204805000203
 20
212.56575400087917
 30
0.0
  0
SPLINE
  5
3B0
330
17
100
AcDbEntity
  8
ENGRAVE
100
AcDbSpline
 70
0
 71
2
 72
6
 73
3
 74
0
 40
0.0
 40
0.0
 40
0.0
 40
1.0
 40
1.0
 40
1.0
 10
265.69207409166864
 20
217.02176962587916
 30
0.0
 10
266.05207409166866
 20
217.00575400087916
 30
0.0
 10
266.308063675002
 20
216.79778525087914
 30
0.0
  0
SPLINE
  5
3B1
330
17
100
AcDbEntity
  8
ENGRAVE
100
AcDbSpline
 70
0
 71
2
 72
6
 73
3
 74
0
 40
0.0
 40
0.0
 40
0.0
 40
1.0
 40
1.0
 40
1.0
 10
267.28405325833535
 20
211.29377483421248
 30
0.0
 10
266.80405325833533
 20
211.46976441754583
 30
0.0
 10
266.42004284166865
 20
212.20575400087915
 30
0.0
  0
SPLINE
  5
3B2
330
17
100
AcDbEntity
  8
ENGRAVE
100
AcDbSpline
 70
0
 71
2
 72
6
 73
3
 74
0
 40
0.0
 40
0.0
 40
0.0
 40
1.0
 40
1.0
 40
1.0
 10
266.308063675002
 20
216.79778525087914
 30
0.0
 10
266.356032425002
 20
216.74976441754583
 30
0.0
 10
266.52405325833536
 20
216.60575400087916
 30
0.0
  0
SPLINE
  5
3B3
330
17
100
AcDbEntity
  8
ENGRAVE
100
AcDbSpline
 70
0
 71
2
 72
6
 73
3
 74
0
 40
0.0
 40
0.0
 40
0.0
 40
1.0
 40
1.0
 40
1.0
 10
266.52405325833536
 20
216.60575400087916
 30
0.0
 10
266.69207409166864
 20
216.46174358421248
 30
0.0
 10
266.908063675002
 20
216.28575400087917
 30
0.0
  0
SPLINE
  5
3B4
330
17
100
AcDbEntity
  8
ENGRAVE
100
AcDbSpline
 70
0
 71
2
 72
6
 73
3
 74
0
 40
0.0
 40
0.0
 40
0.0
 40
1.0
 40
1.0
 40
1.0
 10
268.29207409166867
 20
211.18174358421248
 30
0.0
 10
267.7640532583353
 20
211.11778525087917
 30
0.0
 10
267.28405325833535
 20
211.29377483421248
 30
0.0
  0
SPLINE
  5
3B5
330
17
100
AcDbEntity
  8
ENGRAVE
100
AcDbSpline
 70
0
 71
2
 72
6
 73
3
 74
0
 40
0.0
 40
0.0
 40
0.0
 40
1.0
 40
1.0
 40
1.0
 10
266.908063675002
 20
216.28575400087917
 30
0.0
 10
267.1240532583353
 20
216.10976441754582
 30
0.0
 10
267.28405325833535
 20
215.96575400087914
 30
0.0
  0
SPLINE
  5
3B6
330
17
100
AcDbEntity
  8
ENGRAVE
100
AcDbSpline
 70
0
 71
2
 72
6
 73
3
 74
0
 40
0.0
 40
0.0
 40
0.0
 40
1.0
 40
1.0
 40
1.0
 10
267.60405325833534
 20
214.63778525087915
 30
0.0
 10
267.396032425002
 20
213.99778525087916
 30
0.0
 10
267.492048050002
 20
213.51778525087914
 30
0.0
  0
SPLINE
  5
3B7
330
17
100
AcDbEntity
  8
ENGRAVE
100
AcDbSpline
 70
0
 71
2
 72
6
 73
3
 74
0
 40
0.0
 40
0.0
 40
0.0
 40
1.0
 40
1.0
 40
1.0
 10
267.492048050002
 20
213.51778525087914
 30
0.0
 10
267.588063675002
 20
213.03778525087915
 30
0.0
 10
267.796032425002
 20
212.68575400087914
 30
0.0
  0
SPLINE
  5
3B8
330
17
100
AcDbEntity
  8
ENGRAVE
100
AcDbSpline
 70
0
 71
2
 72
6
 73
3
 74
0
 40
0.0
 40
0.0
 40
0.0
 40
1.0
 40
1.0
 40
1.0
 10
268.588063675002
 20
211.38176962587914
 30
0.0
 10
268.4520740916687
 20
211.2137748342125
 30
0.0
 10
268.29207409166867
 20
211.18174358421248
 30
0.0
  0
SPLINE
  5
3B9
330
17
100
AcDbEntity
  8
ENGRAVE
100
AcDbSpline
 70
0
 71
2
 72
6
 73
3
 74
0
 40
0.0
 40
0.0
 40
0.0
 40
1.0
 40
1.0
 40
1.0
 10
267.796032425002
 20
212.68575400087914
 30
0.0
 10
267.956032425002
 20
212.34976441754583
 30
0.0
 10
268.37207409166865
 20
212.28575400087917
 30
0.0
  0
SPLINE
  5
3BA
330
17
100
AcDbEntity
  8
ENGRAVE
100
AcDbSpline
 70
0
 71
2
 72
6
 73
3
 74
0
 40
0.0
 40
0.0
 40
0.0
 40
1.0
 40
1.0
 40
1.0
 10
268.72405325833535
 20
211.9337748342125
 30
0.0
 10
268.72405325833535
 20
211.54976441754582
 30
0.0
 10
268.588063675002
 20
211.38176962587914
 30
0.0
  0
SPLINE
  5
3BB
330
17
100
AcDbEntity
  8
ENGRAVE
100
AcDbSpline
 70
0
 71
2
 72
6
 73
3
 74
0
 40
0.0
 40
0.0
 40
0.0
 40
1.0
 40
1.0
 40
1.0
 10
268.37207409166865
 20
212.28575400087917
 30
0.0
 10
268.5000428416687
 20
212.26976441754582
 30
0.0
 10
268.612048050002
 20
212.18976441754583
 30
0.0
  0
SPLINE
  5
3BC
330
17
100
AcDbEntity
  8
ENGRAVE
100
AcDbSpline
 70
0
 71
2
 72
6
 73
3
 74
0
 40
0.0
 40
0.0
 40
0.0
 40
1.0
 40
1.0
 40
1.0
 10
268.612048050002
 20
212.18976441754583
 30
0.0
 10
268.72405325833535
 20
212.10976441754582
 30
0.0
 10
268.72405325833535
 20
211.9337748342125
 30
0.0
  0
SPLINE
  5
3BD
330
17
100
AcDbEntity
  8
ENGRAVE
100
AcDbSpline
 70
0
 71
2
 72
6
 73
3
 74
0
 40
0.0
 40
0.0
 40
0.0
 40
1.0
 40
1.0
 40
1.0
 10
269.22803763333536
 20
211.76575400087916
 30
0.0
 10
269.07603242500204
 20
211.96575400087914
 30
0.0
 10
269.04405325833534
 20
212.02976441754583
 30
0.0
  0
SPLINE
  5
3BE
330
17
100
AcDbEntity
  8
ENGRAVE
100
AcDbSpline
 70
0
 71
2
 72
6
 73
3
 74
0
 40
0.0
 40
0.0
 40
0.0
 40
1.0
 40
1.0
 40
1.0
 10
269.04405325833534
 20
212.02976441754583
 30
0.0
 10
269.04405325833534
 20
212.4137748342125
 30
0.0
 10
269.1400428416687
 20
212.70176962587917
 30
0.0
  0
SPLINE
  5
3BF
330
17
100
AcDbEntity
  8
ENGRAVE
100
AcDbSpline
 70
0
 71
2
 72
6
 73
3
 74
0
 40
0.0
 40
0.0
 40
0.0
 40
1.0
 40
1.0
 40
1.0
 10
269.49202200833537
 20
211.43778525087916
 30
0.0
 10
269.3800428416687
 20
211.56575400087917
 30
0.0
 10
269.22803763333536
 20
211.76575400087916
 30
0.0
  0
SPLINE
  5
3C0
330
17
100
AcDbEntity
  8
ENGRAVE
100
AcDbSpline
 70
0
 71
2
 72
6
 73
3
 74
0
 40
0.0
 40
0.0
 40
0.0
 40
1.0
 40
1.0
 40
1.0
 10
269.1400428416687
 20
212.70176962587917
 30
0.0
 10
269.236032425002
 20
212.9897644175458
 30
0.0
 10
269.428063675002
 20
213.43778525087916
 30
0.0
  0
SPLINE
  5
3C1
330
17
100
AcDbEntity
  8
ENGRAVE
100
AcDbSpline
 70
0
 71
2
 72
6
 73
3
 74
0
 40
0.0
 40
0.0
 40
0.0
 40
1.0
 40
1.0
 40
1.0
 10
269.796032425002
 20
211.2137748342125
 30
0.0
 10
269.65202200833534
 20
211.3097644175458
 30
0.0
 10
269.49202200833537
 20
211.43778525087916
 30
0.0
  0
SPLINE
  5
3C2
330
17
100
AcDbEntity
  8
ENGRAVE
100
AcDbSpline
 70
0
 71
2
 72
6
 73
3
 74
0
 40
0.0
 40
0.0
 40
0.0
 40
1.0
 40
1.0
 40
1.0
 10
269.428063675002
 20
213.43778525087916
 30
0.0
 10
269.49202200833537
 20
213.54976441754582
 30
0.0
 10
269.54803763333535
 20
213.66976441754582
 30
0.0
  0
SPLINE
  5
3C3
330
17
100
AcDbEntity
  8
ENGRAVE
100
AcDbSpline
 70
0
 71
2
 72
6
 73
3
 74
0
 40
0.0
 40
0.0
 40
0.0
 40
1.0
 40
1.0
 40
1.0
 10
269.54803763333535
 20
213.66976441754582
 30
0.0
 10
269.60405325833534
 20
213.78976441754583
 30
0.0
 10
269.6840532583354
 20
213.9337748342125
 30
0.0
  0
SPLINE
  5
3C4
330
17
100
AcDbEntity
  8
ENGRAVE
100
AcDbSpline
 70
0
 71
2
 72
6
 73
3
 74
0
 40
0.0
 40
0.0
 40
0.0
 40
1.0
 40
1.0
 40
1.0
 10
270.068063675002
 20
211.18174358421248
 30
0.0
 10
269.9400428416687
 20
211.11778525087917
 30
0.0
 10
269.796032425002
 20
211.2137748342125
 30
0.0
  0
SPLINE
  5
3C5
330
17
100
AcDbEntity
  8
ENGRAVE
100
AcDbSpline
 70
0
 71
2
 72
6
 73
3
 74
0
 40
0.0
 40
0.0
 40
0.0
 40
1.0
 40
1.0
 40
1.0
 10
269.6840532583354
 20
213.9337748342125
 30
0.0
 10
269.748063675002
 20
214.15778525087916
 30
0.0
 10
269.868063675002
 20
214.44578004254583
 30
0.0
  0
SPLINE
  5
3C6
330
17
100
AcDbEntity
  8
ENGRAVE
100
AcDbSpline
 70
0
 71
2
 72
6
 73
3
 74
0
 40
0.0
 40
0.0
 40
0.0
 40
1.0
 40
1.0
 40
1.0
 10
270.412048050002
 20
211.4217435842125
 30
0.0
 10
270.2440532583354
 20
211.18174358421248
 30
0.0
 10
270.068063675002
 20
211.18174358421248
 30
0.0
  0
SPLINE
  5
3C7
330
17
100
AcDbEntity
  8
ENGRAVE
100
AcDbSpline
 70
0
 71
2
 72
6
 73
3
 74
0
 40
0.0
 40
0.0
 40
0.0
 40
1.0
 40
1.0
 40
1.0
 10
269.868063675002
 20
214.44578004254583
 30
0.0
 10
269.988063675002
 20
214.73377483421248
 30
0.0
 10
270.1000428416687
 20
214.9897644175458
 30
0.0
  0
SPLINE
  5
3C8
330
17
100
AcDbEntity
  8
ENGRAVE
100
AcDbSpline
 70
0
 71
2
 72
6
 73
3
 74
0
 40
0.0
 40
0.0
 40
0.0
 40
1.0
 40
1.0
 40
1.0
 10
270.35454214510656
 20
235.51621284924477
 30
0.0
 10
270.2905317284399
 20
235.5642336825781
 30
0.0
 10
270.2825369367732
 20
235.94022326591144
 30
0.0
  0
SPLINE
  5
3C9
330
17
100
AcDbEntity
  8
ENGRAVE
100
AcDbSpline
 70
0
 71
2
 72
6
 73
3
 74
0
 40
0.0
 40
0.0
 40
0.0
 40
1.0
 40
1.0
 40
1.0
 10
270.2825369367732
 20
235.94022326591144
 30
0.0
 10
270.2745421451066
 20
236.31621284924478
 30
0.0
 10
270.32253693677325
 20
236.78022326591145
 30
0.0
  0
SPLINE
  5
3CA
330
17
100
AcDbEntity
  8
ENGRAVE
100
AcDbSpline
 70
0
 71
2
 72
6
 73
3
 74
0
 40
0.0
 40
0.0
 40
0.0
 40
1.0
 40
1.0
 40
1.0
 10
270.3945421451066
 20
235.4682180575781
 30
0.0
 10
270.35454214510656
 20
235.51621284924477
 30
0.0
 10
270.35454214510656
 20
235.51621284924477
 30
0.0
  0
SPLINE
  5
3CB
330
17
100
AcDbEntity
  8
ENGRAVE
100
AcDbSpline
 70
0
 71
2
 72
6
 73
3
 74
0
 40
0.0
 40
0.0
 40
0.0
 40
1.0
 40
1.0
 40
1.0
 10
270.1000428416687
 20
214.9897644175458
 30
0.0
 10
270.27603242500203
 20
215.40575400087914
 30
0.0
 10
270.37204805000204
 20
215.7097644175458
 30
0.0
  0
SPLINE
  5
3CC
330
17
100
AcDbEntity
  8
ENGRAVE
100
AcDbSpline
 70
0
 71
2
 72
6
 73
3
 74
0
 40
0.0
 40
0.0
 40
0.0
 40
1.0
 40
1.0
 40
1.0
 10
270.43454214510655
 20
235.3882440992448
 30
0.0
 10
270.43454214510655
 20
235.42022326591143
 30
0.0
 10
270.3945421451066
 20
235.4682180575781
 30
0.0
  0
SPLINE
  5
3CD
330
17
100
AcDbEntity
  8
ENGRAVE
100
AcDbSpline
 70
0
 71
2
 72
6
 73
3
 74
0
 40
0.0
 40
0.0
 40
0.0
 40
1.0
 40
1.0
 40
1.0
 10
270.93202200833537
 20
212.04575400087916
 30
0.0
 10
270.58004284166867
 20
211.66174358421247
 30
0.0
 10
270.412048050002
 20
211.4217435842125
 30
0.0
  0
SPLINE
  5
3CE
330
17
100
AcDbEntity
  8
ENGRAVE
100
AcDbSpline
 70
0
 71
2
 72
6
 73
3
 74
0
 40
0.0
 40
0.0
 40
0.0
 40
1.0
 40
1.0
 40
1.0
 10
270.65055777010656
 20
234.99623889091143
 30
0.0
 10
270.4825629784399
 20
235.22824409924476
 30
0.0
 10
270.43454214510655
 20
235.3882440992448
 30
0.0
  0
SPLINE
  5
3CF
330
17
100
AcDbEntity
  8
ENGRAVE
100
AcDbSpline
 70
0
 71
2
 72
6
 73
3
 74
0
 40
0.0
 40
0.0
 40
0.0
 40
1.0
 40
1.0
 40
1.0
 10
270.32253693677325
 20
236.78022326591145
 30
0.0
 10
270.3705317284399
 20
237.2442336825781
 30
0.0
 10
270.43454214510655
 20
237.51621284924477
 30
0.0
  0
SPLINE
  5
3D0
330
17
100
AcDbEntity
  8
ENGRAVE
100
AcDbSpline
 70
0
 71
2
 72
6
 73
3
 74
0
 40
0.0
 40
0.0
 40
0.0
 40
1.0
 40
1.0
 40
1.0
 10
270.55454214510655
 20
240.23621284924477
 30
0.0
 10
270.4825629784399
 20
240.3322024325781
 30
0.0
 10
270.4825629784399
 20
240.39621284924476
 30
0.0
  0
SPLINE
  5
3D1
330
17
100
AcDbEntity
  8
ENGRAVE
100
AcDbSpline
 70
0
 71
2
 72
6
 73
3
 74
0
 40
0.0
 40
0.0
 40
0.0
 40
1.0
 40
1.0
 40
1.0
 10
270.37204805000204
 20
215.7097644175458
 30
0.0
 10
270.46806367500204
 20
216.01377483421248
 30
0.0
 10
270.53202200833533
 20
216.36575400087915
 30
0.0
  0
SPLINE
  5
3D2
330
17
100
AcDbEntity
  8
ENGRAVE
100
AcDbSpline
 70
0
 71
2
 72
6
 73
3
 74
0
 40
0.0
 40
0.0
 40
0.0
 40
1.0
 40
1.0
 40
1.0
 10
270.53202200833533
 20
216.36575400087915
 30
0.0
 10
270.51603242500204
 20
216.39778525087917
 30
0.0
 10
270.54803763333535
 20
216.46176962587916
 30
0.0
  0
SPLINE
  5
3D3
330
17
100
AcDbEntity
  8
ENGRAVE
100
AcDbSpline
 70
0
 71
2
 72
6
 73
3
 74
0
 40
0.0
 40
0.0
 40
0.0
 40
1.0
 40
1.0
 40
1.0
 10
270.73855256177325
 20
240.10824409924479
 30
0.0
 10
270.6265213117732
 20
240.14022326591143
 30
0.0
 10
270.55454214510655
 20
240.23621284924477
 30
0.0
  0
SPLINE
  5
3D4
330
17
100
AcDbEntity
  8
ENGRAVE
100
AcDbSpline
 70
0
 71
2
 72
6
 73
3
 74
0
 40
0.0
 40
0.0
 40
0.0
 40
1.0
 40
1.0
 40
1.0
 10
270.4825629784399
 20
240.39621284924476
 30
0.0
 10
270.4825629784399
 20
240.5242336825781
 30
0.0
 10
270.6265473534399
 20
240.7642336825781
 30
0.0
  0
SPLINE
  5
3D5
330
17
100
AcDbEntity
  8
ENGRAVE
100
AcDbSpline
 70
0
 71
2
 72
6
 73
3
 74
0
 40
0.0
 40
0.0
 40
0.0
 40
1.0
 40
1.0
 40
1.0
 10
270.54803763333535
 20
216.46176962587916
 30
0.0
 10
270.58004284166867
 20
216.52575400087915
 30
0.0
 10
270.64405325833536
 20
216.5417435842125
 30
0.0
  0
SPLINE
  5
3D6
330
17
100
AcDbEntity
  8
ENGRAVE
100
AcDbSpline
 70
0
 71
2
 72
6
 73
3
 74
0
 40
0.0
 40
0.0
 40
0.0
 40
1.0
 40
1.0
 40
1.0
 10
271.02654735343987
 20
234.58022326591143
 30
0.0
 10
270.81855256177323
 20
234.7642336825781
 30
0.0
 10
270.65055777010656
 20
234.99623889091143
 30
0.0
  0
SPLINE
  5
3D7
330
17
100
AcDbEntity
  8
ENGRAVE
100
AcDbSpline
 70
0
 71
2
 72
6
 73
3
 74
0
 40
0.0
 40
0.0
 40
0.0
 40
1.0
 40
1.0
 40
1.0
 10
270.43454214510655
 20
237.51621284924477
 30
0.0
 10
270.51454214510653
 20
237.7722024325781
 30
0.0
 10
270.67454214510656
 20
238.2122024325781
 30
0.0
  0
SPLINE
  5
3D8
330
17
100
AcDbEntity
  8
ENGRAVE
100
AcDbSpline
 70
0
 71
2
 72
6
 73
3
 74
0
 40
0.0
 40
0.0
 40
0.0
 40
1.0
 40
1.0
 40
1.0
 10
270.6265473534399
 20
240.7642336825781
 30
0.0
 10
270.7705317284399
 20
241.0042336825781
 30
0.0
 10
270.8345421451066
 20
241.0042336825781
 30
0.0
  0
SPLINE
  5
3D9
330
17
100
AcDbEntity
  8
ENGRAVE
100
AcDbSpline
 70
0
 71
2
 72
6
 73
3
 74
0
 40
0.0
 40
0.0
 40
0.0
 40
1.0
 40
1.0
 40
1.0
 10
272.212048050002
 20
213.09374879254582
 30
0.0
 10
271.58806367500205
 20
212.62174358421248
 30
0.0
 10
270.93202200833537
 20
212.04575400087916
 30
0.0
  0
SPLINE
  5
3DA
330
17
100
AcDbEntity
  8
ENGRAVE
100
AcDbSpline
 70
0
 71
2
 72
6
 73
3
 74
0
 40
0.0
 40
0.0
 40
0.0
 40
1.0
 40
1.0
 40
1.0
 10
270.67454214510656
 20
238.2122024325781
 30
0.0
 10
270.8345421451066
 20
238.6522024325781
 30
0.0
 10
270.9465213117732
 20
239.0042336825781
 30
0.0
  0
SPLINE
  5
3DB
330
17
100
AcDbEntity
  8
ENGRAVE
100
AcDbSpline
 70
0
 71
2
 72
6
 73
3
 74
0
 40
0.0
 40
0.0
 40
0.0
 40
1.0
 40
1.0
 40
1.0
 10
271.4105317284399
 20
234.36423368257812
 30
0.0
 10
271.23454214510656
 20
234.39621284924476
 30
0.0
 10
271.02654735343987
 20
234.58022326591143
 30
0.0
  0
SPLINE
  5
3DC
330
17
100
AcDbEntity
  8
ENGRAVE
100
AcDbSpline
 70
0
 71
2
 72
6
 73
3
 74
0
 40
0.0
 40
0.0
 40
0.0
 40
1.0
 40
1.0
 40
1.0
 10
271.1800428416687
 20
213.94176962587915
 30
0.0
 10
271.0600428416687
 20
213.72575400087916
 30
0.0
 10
271.0600428416687
 20
213.64575400087915
 30
0.0
  0
SPLINE
  5
3DD
330
17
100
AcDbEntity
  8
ENGRAVE
100
AcDbSpline
 70
0
 71
2
 72
6
 73
3
 74
0
 40
0.0
 40
0.0
 40
0.0
 40
1.0
 40
1.0
 40
1.0
 10
270.676032425002
 20
216.5417435842125
 30
0.0
 10
270.78806367500204
 20
216.62174358421248
 30
0.0
 10
271.1000428416687
 20
216.56575400087917
 30
0.0
  0
SPLINE
  5
3DE
330
17
100
AcDbEntity
  8
ENGRAVE
100
AcDbSpline
 70
0
 71
2
 72
6
 73
3
 74
0
 40
0.0
 40
0.0
 40
0.0
 40
1.0
 40
1.0
 40
1.0
 10
270.8345421451066
 20
241.0042336825781
 30
0.0
 10
270.91454214510657
 20
240.98824409924478
 30
0.0
 10
271.1305317284399
 20
240.98824409924478
 30
0.0
  0
SPLINE
  5
3DF
330
17
100
AcDbEntity
  8
ENGRAVE
100
AcDbSpline
 70
0
 71
2
 72
6
 73
3
 74
0
 40
0.0
 40
0.0
 40
0.0
 40
1.0
 40
1.0
 40
1.0
 10
271.4120220083354
 20
214.4137748342125
 30
0.0
 10
271.3000428416687
 20
214.15778525087916
 30
0.0
 10
271.1800428416687
 20
213.94176962587915
 30
0.0
  0
SPLINE
  5
3E0
330
17
100
AcDbEntity
  8
ENGRAVE
100
AcDbSpline
 70
0
 71
2
 72
6
 73
3
 74
0
 40
0.0
 40
0.0
 40
0.0
 40
1.0
 40
1.0
 40
1.0
 10
271.0600428416687
 20
213.64575400087915
 30
0.0
 10
271.0600428416687
 20
213.64575400087915
 30
0.0
 10
271.18803763333534
 20
213.74176962587916
 30
0.0
  0
SPLINE
  5
3E1
330
17
100
AcDbEntity
  8
ENGRAVE
100
AcDbSpline
 70
0
 71
2
 72
6
 73
3
 74
0
 40
0.0
 40
0.0
 40
0.0
 40
1.0
 40
1.0
 40
1.0
 10
272.54652131177323
 20
234.38022326591144
 30
0.0
 10
271.8265213117732
 20
234.2842336825781
 30
0.0
 10
271.4105317284399
 20
234.36423368257812
 30
0.0
  0
SPLINE
  5
3E2
330
17
100
AcDbEntity
  8
ENGRAVE
100
AcDbSpline
 70
0
 71
2
 72
6
 73
3
 74
0
 40
0.0
 40
0.0
 40
0.0
 40
1.0
 40
1.0
 40
1.0
 10
271.892048050002
 20
215.62976441754583
 30
0.0
 10
271.87603242500205
 20
215.16575400087916
 30
0.0
 10
271.4120220083354
 20
214.4137748342125
 30
0.0
  0
SPLINE
  5
3E3
330
17
100
AcDbEntity
  8
ENGRAVE
100
AcDbSpline
 70
0
 71
2
 72
6
 73
3
 74
0
 40
0.0
 40
0.0
 40
0.0
 40
1.0
 40
1.0
 40
1.0
 10
271.18803763333534
 20
213.74176962587916
 30
0.0
 10
271.31603242500205
 20
213.83778525087916
 30
0.0
 10
271.49204805000204
 20
213.9737748342125
 30
0.0
  0
SPLINE
  5
3E4
330
17
100
AcDbEntity
  8
ENGRAVE
100
AcDbSpline
 70
0
 71
2
 72
6
 73
3
 74
0
 40
0.0
 40
0.0
 40
0.0
 40
1.0
 40
1.0
 40
1.0
 10
271.81852652010656
 20
237.46022326591145
 30
0.0
 10
271.66652131177324
 20
236.8442336825781
 30
0.0
 10
271.55454214510655
 20
236.23621284924477
 30
0.0
  0
SPLINE
  5
3E5
330
17
100
AcDbEntity
  8
ENGRAVE
100
AcDbSpline
 70
0
 71
2
 72
6
 73
3
 74
0
 40
0.0
 40
0.0
 40
0.0
 40
1.0
 40
1.0
 40
1.0
 10
271.1305317284399
 20
240.98824409924478
 30
0.0
 10
271.34652131177324
 20
240.98824409924478
 30
0.0
 10
271.55454214510655
 20
241.0042336825781
 30
0.0
  0
SPLINE
  5
3E6
330
17
100
AcDbEntity
  8
ENGRAVE
100
AcDbSpline
 70
0
 71
2
 72
6
 73
3
 74
0
 40
0.0
 40
0.0
 40
0.0
 40
1.0
 40
1.0
 40
1.0
 10
271.1000428416687
 20
216.56575400087917
 30
0.0
 10
271.4120220083354
 20
216.50976441754582
 30
0.0
 10
271.57202200833535
 20
216.3817435842125
 30
0.0
  0
SPLINE
  5
3E7
330
17
100
AcDbEntity
  8
ENGRAVE
100
AcDbSpline
 70
0
 71
2
 72
6
 73
3
 74
0
 40
0.0
 40
0.0
 40
0.0
 40
1.0
 40
1.0
 40
1.0
 10
271.55454214510655
 20
236.23621284924477
 30
0.0
 10
271.5065213117732
 20
235.9322024325781
 30
0.0
 10
271.57852652010655
 20
235.79621284924477
 30
0.0
  0
SPLINE
  5
3E8
330
17
100
AcDbEntity
  8
ENGRAVE
100
AcDbSpline
 70
0
 71
2
 72
6
 73
3
 74
0
 40
0.0
 40
0.0
 40
0.0
 40
1.0
 40
1.0
 40
1.0
 10
271.49204805000204
 20
213.9737748342125
 30
0.0
 10
271.66806367500203
 20
214.10976441754582
 30
0.0
 10
271.796032425002
 20
214.18976441754583
 30
0.0
  0
SPLINE
  5
3E9
330
17
100
AcDbEntity
  8
ENGRAVE
100
AcDbSpline
 70
0
 71
2
 72
6
 73
3
 74
0
 40
0.0
 40
0.0
 40
0.0
 40
1.0
 40
1.0
 40
1.0
 10
271.55454214510655
 20
241.0042336825781
 30
0.0
 10
271.7625629784399
 20
241.02022326591145
 30
0.0
 10
271.8105317284399
 20
241.03621284924478
 30
0.0
  0
SPLINE
  5
3EA
330
17
100
AcDbEntity
  8
ENGRAVE
100
AcDbSpline
 70
0
 71
2
 72
6
 73
3
 74
0
 40
0.0
 40
0.0
 40
0.0
 40
1.0
 40
1.0
 40
1.0
 10
272.19454214510654
 20
238.74824409924477
 30
0.0
 10
271.9705317284399
 20
238.07621284924477
 30
0.0
 10
271.81852652010656
 20
237.46022326591145
 30
0.0
  0
SPLINE
  5
3EB
330
17
100
AcDbEntity
  8
ENGRAVE
100
AcDbSpline
 70
0
 71
2
 72
6
 73
3
 74
0
 40
0.0
 40
0.0
 40
0.0
 40
1.0
 40
1.0
 40
1.0
 10
271.57202200833535
 20
216.3817435842125
 30
0.0
 10
271.90806367500204
 20
216.0937748342125
 30
0.0
 10
271.892048050002
 20
215.62976441754583
 30
0.0
  0
SPLINE
  5
3EC
330
17
100
AcDbEntity
  8
ENGRAVE
100
AcDbSpline
 70
0
 71
2
 72
6
 73
3
 74
0
 40
0.0
 40
0.0
 40
0.0
 40
1.0
 40
1.0
 40
1.0
 10
271.8105317284399
 20
241.03621284924478
 30
0.0
 10
271.87454214510655
 20
241.06824409924477
 30
0.0
 10
271.93855256177324
 20
241.1242336825781
 30
0.0
  0
SPLINE
  5
3ED
330
17
100
AcDbEntity
  8
ENGRAVE
100
AcDbSpline
 70
0
 71
2
 72
6
 73
3
 74
0
 40
0.0
 40
0.0
 40
0.0
 40
1.0
 40
1.0
 40
1.0
 10
271.57852652010655
 20
235.79621284924477
 30
0.0
 10
271.6505317284399
 20
235.66022326591144
 30
0.0
 10
271.98652131177323
 20
235.62824409924477
 30
0.0
  0
SPLINE
  5
3EE
330
17
100
AcDbEntity
  8
ENGRAVE
100
AcDbSpline
 70
0
 71
2
 72
6
 73
3
 74
0
 40
0.0
 40
0.0
 40
0.0
 40
1.0
 40
1.0
 40
1.0
 10
271.93855256177324
 20
241.1242336825781
 30
0.0
 10
272.00256297843987
 20
241.18022326591145
 30
0.0
 10
272.03454214510657
 20
241.2922024325781
 30
0.0
  0
SPLINE
  5
3EF
330
17
100
AcDbEntity
  8
ENGRAVE
100
AcDbSpline
 70
0
 71
2
 72
6
 73
3
 74
0
 40
0.0
 40
0.0
 40
0.0
 40
1.0
 40
1.0
 40
1.0
 10
271.796032425002
 20
214.18976441754583
 30
0.0
 10
271.87603242500205
 20
214.26976441754582
 30
0.0
 10
272.1480376333354
 20
214.48575400087915
 30
0.0
  0
SPLINE
  5
3F0
330
17
100
AcDbEntity
  8
ENGRAVE
100
AcDbSpline
 70
0
 71
2
 72
6
 73
3
 74
0
 40
0.0
 40
0.0
 40
0.0
 40
1.0
 40
1.0
 40
1.0
 10
272.03454214510657
 20
241.2922024325781
 30
0.0
 10
272.11454214510655
 20
241.46824409924477
 30
0.0
 10
272.17855256177324
 20
241.5642336825781
 30
0.0
  0
SPLINE
  5
3F1
330
17
100
AcDbEntity
  8
ENGRAVE
100
AcDbSpline
 70
0
 71
2
 72
6
 73
3
 74
0
 40
0.0
 40
0.0
 40
0.0
 40
1.0
 40
1.0
 40
1.0
 10
272.51454214510653
 20
239.34022326591145
 30
0.0
 10
272.3865213117732
 20
239.06824409924477
 30
0.0
 10
272.19454214510654
 20
238.74824409924477
 30
0.0
  0
SPLINE
  5
3F2
330
17
100
AcDbEntity
  8
ENGRAVE
100
AcDbSpline
 70
0
 71
2
 72
6
 73
3
 74
0
 40
0.0
 40
0.0
 40
0.0
 40
1.0
 40
1.0
 40
1.0
 10
273.34806367500204
 20
213.80575400087915
 30
0.0
 10
272.83603242500203
 20
213.56575400087917
 30
0.0
 10
272.212048050002
 20
213.09374879254582
 30
0.0
  0
SPLINE
  5
3F3
330
17
100
AcDbEntity
  8
ENGRAVE
100
AcDbSpline
 70
0
 71
2
 72
6
 73
3
 74
0
 40
0.0
 40
0.0
 40
0.0
 40
1.0
 40
1.0
 40
1.0
 10
272.17855256177324
 20
241.5642336825781
 30
0.0
 10
272.2425629784399
 20
241.66022326591144
 30
0.0
 10
272.35454214510656
 20
241.8522024325781
 30
0.0
  0
SPLINE
  5
3F4
330
17
100
AcDbEntity
  8
ENGRAVE
100
AcDbSpline
 70
0
 71
2
 72
6
 73
3
 74
0
 40
0.0
 40
0.0
 40
0.0
 40
1.0
 40
1.0
 40
1.0
 10
271.98652131177323
 20
235.62824409924477
 30
0.0
 10
272.1625629784399
 20
235.6122024325781
 30
0.0
 10
272.49855256177324
 20
235.63621284924477
 30
0.0
  0
SPLINE
  5
3F5
330
17
100
AcDbEntity
  8
ENGRAVE
100
AcDbSpline
 70
0
 71
2
 72
6
 73
3
 74
0
 40
0.0
 40
0.0
 40
0.0
 40
1.0
 40
1.0
 40
1.0
 10
272.7065213117732
 20
239.67621284924476
 30
0.0
 10
272.6425629784399
 20
239.6122024325781
 30
0.0
 10
272.51454214510653
 20
239.34022326591145
 30
0.0
  0
SPLINE
  5
3F6
330
17
100
AcDbEntity
  8
ENGRAVE
100
AcDbSpline
 70
0
 71
2
 72
6
 73
3
 74
0
 40
0.0
 40
0.0
 40
0.0
 40
1.0
 40
1.0
 40
1.0
 10
272.35454214510656
 20
241.8522024325781
 30
0.0
 10
272.46652131177325
 20
242.06022326591145
 30
0.0
 10
272.53852652010653
 20
242.2042336825781
 30
0.0
  0
SPLINE
  5
3F7
330
17
100
AcDbEntity
  8
ENGRAVE
100
AcDbSpline
 70
0
 71
2
 72
6
 73
3
 74
0
 40
0.0
 40
0.0
 40
0.0
 40
1.0
 40
1.0
 40
1.0
 10
273.98652131177323
 20
234.92423368257812
 30
0.0
 10
273.2665213117732
 20
234.47621284924477
 30
0.0
 10
272.54652131177323
 20
234.38022326591144
 30
0.0
  0
SPLINE
  5
3F8
330
17
100
AcDbEntity
  8
ENGRAVE
100
AcDbSpline
 70
0
 71
2
 72
6
 73
3
 74
0
 40
0.0
 40
0.0
 40
0.0
 40
1.0
 40
1.0
 40
1.0
 10
272.8265473534399
 20
239.87623889091145
 30
0.0
 10
272.7705317284399
 20
239.80423368257811
 30
0.0
 10
272.7065213117732
 20
239.67621284924476
 30
0.0
  0
SPLINE
  5
3F9
330
17
100
AcDbEntity
  8
ENGRAVE
100
AcDbSpline
 70
0
 71
2
 72
6
 73
3
 74
0
 40
0.0
 40
0.0
 40
0.0
 40
1.0
 40
1.0
 40
1.0
 10
272.1480376333354
 20
214.48575400087915
 30
0.0
 10
272.4200428416687
 20
214.7017435842125
 30
0.0
 10
272.7400428416687
 20
214.94174358421247
 30
0.0
  0
SPLINE
  5
3FA
330
17
100
AcDbEntity
  8
ENGRAVE
100
AcDbSpline
 70
0
 71
2
 72
6
 73
3
 74
0
 40
0.0
 40
0.0
 40
0.0
 40
1.0
 40
1.0
 40
1.0
 10
272.53852652010653
 20
242.2042336825781
 30
0.0
 10
272.61053172843987
 20
242.34824409924477
 30
0.0
 10
272.7705317284399
 20
242.6042336825781
 30
0.0
  0
SPLINE
  5
3FB
330
17
100
AcDbEntity
  8
ENGRAVE
100
AcDbSpline
 70
0
 71
2
 72
6
 73
3
 74
0
 40
0.0
 40
0.0
 40
0.0
 40
1.0
 40
1.0
 40
1.0
 10
273.0105317284399
 20
239.98022326591143
 30
0.0
 10
272.88256297843986
 20
239.94824409924476
 30
0.0
 10
272.8265473534399
 20
239.87623889091145
 30
0.0
  0
SPLINE
  5
3FC
330
17
100
AcDbEntity
  8
ENGRAVE
100
AcDbSpline
 70
0
 71
2
 72
6
 73
3
 74
0
 40
0.0
 40
0.0
 40
0.0
 40
1.0
 40
1.0
 40
1.0
 10
272.7705317284399
 20
242.6042336825781
 30
0.0
 10
272.8505317284399
 20
242.71621284924478
 30
0.0
 10
272.9465473534399
 20
242.87621284924478
 30
0.0
  0
SPLINE
  5
3FD
330
17
100
AcDbEntity
  8
ENGRAVE
100
AcDbSpline
 70
0
 71
2
 72
6
 73
3
 74
0
 40
0.0
 40
0.0
 40
0.0
 40
1.0
 40
1.0
 40
1.0
 10
273.20253693677324
 20
240.0122024325781
 30
0.0
 10
273.1385525617732
 20
240.0122024325781
 30
0.0
 10
273.0105317284399
 20
239.98022326591143
 30
0.0
  0
SPLINE
  5
3FE
330
17
100
AcDbEntity
  8
ENGRAVE
100
AcDbSpline
 70
0
 71
2
 72
6
 73
3
 74
0
 40
0.0
 40
0.0
 40
0.0
 40
1.0
 40
1.0
 40
1.0
 10
272.49855256177324
 20
235.63621284924477
 30
0.0
 10
272.8345421451066
 20
235.66022326591144
 30
0.0
 10
273.05855256177324
 20
235.7242336825781
 30
0.0
  0
SPLINE
  5
3FF
330
17
100
AcDbEntity
  8
ENGRAVE
100
AcDbSpline
 70
0
 71
2
 72
6
 73
3
 74
0
 40
0.0
 40
0.0
 40
0.0
 40
1.0
 40
1.0
 40
1.0
 10
272.9465473534399
 20
242.87621284924478
 30
0.0
 10
273.0425629784399
 20
243.03621284924478
 30
0.0
 10
273.1865213117732
 20
243.14824409924478
 30
0.0
  0
SPLINE
  5
400
330
17
100
AcDbEntity
  8
ENGRAVE
100
AcDbSpline
 70
0
 71
2
 72
6
 73
3
 74
0
 40
0.0
 40
0.0
 40
0.0
 40
1.0
 40
1.0
 40
1.0
 10
273.47454214510657
 20
240.02824409924477
 30
0.0
 10
273.2665213117732
 20
240.0122024325781
 30
0.0
 10
273.20253693677324
 20
240.0122024325781
 30
0.0
  0
SPLINE
  5
401
330
17
100
AcDbEntity
  8
ENGRAVE
100
AcDbSpline
 70
0
 71
2
 72
6
 73
3
 74
0
 40
0.0
 40
0.0
 40
0.0
 40
1.0
 40
1.0
 40
1.0
 10
272.7400428416687
 20
214.94174358421247
 30
0.0
 10
273.0600428416687
 20
215.18174358421248
 30
0.0
 10
273.25202200833536
 20
215.3097644175458
 30
0.0
  0
SPLINE
  5
402
330
17
100
AcDbEntity
  8
ENGRAVE
100
AcDbSpline
 70
0
 71
2
 72
6
 73
3
 74
0
 40
0.0
 40
0.0
 40
0.0
 40
1.0
 40
1.0
 40
1.0
 10
273.6440272166687
 20
213.82976441754582
 30
0.0
 10
273.556032425002
 20
213.88575400087916
 30
0.0
 10
273.34806367500204
 20
213.80575400087915
 30
0.0
  0
SPLINE
  5
403
330
17
100
AcDbEntity
  8
ENGRAVE
100
AcDbSpline
 70
0
 71
2
 72
6
 73
3
 74
0
 40
0.0
 40
0.0
 40
0.0
 40
1.0
 40
1.0
 40
1.0
 10
273.05855256177324
 20
235.7242336825781
 30
0.0
 10
273.23454214510656
 20
235.80423368257811
 30
0.0
 10
273.4265473534399
 20
235.89222847424477
 30
0.0
  0
SPLINE
  5
404
330
17
100
AcDbEntity
  8
ENGRAVE
100
AcDbSpline
 70
0
 71
2
 72
6
 73
3
 74
0
 40
0.0
 40
0.0
 40
0.0
 40
1.0
 40
1.0
 40
1.0
 10
273.87454214510655
 20
240.03623889091145
 30
0.0
 10
273.6025629784399
 20
240.02824409924477
 30
0.0
 10
273.47454214510657
 20
240.02824409924477
 30
0.0
  0
SPLINE
  5
405
330
17
100
AcDbEntity
  8
ENGRAVE
100
AcDbSpline
 70
0
 71
2
 72
6
 73
3
 74
0
 40
0.0
 40
0.0
 40
0.0
 40
1.0
 40
1.0
 40
1.0
 10
273.63454214510654
 20
241.53220243257812
 30
0.0
 10
273.37855256177323
 20
241.18022326591145
 30
0.0
 10
273.5385525617732
 20
241.13222847424478
 30
0.0
  0
SPLINE
  5
406
330
17
100
AcDbEntity
  8
ENGRAVE
100
AcDbSpline
 70
0
 71
2
 72
6
 73
3
 74
0
 40
0.0
 40
0.0
 40
0.0
 40
1.0
 40
1.0
 40
1.0
 10
273.9465473534399
 20
242.02022326591145
 30
0.0
 10
273.7785525617732
 20
241.80423368257811
 30
0.0
 10
273.63454214510654
 20
241.53220243257812
 30
0.0
  0
SPLINE
  5
407
330
17
100
AcDbEntity
  8
ENGRAVE
100
AcDbSpline
 70
0
 71
2
 72
6
 73
3
 74
0
 40
0.0
 40
0.0
 40
0.0
 40
1.0
 40
1.0
 40
1.0
 10
273.76405325833537
 20
213.5337748342125
 30
0.0
 10
273.7320220083354
 20
213.77377483421247
 30
0.0
 10
273.6440272166687
 20
213.82976441754582
 30
0.0
  0
SPLINE
  5
408
330
17
100
AcDbEntity
  8
ENGRAVE
100
AcDbSpline
 70
0
 71
2
 72
6
 73
3
 74
0
 40
0.0
 40
0.0
 40
0.0
 40
1.0
 40
1.0
 40
1.0
 10
273.1865213117732
 20
243.14824409924478
 30
0.0
 10
273.3305317284399
 20
243.27621284924479
 30
0.0
 10
273.65852652010653
 20
243.33222847424477
 30
0.0
  0
SPLINE
  5
409
330
17
100
AcDbEntity
  8
ENGRAVE
100
AcDbSpline
 70
0
 71
2
 72
6
 73
3
 74
0
 40
0.0
 40
0.0
 40
0.0
 40
1.0
 40
1.0
 40
1.0
 10
273.748063675002
 20
211.6937748342125
 30
0.0
 10
273.65202200833534
 20
212.06174358421248
 30
0.0
 10
273.7000428416687
 20
212.50174358421248
 30
0.0
  0
SPLINE
  5
40A
330
17
100
AcDbEntity
  8
ENGRAVE
100
AcDbSpline
 70
0
 71
2
 72
6
 73
3
 74
0
 40
0.0
 40
0.0
 40
0.0
 40
1.0
 40
1.0
 40
1.0
 10
273.25202200833536
 20
215.3097644175458
 30
0.0
 10
273.428063675002
 20
215.43778525087916
 30
0.0
 10
273.7000428416687
 20
215.5737748342125
 30
0.0
  0
SPLINE
  5
40B
330
17
100
AcDbEntity
  8
ENGRAVE
100
AcDbSpline
 70
0
 71
2
 72
6
 73
3
 74
0
 40
0.0
 40
0.0
 40
0.0
 40
1.0
 40
1.0
 40
1.0
 10
274.1240272166687
 20
211.20575400087915
 30
0.0
 10
273.89202200833535
 20
211.32575400087916
 30
0.0
 10
273.748063675002
 20
211.6937748342125
 30
0.0
  0
SPLINE
  5
40C
330
17
100
AcDbEntity
  8
ENGRAVE
100
AcDbSpline
 70
0
 71
2
 72
6
 73
3
 74
0
 40
0.0
 40
0.0
 40
0.0
 40
1.0
 40
1.0
 40
1.0
 10
273.7000428416687
 20
212.50174358421248
 30
0.0
 10
273.748063675002
 20
212.94174358421247
 30
0.0
 10
273.76405325833537
 20
213.22976441754582
 30
0.0
  0
SPLINE
  5
40D
330
17
100
AcDbEntity
  8
ENGRAVE
100
AcDbSpline
 70
0
 71
2
 72
6
 73
3
 74
0
 40
0.0
 40
0.0
 40
0.0
 40
1.0
 40
1.0
 40
1.0
 10
273.4265473534399
 20
235.89222847424477
 30
0.0
 10
273.61855256177324
 20
235.98022326591143
 30
0.0
 10
273.7785525617732
 20
236.07621284924477
 30
0.0
  0
SPLINE
  5
40E
330
17
100
AcDbEntity
  8
ENGRAVE
100
AcDbSpline
 70
0
 71
2
 72
6
 73
3
 74
0
 40
0.0
 40
0.0
 40
0.0
 40
1.0
 40
1.0
 40
1.0
 10
274.5305317284399
 20
240.10824409924479
 30
0.0
 10
274.1465213117732
 20
240.0442336825781
 30
0.0
 10
273.87454214510655
 20
240.03623889091145
 30
0.0
  0
SPLINE
  5
40F
330
17
100
AcDbEntity
  8
ENGRAVE
100
AcDbSpline
 70
0
 71
2
 72
6
 73
3
 74
0
 40
0.0
 40
0.0
 40
0.0
 40
1.0
 40
1.0
 40
1.0
 10
274.2425629784399
 20
242.50824409924476
 30
0.0
 10
274.11454214510655
 20
242.23621284924477
 30
0.0
 10
273.9465473534399
 20
242.02022326591145
 30
0.0
  0
SPLINE
  5
410
330
17
100
AcDbEntity
  8
ENGRAVE
100
AcDbSpline
 70
0
 71
2
 72
6
 73
3
 74
0
 40
0.0
 40
0.0
 40
0.0
 40
1.0
 40
1.0
 40
1.0
 10
274.5785525617732
 20
235.47621284924477
 30
0.0
 10
274.49855256177324
 20
235.2122024325781
 30
0.0
 10
273.98652131177323
 20
234.92423368257812
 30
0.0
  0
SPLINE
  5
411
330
17
100
AcDbEntity
  8
ENGRAVE
100
AcDbSpline
 70
0
 71
2
 72
6
 73
3
 74
0
 40
0.0
 40
0.0
 40
0.0
 40
1.0
 40
1.0
 40
1.0
 10
273.7000428416687
 20
215.5737748342125
 30
0.0
 10
273.9720220083354
 20
215.7097644175458
 30
0.0
 10
274.036032425002
 20
215.7097644175458
 30
0.0
  0
SPLINE
  5
412
330
17
100
AcDbEntity
  8
ENGRAVE
100
AcDbSpline
 70
0
 71
2
 72
6
 73
3
 74
0
 40
0.0
 40
0.0
 40
0.0
 40
1.0
 40
1.0
 40
1.0
 10
273.7785525617732
 20
236.07621284924477
 30
0.0
 10
273.9225629784399
 20
236.15621284924478
 30
0.0
 10
274.0665473534399
 20
236.24420764091144
 30
0.0
  0
SPLINE
  5
413
330
17
100
AcDbEntity
  8
ENGRAVE
100
AcDbSpline
 70
0
 71
2
 72
6
 73
3
 74
0
 40
0.0
 40
0.0
 40
0.0
 40
1.0
 40
1.0
 40
1.0
 10
274.70806367500205
 20
211.05377483421248
 30
0.0
 10
274.356032425002
 20
211.08575400087915
 30
0.0
 10
274.1240272166687
 20
211.20575400087915
 30
0.0
  0
SPLINE
  5
414
330
17
100
AcDbEntity
  8
ENGRAVE
100
AcDbSpline
 70
0
 71
2
 72
6
 73
3
 74
0
 40
0.0
 40
0.0
 40
0.0
 40
1.0
 40
1.0
 40
1.0
 10
274.0665473534399
 20
236.24420764091144
 30
0.0
 10
274.2105317284399
 20
236.3322024325781
 30
0.0
 10
274.2105317284399
 20
236.3322024325781
 30
0.0
  0
SPLINE
  5
415
330
17
100
AcDbEntity
  8
ENGRAVE
100
AcDbSpline
 70
0
 71
2
 72
6
 73
3
 74
0
 40
0.0
 40
0.0
 40
0.0
 40
1.0
 40
1.0
 40
1.0
 10
273.65852652010653
 20
243.33222847424477
 30
0.0
 10
273.98652131177323
 20
243.3882440992448
 30
0.0
 10
274.22652131177324
 20
243.18022326591145
 30
0.0
  0
SPLINE
  5
416
330
17
100
AcDbEntity
  8
ENGRAVE
100
AcDbSpline
 70
0
 71
2
 72
6
 73
3
 74
0
 40
0.0
 40
0.0
 40
0.0
 40
1.0
 40
1.0
 40
1.0
 10
274.3705317284399
 20
242.87621284924478
 30
0.0
 10
274.3865213117732
 20
242.7322024325781
 30
0.0
 10
274.2425629784399
 20
242.50824409924476
 30
0.0
  0
SPLINE
  5
417
330
17
100
AcDbEntity
  8
ENGRAVE
100
AcDbSpline
 70
0
 71
2
 72
6
 73
3
 74
0
 40
0.0
 40
0.0
 40
0.0
 40
1.0
 40
1.0
 40
1.0
 10
274.22652131177324
 20
243.18022326591145
 30
0.0
 10
274.35454214510656
 20
243.02022326591145
 30
0.0
 10
274.3705317284399
 20
242.87621284924478
 30
0.0
  0
SPLINE
  5
418
330
17
100
AcDbEntity
  8
ENGRAVE
100
AcDbSpline
 70
0
 71
2
 72
6
 73
3
 74
0
 40
0.0
 40
0.0
 40
0.0
 40
1.0
 40
1.0
 40
1.0
 10
274.036032425002
 20
215.7097644175458
 30
0.0
 10
274.19603242500204
 20
215.7097644175458
 30
0.0
 10
274.42803763333535
 20
215.59775920921248
 30
0.0
  0
SPLINE
  5
419
330
17
100
AcDbEntity
  8
ENGRAVE
100
AcDbSpline
 70
0
 71
2
 72
6
 73
3
 74
0
 40
0.0
 40
0.0
 40
0.0
 40
1.0
 40
1.0
 40
1.0
 10
273.5385525617732
 20
241.13222847424478
 30
0.0
 10
273.6985525617732
 20
241.08423368257812
 30
0.0
 10
274.43454214510655
 20
241.19621284924477
 30
0.0
  0
SPLINE
  5
41A
330
17
100
AcDbEntity
  8
ENGRAVE
100
AcDbSpline
 70
0
 71
2
 72
6
 73
3
 74
0
 40
0.0
 40
0.0
 40
0.0
 40
1.0
 40
1.0
 40
1.0
 10
274.2105317284399
 20
236.3322024325781
 30
0.0
 10
274.2905317284399
 20
236.46022326591145
 30
0.0
 10
274.44253693677325
 20
236.29222847424478
 30
0.0
  0
SPLINE
  5
41B
330
17
100
AcDbEntity
  8
ENGRAVE
100
AcDbSpline
 70
0
 71
2
 72
6
 73
3
 74
0
 40
0.0
 40
0.0
 40
0.0
 40
1.0
 40
1.0
 40
1.0
 10
275.2665473534399
 20
240.18824409924477
 30
0.0
 10
275.1385525617732
 20
240.10824409924479
 30
0.0
 10
274.5305317284399
 20
240.10824409924479
 30
0.0
  0
SPLINE
  5
41C
330
17
100
AcDbEntity
  8
ENGRAVE
100
AcDbSpline
 70
0
 71
2
 72
6
 73
3
 74
0
 40
0.0
 40
0.0
 40
0.0
 40
1.0
 40
1.0
 40
1.0
 10
274.6585525617732
 20
235.9322024325781
 30
0.0
 10
274.6585525617732
 20
235.74022326591145
 30
0.0
 10
274.5785525617732
 20
235.47621284924477
 30
0.0
  0
SPLINE
  5
41D
330
17
100
AcDbEntity
  8
ENGRAVE
100
AcDbSpline
 70
0
 71
2
 72
6
 73
3
 74
0
 40
0.0
 40
0.0
 40
0.0
 40
1.0
 40
1.0
 40
1.0
 10
274.44253693677325
 20
236.29222847424478
 30
0.0
 10
274.5945421451066
 20
236.1242336825781
 30
0.0
 10
274.6585525617732
 20
235.9322024325781
 30
0.0
  0
SPLINE
  5
41E
330
17
100
AcDbEntity
  8
ENGRAVE
100
AcDbSpline
 70
0
 71
2
 72
6
 73
3
 74
0
 40
0.0
 40
0.0
 40
0.0
 40
1.0
 40
1.0
 40
1.0
 10
275.132048050002
 20
211.3017435842125
 30
0.0
 10
274.916032425002
 20
211.1017435842125
 30
0.0
 10
274.70806367500205
 20
211.05377483421248
 30
0.0
  0
SPLINE
  5
41F
330
17
100
AcDbEntity
  8
ENGRAVE
100
AcDbSpline
 70
0
 71
2
 72
6
 73
3
 74
0
 40
0.0
 40
0.0
 40
0.0
 40
1.0
 40
1.0
 40
1.0
 10
274.42803763333535
 20
215.59775920921248
 30
0.0
 10
274.6600428416687
 20
215.48575400087915
 30
0.0
 10
274.8600428416687
 20
215.33374879254583
 30
0.0
  0
SPLINE
  5
420
330
17
100
AcDbEntity
  8
ENGRAVE
100
AcDbSpline
 70
0
 71
2
 72
6
 73
3
 74
0
 40
0.0
 40
0.0
 40
0.0
 40
1.0
 40
1.0
 40
1.0
 10
275.0600428416687
 20
213.7257800425458
 30
0.0
 10
275.09202200833533
 20
213.1337748342125
 30
0.0
 10
274.996032425002
 20
212.71778525087916
 30
0.0
  0
SPLINE
  5
421
330
17
100
AcDbEntity
  8
ENGRAVE
100
AcDbSpline
 70
0
 71
2
 72
6
 73
3
 74
0
 40
0.0
 40
0.0
 40
0.0
 40
1.0
 40
1.0
 40
1.0
 10
274.996032425002
 20
212.71778525087916
 30
0.0
 10
274.996032425002
 20
212.71778525087916
 30
0.0
 10
275.012048050002
 20
212.6937748342125
 30
0.0
  0
SPLINE
  5
422
330
17
100
AcDbEntity
  8
ENGRAVE
100
AcDbSpline
 70
0
 71
2
 72
6
 73
3
 74
0
 40
0.0
 40
0.0
 40
0.0
 40
1.0
 40
1.0
 40
1.0
 10
275.04405325833534
 20
212.62174358421248
 30
0.0
 10
275.02806367500204
 20
212.60575400087916
 30
0.0
 10
275.0360584666687
 20
212.56575400087917
 30
0.0
  0
SPLINE
  5
423
330
17
100
AcDbEntity
  8
ENGRAVE
100
AcDbSpline
 70
0
 71
2
 72
6
 73
3
 74
0
 40
0.0
 40
0.0
 40
0.0
 40
1.0
 40
1.0
 40
1.0
 10
275.0360584666687
 20
212.56575400087917
 30
0.0
 10
275.04405325833534
 20
212.52575400087915
 30
0.0
 10
275.04405325833534
 20
212.52575400087915
 30
0.0
  0
SPLINE
  5
424
330
17
100
AcDbEntity
  8
ENGRAVE
100
AcDbSpline
 70
0
 71
2
 72
6
 73
3
 74
0
 40
0.0
 40
0.0
 40
0.0
 40
1.0
 40
1.0
 40
1.0
 10
275.012048050002
 20
212.6937748342125
 30
0.0
 10
275.02806367500204
 20
212.66976441754582
 30
0.0
 10
275.04405325833534
 20
212.62174358421248
 30
0.0
  0
SPLINE
  5
425
330
17
100
AcDbEntity
  8
ENGRAVE
100
AcDbSpline
 70
0
 71
2
 72
6
 73
3
 74
0
 40
0.0
 40
0.0
 40
0.0
 40
1.0
 40
1.0
 40
1.0
 10
275.0600428416687
 20
214.7017435842125
 30
0.0
 10
275.02806367500204
 20
214.31778525087915
 30
0.0
 10
275.0600428416687
 20
213.7257800425458
 30
0.0
  0
SPLINE
  5
426
330
17
100
AcDbEntity
  8
ENGRAVE
100
AcDbSpline
 70
0
 71
2
 72
6
 73
3
 74
0
 40
0.0
 40
0.0
 40
0.0
 40
1.0
 40
1.0
 40
1.0
 10
275.07603242500204
 20
214.88575400087916
 30
0.0
 10
275.0600428416687
 20
214.78174358421248
 30
0.0
 10
275.0600428416687
 20
214.7017435842125
 30
0.0
  0
SPLINE
  5
427
330
17
100
AcDbEntity
  8
ENGRAVE
100
AcDbSpline
 70
0
 71
2
 72
6
 73
3
 74
0
 40
0.0
 40
0.0
 40
0.0
 40
1.0
 40
1.0
 40
1.0
 10
275.09202200833533
 20
215.05377483421248
 30
0.0
 10
275.09202200833533
 20
214.9897644175458
 30
0.0
 10
275.07603242500204
 20
214.88575400087916
 30
0.0
  0
SPLINE
  5
428
330
17
100
AcDbEntity
  8
ENGRAVE
100
AcDbSpline
 70
0
 71
2
 72
6
 73
3
 74
0
 40
0.0
 40
0.0
 40
0.0
 40
1.0
 40
1.0
 40
1.0
 10
274.8600428416687
 20
215.33374879254583
 30
0.0
 10
275.0600428416687
 20
215.18174358421248
 30
0.0
 10
275.09202200833533
 20
215.05377483421248
 30
0.0
  0
SPLINE
  5
429
330
17
100
AcDbEntity
  8
ENGRAVE
100
AcDbSpline
 70
0
 71
2
 72
6
 73
3
 74
0
 40
0.0
 40
0.0
 40
0.0
 40
1.0
 40
1.0
 40
1.0
 10
274.43454214510655
 20
241.19621284924477
 30
0.0
 10
274.8985525617732
 20
241.27621284924479
 30
0.0
 10
275.1065473534399
 20
241.10022326591144
 30
0.0
  0
SPLINE
  5
42A
330
17
100
AcDbEntity
  8
ENGRAVE
100
AcDbSpline
 70
0
 71
2
 72
6
 73
3
 74
0
 40
0.0
 40
0.0
 40
0.0
 40
1.0
 40
1.0
 40
1.0
 10
275.36405325833533
 20
211.7097644175458
 30
0.0
 10
275.34806367500204
 20
211.50174358421248
 30
0.0
 10
275.132048050002
 20
211.3017435842125
 30
0.0
  0
SPLINE
  5
42B
330
17
100
AcDbEntity
  8
ENGRAVE
100
AcDbSpline
 70
0
 71
2
 72
6
 73
3
 74
0
 40
0.0
 40
0.0
 40
0.0
 40
1.0
 40
1.0
 40
1.0
 10
275.04405325833534
 20
212.52575400087915
 30
0.0
 10
275.07603242500204
 20
212.36575400087915
 30
0.0
 10
275.156032425002
 20
212.18976441754583
 30
0.0
  0
SPLINE
  5
42C
330
17
100
AcDbEntity
  8
ENGRAVE
100
AcDbSpline
 70
0
 71
2
 72
6
 73
3
 74
0
 40
0.0
 40
0.0
 40
0.0
 40
1.0
 40
1.0
 40
1.0
 10
275.34652131177324
 20
240.6522024325781
 30
0.0
 10
275.3945421451066
 20
240.26824409924478
 30
0.0
 10
275.2665473534399
 20
240.18824409924477
 30
0.0
  0
SPLINE
  5
42D
330
17
100
AcDbEntity
  8
ENGRAVE
100
AcDbSpline
 70
0
 71
2
 72
6
 73
3
 74
0
 40
0.0
 40
0.0
 40
0.0
 40
1.0
 40
1.0
 40
1.0
 10
275.1065473534399
 20
241.10022326591144
 30
0.0
 10
275.31454214510654
 20
240.92423368257812
 30
0.0
 10
275.34652131177324
 20
240.6522024325781
 30
0.0
  0
SPLINE
  5
42E
330
17
100
AcDbEntity
  8
ENGRAVE
100
AcDbSpline
 70
0
 71
2
 72
6
 73
3
 74
0
 40
0.0
 40
0.0
 40
0.0
 40
1.0
 40
1.0
 40
1.0
 10
275.156032425002
 20
212.18976441754583
 30
0.0
 10
275.236032425002
 20
212.01377483421248
 30
0.0
 10
275.36405325833533
 20
211.7097644175458
 30
0.0
  0
SPLINE
  5
42F
330
17
100
AcDbEntity
  8
ENGRAVE
100
AcDbSpline
 70
0
 71
2
 72
6
 73
3
 74
0
 40
0.0
 40
0.0
 40
0.0
 40
1.0
 40
1.0
 40
1.0
 10
275.6985525617732
 20
235.26022326591143
 30
0.0
 10
275.4585525617732
 20
235.53220243257812
 30
0.0
 10
275.4265473534399
 20
235.7482180575781
 30
0.0
  0
SPLINE
  5
430
330
17
100
AcDbEntity
  8
ENGRAVE
100
AcDbSpline
 70
0
 71
2
 72
6
 73
3
 74
0
 40
0.0
 40
0.0
 40
0.0
 40
1.0
 40
1.0
 40
1.0
 10
275.4265473534399
 20
235.7482180575781
 30
0.0
 10
275.3945421451065
 20
235.9642336825781
 30
0.0
 10
275.4425108951065
 20
236.3322024325781
 30
0.0
  0
SPLINE
  5
431
330
17
100
AcDbEntity
  8
ENGRAVE
100
AcDbSpline
 70
0
 71
2
 72
6
 73
3
 74
0
 40
0.0
 40
0.0
 40
0.0
 40
1.0
 40
1.0
 40
1.0
 10
275.4425108951065
 20
236.3322024325781
 30
0.0
 10
275.52251089510656
 20
236.58824409924478
 30
0.0
 10
275.63451610343986
 20
237.02022326591143
 30
0.0
  0
SPLINE
  5
432
330
17
100
AcDbEntity
  8
ENGRAVE
100
AcDbSpline
 70
0
 71
2
 72
6
 73
3
 74
0
 40
0.0
 40
0.0
 40
0.0
 40
1.0
 40
1.0
 40
1.0
 10
275.9465213117732
 20
235.07621284924477
 30
0.0
 10
275.81053172843986
 20
235.18022326591145
 30
0.0
 10
275.6985525617732
 20
235.26022326591143
 30
0.0
  0
SPLINE
  5
433
330
17
100
AcDbEntity
  8
ENGRAVE
100
AcDbSpline
 70
0
 71
2
 72
6
 73
3
 74
0
 40
0.0
 40
0.0
 40
0.0
 40
1.0
 40
1.0
 40
1.0
 10
275.63451610343986
 20
237.02022326591143
 30
0.0
 10
275.7465213117732
 20
237.4522024325781
 30
0.0
 10
275.9065213117732
 20
237.94824409924476
 30
0.0
  0
SPLINE
  5
434
330
17
100
AcDbEntity
  8
ENGRAVE
100
AcDbSpline
 70
0
 71
2
 72
6
 73
3
 74
0
 40
0.0
 40
0.0
 40
0.0
 40
1.0
 40
1.0
 40
1.0
 10
276.19454214510654
 20
234.98824409924478
 30
0.0
 10
276.08251089510657
 20
234.97220243257811
 30
0.0
 10
275.9465213117732
 20
235.07621284924477
 30
0.0
  0
SPLINE
  5
435
330
17
100
AcDbEntity
  8
ENGRAVE
100
AcDbSpline
 70
0
 71
2
 72
6
 73
3
 74
0
 40
0.0
 40
0.0
 40
0.0
 40
1.0
 40
1.0
 40
1.0
 10
275.9065213117732
 20
237.94824409924476
 30
0.0
 10
275.93855256177324
 20
238.14022326591143
 30
0.0
 10
276.02654735343987
 20
238.4042336825781
 30
0.0
  0
SPLINE
  5
436
330
17
100
AcDbEntity
  8
ENGRAVE
100
AcDbSpline
 70
0
 71
2
 72
6
 73
3
 74
0
 40
0.0
 40
0.0
 40
0.0
 40
1.0
 40
1.0
 40
1.0
 10
276.7385265201066
 20
235.23623889091144
 30
0.0
 10
276.51454214510653
 20
235.0042336825781
 30
0.0
 10
276.19454214510654
 20
234.98824409924478
 30
0.0
  0
SPLINE
  5
437
330
17
100
AcDbEntity
  8
ENGRAVE
100
AcDbSpline
 70
0
 71
2
 72
6
 73
3
 74
0
 40
0.0
 40
0.0
 40
0.0
 40
1.0
 40
1.0
 40
1.0
 10
276.02654735343987
 20
238.4042336825781
 30
0.0
 10
276.11454214510655
 20
238.66824409924476
 30
0.0
 10
276.2105317284399
 20
238.91623889091144
 30
0.0
  0
SPLINE
  5
438
330
17
100
AcDbEntity
  8
ENGRAVE
100
AcDbSpline
 70
0
 71
2
 72
6
 73
3
 74
0
 40
0.0
 40
0.0
 40
0.0
 40
1.0
 40
1.0
 40
1.0
 10
276.40405325833535
 20
211.91778525087915
 30
0.0
 10
276.308063675002
 20
212.1417435842125
 30
0.0
 10
276.34806367500204
 20
212.5417435842125
 30
0.0
  0
SPLINE
  5
439
330
17
100
AcDbEntity
  8
ENGRAVE
100
AcDbSpline
 70
0
 71
2
 72
6
 73
3
 74
0
 40
0.0
 40
0.0
 40
0.0
 40
1.0
 40
1.0
 40
1.0
 10
276.2105317284399
 20
238.91623889091144
 30
0.0
 10
276.3065213117732
 20
239.1642336825781
 30
0.0
 10
276.35454214510656
 20
239.2922024325781
 30
0.0
  0
SPLINE
  5
43A
330
17
100
AcDbEntity
  8
ENGRAVE
100
AcDbSpline
 70
0
 71
2
 72
6
 73
3
 74
0
 40
0.0
 40
0.0
 40
0.0
 40
1.0
 40
1.0
 40
1.0
 10
276.6840532583354
 20
211.50976441754582
 30
0.0
 10
276.48405325833534
 20
211.75778525087915
 30
0.0
 10
276.40405325833535
 20
211.91778525087915
 30
0.0
  0
SPLINE
  5
43B
330
17
100
AcDbEntity
  8
ENGRAVE
100
AcDbSpline
 70
0
 71
2
 72
6
 73
3
 74
0
 40
0.0
 40
0.0
 40
0.0
 40
1.0
 40
1.0
 40
1.0
 10
276.34806367500204
 20
212.5417435842125
 30
0.0
 10
276.388063675002
 20
212.94174358421247
 30
0.0
 10
276.5400688833354
 20
213.4217435842125
 30
0.0
  0
SPLINE
  5
43C
330
17
100
AcDbEntity
  8
ENGRAVE
100
AcDbSpline
 70
0
 71
2
 72
6
 73
3
 74
0
 40
0.0
 40
0.0
 40
0.0
 40
1.0
 40
1.0
 40
1.0
 10
276.35454214510656
 20
239.2922024325781
 30
0.0
 10
276.4665213117732
 20
239.6922024325781
 30
0.0
 10
276.5865213117732
 20
240.06022326591145
 30
0.0
  0
SPLINE
  5
43D
330
17
100
AcDbEntity
  8
ENGRAVE
100
AcDbSpline
 70
0
 71
2
 72
6
 73
3
 74
0
 40
0.0
 40
0.0
 40
0.0
 40
1.0
 40
1.0
 40
1.0
 10
277.132048050002
 20
211.06174358421248
 30
0.0
 10
276.88405325833537
 20
211.2617435842125
 30
0.0
 10
276.6840532583354
 20
211.50976441754582
 30
0.0
  0
SPLINE
  5
43E
330
17
100
AcDbEntity
  8
ENGRAVE
100
AcDbSpline
 70
0
 71
2
 72
6
 73
3
 74
0
 40
0.0
 40
0.0
 40
0.0
 40
1.0
 40
1.0
 40
1.0
 10
277.1545421451066
 20
235.70824409924478
 30
0.0
 10
276.96251089510656
 20
235.46824409924477
 30
0.0
 10
276.7385265201066
 20
235.23623889091144
 30
0.0
  0
SPLINE
  5
43F
330
17
100
AcDbEntity
  8
ENGRAVE
100
AcDbSpline
 70
0
 71
2
 72
6
 73
3
 74
0
 40
0.0
 40
0.0
 40
0.0
 40
1.0
 40
1.0
 40
1.0
 10
276.5865213117732
 20
240.06022326591145
 30
0.0
 10
276.7065213117732
 20
240.42824409924478
 30
0.0
 10
276.8825369367732
 20
240.90824409924477
 30
0.0
  0
SPLINE
  5
440
330
17
100
AcDbEntity
  8
ENGRAVE
100
AcDbSpline
 70
0
 71
2
 72
6
 73
3
 74
0
 40
0.0
 40
0.0
 40
0.0
 40
1.0
 40
1.0
 40
1.0
 10
276.5400688833354
 20
213.4217435842125
 30
0.0
 10
276.6920740916687
 20
213.90174358421248
 30
0.0
 10
276.92405325833533
 20
214.36575400087915
 30
0.0
  0
SPLINE
  5
441
330
17
100
AcDbEntity
  8
ENGRAVE
100
AcDbSpline
 70
0
 71
2
 72
6
 73
3
 74
0
 40
0.0
 40
0.0
 40
0.0
 40
1.0
 40
1.0
 40
1.0
 10
277.556032425002
 20
210.82976441754582
 30
0.0
 10
277.3800428416687
 20
210.8617435842125
 30
0.0
 10
277.132048050002
 20
211.06174358421248
 30
0.0
  0
SPLINE
  5
442
330
17
100
AcDbEntity
  8
ENGRAVE
100
AcDbSpline
 70
0
 71
2
 72
6
 73
3
 74
0
 40
0.0
 40
0.0
 40
0.0
 40
1.0
 40
1.0
 40
1.0
 10
278.09852652010653
 20
236.7082180575781
 30
0.0
 10
277.55454214510655
 20
236.22022326591144
 30
0.0
 10
277.1545421451066
 20
235.70824409924478
 30
0.0
  0
SPLINE
  5
443
330
17
100
AcDbEntity
  8
ENGRAVE
100
AcDbSpline
 70
0
 71
2
 72
6
 73
3
 74
0
 40
0.0
 40
0.0
 40
0.0
 40
1.0
 40
1.0
 40
1.0
 10
277.21852652010654
 20
237.7082180575781
 30
0.0
 10
277.1865213117732
 20
237.58022326591143
 30
0.0
 10
277.17053172843987
 20
237.4522024325781
 30
0.0
  0
SPLINE
  5
444
330
17
100
AcDbEntity
  8
ENGRAVE
100
AcDbSpline
 70
0
 71
2
 72
6
 73
3
 74
0
 40
0.0
 40
0.0
 40
0.0
 40
1.0
 40
1.0
 40
1.0
 10
277.2665213117732
 20
237.91621284924477
 30
0.0
 10
277.25053172843985
 20
237.83621284924476
 30
0.0
 10
277.21852652010654
 20
237.7082180575781
 30
0.0
  0
SPLINE
  5
445
330
17
100
AcDbEntity
  8
ENGRAVE
100
AcDbSpline
 70
0
 71
2
 72
6
 73
3
 74
0
 40
0.0
 40
0.0
 40
0.0
 40
1.0
 40
1.0
 40
1.0
 10
277.3625369367732
 20
238.22022326591144
 30
0.0
 10
277.31454214510654
 20
238.0442336825781
 30
0.0
 10
277.2665213117732
 20
237.91621284924477
 30
0.0
  0
SPLINE
  5
446
330
17
100
AcDbEntity
  8
ENGRAVE
100
AcDbSpline
 70
0
 71
2
 72
6
 73
3
 74
0
 40
0.0
 40
0.0
 40
0.0
 40
1.0
 40
1.0
 40
1.0
 10
276.8825369367732
 20
240.90824409924477
 30
0.0
 10
277.05855256177324
 20
241.3882440992448
 30
0.0
 10
277.31454214510654
 20
242.1242336825781
 30
0.0
  0
SPLINE
  5
447
330
17
100
AcDbEntity
  8
ENGRAVE
100
AcDbSpline
 70
0
 71
2
 72
6
 73
3
 74
0
 40
0.0
 40
0.0
 40
0.0
 40
1.0
 40
1.0
 40
1.0
 10
277.42652131177323
 20
238.4922024325781
 30
0.0
 10
277.4105317284399
 20
238.39621284924476
 30
0.0
 10
277.3625369367732
 20
238.22022326591144
 30
0.0
  0
SPLINE
  5
448
330
17
100
AcDbEntity
  8
ENGRAVE
100
AcDbSpline
 70
0
 71
2
 72
6
 73
3
 74
0
 40
0.0
 40
0.0
 40
0.0
 40
1.0
 40
1.0
 40
1.0
 10
277.17053172843987
 20
237.4522024325781
 30
0.0
 10
277.25053172843985
 20
237.54824409924478
 30
0.0
 10
277.3945421451065
 20
237.6842336825781
 30
0.0
  0
SPLINE
  5
449
330
17
100
AcDbEntity
  8
ENGRAVE
100
AcDbSpline
 70
0
 71
2
 72
6
 73
3
 74
0
 40
0.0
 40
0.0
 40
0.0
 40
1.0
 40
1.0
 40
1.0
 10
277.4825369367732
 20
238.60420764091145
 30
0.0
 10
277.42652131177323
 20
238.4922024325781
 30
0.0
 10
277.42652131177323
 20
238.4922024325781
 30
0.0
  0
SPLINE
  5
44A
330
17
100
AcDbEntity
  8
ENGRAVE
100
AcDbSpline
 70
0
 71
2
 72
6
 73
3
 74
0
 40
0.0
 40
0.0
 40
0.0
 40
1.0
 40
1.0
 40
1.0
 10
276.92405325833533
 20
214.36575400087915
 30
0.0
 10
277.156032425002
 20
214.82976441754582
 30
0.0
 10
277.46004284166867
 20
215.16575400087916
 30
0.0
  0
SPLINE
  5
44B
330
17
100
AcDbEntity
  8
ENGRAVE
100
AcDbSpline
 70
0
 71
2
 72
6
 73
3
 74
0
 40
0.0
 40
0.0
 40
0.0
 40
1.0
 40
1.0
 40
1.0
 10
277.60251089510655
 20
238.8442336825781
 30
0.0
 10
277.5385525617732
 20
238.71621284924478
 30
0.0
 10
277.4825369367732
 20
238.60420764091145
 30
0.0
  0
SPLINE
  5
44C
330
17
100
AcDbEntity
  8
ENGRAVE
100
AcDbSpline
 70
0
 71
2
 72
6
 73
3
 74
0
 40
0.0
 40
0.0
 40
0.0
 40
1.0
 40
1.0
 40
1.0
 10
278.412048050002
 20
211.04575400087916
 30
0.0
 10
277.9400428416687
 20
210.82976441754582
 30
0.0
 10
277.556032425002
 20
210.82976441754582
 30
0.0
  0
SPLINE
  5
44D
330
17
100
AcDbEntity
  8
ENGRAVE
100
AcDbSpline
 70
0
 71
2
 72
6
 73
3
 74
0
 40
0.0
 40
0.0
 40
0.0
 40
1.0
 40
1.0
 40
1.0
 10
277.75451610343987
 20
239.16420764091143
 30
0.0
 10
277.66652131177324
 20
238.97220243257811
 30
0.0
 10
277.60251089510655
 20
238.8442336825781
 30
0.0
  0
SPLINE
  5
44E
330
17
100
AcDbEntity
  8
ENGRAVE
100
AcDbSpline
 70
0
 71
2
 72
6
 73
3
 74
0
 40
0.0
 40
0.0
 40
0.0
 40
1.0
 40
1.0
 40
1.0
 10
278.19605846666866
 20
213.80575400087915
 30
0.0
 10
277.92405325833533
 20
213.34174358421248
 30
0.0
 10
277.748063675002
 20
212.47778525087915
 30
0.0
  0
SPLINE
  5
44F
330
17
100
AcDbEntity
  8
ENGRAVE
100
AcDbSpline
 70
0
 71
2
 72
6
 73
3
 74
0
 40
0.0
 40
0.0
 40
0.0
 40
1.0
 40
1.0
 40
1.0
 10
277.8585525617732
 20
239.43621284924478
 30
0.0
 10
277.84251089510656
 20
239.35621284924477
 30
0.0
 10
277.75451610343987
 20
239.16420764091143
 30
0.0
  0
SPLINE
  5
450
330
17
100
AcDbEntity
  8
ENGRAVE
100
AcDbSpline
 70
0
 71
2
 72
6
 73
3
 74
0
 40
0.0
 40
0.0
 40
0.0
 40
1.0
 40
1.0
 40
1.0
 10
277.3945421451065
 20
237.6842336825781
 30
0.0
 10
277.5385525617732
 20
237.82022326591144
 30
0.0
 10
277.7625108951066
 20
238.02824409924477
 30
0.0
  0
SPLINE
  5
451
330
17
100
AcDbEntity
  8
ENGRAVE
100
AcDbSpline
 70
0
 71
2
 72
6
 73
3
 74
0
 40
0.0
 40
0.0
 40
0.0
 40
1.0
 40
1.0
 40
1.0
 10
277.31454214510654
 20
242.1242336825781
 30
0.0
 10
277.66652131177324
 20
243.08423368257812
 30
0.0
 10
277.84253693677323
 20
243.5642336825781
 30
0.0
  0
SPLINE
  5
452
330
17
100
AcDbEntity
  8
ENGRAVE
100
AcDbSpline
 70
0
 71
2
 72
6
 73
3
 74
0
 40
0.0
 40
0.0
 40
0.0
 40
1.0
 40
1.0
 40
1.0
 10
278.3385525617732
 20
240.73222847424478
 30
0.0
 10
278.0985525617732
 20
240.02824409924477
 30
0.0
 10
277.8585525617732
 20
239.43621284924478
 30
0.0
  0
SPLINE
  5
453
330
17
100
AcDbEntity
  8
ENGRAVE
100
AcDbSpline
 70
0
 71
2
 72
6
 73
3
 74
0
 40
0.0
 40
0.0
 40
0.0
 40
1.0
 40
1.0
 40
1.0
 10
277.748063675002
 20
212.47778525087915
 30
0.0
 10
277.716032425002
 20
212.31778525087915
 30
0.0
 10
277.8600428416687
 20
212.2537748342125
 30
0.0
  0
SPLINE
  5
454
330
17
100
AcDbEntity
  8
ENGRAVE
100
AcDbSpline
 70
0
 71
2
 72
6
 73
3
 74
0
 40
0.0
 40
0.0
 40
0.0
 40
1.0
 40
1.0
 40
1.0
 10
279.1465213117732
 20
237.51621284924477
 30
0.0
 10
278.64251089510657
 20
237.19621284924477
 30
0.0
 10
278.09852652010653
 20
236.7082180575781
 30
0.0
  0
SPLINE
  5
455
330
17
100
AcDbEntity
  8
ENGRAVE
100
AcDbSpline
 70
0
 71
2
 72
6
 73
3
 74
0
 40
0.0
 40
0.0
 40
0.0
 40
1.0
 40
1.0
 40
1.0
 10
277.84253693677323
 20
243.5642336825781
 30
0.0
 10
278.0185525617732
 20
244.0442336825781
 30
0.0
 10
278.0985525617732
 20
244.25222847424476
 30
0.0
  0
SPLINE
  5
456
330
17
100
AcDbEntity
  8
ENGRAVE
100
AcDbSpline
 70
0
 71
2
 72
6
 73
3
 74
0
 40
0.0
 40
0.0
 40
0.0
 40
1.0
 40
1.0
 40
1.0
 10
278.85207409166867
 20
214.62174358421248
 30
0.0
 10
278.46806367500204
 20
214.26976441754582
 30
0.0
 10
278.19605846666866
 20
213.80575400087915
 30
0.0
  0
SPLINE
  5
457
330
17
100
AcDbEntity
  8
ENGRAVE
100
AcDbSpline
 70
0
 71
2
 72
6
 73
3
 74
0
 40
0.0
 40
0.0
 40
0.0
 40
1.0
 40
1.0
 40
1.0
 10
277.7625108951066
 20
238.02824409924477
 30
0.0
 10
278.0185525617732
 20
238.25220243257812
 30
0.0
 10
278.2105317284399
 20
238.4122024325781
 30
0.0
  0
SPLINE
  5
458
330
17
100
AcDbEntity
  8
ENGRAVE
100
AcDbSpline
 70
0
 71
2
 72
6
 73
3
 74
0
 40
0.0
 40
0.0
 40
0.0
 40
1.0
 40
1.0
 40
1.0
 10
278.0985525617732
 20
244.25222847424476
 30
0.0
 10
278.1785525617732
 20
244.46022326591145
 30
0.0
 10
278.2105317284399
 20
244.58824409924478
 30
0.0
  0
SPLINE
  5
459
330
17
100
AcDbEntity
  8
ENGRAVE
100
AcDbSpline
 70
0
 71
2
 72
6
 73
3
 74
0
 40
0.0
 40
0.0
 40
0.0
 40
1.0
 40
1.0
 40
1.0
 10
277.8600428416687
 20
212.2537748342125
 30
0.0
 10
278.0040532583354
 20
212.18976441754583
 30
0.0
 10
278.308063675002
 20
212.3017435842125
 30
0.0
  0
SPLINE
  5
45A
330
17
100
AcDbEntity
  8
ENGRAVE
100
AcDbSpline
 70
0
 71
2
 72
6
 73
3
 74
0
 40
0.0
 40
0.0
 40
0.0
 40
1.0
 40
1.0
 40
1.0
 10
278.8265473534399
 20
242.1482180575781
 30
0.0
 10
278.5785525617732
 20
241.43621284924478
 30
0.0
 10
278.3385525617732
 20
240.73222847424478
 30
0.0
  0
SPLINE
  5
45B
330
17
100
AcDbEntity
  8
ENGRAVE
100
AcDbSpline
 70
0
 71
2
 72
6
 73
3
 74
0
 40
0.0
 40
0.0
 40
0.0
 40
1.0
 40
1.0
 40
1.0
 10
278.2105317284399
 20
244.58824409924478
 30
0.0
 10
278.2105317284399
 20
244.71621284924478
 30
0.0
 10
278.3945421451065
 20
244.83621284924476
 30
0.0
  0
SPLINE
  5
45C
330
17
100
AcDbEntity
  8
ENGRAVE
100
AcDbSpline
 70
0
 71
2
 72
6
 73
3
 74
0
 40
0.0
 40
0.0
 40
0.0
 40
1.0
 40
1.0
 40
1.0
 10
279.428063675002
 20
211.77377483421247
 30
0.0
 10
278.88405325833537
 20
211.2617435842125
 30
0.0
 10
278.412048050002
 20
211.04575400087916
 30
0.0
  0
SPLINE
  5
45D
330
17
100
AcDbEntity
  8
ENGRAVE
100
AcDbSpline
 70
0
 71
2
 72
6
 73
3
 74
0
 40
0.0
 40
0.0
 40
0.0
 40
1.0
 40
1.0
 40
1.0
 10
278.2105317284399
 20
238.4122024325781
 30
0.0
 10
278.40251089510656
 20
238.5722024325781
 30
0.0
 10
278.5945421451066
 20
238.70022326591143
 30
0.0
  0
SPLINE
  5
45E
330
17
100
AcDbEntity
  8
ENGRAVE
100
AcDbSpline
 70
0
 71
2
 72
6
 73
3
 74
0
 40
0.0
 40
0.0
 40
0.0
 40
1.0
 40
1.0
 40
1.0
 10
278.308063675002
 20
212.3017435842125
 30
0.0
 10
278.5320740916687
 20
212.3817435842125
 30
0.0
 10
278.708063675002
 20
212.49374879254583
 30
0.0
  0
SPLINE
  5
45F
330
17
100
AcDbEntity
  8
ENGRAVE
100
AcDbSpline
 70
0
 71
2
 72
6
 73
3
 74
0
 40
0.0
 40
0.0
 40
0.0
 40
1.0
 40
1.0
 40
1.0
 10
278.3945421451065
 20
244.83621284924476
 30
0.0
 10
278.5785525617732
 20
244.95621284924476
 30
0.0
 10
278.72251089510655
 20
244.95621284924476
 30
0.0
  0
SPLINE
  5
460
330
17
100
AcDbEntity
  8
ENGRAVE
100
AcDbSpline
 70
0
 71
2
 72
6
 73
3
 74
0
 40
0.0
 40
0.0
 40
0.0
 40
1.0
 40
1.0
 40
1.0
 10
277.46004284166867
 20
215.16575400087916
 30
0.0
 10
277.988063675002
 20
215.96575400087914
 30
0.0
 10
278.772048050002
 20
216.16575400087916
 30
0.0
  0
SPLINE
  5
461
330
17
100
AcDbEntity
  8
ENGRAVE
100
AcDbSpline
 70
0
 71
2
 72
6
 73
3
 74
0
 40
0.0
 40
0.0
 40
0.0
 40
1.0
 40
1.0
 40
1.0
 10
279.3305317284399
 20
243.43621284924478
 30
0.0
 10
279.07454214510653
 20
242.86022326591143
 30
0.0
 10
278.8265473534399
 20
242.1482180575781
 30
0.0
  0
SPLINE
  5
462
330
17
100
AcDbEntity
  8
ENGRAVE
100
AcDbSpline
 70
0
 71
2
 72
6
 73
3
 74
0
 40
0.0
 40
0.0
 40
0.0
 40
1.0
 40
1.0
 40
1.0
 10
279.4760584666687
 20
214.96575400087914
 30
0.0
 10
279.20405325833536
 20
214.94174358421247
 30
0.0
 10
278.85207409166867
 20
214.62174358421248
 30
0.0
  0
SPLINE
  5
463
330
17
100
AcDbEntity
  8
ENGRAVE
100
AcDbSpline
 70
0
 71
2
 72
6
 73
3
 74
0
 40
0.0
 40
0.0
 40
0.0
 40
1.0
 40
1.0
 40
1.0
 10
278.5945421451066
 20
238.70022326591143
 30
0.0
 10
278.7705317284399
 20
238.82824409924478
 30
0.0
 10
278.9225369367732
 20
238.94022326591144
 30
0.0
  0
SPLINE
  5
464
330
17
100
AcDbEntity
  8
ENGRAVE
100
AcDbSpline
 70
0
 71
2
 72
6
 73
3
 74
0
 40
0.0
 40
0.0
 40
0.0
 40
1.0
 40
1.0
 40
1.0
 10
278.9225369367732
 20
238.94022326591144
 30
0.0
 10
279.07454214510653
 20
239.0522024325781
 30
0.0
 10
279.07454214510653
 20
239.0522024325781
 30
0.0
  0
SPLINE
  5
465
330
17
100
AcDbEntity
  8
ENGRAVE
100
AcDbSpline
 70
0
 71
2
 72
6
 73
3
 74
0
 40
0.0
 40
0.0
 40
0.0
 40
1.0
 40
1.0
 40
1.0
 10
278.708063675002
 20
212.49374879254583
 30
0.0
 10
278.88405325833537
 20
212.60575400087916
 30
0.0
 10
279.1240532583354
 20
212.78174358421248
 30
0.0
  0
SPLINE
  5
466
330
17
100
AcDbEntity
  8
ENGRAVE
100
AcDbSpline
 70
0
 71
2
 72
6
 73
3
 74
0
 40
0.0
 40
0.0
 40
0.0
 40
1.0
 40
1.0
 40
1.0
 10
279.8905317284399
 20
237.83621284924476
 30
0.0
 10
279.6505317284399
 20
237.83621284924476
 30
0.0
 10
279.1465213117732
 20
237.51621284924477
 30
0.0
  0
SPLINE
  5
467
330
17
100
AcDbEntity
  8
ENGRAVE
100
AcDbSpline
 70
0
 71
2
 72
6
 73
3
 74
0
 40
0.0
 40
0.0
 40
0.0
 40
1.0
 40
1.0
 40
1.0
 10
279.07454214510653
 20
239.0522024325781
 30
0.0
 10
279.10652131177324
 20
239.10022326591144
 30
0.0
 10
279.1465213117732
 20
239.1642336825781
 30
0.0
  0
SPLINE
  5
468
330
17
100
AcDbEntity
  8
ENGRAVE
100
AcDbSpline
 70
0
 71
2
 72
6
 73
3
 74
0
 40
0.0
 40
0.0
 40
0.0
 40
1.0
 40
1.0
 40
1.0
 10
278.72251089510655
 20
244.95621284924476
 30
0.0
 10
278.9465213117732
 20
244.94022326591144
 30
0.0
 10
279.1545161034399
 20
244.69222847424479
 30
0.0
  0
SPLINE
  5
469
330
17
100
AcDbEntity
  8
ENGRAVE
100
AcDbSpline
 70
0
 71
2
 72
6
 73
3
 74
0
 40
0.0
 40
0.0
 40
0.0
 40
1.0
 40
1.0
 40
1.0
 10
279.1465213117732
 20
239.1642336825781
 30
0.0
 10
279.1865213117732
 20
239.22824409924476
 30
0.0
 10
279.23454214510656
 20
239.2442336825781
 30
0.0
  0
SPLINE
  5
46A
330
17
100
AcDbEntity
  8
ENGRAVE
100
AcDbSpline
 70
0
 71
2
 72
6
 73
3
 74
0
 40
0.0
 40
0.0
 40
0.0
 40
1.0
 40
1.0
 40
1.0
 10
279.4425108951065
 20
244.10022326591144
 30
0.0
 10
279.52251089510656
 20
243.75621284924478
 30
0.0
 10
279.3305317284399
 20
243.43621284924478
 30
0.0
  0
SPLINE
  5
46B
330
17
100
AcDbEntity
  8
ENGRAVE
100
AcDbSpline
 70
0
 71
2
 72
6
 73
3
 74
0
 40
0.0
 40
0.0
 40
0.0
 40
1.0
 40
1.0
 40
1.0
 10
279.23454214510656
 20
239.2442336825781
 30
0.0
 10
279.2665213117732
 20
239.27621284924479
 30
0.0
 10
279.3465213117732
 20
239.33222847424477
 30
0.0
  0
SPLINE
  5
46C
330
17
100
AcDbEntity
  8
ENGRAVE
100
AcDbSpline
 70
0
 71
2
 72
6
 73
3
 74
0
 40
0.0
 40
0.0
 40
0.0
 40
1.0
 40
1.0
 40
1.0
 10
279.1545161034399
 20
244.69222847424479
 30
0.0
 10
279.36251089510654
 20
244.4442336825781
 30
0.0
 10
279.4425108951065
 20
244.10022326591144
 30
0.0
  0
SPLINE
  5
46D
330
17
100
AcDbEntity
  8
ENGRAVE
100
AcDbSpline
 70
0
 71
2
 72
6
 73
3
 74
0
 40
0.0
 40
0.0
 40
0.0
 40
1.0
 40
1.0
 40
1.0
 10
279.92405325833533
 20
214.84575400087917
 30
0.0
 10
279.748063675002
 20
214.9897644175458
 30
0.0
 10
279.4760584666687
 20
214.96575400087914
 30
0.0
  0
SPLINE
  5
46E
330
17
100
AcDbEntity
  8
ENGRAVE
100
AcDbSpline
 70
0
 71
2
 72
6
 73
3
 74
0
 40
0.0
 40
0.0
 40
0.0
 40
1.0
 40
1.0
 40
1.0
 10
279.3465213117732
 20
239.33222847424477
 30
0.0
 10
279.42652131177323
 20
239.3882440992448
 30
0.0
 10
279.5065213117732
 20
239.4522024325781
 30
0.0
  0
SPLINE
  5
46F
330
17
100
AcDbEntity
  8
ENGRAVE
100
AcDbSpline
 70
0
 71
2
 72
6
 73
3
 74
0
 40
0.0
 40
0.0
 40
0.0
 40
1.0
 40
1.0
 40
1.0
 10
279.1240532583354
 20
212.78174358421248
 30
0.0
 10
279.60405325833534
 20
213.1497644175458
 30
0.0
 10
279.8200428416687
 20
213.42176962587916
 30
0.0
  0
SPLINE
  5
470
330
17
100
AcDbEntity
  8
ENGRAVE
100
AcDbSpline
 70
0
 71
2
 72
6
 73
3
 74
0
 40
0.0
 40
0.0
 40
0.0
 40
1.0
 40
1.0
 40
1.0
 10
280.05053172843986
 20
237.52420764091144
 30
0.0
 10
280.0665213117732
 20
237.83621284924476
 30
0.0
 10
279.8905317284399
 20
237.83621284924476
 30
0.0
  0
SPLINE
  5
471
330
17
100
AcDbEntity
  8
ENGRAVE
100
AcDbSpline
 70
0
 71
2
 72
6
 73
3
 74
0
 40
0.0
 40
0.0
 40
0.0
 40
1.0
 40
1.0
 40
1.0
 10
280.16405325833534
 20
214.0937748342125
 30
0.0
 10
280.29207409166867
 20
214.52575400087915
 30
0.0
 10
279.92405325833533
 20
214.84575400087917
 30
0.0
  0
SPLINE
  5
472
330
17
100
AcDbEntity
  8
ENGRAVE
100
AcDbSpline
 70
0
 71
2
 72
6
 73
3
 74
0
 40
0.0
 40
0.0
 40
0.0
 40
1.0
 40
1.0
 40
1.0
 10
280.05852652010657
 20
235.72420764091143
 30
0.0
 10
279.95454214510653
 20
236.0122024325781
 30
0.0
 10
279.9705317284399
 20
236.50824409924476
 30
0.0
  0
SPLINE
  5
473
330
17
100
AcDbEntity
  8
ENGRAVE
100
AcDbSpline
 70
0
 71
2
 72
6
 73
3
 74
0
 40
0.0
 40
0.0
 40
0.0
 40
1.0
 40
1.0
 40
1.0
 10
279.9705317284399
 20
236.50824409924476
 30
0.0
 10
280.03454214510657
 20
237.2122024325781
 30
0.0
 10
280.05053172843986
 20
237.52420764091144
 30
0.0
  0
SPLINE
  5
474
330
17
100
AcDbEntity
  8
ENGRAVE
100
AcDbSpline
 70
0
 71
2
 72
6
 73
3
 74
0
 40
0.0
 40
0.0
 40
0.0
 40
1.0
 40
1.0
 40
1.0
 10
280.4665213117732
 20
235.22824409924476
 30
0.0
 10
280.16251089510655
 20
235.43621284924478
 30
0.0
 10
280.05852652010657
 20
235.72420764091143
 30
0.0
  0
SPLINE
  5
475
330
17
100
AcDbEntity
  8
ENGRAVE
100
AcDbSpline
 70
0
 71
2
 72
6
 73
3
 74
0
 40
0.0
 40
0.0
 40
0.0
 40
1.0
 40
1.0
 40
1.0
 10
280.1400428416687
 20
211.2857800425458
 30
0.0
 10
280.116032425002
 20
211.51778525087914
 30
0.0
 10
280.1000428416687
 20
211.8217435842125
 30
0.0
  0
SPLINE
  5
476
330
17
100
AcDbEntity
  8
ENGRAVE
100
AcDbSpline
 70
0
 71
2
 72
6
 73
3
 74
0
 40
0.0
 40
0.0
 40
0.0
 40
1.0
 40
1.0
 40
1.0
 10
280.2600428416687
 20
210.79778525087914
 30
0.0
 10
280.16405325833534
 20
211.05377483421248
 30
0.0
 10
280.1400428416687
 20
211.2857800425458
 30
0.0
  0
SPLINE
  5
477
330
17
100
AcDbEntity
  8
ENGRAVE
100
AcDbSpline
 70
0
 71
2
 72
6
 73
3
 74
0
 40
0.0
 40
0.0
 40
0.0
 40
1.0
 40
1.0
 40
1.0
 10
279.8200428416687
 20
213.42176962587916
 30
0.0
 10
280.036032425002
 20
213.6937748342125
 30
0.0
 10
280.16405325833534
 20
214.0937748342125
 30
0.0
  0
SPLINE
  5
478
330
17
100
AcDbEntity
  8
ENGRAVE
100
AcDbSpline
 70
0
 71
2
 72
6
 73
3
 74
0
 40
0.0
 40
0.0
 40
0.0
 40
1.0
 40
1.0
 40
1.0
 10
278.772048050002
 20
216.16575400087916
 30
0.0
 10
279.556032425002
 20
216.36575400087915
 30
0.0
 10
280.16405325833534
 20
216.02976441754583
 30
0.0
  0
SPLINE
  5
479
330
17
100
AcDbEntity
  8
ENGRAVE
100
AcDbSpline
 70
0
 71
2
 72
6
 73
3
 74
0
 40
0.0
 40
0.0
 40
0.0
 40
1.0
 40
1.0
 40
1.0
 10
280.5400428416687
 20
210.46976441754583
 30
0.0
 10
280.34004284166866
 20
210.62174358421248
 30
0.0
 10
280.2600428416687
 20
210.79778525087914
 30
0.0
  0
SPLINE
  5
47A
330
17
100
AcDbEntity
  8
ENGRAVE
100
AcDbSpline
 70
0
 71
2
 72
6
 73
3
 74
0
 40
0.0
 40
0.0
 40
0.0
 40
1.0
 40
1.0
 40
1.0
 10
281.08253693677324
 20
235.11621284924476
 30
0.0
 10
280.7865213117732
 20
235.0522024325781
 30
0.0
 10
280.4665213117732
 20
235.22824409924476
 30
0.0
  0
SPLINE
  5
47B
330
17
100
AcDbEntity
  8
ENGRAVE
100
AcDbSpline
 70
0
 71
2
 72
6
 73
3
 74
0
 40
0.0
 40
0.0
 40
0.0
 40
1.0
 40
1.0
 40
1.0
 10
279.5065213117732
 20
239.4522024325781
 30
0.0
 10
279.95454214510653
 20
239.74022326591145
 30
0.0
 10
280.48251089510654
 20
239.74022326591145
 30
0.0
  0
SPLINE
  5
47C
330
17
100
AcDbEntity
  8
ENGRAVE
100
AcDbSpline
 70
0
 71
2
 72
6
 73
3
 74
0
 40
0.0
 40
0.0
 40
0.0
 40
1.0
 40
1.0
 40
1.0
 10
280.948063675002
 20
210.36575400087915
 30
0.0
 10
280.7400428416687
 20
210.31778525087915
 30
0.0
 10
280.5400428416687
 20
210.46976441754583
 30
0.0
  0
SPLINE
  5
47D
330
17
100
AcDbEntity
  8
ENGRAVE
100
AcDbSpline
 70
0
 71
2
 72
6
 73
3
 74
0
 40
0.0
 40
0.0
 40
0.0
 40
1.0
 40
1.0
 40
1.0
 10
280.16405325833534
 20
216.02976441754583
 30
0.0
 10
280.4520740916687
 20
215.88575400087916
 30
0.0
 10
280.58006888333534
 20
215.91775920921248
 30
0.0
  0
SPLINE
  5
47E
330
17
100
AcDbEntity
  8
ENGRAVE
100
AcDbSpline
 70
0
 71
2
 72
6
 73
3
 74
0
 40
0.0
 40
0.0
 40
0.0
 40
1.0
 40
1.0
 40
1.0
 10
280.58006888333534
 20
215.91775920921248
 30
0.0
 10
280.708063675002
 20
215.94976441754582
 30
0.0
 10
280.7400428416687
 20
216.12575400087914
 30
0.0
  0
SPLINE
  5
47F
330
17
100
AcDbEntity
  8
ENGRAVE
100
AcDbSpline
 70
0
 71
2
 72
6
 73
3
 74
0
 40
0.0
 40
0.0
 40
0.0
 40
1.0
 40
1.0
 40
1.0
 10
280.48251089510654
 20
239.74022326591145
 30
0.0
 10
280.67454214510656
 20
239.74022326591145
 30
0.0
 10
280.8825369367732
 20
239.5882180575781
 30
0.0
  0
SPLINE
  5
480
330
17
100
AcDbEntity
  8
ENGRAVE
100
AcDbSpline
 70
0
 71
2
 72
6
 73
3
 74
0
 40
0.0
 40
0.0
 40
0.0
 40
1.0
 40
1.0
 40
1.0
 10
280.7400428416687
 20
216.12575400087914
 30
0.0
 10
280.80405325833533
 20
216.3817435842125
 30
0.0
 10
280.88405325833537
 20
216.60575400087916
 30
0.0
  0
SPLINE
  5
481
330
17
100
AcDbEntity
  8
ENGRAVE
100
AcDbSpline
 70
0
 71
2
 72
6
 73
3
 74
0
 40
0.0
 40
0.0
 40
0.0
 40
1.0
 40
1.0
 40
1.0
 10
281.3000428416687
 20
210.4377592092125
 30
0.0
 10
281.1240532583354
 20
210.3817435842125
 30
0.0
 10
280.948063675002
 20
210.36575400087915
 30
0.0
  0
SPLINE
  5
482
330
17
100
AcDbEntity
  8
ENGRAVE
100
AcDbSpline
 70
0
 71
2
 72
6
 73
3
 74
0
 40
0.0
 40
0.0
 40
0.0
 40
1.0
 40
1.0
 40
1.0
 10
281.7625108951066
 20
235.43621284924478
 30
0.0
 10
281.37855256177323
 20
235.18022326591145
 30
0.0
 10
281.08253693677324
 20
235.11621284924476
 30
0.0
  0
SPLINE
  5
483
330
17
100
AcDbEntity
  8
ENGRAVE
100
AcDbSpline
 70
0
 71
2
 72
6
 73
3
 74
0
 40
0.0
 40
0.0
 40
0.0
 40
1.0
 40
1.0
 40
1.0
 10
280.88405325833537
 20
216.60575400087916
 30
0.0
 10
280.96405325833535
 20
216.82976441754582
 30
0.0
 10
281.10806367500203
 20
217.27778525087916
 30
0.0
  0
SPLINE
  5
484
330
17
100
AcDbEntity
  8
ENGRAVE
100
AcDbSpline
 70
0
 71
2
 72
6
 73
3
 74
0
 40
0.0
 40
0.0
 40
0.0
 40
1.0
 40
1.0
 40
1.0
 10
280.8825369367732
 20
239.5882180575781
 30
0.0
 10
281.0905317284399
 20
239.43621284924478
 30
0.0
 10
281.2665213117732
 20
239.1642336825781
 30
0.0
  0
SPLINE
  5
485
330
17
100
AcDbEntity
  8
ENGRAVE
100
AcDbSpline
 70
0
 71
2
 72
6
 73
3
 74
0
 40
0.0
 40
0.0
 40
0.0
 40
1.0
 40
1.0
 40
1.0
 10
281.40253693677323
 20
237.45222847424478
 30
0.0
 10
281.3305317284399
 20
237.10022326591144
 30
0.0
 10
281.2985525617732
 20
236.92423368257812
 30
0.0
  0
SPLINE
  5
486
330
17
100
AcDbEntity
  8
ENGRAVE
100
AcDbSpline
 70
0
 71
2
 72
6
 73
3
 74
0
 40
0.0
 40
0.0
 40
0.0
 40
1.0
 40
1.0
 40
1.0
 10
281.572048050002
 20
210.6537748342125
 30
0.0
 10
281.476032425002
 20
210.49377483421247
 30
0.0
 10
281.3000428416687
 20
210.4377592092125
 30
0.0
  0
SPLINE
  5
487
330
17
100
AcDbEntity
  8
ENGRAVE
100
AcDbSpline
 70
0
 71
2
 72
6
 73
3
 74
0
 40
0.0
 40
0.0
 40
0.0
 40
1.0
 40
1.0
 40
1.0
 10
281.47454214510657
 20
237.9322024325781
 30
0.0
 10
281.47454214510657
 20
237.80423368257811
 30
0.0
 10
281.40253693677323
 20
237.45222847424478
 30
0.0
  0
SPLINE
  5
488
330
17
100
AcDbEntity
  8
ENGRAVE
100
AcDbSpline
 70
0
 71
2
 72
6
 73
3
 74
0
 40
0.0
 40
0.0
 40
0.0
 40
1.0
 40
1.0
 40
1.0
 10
281.2665213117732
 20
239.1642336825781
 30
0.0
 10
281.5385525617732
 20
238.78022326591145
 30
0.0
 10
281.47454214510657
 20
237.9322024325781
 30
0.0
  0
SPLINE
  5
489
330
17
100
AcDbEntity
  8
ENGRAVE
100
AcDbSpline
 70
0
 71
2
 72
6
 73
3
 74
0
 40
0.0
 40
0.0
 40
0.0
 40
1.0
 40
1.0
 40
1.0
 10
281.532048050002
 20
212.7097644175458
 30
0.0
 10
281.508063675002
 20
212.1417435842125
 30
0.0
 10
281.52405325833536
 20
211.7017435842125
 30
0.0
  0
SPLINE
  5
48A
330
17
100
AcDbEntity
  8
ENGRAVE
100
AcDbSpline
 70
0
 71
2
 72
6
 73
3
 74
0
 40
0.0
 40
0.0
 40
0.0
 40
1.0
 40
1.0
 40
1.0
 10
281.61204805000204
 20
213.82176962587914
 30
0.0
 10
281.556032425002
 20
213.27778525087916
 30
0.0
 10
281.532048050002
 20
212.7097644175458
 30
0.0
  0
SPLINE
  5
48B
330
17
100
AcDbEntity
  8
ENGRAVE
100
AcDbSpline
 70
0
 71
2
 72
6
 73
3
 74
0
 40
0.0
 40
0.0
 40
0.0
 40
1.0
 40
1.0
 40
1.0
 10
281.5720740916687
 20
211.1337748342125
 30
0.0
 10
281.66806367500203
 20
210.8137748342125
 30
0.0
 10
281.572048050002
 20
210.6537748342125
 30
0.0
  0
SPLINE
  5
48C
330
17
100
AcDbEntity
  8
ENGRAVE
100
AcDbSpline
 70
0
 71
2
 72
6
 73
3
 74
0
 40
0.0
 40
0.0
 40
0.0
 40
1.0
 40
1.0
 40
1.0
 10
281.52405325833536
 20
211.7017435842125
 30
0.0
 10
281.5400428416687
 20
211.2617435842125
 30
0.0
 10
281.5720740916687
 20
211.1337748342125
 30
0.0
  0
SPLINE
  5
48D
330
17
100
AcDbEntity
  8
ENGRAVE
100
AcDbSpline
 70
0
 71
2
 72
6
 73
3
 74
0
 40
0.0
 40
0.0
 40
0.0
 40
1.0
 40
1.0
 40
1.0
 10
281.76405325833537
 20
214.71778525087916
 30
0.0
 10
281.66806367500203
 20
214.36575400087915
 30
0.0
 10
281.61204805000204
 20
213.82176962587914
 30
0.0
  0
SPLINE
  5
48E
330
17
100
AcDbEntity
  8
ENGRAVE
100
AcDbSpline
 70
0
 71
2
 72
6
 73
3
 74
0
 40
0.0
 40
0.0
 40
0.0
 40
1.0
 40
1.0
 40
1.0
 10
281.28251089510655
 20
236.38022326591144
 30
0.0
 10
281.4585525617732
 20
236.4442336825781
 30
0.0
 10
281.6265473534399
 20
236.39623889091143
 30
0.0
  0
SPLINE
  5
48F
330
17
100
AcDbEntity
  8
ENGRAVE
100
AcDbSpline
 70
0
 71
2
 72
6
 73
3
 74
0
 40
0.0
 40
0.0
 40
0.0
 40
1.0
 40
1.0
 40
1.0
 10
282.05053172843986
 20
235.7722024325781
 30
0.0
 10
281.92251089510654
 20
235.53220243257812
 30
0.0
 10
281.7625108951066
 20
235.43621284924478
 30
0.0
  0
SPLINE
  5
490
330
17
100
AcDbEntity
  8
ENGRAVE
100
AcDbSpline
 70
0
 71
2
 72
6
 73
3
 74
0
 40
0.0
 40
0.0
 40
0.0
 40
1.0
 40
1.0
 40
1.0
 10
282.16405325833534
 20
216.01377483421248
 30
0.0
 10
281.92405325833533
 20
215.27778525087916
 30
0.0
 10
281.76405325833537
 20
214.71778525087916
 30
0.0
  0
SPLINE
  5
491
330
17
100
AcDbEntity
  8
ENGRAVE
100
AcDbSpline
 70
0
 71
2
 72
6
 73
3
 74
0
 40
0.0
 40
0.0
 40
0.0
 40
1.0
 40
1.0
 40
1.0
 10
281.6265473534399
 20
236.39623889091143
 30
0.0
 10
281.79454214510656
 20
236.34824409924477
 30
0.0
 10
281.79454214510656
 20
236.34824409924477
 30
0.0
  0
SPLINE
  5
492
330
17
100
AcDbEntity
  8
ENGRAVE
100
AcDbSpline
 70
0
 71
2
 72
6
 73
3
 74
0
 40
0.0
 40
0.0
 40
0.0
 40
1.0
 40
1.0
 40
1.0
 10
281.10806367500203
 20
217.27778525087916
 30
0.0
 10
281.508063675002
 20
218.4937748342125
 30
0.0
 10
281.80405325833533
 20
219.18176962587916
 30
0.0
  0
SPLINE
  5
493
330
17
100
AcDbEntity
  8
ENGRAVE
100
AcDbSpline
 70
0
 71
2
 72
6
 73
3
 74
0
 40
0.0
 40
0.0
 40
0.0
 40
1.0
 40
1.0
 40
1.0
 10
281.79454214510656
 20
236.34824409924477
 30
0.0
 10
281.87454214510655
 20
236.30022326591143
 30
0.0
 10
281.9465473534399
 20
236.23621284924477
 30
0.0
  0
SPLINE
  5
494
330
17
100
AcDbEntity
  8
ENGRAVE
100
AcDbSpline
 70
0
 71
2
 72
6
 73
3
 74
0
 40
0.0
 40
0.0
 40
0.0
 40
1.0
 40
1.0
 40
1.0
 10
282.08251089510657
 20
236.14022326591143
 30
0.0
 10
282.1785525617732
 20
236.0122024325781
 30
0.0
 10
282.05053172843986
 20
235.7722024325781
 30
0.0
  0
SPLINE
  5
495
330
17
100
AcDbEntity
  8
ENGRAVE
100
AcDbSpline
 70
0
 71
2
 72
6
 73
3
 74
0
 40
0.0
 40
0.0
 40
0.0
 40
1.0
 40
1.0
 40
1.0
 10
281.9465473534399
 20
236.23621284924477
 30
0.0
 10
282.0185525617732
 20
236.1722024325781
 30
0.0
 10
282.08251089510657
 20
236.14022326591143
 30
0.0
  0
SPLINE
  5
496
330
17
100
AcDbEntity
  8
ENGRAVE
100
AcDbSpline
 70
0
 71
2
 72
6
 73
3
 74
0
 40
0.0
 40
0.0
 40
0.0
 40
1.0
 40
1.0
 40
1.0
 10
282.6840532583354
 20
217.50176962587915
 30
0.0
 10
282.40405325833535
 20
216.74976441754583
 30
0.0
 10
282.16405325833534
 20
216.01377483421248
 30
0.0
  0
SPLINE
  5
497
330
17
100
AcDbEntity
  8
ENGRAVE
100
AcDbSpline
 70
0
 71
2
 72
6
 73
3
 74
0
 40
0.0
 40
0.0
 40
0.0
 40
1.0
 40
1.0
 40
1.0
 10
281.80405325833533
 20
219.18176962587916
 30
0.0
 10
282.1000428416687
 20
219.8697644175458
 30
0.0
 10
282.34004284166866
 20
220.3817435842125
 30
0.0
  0
SPLINE
  5
498
330
17
100
AcDbEntity
  8
ENGRAVE
100
AcDbSpline
 70
0
 71
2
 72
6
 73
3
 74
0
 40
0.0
 40
0.0
 40
0.0
 40
1.0
 40
1.0
 40
1.0
 10
283.2440532583354
 20
218.88578004254583
 30
0.0
 10
282.96405325833535
 20
218.2537748342125
 30
0.0
 10
282.6840532583354
 20
217.50176962587915
 30
0.0
  0
SPLINE
  5
499
330
17
100
AcDbEntity
  8
ENGRAVE
100
AcDbSpline
 70
0
 71
2
 72
6
 73
3
 74
0
 40
0.0
 40
0.0
 40
0.0
 40
1.0
 40
1.0
 40
1.0
 10
282.34004284166866
 20
220.3817435842125
 30
0.0
 10
282.51603242500204
 20
220.74976441754583
 30
0.0
 10
282.69204805000203
 20
220.89377483421248
 30
0.0
  0
SPLINE
  5
49A
330
17
100
AcDbEntity
  8
ENGRAVE
100
AcDbSpline
 70
0
 71
2
 72
6
 73
3
 74
0
 40
0.0
 40
0.0
 40
0.0
 40
1.0
 40
1.0
 40
1.0
 10
282.69204805000203
 20
220.89377483421248
 30
0.0
 10
282.868063675002
 20
221.03778525087915
 30
0.0
 10
282.996032425002
 20
221.0217435842125
 30
0.0
  0
SPLINE
  5
49B
330
17
100
AcDbEntity
  8
ENGRAVE
100
AcDbSpline
 70
0
 71
2
 72
6
 73
3
 74
0
 40
0.0
 40
0.0
 40
0.0
 40
1.0
 40
1.0
 40
1.0
 10
283.1545421451065
 20
235.7482180575781
 30
0.0
 10
283.01053172843984
 20
236.2042336825781
 30
0.0
 10
283.1065733951065
 20
236.98824409924478
 30
0.0
  0
SPLINE
  5
49C
330
17
100
AcDbEntity
  8
ENGRAVE
100
AcDbSpline
 70
0
 71
2
 72
6
 73
3
 74
0
 40
0.0
 40
0.0
 40
0.0
 40
1.0
 40
1.0
 40
1.0
 10
283.4585525617732
 20
235.08423368257812
 30
0.0
 10
283.2985525617732
 20
235.2922024325781
 30
0.0
 10
283.1545421451065
 20
235.7482180575781
 30
0.0
  0
SPLINE
  5
49D
330
17
100
AcDbEntity
  8
ENGRAVE
100
AcDbSpline
 70
0
 71
2
 72
6
 73
3
 74
0
 40
0.0
 40
0.0
 40
0.0
 40
1.0
 40
1.0
 40
1.0
 10
283.73207409166866
 20
219.90174358421248
 30
0.0
 10
283.52405325833536
 20
219.51778525087914
 30
0.0
 10
283.2440532583354
 20
218.88578004254583
 30
0.0
  0
SPLINE
  5
49E
330
17
100
AcDbEntity
  8
ENGRAVE
100
AcDbSpline
 70
0
 71
2
 72
6
 73
3
 74
0
 40
0.0
 40
0.0
 40
0.0
 40
1.0
 40
1.0
 40
1.0
 10
282.996032425002
 20
221.0217435842125
 30
0.0
 10
283.17207409166866
 20
221.0217435842125
 30
0.0
 10
283.43605846666867
 20
220.8937487925458
 30
0.0
  0
SPLINE
  5
49F
330
17
100
AcDbEntity
  8
ENGRAVE
100
AcDbSpline
 70
0
 71
2
 72
6
 73
3
 74
0
 40
0.0
 40
0.0
 40
0.0
 40
1.0
 40
1.0
 40
1.0
 10
284.21055777010656
 20
234.53222847424476
 30
0.0
 10
283.7465733951065
 20
234.71621284924478
 30
0.0
 10
283.4585525617732
 20
235.08423368257812
 30
0.0
  0
SPLINE
  5
4A0
330
17
100
AcDbEntity
  8
ENGRAVE
100
AcDbSpline
 70
0
 71
2
 72
6
 73
3
 74
0
 40
0.0
 40
0.0
 40
0.0
 40
1.0
 40
1.0
 40
1.0
 10
283.1065733951065
 20
236.98824409924478
 30
0.0
 10
283.20256297843986
 20
237.7242336825781
 30
0.0
 10
283.56256297843987
 20
238.47623889091145
 30
0.0
  0
SPLINE
  5
4A1
330
17
100
AcDbEntity
  8
ENGRAVE
100
AcDbSpline
 70
0
 71
2
 72
6
 73
3
 74
0
 40
0.0
 40
0.0
 40
0.0
 40
1.0
 40
1.0
 40
1.0
 10
283.78004284166866
 20
220.5417435842125
 30
0.0
 10
283.90806367500204
 20
220.22174358421248
 30
0.0
 10
283.73207409166866
 20
219.90174358421248
 30
0.0
  0
SPLINE
  5
4A2
330
17
100
AcDbEntity
  8
ENGRAVE
100
AcDbSpline
 70
0
 71
2
 72
6
 73
3
 74
0
 40
0.0
 40
0.0
 40
0.0
 40
1.0
 40
1.0
 40
1.0
 10
283.43605846666867
 20
220.8937487925458
 30
0.0
 10
283.7000428416687
 20
220.76575400087916
 30
0.0
 10
283.78004284166866
 20
220.5417435842125
 30
0.0
  0
SPLINE
  5
4A3
330
17
100
AcDbEntity
  8
ENGRAVE
100
AcDbSpline
 70
0
 71
2
 72
6
 73
3
 74
0
 40
0.0
 40
0.0
 40
0.0
 40
1.0
 40
1.0
 40
1.0
 10
285.21055777010656
 20
234.3882440992448
 30
0.0
 10
284.67454214510656
 20
234.34824409924477
 30
0.0
 10
284.21055777010656
 20
234.53222847424476
 30
0.0
  0
SPLINE
  5
4A4
330
17
100
AcDbEntity
  8
ENGRAVE
100
AcDbSpline
 70
0
 71
2
 72
6
 73
3
 74
0
 40
0.0
 40
0.0
 40
0.0
 40
1.0
 40
1.0
 40
1.0
 10
284.49053172843986
 20
237.1642336825781
 30
0.0
 10
284.37053172843986
 20
237.0042336825781
 30
0.0
 10
284.38657339510655
 20
236.54022326591144
 30
0.0
  0
SPLINE
  5
4A5
330
17
100
AcDbEntity
  8
ENGRAVE
100
AcDbSpline
 70
0
 71
2
 72
6
 73
3
 74
0
 40
0.0
 40
0.0
 40
0.0
 40
1.0
 40
1.0
 40
1.0
 10
283.56256297843987
 20
238.47623889091145
 30
0.0
 10
283.9225629784399
 20
239.22824409924476
 30
0.0
 10
284.4505577701065
 20
239.80423368257811
 30
0.0
  0
SPLINE
  5
4A6
330
17
100
AcDbEntity
  8
ENGRAVE
100
AcDbSpline
 70
0
 71
2
 72
6
 73
3
 74
0
 40
0.0
 40
0.0
 40
0.0
 40
1.0
 40
1.0
 40
1.0
 10
284.99454214510655
 20
237.2442336825781
 30
0.0
 10
284.61053172843987
 20
237.3242336825781
 30
0.0
 10
284.49053172843986
 20
237.1642336825781
 30
0.0
  0
SPLINE
  5
4A7
330
17
100
AcDbEntity
  8
ENGRAVE
100
AcDbSpline
 70
0
 71
2
 72
6
 73
3
 74
0
 40
0.0
 40
0.0
 40
0.0
 40
1.0
 40
1.0
 40
1.0
 10
284.38657339510655
 20
236.54022326591144
 30
0.0
 10
284.4185525617732
 20
236.25220243257812
 30
0.0
 10
284.52256297843985
 20
236.03621284924478
 30
0.0
  0
SPLINE
  5
4A8
330
17
100
AcDbEntity
  8
ENGRAVE
100
AcDbSpline
 70
0
 71
2
 72
6
 73
3
 74
0
 40
0.0
 40
0.0
 40
0.0
 40
1.0
 40
1.0
 40
1.0
 10
284.52256297843985
 20
236.03621284924478
 30
0.0
 10
284.62657339510656
 20
235.82022326591144
 30
0.0
 10
284.9145421451065
 20
235.74022326591145
 30
0.0
  0
SPLINE
  5
4A9
330
17
100
AcDbEntity
  8
ENGRAVE
100
AcDbSpline
 70
0
 71
2
 72
6
 73
3
 74
0
 40
0.0
 40
0.0
 40
0.0
 40
1.0
 40
1.0
 40
1.0
 10
285.2185525617732
 20
238.7882180575781
 30
0.0
 10
285.01053172843984
 20
238.54022326591144
 30
0.0
 10
284.94657339510655
 20
238.4122024325781
 30
0.0
  0
SPLINE
  5
4AA
330
17
100
AcDbEntity
  8
ENGRAVE
100
AcDbSpline
 70
0
 71
2
 72
6
 73
3
 74
0
 40
0.0
 40
0.0
 40
0.0
 40
1.0
 40
1.0
 40
1.0
 10
286.0025369367732
 20
237.1482180575781
 30
0.0
 10
285.63454214510654
 20
237.11621284924476
 30
0.0
 10
284.99454214510655
 20
237.2442336825781
 30
0.0
  0
SPLINE
  5
4AB
330
17
100
AcDbEntity
  8
ENGRAVE
100
AcDbSpline
 70
0
 71
2
 72
6
 73
3
 74
0
 40
0.0
 40
0.0
 40
0.0
 40
1.0
 40
1.0
 40
1.0
 10
286.2265733951065
 20
234.70022326591143
 30
0.0
 10
285.7465733951065
 20
234.42824409924478
 30
0.0
 10
285.21055777010656
 20
234.3882440992448
 30
0.0
  0
SPLINE
  5
4AC
330
17
100
AcDbEntity
  8
ENGRAVE
100
AcDbSpline
 70
0
 71
2
 72
6
 73
3
 74
0
 40
0.0
 40
0.0
 40
0.0
 40
1.0
 40
1.0
 40
1.0
 10
285.67456818677323
 20
239.26022326591143
 30
0.0
 10
285.4265733951065
 20
239.03621284924478
 30
0.0
 10
285.2185525617732
 20
238.7882180575781
 30
0.0
  0
SPLINE
  5
4AD
330
17
100
AcDbEntity
  8
ENGRAVE
100
AcDbSpline
 70
0
 71
2
 72
6
 73
3
 74
0
 40
0.0
 40
0.0
 40
0.0
 40
1.0
 40
1.0
 40
1.0
 10
284.94657339510655
 20
238.4122024325781
 30
0.0
 10
285.02657339510654
 20
238.30022326591143
 30
0.0
 10
285.40256297843985
 20
238.25222847424476
 30
0.0
  0
SPLINE
  5
4AE
330
17
100
AcDbEntity
  8
ENGRAVE
100
AcDbSpline
 70
0
 71
2
 72
6
 73
3
 74
0
 40
0.0
 40
0.0
 40
0.0
 40
1.0
 40
1.0
 40
1.0
 10
284.9145421451065
 20
235.74022326591145
 30
0.0
 10
285.28256297843984
 20
235.67621284924476
 30
0.0
 10
285.44256297843987
 20
235.73222847424478
 30
0.0
  0
SPLINE
  5
4AF
330
17
100
AcDbEntity
  8
ENGRAVE
100
AcDbSpline
 70
0
 71
2
 72
6
 73
3
 74
0
 40
0.0
 40
0.0
 40
0.0
 40
1.0
 40
1.0
 40
1.0
 10
284.4505577701065
 20
239.80423368257811
 30
0.0
 10
284.9785525617732
 20
240.38022326591144
 30
0.0
 10
285.6025629784399
 20
240.58824409924478
 30
0.0
  0
SPLINE
  5
4B0
330
17
100
AcDbEntity
  8
ENGRAVE
100
AcDbSpline
 70
0
 71
2
 72
6
 73
3
 74
0
 40
0.0
 40
0.0
 40
0.0
 40
1.0
 40
1.0
 40
1.0
 10
286.08256297843985
 20
239.53220243257812
 30
0.0
 10
285.9225629784399
 20
239.4842336825781
 30
0.0
 10
285.67456818677323
 20
239.26022326591143
 30
0.0
  0
SPLINE
  5
4B1
330
17
100
AcDbEntity
  8
ENGRAVE
100
AcDbSpline
 70
0
 71
2
 72
6
 73
3
 74
0
 40
0.0
 40
0.0
 40
0.0
 40
1.0
 40
1.0
 40
1.0
 10
285.44256297843987
 20
235.73222847424478
 30
0.0
 10
285.6025629784399
 20
235.78824409924476
 30
0.0
 10
285.84256297843984
 20
235.90022326591145
 30
0.0
  0
SPLINE
  5
4B2
330
17
100
AcDbEntity
  8
ENGRAVE
100
AcDbSpline
 70
0
 71
2
 72
6
 73
3
 74
0
 40
0.0
 40
0.0
 40
0.0
 40
1.0
 40
1.0
 40
1.0
 10
286.64256297843986
 20
237.2922024325781
 30
0.0
 10
286.37053172843986
 20
237.18022326591145
 30
0.0
 10
286.0025369367732
 20
237.1482180575781
 30
0.0
  0
SPLINE
  5
4B3
330
17
100
AcDbEntity
  8
ENGRAVE
100
AcDbSpline
 70
0
 71
2
 72
6
 73
3
 74
0
 40
0.0
 40
0.0
 40
0.0
 40
1.0
 40
1.0
 40
1.0
 10
285.40256297843985
 20
238.25222847424476
 30
0.0
 10
285.7785525617732
 20
238.2042336825781
 30
0.0
 10
286.0185525617732
 20
238.26824409924478
 30
0.0
  0
SPLINE
  5
4B4
330
17
100
AcDbEntity
  8
ENGRAVE
100
AcDbSpline
 70
0
 71
2
 72
6
 73
3
 74
0
 40
0.0
 40
0.0
 40
0.0
 40
1.0
 40
1.0
 40
1.0
 10
285.6025629784399
 20
240.58824409924478
 30
0.0
 10
285.82657339510655
 20
240.66824409924476
 30
0.0
 10
286.0585525617732
 20
240.70824409924478
 30
0.0
  0
SPLINE
  5
4B5
330
17
100
AcDbEntity
  8
ENGRAVE
100
AcDbSpline
 70
0
 71
2
 72
6
 73
3
 74
0
 40
0.0
 40
0.0
 40
0.0
 40
1.0
 40
1.0
 40
1.0
 10
286.6825369367732
 20
239.48420764091145
 30
0.0
 10
286.45053172843984
 20
239.6122024325781
 30
0.0
 10
286.08256297843985
 20
239.53220243257812
 30
0.0
  0
SPLINE
  5
4B6
330
17
100
AcDbEntity
  8
ENGRAVE
100
AcDbSpline
 70
0
 71
2
 72
6
 73
3
 74
0
 40
0.0
 40
0.0
 40
0.0
 40
1.0
 40
1.0
 40
1.0
 10
285.84256297843984
 20
235.90022326591145
 30
0.0
 10
286.0185525617732
 20
236.0122024325781
 30
0.0
 10
286.21055777010656
 20
236.1722024325781
 30
0.0
  0
SPLINE
  5
4B7
330
17
100
AcDbEntity
  8
ENGRAVE
100
AcDbSpline
 70
0
 71
2
 72
6
 73
3
 74
0
 40
0.0
 40
0.0
 40
0.0
 40
1.0
 40
1.0
 40
1.0
 10
287.05055777010654
 20
235.3722024325781
 30
0.0
 10
286.70657339510655
 20
234.97220243257811
 30
0.0
 10
286.2265733951065
 20
234.70022326591143
 30
0.0
  0
SPLINE
  5
4B8
330
17
100
AcDbEntity
  8
ENGRAVE
100
AcDbSpline
 70
0
 71
2
 72
6
 73
3
 74
0
 40
0.0
 40
0.0
 40
0.0
 40
1.0
 40
1.0
 40
1.0
 10
286.0185525617732
 20
238.26824409924478
 30
0.0
 10
286.13053172843985
 20
238.31621284924478
 30
0.0
 10
286.34654735343986
 20
238.49222847424477
 30
0.0
  0
SPLINE
  5
4B9
330
17
100
AcDbEntity
  8
ENGRAVE
100
AcDbSpline
 70
0
 71
2
 72
6
 73
3
 74
0
 40
0.0
 40
0.0
 40
0.0
 40
1.0
 40
1.0
 40
1.0
 10
286.21055777010656
 20
236.1722024325781
 30
0.0
 10
286.40256297843985
 20
236.3322024325781
 30
0.0
 10
286.5305317284399
 20
236.4122024325781
 30
0.0
  0
SPLINE
  5
4BA
330
17
100
AcDbEntity
  8
ENGRAVE
100
AcDbSpline
 70
0
 71
2
 72
6
 73
3
 74
0
 40
0.0
 40
0.0
 40
0.0
 40
1.0
 40
1.0
 40
1.0
 10
287.6905577701065
 20
238.17222847424478
 30
0.0
 10
287.31454214510654
 20
237.58022326591143
 30
0.0
 10
286.64256297843986
 20
237.2922024325781
 30
0.0
  0
SPLINE
  5
4BB
330
17
100
AcDbEntity
  8
ENGRAVE
100
AcDbSpline
 70
0
 71
2
 72
6
 73
3
 74
0
 40
0.0
 40
0.0
 40
0.0
 40
1.0
 40
1.0
 40
1.0
 10
286.0585525617732
 20
240.70824409924478
 30
0.0
 10
286.2905317284399
 20
240.74824409924477
 30
0.0
 10
286.67454214510656
 20
240.71621284924478
 30
0.0
  0
SPLINE
  5
4BC
330
17
100
AcDbEntity
  8
ENGRAVE
100
AcDbSpline
 70
0
 71
2
 72
6
 73
3
 74
0
 40
0.0
 40
0.0
 40
0.0
 40
1.0
 40
1.0
 40
1.0
 10
286.9145421451065
 20
239.18022326591145
 30
0.0
 10
286.9145421451065
 20
239.35621284924477
 30
0.0
 10
286.6825369367732
 20
239.48420764091145
 30
0.0
  0
SPLINE
  5
4BD
330
17
100
AcDbEntity
  8
ENGRAVE
100
AcDbSpline
 70
0
 71
2
 72
6
 73
3
 74
0
 40
0.0
 40
0.0
 40
0.0
 40
1.0
 40
1.0
 40
1.0
 10
286.9240272166687
 20
211.04578004254583
 30
0.0
 10
286.67603242500206
 20
211.29377483421248
 30
0.0
 10
286.72400117500206
 20
211.48575400087915
 30
0.0
  0
SPLINE
  5
4BE
330
17
100
AcDbEntity
  8
ENGRAVE
100
AcDbSpline
 70
0
 71
2
 72
6
 73
3
 74
0
 40
0.0
 40
0.0
 40
0.0
 40
1.0
 40
1.0
 40
1.0
 10
286.34654735343986
 20
238.49222847424477
 30
0.0
 10
286.56256297843987
 20
238.66824409924476
 30
0.0
 10
286.7385525617732
 20
238.86824409924478
 30
0.0
  0
SPLINE
  5
4BF
330
17
100
AcDbEntity
  8
ENGRAVE
100
AcDbSpline
 70
0
 71
2
 72
6
 73
3
 74
0
 40
0.0
 40
0.0
 40
0.0
 40
1.0
 40
1.0
 40
1.0
 10
286.72400117500206
 20
211.48575400087915
 30
0.0
 10
286.75603242500205
 20
211.5817435842125
 30
0.0
 10
286.83603242500203
 20
211.66174358421247
 30
0.0
  0
SPLINE
  5
4C0
330
17
100
AcDbEntity
  8
ENGRAVE
100
AcDbSpline
 70
0
 71
2
 72
6
 73
3
 74
0
 40
0.0
 40
0.0
 40
0.0
 40
1.0
 40
1.0
 40
1.0
 10
286.5305317284399
 20
236.4122024325781
 30
0.0
 10
286.6585525617732
 20
236.50824409924476
 30
0.0
 10
286.8505317284399
 20
236.50824409924476
 30
0.0
  0
SPLINE
  5
4C1
330
17
100
AcDbEntity
  8
ENGRAVE
100
AcDbSpline
 70
0
 71
2
 72
6
 73
3
 74
0
 40
0.0
 40
0.0
 40
0.0
 40
1.0
 40
1.0
 40
1.0
 10
286.7385525617732
 20
238.86824409924478
 30
0.0
 10
286.9145421451065
 20
239.06824409924477
 30
0.0
 10
286.9145421451065
 20
239.18022326591145
 30
0.0
  0
SPLINE
  5
4C2
330
17
100
AcDbEntity
  8
ENGRAVE
100
AcDbSpline
 70
0
 71
2
 72
6
 73
3
 74
0
 40
0.0
 40
0.0
 40
0.0
 40
1.0
 40
1.0
 40
1.0
 10
287.716032425002
 20
210.5737748342125
 30
0.0
 10
287.1720220083354
 20
210.79778525087914
 30
0.0
 10
286.9240272166687
 20
211.04578004254583
 30
0.0
  0
SPLINE
  5
4C3
330
17
100
AcDbEntity
  8
ENGRAVE
100
AcDbSpline
 70
0
 71
2
 72
6
 73
3
 74
0
 40
0.0
 40
0.0
 40
0.0
 40
1.0
 40
1.0
 40
1.0
 10
287.3945421451065
 20
235.98022326591143
 30
0.0
 10
287.3945421451065
 20
235.7722024325781
 30
0.0
 10
287.05055777010654
 20
235.3722024325781
 30
0.0
  0
SPLINE
  5
4C4
330
17
100
AcDbEntity
  8
ENGRAVE
100
AcDbSpline
 70
0
 71
2
 72
6
 73
3
 74
0
 40
0.0
 40
0.0
 40
0.0
 40
1.0
 40
1.0
 40
1.0
 10
287.1880115916687
 20
213.63775920921248
 30
0.0
 10
287.0920220083354
 20
213.94976441754582
 30
0.0
 10
287.0920220083354
 20
214.20575400087915
 30
0.0
  0
SPLINE
  5
4C5
330
17
100
AcDbEntity
  8
ENGRAVE
100
AcDbSpline
 70
0
 71
2
 72
6
 73
3
 74
0
 40
0.0
 40
0.0
 40
0.0
 40
1.0
 40
1.0
 40
1.0
 10
286.8505317284399
 20
236.50824409924476
 30
0.0
 10
287.02657339510654
 20
236.4922024325781
 30
0.0
 10
287.1865733951065
 20
236.31621284924478
 30
0.0
  0
SPLINE
  5
4C6
330
17
100
AcDbEntity
  8
ENGRAVE
100
AcDbSpline
 70
0
 71
2
 72
6
 73
3
 74
0
 40
0.0
 40
0.0
 40
0.0
 40
1.0
 40
1.0
 40
1.0
 10
287.39603242500203
 20
213.32575400087916
 30
0.0
 10
287.28400117500206
 20
213.32575400087916
 30
0.0
 10
287.1880115916687
 20
213.63775920921248
 30
0.0
  0
SPLINE
  5
4C7
330
17
100
AcDbEntity
  8
ENGRAVE
100
AcDbSpline
 70
0
 71
2
 72
6
 73
3
 74
0
 40
0.0
 40
0.0
 40
0.0
 40
1.0
 40
1.0
 40
1.0
 10
286.83603242500203
 20
211.66174358421247
 30
0.0
 10
286.916032425002
 20
211.7417435842125
 30
0.0
 10
287.19603242500204
 20
211.7337487925458
 30
0.0
  0
SPLINE
  5
4C8
330
17
100
AcDbEntity
  8
ENGRAVE
100
AcDbSpline
 70
0
 71
2
 72
6
 73
3
 74
0
 40
0.0
 40
0.0
 40
0.0
 40
1.0
 40
1.0
 40
1.0
 10
286.67454214510656
 20
240.71621284924478
 30
0.0
 10
287.0425629784399
 20
240.66824409924476
 30
0.0
 10
287.3305577701065
 20
240.53222847424476
 30
0.0
  0
SPLINE
  5
4C9
330
17
100
AcDbEntity
  8
ENGRAVE
100
AcDbSpline
 70
0
 71
2
 72
6
 73
3
 74
0
 40
0.0
 40
0.0
 40
0.0
 40
1.0
 40
1.0
 40
1.0
 10
287.0920220083354
 20
214.20575400087915
 30
0.0
 10
287.0920220083354
 20
214.68575400087914
 30
0.0
 10
287.3880115916687
 20
215.1497644175458
 30
0.0
  0
SPLINE
  5
4CA
330
17
100
AcDbEntity
  8
ENGRAVE
100
AcDbSpline
 70
0
 71
2
 72
6
 73
3
 74
0
 40
0.0
 40
0.0
 40
0.0
 40
1.0
 40
1.0
 40
1.0
 10
287.1865733951065
 20
236.31621284924478
 30
0.0
 10
287.34657339510653
 20
236.14022326591143
 30
0.0
 10
287.3945421451065
 20
235.98022326591143
 30
0.0
  0
SPLINE
  5
4CB
330
17
100
AcDbEntity
  8
ENGRAVE
100
AcDbSpline
 70
0
 71
2
 72
6
 73
3
 74
0
 40
0.0
 40
0.0
 40
0.0
 40
1.0
 40
1.0
 40
1.0
 10
287.620016800002
 20
212.90976441754583
 30
0.0
 10
287.3320220083354
 20
213.1337748342125
 30
0.0
 10
287.39603242500203
 20
213.24575400087915
 30
0.0
  0
SPLINE
  5
4CC
330
17
100
AcDbEntity
  8
ENGRAVE
100
AcDbSpline
 70
0
 71
2
 72
6
 73
3
 74
0
 40
0.0
 40
0.0
 40
0.0
 40
1.0
 40
1.0
 40
1.0
 10
288.2599907583354
 20
212.39778525087917
 30
0.0
 10
287.9080115916687
 20
212.68575400087914
 30
0.0
 10
287.620016800002
 20
212.90976441754583
 30
0.0
  0
SPLINE
  5
4CD
330
17
100
AcDbEntity
  8
ENGRAVE
100
AcDbSpline
 70
0
 71
2
 72
6
 73
3
 74
0
 40
0.0
 40
0.0
 40
0.0
 40
1.0
 40
1.0
 40
1.0
 10
288.14657339510654
 20
239.27621284924479
 30
0.0
 10
288.06657339510656
 20
238.7642336825781
 30
0.0
 10
287.6905577701065
 20
238.17222847424478
 30
0.0
  0
SPLINE
  5
4CE
330
17
100
AcDbEntity
  8
ENGRAVE
100
AcDbSpline
 70
0
 71
2
 72
6
 73
3
 74
0
 40
0.0
 40
0.0
 40
0.0
 40
1.0
 40
1.0
 40
1.0
 10
288.4599907583354
 20
210.4377592092125
 30
0.0
 10
288.0199907583354
 20
210.44575400087916
 30
0.0
 10
287.716032425002
 20
210.5737748342125
 30
0.0
  0
SPLINE
  5
4CF
330
17
100
AcDbEntity
  8
ENGRAVE
100
AcDbSpline
 70
0
 71
2
 72
6
 73
3
 74
0
 40
0.0
 40
0.0
 40
0.0
 40
1.0
 40
1.0
 40
1.0
 10
287.3305577701065
 20
240.53222847424476
 30
0.0
 10
287.6185525617732
 20
240.39621284924476
 30
0.0
 10
287.7465733951065
 20
240.23621284924477
 30
0.0
  0
SPLINE
  5
4D0
330
17
100
AcDbEntity
  8
ENGRAVE
100
AcDbSpline
 70
0
 71
2
 72
6
 73
3
 74
0
 40
0.0
 40
0.0
 40
0.0
 40
1.0
 40
1.0
 40
1.0
 10
287.3880115916687
 20
215.1497644175458
 30
0.0
 10
287.68400117500204
 20
215.61377483421248
 30
0.0
 10
288.0199907583354
 20
215.96575400087914
 30
0.0
  0
SPLINE
  5
4D1
330
17
100
AcDbEntity
  8
ENGRAVE
100
AcDbSpline
 70
0
 71
2
 72
6
 73
3
 74
0
 40
0.0
 40
0.0
 40
0.0
 40
1.0
 40
1.0
 40
1.0
 10
287.19603242500204
 20
211.7337487925458
 30
0.0
 10
287.476032425002
 20
211.72575400087916
 30
0.0
 10
288.0680115916687
 20
211.5817435842125
 30
0.0
  0
SPLINE
  5
4D2
330
17
100
AcDbEntity
  8
ENGRAVE
100
AcDbSpline
 70
0
 71
2
 72
6
 73
3
 74
0
 40
0.0
 40
0.0
 40
0.0
 40
1.0
 40
1.0
 40
1.0
 10
287.7465733951065
 20
240.23621284924477
 30
0.0
 10
288.00256297843987
 20
239.98022326591143
 30
0.0
 10
288.08256297843985
 20
239.74022326591145
 30
0.0
  0
SPLINE
  5
4D3
330
17
100
AcDbEntity
  8
ENGRAVE
100
AcDbSpline
 70
0
 71
2
 72
6
 73
3
 74
0
 40
0.0
 40
0.0
 40
0.0
 40
1.0
 40
1.0
 40
1.0
 10
288.08256297843985
 20
239.74022326591145
 30
0.0
 10
288.1625629784399
 20
239.50022326591144
 30
0.0
 10
288.14657339510654
 20
239.27621284924479
 30
0.0
  0
SPLINE
  5
4D4
330
17
100
AcDbEntity
  8
ENGRAVE
100
AcDbSpline
 70
0
 71
2
 72
6
 73
3
 74
0
 40
0.0
 40
0.0
 40
0.0
 40
1.0
 40
1.0
 40
1.0
 10
288.5080115916687
 20
212.22174358421248
 30
0.0
 10
288.40400117500207
 20
212.3017435842125
 30
0.0
 10
288.2599907583354
 20
212.39778525087917
 30
0.0
  0
SPLINE
  5
4D5
330
17
100
AcDbEntity
  8
ENGRAVE
100
AcDbSpline
 70
0
 71
2
 72
6
 73
3
 74
0
 40
0.0
 40
0.0
 40
0.0
 40
1.0
 40
1.0
 40
1.0
 10
289.29999075833535
 20
210.50176962587915
 30
0.0
 10
288.8999907583354
 20
210.4297644175458
 30
0.0
 10
288.4599907583354
 20
210.4377592092125
 30
0.0
  0
SPLINE
  5
4D6
330
17
100
AcDbEntity
  8
ENGRAVE
100
AcDbSpline
 70
0
 71
2
 72
6
 73
3
 74
0
 40
0.0
 40
0.0
 40
0.0
 40
1.0
 40
1.0
 40
1.0
 10
288.52400117500207
 20
214.3097644175458
 30
0.0
 10
288.4680115916687
 20
214.18976441754583
 30
0.0
 10
288.48400117500205
 20
214.06174358421248
 30
0.0
  0
SPLINE
  5
4D7
330
17
100
AcDbEntity
  8
ENGRAVE
100
AcDbSpline
 70
0
 71
2
 72
6
 73
3
 74
0
 40
0.0
 40
0.0
 40
0.0
 40
1.0
 40
1.0
 40
1.0
 10
288.644001175002
 20
212.06174358421248
 30
0.0
 10
288.6120220083354
 20
212.1417435842125
 30
0.0
 10
288.5080115916687
 20
212.22174358421248
 30
0.0
  0
SPLINE
  5
4D8
330
17
100
AcDbEntity
  8
ENGRAVE
100
AcDbSpline
 70
0
 71
2
 72
6
 73
3
 74
0
 40
0.0
 40
0.0
 40
0.0
 40
1.0
 40
1.0
 40
1.0
 10
288.596032425002
 20
214.5737748342125
 30
0.0
 10
288.5799907583354
 20
214.4297644175458
 30
0.0
 10
288.52400117500207
 20
214.3097644175458
 30
0.0
  0
SPLINE
  5
4D9
330
17
100
AcDbEntity
  8
ENGRAVE
100
AcDbSpline
 70
0
 71
2
 72
6
 73
3
 74
0
 40
0.0
 40
0.0
 40
0.0
 40
1.0
 40
1.0
 40
1.0
 10
288.0680115916687
 20
211.5817435842125
 30
0.0
 10
288.3399907583354
 20
211.5817435842125
 30
0.0
 10
288.5880115916687
 20
211.61374879254583
 30
0.0
  0
SPLINE
  5
4DA
330
17
100
AcDbEntity
  8
ENGRAVE
100
AcDbSpline
 70
0
 71
2
 72
6
 73
3
 74
0
 40
0.0
 40
0.0
 40
0.0
 40
1.0
 40
1.0
 40
1.0
 10
288.8520220083354
 20
214.92575400087915
 30
0.0
 10
288.69202200833536
 20
214.7017435842125
 30
0.0
 10
288.596032425002
 20
214.5737748342125
 30
0.0
  0
SPLINE
  5
4DB
330
17
100
AcDbEntity
  8
ENGRAVE
100
AcDbSpline
 70
0
 71
2
 72
6
 73
3
 74
0
 40
0.0
 40
0.0
 40
0.0
 40
1.0
 40
1.0
 40
1.0
 10
288.93202200833537
 20
211.9337748342125
 30
0.0
 10
288.80400117500204
 20
212.06174358421248
 30
0.0
 10
288.644001175002
 20
212.06174358421248
 30
0.0
  0
SPLINE
  5
4DC
330
17
100
AcDbEntity
  8
ENGRAVE
100
AcDbSpline
 70
0
 71
2
 72
6
 73
3
 74
0
 40
0.0
 40
0.0
 40
0.0
 40
1.0
 40
1.0
 40
1.0
 10
288.48400117500205
 20
214.06174358421248
 30
0.0
 10
288.4999907583354
 20
213.90174358421248
 30
0.0
 10
288.644001175002
 20
213.75775920921248
 30
0.0
  0
SPLINE
  5
4DD
330
17
100
AcDbEntity
  8
ENGRAVE
100
AcDbSpline
 70
0
 71
2
 72
6
 73
3
 74
0
 40
0.0
 40
0.0
 40
0.0
 40
1.0
 40
1.0
 40
1.0
 10
289.14001680000206
 20
215.30176962587916
 30
0.0
 10
289.01202200833535
 20
215.1497644175458
 30
0.0
 10
288.8520220083354
 20
214.92575400087915
 30
0.0
  0
SPLINE
  5
4DE
330
17
100
AcDbEntity
  8
ENGRAVE
100
AcDbSpline
 70
0
 71
2
 72
6
 73
3
 74
0
 40
0.0
 40
0.0
 40
0.0
 40
1.0
 40
1.0
 40
1.0
 10
289.0440272166687
 20
211.8137748342125
 30
0.0
 10
289.01202200833535
 20
211.8697644175458
 30
0.0
 10
288.93202200833537
 20
211.9337748342125
 30
0.0
  0
SPLINE
  5
4DF
330
17
100
AcDbEntity
  8
ENGRAVE
100
AcDbSpline
 70
0
 71
2
 72
6
 73
3
 74
0
 40
0.0
 40
0.0
 40
0.0
 40
1.0
 40
1.0
 40
1.0
 10
288.5880115916687
 20
211.61374879254583
 30
0.0
 10
288.83603242500203
 20
211.64575400087915
 30
0.0
 10
288.99603242500206
 20
211.72575400087916
 30
0.0
  0
SPLINE
  5
4E0
330
17
100
AcDbEntity
  8
ENGRAVE
100
AcDbSpline
 70
0
 71
2
 72
6
 73
3
 74
0
 40
0.0
 40
0.0
 40
0.0
 40
1.0
 40
1.0
 40
1.0
 10
288.0199907583354
 20
215.96575400087914
 30
0.0
 10
288.4680115916687
 20
216.39778525087917
 30
0.0
 10
289.0280115916687
 20
216.79778525087914
 30
0.0
  0
SPLINE
  5
4E1
330
17
100
AcDbEntity
  8
ENGRAVE
100
AcDbSpline
 70
0
 71
2
 72
6
 73
3
 74
0
 40
0.0
 40
0.0
 40
0.0
 40
1.0
 40
1.0
 40
1.0
 10
288.99603242500206
 20
211.72575400087916
 30
0.0
 10
289.07603242500204
 20
211.75778525087915
 30
0.0
 10
289.0440272166687
 20
211.8137748342125
 30
0.0
  0
SPLINE
  5
4E2
330
17
100
AcDbEntity
  8
ENGRAVE
100
AcDbSpline
 70
0
 71
2
 72
6
 73
3
 74
0
 40
0.0
 40
0.0
 40
0.0
 40
1.0
 40
1.0
 40
1.0
 10
288.644001175002
 20
213.75775920921248
 30
0.0
 10
288.7880115916687
 20
213.61377483421248
 30
0.0
 10
289.0599907583354
 20
213.38976441754582
 30
0.0
  0
SPLINE
  5
4E3
330
17
100
AcDbEntity
  8
ENGRAVE
100
AcDbSpline
 70
0
 71
2
 72
6
 73
3
 74
0
 40
0.0
 40
0.0
 40
0.0
 40
1.0
 40
1.0
 40
1.0
 10
289.2680115916687
 20
215.3737748342125
 30
0.0
 10
289.2680115916687
 20
215.45377483421248
 30
0.0
 10
289.14001680000206
 20
215.30176962587916
 30
0.0
  0
SPLINE
  5
4E4
330
17
100
AcDbEntity
  8
ENGRAVE
100
AcDbSpline
 70
0
 71
2
 72
6
 73
3
 74
0
 40
0.0
 40
0.0
 40
0.0
 40
1.0
 40
1.0
 40
1.0
 10
289.3560063833354
 20
215.4057800425458
 30
0.0
 10
289.3320220083354
 20
215.3737748342125
 30
0.0
 10
289.2680115916687
 20
215.3737748342125
 30
0.0
  0
SPLINE
  5
4E5
330
17
100
AcDbEntity
  8
ENGRAVE
100
AcDbSpline
 70
0
 71
2
 72
6
 73
3
 74
0
 40
0.0
 40
0.0
 40
0.0
 40
1.0
 40
1.0
 40
1.0
 10
289.85999075833536
 20
210.6537748342125
 30
0.0
 10
289.6999907583354
 20
210.5737748342125
 30
0.0
 10
289.29999075833535
 20
210.50176962587915
 30
0.0
  0
SPLINE
  5
4E6
330
17
100
AcDbEntity
  8
ENGRAVE
100
AcDbSpline
 70
0
 71
2
 72
6
 73
3
 74
0
 40
0.0
 40
0.0
 40
0.0
 40
1.0
 40
1.0
 40
1.0
 10
289.44400117500203
 20
215.54976441754582
 30
0.0
 10
289.3799907583354
 20
215.43778525087916
 30
0.0
 10
289.3560063833354
 20
215.4057800425458
 30
0.0
  0
SPLINE
  5
4E7
330
17
100
AcDbEntity
  8
ENGRAVE
100
AcDbSpline
 70
0
 71
2
 72
6
 73
3
 74
0
 40
0.0
 40
0.0
 40
0.0
 40
1.0
 40
1.0
 40
1.0
 10
289.89199596666873
 20
215.87775920921248
 30
0.0
 10
289.60400117500205
 20
215.6937748342125
 30
0.0
 10
289.44400117500203
 20
215.54976441754582
 30
0.0
  0
SPLINE
  5
4E8
330
17
100
AcDbEntity
  8
ENGRAVE
100
AcDbSpline
 70
0
 71
2
 72
6
 73
3
 74
0
 40
0.0
 40
0.0
 40
0.0
 40
1.0
 40
1.0
 40
1.0
 10
290.5000168000021
 20
211.20575400087915
 30
0.0
 10
290.2920220083354
 20
210.84575400087917
 30
0.0
 10
289.85999075833536
 20
210.6537748342125
 30
0.0
  0
SPLINE
  5
4E9
330
17
100
AcDbEntity
  8
ENGRAVE
100
AcDbSpline
 70
0
 71
2
 72
6
 73
3
 74
0
 40
0.0
 40
0.0
 40
0.0
 40
1.0
 40
1.0
 40
1.0
 10
290.44400117500203
 20
216.18976441754583
 30
0.0
 10
290.17999075833535
 20
216.06174358421248
 30
0.0
 10
289.89199596666873
 20
215.87775920921248
 30
0.0
  0
SPLINE
  5
4EA
330
17
100
AcDbEntity
  8
ENGRAVE
100
AcDbSpline
 70
0
 71
2
 72
6
 73
3
 74
0
 40
0.0
 40
0.0
 40
0.0
 40
1.0
 40
1.0
 40
1.0
 10
289.0599907583354
 20
213.38976441754582
 30
0.0
 10
289.6199907583354
 20
212.9737748342125
 30
0.0
 10
289.8999907583354
 20
212.73377483421248
 30
0.0
  0
SPLINE
  5
4EB
330
17
100
AcDbEntity
  8
ENGRAVE
100
AcDbSpline
 70
0
 71
2
 72
6
 73
3
 74
0
 40
0.0
 40
0.0
 40
0.0
 40
1.0
 40
1.0
 40
1.0
 10
289.8999907583354
 20
212.73377483421248
 30
0.0
 10
290.17999075833535
 20
212.4937748342125
 30
0.0
 10
290.2919959666687
 20
212.34976441754583
 30
0.0
  0
SPLINE
  5
4EC
330
17
100
AcDbEntity
  8
ENGRAVE
100
AcDbSpline
 70
0
 71
2
 72
6
 73
3
 74
0
 40
0.0
 40
0.0
 40
0.0
 40
1.0
 40
1.0
 40
1.0
 10
289.0280115916687
 20
216.79778525087914
 30
0.0
 10
289.5880115916687
 20
217.19778525087915
 30
0.0
 10
290.324001175002
 20
217.38976441754582
 30
0.0
  0
SPLINE
  5
4ED
330
17
100
AcDbEntity
  8
ENGRAVE
100
AcDbSpline
 70
0
 71
2
 72
6
 73
3
 74
0
 40
0.0
 40
0.0
 40
0.0
 40
1.0
 40
1.0
 40
1.0
 10
290.3799907583354
 20
214.94976441754582
 30
0.0
 10
290.3399907583354
 20
215.0217435842125
 30
0.0
 10
290.3399907583354
 20
215.08575400087915
 30
0.0
  0
SPLINE
  5
4EE
330
17
100
AcDbEntity
  8
ENGRAVE
100
AcDbSpline
 70
0
 71
2
 72
6
 73
3
 74
0
 40
0.0
 40
0.0
 40
0.0
 40
1.0
 40
1.0
 40
1.0
 10
290.41999075833536
 20
214.87778525087916
 30
0.0
 10
290.41999075833536
 20
214.87778525087916
 30
0.0
 10
290.3799907583354
 20
214.94976441754582
 30
0.0
  0
SPLINE
  5
4EF
330
17
100
AcDbEntity
  8
ENGRAVE
100
AcDbSpline
 70
0
 71
2
 72
6
 73
3
 74
0
 40
0.0
 40
0.0
 40
0.0
 40
1.0
 40
1.0
 40
1.0
 10
290.3399907583354
 20
215.08575400087915
 30
0.0
 10
290.3399907583354
 20
215.1497644175458
 30
0.0
 10
290.3880115916687
 20
215.20575400087915
 30
0.0
  0
SPLINE
  5
4F0
330
17
100
AcDbEntity
  8
ENGRAVE
100
AcDbSpline
 70
0
 71
2
 72
6
 73
3
 74
0
 40
0.0
 40
0.0
 40
0.0
 40
1.0
 40
1.0
 40
1.0
 10
290.56400117500203
 20
214.7177592092125
 30
0.0
 10
290.48400117500205
 20
214.78174358421248
 30
0.0
 10
290.41999075833536
 20
214.87778525087916
 30
0.0
  0
SPLINE
  5
4F1
330
17
100
AcDbEntity
  8
ENGRAVE
100
AcDbSpline
 70
0
 71
2
 72
6
 73
3
 74
0
 40
0.0
 40
0.0
 40
0.0
 40
1.0
 40
1.0
 40
1.0
 10
290.2919959666687
 20
212.34976441754583
 30
0.0
 10
290.40400117500207
 20
212.20575400087915
 30
0.0
 10
290.43603242500205
 20
212.06174358421248
 30
0.0
  0
SPLINE
  5
4F2
330
17
100
AcDbEntity
  8
ENGRAVE
100
AcDbSpline
 70
0
 71
2
 72
6
 73
3
 74
0
 40
0.0
 40
0.0
 40
0.0
 40
1.0
 40
1.0
 40
1.0
 10
290.3880115916687
 20
215.20575400087915
 30
0.0
 10
290.43603242500205
 20
215.2617435842125
 30
0.0
 10
290.43603242500205
 20
215.2617435842125
 30
0.0
  0
SPLINE
  5
4F3
330
17
100
AcDbEntity
  8
ENGRAVE
100
AcDbSpline
 70
0
 71
2
 72
6
 73
3
 74
0
 40
0.0
 40
0.0
 40
0.0
 40
1.0
 40
1.0
 40
1.0
 10
290.7880115916687
 20
216.31778525087915
 30
0.0
 10
290.7080115916687
 20
216.31778525087915
 30
0.0
 10
290.44400117500203
 20
216.18976441754583
 30
0.0
  0
SPLINE
  5
4F4
330
17
100
AcDbEntity
  8
ENGRAVE
100
AcDbSpline
 70
0
 71
2
 72
6
 73
3
 74
0
 40
0.0
 40
0.0
 40
0.0
 40
1.0
 40
1.0
 40
1.0
 10
290.43603242500205
 20
212.06174358421248
 30
0.0
 10
290.7080115916687
 20
211.56575400087917
 30
0.0
 10
290.5000168000021
 20
211.20575400087915
 30
0.0
  0
SPLINE
  5
4F5
330
17
100
AcDbEntity
  8
ENGRAVE
100
AcDbSpline
 70
0
 71
2
 72
6
 73
3
 74
0
 40
0.0
 40
0.0
 40
0.0
 40
1.0
 40
1.0
 40
1.0
 10
290.73999075833535
 20
214.5897644175458
 30
0.0
 10
290.644001175002
 20
214.6537748342125
 30
0.0
 10
290.56400117500203
 20
214.7177592092125
 30
0.0
  0
SPLINE
  5
4F6
330
17
100
AcDbEntity
  8
ENGRAVE
100
AcDbSpline
 70
0
 71
2
 72
6
 73
3
 74
0
 40
0.0
 40
0.0
 40
0.0
 40
1.0
 40
1.0
 40
1.0
 10
291.15600638333535
 20
214.60578004254583
 30
0.0
 10
290.884001175002
 20
214.47778525087915
 30
0.0
 10
290.73999075833535
 20
214.5897644175458
 30
0.0
  0
SPLINE
  5
4F7
330
17
100
AcDbEntity
  8
ENGRAVE
100
AcDbSpline
 70
0
 71
2
 72
6
 73
3
 74
0
 40
0.0
 40
0.0
 40
0.0
 40
1.0
 40
1.0
 40
1.0
 10
290.99603242500206
 20
216.17377483421248
 30
0.0
 10
290.99603242500206
 20
216.31778525087915
 30
0.0
 10
290.7880115916687
 20
216.31778525087915
 30
0.0
  0
SPLINE
  5
4F8
330
17
100
AcDbEntity
  8
ENGRAVE
100
AcDbSpline
 70
0
 71
2
 72
6
 73
3
 74
0
 40
0.0
 40
0.0
 40
0.0
 40
1.0
 40
1.0
 40
1.0
 10
290.324001175002
 20
217.38976441754582
 30
0.0
 10
290.5480115916687
 20
217.43778525087916
 30
0.0
 10
290.83600638333536
 20
217.43778525087916
 30
0.0
  0
SPLINE
  5
4F9
330
17
100
AcDbEntity
  8
ENGRAVE
100
AcDbSpline
 70
0
 71
2
 72
6
 73
3
 74
0
 40
0.0
 40
0.0
 40
0.0
 40
1.0
 40
1.0
 40
1.0
 10
290.43603242500205
 20
215.2617435842125
 30
0.0
 10
290.75603242500205
 20
215.56575400087917
 30
0.0
 10
290.87603242500205
 20
215.81374879254582
 30
0.0
  0
SPLINE
  5
4FA
330
17
100
AcDbEntity
  8
ENGRAVE
100
AcDbSpline
 70
0
 71
2
 72
6
 73
3
 74
0
 40
0.0
 40
0.0
 40
0.0
 40
1.0
 40
1.0
 40
1.0
 10
290.87603242500205
 20
215.81374879254582
 30
0.0
 10
290.99603242500206
 20
216.06174358421248
 30
0.0
 10
290.99603242500206
 20
216.17377483421248
 30
0.0
  0
SPLINE
  5
4FB
330
17
100
AcDbEntity
  8
ENGRAVE
100
AcDbSpline
 70
0
 71
2
 72
6
 73
3
 74
0
 40
0.0
 40
0.0
 40
0.0
 40
1.0
 40
1.0
 40
1.0
 10
291.7320220083354
 20
214.94174358421247
 30
0.0
 10
291.42801159166874
 20
214.73377483421248
 30
0.0
 10
291.15600638333535
 20
214.60578004254583
 30
0.0
  0
SPLINE
  5
4FC
330
17
100
AcDbEntity
  8
ENGRAVE
100
AcDbSpline
 70
0
 71
2
 72
6
 73
3
 74
0
 40
0.0
 40
0.0
 40
0.0
 40
1.0
 40
1.0
 40
1.0
 10
290.83600638333536
 20
217.43778525087916
 30
0.0
 10
291.12400117500204
 20
217.43778525087916
 30
0.0
 10
291.25202200833536
 20
217.35778525087915
 30
0.0
  0
SPLINE
  5
4FD
330
17
100
AcDbEntity
  8
ENGRAVE
100
AcDbSpline
 70
0
 71
2
 72
6
 73
3
 74
0
 40
0.0
 40
0.0
 40
0.0
 40
1.0
 40
1.0
 40
1.0
 10
291.25202200833536
 20
217.35778525087915
 30
0.0
 10
291.3799907583354
 20
217.43778525087916
 30
0.0
 10
291.57199596666874
 20
217.31778525087915
 30
0.0
  0
SPLINE
  5
4FE
330
17
100
AcDbEntity
  8
ENGRAVE
100
AcDbSpline
 70
0
 71
2
 72
6
 73
3
 74
0
 40
0.0
 40
0.0
 40
0.0
 40
1.0
 40
1.0
 40
1.0
 10
291.9720220083354
 20
215.3097644175458
 30
0.0
 10
291.9720220083354
 20
215.1497644175458
 30
0.0
 10
291.7320220083354
 20
214.94174358421247
 30
0.0
  0
SPLINE
  5
4FF
330
17
100
AcDbEntity
  8
ENGRAVE
100
AcDbSpline
 70
0
 71
2
 72
6
 73
3
 74
0
 40
0.0
 40
0.0
 40
0.0
 40
1.0
 40
1.0
 40
1.0
 10
291.57199596666874
 20
217.31778525087915
 30
0.0
 10
291.764001175002
 20
217.19778525087915
 30
0.0
 10
291.95600638333536
 20
216.9897644175458
 30
0.0
  0
SPLINE
  5
500
330
17
100
AcDbEntity
  8
ENGRAVE
100
AcDbSpline
 70
0
 71
2
 72
6
 73
3
 74
0
 40
0.0
 40
0.0
 40
0.0
 40
1.0
 40
1.0
 40
1.0
 10
292.01202200833535
 20
215.3977592092125
 30
0.0
 10
291.9720220083354
 20
215.38976441754582
 30
0.0
 10
291.9720220083354
 20
215.3097644175458
 30
0.0
  0
SPLINE
  5
501
330
17
100
AcDbEntity
  8
ENGRAVE
100
AcDbSpline
 70
0
 71
2
 72
6
 73
3
 74
0
 40
0.0
 40
0.0
 40
0.0
 40
1.0
 40
1.0
 40
1.0
 10
292.05202200833537
 20
215.40575400087914
 30
0.0
 10
292.05202200833537
 20
215.40575400087914
 30
0.0
 10
292.01202200833535
 20
215.3977592092125
 30
0.0
  0
SPLINE
  5
502
330
17
100
AcDbEntity
  8
ENGRAVE
100
AcDbSpline
 70
0
 71
2
 72
6
 73
3
 74
0
 40
0.0
 40
0.0
 40
0.0
 40
1.0
 40
1.0
 40
1.0
 10
292.1960063833354
 20
215.61374879254583
 30
0.0
 10
292.16400117500206
 20
215.40575400087914
 30
0.0
 10
292.05202200833537
 20
215.40575400087914
 30
0.0
  0
SPLINE
  5
503
330
17
100
AcDbEntity
  8
ENGRAVE
100
AcDbSpline
 70
0
 71
2
 72
6
 73
3
 74
0
 40
0.0
 40
0.0
 40
0.0
 40
1.0
 40
1.0
 40
1.0
 10
292.2360063833354
 20
216.1017435842125
 30
0.0
 10
292.2280115916687
 20
215.8217435842125
 30
0.0
 10
292.1960063833354
 20
215.61374879254583
 30
0.0
  0
SPLINE
  5
504
330
17
100
AcDbEntity
  8
ENGRAVE
100
AcDbSpline
 70
0
 71
2
 72
6
 73
3
 74
0
 40
0.0
 40
0.0
 40
0.0
 40
1.0
 40
1.0
 40
1.0
 10
292.41055777010655
 20
234.75623889091145
 30
0.0
 10
292.1625629784399
 20
235.0042336825781
 30
0.0
 10
292.2105317284399
 20
235.19621284924477
 30
0.0
  0
SPLINE
  5
505
330
17
100
AcDbEntity
  8
ENGRAVE
100
AcDbSpline
 70
0
 71
2
 72
6
 73
3
 74
0
 40
0.0
 40
0.0
 40
0.0
 40
1.0
 40
1.0
 40
1.0
 10
292.24400117500204
 20
216.5737748342125
 30
0.0
 10
292.24400117500204
 20
216.3817435842125
 30
0.0
 10
292.2360063833354
 20
216.1017435842125
 30
0.0
  0
SPLINE
  5
506
330
17
100
AcDbEntity
  8
ENGRAVE
100
AcDbSpline
 70
0
 71
2
 72
6
 73
3
 74
0
 40
0.0
 40
0.0
 40
0.0
 40
1.0
 40
1.0
 40
1.0
 10
291.95600638333536
 20
216.9897644175458
 30
0.0
 10
292.1480115916687
 20
216.78174358421248
 30
0.0
 10
292.24400117500204
 20
216.5737748342125
 30
0.0
  0
SPLINE
  5
507
330
17
100
AcDbEntity
  8
ENGRAVE
100
AcDbSpline
 70
0
 71
2
 72
6
 73
3
 74
0
 40
0.0
 40
0.0
 40
0.0
 40
1.0
 40
1.0
 40
1.0
 10
292.2105317284399
 20
235.19621284924477
 30
0.0
 10
292.2425629784399
 20
235.2922024325781
 30
0.0
 10
292.32256297843986
 20
235.3722024325781
 30
0.0
  0
SPLINE
  5
508
330
17
100
AcDbEntity
  8
ENGRAVE
100
AcDbSpline
 70
0
 71
2
 72
6
 73
3
 74
0
 40
0.0
 40
0.0
 40
0.0
 40
1.0
 40
1.0
 40
1.0
 10
292.3399907583353
 20
211.72575400087916
 30
0.0
 10
292.244001175002
 20
211.90174358421248
 30
0.0
 10
292.324001175002
 20
212.37374879254583
 30
0.0
  0
SPLINE
  5
509
330
17
100
AcDbEntity
  8
ENGRAVE
100
AcDbSpline
 70
0
 71
2
 72
6
 73
3
 74
0
 40
0.0
 40
0.0
 40
0.0
 40
1.0
 40
1.0
 40
1.0
 10
292.65199596666866
 20
211.29377483421248
 30
0.0
 10
292.41999075833536
 20
211.46976441754583
 30
0.0
 10
292.3399907583353
 20
211.72575400087916
 30
0.0
  0
SPLINE
  5
50A
330
17
100
AcDbEntity
  8
ENGRAVE
100
AcDbSpline
 70
0
 71
2
 72
6
 73
3
 74
0
 40
0.0
 40
0.0
 40
0.0
 40
1.0
 40
1.0
 40
1.0
 10
293.20256297843986
 20
234.2842336825781
 30
0.0
 10
292.6585525617732
 20
234.50824409924476
 30
0.0
 10
292.41055777010655
 20
234.75623889091145
 30
0.0
  0
SPLINE
  5
50B
330
17
100
AcDbEntity
  8
ENGRAVE
100
AcDbSpline
 70
0
 71
2
 72
6
 73
3
 74
0
 40
0.0
 40
0.0
 40
0.0
 40
1.0
 40
1.0
 40
1.0
 10
292.67454214510656
 20
237.3482180575781
 30
0.0
 10
292.5785525617732
 20
237.66022326591144
 30
0.0
 10
292.5785525617732
 20
237.91621284924477
 30
0.0
  0
SPLINE
  5
50C
330
17
100
AcDbEntity
  8
ENGRAVE
100
AcDbSpline
 70
0
 71
2
 72
6
 73
3
 74
0
 40
0.0
 40
0.0
 40
0.0
 40
1.0
 40
1.0
 40
1.0
 10
292.324001175002
 20
212.37374879254583
 30
0.0
 10
292.404001175002
 20
212.84575400087917
 30
0.0
 10
292.62801159166867
 20
213.88575400087916
 30
0.0
  0
SPLINE
  5
50D
330
17
100
AcDbEntity
  8
ENGRAVE
100
AcDbSpline
 70
0
 71
2
 72
6
 73
3
 74
0
 40
0.0
 40
0.0
 40
0.0
 40
1.0
 40
1.0
 40
1.0
 10
293.1720220083353
 20
211.1017435842125
 30
0.0
 10
292.884001175002
 20
211.11778525087917
 30
0.0
 10
292.65199596666866
 20
211.29377483421248
 30
0.0
  0
SPLINE
  5
50E
330
17
100
AcDbEntity
  8
ENGRAVE
100
AcDbSpline
 70
0
 71
2
 72
6
 73
3
 74
0
 40
0.0
 40
0.0
 40
0.0
 40
1.0
 40
1.0
 40
1.0
 10
292.88256297843986
 20
237.03621284924478
 30
0.0
 10
292.7705317284399
 20
237.03621284924478
 30
0.0
 10
292.67454214510656
 20
237.3482180575781
 30
0.0
  0
SPLINE
  5
50F
330
17
100
AcDbEntity
  8
ENGRAVE
100
AcDbSpline
 70
0
 71
2
 72
6
 73
3
 74
0
 40
0.0
 40
0.0
 40
0.0
 40
1.0
 40
1.0
 40
1.0
 10
292.32256297843986
 20
235.3722024325781
 30
0.0
 10
292.40256297843985
 20
235.4522024325781
 30
0.0
 10
292.6825629784399
 20
235.44420764091143
 30
0.0
  0
SPLINE
  5
510
330
17
100
AcDbEntity
  8
ENGRAVE
100
AcDbSpline
 70
0
 71
2
 72
6
 73
3
 74
0
 40
0.0
 40
0.0
 40
0.0
 40
1.0
 40
1.0
 40
1.0
 10
292.62801159166867
 20
213.88575400087916
 30
0.0
 10
292.70801159166865
 20
214.20575400087915
 30
0.0
 10
292.780016800002
 20
214.42176962587916
 30
0.0
  0
SPLINE
  5
511
330
17
100
AcDbEntity
  8
ENGRAVE
100
AcDbSpline
 70
0
 71
2
 72
6
 73
3
 74
0
 40
0.0
 40
0.0
 40
0.0
 40
1.0
 40
1.0
 40
1.0
 10
292.5785525617732
 20
237.91621284924477
 30
0.0
 10
292.5785525617732
 20
238.39621284924476
 30
0.0
 10
292.87454214510655
 20
238.86022326591143
 30
0.0
  0
SPLINE
  5
512
330
17
100
AcDbEntity
  8
ENGRAVE
100
AcDbSpline
 70
0
 71
2
 72
6
 73
3
 74
0
 40
0.0
 40
0.0
 40
0.0
 40
1.0
 40
1.0
 40
1.0
 10
293.10654735343985
 20
236.62022326591145
 30
0.0
 10
292.81855256177323
 20
236.8442336825781
 30
0.0
 10
292.88256297843986
 20
236.95621284924476
 30
0.0
  0
SPLINE
  5
513
330
17
100
AcDbEntity
  8
ENGRAVE
100
AcDbSpline
 70
0
 71
2
 72
6
 73
3
 74
0
 40
0.0
 40
0.0
 40
0.0
 40
1.0
 40
1.0
 40
1.0
 10
292.780016800002
 20
214.42176962587916
 30
0.0
 10
292.8520220083353
 20
214.63778525087915
 30
0.0
 10
292.9640272166687
 20
214.90176962587915
 30
0.0
  0
SPLINE
  5
514
330
17
100
AcDbEntity
  8
ENGRAVE
100
AcDbSpline
 70
0
 71
2
 72
6
 73
3
 74
0
 40
0.0
 40
0.0
 40
0.0
 40
1.0
 40
1.0
 40
1.0
 10
293.7465213117732
 20
236.10824409924479
 30
0.0
 10
293.3945421451065
 20
236.39621284924476
 30
0.0
 10
293.10654735343985
 20
236.62022326591145
 30
0.0
  0
SPLINE
  5
515
330
17
100
AcDbEntity
  8
ENGRAVE
100
AcDbSpline
 70
0
 71
2
 72
6
 73
3
 74
0
 40
0.0
 40
0.0
 40
0.0
 40
1.0
 40
1.0
 40
1.0
 10
293.4280115916687
 20
211.35775920921247
 30
0.0
 10
293.21999075833537
 20
211.1017435842125
 30
0.0
 10
293.1720220083353
 20
211.1017435842125
 30
0.0
  0
SPLINE
  5
516
330
17
100
AcDbEntity
  8
ENGRAVE
100
AcDbSpline
 70
0
 71
2
 72
6
 73
3
 74
0
 40
0.0
 40
0.0
 40
0.0
 40
1.0
 40
1.0
 40
1.0
 10
293.9465213117732
 20
234.1482180575781
 30
0.0
 10
293.5065213117732
 20
234.15621284924478
 30
0.0
 10
293.20256297843986
 20
234.2842336825781
 30
0.0
  0
SPLINE
  5
517
330
17
100
AcDbEntity
  8
ENGRAVE
100
AcDbSpline
 70
0
 71
2
 72
6
 73
3
 74
0
 40
0.0
 40
0.0
 40
0.0
 40
1.0
 40
1.0
 40
1.0
 10
292.9640272166687
 20
214.90176962587915
 30
0.0
 10
293.076032425002
 20
215.16575400087916
 30
0.0
 10
293.25202200833536
 20
215.59778525087916
 30
0.0
  0
SPLINE
  5
518
330
17
100
AcDbEntity
  8
ENGRAVE
100
AcDbSpline
 70
0
 71
2
 72
6
 73
3
 74
0
 40
0.0
 40
0.0
 40
0.0
 40
1.0
 40
1.0
 40
1.0
 10
293.3160063833353
 20
216.0217435842125
 30
0.0
 10
293.29999075833535
 20
216.22174358421248
 30
0.0
 10
293.284001175002
 20
216.34976441754583
 30
0.0
  0
SPLINE
  5
519
330
17
100
AcDbEntity
  8
ENGRAVE
100
AcDbSpline
 70
0
 71
2
 72
6
 73
3
 74
0
 40
0.0
 40
0.0
 40
0.0
 40
1.0
 40
1.0
 40
1.0
 10
293.25202200833536
 20
215.59778525087916
 30
0.0
 10
293.33202200833534
 20
215.8217435842125
 30
0.0
 10
293.3160063833353
 20
216.0217435842125
 30
0.0
  0
SPLINE
  5
51A
330
17
100
AcDbEntity
  8
ENGRAVE
100
AcDbSpline
 70
0
 71
2
 72
6
 73
3
 74
0
 40
0.0
 40
0.0
 40
0.0
 40
1.0
 40
1.0
 40
1.0
 10
293.9080115916687
 20
211.9337748342125
 30
0.0
 10
293.636032425002
 20
211.61377483421248
 30
0.0
 10
293.4280115916687
 20
211.35775920921247
 30
0.0
  0
SPLINE
  5
51B
330
17
100
AcDbEntity
  8
ENGRAVE
100
AcDbSpline
 70
0
 71
2
 72
6
 73
3
 74
0
 40
0.0
 40
0.0
 40
0.0
 40
1.0
 40
1.0
 40
1.0
 10
293.284001175002
 20
216.34976441754583
 30
0.0
 10
293.284001175002
 20
216.5897644175458
 30
0.0
 10
293.4360063833353
 20
216.73377483421248
 30
0.0
  0
SPLINE
  5
51C
330
17
100
AcDbEntity
  8
ENGRAVE
100
AcDbSpline
 70
0
 71
2
 72
6
 73
3
 74
0
 40
0.0
 40
0.0
 40
0.0
 40
1.0
 40
1.0
 40
1.0
 10
292.87454214510655
 20
238.86022326591143
 30
0.0
 10
293.17053172843987
 20
239.3242336825781
 30
0.0
 10
293.5065213117732
 20
239.67621284924476
 30
0.0
  0
SPLINE
  5
51D
330
17
100
AcDbEntity
  8
ENGRAVE
100
AcDbSpline
 70
0
 71
2
 72
6
 73
3
 74
0
 40
0.0
 40
0.0
 40
0.0
 40
1.0
 40
1.0
 40
1.0
 10
292.6825629784399
 20
235.44420764091143
 30
0.0
 10
292.96256297843985
 20
235.43621284924478
 30
0.0
 10
293.55454214510655
 20
235.2922024325781
 30
0.0
  0
SPLINE
  5
51E
330
17
100
AcDbEntity
  8
ENGRAVE
100
AcDbSpline
 70
0
 71
2
 72
6
 73
3
 74
0
 40
0.0
 40
0.0
 40
0.0
 40
1.0
 40
1.0
 40
1.0
 10
293.99454214510655
 20
235.9322024325781
 30
0.0
 10
293.8905317284399
 20
236.0122024325781
 30
0.0
 10
293.7465213117732
 20
236.10824409924479
 30
0.0
  0
SPLINE
  5
51F
330
17
100
AcDbEntity
  8
ENGRAVE
100
AcDbSpline
 70
0
 71
2
 72
6
 73
3
 74
0
 40
0.0
 40
0.0
 40
0.0
 40
1.0
 40
1.0
 40
1.0
 10
293.4360063833353
 20
216.73377483421248
 30
0.0
 10
293.5880115916687
 20
216.87778525087916
 30
0.0
 10
293.780016800002
 20
216.9337748342125
 30
0.0
  0
SPLINE
  5
520
330
17
100
AcDbEntity
  8
ENGRAVE
100
AcDbSpline
 70
0
 71
2
 72
6
 73
3
 74
0
 40
0.0
 40
0.0
 40
0.0
 40
1.0
 40
1.0
 40
1.0
 10
294.38801159166866
 20
212.44575400087916
 30
0.0
 10
294.17999075833535
 20
212.2537748342125
 30
0.0
 10
293.9080115916687
 20
211.9337748342125
 30
0.0
  0
SPLINE
  5
521
330
17
100
AcDbEntity
  8
ENGRAVE
100
AcDbSpline
 70
0
 71
2
 72
6
 73
3
 74
0
 40
0.0
 40
0.0
 40
0.0
 40
1.0
 40
1.0
 40
1.0
 10
294.7865213117732
 20
234.21222847424477
 30
0.0
 10
294.3865213117732
 20
234.14022326591143
 30
0.0
 10
293.9465213117732
 20
234.1482180575781
 30
0.0
  0
SPLINE
  5
522
330
17
100
AcDbEntity
  8
ENGRAVE
100
AcDbSpline
 70
0
 71
2
 72
6
 73
3
 74
0
 40
0.0
 40
0.0
 40
0.0
 40
1.0
 40
1.0
 40
1.0
 10
294.0105317284399
 20
238.02022326591143
 30
0.0
 10
293.95454214510653
 20
237.90022326591145
 30
0.0
 10
293.9705317284399
 20
237.7722024325781
 30
0.0
  0
SPLINE
  5
523
330
17
100
AcDbEntity
  8
ENGRAVE
100
AcDbSpline
 70
0
 71
2
 72
6
 73
3
 74
0
 40
0.0
 40
0.0
 40
0.0
 40
1.0
 40
1.0
 40
1.0
 10
294.13053172843985
 20
235.7722024325781
 30
0.0
 10
294.0985525617732
 20
235.8522024325781
 30
0.0
 10
293.99454214510655
 20
235.9322024325781
 30
0.0
  0
SPLINE
  5
524
330
17
100
AcDbEntity
  8
ENGRAVE
100
AcDbSpline
 70
0
 71
2
 72
6
 73
3
 74
0
 40
0.0
 40
0.0
 40
0.0
 40
1.0
 40
1.0
 40
1.0
 10
294.08256297843985
 20
238.2842336825781
 30
0.0
 10
294.0665213117732
 20
238.14022326591143
 30
0.0
 10
294.0105317284399
 20
238.02022326591143
 30
0.0
  0
SPLINE
  5
525
330
17
100
AcDbEntity
  8
ENGRAVE
100
AcDbSpline
 70
0
 71
2
 72
6
 73
3
 74
0
 40
0.0
 40
0.0
 40
0.0
 40
1.0
 40
1.0
 40
1.0
 10
293.55454214510655
 20
235.2922024325781
 30
0.0
 10
293.8265213117732
 20
235.2922024325781
 30
0.0
 10
294.07454214510653
 20
235.32420764091145
 30
0.0
  0
SPLINE
  5
526
330
17
100
AcDbEntity
  8
ENGRAVE
100
AcDbSpline
 70
0
 71
2
 72
6
 73
3
 74
0
 40
0.0
 40
0.0
 40
0.0
 40
1.0
 40
1.0
 40
1.0
 10
294.3385525617732
 20
238.63621284924477
 30
0.0
 10
294.1785525617732
 20
238.4122024325781
 30
0.0
 10
294.08256297843985
 20
238.2842336825781
 30
0.0
  0
SPLINE
  5
527
330
17
100
AcDbEntity
  8
ENGRAVE
100
AcDbSpline
 70
0
 71
2
 72
6
 73
3
 74
0
 40
0.0
 40
0.0
 40
0.0
 40
1.0
 40
1.0
 40
1.0
 10
293.780016800002
 20
216.9337748342125
 30
0.0
 10
293.97202200833533
 20
216.9897644175458
 30
0.0
 10
294.084001175002
 20
216.95778525087914
 30
0.0
  0
SPLINE
  5
528
330
17
100
AcDbEntity
  8
ENGRAVE
100
AcDbSpline
 70
0
 71
2
 72
6
 73
3
 74
0
 40
0.0
 40
0.0
 40
0.0
 40
1.0
 40
1.0
 40
1.0
 10
294.4185525617732
 20
235.64423368257812
 30
0.0
 10
294.2905317284399
 20
235.7722024325781
 30
0.0
 10
294.13053172843985
 20
235.7722024325781
 30
0.0
  0
SPLINE
  5
529
330
17
100
AcDbEntity
  8
ENGRAVE
100
AcDbSpline
 70
0
 71
2
 72
6
 73
3
 74
0
 40
0.0
 40
0.0
 40
0.0
 40
1.0
 40
1.0
 40
1.0
 10
293.9705317284399
 20
237.7722024325781
 30
0.0
 10
293.98652131177323
 20
237.6122024325781
 30
0.0
 10
294.13053172843985
 20
237.4682180575781
 30
0.0
  0
SPLINE
  5
52A
330
17
100
AcDbEntity
  8
ENGRAVE
100
AcDbSpline
 70
0
 71
2
 72
6
 73
3
 74
0
 40
0.0
 40
0.0
 40
0.0
 40
1.0
 40
1.0
 40
1.0
 10
294.21199596666867
 20
214.25374879254582
 30
0.0
 10
294.17999075833535
 20
214.12575400087914
 30
0.0
 10
294.17999075833535
 20
214.06174358421248
 30
0.0
  0
SPLINE
  5
52B
330
17
100
AcDbEntity
  8
ENGRAVE
100
AcDbSpline
 70
0
 71
2
 72
6
 73
3
 74
0
 40
0.0
 40
0.0
 40
0.0
 40
1.0
 40
1.0
 40
1.0
 10
294.49999075833534
 20
214.92575400087915
 30
0.0
 10
294.244001175002
 20
214.3817435842125
 30
0.0
 10
294.21199596666867
 20
214.25374879254582
 30
0.0
  0
SPLINE
  5
52C
330
17
100
AcDbEntity
  8
ENGRAVE
100
AcDbSpline
 70
0
 71
2
 72
6
 73
3
 74
0
 40
0.0
 40
0.0
 40
0.0
 40
1.0
 40
1.0
 40
1.0
 10
294.17999075833535
 20
214.06174358421248
 30
0.0
 10
294.196032425002
 20
214.01377483421248
 30
0.0
 10
294.3240272166687
 20
214.10976441754582
 30
0.0
  0
SPLINE
  5
52D
330
17
100
AcDbEntity
  8
ENGRAVE
100
AcDbSpline
 70
0
 71
2
 72
6
 73
3
 74
0
 40
0.0
 40
0.0
 40
0.0
 40
1.0
 40
1.0
 40
1.0
 10
294.6265473534399
 20
239.01222847424478
 30
0.0
 10
294.4985525617732
 20
238.86022326591143
 30
0.0
 10
294.3385525617732
 20
238.63621284924477
 30
0.0
  0
SPLINE
  5
52E
330
17
100
AcDbEntity
  8
ENGRAVE
100
AcDbSpline
 70
0
 71
2
 72
6
 73
3
 74
0
 40
0.0
 40
0.0
 40
0.0
 40
1.0
 40
1.0
 40
1.0
 10
294.8999907583353
 20
212.9977592092125
 30
0.0
 10
294.65999075833537
 20
212.73377483421248
 30
0.0
 10
294.38801159166866
 20
212.44575400087916
 30
0.0
  0
SPLINE
  5
52F
330
17
100
AcDbEntity
  8
ENGRAVE
100
AcDbSpline
 70
0
 71
2
 72
6
 73
3
 74
0
 40
0.0
 40
0.0
 40
0.0
 40
1.0
 40
1.0
 40
1.0
 10
294.53055777010655
 20
235.5242336825781
 30
0.0
 10
294.4985525617732
 20
235.58022326591143
 30
0.0
 10
294.4185525617732
 20
235.64423368257812
 30
0.0
  0
SPLINE
  5
530
330
17
100
AcDbEntity
  8
ENGRAVE
100
AcDbSpline
 70
0
 71
2
 72
6
 73
3
 74
0
 40
0.0
 40
0.0
 40
0.0
 40
1.0
 40
1.0
 40
1.0
 10
294.07454214510653
 20
235.32420764091145
 30
0.0
 10
294.32256297843986
 20
235.35621284924477
 30
0.0
 10
294.4825629784399
 20
235.43621284924478
 30
0.0
  0
SPLINE
  5
531
330
17
100
AcDbEntity
  8
ENGRAVE
100
AcDbSpline
 70
0
 71
2
 72
6
 73
3
 74
0
 40
0.0
 40
0.0
 40
0.0
 40
1.0
 40
1.0
 40
1.0
 10
293.5065213117732
 20
239.67621284924476
 30
0.0
 10
293.95454214510653
 20
240.10824409924479
 30
0.0
 10
294.51454214510653
 20
240.50824409924476
 30
0.0
  0
SPLINE
  5
532
330
17
100
AcDbEntity
  8
ENGRAVE
100
AcDbSpline
 70
0
 71
2
 72
6
 73
3
 74
0
 40
0.0
 40
0.0
 40
0.0
 40
1.0
 40
1.0
 40
1.0
 10
294.4825629784399
 20
235.43621284924478
 30
0.0
 10
294.56256297843987
 20
235.46824409924477
 30
0.0
 10
294.53055777010655
 20
235.5242336825781
 30
0.0
  0
SPLINE
  5
533
330
17
100
AcDbEntity
  8
ENGRAVE
100
AcDbSpline
 70
0
 71
2
 72
6
 73
3
 74
0
 40
0.0
 40
0.0
 40
0.0
 40
1.0
 40
1.0
 40
1.0
 10
294.13053172843985
 20
237.4682180575781
 30
0.0
 10
294.2745421451065
 20
237.3242336825781
 30
0.0
 10
294.54652131177323
 20
237.10022326591144
 30
0.0
  0
SPLINE
  5
534
330
17
100
AcDbEntity
  8
ENGRAVE
100
AcDbSpline
 70
0
 71
2
 72
6
 73
3
 74
0
 40
0.0
 40
0.0
 40
0.0
 40
1.0
 40
1.0
 40
1.0
 10
294.75454214510654
 20
239.08423368257812
 30
0.0
 10
294.75454214510654
 20
239.1642336825781
 30
0.0
 10
294.6265473534399
 20
239.01222847424478
 30
0.0
  0
SPLINE
  5
535
330
17
100
AcDbEntity
  8
ENGRAVE
100
AcDbSpline
 70
0
 71
2
 72
6
 73
3
 74
0
 40
0.0
 40
0.0
 40
0.0
 40
1.0
 40
1.0
 40
1.0
 10
294.3240272166687
 20
214.10976441754582
 30
0.0
 10
294.45202200833535
 20
214.20575400087915
 30
0.0
 10
294.63600638333537
 20
214.37374879254583
 30
0.0
  0
SPLINE
  5
536
330
17
100
AcDbEntity
  8
ENGRAVE
100
AcDbSpline
 70
0
 71
2
 72
6
 73
3
 74
0
 40
0.0
 40
0.0
 40
0.0
 40
1.0
 40
1.0
 40
1.0
 10
294.804001175002
 20
215.6777592092125
 30
0.0
 10
294.724001175002
 20
215.48575400087915
 30
0.0
 10
294.676032425002
 20
215.35778525087915
 30
0.0
  0
SPLINE
  5
537
330
17
100
AcDbEntity
  8
ENGRAVE
100
AcDbSpline
 70
0
 71
2
 72
6
 73
3
 74
0
 40
0.0
 40
0.0
 40
0.0
 40
1.0
 40
1.0
 40
1.0
 10
294.084001175002
 20
216.95778525087914
 30
0.0
 10
294.53202200833533
 20
216.90976441754583
 30
0.0
 10
294.69202200833536
 20
216.63775920921248
 30
0.0
  0
SPLINE
  5
538
330
17
100
AcDbEntity
  8
ENGRAVE
100
AcDbSpline
 70
0
 71
2
 72
6
 73
3
 74
0
 40
0.0
 40
0.0
 40
0.0
 40
1.0
 40
1.0
 40
1.0
 10
294.84253693677323
 20
239.11623889091143
 30
0.0
 10
294.81855256177323
 20
239.08423368257812
 30
0.0
 10
294.75454214510654
 20
239.08423368257812
 30
0.0
  0
SPLINE
  5
539
330
17
100
AcDbEntity
  8
ENGRAVE
100
AcDbSpline
 70
0
 71
2
 72
6
 73
3
 74
0
 40
0.0
 40
0.0
 40
0.0
 40
1.0
 40
1.0
 40
1.0
 10
295.3465213117732
 20
234.36423368257812
 30
0.0
 10
295.1865213117732
 20
234.2842336825781
 30
0.0
 10
294.7865213117732
 20
234.21222847424477
 30
0.0
  0
SPLINE
  5
53A
330
17
100
AcDbEntity
  8
ENGRAVE
100
AcDbSpline
 70
0
 71
2
 72
6
 73
3
 74
0
 40
0.0
 40
0.0
 40
0.0
 40
1.0
 40
1.0
 40
1.0
 10
294.8680115916687
 20
216.10976441754582
 30
0.0
 10
294.884001175002
 20
215.8697644175458
 30
0.0
 10
294.804001175002
 20
215.6777592092125
 30
0.0
  0
SPLINE
  5
53B
330
17
100
AcDbEntity
  8
ENGRAVE
100
AcDbSpline
 70
0
 71
2
 72
6
 73
3
 74
0
 40
0.0
 40
0.0
 40
0.0
 40
1.0
 40
1.0
 40
1.0
 10
294.93053172843986
 20
239.26022326591143
 30
0.0
 10
294.8665213117732
 20
239.14824409924478
 30
0.0
 10
294.84253693677323
 20
239.11623889091143
 30
0.0
  0
SPLINE
  5
53C
330
17
100
AcDbEntity
  8
ENGRAVE
100
AcDbSpline
 70
0
 71
2
 72
6
 73
3
 74
0
 40
0.0
 40
0.0
 40
0.0
 40
1.0
 40
1.0
 40
1.0
 10
294.69202200833536
 20
216.63775920921248
 30
0.0
 10
294.8520220083353
 20
216.36575400087915
 30
0.0
 10
294.8680115916687
 20
216.10976441754582
 30
0.0
  0
SPLINE
  5
53D
330
17
100
AcDbEntity
  8
ENGRAVE
100
AcDbSpline
 70
0
 71
2
 72
6
 73
3
 74
0
 40
0.0
 40
0.0
 40
0.0
 40
1.0
 40
1.0
 40
1.0
 10
295.236032425002
 20
213.35778525087915
 30
0.0
 10
295.13999075833533
 20
213.2617435842125
 30
0.0
 10
294.8999907583353
 20
212.9977592092125
 30
0.0
  0
SPLINE
  5
53E
330
17
100
AcDbEntity
  8
ENGRAVE
100
AcDbSpline
 70
0
 71
2
 72
6
 73
3
 74
0
 40
0.0
 40
0.0
 40
0.0
 40
1.0
 40
1.0
 40
1.0
 10
295.37852652010656
 20
239.5882180575781
 30
0.0
 10
295.0905317284399
 20
239.4042336825781
 30
0.0
 10
294.93053172843986
 20
239.26022326591143
 30
0.0
  0
SPLINE
  5
53F
330
17
100
AcDbEntity
  8
ENGRAVE
100
AcDbSpline
 70
0
 71
2
 72
6
 73
3
 74
0
 40
0.0
 40
0.0
 40
0.0
 40
1.0
 40
1.0
 40
1.0
 10
294.63600638333537
 20
214.37374879254583
 30
0.0
 10
294.81999075833534
 20
214.5417435842125
 30
0.0
 10
294.97999075833536
 20
214.66976441754582
 30
0.0
  0
SPLINE
  5
540
330
17
100
AcDbEntity
  8
ENGRAVE
100
AcDbSpline
 70
0
 71
2
 72
6
 73
3
 74
0
 40
0.0
 40
0.0
 40
0.0
 40
1.0
 40
1.0
 40
1.0
 10
295.4360063833353
 20
213.58176962587916
 30
0.0
 10
295.33202200833534
 20
213.45377483421248
 30
0.0
 10
295.236032425002
 20
213.35778525087915
 30
0.0
  0
SPLINE
  5
541
330
17
100
AcDbEntity
  8
ENGRAVE
100
AcDbSpline
 70
0
 71
2
 72
6
 73
3
 74
0
 40
0.0
 40
0.0
 40
0.0
 40
1.0
 40
1.0
 40
1.0
 10
295.98654735343985
 20
234.91621284924477
 30
0.0
 10
295.7785525617732
 20
234.5562128492448
 30
0.0
 10
295.3465213117732
 20
234.36423368257812
 30
0.0
  0
SPLINE
  5
542
330
17
100
AcDbEntity
  8
ENGRAVE
100
AcDbSpline
 70
0
 71
2
 72
6
 73
3
 74
0
 40
0.0
 40
0.0
 40
0.0
 40
1.0
 40
1.0
 40
1.0
 10
295.93053172843986
 20
239.90022326591145
 30
0.0
 10
295.6665213117732
 20
239.7722024325781
 30
0.0
 10
295.37852652010656
 20
239.5882180575781
 30
0.0
  0
SPLINE
  5
543
330
17
100
AcDbEntity
  8
ENGRAVE
100
AcDbSpline
 70
0
 71
2
 72
6
 73
3
 74
0
 40
0.0
 40
0.0
 40
0.0
 40
1.0
 40
1.0
 40
1.0
 10
294.54652131177323
 20
237.10022326591144
 30
0.0
 10
295.10652131177324
 20
236.6842336825781
 30
0.0
 10
295.3865213117732
 20
236.4442336825781
 30
0.0
  0
SPLINE
  5
544
330
17
100
AcDbEntity
  8
ENGRAVE
100
AcDbSpline
 70
0
 71
2
 72
6
 73
3
 74
0
 40
0.0
 40
0.0
 40
0.0
 40
1.0
 40
1.0
 40
1.0
 10
295.476032425002
 20
211.72575400087916
 30
0.0
 10
295.39603242500203
 20
211.88575400087916
 30
0.0
 10
295.4280115916687
 20
211.99778525087916
 30
0.0
  0
SPLINE
  5
545
330
17
100
AcDbEntity
  8
ENGRAVE
100
AcDbSpline
 70
0
 71
2
 72
6
 73
3
 74
0
 40
0.0
 40
0.0
 40
0.0
 40
1.0
 40
1.0
 40
1.0
 10
295.604001175002
 20
213.7097644175458
 30
0.0
 10
295.53999075833536
 20
213.7097644175458
 30
0.0
 10
295.4360063833353
 20
213.58176962587916
 30
0.0
  0
SPLINE
  5
546
330
17
100
AcDbEntity
  8
ENGRAVE
100
AcDbSpline
 70
0
 71
2
 72
6
 73
3
 74
0
 40
0.0
 40
0.0
 40
0.0
 40
1.0
 40
1.0
 40
1.0
 10
295.6680115916687
 20
211.46976441754583
 30
0.0
 10
295.556032425002
 20
211.56575400087917
 30
0.0
 10
295.476032425002
 20
211.72575400087916
 30
0.0
  0
SPLINE
  5
547
330
17
100
AcDbEntity
  8
ENGRAVE
100
AcDbSpline
 70
0
 71
2
 72
6
 73
3
 74
0
 40
0.0
 40
0.0
 40
0.0
 40
1.0
 40
1.0
 40
1.0
 10
295.844001175002
 20
213.9577592092125
 30
0.0
 10
295.6680115916687
 20
213.80575400087915
 30
0.0
 10
295.604001175002
 20
213.7097644175458
 30
0.0
  0
SPLINE
  5
548
330
17
100
AcDbEntity
  8
ENGRAVE
100
AcDbSpline
 70
0
 71
2
 72
6
 73
3
 74
0
 40
0.0
 40
0.0
 40
0.0
 40
1.0
 40
1.0
 40
1.0
 10
295.3865213117732
 20
236.4442336825781
 30
0.0
 10
295.6665213117732
 20
236.2042336825781
 30
0.0
 10
295.77852652010654
 20
236.06022326591145
 30
0.0
  0
SPLINE
  5
549
330
17
100
AcDbEntity
  8
ENGRAVE
100
AcDbSpline
 70
0
 71
2
 72
6
 73
3
 74
0
 40
0.0
 40
0.0
 40
0.0
 40
1.0
 40
1.0
 40
1.0
 10
294.51454214510653
 20
240.50824409924476
 30
0.0
 10
295.07454214510653
 20
240.90824409924477
 30
0.0
 10
295.81053172843986
 20
241.10022326591144
 30
0.0
  0
SPLINE
  5
54A
330
17
100
AcDbEntity
  8
ENGRAVE
100
AcDbSpline
 70
0
 71
2
 72
6
 73
3
 74
0
 40
0.0
 40
0.0
 40
0.0
 40
1.0
 40
1.0
 40
1.0
 10
295.8665213117732
 20
238.66022326591144
 30
0.0
 10
295.8265213117732
 20
238.7322024325781
 30
0.0
 10
295.8265213117732
 20
238.79621284924477
 30
0.0
  0
SPLINE
  5
54B
330
17
100
AcDbEntity
  8
ENGRAVE
100
AcDbSpline
 70
0
 71
2
 72
6
 73
3
 74
0
 40
0.0
 40
0.0
 40
0.0
 40
1.0
 40
1.0
 40
1.0
 10
296.23600638333534
 20
211.2777592092125
 30
0.0
 10
296.00400117500203
 20
211.16575400087916
 30
0.0
 10
295.82801159166866
 20
211.32575400087916
 30
0.0
  0
SPLINE
  5
54C
330
17
100
AcDbEntity
  8
ENGRAVE
100
AcDbSpline
 70
0
 71
2
 72
6
 73
3
 74
0
 40
0.0
 40
0.0
 40
0.0
 40
1.0
 40
1.0
 40
1.0
 10
296.116032425002
 20
214.12575400087914
 30
0.0
 10
296.0199907583353
 20
214.10976441754582
 30
0.0
 10
295.844001175002
 20
213.9577592092125
 30
0.0
  0
SPLINE
  5
54D
330
17
100
AcDbEntity
  8
ENGRAVE
100
AcDbSpline
 70
0
 71
2
 72
6
 73
3
 74
0
 40
0.0
 40
0.0
 40
0.0
 40
1.0
 40
1.0
 40
1.0
 10
295.9065213117732
 20
238.58824409924478
 30
0.0
 10
295.9065213117732
 20
238.58824409924478
 30
0.0
 10
295.8665213117732
 20
238.66022326591144
 30
0.0
  0
SPLINE
  5
54E
330
17
100
AcDbEntity
  8
ENGRAVE
100
AcDbSpline
 70
0
 71
2
 72
6
 73
3
 74
0
 40
0.0
 40
0.0
 40
0.0
 40
1.0
 40
1.0
 40
1.0
 10
295.8265213117732
 20
238.79621284924477
 30
0.0
 10
295.8265213117732
 20
238.86022326591143
 30
0.0
 10
295.87454214510655
 20
238.91621284924477
 30
0.0
  0
SPLINE
  5
54F
330
17
100
AcDbEntity
  8
ENGRAVE
100
AcDbSpline
 70
0
 71
2
 72
6
 73
3
 74
0
 40
0.0
 40
0.0
 40
0.0
 40
1.0
 40
1.0
 40
1.0
 10
296.05053172843986
 20
238.4282180575781
 30
0.0
 10
295.9705317284399
 20
238.4922024325781
 30
0.0
 10
295.9065213117732
 20
238.58824409924478
 30
0.0
  0
SPLINE
  5
550
330
17
100
AcDbEntity
  8
ENGRAVE
100
AcDbSpline
 70
0
 71
2
 72
6
 73
3
 74
0
 40
0.0
 40
0.0
 40
0.0
 40
1.0
 40
1.0
 40
1.0
 10
295.77852652010654
 20
236.06022326591145
 30
0.0
 10
295.8905317284399
 20
235.91621284924477
 30
0.0
 10
295.9225629784399
 20
235.7722024325781
 30
0.0
  0
SPLINE
  5
551
330
17
100
AcDbEntity
  8
ENGRAVE
100
AcDbSpline
 70
0
 71
2
 72
6
 73
3
 74
0
 40
0.0
 40
0.0
 40
0.0
 40
1.0
 40
1.0
 40
1.0
 10
295.87454214510655
 20
238.91621284924477
 30
0.0
 10
295.9225629784399
 20
238.97220243257811
 30
0.0
 10
295.9225629784399
 20
238.97220243257811
 30
0.0
  0
SPLINE
  5
552
330
17
100
AcDbEntity
  8
ENGRAVE
100
AcDbSpline
 70
0
 71
2
 72
6
 73
3
 74
0
 40
0.0
 40
0.0
 40
0.0
 40
1.0
 40
1.0
 40
1.0
 10
294.97999075833536
 20
214.66976441754582
 30
0.0
 10
295.39603242500203
 20
215.03778525087915
 30
0.0
 10
295.92402721666866
 20
215.39778525087917
 30
0.0
  0
SPLINE
  5
553
330
17
100
AcDbEntity
  8
ENGRAVE
100
AcDbSpline
 70
0
 71
2
 72
6
 73
3
 74
0
 40
0.0
 40
0.0
 40
0.0
 40
1.0
 40
1.0
 40
1.0
 10
296.2745421451065
 20
240.02824409924477
 30
0.0
 10
296.19454214510654
 20
240.02824409924477
 30
0.0
 10
295.93053172843986
 20
239.90022326591145
 30
0.0
  0
SPLINE
  5
554
330
17
100
AcDbEntity
  8
ENGRAVE
100
AcDbSpline
 70
0
 71
2
 72
6
 73
3
 74
0
 40
0.0
 40
0.0
 40
0.0
 40
1.0
 40
1.0
 40
1.0
 10
295.9225629784399
 20
235.7722024325781
 30
0.0
 10
296.19454214510654
 20
235.27621284924479
 30
0.0
 10
295.98654735343985
 20
234.91621284924477
 30
0.0
  0
SPLINE
  5
555
330
17
100
AcDbEntity
  8
ENGRAVE
100
AcDbSpline
 70
0
 71
2
 72
6
 73
3
 74
0
 40
0.0
 40
0.0
 40
0.0
 40
1.0
 40
1.0
 40
1.0
 10
296.2265213117732
 20
238.30022326591143
 30
0.0
 10
296.13053172843985
 20
238.36423368257812
 30
0.0
 10
296.05053172843986
 20
238.4282180575781
 30
0.0
  0
SPLINE
  5
556
330
17
100
AcDbEntity
  8
ENGRAVE
100
AcDbSpline
 70
0
 71
2
 72
6
 73
3
 74
0
 40
0.0
 40
0.0
 40
0.0
 40
1.0
 40
1.0
 40
1.0
 10
296.18801159166867
 20
214.0057800425458
 30
0.0
 10
296.2280115916687
 20
214.15778525087916
 30
0.0
 10
296.116032425002
 20
214.12575400087914
 30
0.0
  0
SPLINE
  5
557
330
17
100
AcDbEntity
  8
ENGRAVE
100
AcDbSpline
 70
0
 71
2
 72
6
 73
3
 74
0
 40
0.0
 40
0.0
 40
0.0
 40
1.0
 40
1.0
 40
1.0
 10
295.876032425002
 20
213.24575400087915
 30
0.0
 10
296.14801159166865
 20
213.8537748342125
 30
0.0
 10
296.18801159166867
 20
214.0057800425458
 30
0.0
  0
SPLINE
  5
558
330
17
100
AcDbEntity
  8
ENGRAVE
100
AcDbSpline
 70
0
 71
2
 72
6
 73
3
 74
0
 40
0.0
 40
0.0
 40
0.0
 40
1.0
 40
1.0
 40
1.0
 10
296.6425369367732
 20
238.31623889091145
 30
0.0
 10
296.37053172843986
 20
238.18824409924477
 30
0.0
 10
296.2265213117732
 20
238.30022326591143
 30
0.0
  0
SPLINE
  5
559
330
17
100
AcDbEntity
  8
ENGRAVE
100
AcDbSpline
 70
0
 71
2
 72
6
 73
3
 74
0
 40
0.0
 40
0.0
 40
0.0
 40
1.0
 40
1.0
 40
1.0
 10
296.700016800002
 20
211.62176962587915
 30
0.0
 10
296.4680115916687
 20
211.38976441754582
 30
0.0
 10
296.23600638333534
 20
211.2777592092125
 30
0.0
  0
SPLINE
  5
55A
330
17
100
AcDbEntity
  8
ENGRAVE
100
AcDbSpline
 70
0
 71
2
 72
6
 73
3
 74
0
 40
0.0
 40
0.0
 40
0.0
 40
1.0
 40
1.0
 40
1.0
 10
296.4825629784399
 20
239.8842336825781
 30
0.0
 10
296.4825629784399
 20
240.02824409924477
 30
0.0
 10
296.2745421451065
 20
240.02824409924477
 30
0.0
  0
SPLINE
  5
55B
330
17
100
AcDbEntity
  8
ENGRAVE
100
AcDbSpline
 70
0
 71
2
 72
6
 73
3
 74
0
 40
0.0
 40
0.0
 40
0.0
 40
1.0
 40
1.0
 40
1.0
 10
295.81053172843986
 20
241.10022326591144
 30
0.0
 10
296.0345421451065
 20
241.14824409924478
 30
0.0
 10
296.3225369367732
 20
241.14824409924478
 30
0.0
  0
SPLINE
  5
55C
330
17
100
AcDbEntity
  8
ENGRAVE
100
AcDbSpline
 70
0
 71
2
 72
6
 73
3
 74
0
 40
0.0
 40
0.0
 40
0.0
 40
1.0
 40
1.0
 40
1.0
 10
295.9225629784399
 20
238.97220243257811
 30
0.0
 10
296.2425629784399
 20
239.27621284924479
 30
0.0
 10
296.3625629784399
 20
239.52420764091144
 30
0.0
  0
SPLINE
  5
55D
330
17
100
AcDbEntity
  8
ENGRAVE
100
AcDbSpline
 70
0
 71
2
 72
6
 73
3
 74
0
 40
0.0
 40
0.0
 40
0.0
 40
1.0
 40
1.0
 40
1.0
 10
296.3625629784399
 20
239.52420764091144
 30
0.0
 10
296.4825629784399
 20
239.7722024325781
 30
0.0
 10
296.4825629784399
 20
239.8842336825781
 30
0.0
  0
SPLINE
  5
55E
330
17
100
AcDbEntity
  8
ENGRAVE
100
AcDbSpline
 70
0
 71
2
 72
6
 73
3
 74
0
 40
0.0
 40
0.0
 40
0.0
 40
1.0
 40
1.0
 40
1.0
 10
297.2185525617732
 20
238.6522024325781
 30
0.0
 10
296.91454214510657
 20
238.4442336825781
 30
0.0
 10
296.6425369367732
 20
238.31623889091145
 30
0.0
  0
SPLINE
  5
55F
330
17
100
AcDbEntity
  8
ENGRAVE
100
AcDbSpline
 70
0
 71
2
 72
6
 73
3
 74
0
 40
0.0
 40
0.0
 40
0.0
 40
1.0
 40
1.0
 40
1.0
 10
297.12400117500204
 20
212.01377483421248
 30
0.0
 10
296.93202200833537
 20
211.8537748342125
 30
0.0
 10
296.700016800002
 20
211.62176962587915
 30
0.0
  0
SPLINE
  5
560
330
17
100
AcDbEntity
  8
ENGRAVE
100
AcDbSpline
 70
0
 71
2
 72
6
 73
3
 74
0
 40
0.0
 40
0.0
 40
0.0
 40
1.0
 40
1.0
 40
1.0
 10
296.3225369367732
 20
241.14824409924478
 30
0.0
 10
296.61053172843987
 20
241.14824409924478
 30
0.0
 10
296.7385525617732
 20
241.06824409924477
 30
0.0
  0
SPLINE
  5
561
330
17
100
AcDbEntity
  8
ENGRAVE
100
AcDbSpline
 70
0
 71
2
 72
6
 73
3
 74
0
 40
0.0
 40
0.0
 40
0.0
 40
1.0
 40
1.0
 40
1.0
 10
295.92402721666866
 20
215.39778525087917
 30
0.0
 10
296.45202200833535
 20
215.75778525087915
 30
0.0
 10
296.77202200833534
 20
215.8537748342125
 30
0.0
  0
SPLINE
  5
562
330
17
100
AcDbEntity
  8
ENGRAVE
100
AcDbSpline
 70
0
 71
2
 72
6
 73
3
 74
0
 40
0.0
 40
0.0
 40
0.0
 40
1.0
 40
1.0
 40
1.0
 10
296.7385525617732
 20
241.06824409924477
 30
0.0
 10
296.8665213117732
 20
241.14824409924478
 30
0.0
 10
297.05852652010657
 20
241.02824409924477
 30
0.0
  0
SPLINE
  5
563
330
17
100
AcDbEntity
  8
ENGRAVE
100
AcDbSpline
 70
0
 71
2
 72
6
 73
3
 74
0
 40
0.0
 40
0.0
 40
0.0
 40
1.0
 40
1.0
 40
1.0
 10
298.39600638333536
 20
213.2377592092125
 30
0.0
 10
297.924001175002
 20
212.8617435842125
 30
0.0
 10
297.12400117500204
 20
212.01377483421248
 30
0.0
  0
SPLINE
  5
564
330
17
100
AcDbEntity
  8
ENGRAVE
100
AcDbSpline
 70
0
 71
2
 72
6
 73
3
 74
0
 40
0.0
 40
0.0
 40
0.0
 40
1.0
 40
1.0
 40
1.0
 10
297.4585525617732
 20
239.02022326591145
 30
0.0
 10
297.4585525617732
 20
238.86022326591143
 30
0.0
 10
297.2185525617732
 20
238.6522024325781
 30
0.0
  0
SPLINE
  5
565
330
17
100
AcDbEntity
  8
ENGRAVE
100
AcDbSpline
 70
0
 71
2
 72
6
 73
3
 74
0
 40
0.0
 40
0.0
 40
0.0
 40
1.0
 40
1.0
 40
1.0
 10
296.77202200833534
 20
215.8537748342125
 30
0.0
 10
297.044001175002
 20
215.80575400087915
 30
0.0
 10
297.27600638333536
 20
215.58176962587916
 30
0.0
  0
SPLINE
  5
566
330
17
100
AcDbEntity
  8
ENGRAVE
100
AcDbSpline
 70
0
 71
2
 72
6
 73
3
 74
0
 40
0.0
 40
0.0
 40
0.0
 40
1.0
 40
1.0
 40
1.0
 10
297.3480115916687
 20
213.8457800425458
 30
0.0
 10
297.29999075833535
 20
213.6937748342125
 30
0.0
 10
297.29999075833535
 20
213.6937748342125
 30
0.0
  0
SPLINE
  5
567
330
17
100
AcDbEntity
  8
ENGRAVE
100
AcDbSpline
 70
0
 71
2
 72
6
 73
3
 74
0
 40
0.0
 40
0.0
 40
0.0
 40
1.0
 40
1.0
 40
1.0
 10
297.4440272166687
 20
214.17377483421248
 30
0.0
 10
297.39603242500203
 20
213.99778525087916
 30
0.0
 10
297.3480115916687
 20
213.8457800425458
 30
0.0
  0
SPLINE
  5
568
330
17
100
AcDbEntity
  8
ENGRAVE
100
AcDbSpline
 70
0
 71
2
 72
6
 73
3
 74
0
 40
0.0
 40
0.0
 40
0.0
 40
1.0
 40
1.0
 40
1.0
 10
297.05852652010657
 20
241.02824409924477
 30
0.0
 10
297.25053172843985
 20
240.90824409924477
 30
0.0
 10
297.4425369367732
 20
240.70022326591143
 30
0.0
  0
SPLINE
  5
569
330
17
100
AcDbEntity
  8
ENGRAVE
100
AcDbSpline
 70
0
 71
2
 72
6
 73
3
 74
0
 40
0.0
 40
0.0
 40
0.0
 40
1.0
 40
1.0
 40
1.0
 10
297.50801159166866
 20
214.4137748342125
 30
0.0
 10
297.49202200833537
 20
214.34976441754583
 30
0.0
 10
297.4440272166687
 20
214.17377483421248
 30
0.0
  0
SPLINE
  5
56A
330
17
100
AcDbEntity
  8
ENGRAVE
100
AcDbSpline
 70
0
 71
2
 72
6
 73
3
 74
0
 40
0.0
 40
0.0
 40
0.0
 40
1.0
 40
1.0
 40
1.0
 10
297.4985525617732
 20
239.1082180575781
 30
0.0
 10
297.4585525617732
 20
239.10022326591144
 30
0.0
 10
297.4585525617732
 20
239.02022326591145
 30
0.0
  0
SPLINE
  5
56B
330
17
100
AcDbEntity
  8
ENGRAVE
100
AcDbSpline
 70
0
 71
2
 72
6
 73
3
 74
0
 40
0.0
 40
0.0
 40
0.0
 40
1.0
 40
1.0
 40
1.0
 10
297.5385525617732
 20
239.11621284924476
 30
0.0
 10
297.5385525617732
 20
239.11621284924476
 30
0.0
 10
297.4985525617732
 20
239.1082180575781
 30
0.0
  0
SPLINE
  5
56C
330
17
100
AcDbEntity
  8
ENGRAVE
100
AcDbSpline
 70
0
 71
2
 72
6
 73
3
 74
0
 40
0.0
 40
0.0
 40
0.0
 40
1.0
 40
1.0
 40
1.0
 10
297.29999075833535
 20
213.6937748342125
 30
0.0
 10
297.29999075833535
 20
213.6937748342125
 30
0.0
 10
297.50801159166866
 20
213.90176962587915
 30
0.0
  0
SPLINE
  5
56D
330
17
100
AcDbEntity
  8
ENGRAVE
100
AcDbSpline
 70
0
 71
2
 72
6
 73
3
 74
0
 40
0.0
 40
0.0
 40
0.0
 40
1.0
 40
1.0
 40
1.0
 10
297.59600638333535
 20
214.76578004254583
 30
0.0
 10
297.53999075833536
 20
214.5737748342125
 30
0.0
 10
297.50801159166866
 20
214.4137748342125
 30
0.0
  0
SPLINE
  5
56E
330
17
100
AcDbEntity
  8
ENGRAVE
100
AcDbSpline
 70
0
 71
2
 72
6
 73
3
 74
0
 40
0.0
 40
0.0
 40
0.0
 40
1.0
 40
1.0
 40
1.0
 10
297.6825369367732
 20
239.32420764091145
 30
0.0
 10
297.6505317284399
 20
239.11621284924476
 30
0.0
 10
297.5385525617732
 20
239.11621284924476
 30
0.0
  0
SPLINE
  5
56F
330
17
100
AcDbEntity
  8
ENGRAVE
100
AcDbSpline
 70
0
 71
2
 72
6
 73
3
 74
0
 40
0.0
 40
0.0
 40
0.0
 40
1.0
 40
1.0
 40
1.0
 10
297.27600638333536
 20
215.58176962587916
 30
0.0
 10
297.50801159166866
 20
215.35778525087915
 30
0.0
 10
297.57202200833535
 20
215.19778525087915
 30
0.0
  0
SPLINE
  5
570
330
17
100
AcDbEntity
  8
ENGRAVE
100
AcDbSpline
 70
0
 71
2
 72
6
 73
3
 74
0
 40
0.0
 40
0.0
 40
0.0
 40
1.0
 40
1.0
 40
1.0
 10
297.57202200833535
 20
215.19778525087915
 30
0.0
 10
297.65202200833534
 20
214.95778525087914
 30
0.0
 10
297.59600638333535
 20
214.76578004254583
 30
0.0
  0
SPLINE
  5
571
330
17
100
AcDbEntity
  8
ENGRAVE
100
AcDbSpline
 70
0
 71
2
 72
6
 73
3
 74
0
 40
0.0
 40
0.0
 40
0.0
 40
1.0
 40
1.0
 40
1.0
 10
297.7225369367732
 20
239.81220243257812
 30
0.0
 10
297.7145421451065
 20
239.53220243257812
 30
0.0
 10
297.6825369367732
 20
239.32420764091145
 30
0.0
  0
SPLINE
  5
572
330
17
100
AcDbEntity
  8
ENGRAVE
100
AcDbSpline
 70
0
 71
2
 72
6
 73
3
 74
0
 40
0.0
 40
0.0
 40
0.0
 40
1.0
 40
1.0
 40
1.0
 10
297.73053172843987
 20
240.2842336825781
 30
0.0
 10
297.73053172843987
 20
240.09220243257812
 30
0.0
 10
297.7225369367732
 20
239.81220243257812
 30
0.0
  0
SPLINE
  5
573
330
17
100
AcDbEntity
  8
ENGRAVE
100
AcDbSpline
 70
0
 71
2
 72
6
 73
3
 74
0
 40
0.0
 40
0.0
 40
0.0
 40
1.0
 40
1.0
 40
1.0
 10
297.4425369367732
 20
240.70022326591143
 30
0.0
 10
297.63454214510654
 20
240.4922024325781
 30
0.0
 10
297.73053172843987
 20
240.2842336825781
 30
0.0
  0
SPLINE
  5
574
330
17
100
AcDbEntity
  8
ENGRAVE
100
AcDbSpline
 70
0
 71
2
 72
6
 73
3
 74
0
 40
0.0
 40
0.0
 40
0.0
 40
1.0
 40
1.0
 40
1.0
 10
298.2185525617732
 20
234.91621284924477
 30
0.0
 10
297.9225629784399
 20
235.27621284924479
 30
0.0
 10
297.9225629784399
 20
235.78824409924476
 30
0.0
  0
SPLINE
  5
575
330
17
100
AcDbEntity
  8
ENGRAVE
100
AcDbSpline
 70
0
 71
2
 72
6
 73
3
 74
0
 40
0.0
 40
0.0
 40
0.0
 40
1.0
 40
1.0
 40
1.0
 10
297.50801159166866
 20
213.90176962587915
 30
0.0
 10
297.716032425002
 20
214.10976441754582
 30
0.0
 10
297.97202200833533
 20
214.26976441754582
 30
0.0
  0
SPLINE
  5
576
330
17
100
AcDbEntity
  8
ENGRAVE
100
AcDbSpline
 70
0
 71
2
 72
6
 73
3
 74
0
 40
0.0
 40
0.0
 40
0.0
 40
1.0
 40
1.0
 40
1.0
 10
297.9225629784399
 20
235.78824409924476
 30
0.0
 10
297.87454214510655
 20
236.26824409924478
 30
0.0
 10
298.0105317284399
 20
236.93222847424477
 30
0.0
  0
SPLINE
  5
577
330
17
100
AcDbEntity
  8
ENGRAVE
100
AcDbSpline
 70
0
 71
2
 72
6
 73
3
 74
0
 40
0.0
 40
0.0
 40
0.0
 40
1.0
 40
1.0
 40
1.0
 10
298.9705317284399
 20
234.39621284924476
 30
0.0
 10
298.5145421451066
 20
234.5562128492448
 30
0.0
 10
298.2185525617732
 20
234.91621284924477
 30
0.0
  0
SPLINE
  5
578
330
17
100
AcDbEntity
  8
ENGRAVE
100
AcDbSpline
 70
0
 71
2
 72
6
 73
3
 74
0
 40
0.0
 40
0.0
 40
0.0
 40
1.0
 40
1.0
 40
1.0
 10
298.996032425002
 20
213.59778525087916
 30
0.0
 10
298.8680115916687
 20
213.61377483421248
 30
0.0
 10
298.39600638333536
 20
213.2377592092125
 30
0.0
  0
SPLINE
  5
579
330
17
100
AcDbEntity
  8
ENGRAVE
100
AcDbSpline
 70
0
 71
2
 72
6
 73
3
 74
0
 40
0.0
 40
0.0
 40
0.0
 40
1.0
 40
1.0
 40
1.0
 10
298.0105317284399
 20
236.93222847424477
 30
0.0
 10
298.14652131177326
 20
237.59621284924478
 30
0.0
 10
298.42652131177323
 20
238.2682180575781
 30
0.0
  0
SPLINE
  5
57A
330
17
100
AcDbEntity
  8
ENGRAVE
100
AcDbSpline
 70
0
 71
2
 72
6
 73
3
 74
0
 40
0.0
 40
0.0
 40
0.0
 40
1.0
 40
1.0
 40
1.0
 10
299.8905317284399
 20
234.31621284924478
 30
0.0
 10
299.42652131177323
 20
234.23621284924477
 30
0.0
 10
298.9705317284399
 20
234.39621284924476
 30
0.0
  0
SPLINE
  5
57B
330
17
100
AcDbEntity
  8
ENGRAVE
100
AcDbSpline
 70
0
 71
2
 72
6
 73
3
 74
0
 40
0.0
 40
0.0
 40
0.0
 40
1.0
 40
1.0
 40
1.0
 10
299.1480115916687
 20
211.78976441754583
 30
0.0
 10
298.964001175002
 20
212.1417435842125
 30
0.0
 10
298.97999075833536
 20
212.7017435842125
 30
0.0
  0
SPLINE
  5
57C
330
17
100
AcDbEntity
  8
ENGRAVE
100
AcDbSpline
 70
0
 71
2
 72
6
 73
3
 74
0
 40
0.0
 40
0.0
 40
0.0
 40
1.0
 40
1.0
 40
1.0
 10
299.05202200833537
 20
213.3817435842125
 30
0.0
 10
299.1080115916687
 20
213.5817435842125
 30
0.0
 10
298.996032425002
 20
213.59778525087916
 30
0.0
  0
SPLINE
  5
57D
330
17
100
AcDbEntity
  8
ENGRAVE
100
AcDbSpline
 70
0
 71
2
 72
6
 73
3
 74
0
 40
0.0
 40
0.0
 40
0.0
 40
1.0
 40
1.0
 40
1.0
 10
298.97999075833536
 20
212.7017435842125
 30
0.0
 10
298.996032425002
 20
213.18174358421248
 30
0.0
 10
299.05202200833537
 20
213.3817435842125
 30
0.0
  0
SPLINE
  5
57E
330
17
100
AcDbEntity
  8
ENGRAVE
100
AcDbSpline
 70
0
 71
2
 72
6
 73
3
 74
0
 40
0.0
 40
0.0
 40
0.0
 40
1.0
 40
1.0
 40
1.0
 10
298.42652131177323
 20
238.2682180575781
 30
0.0
 10
298.70652131177326
 20
238.94022326591144
 30
0.0
 10
299.0745421451066
 20
239.4042336825781
 30
0.0
  0
SPLINE
  5
57F
330
17
100
AcDbEntity
  8
ENGRAVE
100
AcDbSpline
 70
0
 71
2
 72
6
 73
3
 74
0
 40
0.0
 40
0.0
 40
0.0
 40
1.0
 40
1.0
 40
1.0
 10
299.57202200833535
 20
211.26176962587917
 30
0.0
 10
299.33202200833534
 20
211.43778525087916
 30
0.0
 10
299.1480115916687
 20
211.78976441754583
 30
0.0
  0
SPLINE
  5
580
330
17
100
AcDbEntity
  8
ENGRAVE
100
AcDbSpline
 70
0
 71
2
 72
6
 73
3
 74
0
 40
0.0
 40
0.0
 40
0.0
 40
1.0
 40
1.0
 40
1.0
 10
297.97202200833533
 20
214.26976441754582
 30
0.0
 10
298.77202200833534
 20
214.87778525087916
 30
0.0
 10
299.24402721666866
 20
215.04578004254583
 30
0.0
  0
SPLINE
  5
581
330
17
100
AcDbEntity
  8
ENGRAVE
100
AcDbSpline
 70
0
 71
2
 72
6
 73
3
 74
0
 40
0.0
 40
0.0
 40
0.0
 40
1.0
 40
1.0
 40
1.0
 10
299.34652131177324
 20
236.54022326591144
 30
0.0
 10
299.2505317284399
 20
236.1722024325781
 30
0.0
 10
299.32253693677325
 20
235.96420764091144
 30
0.0
  0
SPLINE
  5
582
330
17
100
AcDbEntity
  8
ENGRAVE
100
AcDbSpline
 70
0
 71
2
 72
6
 73
3
 74
0
 40
0.0
 40
0.0
 40
0.0
 40
1.0
 40
1.0
 40
1.0
 10
299.78652131177324
 20
238.01222847424478
 30
0.0
 10
299.58652131177325
 20
237.4842336825781
 30
0.0
 10
299.34652131177324
 20
236.54022326591144
 30
0.0
  0
SPLINE
  5
583
330
17
100
AcDbEntity
  8
ENGRAVE
100
AcDbSpline
 70
0
 71
2
 72
6
 73
3
 74
0
 40
0.0
 40
0.0
 40
0.0
 40
1.0
 40
1.0
 40
1.0
 10
299.32253693677325
 20
235.96420764091144
 30
0.0
 10
299.3945421451066
 20
235.75621284924478
 30
0.0
 10
299.4425629784399
 20
235.74022326591145
 30
0.0
  0
SPLINE
  5
584
330
17
100
AcDbEntity
  8
ENGRAVE
100
AcDbSpline
 70
0
 71
2
 72
6
 73
3
 74
0
 40
0.0
 40
0.0
 40
0.0
 40
1.0
 40
1.0
 40
1.0
 10
299.924001175002
 20
211.05377483421248
 30
0.0
 10
299.81202200833536
 20
211.08575400087915
 30
0.0
 10
299.57202200833535
 20
211.26176962587917
 30
0.0
  0
SPLINE
  5
585
330
17
100
AcDbEntity
  8
ENGRAVE
100
AcDbSpline
 70
0
 71
2
 72
6
 73
3
 74
0
 40
0.0
 40
0.0
 40
0.0
 40
1.0
 40
1.0
 40
1.0
 10
299.0745421451066
 20
239.4042336825781
 30
0.0
 10
299.3945421451066
 20
239.78824409924476
 30
0.0
 10
299.7145421451066
 20
240.10824409924479
 30
0.0
  0
SPLINE
  5
586
330
17
100
AcDbEntity
  8
ENGRAVE
100
AcDbSpline
 70
0
 71
2
 72
6
 73
3
 74
0
 40
0.0
 40
0.0
 40
0.0
 40
1.0
 40
1.0
 40
1.0
 10
300.2425369367732
 20
238.83621284924476
 30
0.0
 10
299.98652131177323
 20
238.54022326591144
 30
0.0
 10
299.78652131177324
 20
238.01222847424478
 30
0.0
  0
SPLINE
  5
587
330
17
100
AcDbEntity
  8
ENGRAVE
100
AcDbSpline
 70
0
 71
2
 72
6
 73
3
 74
0
 40
0.0
 40
0.0
 40
0.0
 40
1.0
 40
1.0
 40
1.0
 10
300.4105317284399
 20
234.49222847424477
 30
0.0
 10
300.11454214510655
 20
234.36423368257812
 30
0.0
 10
299.8905317284399
 20
234.31621284924478
 30
0.0
  0
SPLINE
  5
588
330
17
100
AcDbEntity
  8
ENGRAVE
100
AcDbSpline
 70
0
 71
2
 72
6
 73
3
 74
0
 40
0.0
 40
0.0
 40
0.0
 40
1.0
 40
1.0
 40
1.0
 10
300.460016800002
 20
211.06976441754583
 30
0.0
 10
300.196032425002
 20
211.03778525087915
 30
0.0
 10
299.924001175002
 20
211.05377483421248
 30
0.0
  0
SPLINE
  5
589
330
17
100
AcDbEntity
  8
ENGRAVE
100
AcDbSpline
 70
0
 71
2
 72
6
 73
3
 74
0
 40
0.0
 40
0.0
 40
0.0
 40
1.0
 40
1.0
 40
1.0
 10
299.4425629784399
 20
235.74022326591145
 30
0.0
 10
299.66652131177324
 20
235.67621284924476
 30
0.0
 10
299.9305317284399
 20
235.71621284924478
 30
0.0
  0
SPLINE
  5
58A
330
17
100
AcDbEntity
  8
ENGRAVE
100
AcDbSpline
 70
0
 71
2
 72
6
 73
3
 74
0
 40
0.0
 40
0.0
 40
0.0
 40
1.0
 40
1.0
 40
1.0
 10
299.24402721666866
 20
215.04578004254583
 30
0.0
 10
299.716032425002
 20
215.2137748342125
 30
0.0
 10
300.05202200833537
 20
214.76575400087916
 30
0.0
  0
SPLINE
  5
58B
330
17
100
AcDbEntity
  8
ENGRAVE
100
AcDbSpline
 70
0
 71
2
 72
6
 73
3
 74
0
 40
0.0
 40
0.0
 40
0.0
 40
1.0
 40
1.0
 40
1.0
 10
300.8985525617732
 20
239.35621284924477
 30
0.0
 10
300.49855256177324
 20
239.1322024325781
 30
0.0
 10
300.2425369367732
 20
238.83621284924476
 30
0.0
  0
SPLINE
  5
58C
330
17
100
AcDbEntity
  8
ENGRAVE
100
AcDbSpline
 70
0
 71
2
 72
6
 73
3
 74
0
 40
0.0
 40
0.0
 40
0.0
 40
1.0
 40
1.0
 40
1.0
 10
299.7145421451066
 20
240.10824409924479
 30
0.0
 10
300.03454214510657
 20
240.42824409924478
 30
0.0
 10
300.2905317284399
 20
240.54022326591144
 30
0.0
  0
SPLINE
  5
58D
330
17
100
AcDbEntity
  8
ENGRAVE
100
AcDbSpline
 70
0
 71
2
 72
6
 73
3
 74
0
 40
0.0
 40
0.0
 40
0.0
 40
1.0
 40
1.0
 40
1.0
 10
300.05202200833537
 20
214.76575400087916
 30
0.0
 10
300.244001175002
 20
214.5897644175458
 30
0.0
 10
300.300016800002
 20
214.28575400087917
 30
0.0
  0
SPLINE
  5
58E
330
17
100
AcDbEntity
  8
ENGRAVE
100
AcDbSpline
 70
0
 71
2
 72
6
 73
3
 74
0
 40
0.0
 40
0.0
 40
0.0
 40
1.0
 40
1.0
 40
1.0
 10
300.300016800002
 20
214.28575400087917
 30
0.0
 10
300.356032425002
 20
213.9817435842125
 30
0.0
 10
300.356032425002
 20
213.46976441754583
 30
0.0
  0
SPLINE
  5
58F
330
17
100
AcDbEntity
  8
ENGRAVE
100
AcDbSpline
 70
0
 71
2
 72
6
 73
3
 74
0
 40
0.0
 40
0.0
 40
0.0
 40
1.0
 40
1.0
 40
1.0
 10
299.9305317284399
 20
235.71621284924478
 30
0.0
 10
300.19454214510654
 20
235.75621284924478
 30
0.0
 10
300.3705317284399
 20
235.8522024325781
 30
0.0
  0
SPLINE
  5
590
330
17
100
AcDbEntity
  8
ENGRAVE
100
AcDbSpline
 70
0
 71
2
 72
6
 73
3
 74
0
 40
0.0
 40
0.0
 40
0.0
 40
1.0
 40
1.0
 40
1.0
 10
300.93852652010656
 20
234.7482180575781
 30
0.0
 10
300.70652131177326
 20
234.62022326591145
 30
0.0
 10
300.4105317284399
 20
234.49222847424477
 30
0.0
  0
SPLINE
  5
591
330
17
100
AcDbEntity
  8
ENGRAVE
100
AcDbSpline
 70
0
 71
2
 72
6
 73
3
 74
0
 40
0.0
 40
0.0
 40
0.0
 40
1.0
 40
1.0
 40
1.0
 10
300.356032425002
 20
213.46976441754583
 30
0.0
 10
300.38801159166866
 20
213.1497644175458
 30
0.0
 10
300.4280115916687
 20
212.77377483421247
 30
0.0
  0
SPLINE
  5
592
330
17
100
AcDbEntity
  8
ENGRAVE
100
AcDbSpline
 70
0
 71
2
 72
6
 73
3
 74
0
 40
0.0
 40
0.0
 40
0.0
 40
1.0
 40
1.0
 40
1.0
 10
300.964001175002
 20
211.24575400087915
 30
0.0
 10
300.724001175002
 20
211.1017435842125
 30
0.0
 10
300.460016800002
 20
211.06976441754583
 30
0.0
  0
SPLINE
  5
593
330
17
100
AcDbEntity
  8
ENGRAVE
100
AcDbSpline
 70
0
 71
2
 72
6
 73
3
 74
0
 40
0.0
 40
0.0
 40
0.0
 40
1.0
 40
1.0
 40
1.0
 10
300.4280115916687
 20
212.77377483421247
 30
0.0
 10
300.4680115916687
 20
212.39778525087917
 30
0.0
 10
300.53202200833533
 20
212.31778525087915
 30
0.0
  0
SPLINE
  5
594
330
17
100
AcDbEntity
  8
ENGRAVE
100
AcDbSpline
 70
0
 71
2
 72
6
 73
3
 74
0
 40
0.0
 40
0.0
 40
0.0
 40
1.0
 40
1.0
 40
1.0
 10
300.53202200833533
 20
212.31778525087915
 30
0.0
 10
300.5799907583353
 20
212.2537748342125
 30
0.0
 10
300.70801159166865
 20
212.19775920921248
 30
0.0
  0
SPLINE
  5
595
330
17
100
AcDbEntity
  8
ENGRAVE
100
AcDbSpline
 70
0
 71
2
 72
6
 73
3
 74
0
 40
0.0
 40
0.0
 40
0.0
 40
1.0
 40
1.0
 40
1.0
 10
300.3705317284399
 20
235.8522024325781
 30
0.0
 10
300.6265213117732
 20
235.98022326591143
 30
0.0
 10
300.8265213117732
 20
236.13222847424478
 30
0.0
  0
SPLINE
  5
596
330
17
100
AcDbEntity
  8
ENGRAVE
100
AcDbSpline
 70
0
 71
2
 72
6
 73
3
 74
0
 40
0.0
 40
0.0
 40
0.0
 40
1.0
 40
1.0
 40
1.0
 10
300.2905317284399
 20
240.54022326591144
 30
0.0
 10
300.5145421451066
 20
240.63621284924477
 30
0.0
 10
300.84253693677323
 20
240.69222847424479
 30
0.0
  0
SPLINE
  5
597
330
17
100
AcDbEntity
  8
ENGRAVE
100
AcDbSpline
 70
0
 71
2
 72
6
 73
3
 74
0
 40
0.0
 40
0.0
 40
0.0
 40
1.0
 40
1.0
 40
1.0
 10
301.29855256177325
 20
239.33222847424477
 30
0.0
 10
301.2185525617732
 20
239.4842336825781
 30
0.0
 10
300.8985525617732
 20
239.35621284924477
 30
0.0
  0
SPLINE
  5
598
330
17
100
AcDbEntity
  8
ENGRAVE
100
AcDbSpline
 70
0
 71
2
 72
6
 73
3
 74
0
 40
0.0
 40
0.0
 40
0.0
 40
1.0
 40
1.0
 40
1.0
 10
301.17053172843987
 20
234.90824409924477
 30
0.0
 10
301.17053172843987
 20
234.87621284924478
 30
0.0
 10
300.93852652010656
 20
234.7482180575781
 30
0.0
  0
SPLINE
  5
599
330
17
100
AcDbEntity
  8
ENGRAVE
100
AcDbSpline
 70
0
 71
2
 72
6
 73
3
 74
0
 40
0.0
 40
0.0
 40
0.0
 40
1.0
 40
1.0
 40
1.0
 10
300.70801159166865
 20
212.19775920921248
 30
0.0
 10
300.83603242500203
 20
212.1417435842125
 30
0.0
 10
300.94801159166866
 20
212.10976441754582
 30
0.0
  0
SPLINE
  5
59A
330
17
100
AcDbEntity
  8
ENGRAVE
100
AcDbSpline
 70
0
 71
2
 72
6
 73
3
 74
0
 40
0.0
 40
0.0
 40
0.0
 40
1.0
 40
1.0
 40
1.0
 10
301.1960063833353
 20
211.70176962587917
 30
0.0
 10
301.21999075833537
 20
211.40575400087914
 30
0.0
 10
300.964001175002
 20
211.24575400087915
 30
0.0
  0
SPLINE
  5
59B
330
17
100
AcDbEntity
  8
ENGRAVE
100
AcDbSpline
 70
0
 71
2
 72
6
 73
3
 74
0
 40
0.0
 40
0.0
 40
0.0
 40
1.0
 40
1.0
 40
1.0
 10
301.37855256177323
 20
237.90022326591145
 30
0.0
 10
301.2025629784399
 20
237.9642336825781
 30
0.0
 10
301.1545421451066
 20
238.09220243257812
 30
0.0
  0
SPLINE
  5
59C
330
17
100
AcDbEntity
  8
ENGRAVE
100
AcDbSpline
 70
0
 71
2
 72
6
 73
3
 74
0
 40
0.0
 40
0.0
 40
0.0
 40
1.0
 40
1.0
 40
1.0
 10
301.3305317284399
 20
235.0042336825781
 30
0.0
 10
301.17053172843987
 20
235.0042336825781
 30
0.0
 10
301.17053172843987
 20
234.90824409924477
 30
0.0
  0
SPLINE
  5
59D
330
17
100
AcDbEntity
  8
ENGRAVE
100
AcDbSpline
 70
0
 71
2
 72
6
 73
3
 74
0
 40
0.0
 40
0.0
 40
0.0
 40
1.0
 40
1.0
 40
1.0
 10
300.94801159166866
 20
212.10976441754582
 30
0.0
 10
301.1720220083353
 20
211.99778525087916
 30
0.0
 10
301.1960063833353
 20
211.70176962587917
 30
0.0
  0
SPLINE
  5
59E
330
17
100
AcDbEntity
  8
ENGRAVE
100
AcDbSpline
 70
0
 71
2
 72
6
 73
3
 74
0
 40
0.0
 40
0.0
 40
0.0
 40
1.0
 40
1.0
 40
1.0
 10
300.8265213117732
 20
236.13222847424478
 30
0.0
 10
301.02652131177325
 20
236.2842336825781
 30
0.0
 10
301.2665213117732
 20
236.46022326591145
 30
0.0
  0
SPLINE
  5
59F
330
17
100
AcDbEntity
  8
ENGRAVE
100
AcDbSpline
 70
0
 71
2
 72
6
 73
3
 74
0
 40
0.0
 40
0.0
 40
0.0
 40
1.0
 40
1.0
 40
1.0
 10
301.1545421451066
 20
238.09220243257812
 30
0.0
 10
301.1545421451066
 20
238.1722024325781
 30
0.0
 10
301.2825629784399
 20
238.7322024325781
 30
0.0
  0
SPLINE
  5
5A0
330
17
100
AcDbEntity
  8
ENGRAVE
100
AcDbSpline
 70
0
 71
2
 72
6
 73
3
 74
0
 40
0.0
 40
0.0
 40
0.0
 40
1.0
 40
1.0
 40
1.0
 10
301.2825629784399
 20
238.7322024325781
 30
0.0
 10
301.37855256177323
 20
239.18022326591145
 30
0.0
 10
301.29855256177325
 20
239.33222847424477
 30
0.0
  0
SPLINE
  5
5A1
330
17
100
AcDbEntity
  8
ENGRAVE
100
AcDbSpline
 70
0
 71
2
 72
6
 73
3
 74
0
 40
0.0
 40
0.0
 40
0.0
 40
1.0
 40
1.0
 40
1.0
 10
300.84253693677323
 20
240.69222847424479
 30
0.0
 10
301.17053172843987
 20
240.74824409924477
 30
0.0
 10
301.29855256177325
 20
240.74824409924477
 30
0.0
  0
SPLINE
  5
5A2
330
17
100
AcDbEntity
  8
ENGRAVE
100
AcDbSpline
 70
0
 71
2
 72
6
 73
3
 74
0
 40
0.0
 40
0.0
 40
0.0
 40
1.0
 40
1.0
 40
1.0
 10
301.6585265201066
 20
235.1882180575781
 30
0.0
 10
301.42652131177323
 20
235.0042336825781
 30
0.0
 10
301.3305317284399
 20
235.0042336825781
 30
0.0
  0
SPLINE
  5
5A3
330
17
100
AcDbEntity
  8
ENGRAVE
100
AcDbSpline
 70
0
 71
2
 72
6
 73
3
 74
0
 40
0.0
 40
0.0
 40
0.0
 40
1.0
 40
1.0
 40
1.0
 10
301.7225369367732
 20
237.83621284924476
 30
0.0
 10
301.55454214510655
 20
237.83621284924476
 30
0.0
 10
301.37855256177323
 20
237.90022326591145
 30
0.0
  0
SPLINE
  5
5A4
330
17
100
AcDbEntity
  8
ENGRAVE
100
AcDbSpline
 70
0
 71
2
 72
6
 73
3
 74
0
 40
0.0
 40
0.0
 40
0.0
 40
1.0
 40
1.0
 40
1.0
 10
301.436032425002
 20
211.32575400087916
 30
0.0
 10
301.3800428416687
 20
211.5817435842125
 30
0.0
 10
301.396032425002
 20
211.82976441754582
 30
0.0
  0
SPLINE
  5
5A5
330
17
100
AcDbEntity
  8
ENGRAVE
100
AcDbSpline
 70
0
 71
2
 72
6
 73
3
 74
0
 40
0.0
 40
0.0
 40
0.0
 40
1.0
 40
1.0
 40
1.0
 10
301.2665213117732
 20
236.46022326591145
 30
0.0
 10
301.34652131177324
 20
236.50824409924476
 30
0.0
 10
301.4105317284399
 20
236.64423368257812
 30
0.0
  0
SPLINE
  5
5A6
330
17
100
AcDbEntity
  8
ENGRAVE
100
AcDbSpline
 70
0
 71
2
 72
6
 73
3
 74
0
 40
0.0
 40
0.0
 40
0.0
 40
1.0
 40
1.0
 40
1.0
 10
301.62004284166863
 20
210.94174358421247
 30
0.0
 10
301.4920220083353
 20
211.06976441754583
 30
0.0
 10
301.436032425002
 20
211.32575400087916
 30
0.0
  0
SPLINE
  5
5A7
330
17
100
AcDbEntity
  8
ENGRAVE
100
AcDbSpline
 70
0
 71
2
 72
6
 73
3
 74
0
 40
0.0
 40
0.0
 40
0.0
 40
1.0
 40
1.0
 40
1.0
 10
301.396032425002
 20
211.82976441754582
 30
0.0
 10
301.4120220083353
 20
212.07778525087915
 30
0.0
 10
301.476032425002
 20
212.20575400087915
 30
0.0
  0
SPLINE
  5
5A8
330
17
100
AcDbEntity
  8
ENGRAVE
100
AcDbSpline
 70
0
 71
2
 72
6
 73
3
 74
0
 40
0.0
 40
0.0
 40
0.0
 40
1.0
 40
1.0
 40
1.0
 10
301.476032425002
 20
212.20575400087915
 30
0.0
 10
301.476032425002
 20
212.33377483421248
 30
0.0
 10
301.516032425002
 20
212.4057800425458
 30
0.0
  0
SPLINE
  5
5A9
330
17
100
AcDbEntity
  8
ENGRAVE
100
AcDbSpline
 70
0
 71
2
 72
6
 73
3
 74
0
 40
0.0
 40
0.0
 40
0.0
 40
1.0
 40
1.0
 40
1.0
 10
301.516032425002
 20
212.4057800425458
 30
0.0
 10
301.556032425002
 20
212.47778525087915
 30
0.0
 10
301.54004284166865
 20
212.5417435842125
 30
0.0
  0
SPLINE
  5
5AA
330
17
100
AcDbEntity
  8
ENGRAVE
100
AcDbSpline
 70
0
 71
2
 72
6
 73
3
 74
0
 40
0.0
 40
0.0
 40
0.0
 40
1.0
 40
1.0
 40
1.0
 10
301.54004284166865
 20
212.5417435842125
 30
0.0
 10
301.524001175002
 20
212.60575400087916
 30
0.0
 10
301.57202200833535
 20
212.76575400087916
 30
0.0
  0
SPLINE
  5
5AB
330
17
100
AcDbEntity
  8
ENGRAVE
100
AcDbSpline
 70
0
 71
2
 72
6
 73
3
 74
0
 40
0.0
 40
0.0
 40
0.0
 40
1.0
 40
1.0
 40
1.0
 10
301.4105317284399
 20
236.64423368257812
 30
0.0
 10
301.47454214510657
 20
236.78022326591145
 30
0.0
 10
301.6025629784399
 20
236.8442336825781
 30
0.0
  0
SPLINE
  5
5AC
330
17
100
AcDbEntity
  8
ENGRAVE
100
AcDbSpline
 70
0
 71
2
 72
6
 73
3
 74
0
 40
0.0
 40
0.0
 40
0.0
 40
1.0
 40
1.0
 40
1.0
 10
302.2520220083353
 20
210.74976441754583
 30
0.0
 10
301.89202200833535
 20
210.63778525087915
 30
0.0
 10
301.62004284166863
 20
210.94174358421247
 30
0.0
  0
SPLINE
  5
5AD
330
17
100
AcDbEntity
  8
ENGRAVE
100
AcDbSpline
 70
0
 71
2
 72
6
 73
3
 74
0
 40
0.0
 40
0.0
 40
0.0
 40
1.0
 40
1.0
 40
1.0
 10
302.14654735343987
 20
235.6282180575781
 30
0.0
 10
301.8905317284399
 20
235.3722024325781
 30
0.0
 10
301.6585265201066
 20
235.1882180575781
 30
0.0
  0
SPLINE
  5
5AE
330
17
100
AcDbEntity
  8
ENGRAVE
100
AcDbSpline
 70
0
 71
2
 72
6
 73
3
 74
0
 40
0.0
 40
0.0
 40
0.0
 40
1.0
 40
1.0
 40
1.0
 10
301.57202200833535
 20
212.76575400087916
 30
0.0
 10
301.62004284166863
 20
212.92575400087915
 30
0.0
 10
301.6680115916687
 20
213.06976441754583
 30
0.0
  0
SPLINE
  5
5AF
330
17
100
AcDbEntity
  8
ENGRAVE
100
AcDbSpline
 70
0
 71
2
 72
6
 73
3
 74
0
 40
0.0
 40
0.0
 40
0.0
 40
1.0
 40
1.0
 40
1.0
 10
301.8905317284399
 20
237.91621284924477
 30
0.0
 10
301.8905317284399
 20
237.83621284924476
 30
0.0
 10
301.7225369367732
 20
237.83621284924476
 30
0.0
  0
SPLINE
  5
5B0
330
17
100
AcDbEntity
  8
ENGRAVE
100
AcDbSpline
 70
0
 71
2
 72
6
 73
3
 74
0
 40
0.0
 40
0.0
 40
0.0
 40
1.0
 40
1.0
 40
1.0
 10
301.29855256177325
 20
240.74824409924477
 30
0.0
 10
301.55454214510655
 20
240.6842336825781
 30
0.0
 10
301.8665473534399
 20
240.54022326591144
 30
0.0
  0
SPLINE
  5
5B1
330
17
100
AcDbEntity
  8
ENGRAVE
100
AcDbSpline
 70
0
 71
2
 72
6
 73
3
 74
0
 40
0.0
 40
0.0
 40
0.0
 40
1.0
 40
1.0
 40
1.0
 10
301.9465473534399
 20
238.00420764091143
 30
0.0
 10
301.8905317284399
 20
237.99621284924478
 30
0.0
 10
301.8905317284399
 20
237.91621284924477
 30
0.0
  0
SPLINE
  5
5B2
330
17
100
AcDbEntity
  8
ENGRAVE
100
AcDbSpline
 70
0
 71
2
 72
6
 73
3
 74
0
 40
0.0
 40
0.0
 40
0.0
 40
1.0
 40
1.0
 40
1.0
 10
301.6680115916687
 20
213.06976441754583
 30
0.0
 10
301.78004284166866
 20
213.32575400087916
 30
0.0
 10
301.92402721666866
 20
213.7337487925458
 30
0.0
  0
SPLINE
  5
5B3
330
17
100
AcDbEntity
  8
ENGRAVE
100
AcDbSpline
 70
0
 71
2
 72
6
 73
3
 74
0
 40
0.0
 40
0.0
 40
0.0
 40
1.0
 40
1.0
 40
1.0
 10
301.6025629784399
 20
236.8442336825781
 30
0.0
 10
301.73053172843987
 20
237.03621284924478
 30
0.0
 10
301.9305317284399
 20
237.04420764091145
 30
0.0
  0
SPLINE
  5
5B4
330
17
100
AcDbEntity
  8
ENGRAVE
100
AcDbSpline
 70
0
 71
2
 72
6
 73
3
 74
0
 40
0.0
 40
0.0
 40
0.0
 40
1.0
 40
1.0
 40
1.0
 10
302.0665213117732
 20
238.0122024325781
 30
0.0
 10
302.00256297843987
 20
238.0122024325781
 30
0.0
 10
301.9465473534399
 20
238.00420764091143
 30
0.0
  0
SPLINE
  5
5B5
330
17
100
AcDbEntity
  8
ENGRAVE
100
AcDbSpline
 70
0
 71
2
 72
6
 73
3
 74
0
 40
0.0
 40
0.0
 40
0.0
 40
1.0
 40
1.0
 40
1.0
 10
302.37855256177323
 20
238.30022326591143
 30
0.0
 10
302.19454214510654
 20
238.0122024325781
 30
0.0
 10
302.0665213117732
 20
238.0122024325781
 30
0.0
  0
SPLINE
  5
5B6
330
17
100
AcDbEntity
  8
ENGRAVE
100
AcDbSpline
 70
0
 71
2
 72
6
 73
3
 74
0
 40
0.0
 40
0.0
 40
0.0
 40
1.0
 40
1.0
 40
1.0
 10
302.5705577701066
 20
236.1082180575781
 30
0.0
 10
302.4025629784399
 20
235.8842336825781
 30
0.0
 10
302.14654735343987
 20
235.6282180575781
 30
0.0
  0
SPLINE
  5
5B7
330
17
100
AcDbEntity
  8
ENGRAVE
100
AcDbSpline
 70
0
 71
2
 72
6
 73
3
 74
0
 40
0.0
 40
0.0
 40
0.0
 40
1.0
 40
1.0
 40
1.0
 10
301.8665473534399
 20
240.54022326591144
 30
0.0
 10
302.17855256177324
 20
240.39621284924476
 30
0.0
 10
302.17855256177324
 20
240.2042336825781
 30
0.0
  0
SPLINE
  5
5B8
330
17
100
AcDbEntity
  8
ENGRAVE
100
AcDbSpline
 70
0
 71
2
 72
6
 73
3
 74
0
 40
0.0
 40
0.0
 40
0.0
 40
1.0
 40
1.0
 40
1.0
 10
301.92402721666866
 20
213.7337487925458
 30
0.0
 10
302.06801159166866
 20
214.1417435842125
 30
0.0
 10
302.21202200833534
 20
214.56575400087917
 30
0.0
  0
SPLINE
  5
5B9
330
17
100
AcDbEntity
  8
ENGRAVE
100
AcDbSpline
 70
0
 71
2
 72
6
 73
3
 74
0
 40
0.0
 40
0.0
 40
0.0
 40
1.0
 40
1.0
 40
1.0
 10
302.756032425002
 20
211.51778525087914
 30
0.0
 10
302.6120220083353
 20
210.8617435842125
 30
0.0
 10
302.2520220083353
 20
210.74976441754583
 30
0.0
  0
SPLINE
  5
5BA
330
17
100
AcDbEntity
  8
ENGRAVE
100
AcDbSpline
 70
0
 71
2
 72
6
 73
3
 74
0
 40
0.0
 40
0.0
 40
0.0
 40
1.0
 40
1.0
 40
1.0
 10
301.9305317284399
 20
237.04420764091145
 30
0.0
 10
302.1305317284399
 20
237.0522024325781
 30
0.0
 10
302.3225629784399
 20
237.0522024325781
 30
0.0
  0
SPLINE
  5
5BB
330
17
100
AcDbEntity
  8
ENGRAVE
100
AcDbSpline
 70
0
 71
2
 72
6
 73
3
 74
0
 40
0.0
 40
0.0
 40
0.0
 40
1.0
 40
1.0
 40
1.0
 10
302.6265213117732
 20
238.8922024325781
 30
0.0
 10
302.56256297843987
 20
238.58824409924478
 30
0.0
 10
302.37855256177323
 20
238.30022326591143
 30
0.0
  0
SPLINE
  5
5BC
330
17
100
AcDbEntity
  8
ENGRAVE
100
AcDbSpline
 70
0
 71
2
 72
6
 73
3
 74
0
 40
0.0
 40
0.0
 40
0.0
 40
1.0
 40
1.0
 40
1.0
 10
302.21202200833534
 20
214.56575400087917
 30
0.0
 10
302.356032425002
 20
214.9897644175458
 30
0.0
 10
302.45202200833535
 20
215.30176962587916
 30
0.0
  0
SPLINE
  5
5BD
330
17
100
AcDbEntity
  8
ENGRAVE
100
AcDbSpline
 70
0
 71
2
 72
6
 73
3
 74
0
 40
0.0
 40
0.0
 40
0.0
 40
1.0
 40
1.0
 40
1.0
 10
302.25855256177323
 20
240.1242336825781
 30
0.0
 10
302.35454214510656
 20
240.1242336825781
 30
0.0
 10
302.47454214510657
 20
239.89222847424477
 30
0.0
  0
SPLINE
  5
5BE
330
17
100
AcDbEntity
  8
ENGRAVE
100
AcDbSpline
 70
0
 71
2
 72
6
 73
3
 74
0
 40
0.0
 40
0.0
 40
0.0
 40
1.0
 40
1.0
 40
1.0
 10
302.45202200833535
 20
215.30176962587916
 30
0.0
 10
302.5480115916687
 20
215.61377483421248
 30
0.0
 10
302.564001175002
 20
215.67778525087917
 30
0.0
  0
SPLINE
  5
5BF
330
17
100
AcDbEntity
  8
ENGRAVE
100
AcDbSpline
 70
0
 71
2
 72
6
 73
3
 74
0
 40
0.0
 40
0.0
 40
0.0
 40
1.0
 40
1.0
 40
1.0
 10
302.70652131177326
 20
236.39621284924476
 30
0.0
 10
302.73855256177325
 20
236.3322024325781
 30
0.0
 10
302.5705577701066
 20
236.1082180575781
 30
0.0
  0
SPLINE
  5
5C0
330
17
100
AcDbEntity
  8
ENGRAVE
100
AcDbSpline
 70
0
 71
2
 72
6
 73
3
 74
0
 40
0.0
 40
0.0
 40
0.0
 40
1.0
 40
1.0
 40
1.0
 10
302.3225629784399
 20
237.0522024325781
 30
0.0
 10
302.4505317284399
 20
237.02022326591143
 30
0.0
 10
302.5945421451066
 20
236.89222847424477
 30
0.0
  0
SPLINE
  5
5C1
330
17
100
AcDbEntity
  8
ENGRAVE
100
AcDbSpline
 70
0
 71
2
 72
6
 73
3
 74
0
 40
0.0
 40
0.0
 40
0.0
 40
1.0
 40
1.0
 40
1.0
 10
302.6585525617732
 20
239.36423368257812
 30
0.0
 10
302.7225629784399
 20
239.06824409924477
 30
0.0
 10
302.6265213117732
 20
238.8922024325781
 30
0.0
  0
SPLINE
  5
5C2
330
17
100
AcDbEntity
  8
ENGRAVE
100
AcDbSpline
 70
0
 71
2
 72
6
 73
3
 74
0
 40
0.0
 40
0.0
 40
0.0
 40
1.0
 40
1.0
 40
1.0
 10
302.47454214510657
 20
239.89222847424477
 30
0.0
 10
302.5945421451066
 20
239.66022326591144
 30
0.0
 10
302.6585525617732
 20
239.36423368257812
 30
0.0
  0
SPLINE
  5
5C3
330
17
100
AcDbEntity
  8
ENGRAVE
100
AcDbSpline
 70
0
 71
2
 72
6
 73
3
 74
0
 40
0.0
 40
0.0
 40
0.0
 40
1.0
 40
1.0
 40
1.0
 10
302.7145421451066
 20
236.43621284924478
 30
0.0
 10
302.70652131177326
 20
236.39621284924476
 30
0.0
 10
302.70652131177326
 20
236.39621284924476
 30
0.0
  0
SPLINE
  5
5C4
330
17
100
AcDbEntity
  8
ENGRAVE
100
AcDbSpline
 70
0
 71
2
 72
6
 73
3
 74
0
 40
0.0
 40
0.0
 40
0.0
 40
1.0
 40
1.0
 40
1.0
 10
302.78652131177324
 20
236.47621284924477
 30
0.0
 10
302.7225629784399
 20
236.47621284924477
 30
0.0
 10
302.7145421451066
 20
236.43621284924478
 30
0.0
  0
SPLINE
  5
5C5
330
17
100
AcDbEntity
  8
ENGRAVE
100
AcDbSpline
 70
0
 71
2
 72
6
 73
3
 74
0
 40
0.0
 40
0.0
 40
0.0
 40
1.0
 40
1.0
 40
1.0
 10
302.88402721666864
 20
211.8697644175458
 30
0.0
 10
302.836032425002
 20
211.64575400087915
 30
0.0
 10
302.756032425002
 20
211.51778525087914
 30
0.0
  0
SPLINE
  5
5C6
330
17
100
AcDbEntity
  8
ENGRAVE
100
AcDbSpline
 70
0
 71
2
 72
6
 73
3
 74
0
 40
0.0
 40
0.0
 40
0.0
 40
1.0
 40
1.0
 40
1.0
 10
302.8105577701066
 20
236.64423368257812
 30
0.0
 10
302.8825629784399
 20
236.5242336825781
 30
0.0
 10
302.78652131177324
 20
236.47621284924477
 30
0.0
  0
SPLINE
  5
5C7
330
17
100
AcDbEntity
  8
ENGRAVE
100
AcDbSpline
 70
0
 71
2
 72
6
 73
3
 74
0
 40
0.0
 40
0.0
 40
0.0
 40
1.0
 40
1.0
 40
1.0
 10
302.5945421451066
 20
236.89222847424477
 30
0.0
 10
302.73855256177325
 20
236.7642336825781
 30
0.0
 10
302.8105577701066
 20
236.64423368257812
 30
0.0
  0
SPLINE
  5
5C8
330
17
100
AcDbEntity
  8
ENGRAVE
100
AcDbSpline
 70
0
 71
2
 72
6
 73
3
 74
0
 40
0.0
 40
0.0
 40
0.0
 40
1.0
 40
1.0
 40
1.0
 10
302.564001175002
 20
215.67778525087917
 30
0.0
 10
302.564001175002
 20
215.8697644175458
 30
0.0
 10
302.8200428416687
 20
215.88575400087916
 30
0.0
  0
SPLINE
  5
5C9
330
17
100
AcDbEntity
  8
ENGRAVE
100
AcDbSpline
 70
0
 71
2
 72
6
 73
3
 74
0
 40
0.0
 40
0.0
 40
0.0
 40
1.0
 40
1.0
 40
1.0
 10
302.9640272166687
 20
212.3097644175458
 30
0.0
 10
302.9320220083353
 20
212.0937748342125
 30
0.0
 10
302.88402721666864
 20
211.8697644175458
 30
0.0
  0
SPLINE
  5
5CA
330
17
100
AcDbEntity
  8
ENGRAVE
100
AcDbSpline
 70
0
 71
2
 72
6
 73
3
 74
0
 40
0.0
 40
0.0
 40
0.0
 40
1.0
 40
1.0
 40
1.0
 10
303.02801159166864
 20
212.60575400087916
 30
0.0
 10
302.996032425002
 20
212.52575400087915
 30
0.0
 10
302.9640272166687
 20
212.3097644175458
 30
0.0
  0
SPLINE
  5
5CB
330
17
100
AcDbEntity
  8
ENGRAVE
100
AcDbSpline
 70
0
 71
2
 72
6
 73
3
 74
0
 40
0.0
 40
0.0
 40
0.0
 40
1.0
 40
1.0
 40
1.0
 10
303.020016800002
 20
217.8377592092125
 30
0.0
 10
302.94801159166866
 20
218.12575400087914
 30
0.0
 10
303.01202200833535
 20
218.17377483421248
 30
0.0
  0
SPLINE
  5
5CC
330
17
100
AcDbEntity
  8
ENGRAVE
100
AcDbSpline
 70
0
 71
2
 72
6
 73
3
 74
0
 40
0.0
 40
0.0
 40
0.0
 40
1.0
 40
1.0
 40
1.0
 10
303.34801159166864
 20
217.35778525087915
 30
0.0
 10
303.09202200833533
 20
217.54976441754582
 30
0.0
 10
303.020016800002
 20
217.8377592092125
 30
0.0
  0
SPLINE
  5
5CD
330
17
100
AcDbEntity
  8
ENGRAVE
100
AcDbSpline
 70
0
 71
2
 72
6
 73
3
 74
0
 40
0.0
 40
0.0
 40
0.0
 40
1.0
 40
1.0
 40
1.0
 10
303.180016800002
 20
213.04578004254583
 30
0.0
 10
303.09202200833533
 20
212.8137748342125
 30
0.0
 10
303.02801159166864
 20
212.60575400087916
 30
0.0
  0
SPLINE
  5
5CE
330
17
100
AcDbEntity
  8
ENGRAVE
100
AcDbSpline
 70
0
 71
2
 72
6
 73
3
 74
0
 40
0.0
 40
0.0
 40
0.0
 40
1.0
 40
1.0
 40
1.0
 10
303.33202200833534
 20
213.40575400087914
 30
0.0
 10
303.26801159166865
 20
213.27778525087916
 30
0.0
 10
303.180016800002
 20
213.04578004254583
 30
0.0
  0
SPLINE
  5
5CF
330
17
100
AcDbEntity
  8
ENGRAVE
100
AcDbSpline
 70
0
 71
2
 72
6
 73
3
 74
0
 40
0.0
 40
0.0
 40
0.0
 40
1.0
 40
1.0
 40
1.0
 10
302.8200428416687
 20
215.88575400087916
 30
0.0
 10
303.01202200833535
 20
215.94976441754582
 30
0.0
 10
303.2840272166687
 20
215.72575400087916
 30
0.0
  0
SPLINE
  5
5D0
330
17
100
AcDbEntity
  8
ENGRAVE
100
AcDbSpline
 70
0
 71
2
 72
6
 73
3
 74
0
 40
0.0
 40
0.0
 40
0.0
 40
1.0
 40
1.0
 40
1.0
 10
303.01202200833535
 20
218.17377483421248
 30
0.0
 10
303.1720220083353
 20
218.34976441754583
 30
0.0
 10
303.2920220083353
 20
218.63775920921248
 30
0.0
  0
SPLINE
  5
5D1
330
17
100
AcDbEntity
  8
ENGRAVE
100
AcDbSpline
 70
0
 71
2
 72
6
 73
3
 74
0
 40
0.0
 40
0.0
 40
0.0
 40
1.0
 40
1.0
 40
1.0
 10
303.45202200833535
 20
213.89377483421248
 30
0.0
 10
303.364001175002
 20
213.59778525087916
 30
0.0
 10
303.33202200833534
 20
213.40575400087914
 30
0.0
  0
SPLINE
  5
5D2
330
17
100
AcDbEntity
  8
ENGRAVE
100
AcDbSpline
 70
0
 71
2
 72
6
 73
3
 74
0
 40
0.0
 40
0.0
 40
0.0
 40
1.0
 40
1.0
 40
1.0
 10
303.940016800002
 20
217.2857800425458
 30
0.0
 10
303.57202200833535
 20
217.19778525087915
 30
0.0
 10
303.34801159166864
 20
217.35778525087915
 30
0.0
  0
SPLINE
  5
5D3
330
17
100
AcDbEntity
  8
ENGRAVE
100
AcDbSpline
 70
0
 71
2
 72
6
 73
3
 74
0
 40
0.0
 40
0.0
 40
0.0
 40
1.0
 40
1.0
 40
1.0
 10
303.604001175002
 20
214.31778525087915
 30
0.0
 10
303.54004284166865
 20
214.18976441754583
 30
0.0
 10
303.45202200833535
 20
213.89377483421248
 30
0.0
  0
SPLINE
  5
5D4
330
17
100
AcDbEntity
  8
ENGRAVE
100
AcDbSpline
 70
0
 71
2
 72
6
 73
3
 74
0
 40
0.0
 40
0.0
 40
0.0
 40
1.0
 40
1.0
 40
1.0
 10
303.2920220083353
 20
218.63775920921248
 30
0.0
 10
303.4120220083353
 20
218.92575400087915
 30
0.0
 10
303.556032425002
 20
219.16575400087916
 30
0.0
  0
SPLINE
  5
5D5
330
17
100
AcDbEntity
  8
ENGRAVE
100
AcDbSpline
 70
0
 71
2
 72
6
 73
3
 74
0
 40
0.0
 40
0.0
 40
0.0
 40
1.0
 40
1.0
 40
1.0
 10
303.8120220083353
 20
214.90976441754583
 30
0.0
 10
303.78004284166866
 20
214.7017435842125
 30
0.0
 10
303.604001175002
 20
214.31778525087915
 30
0.0
  0
SPLINE
  5
5D6
330
17
100
AcDbEntity
  8
ENGRAVE
100
AcDbSpline
 70
0
 71
2
 72
6
 73
3
 74
0
 40
0.0
 40
0.0
 40
0.0
 40
1.0
 40
1.0
 40
1.0
 10
303.556032425002
 20
219.16575400087916
 30
0.0
 10
303.58801159166865
 20
219.2137748342125
 30
0.0
 10
303.6440272166687
 20
219.30176962587916
 30
0.0
  0
SPLINE
  5
5D7
330
17
100
AcDbEntity
  8
ENGRAVE
100
AcDbSpline
 70
0
 71
2
 72
6
 73
3
 74
0
 40
0.0
 40
0.0
 40
0.0
 40
1.0
 40
1.0
 40
1.0
 10
303.7705577701065
 20
235.10022326591144
 30
0.0
 10
303.60256297843983
 20
235.27621284924479
 30
0.0
 10
303.65053172843983
 20
235.59621284924478
 30
0.0
  0
SPLINE
  5
5D8
330
17
100
AcDbEntity
  8
ENGRAVE
100
AcDbSpline
 70
0
 71
2
 72
6
 73
3
 74
0
 40
0.0
 40
0.0
 40
0.0
 40
1.0
 40
1.0
 40
1.0
 10
303.2840272166687
 20
215.72575400087916
 30
0.0
 10
303.556032425002
 20
215.50174358421248
 30
0.0
 10
303.71603242500197
 20
215.24575400087915
 30
0.0
  0
SPLINE
  5
5D9
330
17
100
AcDbEntity
  8
ENGRAVE
100
AcDbSpline
 70
0
 71
2
 72
6
 73
3
 74
0
 40
0.0
 40
0.0
 40
0.0
 40
1.0
 40
1.0
 40
1.0
 10
303.6440272166687
 20
219.30176962587916
 30
0.0
 10
303.7000428416687
 20
219.38976441754582
 30
0.0
 10
303.764001175002
 20
219.40575400087914
 30
0.0
  0
SPLINE
  5
5DA
330
17
100
AcDbEntity
  8
ENGRAVE
100
AcDbSpline
 70
0
 71
2
 72
6
 73
3
 74
0
 40
0.0
 40
0.0
 40
0.0
 40
1.0
 40
1.0
 40
1.0
 10
304.08256297843985
 20
234.81220243257812
 30
0.0
 10
303.9385525617732
 20
234.92423368257812
 30
0.0
 10
303.7705577701065
 20
235.10022326591144
 30
0.0
  0
SPLINE
  5
5DB
330
17
100
AcDbEntity
  8
ENGRAVE
100
AcDbSpline
 70
0
 71
2
 72
6
 73
3
 74
0
 40
0.0
 40
0.0
 40
0.0
 40
1.0
 40
1.0
 40
1.0
 10
303.65053172843983
 20
235.59621284924478
 30
0.0
 10
303.69855256177317
 20
236.0442336825781
 30
0.0
 10
303.7785525617732
 20
236.38821805757811
 30
0.0
  0
SPLINE
  5
5DC
330
17
100
AcDbEntity
  8
ENGRAVE
100
AcDbSpline
 70
0
 71
2
 72
6
 73
3
 74
0
 40
0.0
 40
0.0
 40
0.0
 40
1.0
 40
1.0
 40
1.0
 10
303.71603242500197
 20
215.24575400087915
 30
0.0
 10
303.844001175002
 20
215.11778525087917
 30
0.0
 10
303.8120220083353
 20
214.90976441754583
 30
0.0
  0
SPLINE
  5
5DD
330
17
100
AcDbEntity
  8
ENGRAVE
100
AcDbSpline
 70
0
 71
2
 72
6
 73
3
 74
0
 40
0.0
 40
0.0
 40
0.0
 40
1.0
 40
1.0
 40
1.0
 10
304.5480115916687
 20
217.6937748342125
 30
0.0
 10
304.3080115916687
 20
217.3737748342125
 30
0.0
 10
303.940016800002
 20
217.2857800425458
 30
0.0
  0
SPLINE
  5
5DE
330
17
100
AcDbEntity
  8
ENGRAVE
100
AcDbSpline
 70
0
 71
2
 72
6
 73
3
 74
0
 40
0.0
 40
0.0
 40
0.0
 40
1.0
 40
1.0
 40
1.0
 10
303.7785525617732
 20
236.38821805757811
 30
0.0
 10
303.8585525617732
 20
236.7322024325781
 30
0.0
 10
303.9705317284399
 20
237.18022326591145
 30
0.0
  0
SPLINE
  5
5DF
330
17
100
AcDbEntity
  8
ENGRAVE
100
AcDbSpline
 70
0
 71
2
 72
6
 73
3
 74
0
 40
0.0
 40
0.0
 40
0.0
 40
1.0
 40
1.0
 40
1.0
 10
304.52256297843985
 20
234.62022326591145
 30
0.0
 10
304.3385525617732
 20
234.5562128492448
 30
0.0
 10
304.08256297843985
 20
234.81220243257812
 30
0.0
  0
SPLINE
  5
5E0
330
17
100
AcDbEntity
  8
ENGRAVE
100
AcDbSpline
 70
0
 71
2
 72
6
 73
3
 74
0
 40
0.0
 40
0.0
 40
0.0
 40
1.0
 40
1.0
 40
1.0
 10
303.9705317284399
 20
237.18022326591145
 30
0.0
 10
304.00256297843987
 20
237.3722024325781
 30
0.0
 10
304.13855256177317
 20
237.83621284924476
 30
0.0
  0
SPLINE
  5
5E1
330
17
100
AcDbEntity
  8
ENGRAVE
100
AcDbSpline
 70
0
 71
2
 72
6
 73
3
 74
0
 40
0.0
 40
0.0
 40
0.0
 40
1.0
 40
1.0
 40
1.0
 10
303.764001175002
 20
219.40575400087914
 30
0.0
 10
303.956032425002
 20
219.5337748342125
 30
0.0
 10
304.30001680000197
 20
219.38976441754582
 30
0.0
  0
SPLINE
  5
5E2
330
17
100
AcDbEntity
  8
ENGRAVE
100
AcDbSpline
 70
0
 71
2
 72
6
 73
3
 74
0
 40
0.0
 40
0.0
 40
0.0
 40
1.0
 40
1.0
 40
1.0
 10
304.13855256177317
 20
237.83621284924476
 30
0.0
 10
304.2745421451065
 20
238.30022326591143
 30
0.0
 10
304.46654735343986
 20
238.8442336825781
 30
0.0
  0
SPLINE
  5
5E3
330
17
100
AcDbEntity
  8
ENGRAVE
100
AcDbSpline
 70
0
 71
2
 72
6
 73
3
 74
0
 40
0.0
 40
0.0
 40
0.0
 40
1.0
 40
1.0
 40
1.0
 10
304.83603242500203
 20
210.66176962587915
 30
0.0
 10
304.596032425002
 20
210.90976441754583
 30
0.0
 10
304.500016800002
 20
211.38976441754582
 30
0.0
  0
SPLINE
  5
5E4
330
17
100
AcDbEntity
  8
ENGRAVE
100
AcDbSpline
 70
0
 71
2
 72
6
 73
3
 74
0
 40
0.0
 40
0.0
 40
0.0
 40
1.0
 40
1.0
 40
1.0
 10
304.8985525617732
 20
234.94022326591144
 30
0.0
 10
304.70657339510655
 20
234.6842336825781
 30
0.0
 10
304.52256297843985
 20
234.62022326591145
 30
0.0
  0
SPLINE
  5
5E5
330
17
100
AcDbEntity
  8
ENGRAVE
100
AcDbSpline
 70
0
 71
2
 72
6
 73
3
 74
0
 40
0.0
 40
0.0
 40
0.0
 40
1.0
 40
1.0
 40
1.0
 10
304.500016800002
 20
211.38976441754582
 30
0.0
 10
304.404001175002
 20
211.8697644175458
 30
0.0
 10
304.53202200833533
 20
212.46174358421248
 30
0.0
  0
SPLINE
  5
5E6
330
17
100
AcDbEntity
  8
ENGRAVE
100
AcDbSpline
 70
0
 71
2
 72
6
 73
3
 74
0
 40
0.0
 40
0.0
 40
0.0
 40
1.0
 40
1.0
 40
1.0
 10
304.804001175002
 20
218.9897644175458
 30
0.0
 10
305.09202200833533
 20
218.34976441754583
 30
0.0
 10
304.5480115916687
 20
217.6937748342125
 30
0.0
  0
SPLINE
  5
5E7
330
17
100
AcDbEntity
  8
ENGRAVE
100
AcDbSpline
 70
0
 71
2
 72
6
 73
3
 74
0
 40
0.0
 40
0.0
 40
0.0
 40
1.0
 40
1.0
 40
1.0
 10
304.53202200833533
 20
212.46174358421248
 30
0.0
 10
304.6120220083354
 20
212.6537748342125
 30
0.0
 10
304.66001680000204
 20
212.8377592092125
 30
0.0
  0
SPLINE
  5
5E8
330
17
100
AcDbEntity
  8
ENGRAVE
100
AcDbSpline
 70
0
 71
2
 72
6
 73
3
 74
0
 40
0.0
 40
0.0
 40
0.0
 40
1.0
 40
1.0
 40
1.0
 10
304.66001680000204
 20
212.8377592092125
 30
0.0
 10
304.7080115916687
 20
213.0217435842125
 30
0.0
 10
304.7080115916687
 20
213.1337748342125
 30
0.0
  0
SPLINE
  5
5E9
330
17
100
AcDbEntity
  8
ENGRAVE
100
AcDbSpline
 70
0
 71
2
 72
6
 73
3
 74
0
 40
0.0
 40
0.0
 40
0.0
 40
1.0
 40
1.0
 40
1.0
 10
304.30001680000197
 20
219.38976441754582
 30
0.0
 10
304.644001175002
 20
219.24575400087915
 30
0.0
 10
304.804001175002
 20
218.9897644175458
 30
0.0
  0
SPLINE
  5
5EA
330
17
100
AcDbEntity
  8
ENGRAVE
100
AcDbSpline
 70
0
 71
2
 72
6
 73
3
 74
0
 40
0.0
 40
0.0
 40
0.0
 40
1.0
 40
1.0
 40
1.0
 10
304.7080115916687
 20
213.1337748342125
 30
0.0
 10
304.73999075833535
 20
213.29377483421248
 30
0.0
 10
304.83600638333536
 20
213.60578004254583
 30
0.0
  0
SPLINE
  5
5EB
330
17
100
AcDbEntity
  8
ENGRAVE
100
AcDbSpline
 70
0
 71
2
 72
6
 73
3
 74
0
 40
0.0
 40
0.0
 40
0.0
 40
1.0
 40
1.0
 40
1.0
 10
305.37999075833534
 20
210.49377483421247
 30
0.0
 10
305.07603242500204
 20
210.4137748342125
 30
0.0
 10
304.83603242500203
 20
210.66176962587915
 30
0.0
  0
SPLINE
  5
5EC
330
17
100
AcDbEntity
  8
ENGRAVE
100
AcDbSpline
 70
0
 71
2
 72
6
 73
3
 74
0
 40
0.0
 40
0.0
 40
0.0
 40
1.0
 40
1.0
 40
1.0
 10
304.46654735343986
 20
238.8442336825781
 30
0.0
 10
304.6585525617732
 20
239.3882440992448
 30
0.0
 10
304.86654735343984
 20
239.87623889091145
 30
0.0
  0
SPLINE
  5
5ED
330
17
100
AcDbEntity
  8
ENGRAVE
100
AcDbSpline
 70
0
 71
2
 72
6
 73
3
 74
0
 40
0.0
 40
0.0
 40
0.0
 40
1.0
 40
1.0
 40
1.0
 10
305.0585525617732
 20
235.23623889091144
 30
0.0
 10
305.01053172843984
 20
235.08423368257812
 30
0.0
 10
304.8985525617732
 20
234.94022326591144
 30
0.0
  0
SPLINE
  5
5EE
330
17
100
AcDbEntity
  8
ENGRAVE
100
AcDbSpline
 70
0
 71
2
 72
6
 73
3
 74
0
 40
0.0
 40
0.0
 40
0.0
 40
1.0
 40
1.0
 40
1.0
 10
304.83600638333536
 20
213.60578004254583
 30
0.0
 10
304.93202200833537
 20
213.91778525087915
 30
0.0
 10
305.04402721666867
 20
214.2537748342125
 30
0.0
  0
SPLINE
  5
5EF
330
17
100
AcDbEntity
  8
ENGRAVE
100
AcDbSpline
 70
0
 71
2
 72
6
 73
3
 74
0
 40
0.0
 40
0.0
 40
0.0
 40
1.0
 40
1.0
 40
1.0
 10
305.1065733951065
 20
235.3882440992448
 30
0.0
 10
305.1065733951065
 20
235.3882440992448
 30
0.0
 10
305.0585525617732
 20
235.23623889091144
 30
0.0
  0
SPLINE
  5
5F0
330
17
100
AcDbEntity
  8
ENGRAVE
100
AcDbSpline
 70
0
 71
2
 72
6
 73
3
 74
0
 40
0.0
 40
0.0
 40
0.0
 40
1.0
 40
1.0
 40
1.0
 10
305.16256297843984
 20
235.68420764091144
 30
0.0
 10
305.1065733951065
 20
235.43621284924478
 30
0.0
 10
305.1065733951065
 20
235.3882440992448
 30
0.0
  0
SPLINE
  5
5F1
330
17
100
AcDbEntity
  8
ENGRAVE
100
AcDbSpline
 70
0
 71
2
 72
6
 73
3
 74
0
 40
0.0
 40
0.0
 40
0.0
 40
1.0
 40
1.0
 40
1.0
 10
305.2985525617732
 20
236.20420764091145
 30
0.0
 10
305.2185525617732
 20
235.9322024325781
 30
0.0
 10
305.16256297843984
 20
235.68420764091144
 30
0.0
  0
SPLINE
  5
5F2
330
17
100
AcDbEntity
  8
ENGRAVE
100
AcDbSpline
 70
0
 71
2
 72
6
 73
3
 74
0
 40
0.0
 40
0.0
 40
0.0
 40
1.0
 40
1.0
 40
1.0
 10
304.86654735343984
 20
239.87623889091145
 30
0.0
 10
305.07454214510653
 20
240.36423368257812
 30
0.0
 10
305.2345421451065
 20
240.6042336825781
 30
0.0
  0
SPLINE
  5
5F3
330
17
100
AcDbEntity
  8
ENGRAVE
100
AcDbSpline
 70
0
 71
2
 72
6
 73
3
 74
0
 40
0.0
 40
0.0
 40
0.0
 40
1.0
 40
1.0
 40
1.0
 10
305.04402721666867
 20
214.2537748342125
 30
0.0
 10
305.156032425002
 20
214.5897644175458
 30
0.0
 10
305.260016800002
 20
214.8537748342125
 30
0.0
  0
SPLINE
  5
5F4
330
17
100
AcDbEntity
  8
ENGRAVE
100
AcDbSpline
 70
0
 71
2
 72
6
 73
3
 74
0
 40
0.0
 40
0.0
 40
0.0
 40
1.0
 40
1.0
 40
1.0
 10
305.45855256177316
 20
236.5562128492448
 30
0.0
 10
305.3785525617732
 20
236.47621284924477
 30
0.0
 10
305.2985525617732
 20
236.20420764091145
 30
0.0
  0
SPLINE
  5
5F5
330
17
100
AcDbEntity
  8
ENGRAVE
100
AcDbSpline
 70
0
 71
2
 72
6
 73
3
 74
0
 40
0.0
 40
0.0
 40
0.0
 40
1.0
 40
1.0
 40
1.0
 10
305.62801159166867
 20
210.76578004254583
 30
0.0
 10
305.50801159166866
 20
210.55778525087916
 30
0.0
 10
305.37999075833534
 20
210.49377483421247
 30
0.0
  0
SPLINE
  5
5F6
330
17
100
AcDbEntity
  8
ENGRAVE
100
AcDbSpline
 70
0
 71
2
 72
6
 73
3
 74
0
 40
0.0
 40
0.0
 40
0.0
 40
1.0
 40
1.0
 40
1.0
 10
305.260016800002
 20
214.8537748342125
 30
0.0
 10
305.36400117500204
 20
215.11778525087917
 30
0.0
 10
305.39603242500203
 20
215.18174358421248
 30
0.0
  0
SPLINE
  5
5F7
330
17
100
AcDbEntity
  8
ENGRAVE
100
AcDbSpline
 70
0
 71
2
 72
6
 73
3
 74
0
 40
0.0
 40
0.0
 40
0.0
 40
1.0
 40
1.0
 40
1.0
 10
305.7145681867732
 20
236.87623889091145
 30
0.0
 10
305.58657339510654
 20
236.7642336825781
 30
0.0
 10
305.45855256177316
 20
236.5562128492448
 30
0.0
  0
SPLINE
  5
5F8
330
17
100
AcDbEntity
  8
ENGRAVE
100
AcDbSpline
 70
0
 71
2
 72
6
 73
3
 74
0
 40
0.0
 40
0.0
 40
0.0
 40
1.0
 40
1.0
 40
1.0
 10
305.39603242500203
 20
215.18174358421248
 30
0.0
 10
305.4599907583354
 20
215.18174358421248
 30
0.0
 10
305.50801159166866
 20
215.2937487925458
 30
0.0
  0
SPLINE
  5
5F9
330
17
100
AcDbEntity
  8
ENGRAVE
100
AcDbSpline
 70
0
 71
2
 72
6
 73
3
 74
0
 40
0.0
 40
0.0
 40
0.0
 40
1.0
 40
1.0
 40
1.0
 10
305.69053172843985
 20
238.61222847424477
 30
0.0
 10
305.57053172843985
 20
238.39621284924476
 30
0.0
 10
305.5225369367732
 20
238.26022326591143
 30
0.0
  0
SPLINE
  5
5FA
330
17
100
AcDbEntity
  8
ENGRAVE
100
AcDbSpline
 70
0
 71
2
 72
6
 73
3
 74
0
 40
0.0
 40
0.0
 40
0.0
 40
1.0
 40
1.0
 40
1.0
 10
305.5225369367732
 20
238.26022326591143
 30
0.0
 10
305.4745421451065
 20
238.1242336825781
 30
0.0
 10
305.5545421451065
 20
238.14022326591143
 30
0.0
  0
SPLINE
  5
5FB
330
17
100
AcDbEntity
  8
ENGRAVE
100
AcDbSpline
 70
0
 71
2
 72
6
 73
3
 74
0
 40
0.0
 40
0.0
 40
0.0
 40
1.0
 40
1.0
 40
1.0
 10
305.50801159166866
 20
215.2937487925458
 30
0.0
 10
305.556032425002
 20
215.40575400087914
 30
0.0
 10
305.556032425002
 20
215.51778525087914
 30
0.0
  0
SPLINE
  5
5FC
330
17
100
AcDbEntity
  8
ENGRAVE
100
AcDbSpline
 70
0
 71
2
 72
6
 73
3
 74
0
 40
0.0
 40
0.0
 40
0.0
 40
1.0
 40
1.0
 40
1.0
 10
305.556032425002
 20
215.51778525087914
 30
0.0
 10
305.556032425002
 20
215.64575400087915
 30
0.0
 10
305.6120220083354
 20
215.80575400087915
 30
0.0
  0
SPLINE
  5
5FD
330
17
100
AcDbEntity
  8
ENGRAVE
100
AcDbSpline
 70
0
 71
2
 72
6
 73
3
 74
0
 40
0.0
 40
0.0
 40
0.0
 40
1.0
 40
1.0
 40
1.0
 10
305.74801159166867
 20
211.35778525087915
 30
0.0
 10
305.74801159166867
 20
210.9737748342125
 30
0.0
 10
305.62801159166867
 20
210.76578004254583
 30
0.0
  0
SPLINE
  5
5FE
330
17
100
AcDbEntity
  8
ENGRAVE
100
AcDbSpline
 70
0
 71
2
 72
6
 73
3
 74
0
 40
0.0
 40
0.0
 40
0.0
 40
1.0
 40
1.0
 40
1.0
 10
305.89053172843984
 20
239.02022326591145
 30
0.0
 10
305.81053172843986
 20
238.82824409924478
 30
0.0
 10
305.69053172843985
 20
238.61222847424477
 30
0.0
  0
SPLINE
  5
5FF
330
17
100
AcDbEntity
  8
ENGRAVE
100
AcDbSpline
 70
0
 71
2
 72
6
 73
3
 74
0
 40
0.0
 40
0.0
 40
0.0
 40
1.0
 40
1.0
 40
1.0
 10
305.95454214510653
 20
237.11621284924476
 30
0.0
 10
305.84256297843984
 20
236.98824409924478
 30
0.0
 10
305.7145681867732
 20
236.87623889091145
 30
0.0
  0
SPLINE
  5
600
330
17
100
AcDbEntity
  8
ENGRAVE
100
AcDbSpline
 70
0
 71
2
 72
6
 73
3
 74
0
 40
0.0
 40
0.0
 40
0.0
 40
1.0
 40
1.0
 40
1.0
 10
305.6120220083354
 20
215.80575400087915
 30
0.0
 10
305.6680115916687
 20
215.96575400087914
 30
0.0
 10
305.7320220083354
 20
216.02976441754583
 30
0.0
  0
SPLINE
  5
601
330
17
100
AcDbEntity
  8
ENGRAVE
100
AcDbSpline
 70
0
 71
2
 72
6
 73
3
 74
0
 40
0.0
 40
0.0
 40
0.0
 40
1.0
 40
1.0
 40
1.0
 10
305.964001175002
 20
212.54176962587914
 30
0.0
 10
305.74801159166867
 20
211.80575400087915
 30
0.0
 10
305.74801159166867
 20
211.35778525087915
 30
0.0
  0
SPLINE
  5
602
330
17
100
AcDbEntity
  8
ENGRAVE
100
AcDbSpline
 70
0
 71
2
 72
6
 73
3
 74
0
 40
0.0
 40
0.0
 40
0.0
 40
1.0
 40
1.0
 40
1.0
 10
305.2345421451065
 20
240.6042336825781
 30
0.0
 10
305.4105317284399
 20
240.7642336825781
 30
0.0
 10
305.75454214510654
 20
240.7642336825781
 30
0.0
  0
SPLINE
  5
603
330
17
100
AcDbEntity
  8
ENGRAVE
100
AcDbSpline
 70
0
 71
2
 72
6
 73
3
 74
0
 40
0.0
 40
0.0
 40
0.0
 40
1.0
 40
1.0
 40
1.0
 10
305.7320220083354
 20
216.02976441754583
 30
0.0
 10
305.7320220083354
 20
216.10976441754582
 30
0.0
 10
305.77202200833534
 20
216.2137748342125
 30
0.0
  0
SPLINE
  5
604
330
17
100
AcDbEntity
  8
ENGRAVE
100
AcDbSpline
 70
0
 71
2
 72
6
 73
3
 74
0
 40
0.0
 40
0.0
 40
0.0
 40
1.0
 40
1.0
 40
1.0
 10
305.77202200833534
 20
216.2137748342125
 30
0.0
 10
305.81202200833536
 20
216.31778525087915
 30
0.0
 10
305.81202200833536
 20
216.3817435842125
 30
0.0
  0
SPLINE
  5
605
330
17
100
AcDbEntity
  8
ENGRAVE
100
AcDbSpline
 70
0
 71
2
 72
6
 73
3
 74
0
 40
0.0
 40
0.0
 40
0.0
 40
1.0
 40
1.0
 40
1.0
 10
305.81202200833536
 20
216.3817435842125
 30
0.0
 10
305.81202200833536
 20
216.44575400087916
 30
0.0
 10
305.8520220083353
 20
216.50976441754582
 30
0.0
  0
SPLINE
  5
606
330
17
100
AcDbEntity
  8
ENGRAVE
100
AcDbSpline
 70
0
 71
2
 72
6
 73
3
 74
0
 40
0.0
 40
0.0
 40
0.0
 40
1.0
 40
1.0
 40
1.0
 10
306.3385525617732
 20
240.1322024325781
 30
0.0
 10
306.2745421451065
 20
239.7722024325781
 30
0.0
 10
305.89053172843984
 20
239.02022326591145
 30
0.0
  0
SPLINE
  5
607
330
17
100
AcDbEntity
  8
ENGRAVE
100
AcDbSpline
 70
0
 71
2
 72
6
 73
3
 74
0
 40
0.0
 40
0.0
 40
0.0
 40
1.0
 40
1.0
 40
1.0
 10
305.8520220083353
 20
216.50976441754582
 30
0.0
 10
305.89202200833535
 20
216.5737748342125
 30
0.0
 10
305.89202200833535
 20
216.63778525087915
 30
0.0
  0
SPLINE
  5
608
330
17
100
AcDbEntity
  8
ENGRAVE
100
AcDbSpline
 70
0
 71
2
 72
6
 73
3
 74
0
 40
0.0
 40
0.0
 40
0.0
 40
1.0
 40
1.0
 40
1.0
 10
305.5545421451065
 20
238.14022326591143
 30
0.0
 10
305.65053172843983
 20
238.31621284924478
 30
0.0
 10
305.90654735343986
 20
238.5482180575781
 30
0.0
  0
SPLINE
  5
609
330
17
100
AcDbEntity
  8
ENGRAVE
100
AcDbSpline
 70
0
 71
2
 72
6
 73
3
 74
0
 40
0.0
 40
0.0
 40
0.0
 40
1.0
 40
1.0
 40
1.0
 10
306.9545681867732
 20
237.94821805757812
 30
0.0
 10
306.46657339510654
 20
237.67621284924476
 30
0.0
 10
305.95454214510653
 20
237.11621284924476
 30
0.0
  0
SPLINE
  5
60A
330
17
100
AcDbEntity
  8
ENGRAVE
100
AcDbSpline
 70
0
 71
2
 72
6
 73
3
 74
0
 40
0.0
 40
0.0
 40
0.0
 40
1.0
 40
1.0
 40
1.0
 10
306.436032425002
 20
214.15778525087916
 30
0.0
 10
306.17999075833535
 20
213.27778525087916
 30
0.0
 10
305.964001175002
 20
212.54176962587914
 30
0.0
  0
SPLINE
  5
60B
330
17
100
AcDbEntity
  8
ENGRAVE
100
AcDbSpline
 70
0
 71
2
 72
6
 73
3
 74
0
 40
0.0
 40
0.0
 40
0.0
 40
1.0
 40
1.0
 40
1.0
 10
305.89202200833535
 20
216.63778525087915
 30
0.0
 10
306.00400117500203
 20
216.84575400087917
 30
0.0
 10
306.18801159166867
 20
217.30176962587916
 30
0.0
  0
SPLINE
  5
60C
330
17
100
AcDbEntity
  8
ENGRAVE
100
AcDbSpline
 70
0
 71
2
 72
6
 73
3
 74
0
 40
0.0
 40
0.0
 40
0.0
 40
1.0
 40
1.0
 40
1.0
 10
305.75454214510654
 20
240.7642336825781
 30
0.0
 10
306.0985525617732
 20
240.7642336825781
 30
0.0
 10
306.2265733951065
 20
240.63621284924477
 30
0.0
  0
SPLINE
  5
60D
330
17
100
AcDbEntity
  8
ENGRAVE
100
AcDbSpline
 70
0
 71
2
 72
6
 73
3
 74
0
 40
0.0
 40
0.0
 40
0.0
 40
1.0
 40
1.0
 40
1.0
 10
306.2265733951065
 20
240.63621284924477
 30
0.0
 10
306.40256297843985
 20
240.4922024325781
 30
0.0
 10
306.3385525617732
 20
240.1322024325781
 30
0.0
  0
SPLINE
  5
60E
330
17
100
AcDbEntity
  8
ENGRAVE
100
AcDbSpline
 70
0
 71
2
 72
6
 73
3
 74
0
 40
0.0
 40
0.0
 40
0.0
 40
1.0
 40
1.0
 40
1.0
 10
306.69202200833536
 20
215.00575400087916
 30
0.0
 10
306.69202200833536
 20
214.84575400087917
 30
0.0
 10
306.436032425002
 20
214.15778525087916
 30
0.0
  0
SPLINE
  5
60F
330
17
100
AcDbEntity
  8
ENGRAVE
100
AcDbSpline
 70
0
 71
2
 72
6
 73
3
 74
0
 40
0.0
 40
0.0
 40
0.0
 40
1.0
 40
1.0
 40
1.0
 10
305.90654735343986
 20
238.5482180575781
 30
0.0
 10
306.16256297843984
 20
238.78022326591145
 30
0.0
 10
306.4505577701065
 20
239.0042336825781
 30
0.0
  0
SPLINE
  5
610
330
17
100
AcDbEntity
  8
ENGRAVE
100
AcDbSpline
 70
0
 71
2
 72
6
 73
3
 74
0
 40
0.0
 40
0.0
 40
0.0
 40
1.0
 40
1.0
 40
1.0
 10
306.18801159166867
 20
217.30176962587916
 30
0.0
 10
306.37202200833536
 20
217.75778525087915
 30
0.0
 10
306.5880115916687
 20
218.31778525087915
 30
0.0
  0
SPLINE
  5
611
330
17
100
AcDbEntity
  8
ENGRAVE
100
AcDbSpline
 70
0
 71
2
 72
6
 73
3
 74
0
 40
0.0
 40
0.0
 40
0.0
 40
1.0
 40
1.0
 40
1.0
 10
306.700016800002
 20
215.09374879254582
 30
0.0
 10
306.69202200833536
 20
215.00575400087916
 30
0.0
 10
306.69202200833536
 20
215.00575400087916
 30
0.0
  0
SPLINE
  5
612
330
17
100
AcDbEntity
  8
ENGRAVE
100
AcDbSpline
 70
0
 71
2
 72
6
 73
3
 74
0
 40
0.0
 40
0.0
 40
0.0
 40
1.0
 40
1.0
 40
1.0
 10
306.77202200833534
 20
215.18174358421248
 30
0.0
 10
306.7080115916687
 20
215.18174358421248
 30
0.0
 10
306.700016800002
 20
215.09374879254582
 30
0.0
  0
SPLINE
  5
613
330
17
100
AcDbEntity
  8
ENGRAVE
100
AcDbSpline
 70
0
 71
2
 72
6
 73
3
 74
0
 40
0.0
 40
0.0
 40
0.0
 40
1.0
 40
1.0
 40
1.0
 10
306.8440272166687
 20
215.3097644175458
 30
0.0
 10
306.83603242500203
 20
215.24575400087915
 30
0.0
 10
306.77202200833534
 20
215.18174358421248
 30
0.0
  0
SPLINE
  5
614
330
17
100
AcDbEntity
  8
ENGRAVE
100
AcDbSpline
 70
0
 71
2
 72
6
 73
3
 74
0
 40
0.0
 40
0.0
 40
0.0
 40
1.0
 40
1.0
 40
1.0
 10
306.8520220083353
 20
215.43778525087916
 30
0.0
 10
306.8520220083353
 20
215.3737748342125
 30
0.0
 10
306.8440272166687
 20
215.3097644175458
 30
0.0
  0
SPLINE
  5
615
330
17
100
AcDbEntity
  8
ENGRAVE
100
AcDbSpline
 70
0
 71
2
 72
6
 73
3
 74
0
 40
0.0
 40
0.0
 40
0.0
 40
1.0
 40
1.0
 40
1.0
 10
306.93202200833537
 20
215.66976441754582
 30
0.0
 10
306.8520220083353
 20
215.46976441754583
 30
0.0
 10
306.8520220083353
 20
215.43778525087916
 30
0.0
  0
SPLINE
  5
616
330
17
100
AcDbEntity
  8
ENGRAVE
100
AcDbSpline
 70
0
 71
2
 72
6
 73
3
 74
0
 40
0.0
 40
0.0
 40
0.0
 40
1.0
 40
1.0
 40
1.0
 10
307.13202200833535
 20
216.1497644175458
 30
0.0
 10
307.01202200833535
 20
215.8697644175458
 30
0.0
 10
306.93202200833537
 20
215.66976441754582
 30
0.0
  0
SPLINE
  5
617
330
17
100
AcDbEntity
  8
ENGRAVE
100
AcDbSpline
 70
0
 71
2
 72
6
 73
3
 74
0
 40
0.0
 40
0.0
 40
0.0
 40
1.0
 40
1.0
 40
1.0
 10
308.05053172843986
 20
238.5722024325781
 30
0.0
 10
307.44256297843987
 20
238.22022326591144
 30
0.0
 10
306.9545681867732
 20
237.94821805757812
 30
0.0
  0
SPLINE
  5
618
330
17
100
AcDbEntity
  8
ENGRAVE
100
AcDbSpline
 70
0
 71
2
 72
6
 73
3
 74
0
 40
0.0
 40
0.0
 40
0.0
 40
1.0
 40
1.0
 40
1.0
 10
306.4505577701065
 20
239.0042336825781
 30
0.0
 10
306.7385525617732
 20
239.22824409924476
 30
0.0
 10
306.9945421451065
 20
239.4042336825781
 30
0.0
  0
SPLINE
  5
619
330
17
100
AcDbEntity
  8
ENGRAVE
100
AcDbSpline
 70
0
 71
2
 72
6
 73
3
 74
0
 40
0.0
 40
0.0
 40
0.0
 40
1.0
 40
1.0
 40
1.0
 10
306.5880115916687
 20
218.31778525087915
 30
0.0
 10
306.80400117500204
 20
218.87778525087916
 30
0.0
 10
306.9960063833353
 20
219.42176962587916
 30
0.0
  0
SPLINE
  5
61A
330
17
100
AcDbEntity
  8
ENGRAVE
100
AcDbSpline
 70
0
 71
2
 72
6
 73
3
 74
0
 40
0.0
 40
0.0
 40
0.0
 40
1.0
 40
1.0
 40
1.0
 10
307.36402721666866
 20
216.6777592092125
 30
0.0
 10
307.25202200833536
 20
216.4297644175458
 30
0.0
 10
307.13202200833535
 20
216.1497644175458
 30
0.0
  0
SPLINE
  5
61B
330
17
100
AcDbEntity
  8
ENGRAVE
100
AcDbSpline
 70
0
 71
2
 72
6
 73
3
 74
0
 40
0.0
 40
0.0
 40
0.0
 40
1.0
 40
1.0
 40
1.0
 10
306.9960063833353
 20
219.42176962587916
 30
0.0
 10
307.18801159166867
 20
219.96575400087914
 30
0.0
 10
307.3080115916687
 20
220.34176962587915
 30
0.0
  0
SPLINE
  5
61C
330
17
100
AcDbEntity
  8
ENGRAVE
100
AcDbSpline
 70
0
 71
2
 72
6
 73
3
 74
0
 40
0.0
 40
0.0
 40
0.0
 40
1.0
 40
1.0
 40
1.0
 10
306.9945421451065
 20
239.4042336825781
 30
0.0
 10
307.25053172843985
 20
239.58022326591143
 30
0.0
 10
307.34657339510653
 20
239.62824409924477
 30
0.0
  0
SPLINE
  5
61D
330
17
100
AcDbEntity
  8
ENGRAVE
100
AcDbSpline
 70
0
 71
2
 72
6
 73
3
 74
0
 40
0.0
 40
0.0
 40
0.0
 40
1.0
 40
1.0
 40
1.0
 10
307.53999075833536
 20
217.05377483421248
 30
0.0
 10
307.476032425002
 20
216.92575400087915
 30
0.0
 10
307.36402721666866
 20
216.6777592092125
 30
0.0
  0
SPLINE
  5
61E
330
17
100
AcDbEntity
  8
ENGRAVE
100
AcDbSpline
 70
0
 71
2
 72
6
 73
3
 74
0
 40
0.0
 40
0.0
 40
0.0
 40
1.0
 40
1.0
 40
1.0
 10
307.3080115916687
 20
220.34176962587915
 30
0.0
 10
307.4280115916687
 20
220.71778525087916
 30
0.0
 10
307.4280115916687
 20
220.79778525087914
 30
0.0
  0
SPLINE
  5
61F
330
17
100
AcDbEntity
  8
ENGRAVE
100
AcDbSpline
 70
0
 71
2
 72
6
 73
3
 74
0
 40
0.0
 40
0.0
 40
0.0
 40
1.0
 40
1.0
 40
1.0
 10
307.4280115916687
 20
220.79778525087914
 30
0.0
 10
307.4280115916687
 20
220.92575400087915
 30
0.0
 10
307.524001175002
 20
221.03775920921248
 30
0.0
  0
SPLINE
  5
620
330
17
100
AcDbEntity
  8
ENGRAVE
100
AcDbSpline
 70
0
 71
2
 72
6
 73
3
 74
0
 40
0.0
 40
0.0
 40
0.0
 40
1.0
 40
1.0
 40
1.0
 10
307.57202200833535
 20
212.03775920921248
 30
0.0
 10
307.4280115916687
 20
212.4937748342125
 30
0.0
 10
307.52405325833536
 20
213.27778525087916
 30
0.0
  0
SPLINE
  5
621
330
17
100
AcDbEntity
  8
ENGRAVE
100
AcDbSpline
 70
0
 71
2
 72
6
 73
3
 74
0
 40
0.0
 40
0.0
 40
0.0
 40
1.0
 40
1.0
 40
1.0
 10
307.66001680000204
 20
217.37374879254583
 30
0.0
 10
307.604001175002
 20
217.24575400087915
 30
0.0
 10
307.53999075833536
 20
217.05377483421248
 30
0.0
  0
SPLINE
  5
622
330
17
100
AcDbEntity
  8
ENGRAVE
100
AcDbSpline
 70
0
 71
2
 72
6
 73
3
 74
0
 40
0.0
 40
0.0
 40
0.0
 40
1.0
 40
1.0
 40
1.0
 10
307.87603242500205
 20
211.3737748342125
 30
0.0
 10
307.716032425002
 20
211.5817435842125
 30
0.0
 10
307.57202200833535
 20
212.03775920921248
 30
0.0
  0
SPLINE
  5
623
330
17
100
AcDbEntity
  8
ENGRAVE
100
AcDbSpline
 70
0
 71
2
 72
6
 73
3
 74
0
 40
0.0
 40
0.0
 40
0.0
 40
1.0
 40
1.0
 40
1.0
 10
307.34657339510653
 20
239.62824409924477
 30
0.0
 10
307.4745421451065
 20
239.70824409924478
 30
0.0
 10
307.6425369367732
 20
239.7642336825781
 30
0.0
  0
SPLINE
  5
624
330
17
100
AcDbEntity
  8
ENGRAVE
100
AcDbSpline
 70
0
 71
2
 72
6
 73
3
 74
0
 40
0.0
 40
0.0
 40
0.0
 40
1.0
 40
1.0
 40
1.0
 10
307.716032425002
 20
217.56575400087917
 30
0.0
 10
307.716032425002
 20
217.50174358421248
 30
0.0
 10
307.66001680000204
 20
217.37374879254583
 30
0.0
  0
SPLINE
  5
625
330
17
100
AcDbEntity
  8
ENGRAVE
100
AcDbSpline
 70
0
 71
2
 72
6
 73
3
 74
0
 40
0.0
 40
0.0
 40
0.0
 40
1.0
 40
1.0
 40
1.0
 10
307.86001680000203
 20
217.90976441754583
 30
0.0
 10
307.716032425002
 20
217.62976441754583
 30
0.0
 10
307.716032425002
 20
217.56575400087917
 30
0.0
  0
SPLINE
  5
626
330
17
100
AcDbEntity
  8
ENGRAVE
100
AcDbSpline
 70
0
 71
2
 72
6
 73
3
 74
0
 40
0.0
 40
0.0
 40
0.0
 40
1.0
 40
1.0
 40
1.0
 10
307.524001175002
 20
221.03775920921248
 30
0.0
 10
307.61999075833535
 20
221.1497644175458
 30
0.0
 10
307.74801159166867
 20
221.1497644175458
 30
0.0
  0
SPLINE
  5
627
330
17
100
AcDbEntity
  8
ENGRAVE
100
AcDbSpline
 70
0
 71
2
 72
6
 73
3
 74
0
 40
0.0
 40
0.0
 40
0.0
 40
1.0
 40
1.0
 40
1.0
 10
308.13202200833535
 20
218.50976441754582
 30
0.0
 10
308.00400117500203
 20
218.18976441754583
 30
0.0
 10
307.86001680000203
 20
217.90976441754583
 30
0.0
  0
SPLINE
  5
628
330
17
100
AcDbEntity
  8
ENGRAVE
100
AcDbSpline
 70
0
 71
2
 72
6
 73
3
 74
0
 40
0.0
 40
0.0
 40
0.0
 40
1.0
 40
1.0
 40
1.0
 10
307.6425369367732
 20
239.7642336825781
 30
0.0
 10
307.81053172843986
 20
239.82022326591144
 30
0.0
 10
307.87454214510655
 20
239.8522024325781
 30
0.0
  0
SPLINE
  5
629
330
17
100
AcDbEntity
  8
ENGRAVE
100
AcDbSpline
 70
0
 71
2
 72
6
 73
3
 74
0
 40
0.0
 40
0.0
 40
0.0
 40
1.0
 40
1.0
 40
1.0
 10
308.6280376333354
 20
210.82176962587914
 30
0.0
 10
308.16405325833534
 20
211.00575400087916
 30
0.0
 10
307.87603242500205
 20
211.3737748342125
 30
0.0
  0
SPLINE
  5
62A
330
17
100
AcDbEntity
  8
ENGRAVE
100
AcDbSpline
 70
0
 71
2
 72
6
 73
3
 74
0
 40
0.0
 40
0.0
 40
0.0
 40
1.0
 40
1.0
 40
1.0
 10
307.74801159166867
 20
221.1497644175458
 30
0.0
 10
307.796032425002
 20
221.19778525087915
 30
0.0
 10
307.97202200833533
 20
221.22176962587915
 30
0.0
  0
SPLINE
  5
62B
330
17
100
AcDbEntity
  8
ENGRAVE
100
AcDbSpline
 70
0
 71
2
 72
6
 73
3
 74
0
 40
0.0
 40
0.0
 40
0.0
 40
1.0
 40
1.0
 40
1.0
 10
307.52405325833536
 20
213.27778525087916
 30
0.0
 10
307.6200428416687
 20
214.01377483421248
 30
0.0
 10
307.9800428416687
 20
214.76578004254583
 30
0.0
  0
SPLINE
  5
62C
330
17
100
AcDbEntity
  8
ENGRAVE
100
AcDbSpline
 70
0
 71
2
 72
6
 73
3
 74
0
 40
0.0
 40
0.0
 40
0.0
 40
1.0
 40
1.0
 40
1.0
 10
308.43454214510655
 20
238.73222847424478
 30
0.0
 10
308.2745421451065
 20
238.66824409924476
 30
0.0
 10
308.05053172843986
 20
238.5722024325781
 30
0.0
  0
SPLINE
  5
62D
330
17
100
AcDbEntity
  8
ENGRAVE
100
AcDbSpline
 70
0
 71
2
 72
6
 73
3
 74
0
 40
0.0
 40
0.0
 40
0.0
 40
1.0
 40
1.0
 40
1.0
 10
308.580016800002
 20
219.47775920921248
 30
0.0
 10
308.436032425002
 20
219.1497644175458
 30
0.0
 10
308.13202200833535
 20
218.50976441754582
 30
0.0
  0
SPLINE
  5
62E
330
17
100
AcDbEntity
  8
ENGRAVE
100
AcDbSpline
 70
0
 71
2
 72
6
 73
3
 74
0
 40
0.0
 40
0.0
 40
0.0
 40
1.0
 40
1.0
 40
1.0
 10
307.97202200833533
 20
221.22176962587915
 30
0.0
 10
308.1480115916687
 20
221.24575400087915
 30
0.0
 10
308.21202200833534
 20
221.24575400087915
 30
0.0
  0
SPLINE
  5
62F
330
17
100
AcDbEntity
  8
ENGRAVE
100
AcDbSpline
 70
0
 71
2
 72
6
 73
3
 74
0
 40
0.0
 40
0.0
 40
0.0
 40
1.0
 40
1.0
 40
1.0
 10
308.21202200833534
 20
221.24575400087915
 30
0.0
 10
308.21202200833534
 20
221.24575400087915
 30
0.0
 10
308.27600638333536
 20
221.18176962587916
 30
0.0
  0
SPLINE
  5
630
330
17
100
AcDbEntity
  8
ENGRAVE
100
AcDbSpline
 70
0
 71
2
 72
6
 73
3
 74
0
 40
0.0
 40
0.0
 40
0.0
 40
1.0
 40
1.0
 40
1.0
 10
308.8025629784399
 20
238.81220243257812
 30
0.0
 10
308.5945421451065
 20
238.79621284924477
 30
0.0
 10
308.43454214510655
 20
238.73222847424478
 30
0.0
  0
SPLINE
  5
631
330
17
100
AcDbEntity
  8
ENGRAVE
100
AcDbSpline
 70
0
 71
2
 72
6
 73
3
 74
0
 40
0.0
 40
0.0
 40
0.0
 40
1.0
 40
1.0
 40
1.0
 10
308.27600638333536
 20
221.18176962587916
 30
0.0
 10
308.3399907583354
 20
221.11778525087917
 30
0.0
 10
308.4680115916687
 20
220.9897644175458
 30
0.0
  0
SPLINE
  5
632
330
17
100
AcDbEntity
  8
ENGRAVE
100
AcDbSpline
 70
0
 71
2
 72
6
 73
3
 74
0
 40
0.0
 40
0.0
 40
0.0
 40
1.0
 40
1.0
 40
1.0
 10
308.78001680000204
 20
219.9977592092125
 30
0.0
 10
308.724001175002
 20
219.80575400087915
 30
0.0
 10
308.580016800002
 20
219.47775920921248
 30
0.0
  0
SPLINE
  5
633
330
17
100
AcDbEntity
  8
ENGRAVE
100
AcDbSpline
 70
0
 71
2
 72
6
 73
3
 74
0
 40
0.0
 40
0.0
 40
0.0
 40
1.0
 40
1.0
 40
1.0
 10
309.6280376333354
 20
210.67778525087917
 30
0.0
 10
309.0920220083354
 20
210.63778525087915
 30
0.0
 10
308.6280376333354
 20
210.82176962587914
 30
0.0
  0
SPLINE
  5
634
330
17
100
AcDbEntity
  8
ENGRAVE
100
AcDbSpline
 70
0
 71
2
 72
6
 73
3
 74
0
 40
0.0
 40
0.0
 40
0.0
 40
1.0
 40
1.0
 40
1.0
 10
307.87454214510655
 20
239.8522024325781
 30
0.0
 10
308.2425629784399
 20
240.02824409924477
 30
0.0
 10
308.6825629784399
 20
239.98824409924478
 30
0.0
  0
SPLINE
  5
635
330
17
100
AcDbEntity
  8
ENGRAVE
100
AcDbSpline
 70
0
 71
2
 72
6
 73
3
 74
0
 40
0.0
 40
0.0
 40
0.0
 40
1.0
 40
1.0
 40
1.0
 10
308.4680115916687
 20
220.9897644175458
 30
0.0
 10
308.596032425002
 20
220.87778525087916
 30
0.0
 10
308.716032425002
 20
220.73377483421248
 30
0.0
  0
SPLINE
  5
636
330
17
100
AcDbEntity
  8
ENGRAVE
100
AcDbSpline
 70
0
 71
2
 72
6
 73
3
 74
0
 40
0.0
 40
0.0
 40
0.0
 40
1.0
 40
1.0
 40
1.0
 10
308.83603242500203
 20
220.39778525087917
 30
0.0
 10
308.83603242500203
 20
220.18976441754583
 30
0.0
 10
308.78001680000204
 20
219.9977592092125
 30
0.0
  0
SPLINE
  5
637
330
17
100
AcDbEntity
  8
ENGRAVE
100
AcDbSpline
 70
0
 71
2
 72
6
 73
3
 74
0
 40
0.0
 40
0.0
 40
0.0
 40
1.0
 40
1.0
 40
1.0
 10
309.2745421451065
 20
239.03623889091145
 30
0.0
 10
309.0585525617732
 20
238.82824409924478
 30
0.0
 10
308.8025629784399
 20
238.81220243257812
 30
0.0
  0
SPLINE
  5
638
330
17
100
AcDbEntity
  8
ENGRAVE
100
AcDbSpline
 70
0
 71
2
 72
6
 73
3
 74
0
 40
0.0
 40
0.0
 40
0.0
 40
1.0
 40
1.0
 40
1.0
 10
308.9080115916687
 20
213.45377483421248
 30
0.0
 10
308.7880115916687
 20
213.29377483421248
 30
0.0
 10
308.8040532583354
 20
212.82976441754582
 30
0.0
  0
SPLINE
  5
639
330
17
100
AcDbEntity
  8
ENGRAVE
100
AcDbSpline
 70
0
 71
2
 72
6
 73
3
 74
0
 40
0.0
 40
0.0
 40
0.0
 40
1.0
 40
1.0
 40
1.0
 10
308.716032425002
 20
220.73377483421248
 30
0.0
 10
308.83603242500203
 20
220.5897644175458
 30
0.0
 10
308.83603242500203
 20
220.39778525087917
 30
0.0
  0
SPLINE
  5
63A
330
17
100
AcDbEntity
  8
ENGRAVE
100
AcDbSpline
 70
0
 71
2
 72
6
 73
3
 74
0
 40
0.0
 40
0.0
 40
0.0
 40
1.0
 40
1.0
 40
1.0
 10
307.9800428416687
 20
214.76578004254583
 30
0.0
 10
308.3400428416687
 20
215.51778525087914
 30
0.0
 10
308.86803763333535
 20
216.0937748342125
 30
0.0
  0
SPLINE
  5
63B
330
17
100
AcDbEntity
  8
ENGRAVE
100
AcDbSpline
 70
0
 71
2
 72
6
 73
3
 74
0
 40
0.0
 40
0.0
 40
0.0
 40
1.0
 40
1.0
 40
1.0
 10
309.4120220083354
 20
213.5337748342125
 30
0.0
 10
309.0280115916687
 20
213.61377483421248
 30
0.0
 10
308.9080115916687
 20
213.45377483421248
 30
0.0
  0
SPLINE
  5
63C
330
17
100
AcDbEntity
  8
ENGRAVE
100
AcDbSpline
 70
0
 71
2
 72
6
 73
3
 74
0
 40
0.0
 40
0.0
 40
0.0
 40
1.0
 40
1.0
 40
1.0
 10
308.8040532583354
 20
212.82976441754582
 30
0.0
 10
308.83603242500203
 20
212.5417435842125
 30
0.0
 10
308.9400428416687
 20
212.32575400087916
 30
0.0
  0
SPLINE
  5
63D
330
17
100
AcDbEntity
  8
ENGRAVE
100
AcDbSpline
 70
0
 71
2
 72
6
 73
3
 74
0
 40
0.0
 40
0.0
 40
0.0
 40
1.0
 40
1.0
 40
1.0
 10
308.6825629784399
 20
239.98824409924478
 30
0.0
 10
309.1225629784399
 20
239.94824409924476
 30
0.0
 10
309.2185525617732
 20
239.70824409924478
 30
0.0
  0
SPLINE
  5
63E
330
17
100
AcDbEntity
  8
ENGRAVE
100
AcDbSpline
 70
0
 71
2
 72
6
 73
3
 74
0
 40
0.0
 40
0.0
 40
0.0
 40
1.0
 40
1.0
 40
1.0
 10
309.49053172843986
 20
239.35621284924477
 30
0.0
 10
309.49053172843986
 20
239.2442336825781
 30
0.0
 10
309.2745421451065
 20
239.03623889091145
 30
0.0
  0
SPLINE
  5
63F
330
17
100
AcDbEntity
  8
ENGRAVE
100
AcDbSpline
 70
0
 71
2
 72
6
 73
3
 74
0
 40
0.0
 40
0.0
 40
0.0
 40
1.0
 40
1.0
 40
1.0
 10
309.2185525617732
 20
239.70824409924478
 30
0.0
 10
309.2345421451065
 20
239.58022326591143
 30
0.0
 10
309.3225369367732
 20
239.51621284924477
 30
0.0
  0
SPLINE
  5
640
330
17
100
AcDbEntity
  8
ENGRAVE
100
AcDbSpline
 70
0
 71
2
 72
6
 73
3
 74
0
 40
0.0
 40
0.0
 40
0.0
 40
1.0
 40
1.0
 40
1.0
 10
308.9400428416687
 20
212.32575400087916
 30
0.0
 10
309.0440532583354
 20
212.10976441754582
 30
0.0
 10
309.33202200833534
 20
212.02976441754583
 30
0.0
  0
SPLINE
  5
641
330
17
100
AcDbEntity
  8
ENGRAVE
100
AcDbSpline
 70
0
 71
2
 72
6
 73
3
 74
0
 40
0.0
 40
0.0
 40
0.0
 40
1.0
 40
1.0
 40
1.0
 10
309.63603242500204
 20
215.0777592092125
 30
0.0
 10
309.4280115916687
 20
214.82976441754582
 30
0.0
 10
309.3640532583354
 20
214.7017435842125
 30
0.0
  0
SPLINE
  5
642
330
17
100
AcDbEntity
  8
ENGRAVE
100
AcDbSpline
 70
0
 71
2
 72
6
 73
3
 74
0
 40
0.0
 40
0.0
 40
0.0
 40
1.0
 40
1.0
 40
1.0
 10
309.3225369367732
 20
239.51621284924477
 30
0.0
 10
309.4105317284399
 20
239.4522024325781
 30
0.0
 10
309.4105317284399
 20
239.4522024325781
 30
0.0
  0
SPLINE
  5
643
330
17
100
AcDbEntity
  8
ENGRAVE
100
AcDbSpline
 70
0
 71
2
 72
6
 73
3
 74
0
 40
0.0
 40
0.0
 40
0.0
 40
1.0
 40
1.0
 40
1.0
 10
310.42001680000203
 20
213.4377592092125
 30
0.0
 10
310.05202200833537
 20
213.40575400087914
 30
0.0
 10
309.4120220083354
 20
213.5337748342125
 30
0.0
  0
SPLINE
  5
644
330
17
100
AcDbEntity
  8
ENGRAVE
100
AcDbSpline
 70
0
 71
2
 72
6
 73
3
 74
0
 40
0.0
 40
0.0
 40
0.0
 40
1.0
 40
1.0
 40
1.0
 10
309.4105317284399
 20
239.4522024325781
 30
0.0
 10
309.4745421451065
 20
239.4522024325781
 30
0.0
 10
309.4825369367732
 20
239.40420764091144
 30
0.0
  0
SPLINE
  5
645
330
17
100
AcDbEntity
  8
ENGRAVE
100
AcDbSpline
 70
0
 71
2
 72
6
 73
3
 74
0
 40
0.0
 40
0.0
 40
0.0
 40
1.0
 40
1.0
 40
1.0
 10
309.4825369367732
 20
239.40420764091144
 30
0.0
 10
309.49053172843986
 20
239.35621284924477
 30
0.0
 10
309.49053172843986
 20
239.35621284924477
 30
0.0
  0
SPLINE
  5
646
330
17
100
AcDbEntity
  8
ENGRAVE
100
AcDbSpline
 70
0
 71
2
 72
6
 73
3
 74
0
 40
0.0
 40
0.0
 40
0.0
 40
1.0
 40
1.0
 40
1.0
 10
309.55454214510655
 20
235.7482180575781
 30
0.0
 10
309.4105317284399
 20
236.2042336825781
 30
0.0
 10
309.50657339510656
 20
236.98824409924478
 30
0.0
  0
SPLINE
  5
647
330
17
100
AcDbEntity
  8
ENGRAVE
100
AcDbSpline
 70
0
 71
2
 72
6
 73
3
 74
0
 40
0.0
 40
0.0
 40
0.0
 40
1.0
 40
1.0
 40
1.0
 10
309.85855256177325
 20
235.08423368257812
 30
0.0
 10
309.6985525617732
 20
235.2922024325781
 30
0.0
 10
309.55454214510655
 20
235.7482180575781
 30
0.0
  0
SPLINE
  5
648
330
17
100
AcDbEntity
  8
ENGRAVE
100
AcDbSpline
 70
0
 71
2
 72
6
 73
3
 74
0
 40
0.0
 40
0.0
 40
0.0
 40
1.0
 40
1.0
 40
1.0
 10
310.64405325833536
 20
210.9897644175458
 30
0.0
 10
310.16405325833534
 20
210.71778525087916
 30
0.0
 10
309.6280376333354
 20
210.67778525087917
 30
0.0
  0
SPLINE
  5
649
330
17
100
AcDbEntity
  8
ENGRAVE
100
AcDbSpline
 70
0
 71
2
 72
6
 73
3
 74
0
 40
0.0
 40
0.0
 40
0.0
 40
1.0
 40
1.0
 40
1.0
 10
310.09204805000206
 20
215.54976441754582
 30
0.0
 10
309.84405325833535
 20
215.32575400087916
 30
0.0
 10
309.63603242500204
 20
215.0777592092125
 30
0.0
  0
SPLINE
  5
64A
330
17
100
AcDbEntity
  8
ENGRAVE
100
AcDbSpline
 70
0
 71
2
 72
6
 73
3
 74
0
 40
0.0
 40
0.0
 40
0.0
 40
1.0
 40
1.0
 40
1.0
 10
309.3640532583354
 20
214.7017435842125
 30
0.0
 10
309.4440532583354
 20
214.5897644175458
 30
0.0
 10
309.8200428416687
 20
214.54176962587914
 30
0.0
  0
SPLINE
  5
64B
330
17
100
AcDbEntity
  8
ENGRAVE
100
AcDbSpline
 70
0
 71
2
 72
6
 73
3
 74
0
 40
0.0
 40
0.0
 40
0.0
 40
1.0
 40
1.0
 40
1.0
 10
310.6105577701066
 20
234.53222847424476
 30
0.0
 10
310.14657339510654
 20
234.71621284924478
 30
0.0
 10
309.85855256177325
 20
235.08423368257812
 30
0.0
  0
SPLINE
  5
64C
330
17
100
AcDbEntity
  8
ENGRAVE
100
AcDbSpline
 70
0
 71
2
 72
6
 73
3
 74
0
 40
0.0
 40
0.0
 40
0.0
 40
1.0
 40
1.0
 40
1.0
 10
309.33202200833534
 20
212.02976441754583
 30
0.0
 10
309.7000428416687
 20
211.96575400087914
 30
0.0
 10
309.8600428416687
 20
212.02176962587916
 30
0.0
  0
SPLINE
  5
64D
330
17
100
AcDbEntity
  8
ENGRAVE
100
AcDbSpline
 70
0
 71
2
 72
6
 73
3
 74
0
 40
0.0
 40
0.0
 40
0.0
 40
1.0
 40
1.0
 40
1.0
 10
309.50657339510656
 20
236.98824409924478
 30
0.0
 10
309.6025629784399
 20
237.7242336825781
 30
0.0
 10
309.9625629784399
 20
238.47623889091145
 30
0.0
  0
SPLINE
  5
64E
330
17
100
AcDbEntity
  8
ENGRAVE
100
AcDbSpline
 70
0
 71
2
 72
6
 73
3
 74
0
 40
0.0
 40
0.0
 40
0.0
 40
1.0
 40
1.0
 40
1.0
 10
308.86803763333535
 20
216.0937748342125
 30
0.0
 10
309.39603242500203
 20
216.66976441754582
 30
0.0
 10
310.0200428416687
 20
216.87778525087916
 30
0.0
  0
SPLINE
  5
64F
330
17
100
AcDbEntity
  8
ENGRAVE
100
AcDbSpline
 70
0
 71
2
 72
6
 73
3
 74
0
 40
0.0
 40
0.0
 40
0.0
 40
1.0
 40
1.0
 40
1.0
 10
310.5000428416687
 20
215.8217435842125
 30
0.0
 10
310.3400428416687
 20
215.77377483421247
 30
0.0
 10
310.09204805000206
 20
215.54976441754582
 30
0.0
  0
SPLINE
  5
650
330
17
100
AcDbEntity
  8
ENGRAVE
100
AcDbSpline
 70
0
 71
2
 72
6
 73
3
 74
0
 40
0.0
 40
0.0
 40
0.0
 40
1.0
 40
1.0
 40
1.0
 10
309.8600428416687
 20
212.02176962587916
 30
0.0
 10
310.0200428416687
 20
212.07778525087915
 30
0.0
 10
310.2600428416687
 20
212.18976441754583
 30
0.0
  0
SPLINE
  5
651
330
17
100
AcDbEntity
  8
ENGRAVE
100
AcDbSpline
 70
0
 71
2
 72
6
 73
3
 74
0
 40
0.0
 40
0.0
 40
0.0
 40
1.0
 40
1.0
 40
1.0
 10
311.0600428416687
 20
213.5817435842125
 30
0.0
 10
310.7880115916687
 20
213.46976441754583
 30
0.0
 10
310.42001680000203
 20
213.4377592092125
 30
0.0
  0
SPLINE
  5
652
330
17
100
AcDbEntity
  8
ENGRAVE
100
AcDbSpline
 70
0
 71
2
 72
6
 73
3
 74
0
 40
0.0
 40
0.0
 40
0.0
 40
1.0
 40
1.0
 40
1.0
 10
309.8200428416687
 20
214.54176962587914
 30
0.0
 10
310.19603242500204
 20
214.4937748342125
 30
0.0
 10
310.43603242500205
 20
214.55778525087916
 30
0.0
  0
SPLINE
  5
653
330
17
100
AcDbEntity
  8
ENGRAVE
100
AcDbSpline
 70
0
 71
2
 72
6
 73
3
 74
0
 40
0.0
 40
0.0
 40
0.0
 40
1.0
 40
1.0
 40
1.0
 10
310.0200428416687
 20
216.87778525087916
 30
0.0
 10
310.2440532583354
 20
216.95778525087914
 30
0.0
 10
310.476032425002
 20
216.99778525087916
 30
0.0
  0
SPLINE
  5
654
330
17
100
AcDbEntity
  8
ENGRAVE
100
AcDbSpline
 70
0
 71
2
 72
6
 73
3
 74
0
 40
0.0
 40
0.0
 40
0.0
 40
1.0
 40
1.0
 40
1.0
 10
311.10001680000204
 20
215.77374879254583
 30
0.0
 10
310.8680115916687
 20
215.90174358421248
 30
0.0
 10
310.5000428416687
 20
215.8217435842125
 30
0.0
  0
SPLINE
  5
655
330
17
100
AcDbEntity
  8
ENGRAVE
100
AcDbSpline
 70
0
 71
2
 72
6
 73
3
 74
0
 40
0.0
 40
0.0
 40
0.0
 40
1.0
 40
1.0
 40
1.0
 10
311.6105577701066
 20
234.3882440992448
 30
0.0
 10
311.0745421451066
 20
234.34824409924477
 30
0.0
 10
310.6105577701066
 20
234.53222847424476
 30
0.0
  0
SPLINE
  5
656
330
17
100
AcDbEntity
  8
ENGRAVE
100
AcDbSpline
 70
0
 71
2
 72
6
 73
3
 74
0
 40
0.0
 40
0.0
 40
0.0
 40
1.0
 40
1.0
 40
1.0
 10
310.2600428416687
 20
212.18976441754583
 30
0.0
 10
310.43603242500205
 20
212.3017435842125
 30
0.0
 10
310.6280376333354
 20
212.46174358421248
 30
0.0
  0
SPLINE
  5
657
330
17
100
AcDbEntity
  8
ENGRAVE
100
AcDbSpline
 70
0
 71
2
 72
6
 73
3
 74
0
 40
0.0
 40
0.0
 40
0.0
 40
1.0
 40
1.0
 40
1.0
 10
311.46803763333537
 20
211.66174358421247
 30
0.0
 10
311.1240532583354
 20
211.2617435842125
 30
0.0
 10
310.64405325833536
 20
210.9897644175458
 30
0.0
  0
SPLINE
  5
658
330
17
100
AcDbEntity
  8
ENGRAVE
100
AcDbSpline
 70
0
 71
2
 72
6
 73
3
 74
0
 40
0.0
 40
0.0
 40
0.0
 40
1.0
 40
1.0
 40
1.0
 10
310.43603242500205
 20
214.55778525087916
 30
0.0
 10
310.5480115916687
 20
214.60575400087916
 30
0.0
 10
310.7640272166687
 20
214.78176962587915
 30
0.0
  0
SPLINE
  5
659
330
17
100
AcDbEntity
  8
ENGRAVE
100
AcDbSpline
 70
0
 71
2
 72
6
 73
3
 74
0
 40
0.0
 40
0.0
 40
0.0
 40
1.0
 40
1.0
 40
1.0
 10
310.8905317284399
 20
237.1642336825781
 30
0.0
 10
310.7705317284399
 20
237.0042336825781
 30
0.0
 10
310.7865733951066
 20
236.54022326591144
 30
0.0
  0
SPLINE
  5
65A
330
17
100
AcDbEntity
  8
ENGRAVE
100
AcDbSpline
 70
0
 71
2
 72
6
 73
3
 74
0
 40
0.0
 40
0.0
 40
0.0
 40
1.0
 40
1.0
 40
1.0
 10
309.9625629784399
 20
238.47623889091145
 30
0.0
 10
310.3225629784399
 20
239.22824409924476
 30
0.0
 10
310.85055777010655
 20
239.80423368257811
 30
0.0
  0
SPLINE
  5
65B
330
17
100
AcDbEntity
  8
ENGRAVE
100
AcDbSpline
 70
0
 71
2
 72
6
 73
3
 74
0
 40
0.0
 40
0.0
 40
0.0
 40
1.0
 40
1.0
 40
1.0
 10
311.3945421451066
 20
237.2442336825781
 30
0.0
 10
311.0105317284399
 20
237.3242336825781
 30
0.0
 10
310.8905317284399
 20
237.1642336825781
 30
0.0
  0
SPLINE
  5
65C
330
17
100
AcDbEntity
  8
ENGRAVE
100
AcDbSpline
 70
0
 71
2
 72
6
 73
3
 74
0
 40
0.0
 40
0.0
 40
0.0
 40
1.0
 40
1.0
 40
1.0
 10
310.7865733951066
 20
236.54022326591144
 30
0.0
 10
310.81855256177323
 20
236.25220243257812
 30
0.0
 10
310.9225629784399
 20
236.03621284924478
 30
0.0
  0
SPLINE
  5
65D
330
17
100
AcDbEntity
  8
ENGRAVE
100
AcDbSpline
 70
0
 71
2
 72
6
 73
3
 74
0
 40
0.0
 40
0.0
 40
0.0
 40
1.0
 40
1.0
 40
1.0
 10
310.6280376333354
 20
212.46174358421248
 30
0.0
 10
310.8200428416687
 20
212.62174358421248
 30
0.0
 10
310.9480115916687
 20
212.7017435842125
 30
0.0
  0
SPLINE
  5
65E
330
17
100
AcDbEntity
  8
ENGRAVE
100
AcDbSpline
 70
0
 71
2
 72
6
 73
3
 74
0
 40
0.0
 40
0.0
 40
0.0
 40
1.0
 40
1.0
 40
1.0
 10
312.10803763333536
 20
214.46176962587916
 30
0.0
 10
311.7320220083354
 20
213.8697644175458
 30
0.0
 10
311.0600428416687
 20
213.5817435842125
 30
0.0
  0
SPLINE
  5
65F
330
17
100
AcDbEntity
  8
ENGRAVE
100
AcDbSpline
 70
0
 71
2
 72
6
 73
3
 74
0
 40
0.0
 40
0.0
 40
0.0
 40
1.0
 40
1.0
 40
1.0
 10
310.476032425002
 20
216.99778525087916
 30
0.0
 10
310.7080115916687
 20
217.03778525087915
 30
0.0
 10
311.0920220083354
 20
217.00575400087916
 30
0.0
  0
SPLINE
  5
660
330
17
100
AcDbEntity
  8
ENGRAVE
100
AcDbSpline
 70
0
 71
2
 72
6
 73
3
 74
0
 40
0.0
 40
0.0
 40
0.0
 40
1.0
 40
1.0
 40
1.0
 10
311.33202200833534
 20
215.46976441754583
 30
0.0
 10
311.33202200833534
 20
215.64575400087915
 30
0.0
 10
311.10001680000204
 20
215.77374879254583
 30
0.0
  0
SPLINE
  5
661
330
17
100
AcDbEntity
  8
ENGRAVE
100
AcDbSpline
 70
0
 71
2
 72
6
 73
3
 74
0
 40
0.0
 40
0.0
 40
0.0
 40
1.0
 40
1.0
 40
1.0
 10
310.7640272166687
 20
214.78176962587915
 30
0.0
 10
310.9800428416687
 20
214.95778525087914
 30
0.0
 10
311.156032425002
 20
215.15778525087916
 30
0.0
  0
SPLINE
  5
662
330
17
100
AcDbEntity
  8
ENGRAVE
100
AcDbSpline
 70
0
 71
2
 72
6
 73
3
 74
0
 40
0.0
 40
0.0
 40
0.0
 40
1.0
 40
1.0
 40
1.0
 10
310.9480115916687
 20
212.7017435842125
 30
0.0
 10
311.07603242500204
 20
212.79778525087914
 30
0.0
 10
311.2680115916687
 20
212.79778525087914
 30
0.0
  0
SPLINE
  5
663
330
17
100
AcDbEntity
  8
ENGRAVE
100
AcDbSpline
 70
0
 71
2
 72
6
 73
3
 74
0
 40
0.0
 40
0.0
 40
0.0
 40
1.0
 40
1.0
 40
1.0
 10
310.9225629784399
 20
236.03621284924478
 30
0.0
 10
311.0265733951066
 20
235.82022326591144
 30
0.0
 10
311.31454214510654
 20
235.74022326591145
 30
0.0
  0
SPLINE
  5
664
330
17
100
AcDbEntity
  8
ENGRAVE
100
AcDbSpline
 70
0
 71
2
 72
6
 73
3
 74
0
 40
0.0
 40
0.0
 40
0.0
 40
1.0
 40
1.0
 40
1.0
 10
311.156032425002
 20
215.15778525087916
 30
0.0
 10
311.33202200833534
 20
215.35778525087915
 30
0.0
 10
311.33202200833534
 20
215.46976441754583
 30
0.0
  0
SPLINE
  5
665
330
17
100
AcDbEntity
  8
ENGRAVE
100
AcDbSpline
 70
0
 71
2
 72
6
 73
3
 74
0
 40
0.0
 40
0.0
 40
0.0
 40
1.0
 40
1.0
 40
1.0
 10
311.61855256177324
 20
238.7882180575781
 30
0.0
 10
311.4105317284399
 20
238.54022326591144
 30
0.0
 10
311.3465733951066
 20
238.4122024325781
 30
0.0
  0
SPLINE
  5
666
330
17
100
AcDbEntity
  8
ENGRAVE
100
AcDbSpline
 70
0
 71
2
 72
6
 73
3
 74
0
 40
0.0
 40
0.0
 40
0.0
 40
1.0
 40
1.0
 40
1.0
 10
312.40253693677323
 20
237.1482180575781
 30
0.0
 10
312.03454214510657
 20
237.11621284924476
 30
0.0
 10
311.3945421451066
 20
237.2442336825781
 30
0.0
  0
SPLINE
  5
667
330
17
100
AcDbEntity
  8
ENGRAVE
100
AcDbSpline
 70
0
 71
2
 72
6
 73
3
 74
0
 40
0.0
 40
0.0
 40
0.0
 40
1.0
 40
1.0
 40
1.0
 10
311.81202200833536
 20
212.26976441754582
 30
0.0
 10
311.81202200833536
 20
212.06174358421248
 30
0.0
 10
311.46803763333537
 20
211.66174358421247
 30
0.0
  0
SPLINE
  5
668
330
17
100
AcDbEntity
  8
ENGRAVE
100
AcDbSpline
 70
0
 71
2
 72
6
 73
3
 74
0
 40
0.0
 40
0.0
 40
0.0
 40
1.0
 40
1.0
 40
1.0
 10
311.2680115916687
 20
212.79778525087914
 30
0.0
 10
311.4440532583354
 20
212.78174358421248
 30
0.0
 10
311.6040532583354
 20
212.60575400087916
 30
0.0
  0
SPLINE
  5
669
330
17
100
AcDbEntity
  8
ENGRAVE
100
AcDbSpline
 70
0
 71
2
 72
6
 73
3
 74
0
 40
0.0
 40
0.0
 40
0.0
 40
1.0
 40
1.0
 40
1.0
 10
312.62657339510656
 20
234.70022326591143
 30
0.0
 10
312.14657339510654
 20
234.42824409924478
 30
0.0
 10
311.6105577701066
 20
234.3882440992448
 30
0.0
  0
SPLINE
  5
66A
330
17
100
AcDbEntity
  8
ENGRAVE
100
AcDbSpline
 70
0
 71
2
 72
6
 73
3
 74
0
 40
0.0
 40
0.0
 40
0.0
 40
1.0
 40
1.0
 40
1.0
 10
312.07456818677326
 20
239.26022326591143
 30
0.0
 10
311.82657339510655
 20
239.03621284924478
 30
0.0
 10
311.61855256177324
 20
238.7882180575781
 30
0.0
  0
SPLINE
  5
66B
330
17
100
AcDbEntity
  8
ENGRAVE
100
AcDbSpline
 70
0
 71
2
 72
6
 73
3
 74
0
 40
0.0
 40
0.0
 40
0.0
 40
1.0
 40
1.0
 40
1.0
 10
311.0920220083354
 20
217.00575400087916
 30
0.0
 10
311.4600428416687
 20
216.95778525087914
 30
0.0
 10
311.74803763333534
 20
216.82176962587914
 30
0.0
  0
SPLINE
  5
66C
330
17
100
AcDbEntity
  8
ENGRAVE
100
AcDbSpline
 70
0
 71
2
 72
6
 73
3
 74
0
 40
0.0
 40
0.0
 40
0.0
 40
1.0
 40
1.0
 40
1.0
 10
311.3465733951066
 20
238.4122024325781
 30
0.0
 10
311.4265733951066
 20
238.30022326591143
 30
0.0
 10
311.8025629784399
 20
238.25222847424476
 30
0.0
  0
SPLINE
  5
66D
330
17
100
AcDbEntity
  8
ENGRAVE
100
AcDbSpline
 70
0
 71
2
 72
6
 73
3
 74
0
 40
0.0
 40
0.0
 40
0.0
 40
1.0
 40
1.0
 40
1.0
 10
311.6040532583354
 20
212.60575400087916
 30
0.0
 10
311.76405325833537
 20
212.4297644175458
 30
0.0
 10
311.81202200833536
 20
212.26976441754582
 30
0.0
  0
SPLINE
  5
66E
330
17
100
AcDbEntity
  8
ENGRAVE
100
AcDbSpline
 70
0
 71
2
 72
6
 73
3
 74
0
 40
0.0
 40
0.0
 40
0.0
 40
1.0
 40
1.0
 40
1.0
 10
311.31454214510654
 20
235.74022326591145
 30
0.0
 10
311.6825629784399
 20
235.67621284924476
 30
0.0
 10
311.8425629784399
 20
235.73222847424478
 30
0.0
  0
SPLINE
  5
66F
330
17
100
AcDbEntity
  8
ENGRAVE
100
AcDbSpline
 70
0
 71
2
 72
6
 73
3
 74
0
 40
0.0
 40
0.0
 40
0.0
 40
1.0
 40
1.0
 40
1.0
 10
310.85055777010655
 20
239.80423368257811
 30
0.0
 10
311.37855256177323
 20
240.38022326591144
 30
0.0
 10
312.0025629784399
 20
240.58824409924478
 30
0.0
  0
SPLINE
  5
670
330
17
100
AcDbEntity
  8
ENGRAVE
100
AcDbSpline
 70
0
 71
2
 72
6
 73
3
 74
0
 40
0.0
 40
0.0
 40
0.0
 40
1.0
 40
1.0
 40
1.0
 10
312.4825629784399
 20
239.53220243257812
 30
0.0
 10
312.3225629784399
 20
239.4842336825781
 30
0.0
 10
312.07456818677326
 20
239.26022326591143
 30
0.0
  0
SPLINE
  5
671
330
17
100
AcDbEntity
  8
ENGRAVE
100
AcDbSpline
 70
0
 71
2
 72
6
 73
3
 74
0
 40
0.0
 40
0.0
 40
0.0
 40
1.0
 40
1.0
 40
1.0
 10
312.5640532583354
 20
215.56575400087917
 30
0.0
 10
312.4840532583354
 20
215.05377483421248
 30
0.0
 10
312.10803763333536
 20
214.46176962587916
 30
0.0
  0
SPLINE
  5
672
330
17
100
AcDbEntity
  8
ENGRAVE
100
AcDbSpline
 70
0
 71
2
 72
6
 73
3
 74
0
 40
0.0
 40
0.0
 40
0.0
 40
1.0
 40
1.0
 40
1.0
 10
311.74803763333534
 20
216.82176962587914
 30
0.0
 10
312.036032425002
 20
216.68575400087914
 30
0.0
 10
312.16405325833534
 20
216.52575400087915
 30
0.0
  0
SPLINE
  5
673
330
17
100
AcDbEntity
  8
ENGRAVE
100
AcDbSpline
 70
0
 71
2
 72
6
 73
3
 74
0
 40
0.0
 40
0.0
 40
0.0
 40
1.0
 40
1.0
 40
1.0
 10
311.8425629784399
 20
235.73222847424478
 30
0.0
 10
312.0025629784399
 20
235.78824409924476
 30
0.0
 10
312.2425629784399
 20
235.90022326591145
 30
0.0
  0
SPLINE
  5
674
330
17
100
AcDbEntity
  8
ENGRAVE
100
AcDbSpline
 70
0
 71
2
 72
6
 73
3
 74
0
 40
0.0
 40
0.0
 40
0.0
 40
1.0
 40
1.0
 40
1.0
 10
313.0425629784399
 20
237.2922024325781
 30
0.0
 10
312.7705317284399
 20
237.18022326591145
 30
0.0
 10
312.40253693677323
 20
237.1482180575781
 30
0.0
  0
SPLINE
  5
675
330
17
100
AcDbEntity
  8
ENGRAVE
100
AcDbSpline
 70
0
 71
2
 72
6
 73
3
 74
0
 40
0.0
 40
0.0
 40
0.0
 40
1.0
 40
1.0
 40
1.0
 10
311.8025629784399
 20
238.25222847424476
 30
0.0
 10
312.17855256177324
 20
238.2042336825781
 30
0.0
 10
312.41855256177325
 20
238.26824409924478
 30
0.0
  0
SPLINE
  5
676
330
17
100
AcDbEntity
  8
ENGRAVE
100
AcDbSpline
 70
0
 71
2
 72
6
 73
3
 74
0
 40
0.0
 40
0.0
 40
0.0
 40
1.0
 40
1.0
 40
1.0
 10
312.0025629784399
 20
240.58824409924478
 30
0.0
 10
312.2265733951066
 20
240.66824409924476
 30
0.0
 10
312.4585525617732
 20
240.70824409924478
 30
0.0
  0
SPLINE
  5
677
330
17
100
AcDbEntity
  8
ENGRAVE
100
AcDbSpline
 70
0
 71
2
 72
6
 73
3
 74
0
 40
0.0
 40
0.0
 40
0.0
 40
1.0
 40
1.0
 40
1.0
 10
313.08253693677324
 20
239.48420764091145
 30
0.0
 10
312.8505317284399
 20
239.6122024325781
 30
0.0
 10
312.4825629784399
 20
239.53220243257812
 30
0.0
  0
SPLINE
  5
678
330
17
100
AcDbEntity
  8
ENGRAVE
100
AcDbSpline
 70
0
 71
2
 72
6
 73
3
 74
0
 40
0.0
 40
0.0
 40
0.0
 40
1.0
 40
1.0
 40
1.0
 10
312.16405325833534
 20
216.52575400087915
 30
0.0
 10
312.4200428416687
 20
216.26976441754582
 30
0.0
 10
312.5000428416687
 20
216.02976441754583
 30
0.0
  0
SPLINE
  5
679
330
17
100
AcDbEntity
  8
ENGRAVE
100
AcDbSpline
 70
0
 71
2
 72
6
 73
3
 74
0
 40
0.0
 40
0.0
 40
0.0
 40
1.0
 40
1.0
 40
1.0
 10
312.5000428416687
 20
216.02976441754583
 30
0.0
 10
312.5800428416687
 20
215.78976441754583
 30
0.0
 10
312.5640532583354
 20
215.56575400087917
 30
0.0
  0
SPLINE
  5
67A
330
17
100
AcDbEntity
  8
ENGRAVE
100
AcDbSpline
 70
0
 71
2
 72
6
 73
3
 74
0
 40
0.0
 40
0.0
 40
0.0
 40
1.0
 40
1.0
 40
1.0
 10
312.2425629784399
 20
235.90022326591145
 30
0.0
 10
312.41855256177325
 20
236.0122024325781
 30
0.0
 10
312.6105577701066
 20
236.1722024325781
 30
0.0
  0
SPLINE
  5
67B
330
17
100
AcDbEntity
  8
ENGRAVE
100
AcDbSpline
 70
0
 71
2
 72
6
 73
3
 74
0
 40
0.0
 40
0.0
 40
0.0
 40
1.0
 40
1.0
 40
1.0
 10
313.45055777010657
 20
235.3722024325781
 30
0.0
 10
313.1065733951066
 20
234.97220243257811
 30
0.0
 10
312.62657339510656
 20
234.70022326591143
 30
0.0
  0
SPLINE
  5
67C
330
17
100
AcDbEntity
  8
ENGRAVE
100
AcDbSpline
 70
0
 71
2
 72
6
 73
3
 74
0
 40
0.0
 40
0.0
 40
0.0
 40
1.0
 40
1.0
 40
1.0
 10
312.41855256177325
 20
238.26824409924478
 30
0.0
 10
312.5305317284399
 20
238.31621284924478
 30
0.0
 10
312.7465473534399
 20
238.49222847424477
 30
0.0
  0
SPLINE
  5
67D
330
17
100
AcDbEntity
  8
ENGRAVE
100
AcDbSpline
 70
0
 71
2
 72
6
 73
3
 74
0
 40
0.0
 40
0.0
 40
0.0
 40
1.0
 40
1.0
 40
1.0
 10
312.6105577701066
 20
236.1722024325781
 30
0.0
 10
312.8025629784399
 20
236.3322024325781
 30
0.0
 10
312.9305317284399
 20
236.4122024325781
 30
0.0
  0
SPLINE
  5
67E
330
17
100
AcDbEntity
  8
ENGRAVE
100
AcDbSpline
 70
0
 71
2
 72
6
 73
3
 74
0
 40
0.0
 40
0.0
 40
0.0
 40
1.0
 40
1.0
 40
1.0
 10
314.09055777010656
 20
238.17222847424478
 30
0.0
 10
313.7145421451066
 20
237.58022326591143
 30
0.0
 10
313.0425629784399
 20
237.2922024325781
 30
0.0
  0
SPLINE
  5
67F
330
17
100
AcDbEntity
  8
ENGRAVE
100
AcDbSpline
 70
0
 71
2
 72
6
 73
3
 74
0
 40
0.0
 40
0.0
 40
0.0
 40
1.0
 40
1.0
 40
1.0
 10
312.4585525617732
 20
240.70824409924478
 30
0.0
 10
312.6905317284399
 20
240.74824409924477
 30
0.0
 10
313.0745421451066
 20
240.71621284924478
 30
0.0
  0
SPLINE
  5
680
330
17
100
AcDbEntity
  8
ENGRAVE
100
AcDbSpline
 70
0
 71
2
 72
6
 73
3
 74
0
 40
0.0
 40
0.0
 40
0.0
 40
1.0
 40
1.0
 40
1.0
 10
313.31454214510654
 20
239.18022326591145
 30
0.0
 10
313.31454214510654
 20
239.35621284924477
 30
0.0
 10
313.08253693677324
 20
239.48420764091145
 30
0.0
  0
SPLINE
  5
681
330
17
100
AcDbEntity
  8
ENGRAVE
100
AcDbSpline
 70
0
 71
2
 72
6
 73
3
 74
0
 40
0.0
 40
0.0
 40
0.0
 40
1.0
 40
1.0
 40
1.0
 10
312.7465473534399
 20
238.49222847424477
 30
0.0
 10
312.9625629784399
 20
238.66824409924476
 30
0.0
 10
313.1385525617732
 20
238.86824409924478
 30
0.0
  0
SPLINE
  5
682
330
17
100
AcDbEntity
  8
ENGRAVE
100
AcDbSpline
 70
0
 71
2
 72
6
 73
3
 74
0
 40
0.0
 40
0.0
 40
0.0
 40
1.0
 40
1.0
 40
1.0
 10
312.9305317284399
 20
236.4122024325781
 30
0.0
 10
313.05855256177324
 20
236.50824409924476
 30
0.0
 10
313.2505317284399
 20
236.50824409924476
 30
0.0
  0
SPLINE
  5
683
330
17
100
AcDbEntity
  8
ENGRAVE
100
AcDbSpline
 70
0
 71
2
 72
6
 73
3
 74
0
 40
0.0
 40
0.0
 40
0.0
 40
1.0
 40
1.0
 40
1.0
 10
313.1385525617732
 20
238.86824409924478
 30
0.0
 10
313.31454214510654
 20
239.06824409924477
 30
0.0
 10
313.31454214510654
 20
239.18022326591145
 30
0.0
  0
SPLINE
  5
684
330
17
100
AcDbEntity
  8
ENGRAVE
100
AcDbSpline
 70
0
 71
2
 72
6
 73
3
 74
0
 40
0.0
 40
0.0
 40
0.0
 40
1.0
 40
1.0
 40
1.0
 10
313.79454214510656
 20
235.98022326591143
 30
0.0
 10
313.79454214510656
 20
235.7722024325781
 30
0.0
 10
313.45055777010657
 20
235.3722024325781
 30
0.0
  0
SPLINE
  5
685
330
17
100
AcDbEntity
  8
ENGRAVE
100
AcDbSpline
 70
0
 71
2
 72
6
 73
3
 74
0
 40
0.0
 40
0.0
 40
0.0
 40
1.0
 40
1.0
 40
1.0
 10
313.2505317284399
 20
236.50824409924476
 30
0.0
 10
313.4265733951066
 20
236.4922024325781
 30
0.0
 10
313.5865733951066
 20
236.31621284924478
 30
0.0
  0
SPLINE
  5
686
330
17
100
AcDbEntity
  8
ENGRAVE
100
AcDbSpline
 70
0
 71
2
 72
6
 73
3
 74
0
 40
0.0
 40
0.0
 40
0.0
 40
1.0
 40
1.0
 40
1.0
 10
313.0745421451066
 20
240.71621284924478
 30
0.0
 10
313.4425629784399
 20
240.66824409924476
 30
0.0
 10
313.73055777010654
 20
240.53222847424476
 30
0.0
  0
SPLINE
  5
687
330
17
100
AcDbEntity
  8
ENGRAVE
100
AcDbSpline
 70
0
 71
2
 72
6
 73
3
 74
0
 40
0.0
 40
0.0
 40
0.0
 40
1.0
 40
1.0
 40
1.0
 10
313.5865733951066
 20
236.31621284924478
 30
0.0
 10
313.74657339510657
 20
236.14022326591143
 30
0.0
 10
313.79454214510656
 20
235.98022326591143
 30
0.0
  0
SPLINE
  5
688
330
17
100
AcDbEntity
  8
ENGRAVE
100
AcDbSpline
 70
0
 71
2
 72
6
 73
3
 74
0
 40
0.0
 40
0.0
 40
0.0
 40
1.0
 40
1.0
 40
1.0
 10
314.5465733951066
 20
239.27621284924479
 30
0.0
 10
314.4665733951066
 20
238.7642336825781
 30
0.0
 10
314.09055777010656
 20
238.17222847424478
 30
0.0
  0
SPLINE
  5
689
330
17
100
AcDbEntity
  8
ENGRAVE
100
AcDbSpline
 70
0
 71
2
 72
6
 73
3
 74
0
 40
0.0
 40
0.0
 40
0.0
 40
1.0
 40
1.0
 40
1.0
 10
313.73055777010654
 20
240.53222847424476
 30
0.0
 10
314.0185525617732
 20
240.39621284924476
 30
0.0
 10
314.14657339510654
 20
240.23621284924477
 30
0.0
  0
SPLINE
  5
68A
330
17
100
AcDbEntity
  8
ENGRAVE
100
AcDbSpline
 70
0
 71
2
 72
6
 73
3
 74
0
 40
0.0
 40
0.0
 40
0.0
 40
1.0
 40
1.0
 40
1.0
 10
314.14657339510654
 20
240.23621284924477
 30
0.0
 10
314.4025629784399
 20
239.98022326591143
 30
0.0
 10
314.4825629784399
 20
239.74022326591145
 30
0.0
  0
SPLINE
  5
68B
330
17
100
AcDbEntity
  8
ENGRAVE
100
AcDbSpline
 70
0
 71
2
 72
6
 73
3
 74
0
 40
0.0
 40
0.0
 40
0.0
 40
1.0
 40
1.0
 40
1.0
 10
314.4825629784399
 20
239.74022326591145
 30
0.0
 10
314.5625629784399
 20
239.50022326591144
 30
0.0
 10
314.5465733951066
 20
239.27621284924479
 30
0.0
  0
SPLINE
  5
68C
330
17
100
AcDbEntity
  8
ENGRAVE
100
AcDbSpline
 70
0
 71
2
 72
6
 73
3
 74
0
 40
0.0
 40
0.0
 40
0.0
 40
1.0
 40
1.0
 40
1.0
 10
314.8985525617732
 20
235.7482180575781
 30
0.0
 10
314.75454214510654
 20
236.2042336825781
 30
0.0
 10
314.8505838117732
 20
236.98824409924478
 30
0.0
  0
SPLINE
  5
68D
330
17
100
AcDbEntity
  8
ENGRAVE
100
AcDbSpline
 70
0
 71
2
 72
6
 73
3
 74
0
 40
0.0
 40
0.0
 40
0.0
 40
1.0
 40
1.0
 40
1.0
 10
315.2025629784399
 20
235.08423368257812
 30
0.0
 10
315.0425629784399
 20
235.2922024325781
 30
0.0
 10
314.8985525617732
 20
235.7482180575781
 30
0.0
  0
SPLINE
  5
68E
330
17
100
AcDbEntity
  8
ENGRAVE
100
AcDbSpline
 70
0
 71
2
 72
6
 73
3
 74
0
 40
0.0
 40
0.0
 40
0.0
 40
1.0
 40
1.0
 40
1.0
 10
315.95456818677326
 20
234.53222847424476
 30
0.0
 10
315.4905838117732
 20
234.71621284924478
 30
0.0
 10
315.2025629784399
 20
235.08423368257812
 30
0.0
  0
SPLINE
  5
68F
330
17
100
AcDbEntity
  8
ENGRAVE
100
AcDbSpline
 70
0
 71
2
 72
6
 73
3
 74
0
 40
0.0
 40
0.0
 40
0.0
 40
1.0
 40
1.0
 40
1.0
 10
314.8505838117732
 20
236.98824409924478
 30
0.0
 10
314.94657339510655
 20
237.7242336825781
 30
0.0
 10
315.30657339510657
 20
238.47623889091145
 30
0.0
  0
SPLINE
  5
690
330
17
100
AcDbEntity
  8
ENGRAVE
100
AcDbSpline
 70
0
 71
2
 72
6
 73
3
 74
0
 40
0.0
 40
0.0
 40
0.0
 40
1.0
 40
1.0
 40
1.0
 10
316.95456818677326
 20
234.3882440992448
 30
0.0
 10
316.41855256177325
 20
234.34824409924477
 30
0.0
 10
315.95456818677326
 20
234.53222847424476
 30
0.0
  0
SPLINE
  5
691
330
17
100
AcDbEntity
  8
ENGRAVE
100
AcDbSpline
 70
0
 71
2
 72
6
 73
3
 74
0
 40
0.0
 40
0.0
 40
0.0
 40
1.0
 40
1.0
 40
1.0
 10
316.23454214510656
 20
237.1642336825781
 30
0.0
 10
316.11454214510655
 20
237.0042336825781
 30
0.0
 10
316.13058381177325
 20
236.54022326591144
 30
0.0
  0
SPLINE
  5
692
330
17
100
AcDbEntity
  8
ENGRAVE
100
AcDbSpline
 70
0
 71
2
 72
6
 73
3
 74
0
 40
0.0
 40
0.0
 40
0.0
 40
1.0
 40
1.0
 40
1.0
 10
315.30657339510657
 20
238.47623889091145
 30
0.0
 10
315.6665733951066
 20
239.22824409924476
 30
0.0
 10
316.1945681867732
 20
239.80423368257811
 30
0.0
  0
SPLINE
  5
693
330
17
100
AcDbEntity
  8
ENGRAVE
100
AcDbSpline
 70
0
 71
2
 72
6
 73
3
 74
0
 40
0.0
 40
0.0
 40
0.0
 40
1.0
 40
1.0
 40
1.0
 10
316.73855256177325
 20
237.2442336825781
 30
0.0
 10
316.35454214510656
 20
237.3242336825781
 30
0.0
 10
316.23454214510656
 20
237.1642336825781
 30
0.0
  0
SPLINE
  5
694
330
17
100
AcDbEntity
  8
ENGRAVE
100
AcDbSpline
 70
0
 71
2
 72
6
 73
3
 74
0
 40
0.0
 40
0.0
 40
0.0
 40
1.0
 40
1.0
 40
1.0
 10
316.13058381177325
 20
236.54022326591144
 30
0.0
 10
316.1625629784399
 20
236.25220243257812
 30
0.0
 10
316.26657339510655
 20
236.03621284924478
 30
0.0
  0
SPLINE
  5
695
330
17
100
AcDbEntity
  8
ENGRAVE
100
AcDbSpline
 70
0
 71
2
 72
6
 73
3
 74
0
 40
0.0
 40
0.0
 40
0.0
 40
1.0
 40
1.0
 40
1.0
 10
316.26657339510655
 20
236.03621284924478
 30
0.0
 10
316.37058381177326
 20
235.82022326591144
 30
0.0
 10
316.6585525617732
 20
235.74022326591145
 30
0.0
  0
SPLINE
  5
696
330
17
100
AcDbEntity
  8
ENGRAVE
100
AcDbSpline
 70
0
 71
2
 72
6
 73
3
 74
0
 40
0.0
 40
0.0
 40
0.0
 40
1.0
 40
1.0
 40
1.0
 10
316.9625629784399
 20
238.7882180575781
 30
0.0
 10
316.75454214510654
 20
238.54022326591144
 30
0.0
 10
316.69058381177325
 20
238.4122024325781
 30
0.0
  0
SPLINE
  5
697
330
17
100
AcDbEntity
  8
ENGRAVE
100
AcDbSpline
 70
0
 71
2
 72
6
 73
3
 74
0
 40
0.0
 40
0.0
 40
0.0
 40
1.0
 40
1.0
 40
1.0
 10
317.7465473534399
 20
237.1482180575781
 30
0.0
 10
317.37855256177323
 20
237.11621284924476
 30
0.0
 10
316.73855256177325
 20
237.2442336825781
 30
0.0
  0
SPLINE
  5
698
330
17
100
AcDbEntity
  8
ENGRAVE
100
AcDbSpline
 70
0
 71
2
 72
6
 73
3
 74
0
 40
0.0
 40
0.0
 40
0.0
 40
1.0
 40
1.0
 40
1.0
 10
317.9705838117732
 20
234.70022326591143
 30
0.0
 10
317.4905838117732
 20
234.42824409924478
 30
0.0
 10
316.95456818677326
 20
234.3882440992448
 30
0.0
  0
SPLINE
  5
699
330
17
100
AcDbEntity
  8
ENGRAVE
100
AcDbSpline
 70
0
 71
2
 72
6
 73
3
 74
0
 40
0.0
 40
0.0
 40
0.0
 40
1.0
 40
1.0
 40
1.0
 10
317.4185786034399
 20
239.26022326591143
 30
0.0
 10
317.1705838117732
 20
239.03621284924478
 30
0.0
 10
316.9625629784399
 20
238.7882180575781
 30
0.0
  0
SPLINE
  5
69A
330
17
100
AcDbEntity
  8
ENGRAVE
100
AcDbSpline
 70
0
 71
2
 72
6
 73
3
 74
0
 40
0.0
 40
0.0
 40
0.0
 40
1.0
 40
1.0
 40
1.0
 10
316.69058381177325
 20
238.4122024325781
 30
0.0
 10
316.77058381177324
 20
238.30022326591143
 30
0.0
 10
317.14657339510654
 20
238.25222847424476
 30
0.0
  0
SPLINE
  5
69B
330
17
100
AcDbEntity
  8
ENGRAVE
100
AcDbSpline
 70
0
 71
2
 72
6
 73
3
 74
0
 40
0.0
 40
0.0
 40
0.0
 40
1.0
 40
1.0
 40
1.0
 10
316.6585525617732
 20
235.74022326591145
 30
0.0
 10
317.02657339510654
 20
235.67621284924476
 30
0.0
 10
317.18657339510656
 20
235.73222847424478
 30
0.0
  0
SPLINE
  5
69C
330
17
100
AcDbEntity
  8
ENGRAVE
100
AcDbSpline
 70
0
 71
2
 72
6
 73
3
 74
0
 40
0.0
 40
0.0
 40
0.0
 40
1.0
 40
1.0
 40
1.0
 10
316.1945681867732
 20
239.80423368257811
 30
0.0
 10
316.7225629784399
 20
240.38022326591144
 30
0.0
 10
317.3465733951066
 20
240.58824409924478
 30
0.0
  0
SPLINE
  5
69D
330
17
100
AcDbEntity
  8
ENGRAVE
100
AcDbSpline
 70
0
 71
2
 72
6
 73
3
 74
0
 40
0.0
 40
0.0
 40
0.0
 40
1.0
 40
1.0
 40
1.0
 10
317.82657339510655
 20
239.53220243257812
 30
0.0
 10
317.6665733951066
 20
239.4842336825781
 30
0.0
 10
317.4185786034399
 20
239.26022326591143
 30
0.0
  0
SPLINE
  5
69E
330
17
100
AcDbEntity
  8
ENGRAVE
100
AcDbSpline
 70
0
 71
2
 72
6
 73
3
 74
0
 40
0.0
 40
0.0
 40
0.0
 40
1.0
 40
1.0
 40
1.0
 10
317.18657339510656
 20
235.73222847424478
 30
0.0
 10
317.3465733951066
 20
235.78824409924476
 30
0.0
 10
317.58657339510654
 20
235.90022326591145
 30
0.0
  0
SPLINE
  5
69F
330
17
100
AcDbEntity
  8
ENGRAVE
100
AcDbSpline
 70
0
 71
2
 72
6
 73
3
 74
0
 40
0.0
 40
0.0
 40
0.0
 40
1.0
 40
1.0
 40
1.0
 10
318.38657339510655
 20
237.2922024325781
 30
0.0
 10
318.11454214510655
 20
237.18022326591145
 30
0.0
 10
317.7465473534399
 20
237.1482180575781
 30
0.0
  0
SPLINE
  5
6A0
330
17
100
AcDbEntity
  8
ENGRAVE
100
AcDbSpline
 70
0
 71
2
 72
6
 73
3
 74
0
 40
0.0
 40
0.0
 40
0.0
 40
1.0
 40
1.0
 40
1.0
 10
317.14657339510654
 20
238.25222847424476
 30
0.0
 10
317.5225629784399
 20
238.2042336825781
 30
0.0
 10
317.7625629784399
 20
238.26824409924478
 30
0.0
  0
SPLINE
  5
6A1
330
17
100
AcDbEntity
  8
ENGRAVE
100
AcDbSpline
 70
0
 71
2
 72
6
 73
3
 74
0
 40
0.0
 40
0.0
 40
0.0
 40
1.0
 40
1.0
 40
1.0
 10
317.3465733951066
 20
240.58824409924478
 30
0.0
 10
317.57058381177325
 20
240.66824409924476
 30
0.0
 10
317.8025629784399
 20
240.70824409924478
 30
0.0
  0
SPLINE
  5
6A2
330
17
100
AcDbEntity
  8
ENGRAVE
100
AcDbSpline
 70
0
 71
2
 72
6
 73
3
 74
0
 40
0.0
 40
0.0
 40
0.0
 40
1.0
 40
1.0
 40
1.0
 10
318.4265473534399
 20
239.48420764091145
 30
0.0
 10
318.19454214510654
 20
239.6122024325781
 30
0.0
 10
317.82657339510655
 20
239.53220243257812
 30
0.0
  0
SPLINE
  5
6A3
330
17
100
AcDbEntity
  8
ENGRAVE
100
AcDbSpline
 70
0
 71
2
 72
6
 73
3
 74
0
 40
0.0
 40
0.0
 40
0.0
 40
1.0
 40
1.0
 40
1.0
 10
317.58657339510654
 20
235.90022326591145
 30
0.0
 10
317.7625629784399
 20
236.0122024325781
 30
0.0
 10
317.95456818677326
 20
236.1722024325781
 30
0.0
  0
SPLINE
  5
6A4
330
17
100
AcDbEntity
  8
ENGRAVE
100
AcDbSpline
 70
0
 71
2
 72
6
 73
3
 74
0
 40
0.0
 40
0.0
 40
0.0
 40
1.0
 40
1.0
 40
1.0
 10
318.79456818677323
 20
235.3722024325781
 30
0.0
 10
318.45058381177324
 20
234.97220243257811
 30
0.0
 10
317.9705838117732
 20
234.70022326591143
 30
0.0
  0
SPLINE
  5
6A5
330
17
100
AcDbEntity
  8
ENGRAVE
100
AcDbSpline
 70
0
 71
2
 72
6
 73
3
 74
0
 40
0.0
 40
0.0
 40
0.0
 40
1.0
 40
1.0
 40
1.0
 10
317.7625629784399
 20
238.26824409924478
 30
0.0
 10
317.87454214510655
 20
238.31621284924478
 30
0.0
 10
318.09055777010656
 20
238.49222847424477
 30
0.0
  0
SPLINE
  5
6A6
330
17
100
AcDbEntity
  8
ENGRAVE
100
AcDbSpline
 70
0
 71
2
 72
6
 73
3
 74
0
 40
0.0
 40
0.0
 40
0.0
 40
1.0
 40
1.0
 40
1.0
 10
317.95456818677326
 20
236.1722024325781
 30
0.0
 10
318.14657339510654
 20
236.3322024325781
 30
0.0
 10
318.2745421451066
 20
236.4122024325781
 30
0.0
  0
SPLINE
  5
6A7
330
17
100
AcDbEntity
  8
ENGRAVE
100
AcDbSpline
 70
0
 71
2
 72
6
 73
3
 74
0
 40
0.0
 40
0.0
 40
0.0
 40
1.0
 40
1.0
 40
1.0
 10
319.4345681867732
 20
238.17222847424478
 30
0.0
 10
319.05855256177324
 20
237.58022326591143
 30
0.0
 10
318.38657339510655
 20
237.2922024325781
 30
0.0
  0
SPLINE
  5
6A8
330
17
100
AcDbEntity
  8
ENGRAVE
100
AcDbSpline
 70
0
 71
2
 72
6
 73
3
 74
0
 40
0.0
 40
0.0
 40
0.0
 40
1.0
 40
1.0
 40
1.0
 10
317.8025629784399
 20
240.70824409924478
 30
0.0
 10
318.03454214510657
 20
240.74824409924477
 30
0.0
 10
318.41855256177325
 20
240.71621284924478
 30
0.0
  0
SPLINE
  5
6A9
330
17
100
AcDbEntity
  8
ENGRAVE
100
AcDbSpline
 70
0
 71
2
 72
6
 73
3
 74
0
 40
0.0
 40
0.0
 40
0.0
 40
1.0
 40
1.0
 40
1.0
 10
318.6585525617732
 20
239.18022326591145
 30
0.0
 10
318.6585525617732
 20
239.35621284924477
 30
0.0
 10
318.4265473534399
 20
239.48420764091145
 30
0.0
  0
SPLINE
  5
6AA
330
17
100
AcDbEntity
  8
ENGRAVE
100
AcDbSpline
 70
0
 71
2
 72
6
 73
3
 74
0
 40
0.0
 40
0.0
 40
0.0
 40
1.0
 40
1.0
 40
1.0
 10
318.09055777010656
 20
238.49222847424477
 30
0.0
 10
318.30657339510657
 20
238.66824409924476
 30
0.0
 10
318.4825629784399
 20
238.86824409924478
 30
0.0
  0
SPLINE
  5
6AB
330
17
100
AcDbEntity
  8
ENGRAVE
100
AcDbSpline
 70
0
 71
2
 72
6
 73
3
 74
0
 40
0.0
 40
0.0
 40
0.0
 40
1.0
 40
1.0
 40
1.0
 10
318.2745421451066
 20
236.4122024325781
 30
0.0
 10
318.4025629784399
 20
236.50824409924476
 30
0.0
 10
318.5945421451066
 20
236.50824409924476
 30
0.0
  0
SPLINE
  5
6AC
330
17
100
AcDbEntity
  8
ENGRAVE
100
AcDbSpline
 70
0
 71
2
 72
6
 73
3
 74
0
 40
0.0
 40
0.0
 40
0.0
 40
1.0
 40
1.0
 40
1.0
 10
318.4825629784399
 20
238.86824409924478
 30
0.0
 10
318.6585525617732
 20
239.06824409924477
 30
0.0
 10
318.6585525617732
 20
239.18022326591145
 30
0.0
  0
SPLINE
  5
6AD
330
17
100
AcDbEntity
  8
ENGRAVE
100
AcDbSpline
 70
0
 71
2
 72
6
 73
3
 74
0
 40
0.0
 40
0.0
 40
0.0
 40
1.0
 40
1.0
 40
1.0
 10
319.1385525617732
 20
235.98022326591143
 30
0.0
 10
319.1385525617732
 20
235.7722024325781
 30
0.0
 10
318.79456818677323
 20
235.3722024325781
 30
0.0
  0
SPLINE
  5
6AE
330
17
100
AcDbEntity
  8
ENGRAVE
100
AcDbSpline
 70
0
 71
2
 72
6
 73
3
 74
0
 40
0.0
 40
0.0
 40
0.0
 40
1.0
 40
1.0
 40
1.0
 10
318.5945421451066
 20
236.50824409924476
 30
0.0
 10
318.77058381177324
 20
236.4922024325781
 30
0.0
 10
318.9305838117732
 20
236.31621284924478
 30
0.0
  0
SPLINE
  5
6AF
330
17
100
AcDbEntity
  8
ENGRAVE
100
AcDbSpline
 70
0
 71
2
 72
6
 73
3
 74
0
 40
0.0
 40
0.0
 40
0.0
 40
1.0
 40
1.0
 40
1.0
 10
318.41855256177325
 20
240.71621284924478
 30
0.0
 10
318.7865733951066
 20
240.66824409924476
 30
0.0
 10
319.0745681867732
 20
240.53222847424476
 30
0.0
  0
SPLINE
  5
6B0
330
17
100
AcDbEntity
  8
ENGRAVE
100
AcDbSpline
 70
0
 71
2
 72
6
 73
3
 74
0
 40
0.0
 40
0.0
 40
0.0
 40
1.0
 40
1.0
 40
1.0
 10
318.9305838117732
 20
236.31621284924478
 30
0.0
 10
319.09058381177323
 20
236.14022326591143
 30
0.0
 10
319.1385525617732
 20
235.98022326591143
 30
0.0
  0
SPLINE
  5
6B1
330
17
100
AcDbEntity
  8
ENGRAVE
100
AcDbSpline
 70
0
 71
2
 72
6
 73
3
 74
0
 40
0.0
 40
0.0
 40
0.0
 40
1.0
 40
1.0
 40
1.0
 10
319.89058381177324
 20
239.27621284924479
 30
0.0
 10
319.81058381177326
 20
238.7642336825781
 30
0.0
 10
319.4345681867732
 20
238.17222847424478
 30
0.0
  0
SPLINE
  5
6B2
330
17
100
AcDbEntity
  8
ENGRAVE
100
AcDbSpline
 70
0
 71
2
 72
6
 73
3
 74
0
 40
0.0
 40
0.0
 40
0.0
 40
1.0
 40
1.0
 40
1.0
 10
319.0745681867732
 20
240.53222847424476
 30
0.0
 10
319.3625629784399
 20
240.39621284924476
 30
0.0
 10
319.4905838117732
 20
240.23621284924477
 30
0.0
  0
SPLINE
  5
6B3
330
17
100
AcDbEntity
  8
ENGRAVE
100
AcDbSpline
 70
0
 71
2
 72
6
 73
3
 74
0
 40
0.0
 40
0.0
 40
0.0
 40
1.0
 40
1.0
 40
1.0
 10
319.4905838117732
 20
240.23621284924477
 30
0.0
 10
319.74657339510657
 20
239.98022326591143
 30
0.0
 10
319.82657339510655
 20
239.74022326591145
 30
0.0
  0
SPLINE
  5
6B4
330
17
100
AcDbEntity
  8
ENGRAVE
100
AcDbSpline
 70
0
 71
2
 72
6
 73
3
 74
0
 40
0.0
 40
0.0
 40
0.0
 40
1.0
 40
1.0
 40
1.0
 10
319.82657339510655
 20
239.74022326591145
 30
0.0
 10
319.9065733951066
 20
239.50022326591144
 30
0.0
 10
319.89058381177324
 20
239.27621284924479
 30
0.0
  0
SPLINE
  5
6B5
330
17
100
AcDbEntity
  8
ENGRAVE
100
AcDbSpline
 70
0
 71
2
 72
6
 73
3
 74
0
 40
0.0
 40
0.0
 40
0.0
 40
1.0
 40
1.0
 40
1.0
 10
320.23456818677323
 20
235.47621284924477
 30
0.0
 10
320.0825629784399
 20
235.67621284924476
 30
0.0
 10
320.0505838117732
 20
235.74022326591145
 30
0.0
  0
SPLINE
  5
6B6
330
17
100
AcDbEntity
  8
ENGRAVE
100
AcDbSpline
 70
0
 71
2
 72
6
 73
3
 74
0
 40
0.0
 40
0.0
 40
0.0
 40
1.0
 40
1.0
 40
1.0
 10
320.0505838117732
 20
235.74022326591145
 30
0.0
 10
320.0505838117732
 20
236.1242336825781
 30
0.0
 10
320.14657339510654
 20
236.41222847424478
 30
0.0
  0
SPLINE
  5
6B7
330
17
100
AcDbEntity
  8
ENGRAVE
100
AcDbSpline
 70
0
 71
2
 72
6
 73
3
 74
0
 40
0.0
 40
0.0
 40
0.0
 40
1.0
 40
1.0
 40
1.0
 10
320.49855256177324
 20
235.14824409924478
 30
0.0
 10
320.38657339510655
 20
235.27621284924479
 30
0.0
 10
320.23456818677323
 20
235.47621284924477
 30
0.0
  0
SPLINE
  5
6B8
330
17
100
AcDbEntity
  8
ENGRAVE
100
AcDbSpline
 70
0
 71
2
 72
6
 73
3
 74
0
 40
0.0
 40
0.0
 40
0.0
 40
1.0
 40
1.0
 40
1.0
 10
320.14657339510654
 20
236.41222847424478
 30
0.0
 10
320.2425629784399
 20
236.70022326591143
 30
0.0
 10
320.4345942284399
 20
237.14824409924478
 30
0.0
  0
SPLINE
  5
6B9
330
17
100
AcDbEntity
  8
ENGRAVE
100
AcDbSpline
 70
0
 71
2
 72
6
 73
3
 74
0
 40
0.0
 40
0.0
 40
0.0
 40
1.0
 40
1.0
 40
1.0
 10
320.8025629784399
 20
234.92423368257812
 30
0.0
 10
320.6585525617732
 20
235.02022326591143
 30
0.0
 10
320.49855256177324
 20
235.14824409924478
 30
0.0
  0
SPLINE
  5
6BA
330
17
100
AcDbEntity
  8
ENGRAVE
100
AcDbSpline
 70
0
 71
2
 72
6
 73
3
 74
0
 40
0.0
 40
0.0
 40
0.0
 40
1.0
 40
1.0
 40
1.0
 10
320.4345942284399
 20
237.14824409924478
 30
0.0
 10
320.49855256177324
 20
237.26022326591143
 30
0.0
 10
320.5545681867732
 20
237.38022326591144
 30
0.0
  0
SPLINE
  5
6BB
330
17
100
AcDbEntity
  8
ENGRAVE
100
AcDbSpline
 70
0
 71
2
 72
6
 73
3
 74
0
 40
0.0
 40
0.0
 40
0.0
 40
1.0
 40
1.0
 40
1.0
 10
320.5545681867732
 20
237.38022326591144
 30
0.0
 10
320.6105838117732
 20
237.50022326591144
 30
0.0
 10
320.69058381177325
 20
237.64423368257812
 30
0.0
  0
SPLINE
  5
6BC
330
17
100
AcDbEntity
  8
ENGRAVE
100
AcDbSpline
 70
0
 71
2
 72
6
 73
3
 74
0
 40
0.0
 40
0.0
 40
0.0
 40
1.0
 40
1.0
 40
1.0
 10
321.0745942284399
 20
234.8922024325781
 30
0.0
 10
320.94657339510655
 20
234.82824409924478
 30
0.0
 10
320.8025629784399
 20
234.92423368257812
 30
0.0
  0
SPLINE
  5
6BD
330
17
100
AcDbEntity
  8
ENGRAVE
100
AcDbSpline
 70
0
 71
2
 72
6
 73
3
 74
0
 40
0.0
 40
0.0
 40
0.0
 40
1.0
 40
1.0
 40
1.0
 10
320.69058381177325
 20
237.64423368257812
 30
0.0
 10
320.7545942284399
 20
237.86824409924478
 30
0.0
 10
320.8745942284399
 20
238.15623889091145
 30
0.0
  0
SPLINE
  5
6BE
330
17
100
AcDbEntity
  8
ENGRAVE
100
AcDbSpline
 70
0
 71
2
 72
6
 73
3
 74
0
 40
0.0
 40
0.0
 40
0.0
 40
1.0
 40
1.0
 40
1.0
 10
321.41857860343987
 20
235.1322024325781
 30
0.0
 10
321.25058381177325
 20
234.8922024325781
 30
0.0
 10
321.0745942284399
 20
234.8922024325781
 30
0.0
  0
SPLINE
  5
6BF
330
17
100
AcDbEntity
  8
ENGRAVE
100
AcDbSpline
 70
0
 71
2
 72
6
 73
3
 74
0
 40
0.0
 40
0.0
 40
0.0
 40
1.0
 40
1.0
 40
1.0
 10
320.8745942284399
 20
238.15623889091145
 30
0.0
 10
320.9945942284399
 20
238.4442336825781
 30
0.0
 10
321.1065733951066
 20
238.70022326591143
 30
0.0
  0
SPLINE
  5
6C0
330
17
100
AcDbEntity
  8
ENGRAVE
100
AcDbSpline
 70
0
 71
2
 72
6
 73
3
 74
0
 40
0.0
 40
0.0
 40
0.0
 40
1.0
 40
1.0
 40
1.0
 10
321.1065733951066
 20
238.70022326591143
 30
0.0
 10
321.2825629784399
 20
239.11621284924476
 30
0.0
 10
321.3785786034399
 20
239.42022326591143
 30
0.0
  0
SPLINE
  5
6C1
330
17
100
AcDbEntity
  8
ENGRAVE
100
AcDbSpline
 70
0
 71
2
 72
6
 73
3
 74
0
 40
0.0
 40
0.0
 40
0.0
 40
1.0
 40
1.0
 40
1.0
 10
321.93855256177324
 20
235.75621284924478
 30
0.0
 10
321.58657339510654
 20
235.3722024325781
 30
0.0
 10
321.41857860343987
 20
235.1322024325781
 30
0.0
  0
SPLINE
  5
6C2
330
17
100
AcDbEntity
  8
ENGRAVE
100
AcDbSpline
 70
0
 71
2
 72
6
 73
3
 74
0
 40
0.0
 40
0.0
 40
0.0
 40
1.0
 40
1.0
 40
1.0
 10
321.3785786034399
 20
239.42022326591143
 30
0.0
 10
321.4745942284399
 20
239.7242336825781
 30
0.0
 10
321.5385525617732
 20
240.07621284924477
 30
0.0
  0
SPLINE
  5
6C3
330
17
100
AcDbEntity
  8
ENGRAVE
100
AcDbSpline
 70
0
 71
2
 72
6
 73
3
 74
0
 40
0.0
 40
0.0
 40
0.0
 40
1.0
 40
1.0
 40
1.0
 10
321.5385525617732
 20
240.07621284924477
 30
0.0
 10
321.5225629784399
 20
240.10824409924479
 30
0.0
 10
321.5545681867732
 20
240.17222847424478
 30
0.0
  0
SPLINE
  5
6C4
330
17
100
AcDbEntity
  8
ENGRAVE
100
AcDbSpline
 70
0
 71
2
 72
6
 73
3
 74
0
 40
0.0
 40
0.0
 40
0.0
 40
1.0
 40
1.0
 40
1.0
 10
321.5545681867732
 20
240.17222847424478
 30
0.0
 10
321.58657339510654
 20
240.23621284924477
 30
0.0
 10
321.65058381177323
 20
240.25220243257812
 30
0.0
  0
SPLINE
  5
6C5
330
17
100
AcDbEntity
  8
ENGRAVE
100
AcDbSpline
 70
0
 71
2
 72
6
 73
3
 74
0
 40
0.0
 40
0.0
 40
0.0
 40
1.0
 40
1.0
 40
1.0
 10
323.2185786034399
 20
236.80420764091144
 30
0.0
 10
322.5945942284399
 20
236.3322024325781
 30
0.0
 10
321.93855256177324
 20
235.75621284924478
 30
0.0
  0
SPLINE
  5
6C6
330
17
100
AcDbEntity
  8
ENGRAVE
100
AcDbSpline
 70
0
 71
2
 72
6
 73
3
 74
0
 40
0.0
 40
0.0
 40
0.0
 40
1.0
 40
1.0
 40
1.0
 10
322.18657339510656
 20
237.65222847424477
 30
0.0
 10
322.06657339510656
 20
237.43621284924478
 30
0.0
 10
322.06657339510656
 20
237.35621284924477
 30
0.0
  0
SPLINE
  5
6C7
330
17
100
AcDbEntity
  8
ENGRAVE
100
AcDbSpline
 70
0
 71
2
 72
6
 73
3
 74
0
 40
0.0
 40
0.0
 40
0.0
 40
1.0
 40
1.0
 40
1.0
 10
321.6825629784399
 20
240.25220243257812
 30
0.0
 10
321.7945942284399
 20
240.3322024325781
 30
0.0
 10
322.1065733951066
 20
240.27621284924479
 30
0.0
  0
SPLINE
  5
6C8
330
17
100
AcDbEntity
  8
ENGRAVE
100
AcDbSpline
 70
0
 71
2
 72
6
 73
3
 74
0
 40
0.0
 40
0.0
 40
0.0
 40
1.0
 40
1.0
 40
1.0
 10
322.41855256177325
 20
238.1242336825781
 30
0.0
 10
322.30657339510657
 20
237.86824409924478
 30
0.0
 10
322.18657339510656
 20
237.65222847424477
 30
0.0
  0
SPLINE
  5
6C9
330
17
100
AcDbEntity
  8
ENGRAVE
100
AcDbSpline
 70
0
 71
2
 72
6
 73
3
 74
0
 40
0.0
 40
0.0
 40
0.0
 40
1.0
 40
1.0
 40
1.0
 10
322.06657339510656
 20
237.35621284924477
 30
0.0
 10
322.06657339510656
 20
237.35621284924477
 30
0.0
 10
322.1945681867732
 20
237.45222847424478
 30
0.0
  0
SPLINE
  5
6CA
330
17
100
AcDbEntity
  8
ENGRAVE
100
AcDbSpline
 70
0
 71
2
 72
6
 73
3
 74
0
 40
0.0
 40
0.0
 40
0.0
 40
1.0
 40
1.0
 40
1.0
 10
322.8985786034399
 20
239.34022326591145
 30
0.0
 10
322.8825629784399
 20
238.87621284924478
 30
0.0
 10
322.41855256177325
 20
238.1242336825781
 30
0.0
  0
SPLINE
  5
6CB
330
17
100
AcDbEntity
  8
ENGRAVE
100
AcDbSpline
 70
0
 71
2
 72
6
 73
3
 74
0
 40
0.0
 40
0.0
 40
0.0
 40
1.0
 40
1.0
 40
1.0
 10
322.1945681867732
 20
237.45222847424478
 30
0.0
 10
322.3225629784399
 20
237.54824409924478
 30
0.0
 10
322.4985786034399
 20
237.6842336825781
 30
0.0
  0
SPLINE
  5
6CC
330
17
100
AcDbEntity
  8
ENGRAVE
100
AcDbSpline
 70
0
 71
2
 72
6
 73
3
 74
0
 40
0.0
 40
0.0
 40
0.0
 40
1.0
 40
1.0
 40
1.0
 10
322.1065733951066
 20
240.27621284924479
 30
0.0
 10
322.41855256177325
 20
240.22022326591144
 30
0.0
 10
322.5785525617732
 20
240.09220243257812
 30
0.0
  0
SPLINE
  5
6CD
330
17
100
AcDbEntity
  8
ENGRAVE
100
AcDbSpline
 70
0
 71
2
 72
6
 73
3
 74
0
 40
0.0
 40
0.0
 40
0.0
 40
1.0
 40
1.0
 40
1.0
 10
322.4985786034399
 20
237.6842336825781
 30
0.0
 10
322.6745942284399
 20
237.82022326591144
 30
0.0
 10
322.8025629784399
 20
237.90022326591145
 30
0.0
  0
SPLINE
  5
6CE
330
17
100
AcDbEntity
  8
ENGRAVE
100
AcDbSpline
 70
0
 71
2
 72
6
 73
3
 74
0
 40
0.0
 40
0.0
 40
0.0
 40
1.0
 40
1.0
 40
1.0
 10
322.5785525617732
 20
240.09220243257812
 30
0.0
 10
322.9145942284399
 20
239.80423368257811
 30
0.0
 10
322.8985786034399
 20
239.34022326591145
 30
0.0
  0
SPLINE
  5
6CF
330
17
100
AcDbEntity
  8
ENGRAVE
100
AcDbSpline
 70
0
 71
2
 72
6
 73
3
 74
0
 40
0.0
 40
0.0
 40
0.0
 40
1.0
 40
1.0
 40
1.0
 10
322.8025629784399
 20
237.90022326591145
 30
0.0
 10
322.8825629784399
 20
237.98022326591143
 30
0.0
 10
323.15456818677325
 20
238.19621284924477
 30
0.0
  0
SPLINE
  5
6D0
330
17
100
AcDbEntity
  8
ENGRAVE
100
AcDbSpline
 70
0
 71
2
 72
6
 73
3
 74
0
 40
0.0
 40
0.0
 40
0.0
 40
1.0
 40
1.0
 40
1.0
 10
324.3545942284399
 20
237.51621284924477
 30
0.0
 10
323.8425629784399
 20
237.27621284924479
 30
0.0
 10
323.2185786034399
 20
236.80420764091144
 30
0.0
  0
SPLINE
  5
6D1
330
17
100
AcDbEntity
  8
ENGRAVE
100
AcDbSpline
 70
0
 71
2
 72
6
 73
3
 74
0
 40
0.0
 40
0.0
 40
0.0
 40
1.0
 40
1.0
 40
1.0
 10
323.15456818677325
 20
238.19621284924477
 30
0.0
 10
323.4265733951066
 20
238.4122024325781
 30
0.0
 10
323.74657339510657
 20
238.6522024325781
 30
0.0
  0
SPLINE
  5
6D2
330
17
100
AcDbEntity
  8
ENGRAVE
100
AcDbSpline
 70
0
 71
2
 72
6
 73
3
 74
0
 40
0.0
 40
0.0
 40
0.0
 40
1.0
 40
1.0
 40
1.0
 10
323.74657339510657
 20
238.6522024325781
 30
0.0
 10
324.06657339510656
 20
238.8922024325781
 30
0.0
 10
324.25855256177323
 20
239.02022326591145
 30
0.0
  0
SPLINE
  5
6D3
330
17
100
AcDbEntity
  8
ENGRAVE
100
AcDbSpline
 70
0
 71
2
 72
6
 73
3
 74
0
 40
0.0
 40
0.0
 40
0.0
 40
1.0
 40
1.0
 40
1.0
 10
324.65055777010656
 20
237.54022326591144
 30
0.0
 10
324.56256297843987
 20
237.59621284924478
 30
0.0
 10
324.3545942284399
 20
237.51621284924477
 30
0.0
  0
SPLINE
  5
6D4
330
17
100
AcDbEntity
  8
ENGRAVE
100
AcDbSpline
 70
0
 71
2
 72
6
 73
3
 74
0
 40
0.0
 40
0.0
 40
0.0
 40
1.0
 40
1.0
 40
1.0
 10
324.77058381177324
 20
237.2442336825781
 30
0.0
 10
324.73855256177325
 20
237.4842336825781
 30
0.0
 10
324.65055777010656
 20
237.54022326591144
 30
0.0
  0
SPLINE
  5
6D5
330
17
100
AcDbEntity
  8
ENGRAVE
100
AcDbSpline
 70
0
 71
2
 72
6
 73
3
 74
0
 40
0.0
 40
0.0
 40
0.0
 40
1.0
 40
1.0
 40
1.0
 10
324.7545942284399
 20
235.4042336825781
 30
0.0
 10
324.6585525617732
 20
235.7722024325781
 30
0.0
 10
324.70657339510655
 20
236.2122024325781
 30
0.0
  0
SPLINE
  5
6D6
330
17
100
AcDbEntity
  8
ENGRAVE
100
AcDbSpline
 70
0
 71
2
 72
6
 73
3
 74
0
 40
0.0
 40
0.0
 40
0.0
 40
1.0
 40
1.0
 40
1.0
 10
324.25855256177323
 20
239.02022326591145
 30
0.0
 10
324.4345942284399
 20
239.14824409924478
 30
0.0
 10
324.70657339510655
 20
239.2842336825781
 30
0.0
  0
SPLINE
  5
6D7
330
17
100
AcDbEntity
  8
ENGRAVE
100
AcDbSpline
 70
0
 71
2
 72
6
 73
3
 74
0
 40
0.0
 40
0.0
 40
0.0
 40
1.0
 40
1.0
 40
1.0
 10
325.1305577701066
 20
234.91621284924477
 30
0.0
 10
324.8985525617732
 20
235.03621284924478
 30
0.0
 10
324.7545942284399
 20
235.4042336825781
 30
0.0
  0
SPLINE
  5
6D8
330
17
100
AcDbEntity
  8
ENGRAVE
100
AcDbSpline
 70
0
 71
2
 72
6
 73
3
 74
0
 40
0.0
 40
0.0
 40
0.0
 40
1.0
 40
1.0
 40
1.0
 10
324.70657339510655
 20
236.2122024325781
 30
0.0
 10
324.7545942284399
 20
236.6522024325781
 30
0.0
 10
324.77058381177324
 20
236.94022326591144
 30
0.0
  0
SPLINE
  5
6D9
330
17
100
AcDbEntity
  8
ENGRAVE
100
AcDbSpline
 70
0
 71
2
 72
6
 73
3
 74
0
 40
0.0
 40
0.0
 40
0.0
 40
1.0
 40
1.0
 40
1.0
 10
324.70657339510655
 20
239.2842336825781
 30
0.0
 10
324.97855256177326
 20
239.42022326591143
 30
0.0
 10
325.0425629784399
 20
239.42022326591143
 30
0.0
  0
SPLINE
  5
6DA
330
17
100
AcDbEntity
  8
ENGRAVE
100
AcDbSpline
 70
0
 71
2
 72
6
 73
3
 74
0
 40
0.0
 40
0.0
 40
0.0
 40
1.0
 40
1.0
 40
1.0
 10
325.7145942284399
 20
234.7642336825781
 30
0.0
 10
325.3625629784399
 20
234.79621284924477
 30
0.0
 10
325.1305577701066
 20
234.91621284924477
 30
0.0
  0
SPLINE
  5
6DB
330
17
100
AcDbEntity
  8
ENGRAVE
100
AcDbSpline
 70
0
 71
2
 72
6
 73
3
 74
0
 40
0.0
 40
0.0
 40
0.0
 40
1.0
 40
1.0
 40
1.0
 10
325.0425629784399
 20
239.42022326591143
 30
0.0
 10
325.2025629784399
 20
239.42022326591143
 30
0.0
 10
325.4345681867732
 20
239.3082180575781
 30
0.0
  0
SPLINE
  5
6DC
330
17
100
AcDbEntity
  8
ENGRAVE
100
AcDbSpline
 70
0
 71
2
 72
6
 73
3
 74
0
 40
0.0
 40
0.0
 40
0.0
 40
1.0
 40
1.0
 40
1.0
 10
326.1385786034399
 20
235.0122024325781
 30
0.0
 10
325.9225629784399
 20
234.81220243257812
 30
0.0
 10
325.7145942284399
 20
234.7642336825781
 30
0.0
  0
SPLINE
  5
6DD
330
17
100
AcDbEntity
  8
ENGRAVE
100
AcDbSpline
 70
0
 71
2
 72
6
 73
3
 74
0
 40
0.0
 40
0.0
 40
0.0
 40
1.0
 40
1.0
 40
1.0
 10
325.4345681867732
 20
239.3082180575781
 30
0.0
 10
325.6665733951066
 20
239.19621284924477
 30
0.0
 10
325.86657339510657
 20
239.04420764091145
 30
0.0
  0
SPLINE
  5
6DE
330
17
100
AcDbEntity
  8
ENGRAVE
100
AcDbSpline
 70
0
 71
2
 72
6
 73
3
 74
0
 40
0.0
 40
0.0
 40
0.0
 40
1.0
 40
1.0
 40
1.0
 10
326.06657339510656
 20
237.43623889091145
 30
0.0
 10
326.0985525617732
 20
236.8442336825781
 30
0.0
 10
326.00256297843987
 20
236.42824409924478
 30
0.0
  0
SPLINE
  5
6DF
330
17
100
AcDbEntity
  8
ENGRAVE
100
AcDbSpline
 70
0
 71
2
 72
6
 73
3
 74
0
 40
0.0
 40
0.0
 40
0.0
 40
1.0
 40
1.0
 40
1.0
 10
326.00256297843987
 20
236.42824409924478
 30
0.0
 10
326.00256297843987
 20
236.42824409924478
 30
0.0
 10
326.0185786034399
 20
236.4042336825781
 30
0.0
  0
SPLINE
  5
6E0
330
17
100
AcDbEntity
  8
ENGRAVE
100
AcDbSpline
 70
0
 71
2
 72
6
 73
3
 74
0
 40
0.0
 40
0.0
 40
0.0
 40
1.0
 40
1.0
 40
1.0
 10
326.0505838117732
 20
236.3322024325781
 30
0.0
 10
326.0345942284399
 20
236.31621284924478
 30
0.0
 10
326.04258902010656
 20
236.27621284924479
 30
0.0
  0
SPLINE
  5
6E1
330
17
100
AcDbEntity
  8
ENGRAVE
100
AcDbSpline
 70
0
 71
2
 72
6
 73
3
 74
0
 40
0.0
 40
0.0
 40
0.0
 40
1.0
 40
1.0
 40
1.0
 10
326.04258902010656
 20
236.27621284924479
 30
0.0
 10
326.0505838117732
 20
236.23621284924477
 30
0.0
 10
326.0505838117732
 20
236.23621284924477
 30
0.0
  0
SPLINE
  5
6E2
330
17
100
AcDbEntity
  8
ENGRAVE
100
AcDbSpline
 70
0
 71
2
 72
6
 73
3
 74
0
 40
0.0
 40
0.0
 40
0.0
 40
1.0
 40
1.0
 40
1.0
 10
326.0185786034399
 20
236.4042336825781
 30
0.0
 10
326.0345942284399
 20
236.38022326591144
 30
0.0
 10
326.0505838117732
 20
236.3322024325781
 30
0.0
  0
SPLINE
  5
6E3
330
17
100
AcDbEntity
  8
ENGRAVE
100
AcDbSpline
 70
0
 71
2
 72
6
 73
3
 74
0
 40
0.0
 40
0.0
 40
0.0
 40
1.0
 40
1.0
 40
1.0
 10
326.06657339510656
 20
238.4122024325781
 30
0.0
 10
326.0345942284399
 20
238.02824409924477
 30
0.0
 10
326.06657339510656
 20
237.43623889091145
 30
0.0
  0
SPLINE
  5
6E4
330
17
100
AcDbEntity
  8
ENGRAVE
100
AcDbSpline
 70
0
 71
2
 72
6
 73
3
 74
0
 40
0.0
 40
0.0
 40
0.0
 40
1.0
 40
1.0
 40
1.0
 10
326.0825629784399
 20
238.59621284924478
 30
0.0
 10
326.06657339510656
 20
238.4922024325781
 30
0.0
 10
326.06657339510656
 20
238.4122024325781
 30
0.0
  0
SPLINE
  5
6E5
330
17
100
AcDbEntity
  8
ENGRAVE
100
AcDbSpline
 70
0
 71
2
 72
6
 73
3
 74
0
 40
0.0
 40
0.0
 40
0.0
 40
1.0
 40
1.0
 40
1.0
 10
326.0985525617732
 20
238.7642336825781
 30
0.0
 10
326.0985525617732
 20
238.70022326591143
 30
0.0
 10
326.0825629784399
 20
238.59621284924478
 30
0.0
  0
SPLINE
  5
6E6
330
17
100
AcDbEntity
  8
ENGRAVE
100
AcDbSpline
 70
0
 71
2
 72
6
 73
3
 74
0
 40
0.0
 40
0.0
 40
0.0
 40
1.0
 40
1.0
 40
1.0
 10
325.86657339510657
 20
239.04420764091145
 30
0.0
 10
326.06657339510656
 20
238.8922024325781
 30
0.0
 10
326.0985525617732
 20
238.7642336825781
 30
0.0
  0
SPLINE
  5
6E7
330
17
100
AcDbEntity
  8
ENGRAVE
100
AcDbSpline
 70
0
 71
2
 72
6
 73
3
 74
0
 40
0.0
 40
0.0
 40
0.0
 40
1.0
 40
1.0
 40
1.0
 10
326.3705838117732
 20
235.42022326591143
 30
0.0
 10
326.3545942284399
 20
235.2122024325781
 30
0.0
 10
326.1385786034399
 20
235.0122024325781
 30
0.0
  0
SPLINE
  5
6E8
330
17
100
AcDbEntity
  8
ENGRAVE
100
AcDbSpline
 70
0
 71
2
 72
6
 73
3
 74
0
 40
0.0
 40
0.0
 40
0.0
 40
1.0
 40
1.0
 40
1.0
 10
326.0505838117732
 20
236.23621284924477
 30
0.0
 10
326.0825629784399
 20
236.07621284924477
 30
0.0
 10
326.1625629784399
 20
235.90022326591145
 30
0.0
  0
SPLINE
  5
6E9
330
17
100
AcDbEntity
  8
ENGRAVE
100
AcDbSpline
 70
0
 71
2
 72
6
 73
3
 74
0
 40
0.0
 40
0.0
 40
0.0
 40
1.0
 40
1.0
 40
1.0
 10
326.1625629784399
 20
235.90022326591145
 30
0.0
 10
326.2425629784399
 20
235.7242336825781
 30
0.0
 10
326.3705838117732
 20
235.42022326591143
 30
0.0
  0
SPLINE
  5
6EA
330
17
100
AcDbEntity
  8
ENGRAVE
100
AcDbSpline
 70
0
 71
3
 72
116
 73
112
 74
0
 40
0.0
 40
0.0
 40
0.0
 40
0.0
 40
0.514264402360923
 40
0.514264402360923
 40
0.514264402360923
 40
1.3287038585726523
 40
1.3287038585726523
 40
1.3287038585726523
 40
2.3633080433332263
 40
2.3633080433332263
 40
2.3633080433332263
 40
3.507498291508499
 40
3.507498291508499
 40
3.507498291508499
 40
4.717676064382336
 40
4.717676064382336
 40
4.717676064382336
 40
7.264719492077198
 40
7.264719492077198
 40
7.264719492077198
 40
8.52849909465708
 40
8.52849909465708
 40
8.52849909465708
 40
9.798417491125612
 40
9.798417491125612
 40
9.798417491125612
 40
11.911395146641189
 40
11.911395146641189
 40
11.911395146641189
 40
14.312892485244422
 40
14.312892485244422
 40
14.312892485244422
 40
16.621795243320925
 40
16.621795243320925
 40
16.621795243320925
 40
17.87205908133378
 40
17.87205908133378
 40
17.87205908133378
 40
18.785641700639005
 40
18.785641700639005
 40
18.785641700639005
 40
19.105244143676675
 40
19.105244143676675
 40
19.105244143676675
 40
19.33252501727408
 40
19.33252501727408
 40
19.33252501727408
 40
19.468289864784477
 40
19.468289864784477
 40
19.468289864784477
 40
19.513432493878483
 40
19.513432493878483
 40
19.513432493878483
 40
19.55857512297249
 40
19.55857512297249
 40
19.55857512297249
 40
19.694339970482886
 40
19.694339970482886
 40
19.694339970482886
 40
19.92162084408029
 40
19.92162084408029
 40
19.92162084408029
 40
20.24122328711796
 40
20.24122328711796
 40
20.24122328711796
 40
21.154805906423185
 40
21.154805906423185
 40
21.154805906423185
 40
22.40506974443602
 40
22.40506974443602
 40
22.40506974443602
 40
24.71397250251254
 40
24.71397250251254
 40
24.71397250251254
 40
27.115469841115775
 40
27.115469841115775
 40
27.115469841115775
 40
29.228447496631354
 40
29.228447496631354
 40
29.228447496631354
 40
30.498365893099884
 40
30.498365893099884
 40
30.498365893099884
 40
31.762145495679764
 40
31.762145495679764
 40
31.762145495679764
 40
34.30918892337462
 40
34.30918892337462
 40
34.30918892337462
 40
35.519366696248454
 40
35.519366696248454
 40
35.519366696248454
 40
36.663556944423725
 40
36.663556944423725
 40
36.663556944423725
 40
37.69816112918428
 40
37.69816112918428
 40
37.69816112918428
 40
38.14178347451699
 40
38.14178347451699
 40
38.14178347451699
 40
38.51260058539603
 40
38.51260058539603
 40
38.51260058539603
 40
38.79278713847051
 40
38.79278713847051
 40
38.79278713847051
 40
38.96748187065575
 40
38.96748187065575
 40
38.96748187065575
 40
39.02686498775695
 40
39.02686498775695
 40
39.02686498775695
 40
39.02686498775695
 10
287.15
 20
193.71176470588236
 30
0.0
 10
287.1586310683635
 20
193.8832300764115
 30
0.0
 10
287.2037973097905
 20
194.05092313113474
 30
0.0
 10
287.25606524747917
 20
194.21367756135334
 30
0.0
 10
287.34343598915854
 20
194.47237522206578
 30
0.0
 10
287.4620054739647
 20
194.7159822360909
 30
0.0
 10
287.61177370189756
 20
194.94449860342863
 30
0.0
 10
287.8019135608129
 20
195.23607973315015
 30
0.0
 10
288.0327907690407
 20
195.4907886212417
 30
0.0
 10
288.30440532658025
 20
195.70862526770247
 30
0.0
 10
288.60285189583476
 20
195.94681291710327
 30
0.0
 10
288.94652001695994
 20
196.12906115720733
 30
0.0
 10
289.3129148601
 20
196.23781830386406
 30
0.0
 10
289.70024792093875
 20
196.35346745273426
 30
0.0
 10
290.11159164631147
 20
196.38608544963125
 30
0.0
 10
290.51262142834565
 20
196.33642283245763
 30
0.0
 10
291.3583636935726
 20
196.23344311668632
 30
0.0
 10
292.1495173897162
 20
195.7695909956492
 30
0.0
 10
292.6633523977292
 20
195.091671946446
 30
0.0
 10
292.91876589514015
 20
194.75593051847036
 30
0.0
 10
293.105310308169
 20
194.36663885253483
 30
0.0
 10
293.1980739961571
 20
193.9545622227234
 30
0.0
 10
293.292378880031
 20
193.5406020371798
 30
0.0
 10
293.28888109137387
 20
193.1064248167837
 30
0.0
 10
293.1980739961572
 20
192.692290711134
 30
0.0
 10
293.04735198483985
 20
191.9992357390369
 30
0.0
 10
292.6709645945125
 20
191.37834505960137
 30
0.0
 10
292.22623673066477
 20
190.8358058168422
 30
0.0
 10
291.7170386540574
 20
190.21632835793386
 30
0.0
 10
291.11758018814004
 20
189.6799685743261
 30
0.0
 10
290.5126214283456
 20
189.157099936761
 30
0.0
 10
289.9298455780302
 20
188.65458778843382
 30
0.0
 10
289.33428564684874
 20
188.16613817068503
 30
0.0
 10
288.7747513563032
 20
187.63727534219882
 30
0.0
 10
288.47224350606047
 20
187.35093344023304
 30
0.0
 10
288.1799524194687
 20
187.05215360670744
 30
0.0
 10
287.9147058823529
 20
186.73063843413027
 30
0.0
 10
287.72137094710763
 20
186.49710255867254
 30
0.0
 10
287.54188373414297
 20
186.24569637774866
 30
0.0
 10
287.39475945182386
 20
185.9806362345523
 30
0.0
 10
287.34294643326893
 20
185.8900683769074
 30
0.0
 10
287.2967150318209
 20
185.79408826364514
 30
0.0
 10
287.2560652474791
 20
185.69269589476497
 30
0.0
 10
287.2273101499334
 20
185.61610544681554
 30
0.0
 10
287.2026326724996
 20
185.54447693412646
 30
0.0
 10
287.18203281517765
 20
185.4778103566971
 30
0.0
 10
287.1698357998615
 20
185.43999719019064
 30
0.0
 10
287.1592876294212
 20
185.40755600085902
 30
0.0
 10
287.1540501624501
 20
185.3449605732353
 30
0.0
 10
287.15230867315313
 20
185.32414721672947
 30
0.0
 10
287.15115433657627
 20
185.29999999999993
 30
0.0
 10
287.15
 20
185.3
 30
0.0
 10
287.14884566342363
 20
185.2999999999999
 30
0.0
 10
287.147691326847
 20
185.32414721672947
 30
0.0
 10
287.14594983754995
 20
185.34496057323534
 30
0.0
 10
287.1407123705784
 20
185.40755600085893
 30
0.0
 10
287.1301642001383
 20
185.43999719019078
 30
0.0
 10
287.11796718482225
 20
185.47781035669712
 30
0.0
 10
287.09736732750025
 20
185.54447693412624
 30
0.0
 10
287.0726898500666
 20
185.61610544681562
 30
0.0
 10
287.0439347525208
 20
185.69269589476502
 30
0.0
 10
287.00328496817906
 20
185.79408826364497
 30
0.0
 10
286.9570535667309
 20
185.89006837690755
 30
0.0
 10
286.90524054817604
 20
185.98063623455232
 30
0.0
 10
286.75811626585704
 20
186.2456963777486
 30
0.0
 10
286.5786290528919
 20
186.4971025586726
 30
0.0
 10
286.38529411764705
 20
186.7306384341303
 30
0.0
 10
286.1200475805315
 20
187.0521536067078
 30
0.0
 10
285.8277564939396
 20
187.3509334402329
 30
0.0
 10
285.5252486436967
 20
187.6372753421988
 30
0.0
 10
284.96571435315155
 20
188.1661381706851
 30
0.0
 10
284.37015442196946
 20
188.6545877884337
 30
0.0
 10
283.7873785716543
 20
189.15709993676097
 30
0.0
 10
283.18241981186003
 20
189.67996857432615
 30
0.0
 10
282.58296134594235
 20
190.21632835793392
 30
0.0
 10
282.07376326933513
 20
190.83580581684203
 30
0.0
 10
281.6290354054874
 20
191.37834505959512
 30
0.0
 10
281.2526480151603
 20
191.999235739045
 30
0.0
 10
281.1019260038428
 20
192.69229071113404
 30
0.0
 10
281.0111189086262
 20
193.1064248165972
 30
0.0
 10
281.0076211199687
 20
193.54060203743467
 30
0.0
 10
281.1019260038427
 20
193.9545622227234
 30
0.0
 10
281.1946896918313
 20
194.36663884995176
 30
0.0
 10
281.38123410485935
 20
194.75593052208004
 30
0.0
 10
281.63664760227067
 20
195.09167194644604
 30
0.0
 10
282.1504826102835
 20
195.7695908665382
 30
0.0
 10
282.94163630642765
 20
196.2334432858105
 30
0.0
 10
283.78737857165436
 20
196.33642283245757
 30
0.0
 10
284.18840835368866
 20
196.38607893952127
 30
0.0
 10
284.5997520790609
 20
196.35347631937196
 30
0.0
 10
284.98708513989993
 20
196.237818303864
 30
0.0
 10
285.35347998303985
 20
196.12897787993123
 30
0.0
 10
285.6971481041655
 20
195.946925654096
 30
0.0
 10
285.99559467341965
 20
195.70862526770247
 30
0.0
 10
286.2672092309594
 20
195.49094354543982
 30
0.0
 10
286.498086439187
 20
195.23623465734843
 30
0.0
 10
286.6882262981024
 20
194.94449860342868
 30
0.0
 10
286.7692694042289
 20
194.81826702017688
 30
0.0
 10
286.84160748758694
 20
194.68929432688128
 30
0.0
 10
286.90524054817604
 20
194.55758052354162
 30
0.0
 10
286.9585447012199
 20
194.45192920272032
 30
0.0
 10
287.0047761026683
 20
194.33729488199103
 30
0.0
 10
287.0439347525208
 20
194.21367756135334
 30
0.0
 10
287.07334753101605
 20
194.11777403343874
 30
0.0
 10
287.09832520647126
 20
194.01107673123624
 30
0.0
 10
287.1179671848224
 20
193.94344857791293
 30
0.0
 10
287.13021384730484
 20
193.9012828065603
 30
0.0
 10
287.1403862831401
 20
193.87430497937288
 30
0.0
 10
287.1459498375499
 20
193.77100954346997
 30
0.0
 10
287.14784102910943
 20
193.73589683635205
 30
0.0
 10
287.1491996688193
 20
193.6919657023875
 30
0.0
 10
287.15
 20
193.7117647058824
 30
0.0
  0
ARC
  5
6EB
330
17
100
AcDbEntity
  8
ENGRAVE
100
AcDbCircle
 10
51.349999999999895
 20
84.50000000000001
 30
0.0
 40
30.5
100
AcDbArc
 50
180.0
 51
270.0
  0
ARC
  5
6EC
330
17
100
AcDbEntity
  8
ENGRAVE
100
AcDbCircle
 10
51.34999999999975
 20
241.90000000000003
 30
0.0
 40
17.5
100
AcDbArc
 50
90.0
 51
180.0
  0
ARC
  5
6ED
330
17
100
AcDbEntity
  8
ENGRAVE
100
AcDbCircle
 10
51.34999999999975
 20
84.50000000000001
 30
0.0
 40
17.5
100
AcDbArc
 50
-180.0
 51
-90.0
  0
ARC
  5
6EE
330
17
100
AcDbEntity
  8
ENGRAVE
100
AcDbCircle
 10
51.349999999999895
 20
241.90000000000003
 30
0.0
 40
30.5
100
AcDbArc
 50
90.0
 51
180.0
  0
ARC
  5
6EF
330
17
100
AcDbEntity
  8
ENGRAVE
100
AcDbCircle
 10
148.14999999468264
 20
241.90000000000003
 30
0.0
 40
17.5
100
AcDbArc
 50
0.0
 51
90.0
  0
ARC
  5
6F0
330
17
100
AcDbEntity
  8
ENGRAVE
100
AcDbCircle
 10
148.14999999696872
 20
84.50000000000001
 30
0.0
 40
30.5
100
AcDbArc
 50
270.0
 51
360.0
  0
ARC
  5
6F1
330
17
100
AcDbEntity
  8
ENGRAVE
100
AcDbCircle
 10
148.14999999468264
 20
84.50000000000001
 30
0.0
 40
17.5
100
AcDbArc
 50
-90.0
 51
0.0
  0
ARC
  5
6F2
330
17
100
AcDbEntity
  8
ENGRAVE
100
AcDbCircle
 10
148.14999999696872
 20
241.90000000000003
 30
0.0
 40
30.5
100
AcDbArc
 50
0.0
 51
90.0
  0
ARC
  5
6F3
330
17
100
AcDbEntity
  8
ENGRAVE
100
AcDbCircle
 10
232.14999999999998
 20
110.49999999999997
 30
0.0
 40
18.0
100
AcDbArc
 50
-180.0
 51
-90.0
  0
ARC
  5
6F4
330
17
100
AcDbEntity
  8
ENGRAVE
100
AcDbCircle
 10
232.14999999999998
 20
145.4999999216546
 30
0.0
 40
15.0
100
AcDbArc
 50
90.0
 51
180.0
  0
ARC
  5
6F5
330
17
100
AcDbEntity
  8
ENGRAVE
100
AcDbCircle
 10
232.14999999999998
 20
110.49999999999999
 30
0.0
 40
15.0
100
AcDbArc
 50
180.0
 51
270.0
  0
ARC
  5
6F6
330
17
100
AcDbEntity
  8
ENGRAVE
100
AcDbCircle
 10
232.14999999999998
 20
145.49999994121063
 30
0.0
 40
18.0
100
AcDbArc
 50
90.0
 51
180.0
  0
CIRCLE
  5
6F7
330
17
100
AcDbEntity
  8
ENGRAVE
100
AcDbCircle
 10
287.15
 20
223.8
 30
0.0
 40
49.0
  0
CIRCLE
  5
6F8
330
17
100
AcDbEntity
  8
ENGRAVE
100
AcDbCircle
 10
287.15
 20
223.8
 30
0.0
 40
52.0
  0
ARC
  5
6F9
330
17
100
AcDbEntity
  8
ENGRAVE
100
AcDbCircle
 10
342.15
 20
110.49999999999997
 30
0.0
 40
18.0
100
AcDbArc
 50
-90.0
 51
0.0
  0
ARC
  5
6FA
330
17
100
AcDbEntity
  8
ENGRAVE
100
AcDbCircle
 10
342.15
 20
145.4999999216546
 30
0.0
 40
15.0
100
AcDbArc
 50
0.0
 51
90.0
  0
ARC
  5
6FB
330
17
100
AcDbEntity
  8
ENGRAVE
100
AcDbCircle
 10
342.15
 20
110.49999999999999
 30
0.0
 40
15.0
100
AcDbArc
 50
270.0
 51
360.0
  0
ARC
  5
6FC
330
17
100
AcDbEntity
  8
ENGRAVE
100
AcDbCircle
 10
342.15
 20
145.49999994121063
 30
0.0
 40
18.0
100
AcDbArc
 50
0.0
 51
90.0
  0
LINE
  5
6FD
330
17
100
AcDbEntity
  8
ENGRAVE
100
AcDbLine
 10
20.850000000000094
 20
241.90000000000003
 30
0.0
 11
20.850000000000094
 21
84.50000000000001
 31
0.0
  0
LINE
  5
6FE
330
17
100
AcDbEntity
  8
ENGRAVE
100
AcDbLine
 10
33.85000000000022
 20
84.50000000000001
 30
0.0
 11
33.85000000000022
 21
241.90000000000003
 31
0.0
  0
LINE
  5
6FF
330
17
100
AcDbEntity
  8
ENGRAVE
100
AcDbLine
 10
51.349999999999895
 20
54.000000000000014
 30
0.0
 11
148.14999999696872
 21
54.000000000000014
 31
0.0
  0
LINE
  5
700
330
17
100
AcDbEntity
  8
ENGRAVE
100
AcDbLine
 10
51.34999999999975
 20
259.40000000000003
 30
0.0
 11
148.14999999468264
 21
259.40000000000003
 31
0.0
  0
LINE
  5
701
330
17
100
AcDbEntity
  8
ENGRAVE
100
AcDbLine
 10
75.26397662137657
 20
281.9889363282824
 30
0.0
 11
75.26397662137657
 21
281.9239363282824
 31
0.0
  0
LINE
  5
702
330
17
100
AcDbEntity
  8
ENGRAVE
100
AcDbLine
 10
86.7819681578349
 20
278.7389363282824
 30
0.0
 11
86.82098508491823
 21
279.1159447918241
 31
0.0
  0
LINE
  5
703
330
17
100
AcDbEntity
  8
ENGRAVE
100
AcDbLine
 10
88.22500201200157
 20
284.9009447918241
 30
0.0
 11
88.2379935484599
 21
284.9269278647408
 31
0.0
  0
LINE
  5
704
330
17
100
AcDbEntity
  8
ENGRAVE
100
AcDbLine
 10
101.65397662137657
 20
283.1199617189074
 30
0.0
 11
101.71897662137657
 21
283.4059447918241
 31
0.0
  0
LINE
  5
705
330
17
100
AcDbEntity
  8
ENGRAVE
100
AcDbLine
 10
101.9919681578349
 20
283.49692786474077
 30
0.0
 11
101.65397662137657
 21
283.1199617189074
 31
0.0
  0
LINE
  5
706
330
17
100
AcDbEntity
  8
ENGRAVE
100
AcDbLine
 10
115.53795123075157
 20
284.4849617189074
 30
0.0
 11
116.05795123075157
 21
284.34192786474074
 31
0.0
  0
LINE
  5
707
330
17
100
AcDbEntity
  8
ENGRAVE
100
AcDbLine
 10
116.05795123075157
 20
284.34192786474074
 30
0.0
 11
115.70692584012657
 21
283.5879532553658
 31
0.0
  0
LINE
  5
708
330
17
100
AcDbEntity
  8
ENGRAVE
100
AcDbLine
 10
124.0009427672099
 20
281.4559447918241
 30
0.0
 11
124.11795123075157
 21
281.89795325536574
 31
0.0
  0
LINE
  5
709
330
17
100
AcDbEntity
  8
ENGRAVE
100
AcDbLine
 10
124.10491737658491
 20
281.4559447918241
 30
0.0
 11
124.0009427672099
 21
281.4559447918241
 31
0.0
  0
LINE
  5
70A
330
17
100
AcDbEntity
  8
ENGRAVE
100
AcDbLine
 10
148.14999999468264
 20
67.00000000000001
 30
0.0
 11
51.34999999999975
 21
67.00000000000001
 31
0.0
  0
LINE
  5
70B
330
17
100
AcDbEntity
  8
ENGRAVE
100
AcDbLine
 10
148.14999999696872
 20
272.40000000000003
 30
0.0
 11
51.349999999999895
 21
272.40000000000003
 31
0.0
  0
LINE
  5
70C
330
17
100
AcDbEntity
  8
ENGRAVE
100
AcDbLine
 10
165.65000000000023
 20
241.90000000000003
 30
0.0
 11
165.65000000000023
 21
84.50000000000001
 31
0.0
  0
LINE
  5
70D
330
17
100
AcDbEntity
  8
ENGRAVE
100
AcDbLine
 10
178.6500000000001
 20
84.50000000000001
 30
0.0
 11
178.6500000000001
 21
241.90000000000003
 31
0.0
  0
LINE
  5
70E
330
17
100
AcDbEntity
  8
ENGRAVE
100
AcDbLine
 10
214.14999999999998
 20
145.49999994121063
 30
0.0
 11
214.14999999999998
 21
110.49999999999997
 31
0.0
  0
LINE
  5
70F
330
17
100
AcDbEntity
  8
ENGRAVE
100
AcDbLine
 10
217.14999999999998
 20
110.49999999999999
 30
0.0
 11
217.14999999999998
 21
145.4999999216546
 31
0.0
  0
LINE
  5
710
330
17
100
AcDbEntity
  8
ENGRAVE
100
AcDbLine
 10
232.14999999999998
 20
92.5
 30
0.0
 11
342.15
 21
92.5
 31
0.0
  0
LINE
  5
711
330
17
100
AcDbEntity
  8
ENGRAVE
100
AcDbLine
 10
232.14999999999998
 20
160.50000000000003
 30
0.0
 11
342.15
 21
160.50000000000003
 31
0.0
  0
LINE
  5
712
330
17
100
AcDbEntity
  8
ENGRAVE
100
AcDbLine
 10
248.38657339510652
 20
240.10824409924479
 30
0.0
 11
249.02657339510654
 21
239.9322024325781
 31
0.0
  0
LINE
  5
713
330
17
100
AcDbEntity
  8
ENGRAVE
100
AcDbLine
 10
249.02657339510654
 20
239.9322024325781
 30
0.0
 11
248.59454214510652
 21
239.0042336825781
 31
0.0
  0
LINE
  5
714
330
17
100
AcDbEntity
  8
ENGRAVE
100
AcDbLine
 10
254.62657339510656
 20
239.10022326591144
 30
0.0
 11
254.4985525617732
 21
238.8442336825781
 31
0.0
  0
LINE
  5
715
330
17
100
AcDbEntity
  8
ENGRAVE
100
AcDbLine
 10
257.4105317284399
 20
238.74824409924477
 30
0.0
 11
257.05855256177324
 21
238.1722024325781
 31
0.0
  0
LINE
  5
716
330
17
100
AcDbEntity
  8
ENGRAVE
100
AcDbLine
 10
258.7385525617732
 20
238.34824409924477
 30
0.0
 11
259.0105317284399
 21
239.14824409924478
 31
0.0
  0
LINE
  5
717
330
17
100
AcDbEntity
  8
ENGRAVE
100
AcDbLine
 10
259.0105317284399
 20
239.14824409924478
 30
0.0
 11
258.4185525617732
 21
239.67621284924476
 31
0.0
  0
LINE
  5
718
330
17
100
AcDbEntity
  8
ENGRAVE
100
AcDbLine
 10
263.49207409166866
 20
215.38976441754582
 30
0.0
 11
263.36405325833533
 21
215.1337748342125
 31
0.0
  0
LINE
  5
719
330
17
100
AcDbEntity
  8
ENGRAVE
100
AcDbLine
 10
266.27603242500203
 20
215.03778525087915
 30
0.0
 11
265.92405325833533
 21
214.46174358421248
 31
0.0
  0
LINE
  5
71A
330
17
100
AcDbEntity
  8
ENGRAVE
100
AcDbLine
 10
267.60405325833534
 20
214.63778525087915
 30
0.0
 11
267.876032425002
 21
215.43778525087916
 31
0.0
  0
LINE
  5
71B
330
17
100
AcDbEntity
  8
ENGRAVE
100
AcDbLine
 10
267.876032425002
 20
215.43778525087916
 30
0.0
 11
267.28405325833535
 21
215.96575400087914
 31
0.0
  0
LINE
  5
71C
330
17
100
AcDbEntity
  8
ENGRAVE
100
AcDbLine
 10
270.676032425002
 20
216.5417435842125
 30
0.0
 11
270.64405325833536
 21
216.5417435842125
 31
0.0
  0
LINE
  5
71D
330
17
100
AcDbEntity
  8
ENGRAVE
100
AcDbLine
 10
270.73855256177325
 20
240.10824409924479
 30
0.0
 11
271.37855256177323
 21
239.9322024325781
 31
0.0
  0
LINE
  5
71E
330
17
100
AcDbEntity
  8
ENGRAVE
100
AcDbLine
 10
271.37855256177323
 20
239.9322024325781
 30
0.0
 11
270.9465213117732
 21
239.0042336825781
 31
0.0
  0
LINE
  5
71F
330
17
100
AcDbEntity
  8
ENGRAVE
100
AcDbLine
 10
273.76405325833537
 20
213.5337748342125
 30
0.0
 11
273.76405325833537
 21
213.22976441754582
 31
0.0
  0
LINE
  5
720
330
17
100
AcDbEntity
  8
ENGRAVE
100
AcDbLine
 10
279.428063675002
 20
211.77377483421247
 30
0.0
 11
280.08405325833536
 21
212.36575400087915
 31
0.0
  0
LINE
  5
721
330
17
100
AcDbEntity
  8
ENGRAVE
100
AcDbLine
 10
280.08405325833536
 20
212.36575400087915
 30
0.0
 11
280.1000428416687
 21
211.8217435842125
 31
0.0
  0
LINE
  5
722
330
17
100
AcDbEntity
  8
ENGRAVE
100
AcDbLine
 10
281.1545421451066
 20
236.38022326591144
 30
0.0
 11
281.2985525617732
 21
236.92423368257812
 31
0.0
  0
LINE
  5
723
330
17
100
AcDbEntity
  8
ENGRAVE
100
AcDbLine
 10
281.28251089510655
 20
236.38022326591144
 30
0.0
 11
281.1545421451066
 21
236.38022326591144
 31
0.0
  0
LINE
  5
724
330
17
100
AcDbEntity
  8
ENGRAVE
100
AcDbLine
 10
287.39603242500203
 20
213.32575400087916
 30
0.0
 11
287.39603242500203
 21
213.24575400087915
 31
0.0
  0
LINE
  5
725
330
17
100
AcDbEntity
  8
ENGRAVE
100
AcDbLine
 10
292.88256297843986
 20
237.03621284924478
 30
0.0
 11
292.88256297843986
 21
236.95621284924476
 31
0.0
  0
LINE
  5
726
330
17
100
AcDbEntity
  8
ENGRAVE
100
AcDbLine
 10
294.49999075833534
 20
214.92575400087915
 30
0.0
 11
294.676032425002
 21
215.35778525087915
 31
0.0
  0
LINE
  5
727
330
17
100
AcDbEntity
  8
ENGRAVE
100
AcDbLine
 10
295.6680115916687
 20
211.46976441754583
 30
0.0
 11
295.82801159166866
 21
211.32575400087916
 31
0.0
  0
LINE
  5
728
330
17
100
AcDbEntity
  8
ENGRAVE
100
AcDbLine
 10
295.876032425002
 20
213.24575400087915
 30
0.0
 11
295.4280115916687
 21
211.99778525087916
 31
0.0
  0
LINE
  5
729
330
17
100
AcDbEntity
  8
ENGRAVE
100
AcDbLine
 10
302.25855256177323
 20
240.1242336825781
 30
0.0
 11
302.17855256177324
 21
240.2042336825781
 31
0.0
  0
LINE
  5
72A
330
17
100
AcDbEntity
  8
ENGRAVE
100
AcDbLine
 10
321.6825629784399
 20
240.25220243257812
 30
0.0
 11
321.65058381177323
 21
240.25220243257812
 31
0.0
  0
LINE
  5
72B
330
17
100
AcDbEntity
  8
ENGRAVE
100
AcDbLine
 10
324.77058381177324
 20
237.2442336825781
 30
0.0
 11
324.77058381177324
 21
236.94022326591144
 31
0.0
  0
LINE
  5
72C
330
17
100
AcDbEntity
  8
ENGRAVE
100
AcDbLine
 10
342.15
 20
95.50000000000003
 30
0.0
 11
232.14999999999998
 21
95.50000000000003
 31
0.0
  0
LINE
  5
72D
330
17
100
AcDbEntity
  8
ENGRAVE
100
AcDbLine
 10
342.15
 20
163.5
 30
0.0
 11
232.14999999999998
 21
163.5
 31
0.0
  0
LINE
  5
72E
330
17
100
AcDbEntity
  8
ENGRAVE
100
AcDbLine
 10
357.15
 20
145.4999999216546
 30
0.0
 11
357.15
 21
110.49999999999999
 31
0.0
  0
LINE
  5
72F
330
17
100
AcDbEntity
  8
ENGRAVE
100
AcDbLine
 10
360.15
 20
110.49999999999997
 30
0.0
 11
360.15
 21
145.49999994121063
 31
0.0
  0
ENDSEC
  0
SECTION
  2
OBJECTS
  0
DICTIONARY
  5
A
330
0
100
AcDbDictionary
281
1
  3
ACAD_COLOR
350
B
  3
ACAD_GROUP
350
C
  3
ACAD_LAYOUT
350
D
  3
ACAD_MATERIAL
350
E
  3
ACAD_MLEADERSTYLE
350
F
  3
ACAD_MLINESTYLE
350
10
  3
ACAD_PLOTSETTINGS
350
11
  3
ACAD_PLOTSTYLENAME
350
12
  3
ACAD_SCALELIST
350
14
  3
ACAD_TABLESTYLE
350
15
  3
ACAD_VISUALSTYLE
350
16
  3
EZDXF_META
350
2D
  0
DICTIONARY
  5
B
330
A
100
AcDbDictionary
281
1
  0
DICTIONARY
  5
C
330
A
100
AcDbDictionary
281
1
  0
DICTIONARY
  5
D
330
A
100
AcDbDictionary
281
1
  3
Model
350
1A
  3
Layout1
350
1E
  0
DICTIONARY
  5
E
330
A
100
AcDbDictionary
281
1
  3
ByBlock
350
1F
  3
ByLayer
350
20
  3
Global
350
21
  0
DICTIONARY
  5
F
330
A
100
AcDbDictionary
281
1
  3
Standard
350
2C
  0
DICTIONARY
  5
10
330
A
100
AcDbDictionary
281
1
  3
Standard
350
22
  0
DICTIONARY
  5
11
330
A
100
AcDbDictionary
281
1
  0
ACDBDICTIONARYWDFLT
  5
12
330
A
100
AcDbDictionary
281
1
  3
Normal
350
13
100
AcDbDictionaryWithDefault
340
13
  0
ACDBPLACEHOLDER
  5
13
330
12
  0
DICTIONARY
  5
14
330
A
100
AcDbDictionary
281
1
  0
DICTIONARY
  5
15
330
A
100
AcDbDictionary
281
1
  0
DICTIONARY
  5
16
330
A
100
AcDbDictionary
281
1
  0
LAYOUT
  5
1A
330
D
100
AcDbPlotSettings
  1

  4
A3
  6

 40
7.5
 41
20.0
 42
7.5
 43
20.0
 44
420.0
 45
297.0
 46
0.0
 47
0.0
 48
0.0
 49
0.0
140
0.0
141
0.0
142
1.0
143
1.0
 70
1024
 72
1
 73
0
 74
5
  7

 75
16
 76
0
 77
2
 78
300
147
1.0
148
0.0
149
0.0
100
AcDbLayout
  1
Model
 70
1
 71
0
 10
0.0
 20
0.0
 11
420.0
 21
297.0
 12
0.0
 22
0.0
 32
0.0
 14
1e+20
 24
1e+20
 34
1e+20
 15
-1e+20
 25
-1e+20
 35
-1e+20
146
0.0
 13
0.0
 23
0.0
 33
0.0
 16
1.0
 26
0.0
 36
0.0
 17
0.0
 27
1.0
 37
0.0
 76
1
330
17
  0
LAYOUT
  5
1E
330
D
100
AcDbPlotSettings
  1

  4
A3
  6

 40
7.5
 41
20.0
 42
7.5
 43
20.0
 44
420.0
 45
297.0
 46
0.0
 47
0.0
 48
0.0
 49
0.0
140
0.0
141
0.0
142
1.0
143
1.0
 70
0
 72
1
 73
0
 74
5
  7

 75
16
 76
0
 77
2
 78
300
147
1.0
148
0.0
149
0.0
100
AcDbLayout
  1
Layout1
 70
1
 71
1
 10
0.0
 20
0.0
 11
420.0
 21
297.0
 12
0.0
 22
0.0
 32
0.0
 14
1e+20
 24
1e+20
 34
1e+20
 15
-1e+20
 25
-1e+20
 35
-1e+20
146
0.0
 13
0.0
 23
0.0
 33
0.0
 16
1.0
 26
0.0
 36
0.0
 17
0.0
 27
1.0
 37
0.0
 76
1
330
1B
  0
MATERIAL
  5
1F
102
{ACAD_REACTORS
330
E
102
}
330
E
100
AcDbMaterial
  1
ByBlock
  2

 70
0
 40
1.0
 71
1
 41
1.0
 91
-1023410177
 42
1.0
 72
1
  3

 73
1
 74
1
 75
1
 44
0.5
 73
0
 45
1.0
 46
1.0
 77
1
  4

 78
1
 79
1
170
1
 48
1.0
171
1
  6

172
1
173
1
174
1
140
1.0
141
1.0
175
1
  7

176
1
177
1
178
1
143
1.0
179
1
  8

270
1
271
1
272
1
145
1.0
146
1.0
273
1
  9

274
1
275
1
276
1
 42
1.0
 72
1
  3

 73
1
 74
1
 75
1
 94
63
  0
MATERIAL
  5
20
102
{ACAD_REACTORS
330
E
102
}
330
E
100
AcDbMaterial
  1
ByLayer
  2

 70
0
 40
1.0
 71
1
 41
1.0
 91
-1023410177
 42
1.0
 72
1
  3

 73
1
 74
1
 75
1
 44
0.5
 73
0
 45
1.0
 46
1.0
 77
1
  4

 78
1
 79
1
170
1
 48
1.0
171
1
  6

172
1
173
1
174
1
140
1.0
141
1.0
175
1
  7

176
1
177
1
178
1
143
1.0
179
1
  8

270
1
271
1
272
1
145
1.0
146
1.0
273
1
  9

274
1
275
1
276
1
 42
1.0
 72
1
  3

 73
1
 74
1
 75
1
 94
63
  0
MATERIAL
  5
21
102
{ACAD_REACTORS
330
E
102
}
330
E
100
AcDbMaterial
  1
Global
  2

 70
0
 40
1.0
 71
1
 41
1.0
 91
-1023410177
 42
1.0
 72
1
  3

 73
1
 74
1
 75
1
 44
0.5
 73
0
 45
1.0
 46
1.0
 77
1
  4

 78
1
 79
1
170
1
 48
1.0
171
1
  6

172
1
173
1
174
1
140
1.0
141
1.0
175
1
  7

176
1
177
1
178
1
143
1.0
179
1
  8

270
1
271
1
272
1
145
1.0
146
1.0
273
1
  9

274
1
275
1
276
1
 42
1.0
 72
1
  3

 73
1
 74
1
 75
1
 94
63
  0
MLINESTYLE
  5
22
102
{ACAD_REACTORS
330
10
102
}
330
10
100
AcDbMlineStyle
  2
Standard
 70
0
  3

 62
256
 51
90.0
 52
90.0
 71
2
 49
0.5
 62
256
  6
BYLAYER
 49
-0.5
 62
256
  6
BYLAYER
  0
MLEADERSTYLE
  5
2C
102
{ACAD_REACTORS
330
F
102
}
330
F
100
AcDbMLeaderStyle
179
2
170
2
171
1
172
0
 90
2
 40
0.0
 41
0.0
173
1
 91
-1056964608
 92
-2
290
1
 42
2.0
291
1
 43
8.0
  3
Standard
 44
4.0
300

342
29
174
1
175
1
176
0
178
1
 93
-1056964608
 45
4.0
292
0
297
0
 46
4.0
 94
-1056964608
 47
1.0
 49
1.0
140
1.0
294
1
141
0.0
177
0
142
1.0
295
0
296
0
143
3.75
271
0
272
9
273
9
  0
DICTIONARY
  5
2D
330
A
100
AcDbDictionary
280
1
281
1
  3
CREATED_BY_EZDXF
350
2E
  3
WRITTEN_BY_EZDXF
350
733
  0
DICTIONARYVAR
  5
2E
330
2D
100
DictionaryVariables
280
0
  1
0.0 @ 2000-01-01T00:00:00.000000+00:00
  0
DICTIONARYVAR
  5
733
330
2D
100
DictionaryVariables
280
0
  1
0.0 @ 2000-01-01T00:00:00.000000+00:00
  0
ENDSEC
  0
EOF
