  0
SECTION
  2
HEADER
  9
$ACADVER
  1
AC1027
  9
$ACADMAINTVER
 70
105
  9
$DWGCODEPAGE
  3
ANSI_1252
  9
$LASTSAVEDBY
  1
ezdxf
  9
$REQUIREDVERSIONS
160
0
  9
$INSBASE
 10
0.0
 20
0.0
 30
0.0
  9
$EXTMIN
 10
1e+20
 20
1e+20
 30
1e+20
  9
$EXTMAX
 10
-1e+20
 20
-1e+20
 30
-1e+20
  9
$LIMMIN
 10
0.0
 20
0.0
  9
$LIMMAX
 10
420.0
 20
297.0
  9
$ORTHOMODE
 70
0
  9
$REGENMODE
 70
1
  9
$FILLMODE
 70
1
  9
$QTEXTMODE
 70
0
  9
$MIRRTEXT
 70
1
  9
$LTSCALE
 40
1.0
  9
$ATTMODE
 70
1
  9
$TEXTSIZE
 40
2.5
  9
$TRACEWID
 40
1.0
  9
$TEXTSTYLE
  7
Standard
  9
$CLAYER
  8
0
  9
$CELTYPE
  6
ByLayer
  9
$CECOLOR
 62
256
  9
$CELTSCALE
 40
1.0
  9
$DISPSILH
 70
0
  9
$DIMSCALE
 40
1.0
  9
$DIMASZ
 40
2.5
  9
$DIMEXO
 40
0.625
  9
$DIMDLI
 40
3.75
  9
$DIMRND
 40
0.0
  9
$DIMDLE
 40
0.0
  9
$DIMEXE
 40
1.25
  9
$DIMTP
 40
0.0
  9
$DIMTM
 40
0.0
  9
$DIMTXT
 40
2.5
  9
$DIMCEN
 40
2.5
  9
$DIMTSZ
 40
0.0
  9
$DIMTOL
 70
0
  9
$DIMLIM
 70
0
  9
$DIMTIH
 70
0
  9
$DIMTOH
 70
0
  9
$DIMSE1
 70
0
  9
$DIMSE2
 70
0
  9
$DIMTAD
 70
1
  9
$DIMZIN
 70
8
  9
$DIMBLK
  1

  9
$DIMASO
 70
1
  9
$DIMSHO
 70
1
  9
$DIMPOST
  1

  9
$DIMAPOST
  1

  9
$DIMALT
 70
0
  9
$DIMALTD
 70
3
  9
$DIMALTF
 40
0.03937007874
  9
$DIMLFAC
 40
1.0
  9
$DIMTOFL
 70
1
  9
$DIMTVP
 40
0.0
  9
$DIMTIX
 70
0
  9
$DIMSOXD
 70
0
  9
$DIMSAH
 70
0
  9
$DIMBLK1
  1

  9
$DIMBLK2
  1

  9
$DIMSTYLE
  2
ISO-25
  9
$DIMCLRD
 70
0
  9
$DIMCLRE
 70
0
  9
$DIMCLRT
 70
0
  9
$DIMTFAC
 40
1.0
  9
$DIMGAP
 40
0.625
  9
$DIMJUST
 70
0
  9
$DIMSD1
 70
0
  9
$DIMSD2
 70
0
  9
$DIMTOLJ
 70
0
  9
$DIMTZIN
 70
8
  9
$DIMALTZ
 70
0
  9
$DIMALTTZ
 70
0
  9
$DIMUPT
 70
0
  9
$DIMDEC
 70
2
  9
$DIMTDEC
 70
2
  9
$DIMALTU
 70
2
  9
$DIMALTTD
 70
3
  9
$DIMTXSTY
  7
Standard
  9
$DIMAUNIT
 70
0
  9
$DIMADEC
 70
0
  9
$DIMALTRND
 40
0.0
  9
$DIMAZIN
 70
0
  9
$DIMDSEP
 70
44
  9
$DIMATFIT
 70
3
  9
$DIMFRAC
 70
0
  9
$DIMLDRBLK
  1

  9
$DIMLUNIT
 70
2
  9
$DIMLWD
 70
-2
  9
$DIMLWE
 70
-2
  9
$DIMTMOVE
 70
0
  9
$DIMFXL
 40
1.0
  9
$DIMFXLON
 70
0
  9
$DIMJOGANG
 40
0.785398163397
  9
$DIMTFILL
 70
0
  9
$DIMTFILLCLR
 70
0
  9
$DIMARCSYM
 70
0
  9
$DIMLTYPE
  6

  9
$DIMLTEX1
  6

  9
$DIMLTEX2
  6

  9
$DIMTXTDIRECTION
 70
0
  9
$LUNITS
 70
2
  9
$LUPREC
 70
4
  9
$SKETCHINC
 40
1.0
  9
$FILLETRAD
 40
10.0
  9
$AUNITS
 70
0
  9
$AUPREC
 70
2
  9
$MENU
  1
.
  9
$ELEVATION
 40
0.0
  9
$PELEVATION
 40
0.0
  9
$THICKNESS
 40
0.0
  9
$LIMCHECK
 70
0
  9
$CHAMFERA
 40
0.0
  9
$CHAMFERB
 40
0.0
  9
$CHAMFERC
 40
0.0
  9
$CHAMFERD
 40
0.0
  9
$SKPOLY
 70
0
  9
$TDCREATE
 40
2451545.0
  9
$TDUCREATE
 40
2451545.0
  9
$TDUPDATE
 40
2451545.0
  9
$TDUUPDATE
 40
2451545.0
  9
$TDINDWG
 40
0.0
  9
$TDUSRTIMER
 40
0.0
  9
$USRTIMER
 70
1
  9
$ANGBASE
 50
0.0
  9
$ANGDIR
 70
0
  9
$PDMODE
 70
0
  9
$PDSIZE
 40
0.0
  9
$PLINEWID
 40
0.0
  9
$SPLFRAME
 70
0
  9
$SPLINETYPE
 70
6
  9
$SPLINESEGS
 70
8
  9
$HANDSEED
  5
2DA
  9
$SURFTAB1
 70
6
  9
$SURFTAB2
 70
6
  9
$SURFTYPE
 70
6
  9
$SURFU
 70
6
  9
$SURFV
 70
6
  9
$UCSBASE
  2

  9
$UCSNAME
  2

  9
$UCSORG
 10
0.0
 20
0.0
 30
0.0
  9
$UCSXDIR
 10
1.0
 20
0.0
 30
0.0
  9
$UCSYDIR
 10
0.0
 20
1.0
 30
0.0
  9
$UCSORTHOREF
  2

  9
$UCSORTHOVIEW
 70
0
  9
$UCSORGTOP
 10
0.0
 20
0.0
 30
0.0
  9
$UCSORGBOTTOM
 10
0.0
 20
0.0
 30
0.0
  9
$UCSORGLEFT
 10
0.0
 20
0.0
 30
0.0
  9
$UCSORGRIGHT
 10
0.0
 20
0.0
 30
0.0
  9
$UCSORGFRONT
 10
0.0
 20
0.0
 30
0.0
  9
$UCSORGBACK
 10
0.0
 20
0.0
 30
0.0
  9
$PUCSBASE
  2

  9
$PUCSNAME
  2

  9
$PUCSORG
 10
0.0
 20
0.0
 30
0.0
  9
$PUCSXDIR
 10
1.0
 20
0.0
 30
0.0
  9
$PUCSYDIR
 10
0.0
 20
1.0
 30
0.0
  9
$PUCSORTHOREF
  2

  9
$PUCSORTHOVIEW
 70
0
  9
$PUCSORGTOP
 10
0.0
 20
0.0
 30
0.0
  9
$PUCSORGBOTTOM
 10
0.0
 20
0.0
 30
0.0
  9
$PUCSORGLEFT
 10
0.0
 20
0.0
 30
0.0
  9
$PUCSORGRIGHT
 10
0.0
 20
0.0
 30
0.0
  9
$PUCSORGFRONT
 10
0.0
 20
0.0
 30
0.0
  9
$PUCSORGBACK
 10
0.0
 20
0.0
 30
0.0
  9
$USERI1
 70
0
  9
$USERI2
 70
0
  9
$USERI3
 70
0
  9
$USERI4
 70
0
  9
$USERI5
 70
0
  9
$USERR1
 40
0.0
  9
$USERR2
 40
0.0
  9
$USERR3
 40
0.0
  9
$USERR4
 40
0.0
  9
$USERR5
 40
0.0
  9
$WORLDVIEW
 70
1
  9
$SHADEDGE
 70
3
  9
$SHADEDIF
 70
70
  9
$TILEMODE
 70
1
  9
$MAXACTVP
 70
64
  9
$PINSBASE
 10
0.0
 20
0.0
 30
0.0
  9
$PLIMCHECK
 70
0
  9
$PEXTMIN
 10
1e+20
 20
1e+20
 30
1e+20
  9
$PEXTMAX
 10
-1e+20
 20
-1e+20
 30
-1e+20
  9
$PLIMMIN
 10
0.0
 20
0.0
  9
$PLIMMAX
 10
420.0
 20
297.0
  9
$UNITMODE
 70
0
  9
$VISRETAIN
 70
1
  9
$PLINEGEN
 70
0
  9
$PSLTSCALE
 70
1
  9
$TREEDEPTH
 70
3020
  9
$CMLSTYLE
  2
Standard
  9
$CMLJUST
 70
0
  9
$CMLSCALE
 40
20.0
  9
$PROXYGRAPHICS
 70
1
  9
$MEASUREMENT
 70
1
  9
$CELWEIGHT
370
-1
  9
$ENDCAPS
280
0
  9
$JOINSTYLE
280
0
  9
$LWDISPLAY
290
0
  9
$INSUNITS
 70
4
  9
$HYPERLINKBASE
  1

  9
$STYLESHEET
  1

  9
$XEDIT
290
1
  9
$CEPSNTYPE
380
0
  9
$PSTYLEMODE
290
1
  9
$FINGERPRINTGUID
  2
{00000000-0000-0000-0000-000000000000}
  9
$VERSIONGUID
  2
{00000000-0000-0000-0000-000000000000}
  9
$EXTNAMES
290
1
  9
$PSVPSCALE
 40
0.0
  9
$OLESTARTUP
290
0
  9
$SORTENTS
280
127
  9
$INDEXCTL
280
0
  9
$HIDETEXT
280
1
  9
$XCLIPFRAME
280
1
  9
$HALOGAP
280
0
  9
$OBSCOLOR
 70
257
  9
$OBSLTYPE
280
0
  9
$INTERSECTIONDISPLAY
280
0
  9
$INTERSECTIONCOLOR
 70
257
  9
$DIMASSOC
280
2
  9
$PROJECTNAME
  1

  9
$CAMERADISPLAY
290
0
  9
$LENSLENGTH
 40
50.0
  9
$CAMERAHEIGHT
 40
0.0
  9
$STEPSPERSEC
 40
24.0
  9
$STEPSIZE
 40
100.0
  9
$3DDWFPREC
 40
2.0
  9
$PSOLWIDTH
 40
0.005
  9
$PSOLHEIGHT
 40
0.08
  9
$LOFTANG1
 40
1.570796326795
  9
$LOFTANG2
 40
1.570796326795
  9
$LOFTMAG1
 40
0.0
  9
$LOFTMAG2
 40
0.0
  9
$LOFTPARAM
 70
7
  9
$LOFTNORMALS
280
1
  9
$LATITUDE
 40
37.795
  9
$LONGITUDE
 40
-122.394
  9
$NORTHDIRECTION
 40
0.0
  9
$TIMEZONE
 70
-8000
  9
$LIGHTGLYPHDISPLAY
280
1
  9
$TILEMODELIGHTSYNCH
280
1
  9
$CMATERIAL
347
20
  9
$SOLIDHIST
280
0
  9
$SHOWHIST
280
1
  9
$DWFFRAME
280
2
  9
$DGNFRAME
280
2
  9
$REALWORLDSCALE
290
1
  9
$INTERFERECOLOR
 62
256
  9
$CSHADOW
280
0
  9
$SHADOWPLANELOCATION
 40
0.0
  0
ENDSEC
  0
SECTION
  2
CLASSES
  0
CLASS
  1
ACDBDETAILVIEWSTYLE
  2
AcDbDetailViewStyle
  3
ObjectDBX Classes
 90
1025
 91
0
280
0
281
0
  0
CLASS
  1
ACDBDICTIONARYWDFLT
  2
AcDbDictionaryWithDefault
  3
ObjectDBX Classes
 90
0
 91
0
280
0
281
0
  0
CLASS
  1
ACDBPLACEHOLDER
  2
AcDbPlaceHolder
  3
ObjectDBX Classes
 90
0
 91
0
280
0
281
0
  0
CLASS
  1
ACDBSECTIONVIEWSTYLE
  2
AcDbSectionViewStyle
  3
ObjectDBX Classes
 90
1025
 91
0
280
0
281
0
  0
CLASS
  1
CELLSTYLEMAP
  2
AcDbCellStyleMap
  3
ObjectDBX Classes
 90
1152
 91
0
280
0
281
0
  0
CLASS
  1
DICTIONARYVAR
  2
AcDbDictionaryVar
  3
ObjectDBX Classes
 90
0
 91
0
280
0
281
0
  0
CLASS
  1
LAYOUT
  2
AcDbLayout
  3
ObjectDBX Classes
 90
0
 91
0
280
0
281
0
  0
CLASS
  1
MATERIAL
  2
AcDbMaterial
  3
ObjectDBX Classes
 90
1153
 91
0
280
0
281
0
  0
CLASS
  1
MENTALRAYRENDERSETTINGS
  2
AcDbMentalRayRenderSettings
  3
SCENEOE
 90
1024
 91
0
280
0
281
0
  0
CLASS
  1
MLEADERSTYLE
  2
AcDbMLeaderStyle
  3
ACDB_MLEADERSTYLE_CLASS
 90
4095
 91
0
280
0
281
0
  0
CLASS
  1
RASTERVARIABLES
  2
AcDbRasterVariables
  3
ISM
 90
0
 91
0
280
0
281
0
  0
CLASS
  1
SCALE
  2
AcDbScale
  3
ObjectDBX Classes
 90
1153
 91
0
280
0
281
0
  0
CLASS
  1
SUN
  2
AcDbSun
  3
SCENEOE
 90
1153
 91
0
280
0
281
0
  0
CLASS
  1
TABLESTYLE
  2
AcDbTableStyle
  3
ObjectDBX Classes
 90
4095
 91
0
280
0
281
0
  0
CLASS
  1
VISUALSTYLE
  2
AcDbVisualStyle
  3
ObjectDBX Classes
 90
4095
 91
0
280
0
281
0
  0
ENDSEC
  0
SECTION
  2
TABLES
  0
TABLE
  2
VPORT
  5
8
330
0
100
AcDbSymbolTable
 70
1
  0
VPORT
  5
2D6
330
8
100
AcDbSymbolTableRecord
100
AcDbViewportTableRecord
  2
*Active
 70
0
 10
0.0
 20
0.0
 11
1.0
 21
1.0
 12
0.0
 22
126.03002543123588
 13
0.0
 23
0.0
 14
0.5
 24
0.5
 15
0.5
 25
0.5
 16
0.0
 26
0.0
 36
1.0
 17
0.0
 27
0.0
 37
0.0
 40
248.06005086247188
 41
1.34
 42
50.0
 43
0.0
 44
0.0
 50
0.0
 51
0.0
 71
0
 72
1000
 73
1
 74
3
 75
0
 76
0
 77
0
 78
0
281
0
 65
1
110
0.0
120
0.0
130
0.0
111
1.0
121
0.0
131
0.0
112
0.0
122
1.0
132
0.0
 79
0
146
0.0
  0
ENDTAB
  0
TABLE
  2
LTYPE
  5
2
330
0
100
AcDbSymbolTable
 70
3
  0
LTYPE
  5
24
330
2
100
AcDbSymbolTableRecord
100
AcDbLinetypeTableRecord
  2
ByBlock
 70
0
  3

 72
65
 73
0
 40
0.0
  0
LTYPE
  5
25
330
2
100
AcDbSymbolTableRecord
100
AcDbLinetypeTableRecord
  2
ByLayer
 70
0
  3

 72
65
 73
0
 40
0.0
  0
LTYPE
  5
26
330
2
100
AcDbSymbolTableRecord
100
AcDbLinetypeTableRecord
  2
Continuous
 70
0
  3

 72
65
 73
0
 40
0.0
  0
ENDTAB
  0
TABLE
  2
LAYER
  5
1
330
0
100
AcDbSymbolTable
 70
4
  0
LAYER
  5
27
330
1
100
AcDbSymbolTableRecord
100
AcDbLayerTableRecord
  2
0
 70
0
 62
7
  6
Continuous
370
-3
390
13
347
21
  0
LAYER
  5
28
330
1
100
AcDbSymbolTableRecord
100
AcDbLayerTableRecord
  2
Defpoints
 70
0
 62
7
  6
Continuous
290
0
370
-3
390
13
347
21
  0
LAYER
  5
2F
330
1
100
AcDbSymbolTableRecord
100
AcDbLayerTableRecord
  2
CUT
 70
0
 62
7
  6
Continuous
370
-3
390
13
347
21
  0
LAYER
  5
84
330
1
100
AcDbSymbolTableRecord
100
AcDbLayerTableRecord
  2
ENGRAVE
 70
0
 62
7
  6
Continuous
370
-3
390
13
347
21
  0
ENDTAB
  0
TABLE
  2
STYLE
  5
5
330
0
100
AcDbSymbolTable
 70
1
  0
STYLE
  5
29
330
5
100
AcDbSymbolTableRecord
100
AcDbTextStyleTableRecord
  2
Standard
 70
0
 40
0.0
 41
1.0
 50
0.0
 71
0
 42
2.5
  3
txt
  4

  0
ENDTAB
  0
TABLE
  2
VIEW
  5
7
330
0
100
AcDbSymbolTable
 70
0
  0
ENDTAB
  0
TABLE
  2
UCS
  5
6
330
0
100
AcDbSymbolTable
 70
0
  0
ENDTAB
  0
TABLE
  2
APPID
  5
3
330
0
100
AcDbSymbolTable
 70
3
  0
APPID
  5
2A
330
3
100
AcDbSymbolTableRecord
100
AcDbRegAppTableRecord
  2
ACAD
 70
0
  0
APPID
  5
2D7
330
3
100
AcDbSymbolTableRecord
100
AcDbRegAppTableRecord
  2
HATCHBACKGROUNDCOLOR
 70
0
  0
APPID
  5
2D8
330
3
100
AcDbSymbolTableRecord
100
AcDbRegAppTableRecord
  2
EZDXF
 70
0
  0
ENDTAB
  0
TABLE
  2
DIMSTYLE
  5
4
330
0
100
AcDbSymbolTable
 70
1
100
AcDbDimStyleTable
  0
DIMSTYLE
105
2B
330
4
100
AcDbSymbolTableRecord
100
AcDbDimStyleTableRecord
  2
Standard
 70
0
 40
1.0
 41
2.5
 42
0.625
 43
3.75
 44
1.25
 45
0.0
 46
0.0
 47
0.0
 48
0.0
 49
2.5
140
2.5
141
2.5
142
0.0
143
0.03937007874
144
1.0
145
0.0
146
1.0
147
0.625
148
0.0
 69
0
 70
0
 71
0
 72
0
 73
0
 74
0
 75
0
 76
0
 77
1
 78
8
 79
3
170
0
171
3
172
1
173
0
174
0
175
0
176
0
177
0
178
0
179
2
271
2
272
2
273
2
274
3
275
0
276
0
277
2
278
44
279
0
280
0
281
0
282
0
283
0
284
8
285
0
286
0
288
0
289
3
290
0
371
-2
372
-2
  0
ENDTAB
  0
TABLE
  2
BLOCK_RECORD
  5
9
330
0
100
AcDbSymbolTable
 70
2
  0
BLOCK_RECORD
  5
17
330
9
100
AcDbSymbolTableRecord
100
AcDbBlockTableRecord
  2
*Model_Space
340
1A
 70
0
280
1
281
0
  0
BLOCK_RECORD
  5
1B
330
9
100
AcDbSymbolTableRecord
100
AcDbBlockTableRecord
  2
*Paper_Space
340
1E
 70
0
280
1
281
0
  0
ENDTAB
  0
ENDSEC
  0
SECTION
  2
BLOCKS
  0
BLOCK
  5
18
330
17
100
AcDbEntity
  8
0
100
AcDbBlockBegin
  2
*Model_Space
 70
0
 10
0.0
 20
0.0
 30
0.0
  3
*Model_Space
  1

  0
ENDBLK
  5
19
330
17
100
AcDbEntity
  8
0
100
AcDbBlockEnd
  0
BLOCK
  5
1C
330
1B
100
AcDbEntity
  8
0
100
AcDbBlockBegin
  2
*Paper_Space
 70
0
 10
0.0
 20
0.0
 30
0.0
  3
*Paper_Space
  1

  0
ENDBLK
  5
1D
330
1B
100
AcDbEntity
  8
0
100
AcDbBlockEnd
  0
ENDSEC
  0
SECTION
  2
ENTITIES
  0
SPLINE
  5
30
330
17
100
AcDbEntity
  8
CUT
100
AcDbSpline
 70
0
 71
3
 72
116
 73
112
 74
0
 40
0.0
 40
0.0
 40
0.0
 40
0.0
 40
0.5933820027241257
 40
0.5933820027241257
 40
0.5933820027241257
 40
1.5331198368145929
 40
1.5331198368145929
 40
1.5331198368145929
 40
2.726893896153712
 40
2.726893896153712
 40
2.726893896153712
 40
4.047113413279002
 40
4.047113413279002
 40
4.047113413279002
 40
5.443472381979623
 40
5.443472381979623
 40
5.443472381979623
 40
8.382368644704455
 40
8.382368644704455
 40
8.382368644704455
 40
9.840575878450444
 40
9.840575878450444
 40
9.840575878450444
 40
11.30586633591413
 40
11.30586633591413
 40
11.30586633591413
 40
13.743917476893632
 40
13.743917476893632
 40
13.743917476893632
 40
16.51487594451275
 40
16.51487594451275
 40
16.51487594451275
 40
19.178994511524095
 40
19.178994511524095
 40
19.178994511524095
 40
20.621606632308154
 40
20.621606632308154
 40
20.621606632308154
 40
21.675740423814187
 40
21.675740423814187
 40
21.675740423814187
 40
22.04451247347305
 40
22.04451247347305
 40
22.04451247347305
 40
22.306759635316208
 40
22.306759635316208
 40
22.306759635316208
 40
22.463411382443574
 40
22.463411382443574
 40
22.463411382443574
 40
22.515499031398207
 40
22.515499031398207
 40
22.515499031398207
 40
22.56758668035284
 40
22.56758668035284
 40
22.56758668035284
 40
22.724238427480206
 40
22.724238427480206
 40
22.724238427480206
 40
22.986485589323365
 40
22.986485589323365
 40
22.986485589323365
 40
23.35525763898223
 40
23.35525763898223
 40
23.35525763898223
 40
24.409391430488263
 40
24.409391430488263
 40
24.409391430488263
 40
25.852003551272322
 40
25.852003551272322
 40
25.852003551272322
 40
28.51612211828368
 40
28.51612211828368
 40
28.51612211828368
 40
31.287080585902785
 40
31.287080585902785
 40
31.287080585902785
 40
33.72513172688228
 40
33.72513172688228
 40
33.72513172688228
 40
35.19042218434597
 40
35.19042218434597
 40
35.19042218434597
 40
36.64862941809196
 40
36.64862941809196
 40
36.64862941809196
 40
39.58752568081679
 40
39.58752568081679
 40
39.58752568081679
 40
40.983884649517414
 40
40.983884649517414
 40
40.983884649517414
 40
42.304104166642695
 40
42.304104166642695
 40
42.304104166642695
 40
43.497878225981815
 40
43.497878225981815
 40
43.497878225981815
 40
44.00975016290417
 40
44.00975016290417
 40
44.00975016290417
 40
44.43761606007228
 40
44.43761606007228
 40
44.43761606007228
 40
44.76090823669671
 40
44.76090823669671
 40
44.76090823669671
 40
44.962479081525785
 40
44.962479081525785
 40
44.962479081525785
 40
45.03099806279641
 40
45.03099806279641
 40
45.03099806279641
 40
45.03099806279641
 10
-61.15070325289471
 20
223.6058823529412
 30
0.0
 10
-61.140744327859586
 20
223.8037270112441
 30
0.0
 10
-61.088629433905815
 20
223.9972189974631
 30
0.0
 10
-61.0283202750341
 20
224.1850125707923
 30
0.0
 10
-60.9275078807886
 20
224.48350987161444
 30
0.0
 10
-60.790696936781565
 20
224.76459488779713
 30
0.0
 10
-60.61788744301288
 20
225.02826761934065
 30
0.0
 10
-60.40022787572713
 20
225.36169485775224
 30
0.0
 10
-60.130365941769654
 20
225.6616147819304
 30
0.0
 10
-59.81869710684047
 20
225.90995223196435
 30
0.0
 10
-59.474335680777806
 20
226.18478413511914
 30
0.0
 10
-59.077795541017736
 20
226.39507056600831
 30
0.0
 10
-58.65503226047161
 20
226.52055958138163
 30
0.0
 10
-58.20810949796513
 20
226.6540009070012
 30
0.0
 10
-57.73348212253546
 20
226.69163705726666
 30
0.0
 10
-57.27075545095746
 20
226.63433403745117
 30
0.0
 10
-56.29489899108026
 20
226.51551128848433
 30
0.0
 10
-55.38202934168361
 20
225.98029730267186
 30
0.0
 10
-54.789142793976346
 20
225.19808301513015
 30
0.0
 10
-54.49443491234813
 20
224.81068905977335
 30
0.0
 10
-54.27919135885352
 20
224.3615063683095
 30
0.0
 10
-54.17215633425182
 20
223.88603333391166
 30
0.0
 10
-54.06334300670477
 20
223.40838696597677
 30
0.0
 10
-54.06737891669432
 20
222.90741325013488
 30
0.0
 10
-54.17215633425182
 20
222.42956620515469
 30
0.0
 10
-54.34606634731029
 20
221.6298873911963
 30
0.0
 10
-54.7803594899956
 20
220.91347506877085
 30
0.0
 10
-55.293507025204605
 20
220.2874682502024
 30
0.0
 10
-55.88104326744359
 20
219.57268656684715
 30
0.0
 10
-56.57272611273313
 20
218.9538098934531
 30
0.0
 10
-57.270755450957445
 20
218.35049992703188
 30
0.0
 10
-57.943189124398025
 20
217.77067821742367
 30
0.0
 10
-58.63037366037702
 20
217.2070825046365
 30
0.0
 10
-59.27599014946792
 20
216.59685616407558
 30
0.0
 10
-59.62503766897884
 20
216.26646166180714
 30
0.0
 10
-59.96229661504613
 20
215.92171570004717
 30
0.0
 10
-60.268350311718244
 20
215.55073665476579
 30
0.0
 10
-60.49142908315469
 20
215.28127218308384
 30
0.0
 10
-60.69852971349899
 20
214.99118812817147
 30
0.0
 10
-60.86828850079019
 20
214.68534950140656
 30
0.0
 10
-60.92807275296882
 20
214.58084812720097
 30
0.0
 10
-60.98141667771684
 20
214.47010184266753
 30
0.0
 10
-61.02832027503409
 20
214.35311064780578
 30
0.0
 10
-61.06129026219171
 20
214.2686190620809
 30
0.0
 10
-61.090182217713505
 20
214.17820676208305
 30
0.0
 10
-61.113742312305085
 20
214.10516579618897
 30
0.0
 10
-61.12781579151569
 20
214.06153521945063
 30
0.0
 10
-61.13998675740852
 20
214.0241030779142
 30
0.0
 10
-61.1460299885292
 20
213.95187758450228
 30
0.0
 10
-61.14803939925671
 20
213.92786217314924
 30
0.0
 10
-61.14937132607574
 20
213.89999999999995
 30
0.0
 10
-61.150703252894715
 20
213.89999999999998
 30
0.0
 10
-61.152035179713664
 20
213.8999999999999
 30
0.0
 10
-61.153367106532706
 20
213.92786217314952
 30
0.0
 10
-61.15537651726023
 20
213.9518775845023
 30
0.0
 10
-61.161419748380865
 20
214.0241030779142
 30
0.0
 10
-61.17359071427372
 20
214.0615352194508
 30
0.0
 10
-61.18766419348433
 20
214.10516579618897
 30
0.0
 10
-61.21122428807587
 20
214.17820676208314
 30
0.0
 10
-61.240116243597726
 20
214.26861906208057
 30
0.0
 10
-61.273086230755304
 20
214.35311064780572
 30
0.0
 10
-61.31998982807256
 20
214.47010184266733
 30
0.0
 10
-61.37333375282055
 20
214.58084812720105
 30
0.0
 10
-61.43311800499925
 20
214.68534950140653
 30
0.0
 10
-61.60287679229041
 20
214.99118812817147
 30
0.0
 10
-61.809977422634695
 20
215.28127218308373
 30
0.0
 10
-62.03305619407118
 20
215.55073665476576
 30
0.0
 10
-62.339109890743224
 20
215.92171570004726
 30
0.0
 10
-62.676368836810596
 20
216.2664616618073
 30
0.0
 10
-63.0254163563215
 20
216.59685616407552
 30
0.0
 10
-63.67103284541243
 20
217.20708250463642
 30
0.0
 10
-64.35821738139136
 20
217.77067821742364
 30
0.0
 10
-65.03065105483199
 20
218.35049992703188
 30
0.0
 10
-65.72868039305625
 20
218.9538098934533
 30
0.0
 10
-66.42036323834581
 20
219.5726865668468
 30
0.0
 10
-67.00789948058481
 20
220.28746825020238
 30
0.0
 10
-67.52104701579385
 20
220.91347506876355
 30
0.0
 10
-67.95534015847907
 20
221.62988739120593
 30
0.0
 10
-68.12925017153759
 20
222.42956620515463
 30
0.0
 10
-68.23402758909509
 20
222.9074132499199
 30
0.0
 10
-68.23806349908467
 20
223.40838696627077
 30
0.0
 10
-68.12925017153759
 20
223.88603333391163
 30
0.0
 10
-68.02221514693593
 20
224.36150636532878
 30
0.0
 10
-67.80697159344119
 20
224.81068906393864
 30
0.0
 10
-67.51226371181308
 20
225.19808301513
 30
0.0
 10
-66.9193771641059
 20
225.9802971536983
 30
0.0
 10
-66.00650751470911
 20
226.51551148362734
 30
0.0
 10
-65.03065105483198
 20
226.63433403745105
 30
0.0
 10
-64.56792438325398
 20
226.6916295456015
 30
0.0
 10
-64.09329700782426
 20
226.65401113773694
 30
0.0
 10
-63.64637424531782
 20
226.5205595813816
 30
0.0
 10
-63.22361096477165
 20
226.39497447684383
 30
0.0
 10
-62.82707082501159
 20
226.18491421626433
 30
0.0
 10
-62.48270939894895
 20
225.90995223196438
 30
0.0
 10
-62.1693079864031
 20
225.65878101396902
 30
0.0
 10
-61.90291120767892
 20
225.3648861430943
 30
0.0
 10
-61.68351906277651
 20
225.02826761934068
 30
0.0
 10
-61.59000778647664
 20
224.88261579251215
 30
0.0
 10
-61.50654076721743
 20
224.7338011464013
 30
0.0
 10
-61.43311800499924
 20
224.58182368100955
 30
0.0
 10
-61.37188075008056
 20
224.45610179521472
 30
0.0
 10
-61.318001751222184
 20
224.33146445637527
 30
0.0
 10
-61.27308623075533
 20
224.1850125707924
 30
0.0
 10
-61.23914840941439
 20
224.07435465396767
 30
0.0
 10
-61.210328014658835
 20
223.95124238219574
 30
0.0
 10
-61.187664193484345
 20
223.87320989759175
 30
0.0
 10
-61.17353342908139
 20
223.82455708449262
 30
0.0
 10
-61.16179600311763
 20
223.79342882235338
 30
0.0
 10
-61.155376517260216
 20
223.67424178092688
 30
0.0
 10
-61.15319437315297
 20
223.63372711886797
 30
0.0
 10
-61.15162671194941
 20
223.58303734890862
 30
0.0
 10
-61.150703252894715
 20
223.6058823529412
 30
0.0
  0
SPLINE
  5
31
330
17
100
AcDbEntity
  8
CUT
100
AcDbSpline
 70
0
 71
3
 72
116
 73
112
 74
0
 40
0.0
 40
0.0
 40
0.0
 40
0.0
 40
0.5933820027241257
 40
0.5933820027241257
 40
0.5933820027241257
 40
1.5331198368145929
 40
1.5331198368145929
 40
1.5331198368145929
 40
2.726893896153712
 40
2.726893896153712
 40
2.726893896153712
 40
4.047113413279002
 40
4.047113413279002
 40
4.047113413279002
 40
5.443472381979623
 40
5.443472381979623
 40
5.443472381979623
 40
8.382368644704455
 40
8.382368644704455
 40
8.382368644704455
 40
9.84057587845044
 40
9.84057587845044
 40
9.84057587845044
 40
11.305866335914128
 40
11.305866335914128
 40
11.305866335914128
 40
13.743917476893627
 40
13.743917476893627
 40
13.743917476893627
 40
16.51487594451274
 40
16.51487594451274
 40
16.51487594451274
 40
19.17899451152409
 40
19.17899451152409
 40
19.17899451152409
 40
20.621606632308147
 40
20.621606632308147
 40
20.621606632308147
 40
21.67574042381418
 40
21.67574042381418
 40
21.67574042381418
 40
22.04451247347304
 40
22.04451247347304
 40
22.04451247347304
 40
22.3067596353162
 40
22.3067596353162
 40
22.3067596353162
 40
22.463411382443567
 40
22.463411382443567
 40
22.463411382443567
 40
22.5154990313982
 40
22.5154990313982
 40
22.5154990313982
 40
22.567586680352832
 40
22.567586680352832
 40
22.567586680352832
 40
22.7242384274802
 40
22.7242384274802
 40
22.7242384274802
 40
22.986485589323358
 40
22.986485589323358
 40
22.986485589323358
 40
23.355257638982224
 40
23.355257638982224
 40
23.355257638982224
 40
24.409391430488256
 40
24.409391430488256
 40
24.409391430488256
 40
25.852003551272315
 40
25.852003551272315
 40
25.852003551272315
 40
28.51612211828367
 40
28.51612211828367
 40
28.51612211828367
 40
31.28708058590278
 40
31.28708058590278
 40
31.28708058590278
 40
33.725131726882275
 40
33.725131726882275
 40
33.725131726882275
 40
35.190422184345955
 40
35.190422184345955
 40
35.190422184345955
 40
36.648629418091936
 40
36.648629418091936
 40
36.648629418091936
 40
39.587525680816775
 40
39.587525680816775
 40
39.587525680816775
 40
40.9838846495174
 40
40.9838846495174
 40
40.9838846495174
 40
42.30410416664268
 40
42.30410416664268
 40
42.30410416664268
 40
43.4978782259818
 40
43.4978782259818
 40
43.4978782259818
 40
44.009750162904155
 40
44.009750162904155
 40
44.009750162904155
 40
44.437616060072266
 40
44.437616060072266
 40
44.437616060072266
 40
44.76090823669669
 40
44.76090823669669
 40
44.76090823669669
 40
44.96247908152577
 40
44.96247908152577
 40
44.96247908152577
 40
45.03099806279639
 40
45.03099806279639
 40
45.03099806279639
 40
45.03099806279639
 10
61.15070325289471
 20
223.6058823529412
 30
0.0
 10
61.16066217792981
 20
223.8037270112441
 30
0.0
 10
61.21277707188359
 20
223.9972189974631
 30
0.0
 10
61.27308623075533
 20
224.1850125707923
 30
0.0
 10
61.373898625000805
 20
224.48350987161444
 30
0.0
 10
61.51070956900787
 20
224.76459488779713
 30
0.0
 10
61.68351906277652
 20
225.02826761934065
 30
0.0
 10
61.901178630062155
 20
225.36169485775224
 30
0.0
 10
62.171040564019826
 20
225.6616147819304
 30
0.0
 10
62.48270939894894
 20
225.90995223196435
 30
0.0
 10
62.827070825011525
 20
226.18478413511914
 30
0.0
 10
63.22361096477167
 20
226.39507056600831
 30
0.0
 10
63.646374245317816
 20
226.52055958138163
 30
0.0
 10
64.09329700782428
 20
226.65400090700112
 30
0.0
 10
64.56792438325394
 20
226.69163705726683
 30
0.0
 10
65.030651054832
 20
226.63433403745117
 30
0.0
 10
66.00650751470913
 20
226.5155112884842
 30
0.0
 10
66.91937716410577
 20
225.98029730267206
 30
0.0
 10
67.5122637118131
 20
225.19808301513012
 30
0.0
 10
67.80697159344118
 20
224.81068905977352
 30
0.0
 10
68.0222151469359
 20
224.36150636830948
 30
0.0
 10
68.12925017153759
 20
223.88603333391166
 30
0.0
 10
68.23806349908462
 20
223.40838696597663
 30
0.0
 10
68.23402758909512
 20
222.90741325013497
 30
0.0
 10
68.1292501715376
 20
222.42956620515469
 30
0.0
 10
67.95534015847909
 20
221.62988739119632
 30
0.0
 10
67.5210470157938
 20
220.91347506877088
 30
0.0
 10
67.00789948058478
 20
220.28746825020238
 30
0.0
 10
66.42036323834581
 20
219.57268656684707
 30
0.0
 10
65.72868039305628
 20
218.9538098934531
 30
0.0
 10
65.03065105483198
 20
218.35049992703185
 30
0.0
 10
64.35821738139131
 20
217.7706782174236
 30
0.0
 10
63.671032845412476
 20
217.2070825046366
 30
0.0
 10
63.02541635632148
 20
216.59685616407558
 30
0.0
 10
62.676368836810525
 20
216.2664616618071
 30
0.0
 10
62.33910989074325
 20
215.92171570004732
 30
0.0
 10
62.03305619407118
 20
215.55073665476573
 30
0.0
 10
61.809977422634674
 20
215.2812721830839
 30
0.0
 10
61.60287679229047
 20
214.99118812817144
 30
0.0
 10
61.433118004999244
 20
214.6853495014065
 30
0.0
 10
61.373333752820514
 20
214.58084812720094
 30
0.0
 10
61.31998982807262
 20
214.47010184266762
 30
0.0
 10
61.273086230755325
 20
214.35311064780578
 30
0.0
 10
61.24011624359779
 20
214.26861906208086
 30
0.0
 10
61.21122428807587
 20
214.1782067620831
 30
0.0
 10
61.18766419348435
 20
214.10516579618897
 30
0.0
 10
61.173590714273686
 20
214.06153521945078
 30
0.0
 10
61.16141974838091
 20
214.02410307791416
 30
0.0
 10
61.15537651726021
 20
213.95187758450226
 30
0.0
 10
61.15336710653265
 20
213.92786217314924
 30
0.0
 10
61.15203517971369
 20
213.89999999999992
 30
0.0
 10
61.15070325289472
 20
213.9
 30
0.0
 10
61.149371326075716
 20
213.8999999999999
 30
0.0
 10
61.148039399256746
 20
213.92786217314946
 30
0.0
 10
61.14602998852921
 20
213.9518775845023
 30
0.0
 10
61.13998675740854
 20
214.02410307791425
 30
0.0
 10
61.12781579151572
 20
214.06153521945083
 30
0.0
 10
61.11374231230507
 20
214.10516579618897
 30
0.0
 10
61.09018221771355
 20
214.17820676208316
 30
0.0
 10
61.06129026219163
 20
214.26861906208057
 30
0.0
 10
61.028320275034105
 20
214.35311064780578
 30
0.0
 10
60.98141667771687
 20
214.47010184266762
 30
0.0
 10
60.92807275296884
 20
214.58084812720088
 30
0.0
 10
60.86828850079019
 20
214.6853495014065
 30
0.0
 10
60.69852971349895
 20
214.9911881281714
 30
0.0
 10
60.49142908315471
 20
215.28127218308384
 30
0.0
 10
60.268350311718244
 20
215.5507366547657
 30
0.0
 10
59.962296615046114
 20
215.92171570004732
 30
0.0
 10
59.62503766897889
 20
216.2664616618071
 30
0.0
 10
59.27599014946792
 20
216.59685616407558
 30
0.0
 10
58.630373660376954
 20
217.20708250463622
 30
0.0
 10
57.94318912439812
 20
217.770678217424
 30
0.0
 10
57.27075545095742
 20
218.35049992703182
 30
0.0
 10
56.572726112733044
 20
218.95380989345315
 30
0.0
 10
55.881043267443665
 20
219.5726865668469
 30
0.0
 10
55.29350702520461
 20
220.28746825020238
 30
0.0
 10
54.78035948999554
 20
220.91347506876346
 30
0.0
 10
54.34606634731037
 20
221.62988739120578
 30
0.0
 10
54.17215633425182
 20
222.42956620515466
 30
0.0
 10
54.06737891669429
 20
222.90741324991978
 30
0.0
 10
54.06334300670479
 20
223.40838696627083
 30
0.0
 10
54.17215633425182
 20
223.88603333391168
 30
0.0
 10
54.2791913588535
 20
224.36150636532872
 30
0.0
 10
54.494434912348176
 20
224.8106890639385
 30
0.0
 10
54.789142793976325
 20
225.19808301513004
 30
0.0
 10
55.38202934168363
 20
225.98029715369805
 30
0.0
 10
56.29489899108024
 20
226.5155114836274
 30
0.0
 10
57.27075545095745
 20
226.6343340374511
 30
0.0
 10
57.73348212253549
 20
226.69162954560173
 30
0.0
 10
58.20810949796515
 20
226.6540111377369
 30
0.0
 10
58.6550322604716
 20
226.52055958138158
 30
0.0
 10
59.077795541017714
 20
226.39497447684354
 30
0.0
 10
59.47433568077783
 20
226.18491421626447
 30
0.0
 10
59.81869710684047
 20
225.90995223196438
 30
0.0
 10
60.13209851938628
 20
225.65878101396888
 30
0.0
 10
60.39849529811046
 20
225.36488614309437
 30
0.0
 10
60.61788744301289
 20
225.02826761934074
 30
0.0
 10
60.7113987193129
 20
224.882615792512
 30
0.0
 10
60.79486573857191
 20
224.73380114640142
 30
0.0
 10
60.86828850079017
 20
224.58182368100955
 30
0.0
 10
60.92952575570883
 20
224.4561017952147
 30
0.0
 10
60.9834047545672
 20
224.33146445637536
 30
0.0
 10
61.0283202750341
 20
224.18501257079237
 30
0.0
 10
61.06225809637495
 20
224.0743546539677
 30
0.0
 10
61.0910784911306
 20
223.95124238219577
 30
0.0
 10
61.113742312305085
 20
223.87320989759175
 30
0.0
 10
61.12787307670803
 20
223.82455708449268
 30
0.0
 10
61.13961050267176
 20
223.79342882235323
 30
0.0
 10
61.1460299885292
 20
223.67424178092688
 30
0.0
 10
61.14821213263643
 20
223.63372711886782
 30
0.0
 10
61.149779793839976
 20
223.58303734890876
 30
0.0
 10
61.15070325289471
 20
223.60588235294117
 30
0.0
  0
ARC
  5
32
330
17
100
AcDbEntity
  8
CUT
100
AcDbCircle
 10
-84.0
 20
2.0
 30
0.0
 40
7.0
100
AcDbArc
 50
114.76470230960571
 51
180.0
  0
ARC
  5
33
330
17
100
AcDbEntity
  8
CUT
100
AcDbCircle
 10
-84.0
 20
14.7125
 30
0.0
 40
7.0
100
AcDbArc
 50
114.76470230960571
 51
245.23529769039433
  0
ARC
  5
34
330
17
100
AcDbEntity
  8
CUT
100
AcDbCircle
 10
-84.0
 20
27.425
 30
0.0
 40
7.0
100
AcDbArc
 50
114.76470230960571
 51
245.23529769039433
  0
ARC
  5
35
330
17
100
AcDbEntity
  8
CUT
100
AcDbCircle
 10
-84.0
 20
40.1375
 30
0.0
 40
7.0
100
AcDbArc
 50
114.76470230960571
 51
245.23529769039433
  0
ARC
  5
36
330
17
100
AcDbEntity
  8
CUT
100
AcDbCircle
 10
-84.0
 20
52.85
 30
0.0
 40
7.0
100
AcDbArc
 50
114.76470230960572
 51
245.23529769039428
  0
ARC
  5
37
330
17
100
AcDbEntity
  8
CUT
100
AcDbCircle
 10
-84.0
 20
65.5625
 30
0.0
 40
7.0
100
AcDbArc
 50
114.7647023096056
 51
245.23529769039433
  0
ARC
  5
38
330
17
100
AcDbEntity
  8
CUT
100
AcDbCircle
 10
-84.0
 20
78.275
 30
0.0
 40
7.0
100
AcDbArc
 50
114.76470230960575
 51
245.23529769039442
  0
ARC
  5
39
330
17
100
AcDbEntity
  8
CUT
100
AcDbCircle
 10
-84.0
 20
90.9875
 30
0.0
 40
7.0
100
AcDbArc
 50
114.7647023096056
 51
245.23529769039433
  0
ARC
  5
3A
330
17
100
AcDbEntity
  8
CUT
100
AcDbCircle
 10
-84.0
 20
103.7
 30
0.0
 40
7.0
100
AcDbArc
 50
114.7647023096056
 51
245.23529769039442
  0
ARC
  5
3B
330
17
100
AcDbEntity
  8
CUT
100
AcDbCircle
 10
-84.0
 20
116.41250000000001
 30
0.0
 40
7.0
100
AcDbArc
 50
114.76470230960581
 51
245.23529769039442
  0
ARC
  5
3C
330
17
100
AcDbEntity
  8
CUT
100
AcDbCircle
 10
-84.0
 20
129.125
 30
0.0
 40
7.0
100
AcDbArc
 50
114.76470230960703
 51
245.2352976903941
  0
ARC
  5
3D
330
17
100
AcDbEntity
  8
CUT
100
AcDbCircle
 10
-84.0
 20
141.8375
 30
0.0
 40
7.0
100
AcDbArc
 50
114.76470230960703
 51
245.2352976903931
  0
ARC
  5
3E
330
17
100
AcDbEntity
  8
CUT
100
AcDbCircle
 10
-84.0
 20
154.55
 30
0.0
 40
7.0
100
AcDbArc
 50
114.76470230960565
 51
245.2352976903931
  0
ARC
  5
3F
330
17
100
AcDbEntity
  8
CUT
100
AcDbCircle
 10
-84.0
 20
167.26250000000002
 30
0.0
 40
7.0
100
AcDbArc
 50
114.76470230960597
 51
245.23529769039422
  0
ARC
  5
40
330
17
100
AcDbEntity
  8
CUT
100
AcDbCircle
 10
-84.0
 20
179.975
 30
0.0
 40
7.0
100
AcDbArc
 50
114.76470230960703
 51
245.23529769039402
  0
ARC
  5
41
330
17
100
AcDbEntity
  8
CUT
100
AcDbCircle
 10
-84.0
 20
192.6875
 30
0.0
 40
7.0
100
AcDbArc
 50
114.76470230960662
 51
245.2352976903931
  0
ARC
  5
42
330
17
100
AcDbEntity
  8
CUT
100
AcDbCircle
 10
-84.0
 20
205.4
 30
0.0
 40
7.0
100
AcDbArc
 50
97.8950646877647
 51
245.2352976903931
  0
ARC
  5
43
330
17
100
AcDbEntity
  8
CUT
100
AcDbCircle
 10
-78.0
 20
213.06666666666666
 30
0.0
 40
7.0
100
AcDbArc
 50
90.00000000000047
 51
186.0108502485837
  0
ARC
  5
44
330
17
100
AcDbEntity
  8
CUT
100
AcDbCircle
 10
-78.0
 20
227.73333333333335
 30
0.0
 40
7.0
100
AcDbArc
 50
90.00000000000047
 51
269.99999999999955
  0
ARC
  5
45
330
17
100
AcDbEntity
  8
CUT
100
AcDbCircle
 10
-73.5
 20
35.0
 30
0.0
 40
2.2
100
AcDbArc
 50
-360.0
 51
-180.0
  0
ARC
  5
46
330
17
100
AcDbEntity
  8
CUT
100
AcDbCircle
 10
-73.5
 20
112.0
 30
0.0
 40
2.2
100
AcDbArc
 50
-360.0
 51
-180.0
  0
ARC
  5
47
330
17
100
AcDbEntity
  8
CUT
100
AcDbCircle
 10
-78.0
 20
242.4
 30
0.0
 40
7.0
100
AcDbArc
 50
21.786789298263407
 51
270.0000000000002
  0
ARC
  5
48
330
17
100
AcDbEntity
  8
CUT
100
AcDbCircle
 10
-73.5
 20
26.0
 30
0.0
 40
3.9
100
AcDbArc
 50
124.33999494370164
 51
415.660005056299
  0
ARC
  5
49
330
17
100
AcDbEntity
  8
CUT
100
AcDbCircle
 10
-73.5
 20
103.0
 30
0.0
 40
3.9
100
AcDbArc
 50
124.33999494370157
 51
415.660005056299
  0
ARC
  5
4A
330
17
100
AcDbEntity
  8
CUT
100
AcDbCircle
 10
-65.0
 20
242.4
 30
0.0
 40
7.0
100
AcDbArc
 50
21.78678929826358
 51
158.21321070173678
  0
ARC
  5
4B
330
17
100
AcDbEntity
  8
CUT
100
AcDbCircle
 10
-40.450000000000145
 20
172.4
 30
0.0
 40
18.0
100
AcDbArc
 50
90.0
 51
180.0
  0
ARC
  5
4C
330
17
100
AcDbEntity
  8
CUT
100
AcDbCircle
 10
-52.0
 20
242.4
 30
0.0
 40
7.0
100
AcDbArc
 50
21.78678929826358
 51
158.2132107017365
  0
ARC
  5
4D
330
17
100
AcDbEntity
  8
CUT
100
AcDbCircle
 10
-40.450000000000145
 20
31.0
 30
0.0
 40
18.0
100
AcDbArc
 50
180.0
 51
270.0
  0
ARC
  5
4E
330
17
100
AcDbEntity
  8
CUT
100
AcDbCircle
 10
-39.0
 20
242.4
 30
0.0
 40
7.0
100
AcDbArc
 50
21.78678929826358
 51
158.2132107017365
  0
ARC
  5
4F
330
17
100
AcDbEntity
  8
CUT
100
AcDbCircle
 10
-26.0
 20
242.4
 30
0.0
 40
7.0
100
AcDbArc
 50
21.78678929826358
 51
158.2132107017365
  0
ARC
  5
50
330
17
100
AcDbEntity
  8
CUT
100
AcDbCircle
 10
-13.0
 20
242.4
 30
0.0
 40
7.0
100
AcDbArc
 50
21.786789298263578
 51
158.2132107017365
  0
ARC
  5
51
330
17
100
AcDbEntity
  8
CUT
100
AcDbCircle
 10
0.0
 20
194.70000000000002
 30
0.0
 40
7.0
100
AcDbArc
 50
-37.90003733535999
 51
217.90003733536093
  0
ARC
  5
52
330
17
100
AcDbEntity
  8
CUT
100
AcDbCircle
 10
0.0
 20
242.4
 30
0.0
 40
7.0
100
AcDbArc
 50
21.786789298263578
 51
158.2132107017365
  0
ARC
  5
53
330
17
100
AcDbEntity
  8
CUT
100
AcDbCircle
 10
13.0
 20
242.4
 30
0.0
 40
7.0
100
AcDbArc
 50
21.78678929826358
 51
158.2132107017365
  0
ARC
  5
54
330
17
100
AcDbEntity
  8
CUT
100
AcDbCircle
 10
26.0
 20
242.4
 30
0.0
 40
7.0
100
AcDbArc
 50
21.78678929826358
 51
158.2132107017365
  0
ARC
  5
55
330
17
100
AcDbEntity
  8
CUT
100
AcDbCircle
 10
40.44999999634806
 20
172.4
 30
0.0
 40
18.0
100
AcDbArc
 50
0.0
 51
90.0
  0
ARC
  5
56
330
17
100
AcDbEntity
  8
CUT
100
AcDbCircle
 10
39.0
 20
242.4
 30
0.0
 40
7.0
100
AcDbArc
 50
21.78678929826358
 51
158.2132107017365
  0
ARC
  5
57
330
17
100
AcDbEntity
  8
CUT
100
AcDbCircle
 10
40.44999999634806
 20
31.0
 30
0.0
 40
18.0
100
AcDbArc
 50
270.0
 51
360.0
  0
ARC
  5
58
330
17
100
AcDbEntity
  8
CUT
100
AcDbCircle
 10
52.0
 20
242.4
 30
0.0
 40
7.0
100
AcDbArc
 50
21.78678929826358
 51
158.2132107017365
  0
ARC
  5
59
330
17
100
AcDbEntity
  8
CUT
100
AcDbCircle
 10
73.5
 20
35.0
 30
0.0
 40
2.2
100
AcDbArc
 50
-360.0
 51
-180.0
  0
ARC
  5
5A
330
17
100
AcDbEntity
  8
CUT
100
AcDbCircle
 10
73.5
 20
112.0
 30
0.0
 40
2.2
100
AcDbArc
 50
-360.0
 51
-180.0
  0
ARC
  5
5B
330
17
100
AcDbEntity
  8
CUT
100
AcDbCircle
 10
65.0
 20
242.4
 30
0.0
 40
7.0
100
AcDbArc
 50
21.786789298263407
 51
158.2132107017365
  0
ARC
  5
5C
330
17
100
AcDbEntity
  8
CUT
100
AcDbCircle
 10
73.5
 20
26.0
 30
0.0
 40
3.9
100
AcDbArc
 50
124.33999494370164
 51
415.660005056299
  0
ARC
  5
5D
330
17
100
AcDbEntity
  8
CUT
100
AcDbCircle
 10
73.5
 20
103.0
 30
0.0
 40
3.9
100
AcDbArc
 50
124.33999494370157
 51
415.660005056299
  0
ARC
  5
5E
330
17
100
AcDbEntity
  8
CUT
100
AcDbCircle
 10
78.0
 20
227.73333333333335
 30
0.0
 40
7.0
100
AcDbArc
 50
-90.00000000000047
 51
90.00000000000047
  0
ARC
  5
5F
330
17
100
AcDbEntity
  8
CUT
100
AcDbCircle
 10
78.0
 20
242.4
 30
0.0
 40
7.0
100
AcDbArc
 50
-89.99999999999977
 51
158.21321070173676
  0
ARC
  5
60
330
17
100
AcDbEntity
  8
CUT
100
AcDbCircle
 10
78.0
 20
213.06666666666666
 30
0.0
 40
7.0
100
AcDbArc
 50
-6.010850248583703
 51
90.00000000000047
  0
ARC
  5
61
330
17
100
AcDbEntity
  8
CUT
100
AcDbCircle
 10
84.0
 20
14.7125
 30
0.0
 40
7.0
100
AcDbArc
 50
-65.23529769039429
 51
65.23529769039429
  0
ARC
  5
62
330
17
100
AcDbEntity
  8
CUT
100
AcDbCircle
 10
84.0
 20
27.425
 30
0.0
 40
7.0
100
AcDbArc
 50
-65.23529769039429
 51
65.23529769039429
  0
ARC
  5
63
330
17
100
AcDbEntity
  8
CUT
100
AcDbCircle
 10
84.0
 20
40.1375
 30
0.0
 40
7.0
100
AcDbArc
 50
-65.23529769039429
 51
65.23529769039432
  0
ARC
  5
64
330
17
100
AcDbEntity
  8
CUT
100
AcDbCircle
 10
84.0
 20
52.85
 30
0.0
 40
7.0
100
AcDbArc
 50
-65.23529769039428
 51
65.23529769039428
  0
ARC
  5
65
330
17
100
AcDbEntity
  8
CUT
100
AcDbCircle
 10
84.0
 20
65.5625
 30
0.0
 40
7.0
100
AcDbArc
 50
-65.23529769039429
 51
65.23529769039442
  0
ARC
  5
66
330
17
100
AcDbEntity
  8
CUT
100
AcDbCircle
 10
84.0
 20
78.275
 30
0.0
 40
7.0
100
AcDbArc
 50
-65.2352976903944
 51
65.23529769039426
  0
ARC
  5
67
330
17
100
AcDbEntity
  8
CUT
100
AcDbCircle
 10
84.0
 20
90.9875
 30
0.0
 40
7.0
100
AcDbArc
 50
-65.23529769039429
 51
65.23529769039442
  0
ARC
  5
68
330
17
100
AcDbEntity
  8
CUT
100
AcDbCircle
 10
84.0
 20
103.7
 30
0.0
 40
7.0
100
AcDbArc
 50
-65.2352976903944
 51
65.2352976903944
  0
ARC
  5
69
330
17
100
AcDbEntity
  8
CUT
100
AcDbCircle
 10
84.0
 20
116.41250000000001
 30
0.0
 40
7.0
100
AcDbArc
 50
-65.2352976903944
 51
65.2352976903943
  0
ARC
  5
6A
330
17
100
AcDbEntity
  8
CUT
100
AcDbCircle
 10
84.0
 20
129.125
 30
0.0
 40
7.0
100
AcDbArc
 50
-65.23529769039426
 51
65.23529769039308
  0
ARC
  5
6B
330
17
100
AcDbEntity
  8
CUT
100
AcDbCircle
 10
84.0
 20
141.8375
 30
0.0
 40
7.0
100
AcDbArc
 50
-65.23529769039318
 51
65.23529769039436
  0
ARC
  5
6C
330
17
100
AcDbEntity
  8
CUT
100
AcDbCircle
 10
84.0
 20
154.55
 30
0.0
 40
7.0
100
AcDbArc
 50
-65.23529769039426
 51
65.23529769039308
  0
ARC
  5
6D
330
17
100
AcDbEntity
  8
CUT
100
AcDbCircle
 10
84.0
 20
167.26250000000002
 30
0.0
 40
7.0
100
AcDbArc
 50
-65.23529769039318
 51
65.23529769039405
  0
ARC
  5
6E
330
17
100
AcDbEntity
  8
CUT
100
AcDbCircle
 10
84.0
 20
179.975
 30
0.0
 40
7.0
100
AcDbArc
 50
-65.23529769039403
 51
65.23529769039435
  0
ARC
  5
6F
330
17
100
AcDbEntity
  8
CUT
100
AcDbCircle
 10
84.0
 20
192.6875
 30
0.0
 40
7.0
100
AcDbArc
 50
-65.23529769039426
 51
65.2352976903934
  0
ARC
  5
70
330
17
100
AcDbEntity
  8
CUT
100
AcDbCircle
 10
84.0
 20
205.4
 30
0.0
 40
7.0
100
AcDbArc
 50
-65.2352976903931
 51
82.10493531223531
  0
ARC
  5
71
330
17
100
AcDbEntity
  8
CUT
100
AcDbCircle
 10
84.0
 20
2.0
 30
0.0
 40
7.0
100
AcDbArc
 50
-4.834443115824545e-13
 51
65.23529769039429
  0
LINE
  5
72
330
17
100
AcDbEntity
  8
CUT
100
AcDbLine
 10
-91.0
 20
2.0
 30
0.0
 11
91.0
 21
2.0
 31
0.0
  0
LINE
  5
73
330
17
100
AcDbEntity
  8
CUT
100
AcDbLine
 10
-78.0
 20
220.73333333333335
 30
0.0
 11
-78.0
 21
220.06666666666666
 31
0.0
  0
LINE
  5
74
330
17
100
AcDbEntity
  8
CUT
100
AcDbLine
 10
-78.0
 20
235.4
 30
0.0
 11
-78.0
 21
234.73333333333335
 31
0.0
  0
LINE
  5
75
330
17
100
AcDbEntity
  8
CUT
100
AcDbLine
 10
-75.69999999999996
 20
29.220248437620974
 30
0.0
 11
-75.7
 21
35.0
 31
0.0
  0
LINE
  5
76
330
17
100
AcDbEntity
  8
CUT
100
AcDbLine
 10
-75.69999999999996
 20
106.22024843762098
 30
0.0
 11
-75.7
 21
112.0
 31
0.0
  0
LINE
  5
77
330
17
100
AcDbEntity
  8
CUT
100
AcDbLine
 10
-71.3
 20
35.0
 30
0.0
 11
-71.30000000000007
 21
29.220248437621006
 31
0.0
  0
LINE
  5
78
330
17
100
AcDbEntity
  8
CUT
100
AcDbLine
 10
-71.3
 20
112.0
 30
0.0
 11
-71.30000000000007
 21
106.22024843762101
 31
0.0
  0
LINE
  5
79
330
17
100
AcDbEntity
  8
CUT
100
AcDbLine
 10
-58.44999999999986
 20
31.0
 30
0.0
 11
-58.44999999999986
 21
172.4
 31
0.0
  0
LINE
  5
7A
330
17
100
AcDbEntity
  8
CUT
100
AcDbLine
 10
-40.45000000000014
 20
190.4
 30
0.0
 11
-5.523585791856625
 21
190.4
 31
0.0
  0
LINE
  5
7B
330
17
100
AcDbEntity
  8
CUT
100
AcDbLine
 10
5.52358579185674
 20
190.4
 30
0.0
 11
40.44999999634806
 21
190.4
 31
0.0
  0
LINE
  5
7C
330
17
100
AcDbEntity
  8
CUT
100
AcDbLine
 10
40.44999999634806
 20
13.0
 30
0.0
 11
-40.45000000000014
 21
13.0
 31
0.0
  0
LINE
  5
7D
330
17
100
AcDbEntity
  8
CUT
100
AcDbLine
 10
58.450000000000145
 20
172.4
 30
0.0
 11
58.450000000000145
 21
31.0
 31
0.0
  0
LINE
  5
7E
330
17
100
AcDbEntity
  8
CUT
100
AcDbLine
 10
71.30000000000004
 20
29.220248437620974
 30
0.0
 11
71.3
 21
35.0
 31
0.0
  0
LINE
  5
7F
330
17
100
AcDbEntity
  8
CUT
100
AcDbLine
 10
71.30000000000004
 20
106.22024843762098
 30
0.0
 11
71.3
 21
112.0
 31
0.0
  0
LINE
  5
80
330
17
100
AcDbEntity
  8
CUT
100
AcDbLine
 10
75.7
 20
35.0
 30
0.0
 11
75.69999999999993
 21
29.220248437621006
 31
0.0
  0
LINE
  5
81
330
17
100
AcDbEntity
  8
CUT
100
AcDbLine
 10
75.7
 20
112.0
 30
0.0
 11
75.69999999999993
 21
106.22024843762101
 31
0.0
  0
LINE
  5
82
330
17
100
AcDbEntity
  8
CUT
100
AcDbLine
 10
78.0
 20
220.06666666666666
 30
0.0
 11
78.0
 21
220.73333333333335
 31
0.0
  0
LINE
  5
83
330
17
100
AcDbEntity
  8
CUT
100
AcDbLine
 10
78.0
 20
234.73333333333335
 30
0.0
 11
78.0
 21
235.4
 31
0.0
  0
SPLINE
  5
85
330
17
100
AcDbEntity
  8
ENGRAVE
100
AcDbSpline
 70
0
 71
2
 72
6
 73
3
 74
0
 40
0.0
 40
0.0
 40
0.0
 40
1.0
 40
1.0
 40
1.0
 10
-47.82601463537358
 20
214.12395670603192
 30
0.0
 10
-48.213506497352746
 20
214.51144856801108
 30
0.0
 10
-48.138555325477746
 20
214.81141601592776
 30
0.0
  0
SPLINE
  5
86
330
17
100
AcDbEntity
  8
ENGRAVE
100
AcDbSpline
 70
0
 71
2
 72
6
 73
3
 74
0
 40
0.0
 40
0.0
 40
0.0
 40
1.0
 40
1.0
 40
1.0
 10
-48.138555325477746
 20
214.81141601592776
 30
0.0
 10
-48.088506497352746
 20
214.96139973988608
 30
0.0
 10
-47.963506497352746
 20
215.08639973988608
 30
0.0
  0
SPLINE
  5
87
330
17
100
AcDbEntity
  8
ENGRAVE
100
AcDbSpline
 70
0
 71
2
 72
6
 73
3
 74
0
 40
0.0
 40
0.0
 40
0.0
 40
1.0
 40
1.0
 40
1.0
 10
-46.588506497352746
 20
213.38644856801108
 30
0.0
 10
-47.43852277339442
 20
213.73646484405276
 30
0.0
 10
-47.82601463537358
 20
214.12395670603192
 30
0.0
  0
SPLINE
  5
88
330
17
100
AcDbEntity
  8
ENGRAVE
100
AcDbSpline
 70
0
 71
2
 72
6
 73
3
 74
0
 40
0.0
 40
0.0
 40
0.0
 40
1.0
 40
1.0
 40
1.0
 10
-47.41353904943608
 20
218.17392415394858
 30
0.0
 10
-47.56352277339442
 20
218.66143229196942
 30
0.0
 10
-47.56352277339442
 20
219.06141601592776
 30
0.0
  0
SPLINE
  5
89
330
17
100
AcDbEntity
  8
ENGRAVE
100
AcDbSpline
 70
0
 71
2
 72
6
 73
3
 74
0
 40
0.0
 40
0.0
 40
0.0
 40
1.0
 40
1.0
 40
1.0
 10
-47.088506497352746
 20
217.68641601592776
 30
0.0
 10
-47.263555325477746
 20
217.68641601592776
 30
0.0
 10
-47.41353904943608
 20
218.17392415394858
 30
0.0
  0
SPLINE
  5
8A
330
17
100
AcDbEntity
  8
ENGRAVE
100
AcDbSpline
 70
0
 71
2
 72
6
 73
3
 74
0
 40
0.0
 40
0.0
 40
0.0
 40
1.0
 40
1.0
 40
1.0
 10
-47.963506497352746
 20
215.08639973988608
 30
0.0
 10
-47.838506497352746
 20
215.21139973988608
 30
0.0
 10
-47.401006497352746
 20
215.19890787790692
 30
0.0
  0
SPLINE
  5
8B
330
17
100
AcDbEntity
  8
ENGRAVE
100
AcDbSpline
 70
0
 71
2
 72
6
 73
3
 74
0
 40
0.0
 40
0.0
 40
0.0
 40
1.0
 40
1.0
 40
1.0
 10
-47.56352277339442
 20
219.06141601592776
 30
0.0
 10
-47.56352277339442
 20
219.81141601592776
 30
0.0
 10
-47.10103904943608
 20
220.53643229196942
 30
0.0
  0
SPLINE
  5
8C
330
17
100
AcDbEntity
  8
ENGRAVE
100
AcDbSpline
 70
0
 71
2
 72
6
 73
3
 74
0
 40
0.0
 40
0.0
 40
0.0
 40
1.0
 40
1.0
 40
1.0
 10
-46.738530911415246
 20
217.03643229196942
 30
0.0
 10
-47.18852277339442
 20
217.38644856801108
 30
0.0
 10
-47.088506497352746
 20
217.56141601592776
 30
0.0
  0
SPLINE
  5
8D
330
17
100
AcDbEntity
  8
ENGRAVE
100
AcDbSpline
 70
0
 71
2
 72
6
 73
3
 74
0
 40
0.0
 40
0.0
 40
0.0
 40
1.0
 40
1.0
 40
1.0
 10
-45.73857160151942
 20
216.23646484405276
 30
0.0
 10
-46.28853904943608
 20
216.68641601592776
 30
0.0
 10
-46.738530911415246
 20
217.03643229196942
 30
0.0
  0
SPLINE
  5
8E
330
17
100
AcDbEntity
  8
ENGRAVE
100
AcDbSpline
 70
0
 71
2
 72
6
 73
3
 74
0
 40
0.0
 40
0.0
 40
0.0
 40
1.0
 40
1.0
 40
1.0
 10
-45.42607160151942
 20
213.17392415394858
 30
0.0
 10
-46.11357160151942
 20
213.18641601592776
 30
0.0
 10
-46.588506497352746
 20
213.38644856801108
 30
0.0
  0
SPLINE
  5
8F
330
17
100
AcDbEntity
  8
ENGRAVE
100
AcDbSpline
 70
0
 71
2
 72
6
 73
3
 74
0
 40
0.0
 40
0.0
 40
0.0
 40
1.0
 40
1.0
 40
1.0
 10
-47.10103904943608
 20
220.53643229196942
 30
0.0
 10
-46.638555325477746
 20
221.26144856801108
 30
0.0
 10
-46.11357160151942
 20
221.81141601592776
 30
0.0
  0
SPLINE
  5
90
330
17
100
AcDbEntity
  8
ENGRAVE
100
AcDbSpline
 70
0
 71
2
 72
6
 73
3
 74
0
 40
0.0
 40
0.0
 40
0.0
 40
1.0
 40
1.0
 40
1.0
 10
-47.401006497352746
 20
215.19890787790692
 30
0.0
 10
-46.963506497352746
 20
215.18641601592776
 30
0.0
 10
-46.03853904943608
 20
214.96139973988608
 30
0.0
  0
SPLINE
  5
91
330
17
100
AcDbEntity
  8
ENGRAVE
100
AcDbSpline
 70
0
 71
2
 72
6
 73
3
 74
0
 40
0.0
 40
0.0
 40
0.0
 40
1.0
 40
1.0
 40
1.0
 10
-45.35103904943608
 20
215.96139973988608
 30
0.0
 10
-45.513555325477746
 20
216.08639973988608
 30
0.0
 10
-45.73857160151942
 20
216.23646484405276
 30
0.0
  0
SPLINE
  5
92
330
17
100
AcDbEntity
  8
ENGRAVE
100
AcDbSpline
 70
0
 71
2
 72
6
 73
3
 74
0
 40
0.0
 40
0.0
 40
0.0
 40
1.0
 40
1.0
 40
1.0
 10
-44.11357160151942
 20
213.27394042999026
 30
0.0
 10
-44.73857160151942
 20
213.16143229196942
 30
0.0
 10
-45.42607160151942
 20
213.17392415394858
 30
0.0
  0
SPLINE
  5
93
330
17
100
AcDbEntity
  8
ENGRAVE
100
AcDbSpline
 70
0
 71
2
 72
6
 73
3
 74
0
 40
0.0
 40
0.0
 40
0.0
 40
1.0
 40
1.0
 40
1.0
 10
-45.326055325477746
 20
219.22393229196942
 30
0.0
 10
-45.41353904943608
 20
219.03643229196942
 30
0.0
 10
-45.388555325477746
 20
218.83639973988608
 30
0.0
  0
SPLINE
  5
94
330
17
100
AcDbEntity
  8
ENGRAVE
100
AcDbSpline
 70
0
 71
2
 72
6
 73
3
 74
0
 40
0.0
 40
0.0
 40
0.0
 40
1.0
 40
1.0
 40
1.0
 10
-45.138555325477746
 20
215.71139973988608
 30
0.0
 10
-45.18852277339442
 20
215.83639973988608
 30
0.0
 10
-45.35103904943608
 20
215.96139973988608
 30
0.0
  0
SPLINE
  5
95
330
17
100
AcDbEntity
  8
ENGRAVE
100
AcDbSpline
 70
0
 71
2
 72
6
 73
3
 74
0
 40
0.0
 40
0.0
 40
0.0
 40
1.0
 40
1.0
 40
1.0
 10
-45.213506497352746
 20
219.63644856801108
 30
0.0
 10
-45.23857160151942
 20
219.41143229196942
 30
0.0
 10
-45.326055325477746
 20
219.22393229196942
 30
0.0
  0
SPLINE
  5
96
330
17
100
AcDbEntity
  8
ENGRAVE
100
AcDbSpline
 70
0
 71
2
 72
6
 73
3
 74
0
 40
0.0
 40
0.0
 40
0.0
 40
1.0
 40
1.0
 40
1.0
 10
-46.03853904943608
 20
214.96139973988608
 30
0.0
 10
-45.61357160151942
 20
214.96139973988608
 30
0.0
 10
-45.22603904943608
 20
215.01140787790692
 30
0.0
  0
SPLINE
  5
97
330
17
100
AcDbEntity
  8
ENGRAVE
100
AcDbSpline
 70
0
 71
2
 72
6
 73
3
 74
0
 40
0.0
 40
0.0
 40
0.0
 40
1.0
 40
1.0
 40
1.0
 10
-44.81352277339442
 20
220.18641601592776
 30
0.0
 10
-45.06352277339442
 20
219.83639973988608
 30
0.0
 10
-45.213506497352746
 20
219.63644856801108
 30
0.0
  0
SPLINE
  5
98
330
17
100
AcDbEntity
  8
ENGRAVE
100
AcDbSpline
 70
0
 71
2
 72
6
 73
3
 74
0
 40
0.0
 40
0.0
 40
0.0
 40
1.0
 40
1.0
 40
1.0
 10
-44.68852277339442
 20
215.51144856801108
 30
0.0
 10
-44.888555325477746
 20
215.71139973988608
 30
0.0
 10
-45.138555325477746
 20
215.71139973988608
 30
0.0
  0
SPLINE
  5
99
330
17
100
AcDbEntity
  8
ENGRAVE
100
AcDbSpline
 70
0
 71
2
 72
6
 73
3
 74
0
 40
0.0
 40
0.0
 40
0.0
 40
1.0
 40
1.0
 40
1.0
 10
-45.388555325477746
 20
218.83639973988608
 30
0.0
 10
-45.36357160151942
 20
218.58639973988608
 30
0.0
 10
-45.138555325477746
 20
218.36142415394858
 30
0.0
  0
SPLINE
  5
9A
330
17
100
AcDbEntity
  8
ENGRAVE
100
AcDbSpline
 70
0
 71
2
 72
6
 73
3
 74
0
 40
0.0
 40
0.0
 40
0.0
 40
1.0
 40
1.0
 40
1.0
 10
-44.363530911415246
 20
220.77394042999026
 30
0.0
 10
-44.56352277339442
 20
220.53643229196942
 30
0.0
 10
-44.81352277339442
 20
220.18641601592776
 30
0.0
  0
SPLINE
  5
9B
330
17
100
AcDbEntity
  8
ENGRAVE
100
AcDbSpline
 70
0
 71
2
 72
6
 73
3
 74
0
 40
0.0
 40
0.0
 40
0.0
 40
1.0
 40
1.0
 40
1.0
 10
-44.51351463537358
 20
215.32394856801108
 30
0.0
 10
-44.56352277339442
 20
215.41143229196942
 30
0.0
 10
-44.68852277339442
 20
215.51144856801108
 30
0.0
  0
SPLINE
  5
9C
330
17
100
AcDbEntity
  8
ENGRAVE
100
AcDbSpline
 70
0
 71
2
 72
6
 73
3
 74
0
 40
0.0
 40
0.0
 40
0.0
 40
1.0
 40
1.0
 40
1.0
 10
-45.22603904943608
 20
215.01140787790692
 30
0.0
 10
-44.838506497352746
 20
215.06141601592776
 30
0.0
 10
-44.588506497352746
 20
215.18641601592776
 30
0.0
  0
SPLINE
  5
9D
330
17
100
AcDbEntity
  8
ENGRAVE
100
AcDbSpline
 70
0
 71
2
 72
6
 73
3
 74
0
 40
0.0
 40
0.0
 40
0.0
 40
1.0
 40
1.0
 40
1.0
 10
-46.11357160151942
 20
221.81141601592776
 30
0.0
 10
-45.41353904943608
 20
222.48646484405276
 30
0.0
 10
-44.53853904943608
 20
223.11146484405276
 30
0.0
  0
SPLINE
  5
9E
330
17
100
AcDbEntity
  8
ENGRAVE
100
AcDbSpline
 70
0
 71
2
 72
6
 73
3
 74
0
 40
0.0
 40
0.0
 40
0.0
 40
1.0
 40
1.0
 40
1.0
 10
-44.588506497352746
 20
215.18641601592776
 30
0.0
 10
-44.463506497352746
 20
215.23646484405276
 30
0.0
 10
-44.51351463537358
 20
215.32394856801108
 30
0.0
  0
SPLINE
  5
9F
330
17
100
AcDbEntity
  8
ENGRAVE
100
AcDbSpline
 70
0
 71
2
 72
6
 73
3
 74
0
 40
0.0
 40
0.0
 40
0.0
 40
1.0
 40
1.0
 40
1.0
 10
-45.138555325477746
 20
218.36142415394858
 30
0.0
 10
-44.91353904943608
 20
218.13644856801108
 30
0.0
 10
-44.48857160151942
 20
217.78643229196942
 30
0.0
  0
SPLINE
  5
A0
330
17
100
AcDbEntity
  8
ENGRAVE
100
AcDbSpline
 70
0
 71
2
 72
6
 73
3
 74
0
 40
0.0
 40
0.0
 40
0.0
 40
1.0
 40
1.0
 40
1.0
 10
-44.16353904943608
 20
220.88644856801108
 30
0.0
 10
-44.16353904943608
 20
221.01144856801108
 30
0.0
 10
-44.363530911415246
 20
220.77394042999026
 30
0.0
  0
SPLINE
  5
A1
330
17
100
AcDbEntity
  8
ENGRAVE
100
AcDbSpline
 70
0
 71
2
 72
6
 73
3
 74
0
 40
0.0
 40
0.0
 40
0.0
 40
1.0
 40
1.0
 40
1.0
 10
-44.02604718745692
 20
220.93645670603192
 30
0.0
 10
-44.06352277339442
 20
220.88644856801108
 30
0.0
 10
-44.16353904943608
 20
220.88644856801108
 30
0.0
  0
SPLINE
  5
A2
330
17
100
AcDbEntity
  8
ENGRAVE
100
AcDbSpline
 70
0
 71
2
 72
6
 73
3
 74
0
 40
0.0
 40
0.0
 40
0.0
 40
1.0
 40
1.0
 40
1.0
 10
-43.23857160151942
 20
213.51144856801108
 30
0.0
 10
-43.48857160151942
 20
213.38644856801108
 30
0.0
 10
-44.11357160151942
 20
213.27394042999026
 30
0.0
  0
SPLINE
  5
A3
330
17
100
AcDbEntity
  8
ENGRAVE
100
AcDbSpline
 70
0
 71
2
 72
6
 73
3
 74
0
 40
0.0
 40
0.0
 40
0.0
 40
1.0
 40
1.0
 40
1.0
 10
-43.888555325477746
 20
221.16143229196942
 30
0.0
 10
-43.98857160151942
 20
220.98646484405276
 30
0.0
 10
-44.02604718745692
 20
220.93645670603192
 30
0.0
  0
SPLINE
  5
A4
330
17
100
AcDbEntity
  8
ENGRAVE
100
AcDbSpline
 70
0
 71
2
 72
6
 73
3
 74
0
 40
0.0
 40
0.0
 40
0.0
 40
1.0
 40
1.0
 40
1.0
 10
-43.18856346349858
 20
221.67392415394858
 30
0.0
 10
-43.638555325477746
 20
221.38644856801108
 30
0.0
 10
-43.888555325477746
 20
221.16143229196942
 30
0.0
  0
SPLINE
  5
A5
330
17
100
AcDbEntity
  8
ENGRAVE
100
AcDbSpline
 70
0
 71
2
 72
6
 73
3
 74
0
 40
0.0
 40
0.0
 40
0.0
 40
1.0
 40
1.0
 40
1.0
 10
-42.23853091141525
 20
214.37391601592776
 30
0.0
 10
-42.56352277339442
 20
213.81141601592776
 30
0.0
 10
-43.23857160151942
 20
213.51144856801108
 30
0.0
  0
SPLINE
  5
A6
330
17
100
AcDbEntity
  8
ENGRAVE
100
AcDbSpline
 70
0
 71
2
 72
6
 73
3
 74
0
 40
0.0
 40
0.0
 40
0.0
 40
1.0
 40
1.0
 40
1.0
 10
-42.32605532547775
 20
222.16143229196942
 30
0.0
 10
-42.73857160151942
 20
221.96139973988608
 30
0.0
 10
-43.18856346349858
 20
221.67392415394858
 30
0.0
  0
SPLINE
  5
A7
330
17
100
AcDbEntity
  8
ENGRAVE
100
AcDbSpline
 70
0
 71
2
 72
6
 73
3
 74
0
 40
0.0
 40
0.0
 40
0.0
 40
1.0
 40
1.0
 40
1.0
 10
-44.48857160151942
 20
217.78643229196942
 30
0.0
 10
-43.61357160151942
 20
217.13644856801108
 30
0.0
 10
-43.17607160151942
 20
216.76144856801108
 30
0.0
  0
SPLINE
  5
A8
330
17
100
AcDbEntity
  8
ENGRAVE
100
AcDbSpline
 70
0
 71
2
 72
6
 73
3
 74
0
 40
0.0
 40
0.0
 40
0.0
 40
1.0
 40
1.0
 40
1.0
 10
-43.17607160151942
 20
216.76144856801108
 30
0.0
 10
-42.73857160151942
 20
216.38644856801108
 30
0.0
 10
-42.56356346349858
 20
216.16143229196942
 30
0.0
  0
SPLINE
  5
A9
330
17
100
AcDbEntity
  8
ENGRAVE
100
AcDbSpline
 70
0
 71
2
 72
6
 73
3
 74
0
 40
0.0
 40
0.0
 40
0.0
 40
1.0
 40
1.0
 40
1.0
 10
-44.53853904943608
 20
223.11146484405276
 30
0.0
 10
-43.66353904943608
 20
223.73646484405276
 30
0.0
 10
-42.513555325477746
 20
224.03643229196942
 30
0.0
  0
SPLINE
  5
AA
330
17
100
AcDbEntity
  8
ENGRAVE
100
AcDbSpline
 70
0
 71
2
 72
6
 73
3
 74
0
 40
0.0
 40
0.0
 40
0.0
 40
1.0
 40
1.0
 40
1.0
 10
-42.42607160151942
 20
220.22393229196942
 30
0.0
 10
-42.48857160151942
 20
220.33639973988608
 30
0.0
 10
-42.48857160151942
 20
220.43641601592776
 30
0.0
  0
SPLINE
  5
AB
330
17
100
AcDbEntity
  8
ENGRAVE
100
AcDbSpline
 70
0
 71
2
 72
6
 73
3
 74
0
 40
0.0
 40
0.0
 40
0.0
 40
1.0
 40
1.0
 40
1.0
 10
-42.36357160151942
 20
220.11146484405276
 30
0.0
 10
-42.36357160151942
 20
220.11146484405276
 30
0.0
 10
-42.42607160151942
 20
220.22393229196942
 30
0.0
  0
SPLINE
  5
AC
330
17
100
AcDbEntity
  8
ENGRAVE
100
AcDbSpline
 70
0
 71
2
 72
6
 73
3
 74
0
 40
0.0
 40
0.0
 40
0.0
 40
1.0
 40
1.0
 40
1.0
 10
-42.48857160151942
 20
220.43641601592776
 30
0.0
 10
-42.48857160151942
 20
220.53643229196942
 30
0.0
 10
-42.41353904943608
 20
220.62391601592776
 30
0.0
  0
SPLINE
  5
AD
330
17
100
AcDbEntity
  8
ENGRAVE
100
AcDbSpline
 70
0
 71
2
 72
6
 73
3
 74
0
 40
0.0
 40
0.0
 40
0.0
 40
1.0
 40
1.0
 40
1.0
 10
-42.13855532547775
 20
219.86142415394858
 30
0.0
 10
-42.26355532547775
 20
219.96139973988608
 30
0.0
 10
-42.36357160151942
 20
220.11146484405276
 30
0.0
  0
SPLINE
  5
AE
330
17
100
AcDbEntity
  8
ENGRAVE
100
AcDbSpline
 70
0
 71
2
 72
6
 73
3
 74
0
 40
0.0
 40
0.0
 40
0.0
 40
1.0
 40
1.0
 40
1.0
 10
-42.56356346349858
 20
216.16143229196942
 30
0.0
 10
-42.38855532547775
 20
215.93641601592776
 30
0.0
 10
-42.33850649735275
 20
215.71139973988608
 30
0.0
  0
SPLINE
  5
AF
330
17
100
AcDbEntity
  8
ENGRAVE
100
AcDbSpline
 70
0
 71
2
 72
6
 73
3
 74
0
 40
0.0
 40
0.0
 40
0.0
 40
1.0
 40
1.0
 40
1.0
 10
-42.41353904943608
 20
220.62391601592776
 30
0.0
 10
-42.33850649735275
 20
220.71139973988608
 30
0.0
 10
-42.33850649735275
 20
220.71139973988608
 30
0.0
  0
SPLINE
  5
B0
330
17
100
AcDbEntity
  8
ENGRAVE
100
AcDbSpline
 70
0
 71
2
 72
6
 73
3
 74
0
 40
0.0
 40
0.0
 40
0.0
 40
1.0
 40
1.0
 40
1.0
 10
-41.78853904943608
 20
222.36146484405276
 30
0.0
 10
-41.91353904943608
 20
222.36146484405276
 30
0.0
 10
-42.32605532547775
 20
222.16143229196942
 30
0.0
  0
SPLINE
  5
B1
330
17
100
AcDbEntity
  8
ENGRAVE
100
AcDbSpline
 70
0
 71
2
 72
6
 73
3
 74
0
 40
0.0
 40
0.0
 40
0.0
 40
1.0
 40
1.0
 40
1.0
 10
-42.33850649735275
 20
215.71139973988608
 30
0.0
 10
-41.91353904943608
 20
214.93641601592776
 30
0.0
 10
-42.23853091141525
 20
214.37391601592776
 30
0.0
  0
SPLINE
  5
B2
330
17
100
AcDbEntity
  8
ENGRAVE
100
AcDbSpline
 70
0
 71
2
 72
6
 73
3
 74
0
 40
0.0
 40
0.0
 40
0.0
 40
1.0
 40
1.0
 40
1.0
 10
-41.86357160151942
 20
219.66143229196942
 30
0.0
 10
-42.01355532547775
 20
219.76144856801108
 30
0.0
 10
-42.13855532547775
 20
219.86142415394858
 30
0.0
  0
SPLINE
  5
B3
330
17
100
AcDbEntity
  8
ENGRAVE
100
AcDbSpline
 70
0
 71
2
 72
6
 73
3
 74
0
 40
0.0
 40
0.0
 40
0.0
 40
1.0
 40
1.0
 40
1.0
 10
-41.21354718745692
 20
219.68645670603192
 30
0.0
 10
-41.63855532547775
 20
219.48646484405276
 30
0.0
 10
-41.86357160151942
 20
219.66143229196942
 30
0.0
  0
SPLINE
  5
B4
330
17
100
AcDbEntity
  8
ENGRAVE
100
AcDbSpline
 70
0
 71
2
 72
6
 73
3
 74
0
 40
0.0
 40
0.0
 40
0.0
 40
1.0
 40
1.0
 40
1.0
 10
-41.46350649735275
 20
222.13644856801108
 30
0.0
 10
-41.46350649735275
 20
222.36146484405276
 30
0.0
 10
-41.78853904943608
 20
222.36146484405276
 30
0.0
  0
SPLINE
  5
B5
330
17
100
AcDbEntity
  8
ENGRAVE
100
AcDbSpline
 70
0
 71
2
 72
6
 73
3
 74
0
 40
0.0
 40
0.0
 40
0.0
 40
1.0
 40
1.0
 40
1.0
 10
-42.513555325477746
 20
224.03643229196942
 30
0.0
 10
-42.16353904943608
 20
224.11146484405276
 30
0.0
 10
-41.71354718745692
 20
224.11146484405276
 30
0.0
  0
SPLINE
  5
B6
330
17
100
AcDbEntity
  8
ENGRAVE
100
AcDbSpline
 70
0
 71
2
 72
6
 73
3
 74
0
 40
0.0
 40
0.0
 40
0.0
 40
1.0
 40
1.0
 40
1.0
 10
-42.33850649735275
 20
220.71139973988608
 30
0.0
 10
-41.83850649735275
 20
221.18641601592776
 30
0.0
 10
-41.65100649735275
 20
221.57390787790692
 30
0.0
  0
SPLINE
  5
B7
330
17
100
AcDbEntity
  8
ENGRAVE
100
AcDbSpline
 70
0
 71
2
 72
6
 73
3
 74
0
 40
0.0
 40
0.0
 40
0.0
 40
1.0
 40
1.0
 40
1.0
 10
-41.65100649735275
 20
221.57390787790692
 30
0.0
 10
-41.46350649735275
 20
221.96139973988608
 30
0.0
 10
-41.46350649735275
 20
222.13644856801108
 30
0.0
  0
SPLINE
  5
B8
330
17
100
AcDbEntity
  8
ENGRAVE
100
AcDbSpline
 70
0
 71
2
 72
6
 73
3
 74
0
 40
0.0
 40
0.0
 40
0.0
 40
1.0
 40
1.0
 40
1.0
 10
-40.31352277339442
 20
220.21139973988608
 30
0.0
 10
-40.78853904943608
 20
219.88644856801108
 30
0.0
 10
-41.21354718745692
 20
219.68645670603192
 30
0.0
  0
SPLINE
  5
B9
330
17
100
AcDbEntity
  8
ENGRAVE
100
AcDbSpline
 70
0
 71
2
 72
6
 73
3
 74
0
 40
0.0
 40
0.0
 40
0.0
 40
1.0
 40
1.0
 40
1.0
 10
-41.71354718745692
 20
224.11146484405276
 30
0.0
 10
-41.26355532547775
 20
224.11146484405276
 30
0.0
 10
-41.06352277339442
 20
223.98646484405276
 30
0.0
  0
SPLINE
  5
BA
330
17
100
AcDbEntity
  8
ENGRAVE
100
AcDbSpline
 70
0
 71
2
 72
6
 73
3
 74
0
 40
0.0
 40
0.0
 40
0.0
 40
1.0
 40
1.0
 40
1.0
 10
-41.06352277339442
 20
223.98646484405276
 30
0.0
 10
-40.86357160151942
 20
224.11146484405276
 30
0.0
 10
-40.56356346349858
 20
223.92396484405276
 30
0.0
  0
SPLINE
  5
BB
330
17
100
AcDbEntity
  8
ENGRAVE
100
AcDbSpline
 70
0
 71
2
 72
6
 73
3
 74
0
 40
0.0
 40
0.0
 40
0.0
 40
1.0
 40
1.0
 40
1.0
 10
-39.93852277339442
 20
220.78643229196942
 30
0.0
 10
-39.93852277339442
 20
220.53643229196942
 30
0.0
 10
-40.31352277339442
 20
220.21139973988608
 30
0.0
  0
SPLINE
  5
BC
330
17
100
AcDbEntity
  8
ENGRAVE
100
AcDbSpline
 70
0
 71
2
 72
6
 73
3
 74
0
 40
0.0
 40
0.0
 40
0.0
 40
1.0
 40
1.0
 40
1.0
 10
-40.56356346349858
 20
223.92396484405276
 30
0.0
 10
-40.26355532547775
 20
223.73646484405276
 30
0.0
 10
-39.96354718745692
 20
223.41143229196942
 30
0.0
  0
SPLINE
  5
BD
330
17
100
AcDbEntity
  8
ENGRAVE
100
AcDbSpline
 70
0
 71
2
 72
6
 73
3
 74
0
 40
0.0
 40
0.0
 40
0.0
 40
1.0
 40
1.0
 40
1.0
 10
-39.87602277339442
 20
220.92392415394858
 30
0.0
 10
-39.93852277339442
 20
220.91143229196942
 30
0.0
 10
-39.93852277339442
 20
220.78643229196942
 30
0.0
  0
SPLINE
  5
BE
330
17
100
AcDbEntity
  8
ENGRAVE
100
AcDbSpline
 70
0
 71
2
 72
6
 73
3
 74
0
 40
0.0
 40
0.0
 40
0.0
 40
1.0
 40
1.0
 40
1.0
 10
-39.81352277339442
 20
220.93641601592776
 30
0.0
 10
-39.81352277339442
 20
220.93641601592776
 30
0.0
 10
-39.87602277339442
 20
220.92392415394858
 30
0.0
  0
SPLINE
  5
BF
330
17
100
AcDbEntity
  8
ENGRAVE
100
AcDbSpline
 70
0
 71
2
 72
6
 73
3
 74
0
 40
0.0
 40
0.0
 40
0.0
 40
1.0
 40
1.0
 40
1.0
 10
-39.58854718745692
 20
221.26140787790692
 30
0.0
 10
-39.63855532547775
 20
220.93641601592776
 30
0.0
 10
-39.81352277339442
 20
220.93641601592776
 30
0.0
  0
SPLINE
  5
C0
330
17
100
AcDbEntity
  8
ENGRAVE
100
AcDbSpline
 70
0
 71
2
 72
6
 73
3
 74
0
 40
0.0
 40
0.0
 40
0.0
 40
1.0
 40
1.0
 40
1.0
 10
-39.52604718745692
 20
222.02389973988608
 30
0.0
 10
-39.53853904943608
 20
221.58639973988608
 30
0.0
 10
-39.58854718745692
 20
221.26140787790692
 30
0.0
  0
SPLINE
  5
C1
330
17
100
AcDbEntity
  8
ENGRAVE
100
AcDbSpline
 70
0
 71
2
 72
6
 73
3
 74
0
 40
0.0
 40
0.0
 40
0.0
 40
1.0
 40
1.0
 40
1.0
 10
-39.51355532547775
 20
222.76144856801108
 30
0.0
 10
-39.51355532547775
 20
222.46139973988608
 30
0.0
 10
-39.52604718745692
 20
222.02389973988608
 30
0.0
  0
SPLINE
  5
C2
330
17
100
AcDbEntity
  8
ENGRAVE
100
AcDbSpline
 70
0
 71
2
 72
6
 73
3
 74
0
 40
0.0
 40
0.0
 40
0.0
 40
1.0
 40
1.0
 40
1.0
 10
-39.96354718745692
 20
223.41143229196942
 30
0.0
 10
-39.66353904943608
 20
223.08639973988608
 30
0.0
 10
-39.51355532547775
 20
222.76144856801108
 30
0.0
  0
SPLINE
  5
C3
330
17
100
AcDbEntity
  8
ENGRAVE
100
AcDbSpline
 70
0
 71
2
 72
6
 73
3
 74
0
 40
0.0
 40
0.0
 40
0.0
 40
1.0
 40
1.0
 40
1.0
 10
-39.138555325477746
 20
215.67392415394858
 30
0.0
 10
-39.36357160151942
 20
216.38644856801108
 30
0.0
 10
-39.213506497352746
 20
217.61146484405276
 30
0.0
  0
SPLINE
  5
C4
330
17
100
AcDbEntity
  8
ENGRAVE
100
AcDbSpline
 70
0
 71
2
 72
6
 73
3
 74
0
 40
0.0
 40
0.0
 40
0.0
 40
1.0
 40
1.0
 40
1.0
 10
-38.66353904943608
 20
214.63644856801108
 30
0.0
 10
-38.91353904943608
 20
214.96139973988608
 30
0.0
 10
-39.138555325477746
 20
215.67392415394858
 30
0.0
  0
SPLINE
  5
C5
330
17
100
AcDbEntity
  8
ENGRAVE
100
AcDbSpline
 70
0
 71
2
 72
6
 73
3
 74
0
 40
0.0
 40
0.0
 40
0.0
 40
1.0
 40
1.0
 40
1.0
 10
-37.488530911415246
 20
213.77394042999026
 30
0.0
 10
-38.213506497352746
 20
214.06141601592776
 30
0.0
 10
-38.66353904943608
 20
214.63644856801108
 30
0.0
  0
SPLINE
  5
C6
330
17
100
AcDbEntity
  8
ENGRAVE
100
AcDbSpline
 70
0
 71
2
 72
6
 73
3
 74
0
 40
0.0
 40
0.0
 40
0.0
 40
1.0
 40
1.0
 40
1.0
 10
-39.213506497352746
 20
217.61146484405276
 30
0.0
 10
-39.06352277339442
 20
218.76144856801108
 30
0.0
 10
-38.50102277339442
 20
219.93645670603192
 30
0.0
  0
SPLINE
  5
C7
330
17
100
AcDbEntity
  8
ENGRAVE
100
AcDbSpline
 70
0
 71
2
 72
6
 73
3
 74
0
 40
0.0
 40
0.0
 40
0.0
 40
1.0
 40
1.0
 40
1.0
 10
-35.926030911415246
 20
213.54896484405276
 30
0.0
 10
-36.763555325477746
 20
213.48646484405276
 30
0.0
 10
-37.488530911415246
 20
213.77394042999026
 30
0.0
  0
SPLINE
  5
C8
330
17
100
AcDbEntity
  8
ENGRAVE
100
AcDbSpline
 70
0
 71
2
 72
6
 73
3
 74
0
 40
0.0
 40
0.0
 40
0.0
 40
1.0
 40
1.0
 40
1.0
 10
-37.05107160151942
 20
217.88644856801108
 30
0.0
 10
-37.23857160151942
 20
217.63644856801108
 30
0.0
 10
-37.213506497352746
 20
216.91143229196942
 30
0.0
  0
SPLINE
  5
C9
330
17
100
AcDbEntity
  8
ENGRAVE
100
AcDbSpline
 70
0
 71
2
 72
6
 73
3
 74
0
 40
0.0
 40
0.0
 40
0.0
 40
1.0
 40
1.0
 40
1.0
 10
-38.50102277339442
 20
219.93645670603192
 30
0.0
 10
-37.93852277339442
 20
221.11146484405276
 30
0.0
 10
-37.113530911415246
 20
222.01144856801108
 30
0.0
  0
SPLINE
  5
CA
330
17
100
AcDbEntity
  8
ENGRAVE
100
AcDbSpline
 70
0
 71
2
 72
6
 73
3
 74
0
 40
0.0
 40
0.0
 40
0.0
 40
1.0
 40
1.0
 40
1.0
 10
-36.263555325477746
 20
218.01144856801108
 30
0.0
 10
-36.86357160151942
 20
218.13644856801108
 30
0.0
 10
-37.05107160151942
 20
217.88644856801108
 30
0.0
  0
SPLINE
  5
CB
330
17
100
AcDbEntity
  8
ENGRAVE
100
AcDbSpline
 70
0
 71
2
 72
6
 73
3
 74
0
 40
0.0
 40
0.0
 40
0.0
 40
1.0
 40
1.0
 40
1.0
 10
-37.213506497352746
 20
216.91143229196942
 30
0.0
 10
-37.16353904943608
 20
216.46139973988608
 30
0.0
 10
-37.00102277339442
 20
216.12391601592776
 30
0.0
  0
SPLINE
  5
CC
330
17
100
AcDbEntity
  8
ENGRAVE
100
AcDbSpline
 70
0
 71
2
 72
6
 73
3
 74
0
 40
0.0
 40
0.0
 40
0.0
 40
1.0
 40
1.0
 40
1.0
 10
-37.00102277339442
 20
216.12391601592776
 30
0.0
 10
-36.838506497352746
 20
215.78643229196942
 30
0.0
 10
-36.388555325477746
 20
215.66143229196942
 30
0.0
  0
SPLINE
  5
CD
330
17
100
AcDbEntity
  8
ENGRAVE
100
AcDbSpline
 70
0
 71
2
 72
6
 73
3
 74
0
 40
0.0
 40
0.0
 40
0.0
 40
1.0
 40
1.0
 40
1.0
 10
-35.91353904943608
 20
220.42392415394858
 30
0.0
 10
-36.23857160151942
 20
220.03643229196942
 30
0.0
 10
-36.338506497352746
 20
219.83639973988608
 30
0.0
  0
SPLINE
  5
CE
330
17
100
AcDbEntity
  8
ENGRAVE
100
AcDbSpline
 70
0
 71
2
 72
6
 73
3
 74
0
 40
0.0
 40
0.0
 40
0.0
 40
1.0
 40
1.0
 40
1.0
 10
-34.68856346349858
 20
217.86142415394858
 30
0.0
 10
-35.263555325477746
 20
217.81141601592776
 30
0.0
 10
-36.263555325477746
 20
218.01144856801108
 30
0.0
  0
SPLINE
  5
CF
330
17
100
AcDbEntity
  8
ENGRAVE
100
AcDbSpline
 70
0
 71
2
 72
6
 73
3
 74
0
 40
0.0
 40
0.0
 40
0.0
 40
1.0
 40
1.0
 40
1.0
 10
-34.338506497352746
 20
214.03643229196942
 30
0.0
 10
-35.088506497352746
 20
213.61146484405276
 30
0.0
 10
-35.926030911415246
 20
213.54896484405276
 30
0.0
  0
SPLINE
  5
D0
330
17
100
AcDbEntity
  8
ENGRAVE
100
AcDbSpline
 70
0
 71
2
 72
6
 73
3
 74
0
 40
0.0
 40
0.0
 40
0.0
 40
1.0
 40
1.0
 40
1.0
 10
-35.20101463537358
 20
221.16143229196942
 30
0.0
 10
-35.588506497352746
 20
220.81141601592776
 30
0.0
 10
-35.91353904943608
 20
220.42392415394858
 30
0.0
  0
SPLINE
  5
D1
330
17
100
AcDbEntity
  8
ENGRAVE
100
AcDbSpline
 70
0
 71
2
 72
6
 73
3
 74
0
 40
0.0
 40
0.0
 40
0.0
 40
1.0
 40
1.0
 40
1.0
 10
-36.338506497352746
 20
219.83639973988608
 30
0.0
 10
-36.213506497352746
 20
219.66143229196942
 30
0.0
 10
-35.62602277339442
 20
219.58644042999026
 30
0.0
  0
SPLINE
  5
D2
330
17
100
AcDbEntity
  8
ENGRAVE
100
AcDbSpline
 70
0
 71
2
 72
6
 73
3
 74
0
 40
0.0
 40
0.0
 40
0.0
 40
1.0
 40
1.0
 40
1.0
 10
-36.388555325477746
 20
215.66143229196942
 30
0.0
 10
-35.81352277339442
 20
215.56141601592776
 30
0.0
 10
-35.56352277339442
 20
215.64894042999026
 30
0.0
  0
SPLINE
  5
D3
330
17
100
AcDbEntity
  8
ENGRAVE
100
AcDbSpline
 70
0
 71
2
 72
6
 73
3
 74
0
 40
0.0
 40
0.0
 40
0.0
 40
1.0
 40
1.0
 40
1.0
 10
-37.113530911415246
 20
222.01144856801108
 30
0.0
 10
-36.28853904943608
 20
222.91143229196942
 30
0.0
 10
-35.31352277339442
 20
223.23646484405276
 30
0.0
  0
SPLINE
  5
D4
330
17
100
AcDbEntity
  8
ENGRAVE
100
AcDbSpline
 70
0
 71
2
 72
6
 73
3
 74
0
 40
0.0
 40
0.0
 40
0.0
 40
1.0
 40
1.0
 40
1.0
 10
-34.56352277339442
 20
221.58639973988608
 30
0.0
 10
-34.81352277339442
 20
221.51144856801108
 30
0.0
 10
-35.20101463537358
 20
221.16143229196942
 30
0.0
  0
SPLINE
  5
D5
330
17
100
AcDbEntity
  8
ENGRAVE
100
AcDbSpline
 70
0
 71
2
 72
6
 73
3
 74
0
 40
0.0
 40
0.0
 40
0.0
 40
1.0
 40
1.0
 40
1.0
 10
-35.56352277339442
 20
215.64894042999026
 30
0.0
 10
-35.31352277339442
 20
215.73646484405276
 30
0.0
 10
-34.93852277339442
 20
215.91143229196942
 30
0.0
  0
SPLINE
  5
D6
330
17
100
AcDbEntity
  8
ENGRAVE
100
AcDbSpline
 70
0
 71
2
 72
6
 73
3
 74
0
 40
0.0
 40
0.0
 40
0.0
 40
1.0
 40
1.0
 40
1.0
 10
-33.68852277339442
 20
218.08639973988608
 30
0.0
 10
-34.11357160151942
 20
217.91143229196942
 30
0.0
 10
-34.68856346349858
 20
217.86142415394858
 30
0.0
  0
SPLINE
  5
D7
330
17
100
AcDbEntity
  8
ENGRAVE
100
AcDbSpline
 70
0
 71
2
 72
6
 73
3
 74
0
 40
0.0
 40
0.0
 40
0.0
 40
1.0
 40
1.0
 40
1.0
 10
-35.62602277339442
 20
219.58644042999026
 30
0.0
 10
-35.03853904943608
 20
219.51144856801108
 30
0.0
 10
-34.66353904943608
 20
219.61146484405276
 30
0.0
  0
SPLINE
  5
D8
330
17
100
AcDbEntity
  8
ENGRAVE
100
AcDbSpline
 70
0
 71
2
 72
6
 73
3
 74
0
 40
0.0
 40
0.0
 40
0.0
 40
1.0
 40
1.0
 40
1.0
 10
-35.31352277339442
 20
223.23646484405276
 30
0.0
 10
-34.963506497352746
 20
223.36146484405276
 30
0.0
 10
-34.60103904943608
 20
223.42396484405276
 30
0.0
  0
SPLINE
  5
D9
330
17
100
AcDbEntity
  8
ENGRAVE
100
AcDbSpline
 70
0
 71
2
 72
6
 73
3
 74
0
 40
0.0
 40
0.0
 40
0.0
 40
1.0
 40
1.0
 40
1.0
 10
-33.62606346349858
 20
221.51140787790692
 30
0.0
 10
-33.98857160151942
 20
221.71139973988608
 30
0.0
 10
-34.56352277339442
 20
221.58639973988608
 30
0.0
  0
SPLINE
  5
DA
330
17
100
AcDbEntity
  8
ENGRAVE
100
AcDbSpline
 70
0
 71
2
 72
6
 73
3
 74
0
 40
0.0
 40
0.0
 40
0.0
 40
1.0
 40
1.0
 40
1.0
 10
-34.93852277339442
 20
215.91143229196942
 30
0.0
 10
-34.66353904943608
 20
216.08639973988608
 30
0.0
 10
-34.363530911415246
 20
216.33639973988608
 30
0.0
  0
SPLINE
  5
DB
330
17
100
AcDbEntity
  8
ENGRAVE
100
AcDbSpline
 70
0
 71
2
 72
6
 73
3
 74
0
 40
0.0
 40
0.0
 40
0.0
 40
1.0
 40
1.0
 40
1.0
 10
-33.05103091141525
 20
215.08639973988608
 30
0.0
 10
-33.58850649735275
 20
214.46139973988608
 30
0.0
 10
-34.338506497352746
 20
214.03643229196942
 30
0.0
  0
SPLINE
  5
DC
330
17
100
AcDbEntity
  8
ENGRAVE
100
AcDbSpline
 70
0
 71
2
 72
6
 73
3
 74
0
 40
0.0
 40
0.0
 40
0.0
 40
1.0
 40
1.0
 40
1.0
 10
-34.66353904943608
 20
219.61146484405276
 30
0.0
 10
-34.48857160151942
 20
219.68641601592776
 30
0.0
 10
-34.15104718745692
 20
219.96144042999026
 30
0.0
  0
SPLINE
  5
DD
330
17
100
AcDbEntity
  8
ENGRAVE
100
AcDbSpline
 70
0
 71
2
 72
6
 73
3
 74
0
 40
0.0
 40
0.0
 40
0.0
 40
1.0
 40
1.0
 40
1.0
 10
-34.363530911415246
 20
216.33639973988608
 30
0.0
 10
-34.06352277339442
 20
216.58639973988608
 30
0.0
 10
-33.86357160151942
 20
216.71139973988608
 30
0.0
  0
SPLINE
  5
DE
330
17
100
AcDbEntity
  8
ENGRAVE
100
AcDbSpline
 70
0
 71
2
 72
6
 73
3
 74
0
 40
0.0
 40
0.0
 40
0.0
 40
1.0
 40
1.0
 40
1.0
 10
-32.05103091141525
 20
219.46144042999026
 30
0.0
 10
-32.63855532547775
 20
218.53643229196942
 30
0.0
 10
-33.68852277339442
 20
218.08639973988608
 30
0.0
  0
SPLINE
  5
DF
330
17
100
AcDbEntity
  8
ENGRAVE
100
AcDbSpline
 70
0
 71
2
 72
6
 73
3
 74
0
 40
0.0
 40
0.0
 40
0.0
 40
1.0
 40
1.0
 40
1.0
 10
-34.60103904943608
 20
223.42396484405276
 30
0.0
 10
-34.23857160151942
 20
223.48646484405276
 30
0.0
 10
-33.63855532547775
 20
223.43641601592776
 30
0.0
  0
SPLINE
  5
E0
330
17
100
AcDbEntity
  8
ENGRAVE
100
AcDbSpline
 70
0
 71
2
 72
6
 73
3
 74
0
 40
0.0
 40
0.0
 40
0.0
 40
1.0
 40
1.0
 40
1.0
 10
-33.26355532547775
 20
221.03643229196942
 30
0.0
 10
-33.26355532547775
 20
221.31141601592776
 30
0.0
 10
-33.62606346349858
 20
221.51140787790692
 30
0.0
  0
SPLINE
  5
E1
330
17
100
AcDbEntity
  8
ENGRAVE
100
AcDbSpline
 70
0
 71
2
 72
6
 73
3
 74
0
 40
0.0
 40
0.0
 40
0.0
 40
1.0
 40
1.0
 40
1.0
 10
-34.15104718745692
 20
219.96144042999026
 30
0.0
 10
-33.81352277339442
 20
220.23646484405276
 30
0.0
 10
-33.53853904943608
 20
220.54896484405276
 30
0.0
  0
SPLINE
  5
E2
330
17
100
AcDbEntity
  8
ENGRAVE
100
AcDbSpline
 70
0
 71
2
 72
6
 73
3
 74
0
 40
0.0
 40
0.0
 40
0.0
 40
1.0
 40
1.0
 40
1.0
 10
-33.86357160151942
 20
216.71139973988608
 30
0.0
 10
-33.66353904943608
 20
216.86146484405276
 30
0.0
 10
-33.36357160151942
 20
216.86146484405276
 30
0.0
  0
SPLINE
  5
E3
330
17
100
AcDbEntity
  8
ENGRAVE
100
AcDbSpline
 70
0
 71
2
 72
6
 73
3
 74
0
 40
0.0
 40
0.0
 40
0.0
 40
1.0
 40
1.0
 40
1.0
 10
-33.53853904943608
 20
220.54896484405276
 30
0.0
 10
-33.26355532547775
 20
220.86146484405276
 30
0.0
 10
-33.26355532547775
 20
221.03643229196942
 30
0.0
  0
SPLINE
  5
E4
330
17
100
AcDbEntity
  8
ENGRAVE
100
AcDbSpline
 70
0
 71
2
 72
6
 73
3
 74
0
 40
0.0
 40
0.0
 40
0.0
 40
1.0
 40
1.0
 40
1.0
 10
-32.51355532547775
 20
216.03643229196942
 30
0.0
 10
-32.51355532547775
 20
215.71139973988608
 30
0.0
 10
-33.05103091141525
 20
215.08639973988608
 30
0.0
  0
SPLINE
  5
E5
330
17
100
AcDbEntity
  8
ENGRAVE
100
AcDbSpline
 70
0
 71
2
 72
6
 73
3
 74
0
 40
0.0
 40
0.0
 40
0.0
 40
1.0
 40
1.0
 40
1.0
 10
-33.36357160151942
 20
216.86146484405276
 30
0.0
 10
-33.08850649735275
 20
216.83639973988608
 30
0.0
 10
-32.83850649735275
 20
216.56141601592776
 30
0.0
  0
SPLINE
  5
E6
330
17
100
AcDbEntity
  8
ENGRAVE
100
AcDbSpline
 70
0
 71
2
 72
6
 73
3
 74
0
 40
0.0
 40
0.0
 40
0.0
 40
1.0
 40
1.0
 40
1.0
 10
-33.63855532547775
 20
223.43641601592776
 30
0.0
 10
-33.06352277339442
 20
223.36146484405276
 30
0.0
 10
-32.61353091141525
 20
223.14894042999026
 30
0.0
  0
SPLINE
  5
E7
330
17
100
AcDbEntity
  8
ENGRAVE
100
AcDbSpline
 70
0
 71
2
 72
6
 73
3
 74
0
 40
0.0
 40
0.0
 40
0.0
 40
1.0
 40
1.0
 40
1.0
 10
-32.83850649735275
 20
216.56141601592776
 30
0.0
 10
-32.58850649735275
 20
216.28643229196942
 30
0.0
 10
-32.51355532547775
 20
216.03643229196942
 30
0.0
  0
SPLINE
  5
E8
330
17
100
AcDbEntity
  8
ENGRAVE
100
AcDbSpline
 70
0
 71
2
 72
6
 73
3
 74
0
 40
0.0
 40
0.0
 40
0.0
 40
1.0
 40
1.0
 40
1.0
 10
-31.33850649735275
 20
221.18641601592776
 30
0.0
 10
-31.46350649735275
 20
220.38644856801108
 30
0.0
 10
-32.05103091141525
 20
219.46144042999026
 30
0.0
  0
SPLINE
  5
E9
330
17
100
AcDbEntity
  8
ENGRAVE
100
AcDbSpline
 70
0
 71
2
 72
6
 73
3
 74
0
 40
0.0
 40
0.0
 40
0.0
 40
1.0
 40
1.0
 40
1.0
 10
-32.61353091141525
 20
223.14894042999026
 30
0.0
 10
-32.16353904943608
 20
222.93641601592776
 30
0.0
 10
-31.96350649735275
 20
222.68641601592776
 30
0.0
  0
SPLINE
  5
EA
330
17
100
AcDbEntity
  8
ENGRAVE
100
AcDbSpline
 70
0
 71
2
 72
6
 73
3
 74
0
 40
0.0
 40
0.0
 40
0.0
 40
1.0
 40
1.0
 40
1.0
 10
-31.96350649735275
 20
222.68641601592776
 30
0.0
 10
-31.563522773394418
 20
222.28643229196942
 30
0.0
 10
-31.438522773394418
 20
221.91143229196942
 30
0.0
  0
SPLINE
  5
EB
330
17
100
AcDbEntity
  8
ENGRAVE
100
AcDbSpline
 70
0
 71
2
 72
6
 73
3
 74
0
 40
0.0
 40
0.0
 40
0.0
 40
1.0
 40
1.0
 40
1.0
 10
-31.438522773394418
 20
221.91143229196942
 30
0.0
 10
-31.313522773394418
 20
221.53643229196942
 30
0.0
 10
-31.33850649735275
 20
221.18641601592776
 30
0.0
  0
SPLINE
  5
EC
330
17
100
AcDbEntity
  8
ENGRAVE
100
AcDbSpline
 70
0
 71
2
 72
6
 73
3
 74
0
 40
0.0
 40
0.0
 40
0.0
 40
1.0
 40
1.0
 40
1.0
 10
-30.613490221311086
 20
213.52394042999026
 30
0.0
 10
-30.988490221311086
 20
213.91143229196942
 30
0.0
 10
-31.138514635373586
 20
214.66143229196942
 30
0.0
  0
SPLINE
  5
ED
330
17
100
AcDbEntity
  8
ENGRAVE
100
AcDbSpline
 70
0
 71
2
 72
6
 73
3
 74
0
 40
0.0
 40
0.0
 40
0.0
 40
1.0
 40
1.0
 40
1.0
 10
-31.138514635373586
 20
214.66143229196942
 30
0.0
 10
-31.288539049436086
 20
215.41143229196942
 30
0.0
 10
-31.08850649735275
 20
216.33639973988608
 30
0.0
  0
SPLINE
  5
EE
330
17
100
AcDbEntity
  8
ENGRAVE
100
AcDbSpline
 70
0
 71
2
 72
6
 73
3
 74
0
 40
0.0
 40
0.0
 40
0.0
 40
1.0
 40
1.0
 40
1.0
 10
-31.08850649735275
 20
216.33639973988608
 30
0.0
 10
-30.96350649735275
 20
216.63644856801108
 30
0.0
 10
-30.888514635373586
 20
216.92392415394858
 30
0.0
  0
SPLINE
  5
EF
330
17
100
AcDbEntity
  8
ENGRAVE
100
AcDbSpline
 70
0
 71
2
 72
6
 73
3
 74
0
 40
0.0
 40
0.0
 40
0.0
 40
1.0
 40
1.0
 40
1.0
 10
-30.888514635373586
 20
216.92392415394858
 30
0.0
 10
-30.813522773394418
 20
217.21139973988608
 30
0.0
 10
-30.813522773394418
 20
217.38644856801108
 30
0.0
  0
SPLINE
  5
F0
330
17
100
AcDbEntity
  8
ENGRAVE
100
AcDbSpline
 70
0
 71
2
 72
6
 73
3
 74
0
 40
0.0
 40
0.0
 40
0.0
 40
1.0
 40
1.0
 40
1.0
 10
-30.813522773394418
 20
217.38644856801108
 30
0.0
 10
-30.76355532547775
 20
217.63644856801108
 30
0.0
 10
-30.61353091141525
 20
218.12395670603192
 30
0.0
  0
SPLINE
  5
F1
330
17
100
AcDbEntity
  8
ENGRAVE
100
AcDbSpline
 70
0
 71
2
 72
6
 73
3
 74
0
 40
0.0
 40
0.0
 40
0.0
 40
1.0
 40
1.0
 40
1.0
 10
-29.76355532547775
 20
213.26144856801108
 30
0.0
 10
-30.238490221311086
 20
213.13644856801108
 30
0.0
 10
-30.613490221311086
 20
213.52394042999026
 30
0.0
  0
SPLINE
  5
F2
330
17
100
AcDbEntity
  8
ENGRAVE
100
AcDbSpline
 70
0
 71
2
 72
6
 73
3
 74
0
 40
0.0
 40
0.0
 40
0.0
 40
1.0
 40
1.0
 40
1.0
 10
-30.61353091141525
 20
218.12395670603192
 30
0.0
 10
-30.46350649735275
 20
218.61146484405276
 30
0.0
 10
-30.288498359331918
 20
219.13644856801108
 30
0.0
  0
SPLINE
  5
F3
330
17
100
AcDbEntity
  8
ENGRAVE
100
AcDbSpline
 70
0
 71
2
 72
6
 73
3
 74
0
 40
0.0
 40
0.0
 40
0.0
 40
1.0
 40
1.0
 40
1.0
 10
-30.288498359331918
 20
219.13644856801108
 30
0.0
 10
-30.113490221311086
 20
219.66143229196942
 30
0.0
 10
-29.951014635373586
 20
220.07394856801108
 30
0.0
  0
SPLINE
  5
F4
330
17
100
AcDbEntity
  8
ENGRAVE
100
AcDbSpline
 70
0
 71
2
 72
6
 73
3
 74
0
 40
0.0
 40
0.0
 40
0.0
 40
1.0
 40
1.0
 40
1.0
 10
-29.376022773394418
 20
213.68645670603192
 30
0.0
 10
-29.563522773394418
 20
213.36146484405276
 30
0.0
 10
-29.76355532547775
 20
213.26144856801108
 30
0.0
  0
SPLINE
  5
F5
330
17
100
AcDbEntity
  8
ENGRAVE
100
AcDbSpline
 70
0
 71
2
 72
6
 73
3
 74
0
 40
0.0
 40
0.0
 40
0.0
 40
1.0
 40
1.0
 40
1.0
 10
-29.951014635373586
 20
220.07394856801108
 30
0.0
 10
-29.788539049436086
 20
220.48646484405276
 30
0.0
 10
-29.738490221311086
 20
220.58639973988608
 30
0.0
  0
SPLINE
  5
F6
330
17
100
AcDbEntity
  8
ENGRAVE
100
AcDbSpline
 70
0
 71
2
 72
6
 73
3
 74
0
 40
0.0
 40
0.0
 40
0.0
 40
1.0
 40
1.0
 40
1.0
 10
-29.738490221311086
 20
220.58639973988608
 30
0.0
 10
-29.63855532547775
 20
220.58639973988608
 30
0.0
 10
-29.563522773394418
 20
220.76140787790692
 30
0.0
  0
SPLINE
  5
F7
330
17
100
AcDbEntity
  8
ENGRAVE
100
AcDbSpline
 70
0
 71
2
 72
6
 73
3
 74
0
 40
0.0
 40
0.0
 40
0.0
 40
1.0
 40
1.0
 40
1.0
 10
-29.563522773394418
 20
220.76140787790692
 30
0.0
 10
-29.488490221311086
 20
220.93641601592776
 30
0.0
 10
-29.488490221311086
 20
221.11146484405276
 30
0.0
  0
SPLINE
  5
F8
330
17
100
AcDbEntity
  8
ENGRAVE
100
AcDbSpline
 70
0
 71
2
 72
6
 73
3
 74
0
 40
0.0
 40
0.0
 40
0.0
 40
1.0
 40
1.0
 40
1.0
 10
-29.488490221311086
 20
221.11146484405276
 30
0.0
 10
-29.488490221311086
 20
221.31141601592776
 30
0.0
 10
-29.40100649735275
 20
221.56141601592776
 30
0.0
  0
SPLINE
  5
F9
330
17
100
AcDbEntity
  8
ENGRAVE
100
AcDbSpline
 70
0
 71
2
 72
6
 73
3
 74
0
 40
0.0
 40
0.0
 40
0.0
 40
1.0
 40
1.0
 40
1.0
 10
-29.188522773394418
 20
214.61146484405276
 30
0.0
 10
-29.188522773394418
 20
214.01144856801108
 30
0.0
 10
-29.376022773394418
 20
213.68645670603192
 30
0.0
  0
SPLINE
  5
FA
330
17
100
AcDbEntity
  8
ENGRAVE
100
AcDbSpline
 70
0
 71
2
 72
6
 73
3
 74
0
 40
0.0
 40
0.0
 40
0.0
 40
1.0
 40
1.0
 40
1.0
 10
-29.40100649735275
 20
221.56141601592776
 30
0.0
 10
-29.313522773394418
 20
221.81141601592776
 30
0.0
 10
-29.213506497352753
 20
221.91143229196942
 30
0.0
  0
SPLINE
  5
FB
330
17
100
AcDbEntity
  8
ENGRAVE
100
AcDbSpline
 70
0
 71
2
 72
6
 73
3
 74
0
 40
0.0
 40
0.0
 40
0.0
 40
1.0
 40
1.0
 40
1.0
 10
-28.851039049436086
 20
216.46144042999026
 30
0.0
 10
-29.188522773394418
 20
215.31141601592776
 30
0.0
 10
-29.188522773394418
 20
214.61146484405276
 30
0.0
  0
SPLINE
  5
FC
330
17
100
AcDbEntity
  8
ENGRAVE
100
AcDbSpline
 70
0
 71
2
 72
6
 73
3
 74
0
 40
0.0
 40
0.0
 40
0.0
 40
1.0
 40
1.0
 40
1.0
 10
-29.213506497352753
 20
221.91143229196942
 30
0.0
 10
-29.213506497352753
 20
222.03643229196942
 30
0.0
 10
-29.151006497352753
 20
222.19894856801108
 30
0.0
  0
SPLINE
  5
FD
330
17
100
AcDbEntity
  8
ENGRAVE
100
AcDbSpline
 70
0
 71
2
 72
6
 73
3
 74
0
 40
0.0
 40
0.0
 40
0.0
 40
1.0
 40
1.0
 40
1.0
 10
-29.151006497352753
 20
222.19894856801108
 30
0.0
 10
-29.088506497352753
 20
222.36146484405276
 30
0.0
 10
-29.088506497352753
 20
222.46139973988608
 30
0.0
  0
SPLINE
  5
FE
330
17
100
AcDbEntity
  8
ENGRAVE
100
AcDbSpline
 70
0
 71
2
 72
6
 73
3
 74
0
 40
0.0
 40
0.0
 40
0.0
 40
1.0
 40
1.0
 40
1.0
 10
-29.088506497352753
 20
222.46139973988608
 30
0.0
 10
-29.088506497352753
 20
222.56141601592776
 30
0.0
 10
-29.026006497352753
 20
222.66143229196942
 30
0.0
  0
SPLINE
  5
FF
330
17
100
AcDbEntity
  8
ENGRAVE
100
AcDbSpline
 70
0
 71
2
 72
6
 73
3
 74
0
 40
0.0
 40
0.0
 40
0.0
 40
1.0
 40
1.0
 40
1.0
 10
-29.026006497352753
 20
222.66143229196942
 30
0.0
 10
-28.963506497352753
 20
222.76144856801108
 30
0.0
 10
-28.963506497352753
 20
222.86146484405276
 30
0.0
  0
SPLINE
  5
100
330
17
100
AcDbEntity
  8
ENGRAVE
100
AcDbSpline
 70
0
 71
2
 72
6
 73
3
 74
0
 40
0.0
 40
0.0
 40
0.0
 40
1.0
 40
1.0
 40
1.0
 10
-28.113490221311086
 20
218.98646484405276
 30
0.0
 10
-28.513555325477753
 20
217.61146484405276
 30
0.0
 10
-28.851039049436086
 20
216.46144042999026
 30
0.0
  0
SPLINE
  5
101
330
17
100
AcDbEntity
  8
ENGRAVE
100
AcDbSpline
 70
0
 71
2
 72
6
 73
3
 74
0
 40
0.0
 40
0.0
 40
0.0
 40
1.0
 40
1.0
 40
1.0
 10
-28.963506497352753
 20
222.86146484405276
 30
0.0
 10
-28.788539049436086
 20
223.18641601592776
 30
0.0
 10
-28.501022773394418
 20
223.89894042999026
 30
0.0
  0
SPLINE
  5
102
330
17
100
AcDbEntity
  8
ENGRAVE
100
AcDbSpline
 70
0
 71
2
 72
6
 73
3
 74
0
 40
0.0
 40
0.0
 40
0.0
 40
1.0
 40
1.0
 40
1.0
 10
-27.713506497352753
 20
220.31141601592776
 30
0.0
 10
-27.713506497352753
 20
220.06141601592776
 30
0.0
 10
-28.113490221311086
 20
218.98646484405276
 30
0.0
  0
SPLINE
  5
103
330
17
100
AcDbEntity
  8
ENGRAVE
100
AcDbSpline
 70
0
 71
2
 72
6
 73
3
 74
0
 40
0.0
 40
0.0
 40
0.0
 40
1.0
 40
1.0
 40
1.0
 10
-28.501022773394418
 20
223.89894042999026
 30
0.0
 10
-28.213506497352753
 20
224.61146484405276
 30
0.0
 10
-27.876022773394418
 20
225.48646484405276
 30
0.0
  0
SPLINE
  5
104
330
17
100
AcDbEntity
  8
ENGRAVE
100
AcDbSpline
 70
0
 71
2
 72
6
 73
3
 74
0
 40
0.0
 40
0.0
 40
0.0
 40
1.0
 40
1.0
 40
1.0
 10
-27.701014635373586
 20
220.44890787790692
 30
0.0
 10
-27.713506497352753
 20
220.31141601592776
 30
0.0
 10
-27.713506497352753
 20
220.31141601592776
 30
0.0
  0
SPLINE
  5
105
330
17
100
AcDbEntity
  8
ENGRAVE
100
AcDbSpline
 70
0
 71
2
 72
6
 73
3
 74
0
 40
0.0
 40
0.0
 40
0.0
 40
1.0
 40
1.0
 40
1.0
 10
-27.588506497352753
 20
220.58639973988608
 30
0.0
 10
-27.688522773394418
 20
220.58639973988608
 30
0.0
 10
-27.701014635373586
 20
220.44890787790692
 30
0.0
  0
SPLINE
  5
106
330
17
100
AcDbEntity
  8
ENGRAVE
100
AcDbSpline
 70
0
 71
2
 72
6
 73
3
 74
0
 40
0.0
 40
0.0
 40
0.0
 40
1.0
 40
1.0
 40
1.0
 10
-27.475998359331918
 20
220.78643229196942
 30
0.0
 10
-27.488490221311086
 20
220.68641601592776
 30
0.0
 10
-27.588506497352753
 20
220.58639973988608
 30
0.0
  0
SPLINE
  5
107
330
17
100
AcDbEntity
  8
ENGRAVE
100
AcDbSpline
 70
0
 71
2
 72
6
 73
3
 74
0
 40
0.0
 40
0.0
 40
0.0
 40
1.0
 40
1.0
 40
1.0
 10
-27.463506497352753
 20
220.98646484405276
 30
0.0
 10
-27.463506497352753
 20
220.88644856801108
 30
0.0
 10
-27.475998359331918
 20
220.78643229196942
 30
0.0
  0
SPLINE
  5
108
330
17
100
AcDbEntity
  8
ENGRAVE
100
AcDbSpline
 70
0
 71
2
 72
6
 73
3
 74
0
 40
0.0
 40
0.0
 40
0.0
 40
1.0
 40
1.0
 40
1.0
 10
-27.338506497352753
 20
221.34893229196942
 30
0.0
 10
-27.463506497352753
 20
221.03643229196942
 30
0.0
 10
-27.463506497352753
 20
220.98646484405276
 30
0.0
  0
SPLINE
  5
109
330
17
100
AcDbEntity
  8
ENGRAVE
100
AcDbSpline
 70
0
 71
2
 72
6
 73
3
 74
0
 40
0.0
 40
0.0
 40
0.0
 40
1.0
 40
1.0
 40
1.0
 10
-27.026006497352753
 20
222.09893229196942
 30
0.0
 10
-27.213506497352753
 20
221.66143229196942
 30
0.0
 10
-27.338506497352753
 20
221.34893229196942
 30
0.0
  0
SPLINE
  5
10A
330
17
100
AcDbEntity
  8
ENGRAVE
100
AcDbSpline
 70
0
 71
2
 72
6
 73
3
 74
0
 40
0.0
 40
0.0
 40
0.0
 40
1.0
 40
1.0
 40
1.0
 10
-27.876022773394418
 20
225.48646484405276
 30
0.0
 10
-27.538539049436086
 20
226.36146484405276
 30
0.0
 10
-27.238530911415253
 20
227.21144042999026
 30
0.0
  0
SPLINE
  5
10B
330
17
100
AcDbEntity
  8
ENGRAVE
100
AcDbSpline
 70
0
 71
2
 72
6
 73
3
 74
0
 40
0.0
 40
0.0
 40
0.0
 40
1.0
 40
1.0
 40
1.0
 10
-26.663498359331918
 20
222.92392415394858
 30
0.0
 10
-26.838506497352753
 20
222.53643229196942
 30
0.0
 10
-27.026006497352753
 20
222.09893229196942
 30
0.0
  0
SPLINE
  5
10C
330
17
100
AcDbEntity
  8
ENGRAVE
100
AcDbSpline
 70
0
 71
2
 72
6
 73
3
 74
0
 40
0.0
 40
0.0
 40
0.0
 40
1.0
 40
1.0
 40
1.0
 10
-26.763473945269414
 20
211.48646484405276
 30
0.0
 10
-26.938522773394414
 20
211.68641601592776
 30
0.0
 10
-26.988490221311082
 20
211.91143229196942
 30
0.0
  0
SPLINE
  5
10D
330
17
100
AcDbEntity
  8
ENGRAVE
100
AcDbSpline
 70
0
 71
2
 72
6
 73
3
 74
0
 40
0.0
 40
0.0
 40
0.0
 40
1.0
 40
1.0
 40
1.0
 10
-26.988490221311082
 20
211.91143229196942
 30
0.0
 10
-27.03845766922775
 20
212.13644856801108
 30
0.0
 10
-26.96350649735275
 20
212.76144856801108
 30
0.0
  0
SPLINE
  5
10E
330
17
100
AcDbEntity
  8
ENGRAVE
100
AcDbSpline
 70
0
 71
2
 72
6
 73
3
 74
0
 40
0.0
 40
0.0
 40
0.0
 40
1.0
 40
1.0
 40
1.0
 10
-26.96350649735275
 20
212.76144856801108
 30
0.0
 10
-26.863490221311082
 20
213.03643229196942
 30
0.0
 10
-26.850998359331914
 20
213.28643229196942
 30
0.0
  0
SPLINE
  5
10F
330
17
100
AcDbEntity
  8
ENGRAVE
100
AcDbSpline
 70
0
 71
2
 72
6
 73
3
 74
0
 40
0.0
 40
0.0
 40
0.0
 40
1.0
 40
1.0
 40
1.0
 10
-26.850998359331914
 20
213.28643229196942
 30
0.0
 10
-26.83850649735275
 20
213.53643229196942
 30
0.0
 10
-26.83850649735275
 20
213.63644856801108
 30
0.0
  0
SPLINE
  5
110
330
17
100
AcDbEntity
  8
ENGRAVE
100
AcDbSpline
 70
0
 71
2
 72
6
 73
3
 74
0
 40
0.0
 40
0.0
 40
0.0
 40
1.0
 40
1.0
 40
1.0
 10
-25.888473945269414
 20
210.74891601592776
 30
0.0
 10
-26.41345766922775
 20
211.08639973988608
 30
0.0
 10
-26.763473945269414
 20
211.48646484405276
 30
0.0
  0
SPLINE
  5
111
330
17
100
AcDbEntity
  8
ENGRAVE
100
AcDbSpline
 70
0
 71
2
 72
6
 73
3
 74
0
 40
0.0
 40
0.0
 40
0.0
 40
1.0
 40
1.0
 40
1.0
 10
-27.238530911415253
 20
227.21144042999026
 30
0.0
 10
-26.938522773394418
 20
228.06141601592776
 30
0.0
 10
-26.751022773394418
 20
228.64894042999026
 30
0.0
  0
SPLINE
  5
112
330
17
100
AcDbEntity
  8
ENGRAVE
100
AcDbSpline
 70
0
 71
2
 72
6
 73
3
 74
0
 40
0.0
 40
0.0
 40
0.0
 40
1.0
 40
1.0
 40
1.0
 10
-26.83850649735275
 20
213.63644856801108
 30
0.0
 10
-26.83850649735275
 20
213.78643229196942
 30
0.0
 10
-26.75098208329025
 20
214.33644042999026
 30
0.0
  0
SPLINE
  5
113
330
17
100
AcDbEntity
  8
ENGRAVE
100
AcDbSpline
 70
0
 71
2
 72
6
 73
3
 74
0
 40
0.0
 40
0.0
 40
0.0
 40
1.0
 40
1.0
 40
1.0
 10
-26.388555325477753
 20
223.51144856801108
 30
0.0
 10
-26.488490221311086
 20
223.31141601592776
 30
0.0
 10
-26.663498359331918
 20
222.92392415394858
 30
0.0
  0
SPLINE
  5
114
330
17
100
AcDbEntity
  8
ENGRAVE
100
AcDbSpline
 70
0
 71
2
 72
6
 73
3
 74
0
 40
0.0
 40
0.0
 40
0.0
 40
1.0
 40
1.0
 40
1.0
 10
-26.751022773394418
 20
228.64894042999026
 30
0.0
 10
-26.563522773394418
 20
229.23646484405276
 30
0.0
 10
-26.563522773394418
 20
229.36146484405276
 30
0.0
  0
SPLINE
  5
115
330
17
100
AcDbEntity
  8
ENGRAVE
100
AcDbSpline
 70
0
 71
2
 72
6
 73
3
 74
0
 40
0.0
 40
0.0
 40
0.0
 40
1.0
 40
1.0
 40
1.0
 10
-26.75098208329025
 20
214.33644042999026
 30
0.0
 10
-26.66345766922775
 20
214.88644856801108
 30
0.0
 10
-26.56348208329025
 20
215.49895670603192
 30
0.0
  0
SPLINE
  5
116
330
17
100
AcDbEntity
  8
ENGRAVE
100
AcDbSpline
 70
0
 71
2
 72
6
 73
3
 74
0
 40
0.0
 40
0.0
 40
0.0
 40
1.0
 40
1.0
 40
1.0
 10
-26.563522773394418
 20
229.36146484405276
 30
0.0
 10
-26.563522773394418
 20
229.56141601592776
 30
0.0
 10
-26.413539049436086
 20
229.73642415394858
 30
0.0
  0
SPLINE
  5
117
330
17
100
AcDbEntity
  8
ENGRAVE
100
AcDbSpline
 70
0
 71
2
 72
6
 73
3
 74
0
 40
0.0
 40
0.0
 40
0.0
 40
1.0
 40
1.0
 40
1.0
 10
-26.201014635373586
 20
224.01140787790692
 30
0.0
 10
-26.288539049436086
 20
223.81141601592776
 30
0.0
 10
-26.388555325477753
 20
223.51144856801108
 30
0.0
  0
SPLINE
  5
118
330
17
100
AcDbEntity
  8
ENGRAVE
100
AcDbSpline
 70
0
 71
2
 72
6
 73
3
 74
0
 40
0.0
 40
0.0
 40
0.0
 40
1.0
 40
1.0
 40
1.0
 10
-26.56348208329025
 20
215.49895670603192
 30
0.0
 10
-26.46350649735275
 20
216.11146484405276
 30
0.0
 10
-26.388473945269414
 20
216.43641601592776
 30
0.0
  0
SPLINE
  5
119
330
17
100
AcDbEntity
  8
ENGRAVE
100
AcDbSpline
 70
0
 71
2
 72
6
 73
3
 74
0
 40
0.0
 40
0.0
 40
0.0
 40
1.0
 40
1.0
 40
1.0
 10
-26.388473945269414
 20
216.43641601592776
 30
0.0
 10
-26.388473945269414
 20
216.46139973988608
 30
0.0
 10
-26.350998359331914
 20
216.61142415394858
 30
0.0
  0
SPLINE
  5
11A
330
17
100
AcDbEntity
  8
ENGRAVE
100
AcDbSpline
 70
0
 71
2
 72
6
 73
3
 74
0
 40
0.0
 40
0.0
 40
0.0
 40
1.0
 40
1.0
 40
1.0
 10
-26.350998359331914
 20
216.61142415394858
 30
0.0
 10
-26.313522773394414
 20
216.76144856801108
 30
0.0
 10
-26.28845766922775
 20
216.83639973988608
 30
0.0
  0
SPLINE
  5
11B
330
17
100
AcDbEntity
  8
ENGRAVE
100
AcDbSpline
 70
0
 71
2
 72
6
 73
3
 74
0
 40
0.0
 40
0.0
 40
0.0
 40
1.0
 40
1.0
 40
1.0
 10
-26.113490221311086
 20
224.31141601592776
 30
0.0
 10
-26.113490221311086
 20
224.21139973988608
 30
0.0
 10
-26.201014635373586
 20
224.01140787790692
 30
0.0
  0
SPLINE
  5
11C
330
17
100
AcDbEntity
  8
ENGRAVE
100
AcDbSpline
 70
0
 71
2
 72
6
 73
3
 74
0
 40
0.0
 40
0.0
 40
0.0
 40
1.0
 40
1.0
 40
1.0
 10
-26.28845766922775
 20
216.83639973988608
 30
0.0
 10
-26.238490221311082
 20
217.06141601592776
 30
0.0
 10
-26.163498359331914
 20
217.38640787790692
 30
0.0
  0
SPLINE
  5
11D
330
17
100
AcDbEntity
  8
ENGRAVE
100
AcDbSpline
 70
0
 71
2
 72
6
 73
3
 74
0
 40
0.0
 40
0.0
 40
0.0
 40
1.0
 40
1.0
 40
1.0
 10
-25.888514635373586
 20
224.84893229196942
 30
0.0
 10
-26.113490221311086
 20
224.41143229196942
 30
0.0
 10
-26.113490221311086
 20
224.31141601592776
 30
0.0
  0
SPLINE
  5
11E
330
17
100
AcDbEntity
  8
ENGRAVE
100
AcDbSpline
 70
0
 71
2
 72
6
 73
3
 74
0
 40
0.0
 40
0.0
 40
0.0
 40
1.0
 40
1.0
 40
1.0
 10
-26.413539049436086
 20
229.73642415394858
 30
0.0
 10
-26.263555325477753
 20
229.91143229196942
 30
0.0
 10
-26.063522773394418
 20
229.91143229196942
 30
0.0
  0
SPLINE
  5
11F
330
17
100
AcDbEntity
  8
ENGRAVE
100
AcDbSpline
 70
0
 71
2
 72
6
 73
3
 74
0
 40
0.0
 40
0.0
 40
0.0
 40
1.0
 40
1.0
 40
1.0
 10
-26.163498359331914
 20
217.38640787790692
 30
0.0
 10
-26.08850649735275
 20
217.71139973988608
 30
0.0
 10
-26.013473945269414
 20
218.26144856801108
 30
0.0
  0
SPLINE
  5
120
330
17
100
AcDbEntity
  8
ENGRAVE
100
AcDbSpline
 70
0
 71
2
 72
6
 73
3
 74
0
 40
0.0
 40
0.0
 40
0.0
 40
1.0
 40
1.0
 40
1.0
 10
-25.463506497352753
 20
225.78643229196942
 30
0.0
 10
-25.663539049436086
 20
225.28643229196942
 30
0.0
 10
-25.888514635373586
 20
224.84893229196942
 30
0.0
  0
SPLINE
  5
121
330
17
100
AcDbEntity
  8
ENGRAVE
100
AcDbSpline
 70
0
 71
2
 72
6
 73
3
 74
0
 40
0.0
 40
0.0
 40
0.0
 40
1.0
 40
1.0
 40
1.0
 10
-25.21350649735275
 20
210.51144856801108
 30
0.0
 10
-25.363490221311082
 20
210.41143229196942
 30
0.0
 10
-25.888473945269414
 20
210.74891601592776
 30
0.0
  0
SPLINE
  5
122
330
17
100
AcDbEntity
  8
ENGRAVE
100
AcDbSpline
 70
0
 71
2
 72
6
 73
3
 74
0
 40
0.0
 40
0.0
 40
0.0
 40
1.0
 40
1.0
 40
1.0
 10
-26.063522773394418
 20
229.91143229196942
 30
0.0
 10
-25.988490221311086
 20
229.98646484405276
 30
0.0
 10
-25.713506497352753
 20
230.02394042999026
 30
0.0
  0
SPLINE
  5
123
330
17
100
AcDbEntity
  8
ENGRAVE
100
AcDbSpline
 70
0
 71
2
 72
6
 73
3
 74
0
 40
0.0
 40
0.0
 40
0.0
 40
1.0
 40
1.0
 40
1.0
 10
-26.013473945269414
 20
218.26144856801108
 30
0.0
 10
-25.813522773394414
 20
218.88644856801108
 30
0.0
 10
-25.675990221311082
 20
219.49895670603192
 30
0.0
  0
SPLINE
  5
124
330
17
100
AcDbEntity
  8
ENGRAVE
100
AcDbSpline
 70
0
 71
2
 72
6
 73
3
 74
0
 40
0.0
 40
0.0
 40
0.0
 40
1.0
 40
1.0
 40
1.0
 10
-25.675990221311082
 20
219.49895670603192
 30
0.0
 10
-25.53845766922775
 20
220.11146484405276
 30
0.0
 10
-25.53845766922775
 20
220.33639973988608
 30
0.0
  0
SPLINE
  5
125
330
17
100
AcDbEntity
  8
ENGRAVE
100
AcDbSpline
 70
0
 71
2
 72
6
 73
3
 74
0
 40
0.0
 40
0.0
 40
0.0
 40
1.0
 40
1.0
 40
1.0
 10
-24.763514635373586
 20
227.29892415394858
 30
0.0
 10
-24.988490221311086
 20
226.78643229196942
 30
0.0
 10
-25.463506497352753
 20
225.78643229196942
 30
0.0
  0
SPLINE
  5
126
330
17
100
AcDbEntity
  8
ENGRAVE
100
AcDbSpline
 70
0
 71
2
 72
6
 73
3
 74
0
 40
0.0
 40
0.0
 40
0.0
 40
1.0
 40
1.0
 40
1.0
 10
-25.713506497352753
 20
230.02394042999026
 30
0.0
 10
-25.438522773394418
 20
230.06141601592776
 30
0.0
 10
-25.338506497352753
 20
230.06141601592776
 30
0.0
  0
SPLINE
  5
127
330
17
100
AcDbEntity
  8
ENGRAVE
100
AcDbSpline
 70
0
 71
2
 72
6
 73
3
 74
0
 40
0.0
 40
0.0
 40
0.0
 40
1.0
 40
1.0
 40
1.0
 10
-25.338506497352753
 20
230.06141601592776
 30
0.0
 10
-25.338506497352753
 20
230.06141601592776
 30
0.0
 10
-25.238530911415253
 20
229.96144042999026
 30
0.0
  0
SPLINE
  5
128
330
17
100
AcDbEntity
  8
ENGRAVE
100
AcDbSpline
 70
0
 71
2
 72
6
 73
3
 74
0
 40
0.0
 40
0.0
 40
0.0
 40
1.0
 40
1.0
 40
1.0
 10
-25.02600649735275
 20
210.87395670603192
 30
0.0
 10
-25.08850649735275
 20
210.63644856801108
 30
0.0
 10
-25.21350649735275
 20
210.51144856801108
 30
0.0
  0
SPLINE
  5
129
330
17
100
AcDbEntity
  8
ENGRAVE
100
AcDbSpline
 70
0
 71
2
 72
6
 73
3
 74
0
 40
0.0
 40
0.0
 40
0.0
 40
1.0
 40
1.0
 40
1.0
 10
-25.53845766922775
 20
220.33639973988608
 30
0.0
 10
-25.53845766922775
 20
220.78643229196942
 30
0.0
 10
-25.188522773394414
 20
220.98646484405276
 30
0.0
  0
SPLINE
  5
12A
330
17
100
AcDbEntity
  8
ENGRAVE
100
AcDbSpline
 70
0
 71
2
 72
6
 73
3
 74
0
 40
0.0
 40
0.0
 40
0.0
 40
1.0
 40
1.0
 40
1.0
 10
-25.188522773394414
 20
220.98646484405276
 30
0.0
 10
-25.16345766922775
 20
221.11146484405276
 30
0.0
 10
-25.03845766922775
 20
221.37395670603192
 30
0.0
  0
SPLINE
  5
12B
330
17
100
AcDbEntity
  8
ENGRAVE
100
AcDbSpline
 70
0
 71
2
 72
6
 73
3
 74
0
 40
0.0
 40
0.0
 40
0.0
 40
1.0
 40
1.0
 40
1.0
 10
-24.938522773394414
 20
211.43641601592776
 30
0.0
 10
-24.96350649735275
 20
211.11146484405276
 30
0.0
 10
-25.02600649735275
 20
210.87395670603192
 30
0.0
  0
SPLINE
  5
12C
330
17
100
AcDbEntity
  8
ENGRAVE
100
AcDbSpline
 70
0
 71
2
 72
6
 73
3
 74
0
 40
0.0
 40
0.0
 40
0.0
 40
1.0
 40
1.0
 40
1.0
 10
-25.238530911415253
 20
229.96144042999026
 30
0.0
 10
-25.138555325477753
 20
229.86146484405276
 30
0.0
 10
-24.938522773394418
 20
229.66143229196942
 30
0.0
  0
SPLINE
  5
12D
330
17
100
AcDbEntity
  8
ENGRAVE
100
AcDbSpline
 70
0
 71
2
 72
6
 73
3
 74
0
 40
0.0
 40
0.0
 40
0.0
 40
1.0
 40
1.0
 40
1.0
 10
-24.825973945269418
 20
212.97393229196942
 30
0.0
 10
-24.863490221311082
 20
212.56141601592776
 30
0.0
 10
-24.863490221311082
 20
212.16143229196942
 30
0.0
  0
SPLINE
  5
12E
330
17
100
AcDbEntity
  8
ENGRAVE
100
AcDbSpline
 70
0
 71
2
 72
6
 73
3
 74
0
 40
0.0
 40
0.0
 40
0.0
 40
1.0
 40
1.0
 40
1.0
 10
-24.763473945269418
 20
213.63644856801108
 30
0.0
 10
-24.78845766922775
 20
213.38644856801108
 30
0.0
 10
-24.825973945269418
 20
212.97393229196942
 30
0.0
  0
SPLINE
  5
12F
330
17
100
AcDbEntity
  8
ENGRAVE
100
AcDbSpline
 70
0
 71
2
 72
6
 73
3
 74
0
 40
0.0
 40
0.0
 40
0.0
 40
1.0
 40
1.0
 40
1.0
 10
-25.03845766922775
 20
221.37395670603192
 30
0.0
 10
-24.91345766922775
 20
221.63644856801108
 30
0.0
 10
-24.813522773394418
 20
221.81141601592776
 30
0.0
  0
SPLINE
  5
130
330
17
100
AcDbEntity
  8
ENGRAVE
100
AcDbSpline
 70
0
 71
2
 72
6
 73
3
 74
0
 40
0.0
 40
0.0
 40
0.0
 40
1.0
 40
1.0
 40
1.0
 10
-24.451014635373586
 20
228.11142415394858
 30
0.0
 10
-24.538539049436086
 20
227.81141601592776
 30
0.0
 10
-24.763514635373586
 20
227.29892415394858
 30
0.0
  0
SPLINE
  5
131
330
17
100
AcDbEntity
  8
ENGRAVE
100
AcDbSpline
 70
0
 71
2
 72
6
 73
3
 74
0
 40
0.0
 40
0.0
 40
0.0
 40
1.0
 40
1.0
 40
1.0
 10
-24.738490221311082
 20
213.78643229196942
 30
0.0
 10
-24.738490221311082
 20
213.71139973988608
 30
0.0
 10
-24.763473945269418
 20
213.63644856801108
 30
0.0
  0
SPLINE
  5
132
330
17
100
AcDbEntity
  8
ENGRAVE
100
AcDbSpline
 70
0
 71
2
 72
6
 73
3
 74
0
 40
0.0
 40
0.0
 40
0.0
 40
1.0
 40
1.0
 40
1.0
 10
-24.738490221311082
 20
213.88644856801108
 30
0.0
 10
-24.738490221311082
 20
213.86146484405276
 30
0.0
 10
-24.738490221311082
 20
213.78643229196942
 30
0.0
  0
SPLINE
  5
133
330
17
100
AcDbEntity
  8
ENGRAVE
100
AcDbSpline
 70
0
 71
2
 72
6
 73
3
 74
0
 40
0.0
 40
0.0
 40
0.0
 40
1.0
 40
1.0
 40
1.0
 10
-24.71350649735275
 20
214.14894042999026
 30
0.0
 10
-24.738490221311082
 20
213.98646484405276
 30
0.0
 10
-24.738490221311082
 20
213.88644856801108
 30
0.0
  0
SPLINE
  5
134
330
17
100
AcDbEntity
  8
ENGRAVE
100
AcDbSpline
 70
0
 71
2
 72
6
 73
3
 74
0
 40
0.0
 40
0.0
 40
0.0
 40
1.0
 40
1.0
 40
1.0
 10
-24.58850649735275
 20
214.51144856801108
 30
0.0
 10
-24.688522773394418
 20
214.31141601592776
 30
0.0
 10
-24.71350649735275
 20
214.14894042999026
 30
0.0
  0
SPLINE
  5
135
330
17
100
AcDbEntity
  8
ENGRAVE
100
AcDbSpline
 70
0
 71
2
 72
6
 73
3
 74
0
 40
0.0
 40
0.0
 40
0.0
 40
1.0
 40
1.0
 40
1.0
 10
-24.56348208329025
 20
214.97393229196942
 30
0.0
 10
-24.58850649735275
 20
214.71139973988608
 30
0.0
 10
-24.58850649735275
 20
214.51144856801108
 30
0.0
  0
SPLINE
  5
136
330
17
100
AcDbEntity
  8
ENGRAVE
100
AcDbSpline
 70
0
 71
2
 72
6
 73
3
 74
0
 40
0.0
 40
0.0
 40
0.0
 40
1.0
 40
1.0
 40
1.0
 10
-24.388473945269418
 20
215.41143229196942
 30
0.0
 10
-24.53845766922775
 20
215.23646484405276
 30
0.0
 10
-24.56348208329025
 20
214.97393229196942
 30
0.0
  0
SPLINE
  5
137
330
17
100
AcDbEntity
  8
ENGRAVE
100
AcDbSpline
 70
0
 71
2
 72
6
 73
3
 74
0
 40
0.0
 40
0.0
 40
0.0
 40
1.0
 40
1.0
 40
1.0
 10
-24.938522773394418
 20
229.66143229196942
 30
0.0
 10
-24.738490221311086
 20
229.48646484405276
 30
0.0
 10
-24.550990221311086
 20
229.26144856801108
 30
0.0
  0
SPLINE
  5
138
330
17
100
AcDbEntity
  8
ENGRAVE
100
AcDbSpline
 70
0
 71
2
 72
6
 73
3
 74
0
 40
0.0
 40
0.0
 40
0.0
 40
1.0
 40
1.0
 40
1.0
 10
-24.363490221311086
 20
228.73646484405276
 30
0.0
 10
-24.363490221311086
 20
228.41143229196942
 30
0.0
 10
-24.451014635373586
 20
228.11142415394858
 30
0.0
  0
SPLINE
  5
139
330
17
100
AcDbEntity
  8
ENGRAVE
100
AcDbSpline
 70
0
 71
2
 72
6
 73
3
 74
0
 40
0.0
 40
0.0
 40
0.0
 40
1.0
 40
1.0
 40
1.0
 10
-24.300990221311082
 20
216.02394042999026
 30
0.0
 10
-24.388473945269418
 20
215.56141601592776
 30
0.0
 10
-24.388473945269418
 20
215.41143229196942
 30
0.0
  0
SPLINE
  5
13A
330
17
100
AcDbEntity
  8
ENGRAVE
100
AcDbSpline
 70
0
 71
2
 72
6
 73
3
 74
0
 40
0.0
 40
0.0
 40
0.0
 40
1.0
 40
1.0
 40
1.0
 10
-24.550990221311086
 20
229.26144856801108
 30
0.0
 10
-24.363490221311086
 20
229.03643229196942
 30
0.0
 10
-24.363490221311086
 20
228.73646484405276
 30
0.0
  0
SPLINE
  5
13B
330
17
100
AcDbEntity
  8
ENGRAVE
100
AcDbSpline
 70
0
 71
2
 72
6
 73
3
 74
0
 40
0.0
 40
0.0
 40
0.0
 40
1.0
 40
1.0
 40
1.0
 10
-24.100998359331918
 20
217.02394042999026
 30
0.0
 10
-24.21350649735275
 20
216.48646484405276
 30
0.0
 10
-24.300990221311082
 20
216.02394042999026
 30
0.0
  0
SPLINE
  5
13C
330
17
100
AcDbEntity
  8
ENGRAVE
100
AcDbSpline
 70
0
 71
2
 72
6
 73
3
 74
0
 40
0.0
 40
0.0
 40
0.0
 40
1.0
 40
1.0
 40
1.0
 10
-23.87598208329025
 20
218.02394042999026
 30
0.0
 10
-23.988490221311082
 20
217.56141601592776
 30
0.0
 10
-24.100998359331918
 20
217.02394042999026
 30
0.0
  0
SPLINE
  5
13D
330
17
100
AcDbEntity
  8
ENGRAVE
100
AcDbSpline
 70
0
 71
2
 72
6
 73
3
 74
0
 40
0.0
 40
0.0
 40
0.0
 40
1.0
 40
1.0
 40
1.0
 10
-24.813522773394418
 20
221.81141601592776
 30
0.0
 10
-24.313522773394418
 20
223.23646484405276
 30
0.0
 10
-23.988490221311082
 20
224.08644042999026
 30
0.0
  0
SPLINE
  5
13E
330
17
100
AcDbEntity
  8
ENGRAVE
100
AcDbSpline
 70
0
 71
2
 72
6
 73
3
 74
0
 40
0.0
 40
0.0
 40
0.0
 40
1.0
 40
1.0
 40
1.0
 10
-23.71350649735275
 20
218.63644856801108
 30
0.0
 10
-23.763473945269418
 20
218.48646484405276
 30
0.0
 10
-23.87598208329025
 20
218.02394042999026
 30
0.0
  0
SPLINE
  5
13F
330
17
100
AcDbEntity
  8
ENGRAVE
100
AcDbSpline
 70
0
 71
2
 72
6
 73
3
 74
0
 40
0.0
 40
0.0
 40
0.0
 40
1.0
 40
1.0
 40
1.0
 10
-23.58850649735275
 20
219.16143229196942
 30
0.0
 10
-23.58850649735275
 20
218.83639973988608
 30
0.0
 10
-23.71350649735275
 20
218.63644856801108
 30
0.0
  0
SPLINE
  5
140
330
17
100
AcDbEntity
  8
ENGRAVE
100
AcDbSpline
 70
0
 71
2
 72
6
 73
3
 74
0
 40
0.0
 40
0.0
 40
0.0
 40
1.0
 40
1.0
 40
1.0
 10
-23.52600649735275
 20
219.37395670603192
 30
0.0
 10
-23.58850649735275
 20
219.23646484405276
 30
0.0
 10
-23.58850649735275
 20
219.16143229196942
 30
0.0
  0
SPLINE
  5
141
330
17
100
AcDbEntity
  8
ENGRAVE
100
AcDbSpline
 70
0
 71
2
 72
6
 73
3
 74
0
 40
0.0
 40
0.0
 40
0.0
 40
1.0
 40
1.0
 40
1.0
 10
-23.363490221311082
 20
219.51144856801108
 30
0.0
 10
-23.46350649735275
 20
219.51144856801108
 30
0.0
 10
-23.52600649735275
 20
219.37395670603192
 30
0.0
  0
SPLINE
  5
142
330
17
100
AcDbEntity
  8
ENGRAVE
100
AcDbSpline
 70
0
 71
2
 72
6
 73
3
 74
0
 40
0.0
 40
0.0
 40
0.0
 40
1.0
 40
1.0
 40
1.0
 10
-22.913498359331918
 20
219.72393229196942
 30
0.0
 10
-23.33850649735275
 20
219.61146484405276
 30
0.0
 10
-23.363490221311082
 20
219.51144856801108
 30
0.0
  0
SPLINE
  5
143
330
17
100
AcDbEntity
  8
ENGRAVE
100
AcDbSpline
 70
0
 71
2
 72
6
 73
3
 74
0
 40
0.0
 40
0.0
 40
0.0
 40
1.0
 40
1.0
 40
1.0
 10
-23.988490221311082
 20
224.08644042999026
 30
0.0
 10
-23.66345766922775
 20
224.93641601592776
 30
0.0
 10
-23.313522773394418
 20
225.56141601592776
 30
0.0
  0
SPLINE
  5
144
330
17
100
AcDbEntity
  8
ENGRAVE
100
AcDbSpline
 70
0
 71
2
 72
6
 73
3
 74
0
 40
0.0
 40
0.0
 40
0.0
 40
1.0
 40
1.0
 40
1.0
 10
-23.313522773394418
 20
225.56141601592776
 30
0.0
 10
-23.16345766922775
 20
225.98646484405276
 30
0.0
 10
-22.97595766922775
 20
226.43645670603192
 30
0.0
  0
SPLINE
  5
145
330
17
100
AcDbEntity
  8
ENGRAVE
100
AcDbSpline
 70
0
 71
2
 72
6
 73
3
 74
0
 40
0.0
 40
0.0
 40
0.0
 40
1.0
 40
1.0
 40
1.0
 10
-21.925990221311082
 20
219.94890787790692
 30
0.0
 10
-22.488490221311082
 20
219.83639973988608
 30
0.0
 10
-22.913498359331918
 20
219.72393229196942
 30
0.0
  0
SPLINE
  5
146
330
17
100
AcDbEntity
  8
ENGRAVE
100
AcDbSpline
 70
0
 71
2
 72
6
 73
3
 74
0
 40
0.0
 40
0.0
 40
0.0
 40
1.0
 40
1.0
 40
1.0
 10
-22.513473945269418
 20
222.41143229196942
 30
0.0
 10
-22.638473945269418
 20
222.11146484405276
 30
0.0
 10
-22.638473945269418
 20
222.06141601592776
 30
0.0
  0
SPLINE
  5
147
330
17
100
AcDbEntity
  8
ENGRAVE
100
AcDbSpline
 70
0
 71
2
 72
6
 73
3
 74
0
 40
0.0
 40
0.0
 40
0.0
 40
1.0
 40
1.0
 40
1.0
 10
-22.97595766922775
 20
226.43645670603192
 30
0.0
 10
-22.78845766922775
 20
226.88644856801108
 30
0.0
 10
-22.58850649735275
 20
227.13644856801108
 30
0.0
  0
SPLINE
  5
148
330
17
100
AcDbEntity
  8
ENGRAVE
100
AcDbSpline
 70
0
 71
2
 72
6
 73
3
 74
0
 40
0.0
 40
0.0
 40
0.0
 40
1.0
 40
1.0
 40
1.0
 10
-22.275965807248582
 20
222.99891601592776
 30
0.0
 10
-22.388473945269418
 20
222.71139973988608
 30
0.0
 10
-22.513473945269418
 20
222.41143229196942
 30
0.0
  0
SPLINE
  5
149
330
17
100
AcDbEntity
  8
ENGRAVE
100
AcDbSpline
 70
0
 71
2
 72
6
 73
3
 74
0
 40
0.0
 40
0.0
 40
0.0
 40
1.0
 40
1.0
 40
1.0
 10
-22.16345766922775
 20
223.28643229196942
 30
0.0
 10
-22.16345766922775
 20
223.28643229196942
 30
0.0
 10
-22.275965807248582
 20
222.99891601592776
 30
0.0
  0
SPLINE
  5
14A
330
17
100
AcDbEntity
  8
ENGRAVE
100
AcDbSpline
 70
0
 71
2
 72
6
 73
3
 74
0
 40
0.0
 40
0.0
 40
0.0
 40
1.0
 40
1.0
 40
1.0
 10
-21.71350649735275
 20
224.11146484405276
 30
0.0
 10
-21.938522773394418
 20
223.53643229196942
 30
0.0
 10
-22.138473945269418
 20
223.33639973988608
 30
0.0
  0
SPLINE
  5
14B
330
17
100
AcDbEntity
  8
ENGRAVE
100
AcDbSpline
 70
0
 71
2
 72
6
 73
3
 74
0
 40
0.0
 40
0.0
 40
0.0
 40
1.0
 40
1.0
 40
1.0
 10
-22.638473945269418
 20
222.06141601592776
 30
0.0
 10
-22.638473945269418
 20
221.91143229196942
 30
0.0
 10
-22.013473945269418
 20
221.98642415394858
 30
0.0
  0
SPLINE
  5
14C
330
17
100
AcDbEntity
  8
ENGRAVE
100
AcDbSpline
 70
0
 71
2
 72
6
 73
3
 74
0
 40
0.0
 40
0.0
 40
0.0
 40
1.0
 40
1.0
 40
1.0
 10
-22.58850649735275
 20
227.13644856801108
 30
0.0
 10
-22.41345766922775
 20
227.48646484405276
 30
0.0
 10
-21.97595766922775
 20
227.99895670603192
 30
0.0
  0
SPLINE
  5
14D
330
17
100
AcDbEntity
  8
ENGRAVE
100
AcDbSpline
 70
0
 71
2
 72
6
 73
3
 74
0
 40
0.0
 40
0.0
 40
0.0
 40
1.0
 40
1.0
 40
1.0
 10
-20.91345766922775
 20
220.16143229196942
 30
0.0
 10
-21.363490221311082
 20
220.06141601592776
 30
0.0
 10
-21.925990221311082
 20
219.94890787790692
 30
0.0
  0
SPLINE
  5
14E
330
17
100
AcDbEntity
  8
ENGRAVE
100
AcDbSpline
 70
0
 71
2
 72
6
 73
3
 74
0
 40
0.0
 40
0.0
 40
0.0
 40
1.0
 40
1.0
 40
1.0
 10
-21.425990221311082
 20
224.71139973988608
 30
0.0
 10
-21.513473945269418
 20
224.46139973988608
 30
0.0
 10
-21.71350649735275
 20
224.11146484405276
 30
0.0
  0
SPLINE
  5
14F
330
17
100
AcDbEntity
  8
ENGRAVE
100
AcDbSpline
 70
0
 71
2
 72
6
 73
3
 74
0
 40
0.0
 40
0.0
 40
0.0
 40
1.0
 40
1.0
 40
1.0
 10
-21.33850649735275
 20
224.96139973988608
 30
0.0
 10
-21.33850649735275
 20
224.96139973988608
 30
0.0
 10
-21.425990221311082
 20
224.71139973988608
 30
0.0
  0
SPLINE
  5
150
330
17
100
AcDbEntity
  8
ENGRAVE
100
AcDbSpline
 70
0
 71
2
 72
6
 73
3
 74
0
 40
0.0
 40
0.0
 40
0.0
 40
1.0
 40
1.0
 40
1.0
 10
-21.188522773394418
 20
225.21139973988608
 30
0.0
 10
-21.188522773394418
 20
224.96139973988608
 30
0.0
 10
-21.33850649735275
 20
224.96139973988608
 30
0.0
  0
SPLINE
  5
151
330
17
100
AcDbEntity
  8
ENGRAVE
100
AcDbSpline
 70
0
 71
2
 72
6
 73
3
 74
0
 40
0.0
 40
0.0
 40
0.0
 40
1.0
 40
1.0
 40
1.0
 10
-20.763473945269418
 20
226.03643229196942
 30
0.0
 10
-21.188522773394418
 20
225.43641601592776
 30
0.0
 10
-21.188522773394418
 20
225.21139973988608
 30
0.0
  0
SPLINE
  5
152
330
17
100
AcDbEntity
  8
ENGRAVE
100
AcDbSpline
 70
0
 71
2
 72
6
 73
3
 74
0
 40
0.0
 40
0.0
 40
0.0
 40
1.0
 40
1.0
 40
1.0
 10
-21.97595766922775
 20
227.99895670603192
 30
0.0
 10
-21.53845766922775
 20
228.51144856801108
 30
0.0
 10
-21.03845766922775
 20
228.98642415394858
 30
0.0
  0
SPLINE
  5
153
330
17
100
AcDbEntity
  8
ENGRAVE
100
AcDbSpline
 70
0
 71
2
 72
6
 73
3
 74
0
 40
0.0
 40
0.0
 40
0.0
 40
1.0
 40
1.0
 40
1.0
 10
-19.850998359331918
 20
220.43645670603192
 30
0.0
 10
-20.388473945269418
 20
220.26144856801108
 30
0.0
 10
-20.91345766922775
 20
220.16143229196942
 30
0.0
  0
SPLINE
  5
154
330
17
100
AcDbEntity
  8
ENGRAVE
100
AcDbSpline
 70
0
 71
2
 72
6
 73
3
 74
0
 40
0.0
 40
0.0
 40
0.0
 40
1.0
 40
1.0
 40
1.0
 10
-22.013473945269418
 20
221.98642415394858
 30
0.0
 10
-21.388473945269418
 20
222.06141601592776
 30
0.0
 10
-20.78845766922775
 20
222.23646484405276
 30
0.0
  0
SPLINE
  5
155
330
17
100
AcDbEntity
  8
ENGRAVE
100
AcDbSpline
 70
0
 71
2
 72
6
 73
3
 74
0
 40
0.0
 40
0.0
 40
0.0
 40
1.0
 40
1.0
 40
1.0
 10
-20.350998359331918
 20
226.62395670603192
 30
0.0
 10
-20.488490221311082
 20
226.36146484405276
 30
0.0
 10
-20.763473945269418
 20
226.03643229196942
 30
0.0
  0
SPLINE
  5
156
330
17
100
AcDbEntity
  8
ENGRAVE
100
AcDbSpline
 70
0
 71
2
 72
6
 73
3
 74
0
 40
0.0
 40
0.0
 40
0.0
 40
1.0
 40
1.0
 40
1.0
 10
-20.21350649735275
 20
226.88644856801108
 30
0.0
 10
-20.21350649735275
 20
226.88644856801108
 30
0.0
 10
-20.350998359331918
 20
226.62395670603192
 30
0.0
  0
SPLINE
  5
157
330
17
100
AcDbEntity
  8
ENGRAVE
100
AcDbSpline
 70
0
 71
2
 72
6
 73
3
 74
0
 40
0.0
 40
0.0
 40
0.0
 40
1.0
 40
1.0
 40
1.0
 10
-20.78845766922775
 20
222.23646484405276
 30
0.0
 10
-20.438522773394418
 20
222.33639973988608
 30
0.0
 10
-20.288498359331918
 20
222.33639973988608
 30
0.0
  0
SPLINE
  5
158
330
17
100
AcDbEntity
  8
ENGRAVE
100
AcDbSpline
 70
0
 71
2
 72
6
 73
3
 74
0
 40
0.0
 40
0.0
 40
0.0
 40
1.0
 40
1.0
 40
1.0
 10
-21.03845766922775
 20
228.98642415394858
 30
0.0
 10
-20.53845766922775
 20
229.46139973988608
 30
0.0
 10
-20.238490221311082
 20
229.68641601592776
 30
0.0
  0
SPLINE
  5
159
330
17
100
AcDbEntity
  8
ENGRAVE
100
AcDbSpline
 70
0
 71
2
 72
6
 73
3
 74
0
 40
0.0
 40
0.0
 40
0.0
 40
1.0
 40
1.0
 40
1.0
 10
-19.925990221311082
 20
227.32394856801108
 30
0.0
 10
-20.21350649735275
 20
227.01144856801108
 30
0.0
 10
-20.21350649735275
 20
226.88644856801108
 30
0.0
  0
SPLINE
  5
15A
330
17
100
AcDbEntity
  8
ENGRAVE
100
AcDbSpline
 70
0
 71
2
 72
6
 73
3
 74
0
 40
0.0
 40
0.0
 40
0.0
 40
1.0
 40
1.0
 40
1.0
 10
-19.31348208329025
 20
227.93645670603192
 30
0.0
 10
-19.638473945269418
 20
227.63644856801108
 30
0.0
 10
-19.925990221311082
 20
227.32394856801108
 30
0.0
  0
SPLINE
  5
15B
330
17
100
AcDbEntity
  8
ENGRAVE
100
AcDbSpline
 70
0
 71
2
 72
6
 73
3
 74
0
 40
0.0
 40
0.0
 40
0.0
 40
1.0
 40
1.0
 40
1.0
 10
-19.28845766922775
 20
220.71139973988608
 30
0.0
 10
-19.313522773394418
 20
220.61146484405276
 30
0.0
 10
-19.850998359331918
 20
220.43645670603192
 30
0.0
  0
SPLINE
  5
15C
330
17
100
AcDbEntity
  8
ENGRAVE
100
AcDbSpline
 70
0
 71
2
 72
6
 73
3
 74
0
 40
0.0
 40
0.0
 40
0.0
 40
1.0
 40
1.0
 40
1.0
 10
-20.288498359331918
 20
222.33639973988608
 30
0.0
 10
-20.138473945269418
 20
222.33639973988608
 30
0.0
 10
-19.813522773394418
 20
222.23646484405276
 30
0.0
  0
SPLINE
  5
15D
330
17
100
AcDbEntity
  8
ENGRAVE
100
AcDbSpline
 70
0
 71
2
 72
6
 73
3
 74
0
 40
0.0
 40
0.0
 40
0.0
 40
1.0
 40
1.0
 40
1.0
 10
-19.813522773394418
 20
222.23646484405276
 30
0.0
 10
-19.613490221311082
 20
222.11146484405276
 30
0.0
 10
-19.488490221311082
 20
221.79896484405276
 30
0.0
  0
SPLINE
  5
15E
330
17
100
AcDbEntity
  8
ENGRAVE
100
AcDbSpline
 70
0
 71
2
 72
6
 73
3
 74
0
 40
0.0
 40
0.0
 40
0.0
 40
1.0
 40
1.0
 40
1.0
 10
-18.888473945269418
 20
228.28643229196942
 30
0.0
 10
-18.988490221311082
 20
228.23646484405276
 30
0.0
 10
-19.31348208329025
 20
227.93645670603192
 30
0.0
  0
SPLINE
  5
15F
330
17
100
AcDbEntity
  8
ENGRAVE
100
AcDbSpline
 70
0
 71
2
 72
6
 73
3
 74
0
 40
0.0
 40
0.0
 40
0.0
 40
1.0
 40
1.0
 40
1.0
 10
-19.488490221311082
 20
221.79896484405276
 30
0.0
 10
-19.363490221311082
 20
221.48646484405276
 30
0.0
 10
-19.300990221311082
 20
221.17396484405276
 30
0.0
  0
SPLINE
  5
160
330
17
100
AcDbEntity
  8
ENGRAVE
100
AcDbSpline
 70
0
 71
2
 72
6
 73
3
 74
0
 40
0.0
 40
0.0
 40
0.0
 40
1.0
 40
1.0
 40
1.0
 10
-19.300990221311082
 20
221.17396484405276
 30
0.0
 10
-19.238490221311082
 20
220.86146484405276
 30
0.0
 10
-19.28845766922775
 20
220.71139973988608
 30
0.0
  0
SPLINE
  5
161
330
17
100
AcDbEntity
  8
ENGRAVE
100
AcDbSpline
 70
0
 71
2
 72
6
 73
3
 74
0
 40
0.0
 40
0.0
 40
0.0
 40
1.0
 40
1.0
 40
1.0
 10
-20.238490221311082
 20
229.68641601592776
 30
0.0
 10
-19.688522773394418
 20
229.96139973988608
 30
0.0
 10
-19.21350649735275
 20
230.13640787790692
 30
0.0
  0
SPLINE
  5
162
330
17
100
AcDbEntity
  8
ENGRAVE
100
AcDbSpline
 70
0
 71
2
 72
6
 73
3
 74
0
 40
0.0
 40
0.0
 40
0.0
 40
1.0
 40
1.0
 40
1.0
 10
-19.075973945269414
 20
214.56141601592776
 30
0.0
 10
-19.16345766922775
 20
214.96139973988608
 30
0.0
 10
-19.138473945269414
 20
215.34893229196942
 30
0.0
  0
SPLINE
  5
163
330
17
100
AcDbEntity
  8
ENGRAVE
100
AcDbSpline
 70
0
 71
2
 72
6
 73
3
 74
0
 40
0.0
 40
0.0
 40
0.0
 40
1.0
 40
1.0
 40
1.0
 10
-18.78845766922775
 20
213.96139973988608
 30
0.0
 10
-18.988490221311082
 20
214.16143229196942
 30
0.0
 10
-19.075973945269414
 20
214.56141601592776
 30
0.0
  0
SPLINE
  5
164
330
17
100
AcDbEntity
  8
ENGRAVE
100
AcDbSpline
 70
0
 71
2
 72
6
 73
3
 74
0
 40
0.0
 40
0.0
 40
0.0
 40
1.0
 40
1.0
 40
1.0
 10
-19.138473945269414
 20
215.34893229196942
 30
0.0
 10
-19.113490221311082
 20
215.73646484405276
 30
0.0
 10
-19.013473945269414
 20
215.93641601592776
 30
0.0
  0
SPLINE
  5
165
330
17
100
AcDbEntity
  8
ENGRAVE
100
AcDbSpline
 70
0
 71
2
 72
6
 73
3
 74
0
 40
0.0
 40
0.0
 40
0.0
 40
1.0
 40
1.0
 40
1.0
 10
-19.013473945269414
 20
215.93641601592776
 30
0.0
 10
-19.013473945269414
 20
216.13644856801108
 30
0.0
 10
-18.950973945269414
 20
216.24895670603192
 30
0.0
  0
SPLINE
  5
166
330
17
100
AcDbEntity
  8
ENGRAVE
100
AcDbSpline
 70
0
 71
2
 72
6
 73
3
 74
0
 40
0.0
 40
0.0
 40
0.0
 40
1.0
 40
1.0
 40
1.0
 10
-18.950973945269414
 20
216.24895670603192
 30
0.0
 10
-18.888473945269414
 20
216.36146484405276
 30
0.0
 10
-18.91345766922775
 20
216.46139973988608
 30
0.0
  0
SPLINE
  5
167
330
17
100
AcDbEntity
  8
ENGRAVE
100
AcDbSpline
 70
0
 71
2
 72
6
 73
3
 74
0
 40
0.0
 40
0.0
 40
0.0
 40
1.0
 40
1.0
 40
1.0
 10
-18.25098208329025
 20
228.03643229196942
 30
0.0
 10
-18.33850649735275
 20
228.33639973988608
 30
0.0
 10
-18.888473945269418
 20
228.28643229196942
 30
0.0
  0
SPLINE
  5
168
330
17
100
AcDbEntity
  8
ENGRAVE
100
AcDbSpline
 70
0
 71
2
 72
6
 73
3
 74
0
 40
0.0
 40
0.0
 40
0.0
 40
1.0
 40
1.0
 40
1.0
 10
-18.91345766922775
 20
216.46139973988608
 30
0.0
 10
-18.938522773394414
 20
216.56141601592776
 30
0.0
 10
-18.863490221311082
 20
216.81141601592776
 30
0.0
  0
SPLINE
  5
169
330
17
100
AcDbEntity
  8
ENGRAVE
100
AcDbSpline
 70
0
 71
2
 72
6
 73
3
 74
0
 40
0.0
 40
0.0
 40
0.0
 40
1.0
 40
1.0
 40
1.0
 10
-17.800990221311082
 20
213.66143229196942
 30
0.0
 10
-18.363490221311082
 20
213.48646484405276
 30
0.0
 10
-18.78845766922775
 20
213.96139973988608
 30
0.0
  0
SPLINE
  5
16A
330
17
100
AcDbEntity
  8
ENGRAVE
100
AcDbSpline
 70
0
 71
2
 72
6
 73
3
 74
0
 40
0.0
 40
0.0
 40
0.0
 40
1.0
 40
1.0
 40
1.0
 10
-18.463465807248582
 20
225.48642415394858
 30
0.0
 10
-18.78845766922775
 20
225.56141601592776
 30
0.0
 10
-18.78845766922775
 20
225.93641601592776
 30
0.0
  0
SPLINE
  5
16B
330
17
100
AcDbEntity
  8
ENGRAVE
100
AcDbSpline
 70
0
 71
2
 72
6
 73
3
 74
0
 40
0.0
 40
0.0
 40
0.0
 40
1.0
 40
1.0
 40
1.0
 10
-18.78845766922775
 20
225.93641601592776
 30
0.0
 10
-18.78845766922775
 20
226.11146484405276
 30
0.0
 10
-18.775965807248582
 20
226.26144856801108
 30
0.0
  0
SPLINE
  5
16C
330
17
100
AcDbEntity
  8
ENGRAVE
100
AcDbSpline
 70
0
 71
2
 72
6
 73
3
 74
0
 40
0.0
 40
0.0
 40
0.0
 40
1.0
 40
1.0
 40
1.0
 10
-18.775965807248582
 20
226.26144856801108
 30
0.0
 10
-18.763473945269418
 20
226.41143229196942
 30
0.0
 10
-18.763473945269418
 20
226.41143229196942
 30
0.0
  0
SPLINE
  5
16D
330
17
100
AcDbEntity
  8
ENGRAVE
100
AcDbSpline
 70
0
 71
2
 72
6
 73
3
 74
0
 40
0.0
 40
0.0
 40
0.0
 40
1.0
 40
1.0
 40
1.0
 10
-18.863490221311082
 20
216.81141601592776
 30
0.0
 10
-18.78845766922775
 20
217.06141601592776
 30
0.0
 10
-18.71350649735275
 20
217.28643229196942
 30
0.0
  0
SPLINE
  5
16E
330
17
100
AcDbEntity
  8
ENGRAVE
100
AcDbSpline
 70
0
 71
2
 72
6
 73
3
 74
0
 40
0.0
 40
0.0
 40
0.0
 40
1.0
 40
1.0
 40
1.0
 10
-17.83850649735275
 20
225.58639973988608
 30
0.0
 10
-18.138473945269418
 20
225.41143229196942
 30
0.0
 10
-18.463465807248582
 20
225.48642415394858
 30
0.0
  0
SPLINE
  5
16F
330
17
100
AcDbEntity
  8
ENGRAVE
100
AcDbSpline
 70
0
 71
2
 72
6
 73
3
 74
0
 40
0.0
 40
0.0
 40
0.0
 40
1.0
 40
1.0
 40
1.0
 10
-18.763473945269418
 20
226.41143229196942
 30
0.0
 10
-18.613490221311082
 20
227.03643229196942
 30
0.0
 10
-18.363490221311082
 20
227.41143229196942
 30
0.0
  0
SPLINE
  5
170
330
17
100
AcDbEntity
  8
ENGRAVE
100
AcDbSpline
 70
0
 71
2
 72
6
 73
3
 74
0
 40
0.0
 40
0.0
 40
0.0
 40
1.0
 40
1.0
 40
1.0
 10
-18.71350649735275
 20
217.28643229196942
 30
0.0
 10
-18.53845766922775
 20
217.68641601592776
 30
0.0
 10
-18.31348208329025
 20
218.32390787790692
 30
0.0
  0
SPLINE
  5
171
330
17
100
AcDbEntity
  8
ENGRAVE
100
AcDbSpline
 70
0
 71
2
 72
6
 73
3
 74
0
 40
0.0
 40
0.0
 40
0.0
 40
1.0
 40
1.0
 40
1.0
 10
-18.363490221311082
 20
227.41143229196942
 30
0.0
 10
-18.16345766922775
 20
227.73646484405276
 30
0.0
 10
-18.25098208329025
 20
228.03643229196942
 30
0.0
  0
SPLINE
  5
172
330
17
100
AcDbEntity
  8
ENGRAVE
100
AcDbSpline
 70
0
 71
2
 72
6
 73
3
 74
0
 40
0.0
 40
0.0
 40
0.0
 40
1.0
 40
1.0
 40
1.0
 10
-19.21350649735275
 20
230.13640787790692
 30
0.0
 10
-18.738490221311082
 20
230.31141601592776
 30
0.0
 10
-18.21350649735275
 20
230.31141601592776
 30
0.0
  0
SPLINE
  5
173
330
17
100
AcDbEntity
  8
ENGRAVE
100
AcDbSpline
 70
0
 71
2
 72
6
 73
3
 74
0
 40
0.0
 40
0.0
 40
0.0
 40
1.0
 40
1.0
 40
1.0
 10
-18.31348208329025
 20
218.32390787790692
 30
0.0
 10
-18.08850649735275
 20
218.96139973988608
 30
0.0
 10
-17.863490221311082
 20
219.62391601592776
 30
0.0
  0
SPLINE
  5
174
330
17
100
AcDbEntity
  8
ENGRAVE
100
AcDbSpline
 70
0
 71
2
 72
6
 73
3
 74
0
 40
0.0
 40
0.0
 40
0.0
 40
1.0
 40
1.0
 40
1.0
 10
-17.363490221311082
 20
226.07394856801108
 30
0.0
 10
-17.688522773394418
 20
225.61146484405276
 30
0.0
 10
-17.83850649735275
 20
225.58639973988608
 30
0.0
  0
SPLINE
  5
175
330
17
100
AcDbEntity
  8
ENGRAVE
100
AcDbSpline
 70
0
 71
2
 72
6
 73
3
 74
0
 40
0.0
 40
0.0
 40
0.0
 40
1.0
 40
1.0
 40
1.0
 10
-17.013473945269418
 20
214.86146484405276
 30
0.0
 10
-17.238490221311082
 20
213.83639973988608
 30
0.0
 10
-17.800990221311082
 20
213.66143229196942
 30
0.0
  0
SPLINE
  5
176
330
17
100
AcDbEntity
  8
ENGRAVE
100
AcDbSpline
 70
0
 71
2
 72
6
 73
3
 74
0
 40
0.0
 40
0.0
 40
0.0
 40
1.0
 40
1.0
 40
1.0
 10
-17.863490221311082
 20
219.62391601592776
 30
0.0
 10
-17.638473945269414
 20
220.28643229196942
 30
0.0
 10
-17.488490221311082
 20
220.77394042999026
 30
0.0
  0
SPLINE
  5
177
330
17
100
AcDbEntity
  8
ENGRAVE
100
AcDbSpline
 70
0
 71
2
 72
6
 73
3
 74
0
 40
0.0
 40
0.0
 40
0.0
 40
1.0
 40
1.0
 40
1.0
 10
-18.21350649735275
 20
230.31141601592776
 30
0.0
 10
-17.738490221311082
 20
230.31141601592776
 30
0.0
 10
-17.37598208329025
 20
230.09893229196942
 30
0.0
  0
SPLINE
  5
178
330
17
100
AcDbEntity
  8
ENGRAVE
100
AcDbSpline
 70
0
 71
2
 72
6
 73
3
 74
0
 40
0.0
 40
0.0
 40
0.0
 40
1.0
 40
1.0
 40
1.0
 10
-16.68848208329025
 20
227.12391601592776
 30
0.0
 10
-17.03845766922775
 20
226.53643229196942
 30
0.0
 10
-17.363490221311082
 20
226.07394856801108
 30
0.0
  0
SPLINE
  5
179
330
17
100
AcDbEntity
  8
ENGRAVE
100
AcDbSpline
 70
0
 71
2
 72
6
 73
3
 74
0
 40
0.0
 40
0.0
 40
0.0
 40
1.0
 40
1.0
 40
1.0
 10
-17.488490221311082
 20
220.77394042999026
 30
0.0
 10
-17.33850649735275
 20
221.26144856801108
 30
0.0
 10
-17.313522773394418
 20
221.36146484405276
 30
0.0
  0
SPLINE
  5
17A
330
17
100
AcDbEntity
  8
ENGRAVE
100
AcDbSpline
 70
0
 71
2
 72
6
 73
3
 74
0
 40
0.0
 40
0.0
 40
0.0
 40
1.0
 40
1.0
 40
1.0
 10
-16.81348208329025
 20
215.41143229196942
 30
0.0
 10
-16.888473945269418
 20
215.06141601592776
 30
0.0
 10
-17.013473945269418
 20
214.86146484405276
 30
0.0
  0
SPLINE
  5
17B
330
17
100
AcDbEntity
  8
ENGRAVE
100
AcDbSpline
 70
0
 71
2
 72
6
 73
3
 74
0
 40
0.0
 40
0.0
 40
0.0
 40
1.0
 40
1.0
 40
1.0
 10
-17.313522773394418
 20
221.36146484405276
 30
0.0
 10
-17.313522773394418
 20
221.66143229196942
 30
0.0
 10
-16.91345766922775
 20
221.68641601592776
 30
0.0
  0
SPLINE
  5
17C
330
17
100
AcDbEntity
  8
ENGRAVE
100
AcDbSpline
 70
0
 71
2
 72
6
 73
3
 74
0
 40
0.0
 40
0.0
 40
0.0
 40
1.0
 40
1.0
 40
1.0
 10
-16.68848208329025
 20
216.09893229196942
 30
0.0
 10
-16.738490221311082
 20
215.76144856801108
 30
0.0
 10
-16.81348208329025
 20
215.41143229196942
 30
0.0
  0
SPLINE
  5
17D
330
17
100
AcDbEntity
  8
ENGRAVE
100
AcDbSpline
 70
0
 71
2
 72
6
 73
3
 74
0
 40
0.0
 40
0.0
 40
0.0
 40
1.0
 40
1.0
 40
1.0
 10
-16.58850649735275
 20
216.56141601592776
 30
0.0
 10
-16.638473945269418
 20
216.43641601592776
 30
0.0
 10
-16.68848208329025
 20
216.09893229196942
 30
0.0
  0
SPLINE
  5
17E
330
17
100
AcDbEntity
  8
ENGRAVE
100
AcDbSpline
 70
0
 71
2
 72
6
 73
3
 74
0
 40
0.0
 40
0.0
 40
0.0
 40
1.0
 40
1.0
 40
1.0
 10
-16.16345766922775
 20
228.11146484405276
 30
0.0
 10
-16.33850649735275
 20
227.71139973988608
 30
0.0
 10
-16.68848208329025
 20
227.12391601592776
 30
0.0
  0
SPLINE
  5
17F
330
17
100
AcDbEntity
  8
ENGRAVE
100
AcDbSpline
 70
0
 71
2
 72
6
 73
3
 74
0
 40
0.0
 40
0.0
 40
0.0
 40
1.0
 40
1.0
 40
1.0
 10
-16.600998359331918
 20
224.73642415394858
 30
0.0
 10
-16.71350649735275
 20
225.18641601592776
 30
0.0
 10
-16.613490221311082
 20
225.26144856801108
 30
0.0
  0
SPLINE
  5
180
330
17
100
AcDbEntity
  8
ENGRAVE
100
AcDbSpline
 70
0
 71
2
 72
6
 73
3
 74
0
 40
0.0
 40
0.0
 40
0.0
 40
1.0
 40
1.0
 40
1.0
 10
-16.08850649735275
 20
223.98646484405276
 30
0.0
 10
-16.488490221311082
 20
224.28643229196942
 30
0.0
 10
-16.600998359331918
 20
224.73642415394858
 30
0.0
  0
SPLINE
  5
181
330
17
100
AcDbEntity
  8
ENGRAVE
100
AcDbSpline
 70
0
 71
2
 72
6
 73
3
 74
0
 40
0.0
 40
0.0
 40
0.0
 40
1.0
 40
1.0
 40
1.0
 10
-16.350998359331918
 20
217.24895670603192
 30
0.0
 10
-16.488490221311082
 20
216.88644856801108
 30
0.0
 10
-16.58850649735275
 20
216.56141601592776
 30
0.0
  0
SPLINE
  5
182
330
17
100
AcDbEntity
  8
ENGRAVE
100
AcDbSpline
 70
0
 71
2
 72
6
 73
3
 74
0
 40
0.0
 40
0.0
 40
0.0
 40
1.0
 40
1.0
 40
1.0
 10
-16.113490221311082
 20
217.81141601592776
 30
0.0
 10
-16.21350649735275
 20
217.61146484405276
 30
0.0
 10
-16.350998359331918
 20
217.24895670603192
 30
0.0
  0
SPLINE
  5
183
330
17
100
AcDbEntity
  8
ENGRAVE
100
AcDbSpline
 70
0
 71
2
 72
6
 73
3
 74
0
 40
0.0
 40
0.0
 40
0.0
 40
1.0
 40
1.0
 40
1.0
 10
-17.37598208329025
 20
230.09893229196942
 30
0.0
 10
-17.013473945269418
 20
229.88644856801108
 30
0.0
 10
-16.28845766922775
 20
229.23646484405276
 30
0.0
  0
SPLINE
  5
184
330
17
100
AcDbEntity
  8
ENGRAVE
100
AcDbSpline
 70
0
 71
2
 72
6
 73
3
 74
0
 40
0.0
 40
0.0
 40
0.0
 40
1.0
 40
1.0
 40
1.0
 10
-16.91345766922775
 20
221.68641601592776
 30
0.0
 10
-16.613490221311082
 20
221.78643229196942
 30
0.0
 10
-16.18848208329025
 20
221.43641601592776
 30
0.0
  0
SPLINE
  5
185
330
17
100
AcDbEntity
  8
ENGRAVE
100
AcDbSpline
 70
0
 71
2
 72
6
 73
3
 74
0
 40
0.0
 40
0.0
 40
0.0
 40
1.0
 40
1.0
 40
1.0
 10
-16.613490221311082
 20
225.26144856801108
 30
0.0
 10
-16.363490221311082
 20
225.53643229196942
 30
0.0
 10
-16.175990221311082
 20
225.98642415394858
 30
0.0
  0
SPLINE
  5
186
330
17
100
AcDbEntity
  8
ENGRAVE
100
AcDbSpline
 70
0
 71
2
 72
6
 73
3
 74
0
 40
0.0
 40
0.0
 40
0.0
 40
1.0
 40
1.0
 40
1.0
 10
-16.03845766922775
 20
228.61142415394858
 30
0.0
 10
-16.03845766922775
 20
228.31141601592776
 30
0.0
 10
-16.16345766922775
 20
228.11146484405276
 30
0.0
  0
SPLINE
  5
187
330
17
100
AcDbEntity
  8
ENGRAVE
100
AcDbSpline
 70
0
 71
2
 72
6
 73
3
 74
0
 40
0.0
 40
0.0
 40
0.0
 40
1.0
 40
1.0
 40
1.0
 10
-15.925990221311082
 20
218.57394856801108
 30
0.0
 10
-16.063522773394418
 20
218.11146484405276
 30
0.0
 10
-16.113490221311082
 20
217.81141601592776
 30
0.0
  0
SPLINE
  5
188
330
17
100
AcDbEntity
  8
ENGRAVE
100
AcDbSpline
 70
0
 71
2
 72
6
 73
3
 74
0
 40
0.0
 40
0.0
 40
0.0
 40
1.0
 40
1.0
 40
1.0
 10
-15.163498359331916
 20
223.87395670603192
 30
0.0
 10
-15.738490221311082
 20
223.73646484405276
 30
0.0
 10
-16.08850649735275
 20
223.98646484405276
 30
0.0
  0
SPLINE
  5
189
330
17
100
AcDbEntity
  8
ENGRAVE
100
AcDbSpline
 70
0
 71
2
 72
6
 73
3
 74
0
 40
0.0
 40
0.0
 40
0.0
 40
1.0
 40
1.0
 40
1.0
 10
-16.28845766922775
 20
229.23646484405276
 30
0.0
 10
-16.03845766922775
 20
228.91143229196942
 30
0.0
 10
-16.03845766922775
 20
228.61142415394858
 30
0.0
  0
SPLINE
  5
18A
330
17
100
AcDbEntity
  8
ENGRAVE
100
AcDbSpline
 70
0
 71
2
 72
6
 73
3
 74
0
 40
0.0
 40
0.0
 40
0.0
 40
1.0
 40
1.0
 40
1.0
 10
-15.688522773394416
 20
219.23646484405276
 30
0.0
 10
-15.78845766922775
 20
219.03643229196942
 30
0.0
 10
-15.925990221311082
 20
218.57394856801108
 30
0.0
  0
SPLINE
  5
18B
330
17
100
AcDbEntity
  8
ENGRAVE
100
AcDbSpline
 70
0
 71
2
 72
6
 73
3
 74
0
 40
0.0
 40
0.0
 40
0.0
 40
1.0
 40
1.0
 40
1.0
 10
-16.175990221311082
 20
225.98642415394858
 30
0.0
 10
-15.988490221311082
 20
226.43641601592776
 30
0.0
 10
-15.763473945269416
 20
226.81141601592776
 30
0.0
  0
SPLINE
  5
18C
330
17
100
AcDbEntity
  8
ENGRAVE
100
AcDbSpline
 70
0
 71
2
 72
6
 73
3
 74
0
 40
0.0
 40
0.0
 40
0.0
 40
1.0
 40
1.0
 40
1.0
 10
-15.363490221311082
 20
220.16143229196942
 30
0.0
 10
-15.41345766922775
 20
219.83639973988608
 30
0.0
 10
-15.688522773394416
 20
219.23646484405276
 30
0.0
  0
SPLINE
  5
18D
330
17
100
AcDbEntity
  8
ENGRAVE
100
AcDbSpline
 70
0
 71
2
 72
6
 73
3
 74
0
 40
0.0
 40
0.0
 40
0.0
 40
1.0
 40
1.0
 40
1.0
 10
-15.763473945269416
 20
226.81141601592776
 30
0.0
 10
-15.71350649735275
 20
226.88644856801108
 30
0.0
 10
-15.62598208329025
 20
227.02394042999026
 30
0.0
  0
SPLINE
  5
18E
330
17
100
AcDbEntity
  8
ENGRAVE
100
AcDbSpline
 70
0
 71
2
 72
6
 73
3
 74
0
 40
0.0
 40
0.0
 40
0.0
 40
1.0
 40
1.0
 40
1.0
 10
-16.18848208329025
 20
221.43641601592776
 30
0.0
 10
-15.763473945269416
 20
221.08639973988608
 30
0.0
 10
-15.513473945269416
 20
220.68641601592776
 30
0.0
  0
SPLINE
  5
18F
330
17
100
AcDbEntity
  8
ENGRAVE
100
AcDbSpline
 70
0
 71
2
 72
6
 73
3
 74
0
 40
0.0
 40
0.0
 40
0.0
 40
1.0
 40
1.0
 40
1.0
 10
-15.62598208329025
 20
227.02394042999026
 30
0.0
 10
-15.53845766922775
 20
227.16143229196942
 30
0.0
 10
-15.438522773394416
 20
227.18641601592776
 30
0.0
  0
SPLINE
  5
190
330
17
100
AcDbEntity
  8
ENGRAVE
100
AcDbSpline
 70
0
 71
2
 72
6
 73
3
 74
0
 40
0.0
 40
0.0
 40
0.0
 40
1.0
 40
1.0
 40
1.0
 10
-15.513473945269416
 20
220.68641601592776
 30
0.0
 10
-15.313522773394416
 20
220.48646484405276
 30
0.0
 10
-15.363490221311082
 20
220.16143229196942
 30
0.0
  0
SPLINE
  5
191
330
17
100
AcDbEntity
  8
ENGRAVE
100
AcDbSpline
 70
0
 71
2
 72
6
 73
3
 74
0
 40
0.0
 40
0.0
 40
0.0
 40
1.0
 40
1.0
 40
1.0
 10
-14.21350649735275
 20
224.51144856801108
 30
0.0
 10
-14.58850649735275
 20
224.01144856801108
 30
0.0
 10
-15.163498359331916
 20
223.87395670603192
 30
0.0
  0
SPLINE
  5
192
330
17
100
AcDbEntity
  8
ENGRAVE
100
AcDbSpline
 70
0
 71
2
 72
6
 73
3
 74
0
 40
0.0
 40
0.0
 40
0.0
 40
1.0
 40
1.0
 40
1.0
 10
-15.438522773394416
 20
227.18641601592776
 30
0.0
 10
-15.138473945269416
 20
227.38644856801108
 30
0.0
 10
-14.600998359331916
 20
227.16143229196942
 30
0.0
  0
SPLINE
  5
193
330
17
100
AcDbEntity
  8
ENGRAVE
100
AcDbSpline
 70
0
 71
2
 72
6
 73
3
 74
0
 40
0.0
 40
0.0
 40
0.0
 40
1.0
 40
1.0
 40
1.0
 10
-13.813522773394416
 20
226.53643229196942
 30
0.0
 10
-13.363490221311082
 20
225.53643229196942
 30
0.0
 10
-14.21350649735275
 20
224.51144856801108
 30
0.0
  0
SPLINE
  5
194
330
17
100
AcDbEntity
  8
ENGRAVE
100
AcDbSpline
 70
0
 71
2
 72
6
 73
3
 74
0
 40
0.0
 40
0.0
 40
0.0
 40
1.0
 40
1.0
 40
1.0
 10
-13.938522773394418
 20
215.67392415394858
 30
0.0
 10
-14.163539049436084
 20
216.38644856801108
 30
0.0
 10
-14.013473945269418
 20
217.61146484405276
 30
0.0
  0
SPLINE
  5
195
330
17
100
AcDbEntity
  8
ENGRAVE
100
AcDbSpline
 70
0
 71
2
 72
6
 73
3
 74
0
 40
0.0
 40
0.0
 40
0.0
 40
1.0
 40
1.0
 40
1.0
 10
-13.46350649735275
 20
214.63644856801108
 30
0.0
 10
-13.71350649735275
 20
214.96139973988608
 30
0.0
 10
-13.938522773394418
 20
215.67392415394858
 30
0.0
  0
SPLINE
  5
196
330
17
100
AcDbEntity
  8
ENGRAVE
100
AcDbSpline
 70
0
 71
2
 72
6
 73
3
 74
0
 40
0.0
 40
0.0
 40
0.0
 40
1.0
 40
1.0
 40
1.0
 10
-14.600998359331916
 20
227.16143229196942
 30
0.0
 10
-14.063522773394416
 20
226.93641601592776
 30
0.0
 10
-13.813522773394416
 20
226.53643229196942
 30
0.0
  0
SPLINE
  5
197
330
17
100
AcDbEntity
  8
ENGRAVE
100
AcDbSpline
 70
0
 71
2
 72
6
 73
3
 74
0
 40
0.0
 40
0.0
 40
0.0
 40
1.0
 40
1.0
 40
1.0
 10
-12.288498359331918
 20
213.77394042999026
 30
0.0
 10
-13.013473945269418
 20
214.06141601592776
 30
0.0
 10
-13.46350649735275
 20
214.63644856801108
 30
0.0
  0
SPLINE
  5
198
330
17
100
AcDbEntity
  8
ENGRAVE
100
AcDbSpline
 70
0
 71
2
 72
6
 73
3
 74
0
 40
0.0
 40
0.0
 40
0.0
 40
1.0
 40
1.0
 40
1.0
 10
-14.013473945269418
 20
217.61146484405276
 30
0.0
 10
-13.863490221311084
 20
218.76144856801108
 30
0.0
 10
-13.300990221311084
 20
219.93645670603192
 30
0.0
  0
SPLINE
  5
199
330
17
100
AcDbEntity
  8
ENGRAVE
100
AcDbSpline
 70
0
 71
2
 72
6
 73
3
 74
0
 40
0.0
 40
0.0
 40
0.0
 40
1.0
 40
1.0
 40
1.0
 10
-10.725998359331918
 20
213.54896484405276
 30
0.0
 10
-11.563522773394418
 20
213.48646484405276
 30
0.0
 10
-12.288498359331918
 20
213.77394042999026
 30
0.0
  0
SPLINE
  5
19A
330
17
100
AcDbEntity
  8
ENGRAVE
100
AcDbSpline
 70
0
 71
2
 72
6
 73
3
 74
0
 40
0.0
 40
0.0
 40
0.0
 40
1.0
 40
1.0
 40
1.0
 10
-11.851039049436084
 20
217.88644856801108
 30
0.0
 10
-12.038539049436084
 20
217.63644856801108
 30
0.0
 10
-12.013473945269418
 20
216.91143229196942
 30
0.0
  0
SPLINE
  5
19B
330
17
100
AcDbEntity
  8
ENGRAVE
100
AcDbSpline
 70
0
 71
2
 72
6
 73
3
 74
0
 40
0.0
 40
0.0
 40
0.0
 40
1.0
 40
1.0
 40
1.0
 10
-13.300990221311084
 20
219.93645670603192
 30
0.0
 10
-12.738490221311084
 20
221.11146484405276
 30
0.0
 10
-11.913498359331918
 20
222.01144856801108
 30
0.0
  0
SPLINE
  5
19C
330
17
100
AcDbEntity
  8
ENGRAVE
100
AcDbSpline
 70
0
 71
2
 72
6
 73
3
 74
0
 40
0.0
 40
0.0
 40
0.0
 40
1.0
 40
1.0
 40
1.0
 10
-11.063522773394418
 20
218.01144856801108
 30
0.0
 10
-11.663539049436084
 20
218.13644856801108
 30
0.0
 10
-11.851039049436084
 20
217.88644856801108
 30
0.0
  0
SPLINE
  5
19D
330
17
100
AcDbEntity
  8
ENGRAVE
100
AcDbSpline
 70
0
 71
2
 72
6
 73
3
 74
0
 40
0.0
 40
0.0
 40
0.0
 40
1.0
 40
1.0
 40
1.0
 10
-12.013473945269418
 20
216.91143229196942
 30
0.0
 10
-11.96350649735275
 20
216.46139973988608
 30
0.0
 10
-11.800990221311084
 20
216.12391601592776
 30
0.0
  0
SPLINE
  5
19E
330
17
100
AcDbEntity
  8
ENGRAVE
100
AcDbSpline
 70
0
 71
2
 72
6
 73
3
 74
0
 40
0.0
 40
0.0
 40
0.0
 40
1.0
 40
1.0
 40
1.0
 10
-11.800990221311084
 20
216.12391601592776
 30
0.0
 10
-11.638473945269418
 20
215.78643229196942
 30
0.0
 10
-11.188522773394418
 20
215.66143229196942
 30
0.0
  0
SPLINE
  5
19F
330
17
100
AcDbEntity
  8
ENGRAVE
100
AcDbSpline
 70
0
 71
2
 72
6
 73
3
 74
0
 40
0.0
 40
0.0
 40
0.0
 40
1.0
 40
1.0
 40
1.0
 10
-10.71350649735275
 20
220.42392415394858
 30
0.0
 10
-11.038539049436084
 20
220.03643229196942
 30
0.0
 10
-11.138473945269418
 20
219.83639973988608
 30
0.0
  0
SPLINE
  5
1A0
330
17
100
AcDbEntity
  8
ENGRAVE
100
AcDbSpline
 70
0
 71
2
 72
6
 73
3
 74
0
 40
0.0
 40
0.0
 40
0.0
 40
1.0
 40
1.0
 40
1.0
 10
-9.48853091141525
 20
217.86142415394858
 30
0.0
 10
-10.063522773394418
 20
217.81141601592776
 30
0.0
 10
-11.063522773394418
 20
218.01144856801108
 30
0.0
  0
SPLINE
  5
1A1
330
17
100
AcDbEntity
  8
ENGRAVE
100
AcDbSpline
 70
0
 71
2
 72
6
 73
3
 74
0
 40
0.0
 40
0.0
 40
0.0
 40
1.0
 40
1.0
 40
1.0
 10
-9.138473945269418
 20
214.03643229196942
 30
0.0
 10
-9.888473945269418
 20
213.61146484405276
 30
0.0
 10
-10.725998359331918
 20
213.54896484405276
 30
0.0
  0
SPLINE
  5
1A2
330
17
100
AcDbEntity
  8
ENGRAVE
100
AcDbSpline
 70
0
 71
2
 72
6
 73
3
 74
0
 40
0.0
 40
0.0
 40
0.0
 40
1.0
 40
1.0
 40
1.0
 10
-10.00098208329025
 20
221.16143229196942
 30
0.0
 10
-10.388473945269418
 20
220.81141601592776
 30
0.0
 10
-10.71350649735275
 20
220.42392415394858
 30
0.0
  0
SPLINE
  5
1A3
330
17
100
AcDbEntity
  8
ENGRAVE
100
AcDbSpline
 70
0
 71
2
 72
6
 73
3
 74
0
 40
0.0
 40
0.0
 40
0.0
 40
1.0
 40
1.0
 40
1.0
 10
-11.138473945269418
 20
219.83639973988608
 30
0.0
 10
-11.013473945269418
 20
219.66143229196942
 30
0.0
 10
-10.425990221311084
 20
219.58644042999026
 30
0.0
  0
SPLINE
  5
1A4
330
17
100
AcDbEntity
  8
ENGRAVE
100
AcDbSpline
 70
0
 71
2
 72
6
 73
3
 74
0
 40
0.0
 40
0.0
 40
0.0
 40
1.0
 40
1.0
 40
1.0
 10
-11.188522773394418
 20
215.66143229196942
 30
0.0
 10
-10.613490221311084
 20
215.56141601592776
 30
0.0
 10
-10.363490221311084
 20
215.64894042999026
 30
0.0
  0
SPLINE
  5
1A5
330
17
100
AcDbEntity
  8
ENGRAVE
100
AcDbSpline
 70
0
 71
2
 72
6
 73
3
 74
0
 40
0.0
 40
0.0
 40
0.0
 40
1.0
 40
1.0
 40
1.0
 10
-11.913498359331918
 20
222.01144856801108
 30
0.0
 10
-11.08850649735275
 20
222.91143229196942
 30
0.0
 10
-10.113490221311084
 20
223.23646484405276
 30
0.0
  0
SPLINE
  5
1A6
330
17
100
AcDbEntity
  8
ENGRAVE
100
AcDbSpline
 70
0
 71
2
 72
6
 73
3
 74
0
 40
0.0
 40
0.0
 40
0.0
 40
1.0
 40
1.0
 40
1.0
 10
-9.363490221311084
 20
221.58639973988608
 30
0.0
 10
-9.613490221311084
 20
221.51144856801108
 30
0.0
 10
-10.00098208329025
 20
221.16143229196942
 30
0.0
  0
SPLINE
  5
1A7
330
17
100
AcDbEntity
  8
ENGRAVE
100
AcDbSpline
 70
0
 71
2
 72
6
 73
3
 74
0
 40
0.0
 40
0.0
 40
0.0
 40
1.0
 40
1.0
 40
1.0
 10
-10.363490221311084
 20
215.64894042999026
 30
0.0
 10
-10.113490221311084
 20
215.73646484405276
 30
0.0
 10
-9.738490221311084
 20
215.91143229196942
 30
0.0
  0
SPLINE
  5
1A8
330
17
100
AcDbEntity
  8
ENGRAVE
100
AcDbSpline
 70
0
 71
2
 72
6
 73
3
 74
0
 40
0.0
 40
0.0
 40
0.0
 40
1.0
 40
1.0
 40
1.0
 10
-8.488490221311084
 20
218.08639973988608
 30
0.0
 10
-8.913539049436084
 20
217.91143229196942
 30
0.0
 10
-9.48853091141525
 20
217.86142415394858
 30
0.0
  0
SPLINE
  5
1A9
330
17
100
AcDbEntity
  8
ENGRAVE
100
AcDbSpline
 70
0
 71
2
 72
6
 73
3
 74
0
 40
0.0
 40
0.0
 40
0.0
 40
1.0
 40
1.0
 40
1.0
 10
-10.425990221311084
 20
219.58644042999026
 30
0.0
 10
-9.83850649735275
 20
219.51144856801108
 30
0.0
 10
-9.46350649735275
 20
219.61146484405276
 30
0.0
  0
SPLINE
  5
1AA
330
17
100
AcDbEntity
  8
ENGRAVE
100
AcDbSpline
 70
0
 71
2
 72
6
 73
3
 74
0
 40
0.0
 40
0.0
 40
0.0
 40
1.0
 40
1.0
 40
1.0
 10
-10.113490221311084
 20
223.23646484405276
 30
0.0
 10
-9.763473945269418
 20
223.36146484405276
 30
0.0
 10
-9.40100649735275
 20
223.42396484405276
 30
0.0
  0
SPLINE
  5
1AB
330
17
100
AcDbEntity
  8
ENGRAVE
100
AcDbSpline
 70
0
 71
2
 72
6
 73
3
 74
0
 40
0.0
 40
0.0
 40
0.0
 40
1.0
 40
1.0
 40
1.0
 10
-8.42603091141525
 20
221.51140787790692
 30
0.0
 10
-8.788539049436084
 20
221.71139973988608
 30
0.0
 10
-9.363490221311084
 20
221.58639973988608
 30
0.0
  0
SPLINE
  5
1AC
330
17
100
AcDbEntity
  8
ENGRAVE
100
AcDbSpline
 70
0
 71
2
 72
6
 73
3
 74
0
 40
0.0
 40
0.0
 40
0.0
 40
1.0
 40
1.0
 40
1.0
 10
-9.738490221311084
 20
215.91143229196942
 30
0.0
 10
-9.46350649735275
 20
216.08639973988608
 30
0.0
 10
-9.163498359331918
 20
216.33639973988608
 30
0.0
  0
SPLINE
  5
1AD
330
17
100
AcDbEntity
  8
ENGRAVE
100
AcDbSpline
 70
0
 71
2
 72
6
 73
3
 74
0
 40
0.0
 40
0.0
 40
0.0
 40
1.0
 40
1.0
 40
1.0
 10
-7.850998359331918
 20
215.08639973988608
 30
0.0
 10
-8.388473945269418
 20
214.46139973988608
 30
0.0
 10
-9.138473945269418
 20
214.03643229196942
 30
0.0
  0
SPLINE
  5
1AE
330
17
100
AcDbEntity
  8
ENGRAVE
100
AcDbSpline
 70
0
 71
2
 72
6
 73
3
 74
0
 40
0.0
 40
0.0
 40
0.0
 40
1.0
 40
1.0
 40
1.0
 10
-9.46350649735275
 20
219.61146484405276
 30
0.0
 10
-9.288539049436084
 20
219.68641601592776
 30
0.0
 10
-8.951014635373584
 20
219.96144042999026
 30
0.0
  0
SPLINE
  5
1AF
330
17
100
AcDbEntity
  8
ENGRAVE
100
AcDbSpline
 70
0
 71
2
 72
6
 73
3
 74
0
 40
0.0
 40
0.0
 40
0.0
 40
1.0
 40
1.0
 40
1.0
 10
-9.163498359331918
 20
216.33639973988608
 30
0.0
 10
-8.863490221311084
 20
216.58639973988608
 30
0.0
 10
-8.663539049436084
 20
216.71139973988608
 30
0.0
  0
SPLINE
  5
1B0
330
17
100
AcDbEntity
  8
ENGRAVE
100
AcDbSpline
 70
0
 71
2
 72
6
 73
3
 74
0
 40
0.0
 40
0.0
 40
0.0
 40
1.0
 40
1.0
 40
1.0
 10
-6.850998359331918
 20
219.46144042999026
 30
0.0
 10
-7.438522773394418
 20
218.53643229196942
 30
0.0
 10
-8.488490221311084
 20
218.08639973988608
 30
0.0
  0
SPLINE
  5
1B1
330
17
100
AcDbEntity
  8
ENGRAVE
100
AcDbSpline
 70
0
 71
2
 72
6
 73
3
 74
0
 40
0.0
 40
0.0
 40
0.0
 40
1.0
 40
1.0
 40
1.0
 10
-9.40100649735275
 20
223.42396484405276
 30
0.0
 10
-9.038539049436084
 20
223.48646484405276
 30
0.0
 10
-8.438522773394418
 20
223.43641601592776
 30
0.0
  0
SPLINE
  5
1B2
330
17
100
AcDbEntity
  8
ENGRAVE
100
AcDbSpline
 70
0
 71
2
 72
6
 73
3
 74
0
 40
0.0
 40
0.0
 40
0.0
 40
1.0
 40
1.0
 40
1.0
 10
-8.063522773394418
 20
221.03643229196942
 30
0.0
 10
-8.063522773394418
 20
221.31141601592776
 30
0.0
 10
-8.42603091141525
 20
221.51140787790692
 30
0.0
  0
SPLINE
  5
1B3
330
17
100
AcDbEntity
  8
ENGRAVE
100
AcDbSpline
 70
0
 71
2
 72
6
 73
3
 74
0
 40
0.0
 40
0.0
 40
0.0
 40
1.0
 40
1.0
 40
1.0
 10
-8.951014635373584
 20
219.96144042999026
 30
0.0
 10
-8.613490221311084
 20
220.23646484405276
 30
0.0
 10
-8.33850649735275
 20
220.54896484405276
 30
0.0
  0
SPLINE
  5
1B4
330
17
100
AcDbEntity
  8
ENGRAVE
100
AcDbSpline
 70
0
 71
2
 72
6
 73
3
 74
0
 40
0.0
 40
0.0
 40
0.0
 40
1.0
 40
1.0
 40
1.0
 10
-8.663539049436084
 20
216.71139973988608
 30
0.0
 10
-8.46350649735275
 20
216.86146484405276
 30
0.0
 10
-8.163539049436084
 20
216.86146484405276
 30
0.0
  0
SPLINE
  5
1B5
330
17
100
AcDbEntity
  8
ENGRAVE
100
AcDbSpline
 70
0
 71
2
 72
6
 73
3
 74
0
 40
0.0
 40
0.0
 40
0.0
 40
1.0
 40
1.0
 40
1.0
 10
-8.33850649735275
 20
220.54896484405276
 30
0.0
 10
-8.063522773394418
 20
220.86146484405276
 30
0.0
 10
-8.063522773394418
 20
221.03643229196942
 30
0.0
  0
SPLINE
  5
1B6
330
17
100
AcDbEntity
  8
ENGRAVE
100
AcDbSpline
 70
0
 71
2
 72
6
 73
3
 74
0
 40
0.0
 40
0.0
 40
0.0
 40
1.0
 40
1.0
 40
1.0
 10
-7.313522773394418
 20
216.03643229196942
 30
0.0
 10
-7.313522773394418
 20
215.71139973988608
 30
0.0
 10
-7.850998359331918
 20
215.08639973988608
 30
0.0
  0
SPLINE
  5
1B7
330
17
100
AcDbEntity
  8
ENGRAVE
100
AcDbSpline
 70
0
 71
2
 72
6
 73
3
 74
0
 40
0.0
 40
0.0
 40
0.0
 40
1.0
 40
1.0
 40
1.0
 10
-8.163539049436084
 20
216.86146484405276
 30
0.0
 10
-7.888473945269418
 20
216.83639973988608
 30
0.0
 10
-7.638473945269418
 20
216.56141601592776
 30
0.0
  0
SPLINE
  5
1B8
330
17
100
AcDbEntity
  8
ENGRAVE
100
AcDbSpline
 70
0
 71
2
 72
6
 73
3
 74
0
 40
0.0
 40
0.0
 40
0.0
 40
1.0
 40
1.0
 40
1.0
 10
-8.438522773394418
 20
223.43641601592776
 30
0.0
 10
-7.863490221311084
 20
223.36146484405276
 30
0.0
 10
-7.413498359331918
 20
223.14894042999026
 30
0.0
  0
SPLINE
  5
1B9
330
17
100
AcDbEntity
  8
ENGRAVE
100
AcDbSpline
 70
0
 71
2
 72
6
 73
3
 74
0
 40
0.0
 40
0.0
 40
0.0
 40
1.0
 40
1.0
 40
1.0
 10
-7.638473945269418
 20
216.56141601592776
 30
0.0
 10
-7.388473945269418
 20
216.28643229196942
 30
0.0
 10
-7.313522773394418
 20
216.03643229196942
 30
0.0
  0
SPLINE
  5
1BA
330
17
100
AcDbEntity
  8
ENGRAVE
100
AcDbSpline
 70
0
 71
2
 72
6
 73
3
 74
0
 40
0.0
 40
0.0
 40
0.0
 40
1.0
 40
1.0
 40
1.0
 10
-6.138473945269418
 20
221.18641601592776
 30
0.0
 10
-6.263473945269418
 20
220.38644856801108
 30
0.0
 10
-6.850998359331918
 20
219.46144042999026
 30
0.0
  0
SPLINE
  5
1BB
330
17
100
AcDbEntity
  8
ENGRAVE
100
AcDbSpline
 70
0
 71
2
 72
6
 73
3
 74
0
 40
0.0
 40
0.0
 40
0.0
 40
1.0
 40
1.0
 40
1.0
 10
-7.413498359331918
 20
223.14894042999026
 30
0.0
 10
-6.96350649735275
 20
222.93641601592776
 30
0.0
 10
-6.763473945269418
 20
222.68641601592776
 30
0.0
  0
SPLINE
  5
1BC
330
17
100
AcDbEntity
  8
ENGRAVE
100
AcDbSpline
 70
0
 71
2
 72
6
 73
3
 74
0
 40
0.0
 40
0.0
 40
0.0
 40
1.0
 40
1.0
 40
1.0
 10
-6.763473945269418
 20
222.68641601592776
 30
0.0
 10
-6.363490221311084
 20
222.28643229196942
 30
0.0
 10
-6.238490221311084
 20
221.91143229196942
 30
0.0
  0
SPLINE
  5
1BD
330
17
100
AcDbEntity
  8
ENGRAVE
100
AcDbSpline
 70
0
 71
2
 72
6
 73
3
 74
0
 40
0.0
 40
0.0
 40
0.0
 40
1.0
 40
1.0
 40
1.0
 10
-6.238490221311084
 20
221.91143229196942
 30
0.0
 10
-6.113490221311084
 20
221.53643229196942
 30
0.0
 10
-6.138473945269418
 20
221.18641601592776
 30
0.0
  0
SPLINE
  5
1BE
330
17
100
AcDbEntity
  8
ENGRAVE
100
AcDbSpline
 70
0
 71
2
 72
6
 73
3
 74
0
 40
0.0
 40
0.0
 40
0.0
 40
1.0
 40
1.0
 40
1.0
 10
1.0364935026472488
 20
216.64894042999026
 30
0.0
 10
0.8865097786889153
 20
216.78643229196942
 30
0.0
 10
0.8865097786889153
 20
217.11146484405276
 30
0.0
  0
SPLINE
  5
1BF
330
17
100
AcDbEntity
  8
ENGRAVE
100
AcDbSpline
 70
0
 71
2
 72
6
 73
3
 74
0
 40
0.0
 40
0.0
 40
0.0
 40
1.0
 40
1.0
 40
1.0
 10
1.4114935026472488
 20
216.33639973988608
 30
0.0
 10
1.1864772266055823
 20
216.51144856801108
 30
0.0
 10
1.0364935026472488
 20
216.64894042999026
 30
0.0
  0
SPLINE
  5
1C0
330
17
100
AcDbEntity
  8
ENGRAVE
100
AcDbSpline
 70
0
 71
2
 72
6
 73
3
 74
0
 40
0.0
 40
0.0
 40
0.0
 40
1.0
 40
1.0
 40
1.0
 10
0.8865097786889153
 20
217.11146484405276
 30
0.0
 10
0.8865097786889153
 20
217.48646484405276
 30
0.0
 10
1.1365097786889153
 20
218.38644856801108
 30
0.0
  0
SPLINE
  5
1C1
330
17
100
AcDbEntity
  8
ENGRAVE
100
AcDbSpline
 70
0
 71
2
 72
6
 73
3
 74
0
 40
0.0
 40
0.0
 40
0.0
 40
1.0
 40
1.0
 40
1.0
 10
1.6239772266055823
 20
215.97393229196942
 30
0.0
 10
1.4614609505639153
 20
216.11146484405276
 30
0.0
 10
1.4114935026472488
 20
216.33639973988608
 30
0.0
  0
SPLINE
  5
1C2
330
17
100
AcDbEntity
  8
ENGRAVE
100
AcDbSpline
 70
0
 71
2
 72
6
 73
3
 74
0
 40
0.0
 40
0.0
 40
0.0
 40
1.0
 40
1.0
 40
1.0
 10
1.1365097786889153
 20
218.38644856801108
 30
0.0
 10
1.2864935026472488
 20
219.03643229196942
 30
0.0
 10
1.4615016406680823
 20
219.74891601592776
 30
0.0
  0
SPLINE
  5
1C3
330
17
100
AcDbEntity
  8
ENGRAVE
100
AcDbSpline
 70
0
 71
2
 72
6
 73
3
 74
0
 40
0.0
 40
0.0
 40
0.0
 40
1.0
 40
1.0
 40
1.0
 10
1.8865097786889153
 20
215.78643229196942
 30
0.0
 10
1.7864935026472488
 20
215.83639973988608
 30
0.0
 10
1.6239772266055823
 20
215.97393229196942
 30
0.0
  0
SPLINE
  5
1C4
330
17
100
AcDbEntity
  8
ENGRAVE
100
AcDbSpline
 70
0
 71
2
 72
6
 73
3
 74
0
 40
0.0
 40
0.0
 40
0.0
 40
1.0
 40
1.0
 40
1.0
 10
1.4615016406680823
 20
219.74891601592776
 30
0.0
 10
1.6365097786889153
 20
220.46139973988608
 30
0.0
 10
1.7989853646264153
 20
220.97393229196942
 30
0.0
  0
SPLINE
  5
1C5
330
17
100
AcDbEntity
  8
ENGRAVE
100
AcDbSpline
 70
0
 71
2
 72
6
 73
3
 74
0
 40
0.0
 40
0.0
 40
0.0
 40
1.0
 40
1.0
 40
1.0
 10
2.3739772266055823
 20
215.93641601592776
 30
0.0
 10
2.0864609505639153
 20
215.78643229196942
 30
0.0
 10
1.8865097786889153
 20
215.78643229196942
 30
0.0
  0
SPLINE
  5
1C6
330
17
100
AcDbEntity
  8
ENGRAVE
100
AcDbSpline
 70
0
 71
2
 72
6
 73
3
 74
0
 40
0.0
 40
0.0
 40
0.0
 40
1.0
 40
1.0
 40
1.0
 10
1.7989853646264153
 20
220.97393229196942
 30
0.0
 10
1.9614609505639153
 20
221.48646484405276
 30
0.0
 10
2.0364935026472484
 20
221.53643229196942
 30
0.0
  0
SPLINE
  5
1C7
330
17
100
AcDbEntity
  8
ENGRAVE
100
AcDbSpline
 70
0
 71
2
 72
6
 73
3
 74
0
 40
0.0
 40
0.0
 40
0.0
 40
1.0
 40
1.0
 40
1.0
 10
2.0364935026472484
 20
221.53643229196942
 30
0.0
 10
2.0364935026472484
 20
221.53643229196942
 30
0.0
 10
2.1364690885847484
 20
221.76144856801108
 30
0.0
  0
SPLINE
  5
1C8
330
17
100
AcDbEntity
  8
ENGRAVE
100
AcDbSpline
 70
0
 71
2
 72
6
 73
3
 74
0
 40
0.0
 40
0.0
 40
0.0
 40
1.0
 40
1.0
 40
1.0
 10
2.1989690885847484
 20
214.83639973988608
 30
0.0
 10
2.1614935026472484
 20
214.96139973988608
 30
0.0
 10
2.1864772266055823
 20
215.06141601592776
 30
0.0
  0
SPLINE
  5
1C9
330
17
100
AcDbEntity
  8
ENGRAVE
100
AcDbSpline
 70
0
 71
2
 72
6
 73
3
 74
0
 40
0.0
 40
0.0
 40
0.0
 40
1.0
 40
1.0
 40
1.0
 10
2.4364772266055823
 20
214.48646484405276
 30
0.0
 10
2.2364446745222484
 20
214.71139973988608
 30
0.0
 10
2.1989690885847484
 20
214.83639973988608
 30
0.0
  0
SPLINE
  5
1CA
330
17
100
AcDbEntity
  8
ENGRAVE
100
AcDbSpline
 70
0
 71
2
 72
6
 73
3
 74
0
 40
0.0
 40
0.0
 40
0.0
 40
1.0
 40
1.0
 40
1.0
 10
2.1364690885847484
 20
221.76144856801108
 30
0.0
 10
2.2364446745222484
 20
221.98646484405276
 30
0.0
 10
2.2364446745222484
 20
222.28643229196942
 30
0.0
  0
SPLINE
  5
1CB
330
17
100
AcDbEntity
  8
ENGRAVE
100
AcDbSpline
 70
0
 71
2
 72
6
 73
3
 74
0
 40
0.0
 40
0.0
 40
0.0
 40
1.0
 40
1.0
 40
1.0
 10
2.6614935026472484
 20
216.18641601592776
 30
0.0
 10
2.6614935026472484
 20
216.08639973988608
 30
0.0
 10
2.3739772266055823
 20
215.93641601592776
 30
0.0
  0
SPLINE
  5
1CC
330
17
100
AcDbEntity
  8
ENGRAVE
100
AcDbSpline
 70
0
 71
2
 72
6
 73
3
 74
0
 40
0.0
 40
0.0
 40
0.0
 40
1.0
 40
1.0
 40
1.0
 10
2.2364446745222484
 20
222.28643229196942
 30
0.0
 10
2.2864935026472484
 20
222.58639973988608
 30
0.0
 10
2.3990016406680823
 20
222.81141601592776
 30
0.0
  0
SPLINE
  5
1CD
330
17
100
AcDbEntity
  8
ENGRAVE
100
AcDbSpline
 70
0
 71
2
 72
6
 73
3
 74
0
 40
0.0
 40
0.0
 40
0.0
 40
1.0
 40
1.0
 40
1.0
 10
2.1864772266055823
 20
215.06141601592776
 30
0.0
 10
2.3114772266055823
 20
215.06141601592776
 30
0.0
 10
2.4114935026472484
 20
215.07390787790692
 30
0.0
  0
SPLINE
  5
1CE
330
17
100
AcDbEntity
  8
ENGRAVE
100
AcDbSpline
 70
0
 71
2
 72
6
 73
3
 74
0
 40
0.0
 40
0.0
 40
0.0
 40
1.0
 40
1.0
 40
1.0
 10
2.8739772266055823
 20
213.94894856801108
 30
0.0
 10
2.5864609505639153
 20
214.16143229196942
 30
0.0
 10
2.4364772266055823
 20
214.48646484405276
 30
0.0
  0
SPLINE
  5
1CF
330
17
100
AcDbEntity
  8
ENGRAVE
100
AcDbSpline
 70
0
 71
2
 72
6
 73
3
 74
0
 40
0.0
 40
0.0
 40
0.0
 40
1.0
 40
1.0
 40
1.0
 10
2.3990016406680823
 20
222.81141601592776
 30
0.0
 10
2.5115097786889153
 20
223.03643229196942
 30
0.0
 10
2.5115097786889153
 20
223.13644856801108
 30
0.0
  0
SPLINE
  5
1D0
330
17
100
AcDbEntity
  8
ENGRAVE
100
AcDbSpline
 70
0
 71
2
 72
6
 73
3
 74
0
 40
0.0
 40
0.0
 40
0.0
 40
1.0
 40
1.0
 40
1.0
 10
2.4114935026472484
 20
215.07390787790692
 30
0.0
 10
2.5115097786889153
 20
215.08639973988608
 30
0.0
 10
2.5364935026472484
 20
215.16143229196942
 30
0.0
  0
SPLINE
  5
1D1
330
17
100
AcDbEntity
  8
ENGRAVE
100
AcDbSpline
 70
0
 71
2
 72
6
 73
3
 74
0
 40
0.0
 40
0.0
 40
0.0
 40
1.0
 40
1.0
 40
1.0
 10
2.5364935026472484
 20
215.16143229196942
 30
0.0
 10
2.5364935026472484
 20
215.23646484405276
 30
0.0
 10
2.6239772266055823
 20
215.26144856801108
 30
0.0
  0
SPLINE
  5
1D2
330
17
100
AcDbEntity
  8
ENGRAVE
100
AcDbSpline
 70
0
 71
2
 72
6
 73
3
 74
0
 40
0.0
 40
0.0
 40
0.0
 40
1.0
 40
1.0
 40
1.0
 10
3.0114690885847484
 20
216.59893229196942
 30
0.0
 10
2.6614935026472484
 20
216.18641601592776
 30
0.0
 10
2.6614935026472484
 20
216.18641601592776
 30
0.0
  0
SPLINE
  5
1D3
330
17
100
AcDbEntity
  8
ENGRAVE
100
AcDbSpline
 70
0
 71
2
 72
6
 73
3
 74
0
 40
0.0
 40
0.0
 40
0.0
 40
1.0
 40
1.0
 40
1.0
 10
2.6239772266055823
 20
215.26144856801108
 30
0.0
 10
2.7114609505639153
 20
215.28643229196942
 30
0.0
 10
2.8114772266055823
 20
215.26144856801108
 30
0.0
  0
SPLINE
  5
1D4
330
17
100
AcDbEntity
  8
ENGRAVE
100
AcDbSpline
 70
0
 71
2
 72
6
 73
3
 74
0
 40
0.0
 40
0.0
 40
0.0
 40
1.0
 40
1.0
 40
1.0
 10
2.5115097786889153
 20
223.13644856801108
 30
0.0
 10
2.6114446745222484
 20
223.21139973988608
 30
0.0
 10
2.8114772266055823
 20
223.73642415394858
 30
0.0
  0
SPLINE
  5
1D5
330
17
100
AcDbEntity
  8
ENGRAVE
100
AcDbSpline
 70
0
 71
2
 72
6
 73
3
 74
0
 40
0.0
 40
0.0
 40
0.0
 40
1.0
 40
1.0
 40
1.0
 10
3.6614935026472484
 20
213.68641601592776
 30
0.0
 10
3.1614935026472484
 20
213.73646484405276
 30
0.0
 10
2.8739772266055823
 20
213.94894856801108
 30
0.0
  0
SPLINE
  5
1D6
330
17
100
AcDbEntity
  8
ENGRAVE
100
AcDbSpline
 70
0
 71
2
 72
6
 73
3
 74
0
 40
0.0
 40
0.0
 40
0.0
 40
1.0
 40
1.0
 40
1.0
 10
3.6614935026472484
 20
217.41143229196942
 30
0.0
 10
3.3614446745222484
 20
217.01144856801108
 30
0.0
 10
3.0114690885847484
 20
216.59893229196942
 30
0.0
  0
SPLINE
  5
1D7
330
17
100
AcDbEntity
  8
ENGRAVE
100
AcDbSpline
 70
0
 71
2
 72
6
 73
3
 74
0
 40
0.0
 40
0.0
 40
0.0
 40
1.0
 40
1.0
 40
1.0
 10
2.8114772266055823
 20
223.73642415394858
 30
0.0
 10
3.0115097786889153
 20
224.26144856801108
 30
0.0
 10
3.3114772266055823
 20
225.11146484405276
 30
0.0
  0
SPLINE
  5
1D8
330
17
100
AcDbEntity
  8
ENGRAVE
100
AcDbSpline
 70
0
 71
2
 72
6
 73
3
 74
0
 40
0.0
 40
0.0
 40
0.0
 40
1.0
 40
1.0
 40
1.0
 10
3.3114772266055823
 20
225.11146484405276
 30
0.0
 10
3.3114772266055823
 20
225.18641601592776
 30
0.0
 10
3.4864853646264153
 20
225.59893229196942
 30
0.0
  0
SPLINE
  5
1D9
330
17
100
AcDbEntity
  8
ENGRAVE
100
AcDbSpline
 70
0
 71
2
 72
6
 73
3
 74
0
 40
0.0
 40
0.0
 40
0.0
 40
1.0
 40
1.0
 40
1.0
 10
4.236444674522248
 20
213.79896484405276
 30
0.0
 10
3.8614446745222484
 20
213.73646484405276
 30
0.0
 10
3.6614935026472484
 20
213.68641601592776
 30
0.0
  0
SPLINE
  5
1DA
330
17
100
AcDbEntity
  8
ENGRAVE
100
AcDbSpline
 70
0
 71
2
 72
6
 73
3
 74
0
 40
0.0
 40
0.0
 40
0.0
 40
1.0
 40
1.0
 40
1.0
 10
4.861485364626415
 20
218.71144042999026
 30
0.0
 10
4.211460950563915
 20
218.13644856801108
 30
0.0
 10
3.6614935026472484
 20
217.41143229196942
 30
0.0
  0
SPLINE
  5
1DB
330
17
100
AcDbEntity
  8
ENGRAVE
100
AcDbSpline
 70
0
 71
2
 72
6
 73
3
 74
0
 40
0.0
 40
0.0
 40
0.0
 40
1.0
 40
1.0
 40
1.0
 10
4.274001640668082
 20
221.78643229196942
 30
0.0
 10
4.036493502647248
 20
221.06141601592776
 30
0.0
 10
3.7864935026472484
 20
220.41143229196942
 30
0.0
  0
SPLINE
  5
1DC
330
17
100
AcDbEntity
  8
ENGRAVE
100
AcDbSpline
 70
0
 71
2
 72
6
 73
3
 74
0
 40
0.0
 40
0.0
 40
0.0
 40
1.0
 40
1.0
 40
1.0
 10
3.4864853646264153
 20
225.59893229196942
 30
0.0
 10
3.6614935026472484
 20
226.01144856801108
 30
0.0
 10
3.9114935026472484
 20
226.57394856801108
 30
0.0
  0
SPLINE
  5
1DD
330
17
100
AcDbEntity
  8
ENGRAVE
100
AcDbSpline
 70
0
 71
2
 72
6
 73
3
 74
0
 40
0.0
 40
0.0
 40
0.0
 40
1.0
 40
1.0
 40
1.0
 10
2.8114772266055823
 20
215.26144856801108
 30
0.0
 10
3.2864935026472484
 20
215.23646484405276
 30
0.0
 10
3.9739935026472484
 20
215.58644042999026
 30
0.0
  0
SPLINE
  5
1DE
330
17
100
AcDbEntity
  8
ENGRAVE
100
AcDbSpline
 70
0
 71
2
 72
6
 73
3
 74
0
 40
0.0
 40
0.0
 40
0.0
 40
1.0
 40
1.0
 40
1.0
 10
4.811477226605582
 20
213.88644856801108
 30
0.0
 10
4.611444674522248
 20
213.86146484405276
 30
0.0
 10
4.236444674522248
 20
213.79896484405276
 30
0.0
  0
SPLINE
  5
1DF
330
17
100
AcDbEntity
  8
ENGRAVE
100
AcDbSpline
 70
0
 71
2
 72
6
 73
3
 74
0
 40
0.0
 40
0.0
 40
0.0
 40
1.0
 40
1.0
 40
1.0
 10
4.899001640668082
 20
223.51144856801108
 30
0.0
 10
4.511509778688915
 20
222.51144856801108
 30
0.0
 10
4.274001640668082
 20
221.78643229196942
 30
0.0
  0
SPLINE
  5
1E0
330
17
100
AcDbEntity
  8
ENGRAVE
100
AcDbSpline
 70
0
 71
2
 72
6
 73
3
 74
0
 40
0.0
 40
0.0
 40
0.0
 40
1.0
 40
1.0
 40
1.0
 10
3.9114935026472484
 20
226.57394856801108
 30
0.0
 10
4.161493502647248
 20
227.13644856801108
 30
0.0
 10
4.423985364626415
 20
227.74895670603192
 30
0.0
  0
SPLINE
  5
1E1
330
17
100
AcDbEntity
  8
ENGRAVE
100
AcDbSpline
 70
0
 71
2
 72
6
 73
3
 74
0
 40
0.0
 40
0.0
 40
0.0
 40
1.0
 40
1.0
 40
1.0
 10
5.899001640668082
 20
214.39894042999026
 30
0.0
 10
5.261509778688915
 20
214.03643229196942
 30
0.0
 10
4.811477226605582
 20
213.88644856801108
 30
0.0
  0
SPLINE
  5
1E2
330
17
100
AcDbEntity
  8
ENGRAVE
100
AcDbSpline
 70
0
 71
2
 72
6
 73
3
 74
0
 40
0.0
 40
0.0
 40
0.0
 40
1.0
 40
1.0
 40
1.0
 10
4.311477226605582
 20
220.58639973988608
 30
0.0
 10
4.561477226605582
 20
220.83639973988608
 30
0.0
 10
4.836460950563915
 20
221.06141601592776
 30
0.0
  0
SPLINE
  5
1E3
330
17
100
AcDbEntity
  8
ENGRAVE
100
AcDbSpline
 70
0
 71
2
 72
6
 73
3
 74
0
 40
0.0
 40
0.0
 40
0.0
 40
1.0
 40
1.0
 40
1.0
 10
4.423985364626415
 20
227.74895670603192
 30
0.0
 10
4.686477226605582
 20
228.36146484405276
 30
0.0
 10
4.861444674522248
 20
228.83639973988608
 30
0.0
  0
SPLINE
  5
1E4
330
17
100
AcDbEntity
  8
ENGRAVE
100
AcDbSpline
 70
0
 71
2
 72
6
 73
3
 74
0
 40
0.0
 40
0.0
 40
0.0
 40
1.0
 40
1.0
 40
1.0
 10
6.5864609505639145
 20
219.96139973988608
 30
0.0
 10
5.511509778688915
 20
219.28643229196942
 30
0.0
 10
4.861485364626415
 20
218.71144042999026
 30
0.0
  0
SPLINE
  5
1E5
330
17
100
AcDbEntity
  8
ENGRAVE
100
AcDbSpline
 70
0
 71
2
 72
6
 73
3
 74
0
 40
0.0
 40
0.0
 40
0.0
 40
1.0
 40
1.0
 40
1.0
 10
5.986444674522248
 20
226.01144856801108
 30
0.0
 10
5.286493502647248
 20
224.51144856801108
 30
0.0
 10
4.899001640668082
 20
223.51144856801108
 30
0.0
  0
SPLINE
  5
1E6
330
17
100
AcDbEntity
  8
ENGRAVE
100
AcDbSpline
 70
0
 71
2
 72
6
 73
3
 74
0
 40
0.0
 40
0.0
 40
0.0
 40
1.0
 40
1.0
 40
1.0
 10
4.861444674522248
 20
228.83639973988608
 30
0.0
 10
5.161493502647248
 20
229.26144856801108
 30
0.0
 10
5.373977226605582
 20
229.69894856801108
 30
0.0
  0
SPLINE
  5
1E7
330
17
100
AcDbEntity
  8
ENGRAVE
100
AcDbSpline
 70
0
 71
2
 72
6
 73
3
 74
0
 40
0.0
 40
0.0
 40
0.0
 40
1.0
 40
1.0
 40
1.0
 10
4.836460950563915
 20
221.06141601592776
 30
0.0
 10
5.111444674522248
 20
221.28643229196942
 30
0.0
 10
5.436477226605582
 20
221.51144856801108
 30
0.0
  0
SPLINE
  5
1E8
330
17
100
AcDbEntity
  8
ENGRAVE
100
AcDbSpline
 70
0
 71
2
 72
6
 73
3
 74
0
 40
0.0
 40
0.0
 40
0.0
 40
1.0
 40
1.0
 40
1.0
 10
3.9739935026472484
 20
215.58644042999026
 30
0.0
 10
4.661493502647248
 20
215.93641601592776
 30
0.0
 10
5.486485364626415
 20
216.57390787790692
 30
0.0
  0
SPLINE
  5
1E9
330
17
100
AcDbEntity
  8
ENGRAVE
100
AcDbSpline
 70
0
 71
2
 72
6
 73
3
 74
0
 40
0.0
 40
0.0
 40
0.0
 40
1.0
 40
1.0
 40
1.0
 10
5.373977226605582
 20
229.69894856801108
 30
0.0
 10
5.586460950563915
 20
230.13644856801108
 30
0.0
 10
5.761509778688915
 20
230.21139973988608
 30
0.0
  0
SPLINE
  5
1EA
330
17
100
AcDbEntity
  8
ENGRAVE
100
AcDbSpline
 70
0
 71
2
 72
6
 73
3
 74
0
 40
0.0
 40
0.0
 40
0.0
 40
1.0
 40
1.0
 40
1.0
 10
7.186477226605582
 20
215.22393229196942
 30
0.0
 10
6.536493502647248
 20
214.76144856801108
 30
0.0
 10
5.899001640668082
 20
214.39894042999026
 30
0.0
  0
SPLINE
  5
1EB
330
17
100
AcDbEntity
  8
ENGRAVE
100
AcDbSpline
 70
0
 71
2
 72
6
 73
3
 74
0
 40
0.0
 40
0.0
 40
0.0
 40
1.0
 40
1.0
 40
1.0
 10
5.436477226605582
 20
221.51144856801108
 30
0.0
 10
5.636509778688915
 20
221.66143229196942
 30
0.0
 10
5.973993502647248
 20
221.82394856801108
 30
0.0
  0
SPLINE
  5
1EC
330
17
100
AcDbEntity
  8
ENGRAVE
100
AcDbSpline
 70
0
 71
2
 72
6
 73
3
 74
0
 40
0.0
 40
0.0
 40
0.0
 40
1.0
 40
1.0
 40
1.0
 10
6.836501640668082
 20
227.79892415394858
 30
0.0
 10
6.536493502647248
 20
227.16143229196942
 30
0.0
 10
5.986444674522248
 20
226.01144856801108
 30
0.0
  0
SPLINE
  5
1ED
330
17
100
AcDbEntity
  8
ENGRAVE
100
AcDbSpline
 70
0
 71
2
 72
6
 73
3
 74
0
 40
0.0
 40
0.0
 40
0.0
 40
1.0
 40
1.0
 40
1.0
 10
5.761509778688915
 20
230.21139973988608
 30
0.0
 10
5.886509778688915
 20
230.23646484405276
 30
0.0
 10
6.1990097786889145
 20
230.11146484405276
 30
0.0
  0
SPLINE
  5
1EE
330
17
100
AcDbEntity
  8
ENGRAVE
100
AcDbSpline
 70
0
 71
2
 72
6
 73
3
 74
0
 40
0.0
 40
0.0
 40
0.0
 40
1.0
 40
1.0
 40
1.0
 10
7.736444674522248
 20
220.46139973988608
 30
0.0
 10
7.361444674522248
 20
220.46139973988608
 30
0.0
 10
6.5864609505639145
 20
219.96139973988608
 30
0.0
  0
SPLINE
  5
1EF
330
17
100
AcDbEntity
  8
ENGRAVE
100
AcDbSpline
 70
0
 71
2
 72
6
 73
3
 74
0
 40
0.0
 40
0.0
 40
0.0
 40
1.0
 40
1.0
 40
1.0
 10
5.973993502647248
 20
221.82394856801108
 30
0.0
 10
6.311477226605582
 20
221.98646484405276
 30
0.0
 10
6.636469088584748
 20
222.11146484405276
 30
0.0
  0
SPLINE
  5
1F0
330
17
100
AcDbEntity
  8
ENGRAVE
100
AcDbSpline
 70
0
 71
2
 72
6
 73
3
 74
0
 40
0.0
 40
0.0
 40
0.0
 40
1.0
 40
1.0
 40
1.0
 10
7.2615097786889145
 20
228.72393229196942
 30
0.0
 10
7.1365097786889145
 20
228.43641601592776
 30
0.0
 10
6.836501640668082
 20
227.79892415394858
 30
0.0
  0
SPLINE
  5
1F1
330
17
100
AcDbEntity
  8
ENGRAVE
100
AcDbSpline
 70
0
 71
2
 72
6
 73
3
 74
0
 40
0.0
 40
0.0
 40
0.0
 40
1.0
 40
1.0
 40
1.0
 10
6.1990097786889145
 20
230.11146484405276
 30
0.0
 10
6.5115097786889145
 20
229.98646484405276
 30
0.0
 10
6.836501640668082
 20
229.78643229196942
 30
0.0
  0
SPLINE
  5
1F2
330
17
100
AcDbEntity
  8
ENGRAVE
100
AcDbSpline
 70
0
 71
2
 72
6
 73
3
 74
0
 40
0.0
 40
0.0
 40
0.0
 40
1.0
 40
1.0
 40
1.0
 10
6.636469088584748
 20
222.11146484405276
 30
0.0
 10
6.9614609505639145
 20
222.23646484405276
 30
0.0
 10
7.111444674522248
 20
222.26144856801108
 30
0.0
  0
SPLINE
  5
1F3
330
17
100
AcDbEntity
  8
ENGRAVE
100
AcDbSpline
 70
0
 71
2
 72
6
 73
3
 74
0
 40
0.0
 40
0.0
 40
0.0
 40
1.0
 40
1.0
 40
1.0
 10
5.486485364626415
 20
216.57390787790692
 30
0.0
 10
6.311477226605582
 20
217.21139973988608
 30
0.0
 10
7.1365097786889145
 20
217.96139973988608
 30
0.0
  0
SPLINE
  5
1F4
330
17
100
AcDbEntity
  8
ENGRAVE
100
AcDbSpline
 70
0
 71
2
 72
6
 73
3
 74
0
 40
0.0
 40
0.0
 40
0.0
 40
1.0
 40
1.0
 40
1.0
 10
8.286493502647248
 20
216.16143229196942
 30
0.0
 10
7.8364609505639145
 20
215.68641601592776
 30
0.0
 10
7.186477226605582
 20
215.22393229196942
 30
0.0
  0
SPLINE
  5
1F5
330
17
100
AcDbEntity
  8
ENGRAVE
100
AcDbSpline
 70
0
 71
2
 72
6
 73
3
 74
0
 40
0.0
 40
0.0
 40
0.0
 40
1.0
 40
1.0
 40
1.0
 10
7.373977226605582
 20
229.13644856801108
 30
0.0
 10
7.3865097786889145
 20
229.01144856801108
 30
0.0
 10
7.2615097786889145
 20
228.72393229196942
 30
0.0
  0
SPLINE
  5
1F6
330
17
100
AcDbEntity
  8
ENGRAVE
100
AcDbSpline
 70
0
 71
2
 72
6
 73
3
 74
0
 40
0.0
 40
0.0
 40
0.0
 40
1.0
 40
1.0
 40
1.0
 10
6.836501640668082
 20
229.78643229196942
 30
0.0
 10
7.161493502647248
 20
229.58639973988608
 30
0.0
 10
7.286493502647248
 20
229.38644856801108
 30
0.0
  0
SPLINE
  5
1F7
330
17
100
AcDbEntity
  8
ENGRAVE
100
AcDbSpline
 70
0
 71
2
 72
6
 73
3
 74
0
 40
0.0
 40
0.0
 40
0.0
 40
1.0
 40
1.0
 40
1.0
 10
7.286493502647248
 20
229.38644856801108
 30
0.0
 10
7.361444674522248
 20
229.26144856801108
 30
0.0
 10
7.373977226605582
 20
229.13644856801108
 30
0.0
  0
SPLINE
  5
1F8
330
17
100
AcDbEntity
  8
ENGRAVE
100
AcDbSpline
 70
0
 71
2
 72
6
 73
3
 74
0
 40
0.0
 40
0.0
 40
0.0
 40
1.0
 40
1.0
 40
1.0
 10
7.111444674522248
 20
222.26144856801108
 30
0.0
 10
7.186477226605582
 20
222.28643229196942
 30
0.0
 10
7.623977226605582
 20
222.37391601592776
 30
0.0
  0
SPLINE
  5
1F9
330
17
100
AcDbEntity
  8
ENGRAVE
100
AcDbSpline
 70
0
 71
2
 72
6
 73
3
 74
0
 40
0.0
 40
0.0
 40
0.0
 40
1.0
 40
1.0
 40
1.0
 10
8.211460950563914
 20
220.26144856801108
 30
0.0
 10
8.111444674522248
 20
220.46139973988608
 30
0.0
 10
7.736444674522248
 20
220.46139973988608
 30
0.0
  0
SPLINE
  5
1FA
330
17
100
AcDbEntity
  8
ENGRAVE
100
AcDbSpline
 70
0
 71
2
 72
6
 73
3
 74
0
 40
0.0
 40
0.0
 40
0.0
 40
1.0
 40
1.0
 40
1.0
 10
7.1365097786889145
 20
217.96139973988608
 30
0.0
 10
7.786493502647248
 20
218.81141601592776
 30
0.0
 10
8.048985364626414
 20
219.21144042999026
 30
0.0
  0
SPLINE
  5
1FB
330
17
100
AcDbEntity
  8
ENGRAVE
100
AcDbSpline
 70
0
 71
2
 72
6
 73
3
 74
0
 40
0.0
 40
0.0
 40
0.0
 40
1.0
 40
1.0
 40
1.0
 10
8.323969088584748
 20
219.82394856801108
 30
0.0
 10
8.336460950563914
 20
220.03643229196942
 30
0.0
 10
8.211460950563914
 20
220.26144856801108
 30
0.0
  0
SPLINE
  5
1FC
330
17
100
AcDbEntity
  8
ENGRAVE
100
AcDbSpline
 70
0
 71
2
 72
6
 73
3
 74
0
 40
0.0
 40
0.0
 40
0.0
 40
1.0
 40
1.0
 40
1.0
 10
9.136469088584748
 20
217.17392415394858
 30
0.0
 10
8.711460950563914
 20
216.63644856801108
 30
0.0
 10
8.286493502647248
 20
216.16143229196942
 30
0.0
  0
SPLINE
  5
1FD
330
17
100
AcDbEntity
  8
ENGRAVE
100
AcDbSpline
 70
0
 71
2
 72
6
 73
3
 74
0
 40
0.0
 40
0.0
 40
0.0
 40
1.0
 40
1.0
 40
1.0
 10
8.048985364626414
 20
219.21144042999026
 30
0.0
 10
8.311477226605582
 20
219.61146484405276
 30
0.0
 10
8.323969088584748
 20
219.82394856801108
 30
0.0
  0
SPLINE
  5
1FE
330
17
100
AcDbEntity
  8
ENGRAVE
100
AcDbSpline
 70
0
 71
2
 72
6
 73
3
 74
0
 40
0.0
 40
0.0
 40
0.0
 40
1.0
 40
1.0
 40
1.0
 10
7.623977226605582
 20
222.37391601592776
 30
0.0
 10
8.061477226605582
 20
222.46139973988608
 30
0.0
 10
8.486444674522248
 20
222.46139973988608
 30
0.0
  0
SPLINE
  5
1FF
330
17
100
AcDbEntity
  8
ENGRAVE
100
AcDbSpline
 70
0
 71
2
 72
6
 73
3
 74
0
 40
0.0
 40
0.0
 40
0.0
 40
1.0
 40
1.0
 40
1.0
 10
9.586460950563914
 20
217.88644856801108
 30
0.0
 10
9.561477226605582
 20
217.71139973988608
 30
0.0
 10
9.136469088584748
 20
217.17392415394858
 30
0.0
  0
SPLINE
  5
200
330
17
100
AcDbEntity
  8
ENGRAVE
100
AcDbSpline
 70
0
 71
2
 72
6
 73
3
 74
0
 40
0.0
 40
0.0
 40
0.0
 40
1.0
 40
1.0
 40
1.0
 10
8.486444674522248
 20
222.46139973988608
 30
0.0
 10
9.036493502647248
 20
222.46139973988608
 30
0.0
 10
9.448969088584748
 20
222.07390787790692
 30
0.0
  0
SPLINE
  5
201
330
17
100
AcDbEntity
  8
ENGRAVE
100
AcDbSpline
 70
0
 71
2
 72
6
 73
3
 74
0
 40
0.0
 40
0.0
 40
0.0
 40
1.0
 40
1.0
 40
1.0
 10
9.711460950563914
 20
218.14894042999026
 30
0.0
 10
9.586460950563914
 20
217.98646484405276
 30
0.0
 10
9.586460950563914
 20
217.88644856801108
 30
0.0
  0
SPLINE
  5
202
330
17
100
AcDbEntity
  8
ENGRAVE
100
AcDbSpline
 70
0
 71
2
 72
6
 73
3
 74
0
 40
0.0
 40
0.0
 40
0.0
 40
1.0
 40
1.0
 40
1.0
 10
9.961460950563914
 20
218.41143229196942
 30
0.0
 10
9.836460950563914
 20
218.31141601592776
 30
0.0
 10
9.711460950563914
 20
218.14894042999026
 30
0.0
  0
SPLINE
  5
203
330
17
100
AcDbEntity
  8
ENGRAVE
100
AcDbSpline
 70
0
 71
2
 72
6
 73
3
 74
0
 40
0.0
 40
0.0
 40
0.0
 40
1.0
 40
1.0
 40
1.0
 10
10.386469088584748
 20
219.79896484405276
 30
0.0
 10
10.311477226605582
 20
218.98646484405276
 30
0.0
 10
9.961460950563914
 20
218.41143229196942
 30
0.0
  0
SPLINE
  5
204
330
17
100
AcDbEntity
  8
ENGRAVE
100
AcDbSpline
 70
0
 71
2
 72
6
 73
3
 74
0
 40
0.0
 40
0.0
 40
0.0
 40
1.0
 40
1.0
 40
1.0
 10
9.448969088584748
 20
222.07390787790692
 30
0.0
 10
9.861444674522248
 20
221.68641601592776
 30
0.0
 10
10.186477226605582
 20
221.13644856801108
 30
0.0
  0
SPLINE
  5
205
330
17
100
AcDbEntity
  8
ENGRAVE
100
AcDbSpline
 70
0
 71
2
 72
6
 73
3
 74
0
 40
0.0
 40
0.0
 40
0.0
 40
1.0
 40
1.0
 40
1.0
 10
10.186477226605582
 20
221.13644856801108
 30
0.0
 10
10.461460950563914
 20
220.61146484405276
 30
0.0
 10
10.386469088584748
 20
219.79896484405276
 30
0.0
  0
SPLINE
  5
206
330
17
100
AcDbEntity
  8
ENGRAVE
100
AcDbSpline
 70
0
 71
2
 72
6
 73
3
 74
0
 40
0.0
 40
0.0
 40
0.0
 40
1.0
 40
1.0
 40
1.0
 10
11.336460950563914
 20
216.83639973988608
 30
0.0
 10
11.211460950563914
 20
216.96139973988608
 30
0.0
 10
11.261469088584748
 20
216.99891601592776
 30
0.0
  0
SPLINE
  5
207
330
17
100
AcDbEntity
  8
ENGRAVE
100
AcDbSpline
 70
0
 71
2
 72
6
 73
3
 74
0
 40
0.0
 40
0.0
 40
0.0
 40
1.0
 40
1.0
 40
1.0
 10
11.498977226605582
 20
215.26140787790692
 30
0.0
 10
11.211460950563914
 20
215.83639973988608
 30
0.0
 10
11.286493502647248
 20
216.26144856801108
 30
0.0
  0
SPLINE
  5
208
330
17
100
AcDbEntity
  8
ENGRAVE
100
AcDbSpline
 70
0
 71
2
 72
6
 73
3
 74
0
 40
0.0
 40
0.0
 40
0.0
 40
1.0
 40
1.0
 40
1.0
 10
11.348993502647248
 20
216.64889973988608
 30
0.0
 10
11.336460950563914
 20
216.83639973988608
 30
0.0
 10
11.336460950563914
 20
216.83639973988608
 30
0.0
  0
SPLINE
  5
209
330
17
100
AcDbEntity
  8
ENGRAVE
100
AcDbSpline
 70
0
 71
2
 72
6
 73
3
 74
0
 40
0.0
 40
0.0
 40
0.0
 40
1.0
 40
1.0
 40
1.0
 10
11.286493502647248
 20
216.26144856801108
 30
0.0
 10
11.361526054730582
 20
216.46139973988608
 30
0.0
 10
11.348993502647248
 20
216.64889973988608
 30
0.0
  0
SPLINE
  5
20A
330
17
100
AcDbEntity
  8
ENGRAVE
100
AcDbSpline
 70
0
 71
2
 72
6
 73
3
 74
0
 40
0.0
 40
0.0
 40
0.0
 40
1.0
 40
1.0
 40
1.0
 10
11.261469088584748
 20
216.99891601592776
 30
0.0
 10
11.311477226605582
 20
217.03643229196942
 30
0.0
 10
11.361526054730582
 20
217.13644856801108
 30
0.0
  0
SPLINE
  5
20B
330
17
100
AcDbEntity
  8
ENGRAVE
100
AcDbSpline
 70
0
 71
2
 72
6
 73
3
 74
0
 40
0.0
 40
0.0
 40
0.0
 40
1.0
 40
1.0
 40
1.0
 10
11.361526054730582
 20
217.13644856801108
 30
0.0
 10
11.511509778688914
 20
217.13644856801108
 30
0.0
 10
11.461460950563914
 20
217.41143229196942
 30
0.0
  0
SPLINE
  5
20C
330
17
100
AcDbEntity
  8
ENGRAVE
100
AcDbSpline
 70
0
 71
2
 72
6
 73
3
 74
0
 40
0.0
 40
0.0
 40
0.0
 40
1.0
 40
1.0
 40
1.0
 10
12.261509778688914
 20
214.18641601592776
 30
0.0
 10
11.786493502647248
 20
214.68641601592776
 30
0.0
 10
11.498977226605582
 20
215.26140787790692
 30
0.0
  0
SPLINE
  5
20D
330
17
100
AcDbEntity
  8
ENGRAVE
100
AcDbSpline
 70
0
 71
2
 72
6
 73
3
 74
0
 40
0.0
 40
0.0
 40
0.0
 40
1.0
 40
1.0
 40
1.0
 10
11.461460950563914
 20
217.41143229196942
 30
0.0
 10
11.411493502647248
 20
217.61146484405276
 30
0.0
 10
11.623977226605582
 20
218.27394042999026
 30
0.0
  0
SPLINE
  5
20E
330
17
100
AcDbEntity
  8
ENGRAVE
100
AcDbSpline
 70
0
 71
2
 72
6
 73
3
 74
0
 40
0.0
 40
0.0
 40
0.0
 40
1.0
 40
1.0
 40
1.0
 10
11.623977226605582
 20
218.27394042999026
 30
0.0
 10
11.836460950563914
 20
218.93641601592776
 30
0.0
 10
12.211460950563914
 20
219.53643229196942
 30
0.0
  0
SPLINE
  5
20F
330
17
100
AcDbEntity
  8
ENGRAVE
100
AcDbSpline
 70
0
 71
2
 72
6
 73
3
 74
0
 40
0.0
 40
0.0
 40
0.0
 40
1.0
 40
1.0
 40
1.0
 10
12.723993502647248
 20
213.83639973988608
 30
0.0
 10
12.536493502647248
 20
213.96139973988608
 30
0.0
 10
12.261509778688914
 20
214.18641601592776
 30
0.0
  0
SPLINE
  5
210
330
17
100
AcDbEntity
  8
ENGRAVE
100
AcDbSpline
 70
0
 71
2
 72
6
 73
3
 74
0
 40
0.0
 40
0.0
 40
0.0
 40
1.0
 40
1.0
 40
1.0
 10
12.211460950563914
 20
219.53643229196942
 30
0.0
 10
12.361526054730582
 20
219.78643229196942
 30
0.0
 10
12.661493502647248
 20
220.19894856801108
 30
0.0
  0
SPLINE
  5
211
330
17
100
AcDbEntity
  8
ENGRAVE
100
AcDbSpline
 70
0
 71
2
 72
6
 73
3
 74
0
 40
0.0
 40
0.0
 40
0.0
 40
1.0
 40
1.0
 40
1.0
 10
13.236526054730582
 20
213.71139973988608
 30
0.0
 10
12.911493502647248
 20
213.71139973988608
 30
0.0
 10
12.723993502647248
 20
213.83639973988608
 30
0.0
  0
SPLINE
  5
212
330
17
100
AcDbEntity
  8
ENGRAVE
100
AcDbSpline
 70
0
 71
2
 72
6
 73
3
 74
0
 40
0.0
 40
0.0
 40
0.0
 40
1.0
 40
1.0
 40
1.0
 10
14.411493502647248
 20
213.83644042999026
 30
0.0
 10
13.811477226605582
 20
213.76144856801108
 30
0.0
 10
13.236526054730582
 20
213.71139973988608
 30
0.0
  0
SPLINE
  5
213
330
17
100
AcDbEntity
  8
ENGRAVE
100
AcDbSpline
 70
0
 71
2
 72
6
 73
3
 74
0
 40
0.0
 40
0.0
 40
0.0
 40
1.0
 40
1.0
 40
1.0
 10
12.661493502647248
 20
220.19894856801108
 30
0.0
 10
12.961460950563914
 20
220.61146484405276
 30
0.0
 10
13.323969088584748
 20
221.02394042999026
 30
0.0
  0
SPLINE
  5
214
330
17
100
AcDbEntity
  8
ENGRAVE
100
AcDbSpline
 70
0
 71
2
 72
6
 73
3
 74
0
 40
0.0
 40
0.0
 40
0.0
 40
1.0
 40
1.0
 40
1.0
 10
14.649001640668082
 20
219.04896484405276
 30
0.0
 10
14.011509778688914
 20
218.23646484405276
 30
0.0
 10
13.761509778688914
 20
217.06141601592776
 30
0.0
  0
SPLINE
  5
215
330
17
100
AcDbEntity
  8
ENGRAVE
100
AcDbSpline
 70
0
 71
2
 72
6
 73
3
 74
0
 40
0.0
 40
0.0
 40
0.0
 40
1.0
 40
1.0
 40
1.0
 10
13.323969088584748
 20
221.02394042999026
 30
0.0
 10
13.686477226605582
 20
221.43641601592776
 30
0.0
 10
13.986526054730582
 20
221.68641601592776
 30
0.0
  0
SPLINE
  5
216
330
17
100
AcDbEntity
  8
ENGRAVE
100
AcDbSpline
 70
0
 71
2
 72
6
 73
3
 74
0
 40
0.0
 40
0.0
 40
0.0
 40
1.0
 40
1.0
 40
1.0
 10
13.761509778688914
 20
217.06141601592776
 30
0.0
 10
13.661493502647248
 20
216.13644856801108
 30
0.0
 10
14.186477226605582
 20
215.93645670603192
 30
0.0
  0
SPLINE
  5
217
330
17
100
AcDbEntity
  8
ENGRAVE
100
AcDbSpline
 70
0
 71
2
 72
6
 73
3
 74
0
 40
0.0
 40
0.0
 40
0.0
 40
1.0
 40
1.0
 40
1.0
 10
15.536493502647248
 20
214.26144856801108
 30
0.0
 10
15.011509778688914
 20
213.91143229196942
 30
0.0
 10
14.411493502647248
 20
213.83644042999026
 30
0.0
  0
SPLINE
  5
218
330
17
100
AcDbEntity
  8
ENGRAVE
100
AcDbSpline
 70
0
 71
2
 72
6
 73
3
 74
0
 40
0.0
 40
0.0
 40
0.0
 40
1.0
 40
1.0
 40
1.0
 10
16.036493502647247
 20
220.48646484405276
 30
0.0
 10
15.286493502647248
 20
219.86146484405276
 30
0.0
 10
14.649001640668082
 20
219.04896484405276
 30
0.0
  0
SPLINE
  5
219
330
17
100
AcDbEntity
  8
ENGRAVE
100
AcDbSpline
 70
0
 71
2
 72
6
 73
3
 74
0
 40
0.0
 40
0.0
 40
0.0
 40
1.0
 40
1.0
 40
1.0
 10
13.986526054730582
 20
221.68641601592776
 30
0.0
 10
14.611526054730582
 20
222.21139973988608
 30
0.0
 10
15.149001640668082
 20
222.53643229196942
 30
0.0
  0
SPLINE
  5
21A
330
17
100
AcDbEntity
  8
ENGRAVE
100
AcDbSpline
 70
0
 71
2
 72
6
 73
3
 74
0
 40
0.0
 40
0.0
 40
0.0
 40
1.0
 40
1.0
 40
1.0
 10
16.861485364626414
 20
215.18641601592776
 30
0.0
 10
16.261509778688914
 20
214.68641601592776
 30
0.0
 10
15.536493502647248
 20
214.26144856801108
 30
0.0
  0
SPLINE
  5
21B
330
17
100
AcDbEntity
  8
ENGRAVE
100
AcDbSpline
 70
0
 71
2
 72
6
 73
3
 74
0
 40
0.0
 40
0.0
 40
0.0
 40
1.0
 40
1.0
 40
1.0
 10
14.186477226605582
 20
215.93645670603192
 30
0.0
 10
14.711460950563914
 20
215.73646484405276
 30
0.0
 10
15.786493502647248
 20
216.76144856801108
 30
0.0
  0
SPLINE
  5
21C
330
17
100
AcDbEntity
  8
ENGRAVE
100
AcDbSpline
 70
0
 71
2
 72
6
 73
3
 74
0
 40
0.0
 40
0.0
 40
0.0
 40
1.0
 40
1.0
 40
1.0
 10
16.611485364626414
 20
220.82394856801108
 30
0.0
 10
16.386509778688914
 20
220.73646484405276
 30
0.0
 10
16.036493502647247
 20
220.48646484405276
 30
0.0
  0
SPLINE
  5
21D
330
17
100
AcDbEntity
  8
ENGRAVE
100
AcDbSpline
 70
0
 71
2
 72
6
 73
3
 74
0
 40
0.0
 40
0.0
 40
0.0
 40
1.0
 40
1.0
 40
1.0
 10
15.149001640668082
 20
222.53643229196942
 30
0.0
 10
15.686477226605582
 20
222.86146484405276
 30
0.0
 10
16.236526054730582
 20
222.98646484405276
 30
0.0
  0
SPLINE
  5
21E
330
17
100
AcDbEntity
  8
ENGRAVE
100
AcDbSpline
 70
0
 71
2
 72
6
 73
3
 74
0
 40
0.0
 40
0.0
 40
0.0
 40
1.0
 40
1.0
 40
1.0
 10
15.786493502647248
 20
216.76144856801108
 30
0.0
 10
16.336460950563914
 20
217.23646484405276
 30
0.0
 10
16.573969088584747
 20
217.81145670603192
 30
0.0
  0
SPLINE
  5
21F
330
17
100
AcDbEntity
  8
ENGRAVE
100
AcDbSpline
 70
0
 71
2
 72
6
 73
3
 74
0
 40
0.0
 40
0.0
 40
0.0
 40
1.0
 40
1.0
 40
1.0
 10
17.061477226605582
 20
220.73646484405276
 30
0.0
 10
16.836460950563914
 20
220.91143229196942
 30
0.0
 10
16.611485364626414
 20
220.82394856801108
 30
0.0
  0
SPLINE
  5
220
330
17
100
AcDbEntity
  8
ENGRAVE
100
AcDbSpline
 70
0
 71
2
 72
6
 73
3
 74
0
 40
0.0
 40
0.0
 40
0.0
 40
1.0
 40
1.0
 40
1.0
 10
18.086460950563914
 20
216.58639973988608
 30
0.0
 10
17.461460950563914
 20
215.68641601592776
 30
0.0
 10
16.861485364626414
 20
215.18641601592776
 30
0.0
  0
SPLINE
  5
221
330
17
100
AcDbEntity
  8
ENGRAVE
100
AcDbSpline
 70
0
 71
2
 72
6
 73
3
 74
0
 40
0.0
 40
0.0
 40
0.0
 40
1.0
 40
1.0
 40
1.0
 10
17.236485364626414
 20
220.34893229196942
 30
0.0
 10
17.211460950563914
 20
220.68641601592776
 30
0.0
 10
17.061477226605582
 20
220.73646484405276
 30
0.0
  0
SPLINE
  5
222
330
17
100
AcDbEntity
  8
ENGRAVE
100
AcDbSpline
 70
0
 71
2
 72
6
 73
3
 74
0
 40
0.0
 40
0.0
 40
0.0
 40
1.0
 40
1.0
 40
1.0
 10
16.573969088584747
 20
217.81145670603192
 30
0.0
 10
16.811477226605582
 20
218.38644856801108
 30
0.0
 10
17.086460950563914
 20
219.16143229196942
 30
0.0
  0
SPLINE
  5
223
330
17
100
AcDbEntity
  8
ENGRAVE
100
AcDbSpline
 70
0
 71
2
 72
6
 73
3
 74
0
 40
0.0
 40
0.0
 40
0.0
 40
1.0
 40
1.0
 40
1.0
 10
17.086460950563914
 20
219.16143229196942
 30
0.0
 10
17.186477226605582
 20
219.31141601592776
 30
0.0
 10
17.223993502647247
 20
219.66143229196942
 30
0.0
  0
SPLINE
  5
224
330
17
100
AcDbEntity
  8
ENGRAVE
100
AcDbSpline
 70
0
 71
2
 72
6
 73
3
 74
0
 40
0.0
 40
0.0
 40
0.0
 40
1.0
 40
1.0
 40
1.0
 10
17.223993502647247
 20
219.66143229196942
 30
0.0
 10
17.261509778688914
 20
220.01144856801108
 30
0.0
 10
17.236485364626414
 20
220.34893229196942
 30
0.0
  0
SPLINE
  5
225
330
17
100
AcDbEntity
  8
ENGRAVE
100
AcDbSpline
 70
0
 71
2
 72
6
 73
3
 74
0
 40
0.0
 40
0.0
 40
0.0
 40
1.0
 40
1.0
 40
1.0
 10
16.236526054730582
 20
222.98646484405276
 30
0.0
 10
16.786493502647247
 20
223.11146484405276
 30
0.0
 10
17.373977226605582
 20
223.11146484405276
 30
0.0
  0
SPLINE
  5
226
330
17
100
AcDbEntity
  8
ENGRAVE
100
AcDbSpline
 70
0
 71
2
 72
6
 73
3
 74
0
 40
0.0
 40
0.0
 40
0.0
 40
1.0
 40
1.0
 40
1.0
 10
19.311477226605582
 20
219.09893229196942
 30
0.0
 10
19.086460950563914
 20
218.01144856801108
 30
0.0
 10
18.086460950563914
 20
216.58639973988608
 30
0.0
  0
SPLINE
  5
227
330
17
100
AcDbEntity
  8
ENGRAVE
100
AcDbSpline
 70
0
 71
2
 72
6
 73
3
 74
0
 40
0.0
 40
0.0
 40
0.0
 40
1.0
 40
1.0
 40
1.0
 10
17.373977226605582
 20
223.11146484405276
 30
0.0
 10
17.961460950563914
 20
223.11146484405276
 30
0.0
 10
18.336460950563914
 20
222.71139973988608
 30
0.0
  0
SPLINE
  5
228
330
17
100
AcDbEntity
  8
ENGRAVE
100
AcDbSpline
 70
0
 71
2
 72
6
 73
3
 74
0
 40
0.0
 40
0.0
 40
0.0
 40
1.0
 40
1.0
 40
1.0
 10
18.336460950563914
 20
222.71139973988608
 30
0.0
 10
18.911493502647247
 20
222.46139973988608
 30
0.0
 10
19.149001640668082
 20
222.03643229196942
 30
0.0
  0
SPLINE
  5
229
330
17
100
AcDbEntity
  8
ENGRAVE
100
AcDbSpline
 70
0
 71
2
 72
6
 73
3
 74
0
 40
0.0
 40
0.0
 40
0.0
 40
1.0
 40
1.0
 40
1.0
 10
19.461460950563914
 20
220.93641601592776
 30
0.0
 10
19.536493502647247
 20
220.18641601592776
 30
0.0
 10
19.311477226605582
 20
219.09893229196942
 30
0.0
  0
SPLINE
  5
22A
330
17
100
AcDbEntity
  8
ENGRAVE
100
AcDbSpline
 70
0
 71
2
 72
6
 73
3
 74
0
 40
0.0
 40
0.0
 40
0.0
 40
1.0
 40
1.0
 40
1.0
 10
19.149001640668082
 20
222.03643229196942
 30
0.0
 10
19.386509778688914
 20
221.61146484405276
 30
0.0
 10
19.461460950563914
 20
220.93641601592776
 30
0.0
  0
SPLINE
  5
22B
330
17
100
AcDbEntity
  8
ENGRAVE
100
AcDbSpline
 70
0
 71
2
 72
6
 73
3
 74
0
 40
0.0
 40
0.0
 40
0.0
 40
1.0
 40
1.0
 40
1.0
 10
20.386428398480582
 20
216.83639973988608
 30
0.0
 10
20.261428398480582
 20
216.96139973988608
 30
0.0
 10
20.311436536501414
 20
216.99891601592776
 30
0.0
  0
SPLINE
  5
22C
330
17
100
AcDbEntity
  8
ENGRAVE
100
AcDbSpline
 70
0
 71
2
 72
6
 73
3
 74
0
 40
0.0
 40
0.0
 40
0.0
 40
1.0
 40
1.0
 40
1.0
 10
20.548944674522247
 20
215.26140787790692
 30
0.0
 10
20.261428398480582
 20
215.83639973988608
 30
0.0
 10
20.336460950563914
 20
216.26144856801108
 30
0.0
  0
SPLINE
  5
22D
330
17
100
AcDbEntity
  8
ENGRAVE
100
AcDbSpline
 70
0
 71
2
 72
6
 73
3
 74
0
 40
0.0
 40
0.0
 40
0.0
 40
1.0
 40
1.0
 40
1.0
 10
20.398960950563914
 20
216.64889973988608
 30
0.0
 10
20.386428398480582
 20
216.83639973988608
 30
0.0
 10
20.386428398480582
 20
216.83639973988608
 30
0.0
  0
SPLINE
  5
22E
330
17
100
AcDbEntity
  8
ENGRAVE
100
AcDbSpline
 70
0
 71
2
 72
6
 73
3
 74
0
 40
0.0
 40
0.0
 40
0.0
 40
1.0
 40
1.0
 40
1.0
 10
20.336460950563914
 20
216.26144856801108
 30
0.0
 10
20.411493502647247
 20
216.46139973988608
 30
0.0
 10
20.398960950563914
 20
216.64889973988608
 30
0.0
  0
SPLINE
  5
22F
330
17
100
AcDbEntity
  8
ENGRAVE
100
AcDbSpline
 70
0
 71
2
 72
6
 73
3
 74
0
 40
0.0
 40
0.0
 40
0.0
 40
1.0
 40
1.0
 40
1.0
 10
20.311436536501414
 20
216.99891601592776
 30
0.0
 10
20.361444674522247
 20
217.03643229196942
 30
0.0
 10
20.411493502647247
 20
217.13644856801108
 30
0.0
  0
SPLINE
  5
230
330
17
100
AcDbEntity
  8
ENGRAVE
100
AcDbSpline
 70
0
 71
2
 72
6
 73
3
 74
0
 40
0.0
 40
0.0
 40
0.0
 40
1.0
 40
1.0
 40
1.0
 10
20.411493502647247
 20
217.13644856801108
 30
0.0
 10
20.561477226605582
 20
217.13644856801108
 30
0.0
 10
20.511428398480582
 20
217.41143229196942
 30
0.0
  0
SPLINE
  5
231
330
17
100
AcDbEntity
  8
ENGRAVE
100
AcDbSpline
 70
0
 71
2
 72
6
 73
3
 74
0
 40
0.0
 40
0.0
 40
0.0
 40
1.0
 40
1.0
 40
1.0
 10
21.311477226605582
 20
214.18641601592776
 30
0.0
 10
20.836460950563914
 20
214.68641601592776
 30
0.0
 10
20.548944674522247
 20
215.26140787790692
 30
0.0
  0
SPLINE
  5
232
330
17
100
AcDbEntity
  8
ENGRAVE
100
AcDbSpline
 70
0
 71
2
 72
6
 73
3
 74
0
 40
0.0
 40
0.0
 40
0.0
 40
1.0
 40
1.0
 40
1.0
 10
20.511428398480582
 20
217.41143229196942
 30
0.0
 10
20.461460950563914
 20
217.61146484405276
 30
0.0
 10
20.673944674522247
 20
218.27394042999026
 30
0.0
  0
SPLINE
  5
233
330
17
100
AcDbEntity
  8
ENGRAVE
100
AcDbSpline
 70
0
 71
2
 72
6
 73
3
 74
0
 40
0.0
 40
0.0
 40
0.0
 40
1.0
 40
1.0
 40
1.0
 10
20.673944674522247
 20
218.27394042999026
 30
0.0
 10
20.886428398480582
 20
218.93641601592776
 30
0.0
 10
21.261428398480582
 20
219.53643229196942
 30
0.0
  0
SPLINE
  5
234
330
17
100
AcDbEntity
  8
ENGRAVE
100
AcDbSpline
 70
0
 71
2
 72
6
 73
3
 74
0
 40
0.0
 40
0.0
 40
0.0
 40
1.0
 40
1.0
 40
1.0
 10
21.773960950563914
 20
213.83639973988608
 30
0.0
 10
21.586460950563914
 20
213.96139973988608
 30
0.0
 10
21.311477226605582
 20
214.18641601592776
 30
0.0
  0
SPLINE
  5
235
330
17
100
AcDbEntity
  8
ENGRAVE
100
AcDbSpline
 70
0
 71
2
 72
6
 73
3
 74
0
 40
0.0
 40
0.0
 40
0.0
 40
1.0
 40
1.0
 40
1.0
 10
21.261428398480582
 20
219.53643229196942
 30
0.0
 10
21.411493502647247
 20
219.78643229196942
 30
0.0
 10
21.711460950563914
 20
220.19894856801108
 30
0.0
  0
SPLINE
  5
236
330
17
100
AcDbEntity
  8
ENGRAVE
100
AcDbSpline
 70
0
 71
2
 72
6
 73
3
 74
0
 40
0.0
 40
0.0
 40
0.0
 40
1.0
 40
1.0
 40
1.0
 10
22.286493502647247
 20
213.71139973988608
 30
0.0
 10
21.961460950563914
 20
213.71139973988608
 30
0.0
 10
21.773960950563914
 20
213.83639973988608
 30
0.0
  0
SPLINE
  5
237
330
17
100
AcDbEntity
  8
ENGRAVE
100
AcDbSpline
 70
0
 71
2
 72
6
 73
3
 74
0
 40
0.0
 40
0.0
 40
0.0
 40
1.0
 40
1.0
 40
1.0
 10
23.461460950563914
 20
213.83644042999026
 30
0.0
 10
22.861444674522247
 20
213.76144856801108
 30
0.0
 10
22.286493502647247
 20
213.71139973988608
 30
0.0
  0
SPLINE
  5
238
330
17
100
AcDbEntity
  8
ENGRAVE
100
AcDbSpline
 70
0
 71
2
 72
6
 73
3
 74
0
 40
0.0
 40
0.0
 40
0.0
 40
1.0
 40
1.0
 40
1.0
 10
21.711460950563914
 20
220.19894856801108
 30
0.0
 10
22.011428398480582
 20
220.61146484405276
 30
0.0
 10
22.373936536501414
 20
221.02394042999026
 30
0.0
  0
SPLINE
  5
239
330
17
100
AcDbEntity
  8
ENGRAVE
100
AcDbSpline
 70
0
 71
2
 72
6
 73
3
 74
0
 40
0.0
 40
0.0
 40
0.0
 40
1.0
 40
1.0
 40
1.0
 10
23.698969088584747
 20
219.04896484405276
 30
0.0
 10
23.061477226605582
 20
218.23646484405276
 30
0.0
 10
22.811477226605582
 20
217.06141601592776
 30
0.0
  0
SPLINE
  5
23A
330
17
100
AcDbEntity
  8
ENGRAVE
100
AcDbSpline
 70
0
 71
2
 72
6
 73
3
 74
0
 40
0.0
 40
0.0
 40
0.0
 40
1.0
 40
1.0
 40
1.0
 10
22.373936536501414
 20
221.02394042999026
 30
0.0
 10
22.736444674522247
 20
221.43641601592776
 30
0.0
 10
23.036493502647247
 20
221.68641601592776
 30
0.0
  0
SPLINE
  5
23B
330
17
100
AcDbEntity
  8
ENGRAVE
100
AcDbSpline
 70
0
 71
2
 72
6
 73
3
 74
0
 40
0.0
 40
0.0
 40
0.0
 40
1.0
 40
1.0
 40
1.0
 10
22.811477226605582
 20
217.06141601592776
 30
0.0
 10
22.711460950563914
 20
216.13644856801108
 30
0.0
 10
23.236444674522247
 20
215.93645670603192
 30
0.0
  0
SPLINE
  5
23C
330
17
100
AcDbEntity
  8
ENGRAVE
100
AcDbSpline
 70
0
 71
2
 72
6
 73
3
 74
0
 40
0.0
 40
0.0
 40
0.0
 40
1.0
 40
1.0
 40
1.0
 10
24.586460950563914
 20
214.26144856801108
 30
0.0
 10
24.061477226605582
 20
213.91143229196942
 30
0.0
 10
23.461460950563914
 20
213.83644042999026
 30
0.0
  0
SPLINE
  5
23D
330
17
100
AcDbEntity
  8
ENGRAVE
100
AcDbSpline
 70
0
 71
2
 72
6
 73
3
 74
0
 40
0.0
 40
0.0
 40
0.0
 40
1.0
 40
1.0
 40
1.0
 10
25.086460950563914
 20
220.48646484405276
 30
0.0
 10
24.336460950563914
 20
219.86146484405276
 30
0.0
 10
23.698969088584747
 20
219.04896484405276
 30
0.0
  0
SPLINE
  5
23E
330
17
100
AcDbEntity
  8
ENGRAVE
100
AcDbSpline
 70
0
 71
2
 72
6
 73
3
 74
0
 40
0.0
 40
0.0
 40
0.0
 40
1.0
 40
1.0
 40
1.0
 10
23.036493502647247
 20
221.68641601592776
 30
0.0
 10
23.661493502647247
 20
222.21139973988608
 30
0.0
 10
24.198969088584747
 20
222.53643229196942
 30
0.0
  0
SPLINE
  5
23F
330
17
100
AcDbEntity
  8
ENGRAVE
100
AcDbSpline
 70
0
 71
2
 72
6
 73
3
 74
0
 40
0.0
 40
0.0
 40
0.0
 40
1.0
 40
1.0
 40
1.0
 10
25.911452812543082
 20
215.18641601592776
 30
0.0
 10
25.311477226605582
 20
214.68641601592776
 30
0.0
 10
24.586460950563914
 20
214.26144856801108
 30
0.0
  0
SPLINE
  5
240
330
17
100
AcDbEntity
  8
ENGRAVE
100
AcDbSpline
 70
0
 71
2
 72
6
 73
3
 74
0
 40
0.0
 40
0.0
 40
0.0
 40
1.0
 40
1.0
 40
1.0
 10
23.236444674522247
 20
215.93645670603192
 30
0.0
 10
23.761428398480582
 20
215.73646484405276
 30
0.0
 10
24.836460950563914
 20
216.76144856801108
 30
0.0
  0
SPLINE
  5
241
330
17
100
AcDbEntity
  8
ENGRAVE
100
AcDbSpline
 70
0
 71
2
 72
6
 73
3
 74
0
 40
0.0
 40
0.0
 40
0.0
 40
1.0
 40
1.0
 40
1.0
 10
25.661452812543082
 20
220.82394856801108
 30
0.0
 10
25.436477226605582
 20
220.73646484405276
 30
0.0
 10
25.086460950563914
 20
220.48646484405276
 30
0.0
  0
SPLINE
  5
242
330
17
100
AcDbEntity
  8
ENGRAVE
100
AcDbSpline
 70
0
 71
2
 72
6
 73
3
 74
0
 40
0.0
 40
0.0
 40
0.0
 40
1.0
 40
1.0
 40
1.0
 10
24.198969088584747
 20
222.53643229196942
 30
0.0
 10
24.736444674522247
 20
222.86146484405276
 30
0.0
 10
25.286493502647247
 20
222.98646484405276
 30
0.0
  0
SPLINE
  5
243
330
17
100
AcDbEntity
  8
ENGRAVE
100
AcDbSpline
 70
0
 71
2
 72
6
 73
3
 74
0
 40
0.0
 40
0.0
 40
0.0
 40
1.0
 40
1.0
 40
1.0
 10
24.836460950563914
 20
216.76144856801108
 30
0.0
 10
25.386428398480582
 20
217.23646484405276
 30
0.0
 10
25.623936536501414
 20
217.81145670603192
 30
0.0
  0
SPLINE
  5
244
330
17
100
AcDbEntity
  8
ENGRAVE
100
AcDbSpline
 70
0
 71
2
 72
6
 73
3
 74
0
 40
0.0
 40
0.0
 40
0.0
 40
1.0
 40
1.0
 40
1.0
 10
26.111444674522247
 20
220.73646484405276
 30
0.0
 10
25.886428398480582
 20
220.91143229196942
 30
0.0
 10
25.661452812543082
 20
220.82394856801108
 30
0.0
  0
SPLINE
  5
245
330
17
100
AcDbEntity
  8
ENGRAVE
100
AcDbSpline
 70
0
 71
2
 72
6
 73
3
 74
0
 40
0.0
 40
0.0
 40
0.0
 40
1.0
 40
1.0
 40
1.0
 10
27.136428398480582
 20
216.58639973988608
 30
0.0
 10
26.511428398480582
 20
215.68641601592776
 30
0.0
 10
25.911452812543082
 20
215.18641601592776
 30
0.0
  0
SPLINE
  5
246
330
17
100
AcDbEntity
  8
ENGRAVE
100
AcDbSpline
 70
0
 71
2
 72
6
 73
3
 74
0
 40
0.0
 40
0.0
 40
0.0
 40
1.0
 40
1.0
 40
1.0
 10
26.286452812543082
 20
220.34893229196942
 30
0.0
 10
26.261428398480582
 20
220.68641601592776
 30
0.0
 10
26.111444674522247
 20
220.73646484405276
 30
0.0
  0
SPLINE
  5
247
330
17
100
AcDbEntity
  8
ENGRAVE
100
AcDbSpline
 70
0
 71
2
 72
6
 73
3
 74
0
 40
0.0
 40
0.0
 40
0.0
 40
1.0
 40
1.0
 40
1.0
 10
25.623936536501414
 20
217.81145670603192
 30
0.0
 10
25.861444674522247
 20
218.38644856801108
 30
0.0
 10
26.136428398480582
 20
219.16143229196942
 30
0.0
  0
SPLINE
  5
248
330
17
100
AcDbEntity
  8
ENGRAVE
100
AcDbSpline
 70
0
 71
2
 72
6
 73
3
 74
0
 40
0.0
 40
0.0
 40
0.0
 40
1.0
 40
1.0
 40
1.0
 10
26.136428398480582
 20
219.16143229196942
 30
0.0
 10
26.236444674522247
 20
219.31141601592776
 30
0.0
 10
26.273960950563914
 20
219.66143229196942
 30
0.0
  0
SPLINE
  5
249
330
17
100
AcDbEntity
  8
ENGRAVE
100
AcDbSpline
 70
0
 71
2
 72
6
 73
3
 74
0
 40
0.0
 40
0.0
 40
0.0
 40
1.0
 40
1.0
 40
1.0
 10
26.273960950563914
 20
219.66143229196942
 30
0.0
 10
26.311477226605582
 20
220.01144856801108
 30
0.0
 10
26.286452812543082
 20
220.34893229196942
 30
0.0
  0
SPLINE
  5
24A
330
17
100
AcDbEntity
  8
ENGRAVE
100
AcDbSpline
 70
0
 71
2
 72
6
 73
3
 74
0
 40
0.0
 40
0.0
 40
0.0
 40
1.0
 40
1.0
 40
1.0
 10
25.286493502647247
 20
222.98646484405276
 30
0.0
 10
25.836460950563914
 20
223.11146484405276
 30
0.0
 10
26.423944674522247
 20
223.11146484405276
 30
0.0
  0
SPLINE
  5
24B
330
17
100
AcDbEntity
  8
ENGRAVE
100
AcDbSpline
 70
0
 71
2
 72
6
 73
3
 74
0
 40
0.0
 40
0.0
 40
0.0
 40
1.0
 40
1.0
 40
1.0
 10
28.361444674522247
 20
219.09893229196942
 30
0.0
 10
28.136428398480582
 20
218.01144856801108
 30
0.0
 10
27.136428398480582
 20
216.58639973988608
 30
0.0
  0
SPLINE
  5
24C
330
17
100
AcDbEntity
  8
ENGRAVE
100
AcDbSpline
 70
0
 71
2
 72
6
 73
3
 74
0
 40
0.0
 40
0.0
 40
0.0
 40
1.0
 40
1.0
 40
1.0
 10
26.423944674522247
 20
223.11146484405276
 30
0.0
 10
27.011428398480582
 20
223.11146484405276
 30
0.0
 10
27.386428398480582
 20
222.71139973988608
 30
0.0
  0
SPLINE
  5
24D
330
17
100
AcDbEntity
  8
ENGRAVE
100
AcDbSpline
 70
0
 71
2
 72
6
 73
3
 74
0
 40
0.0
 40
0.0
 40
0.0
 40
1.0
 40
1.0
 40
1.0
 10
27.386428398480582
 20
222.71139973988608
 30
0.0
 10
27.961460950563914
 20
222.46139973988608
 30
0.0
 10
28.198969088584747
 20
222.03643229196942
 30
0.0
  0
SPLINE
  5
24E
330
17
100
AcDbEntity
  8
ENGRAVE
100
AcDbSpline
 70
0
 71
2
 72
6
 73
3
 74
0
 40
0.0
 40
0.0
 40
0.0
 40
1.0
 40
1.0
 40
1.0
 10
28.511428398480582
 20
220.93641601592776
 30
0.0
 10
28.586460950563914
 20
220.18641601592776
 30
0.0
 10
28.361444674522247
 20
219.09893229196942
 30
0.0
  0
SPLINE
  5
24F
330
17
100
AcDbEntity
  8
ENGRAVE
100
AcDbSpline
 70
0
 71
2
 72
6
 73
3
 74
0
 40
0.0
 40
0.0
 40
0.0
 40
1.0
 40
1.0
 40
1.0
 10
28.198969088584747
 20
222.03643229196942
 30
0.0
 10
28.436477226605582
 20
221.61146484405276
 30
0.0
 10
28.511428398480582
 20
220.93641601592776
 30
0.0
  0
SPLINE
  5
250
330
17
100
AcDbEntity
  8
ENGRAVE
100
AcDbSpline
 70
0
 71
2
 72
6
 73
3
 74
0
 40
0.0
 40
0.0
 40
0.0
 40
1.0
 40
1.0
 40
1.0
 10
29.761428398480582
 20
215.31141601592776
 30
0.0
 10
29.661412122438914
 20
215.38644856801108
 30
0.0
 10
29.64892026045975
 20
215.97393229196942
 30
0.0
  0
SPLINE
  5
251
330
17
100
AcDbEntity
  8
ENGRAVE
100
AcDbSpline
 70
0
 71
2
 72
6
 73
3
 74
0
 40
0.0
 40
0.0
 40
0.0
 40
1.0
 40
1.0
 40
1.0
 10
29.64892026045975
 20
215.97393229196942
 30
0.0
 10
29.636428398480582
 20
216.56141601592776
 30
0.0
 10
29.71142026045975
 20
217.28643229196942
 30
0.0
  0
SPLINE
  5
252
330
17
100
AcDbEntity
  8
ENGRAVE
100
AcDbSpline
 70
0
 71
2
 72
6
 73
3
 74
0
 40
0.0
 40
0.0
 40
0.0
 40
1.0
 40
1.0
 40
1.0
 10
29.823928398480582
 20
215.23642415394858
 30
0.0
 10
29.761428398480582
 20
215.31141601592776
 30
0.0
 10
29.761428398480582
 20
215.31141601592776
 30
0.0
  0
SPLINE
  5
253
330
17
100
AcDbEntity
  8
ENGRAVE
100
AcDbSpline
 70
0
 71
2
 72
6
 73
3
 74
0
 40
0.0
 40
0.0
 40
0.0
 40
1.0
 40
1.0
 40
1.0
 10
29.886428398480582
 20
215.11146484405276
 30
0.0
 10
29.886428398480582
 20
215.16143229196942
 30
0.0
 10
29.823928398480582
 20
215.23642415394858
 30
0.0
  0
SPLINE
  5
254
330
17
100
AcDbEntity
  8
ENGRAVE
100
AcDbSpline
 70
0
 71
2
 72
6
 73
3
 74
0
 40
0.0
 40
0.0
 40
0.0
 40
1.0
 40
1.0
 40
1.0
 10
30.223952812543082
 20
214.49895670603192
 30
0.0
 10
29.961460950563914
 20
214.86146484405276
 30
0.0
 10
29.886428398480582
 20
215.11146484405276
 30
0.0
  0
SPLINE
  5
255
330
17
100
AcDbEntity
  8
ENGRAVE
100
AcDbSpline
 70
0
 71
2
 72
6
 73
3
 74
0
 40
0.0
 40
0.0
 40
0.0
 40
1.0
 40
1.0
 40
1.0
 10
29.71142026045975
 20
217.28643229196942
 30
0.0
 10
29.786412122438914
 20
218.01144856801108
 30
0.0
 10
29.886428398480582
 20
218.43641601592776
 30
0.0
  0
SPLINE
  5
256
330
17
100
AcDbEntity
  8
ENGRAVE
100
AcDbSpline
 70
0
 71
2
 72
6
 73
3
 74
0
 40
0.0
 40
0.0
 40
0.0
 40
1.0
 40
1.0
 40
1.0
 10
30.073928398480582
 20
222.68641601592776
 30
0.0
 10
29.961460950563914
 20
222.83639973988608
 30
0.0
 10
29.961460950563914
 20
222.93641601592776
 30
0.0
  0
SPLINE
  5
257
330
17
100
AcDbEntity
  8
ENGRAVE
100
AcDbSpline
 70
0
 71
2
 72
6
 73
3
 74
0
 40
0.0
 40
0.0
 40
0.0
 40
1.0
 40
1.0
 40
1.0
 10
30.36144467452225
 20
222.48646484405276
 30
0.0
 10
30.18639584639725
 20
222.53643229196942
 30
0.0
 10
30.073928398480582
 20
222.68641601592776
 30
0.0
  0
SPLINE
  5
258
330
17
100
AcDbEntity
  8
ENGRAVE
100
AcDbSpline
 70
0
 71
2
 72
6
 73
3
 74
0
 40
0.0
 40
0.0
 40
0.0
 40
1.0
 40
1.0
 40
1.0
 10
29.961460950563914
 20
222.93641601592776
 30
0.0
 10
29.961460950563914
 20
223.13644856801108
 30
0.0
 10
30.186436536501414
 20
223.51144856801108
 30
0.0
  0
SPLINE
  5
259
330
17
100
AcDbEntity
  8
ENGRAVE
100
AcDbSpline
 70
0
 71
2
 72
6
 73
3
 74
0
 40
0.0
 40
0.0
 40
0.0
 40
1.0
 40
1.0
 40
1.0
 10
30.811436536501414
 20
213.84893229196942
 30
0.0
 10
30.48644467452225
 20
214.13644856801108
 30
0.0
 10
30.223952812543082
 20
214.49895670603192
 30
0.0
  0
SPLINE
  5
25A
330
17
100
AcDbEntity
  8
ENGRAVE
100
AcDbSpline
 70
0
 71
2
 72
6
 73
3
 74
0
 40
0.0
 40
0.0
 40
0.0
 40
1.0
 40
1.0
 40
1.0
 10
29.886428398480582
 20
218.43641601592776
 30
0.0
 10
30.011428398480582
 20
218.83639973988608
 30
0.0
 10
30.261428398480582
 20
219.52389973988608
 30
0.0
  0
SPLINE
  5
25B
330
17
100
AcDbEntity
  8
ENGRAVE
100
AcDbSpline
 70
0
 71
2
 72
6
 73
3
 74
0
 40
0.0
 40
0.0
 40
0.0
 40
1.0
 40
1.0
 40
1.0
 10
30.186436536501414
 20
223.51144856801108
 30
0.0
 10
30.411412122438914
 20
223.88644856801108
 30
0.0
 10
30.511428398480582
 20
223.88644856801108
 30
0.0
  0
SPLINE
  5
25C
330
17
100
AcDbEntity
  8
ENGRAVE
100
AcDbSpline
 70
0
 71
2
 72
6
 73
3
 74
0
 40
0.0
 40
0.0
 40
0.0
 40
1.0
 40
1.0
 40
1.0
 10
30.261428398480582
 20
219.52389973988608
 30
0.0
 10
30.511428398480582
 20
220.21139973988608
 30
0.0
 10
30.68639584639725
 20
220.76144856801108
 30
0.0
  0
SPLINE
  5
25D
330
17
100
AcDbEntity
  8
ENGRAVE
100
AcDbSpline
 70
0
 71
2
 72
6
 73
3
 74
0
 40
0.0
 40
0.0
 40
0.0
 40
1.0
 40
1.0
 40
1.0
 10
31.411412122438914
 20
213.51144856801108
 30
0.0
 10
31.136428398480582
 20
213.56141601592776
 30
0.0
 10
30.811436536501414
 20
213.84893229196942
 30
0.0
  0
SPLINE
  5
25E
330
17
100
AcDbEntity
  8
ENGRAVE
100
AcDbSpline
 70
0
 71
2
 72
6
 73
3
 74
0
 40
0.0
 40
0.0
 40
0.0
 40
1.0
 40
1.0
 40
1.0
 10
30.511428398480582
 20
223.88644856801108
 30
0.0
 10
30.636428398480582
 20
223.86146484405276
 30
0.0
 10
30.973912122438914
 20
223.86146484405276
 30
0.0
  0
SPLINE
  5
25F
330
17
100
AcDbEntity
  8
ENGRAVE
100
AcDbSpline
 70
0
 71
2
 72
6
 73
3
 74
0
 40
0.0
 40
0.0
 40
0.0
 40
1.0
 40
1.0
 40
1.0
 10
33.18639584639725
 20
213.53643229196942
 30
0.0
 10
32.06139584639725
 20
213.38644856801108
 30
0.0
 10
31.411412122438914
 20
213.51144856801108
 30
0.0
  0
SPLINE
  5
260
330
17
100
AcDbEntity
  8
ENGRAVE
100
AcDbSpline
 70
0
 71
2
 72
6
 73
3
 74
0
 40
0.0
 40
0.0
 40
0.0
 40
1.0
 40
1.0
 40
1.0
 10
32.04890398441808
 20
218.34893229196942
 30
0.0
 10
31.811395846397247
 20
217.38644856801108
 30
0.0
 10
31.636428398480582
 20
216.43641601592776
 30
0.0
  0
SPLINE
  5
261
330
17
100
AcDbEntity
  8
ENGRAVE
100
AcDbSpline
 70
0
 71
2
 72
6
 73
3
 74
0
 40
0.0
 40
0.0
 40
0.0
 40
1.0
 40
1.0
 40
1.0
 10
30.973912122438914
 20
223.86146484405276
 30
0.0
 10
31.311395846397247
 20
223.86146484405276
 30
0.0
 10
31.636428398480582
 20
223.88644856801108
 30
0.0
  0
SPLINE
  5
262
330
17
100
AcDbEntity
  8
ENGRAVE
100
AcDbSpline
 70
0
 71
2
 72
6
 73
3
 74
0
 40
0.0
 40
0.0
 40
0.0
 40
1.0
 40
1.0
 40
1.0
 10
31.636428398480582
 20
216.43641601592776
 30
0.0
 10
31.561395846397247
 20
215.96139973988608
 30
0.0
 10
31.673903984418082
 20
215.74891601592776
 30
0.0
  0
SPLINE
  5
263
330
17
100
AcDbEntity
  8
ENGRAVE
100
AcDbSpline
 70
0
 71
2
 72
6
 73
3
 74
0
 40
0.0
 40
0.0
 40
0.0
 40
1.0
 40
1.0
 40
1.0
 10
31.636428398480582
 20
223.88644856801108
 30
0.0
 10
31.961460950563914
 20
223.91143229196942
 30
0.0
 10
32.03641212243892
 20
223.93641601592776
 30
0.0
  0
SPLINE
  5
264
330
17
100
AcDbEntity
  8
ENGRAVE
100
AcDbSpline
 70
0
 71
2
 72
6
 73
3
 74
0
 40
0.0
 40
0.0
 40
0.0
 40
1.0
 40
1.0
 40
1.0
 10
32.63642839848058
 20
220.36146484405276
 30
0.0
 10
32.28641212243892
 20
219.31141601592776
 30
0.0
 10
32.04890398441808
 20
218.34893229196942
 30
0.0
  0
SPLINE
  5
265
330
17
100
AcDbEntity
  8
ENGRAVE
100
AcDbSpline
 70
0
 71
2
 72
6
 73
3
 74
0
 40
0.0
 40
0.0
 40
0.0
 40
1.0
 40
1.0
 40
1.0
 10
32.03641212243892
 20
223.93641601592776
 30
0.0
 10
32.13642839848058
 20
223.98646484405276
 30
0.0
 10
32.23644467452225
 20
224.07394856801108
 30
0.0
  0
SPLINE
  5
266
330
17
100
AcDbEntity
  8
ENGRAVE
100
AcDbSpline
 70
0
 71
2
 72
6
 73
3
 74
0
 40
0.0
 40
0.0
 40
0.0
 40
1.0
 40
1.0
 40
1.0
 10
31.673903984418082
 20
215.74891601592776
 30
0.0
 10
31.786412122438914
 20
215.53643229196942
 30
0.0
 10
32.31139584639725
 20
215.48646484405276
 30
0.0
  0
SPLINE
  5
267
330
17
100
AcDbEntity
  8
ENGRAVE
100
AcDbSpline
 70
0
 71
2
 72
6
 73
3
 74
0
 40
0.0
 40
0.0
 40
0.0
 40
1.0
 40
1.0
 40
1.0
 10
32.23644467452225
 20
224.07394856801108
 30
0.0
 10
32.33646095056392
 20
224.16143229196942
 30
0.0
 10
32.38642839848058
 20
224.33639973988608
 30
0.0
  0
SPLINE
  5
268
330
17
100
AcDbEntity
  8
ENGRAVE
100
AcDbSpline
 70
0
 71
2
 72
6
 73
3
 74
0
 40
0.0
 40
0.0
 40
0.0
 40
1.0
 40
1.0
 40
1.0
 10
32.38642839848058
 20
224.33639973988608
 30
0.0
 10
32.51142839848058
 20
224.61146484405276
 30
0.0
 10
32.61144467452225
 20
224.76144856801108
 30
0.0
  0
SPLINE
  5
269
330
17
100
AcDbEntity
  8
ENGRAVE
100
AcDbSpline
 70
0
 71
2
 72
6
 73
3
 74
0
 40
0.0
 40
0.0
 40
0.0
 40
1.0
 40
1.0
 40
1.0
 10
33.13642839848058
 20
221.28643229196942
 30
0.0
 10
32.93639584639725
 20
220.86146484405276
 30
0.0
 10
32.63642839848058
 20
220.36146484405276
 30
0.0
  0
SPLINE
  5
26A
330
17
100
AcDbEntity
  8
ENGRAVE
100
AcDbSpline
 70
0
 71
2
 72
6
 73
3
 74
0
 40
0.0
 40
0.0
 40
0.0
 40
1.0
 40
1.0
 40
1.0
 10
32.61144467452225
 20
224.76144856801108
 30
0.0
 10
32.71146095056392
 20
224.91143229196942
 30
0.0
 10
32.88642839848058
 20
225.21139973988608
 30
0.0
  0
SPLINE
  5
26B
330
17
100
AcDbEntity
  8
ENGRAVE
100
AcDbSpline
 70
0
 71
2
 72
6
 73
3
 74
0
 40
0.0
 40
0.0
 40
0.0
 40
1.0
 40
1.0
 40
1.0
 10
32.31139584639725
 20
215.48646484405276
 30
0.0
 10
32.58646095056392
 20
215.46139973988608
 30
0.0
 10
33.11144467452225
 20
215.49891601592776
 30
0.0
  0
SPLINE
  5
26C
330
17
100
AcDbEntity
  8
ENGRAVE
100
AcDbSpline
 70
0
 71
2
 72
6
 73
3
 74
0
 40
0.0
 40
0.0
 40
0.0
 40
1.0
 40
1.0
 40
1.0
 10
33.43639584639725
 20
221.81141601592776
 30
0.0
 10
33.33646095056392
 20
221.71139973988608
 30
0.0
 10
33.13642839848058
 20
221.28643229196942
 30
0.0
  0
SPLINE
  5
26D
330
17
100
AcDbEntity
  8
ENGRAVE
100
AcDbSpline
 70
0
 71
2
 72
6
 73
3
 74
0
 40
0.0
 40
0.0
 40
0.0
 40
1.0
 40
1.0
 40
1.0
 10
32.88642839848058
 20
225.21139973988608
 30
0.0
 10
33.06139584639725
 20
225.53643229196942
 30
0.0
 10
33.17390398441808
 20
225.76144856801108
 30
0.0
  0
SPLINE
  5
26E
330
17
100
AcDbEntity
  8
ENGRAVE
100
AcDbSpline
 70
0
 71
2
 72
6
 73
3
 74
0
 40
0.0
 40
0.0
 40
0.0
 40
1.0
 40
1.0
 40
1.0
 10
35.43639584639725
 20
214.38644856801108
 30
0.0
 10
34.31139584639725
 20
213.68641601592776
 30
0.0
 10
33.18639584639725
 20
213.53643229196942
 30
0.0
  0
SPLINE
  5
26F
330
17
100
AcDbEntity
  8
ENGRAVE
100
AcDbSpline
 70
0
 71
2
 72
6
 73
3
 74
0
 40
0.0
 40
0.0
 40
0.0
 40
1.0
 40
1.0
 40
1.0
 10
33.62393653650142
 20
222.12395670603192
 30
0.0
 10
33.53641212243892
 20
222.01144856801108
 30
0.0
 10
33.43639584639725
 20
221.81141601592776
 30
0.0
  0
SPLINE
  5
270
330
17
100
AcDbEntity
  8
ENGRAVE
100
AcDbSpline
 70
0
 71
2
 72
6
 73
3
 74
0
 40
0.0
 40
0.0
 40
0.0
 40
1.0
 40
1.0
 40
1.0
 10
33.17390398441808
 20
225.76144856801108
 30
0.0
 10
33.28641212243892
 20
225.98646484405276
 30
0.0
 10
33.53641212243892
 20
226.38644856801108
 30
0.0
  0
SPLINE
  5
271
330
17
100
AcDbEntity
  8
ENGRAVE
100
AcDbSpline
 70
0
 71
2
 72
6
 73
3
 74
0
 40
0.0
 40
0.0
 40
0.0
 40
1.0
 40
1.0
 40
1.0
 10
33.91141212243892
 20
222.28643229196942
 30
0.0
 10
33.71146095056392
 20
222.23646484405276
 30
0.0
 10
33.62393653650142
 20
222.12395670603192
 30
0.0
  0
SPLINE
  5
272
330
17
100
AcDbEntity
  8
ENGRAVE
100
AcDbSpline
 70
0
 71
2
 72
6
 73
3
 74
0
 40
0.0
 40
0.0
 40
0.0
 40
1.0
 40
1.0
 40
1.0
 10
33.53641212243892
 20
226.38644856801108
 30
0.0
 10
33.66141212243892
 20
226.56141601592776
 30
0.0
 10
33.81143653650142
 20
226.81141601592776
 30
0.0
  0
SPLINE
  5
273
330
17
100
AcDbEntity
  8
ENGRAVE
100
AcDbSpline
 70
0
 71
2
 72
6
 73
3
 74
0
 40
0.0
 40
0.0
 40
0.0
 40
1.0
 40
1.0
 40
1.0
 10
34.21142026045975
 20
222.33639973988608
 30
0.0
 10
34.11144467452225
 20
222.33639973988608
 30
0.0
 10
33.91141212243892
 20
222.28643229196942
 30
0.0
  0
SPLINE
  5
274
330
17
100
AcDbEntity
  8
ENGRAVE
100
AcDbSpline
 70
0
 71
2
 72
6
 73
3
 74
0
 40
0.0
 40
0.0
 40
0.0
 40
1.0
 40
1.0
 40
1.0
 10
33.11144467452225
 20
215.49891601592776
 30
0.0
 10
33.63642839848058
 20
215.53643229196942
 30
0.0
 10
33.98644467452225
 20
215.63644856801108
 30
0.0
  0
SPLINE
  5
275
330
17
100
AcDbEntity
  8
ENGRAVE
100
AcDbSpline
 70
0
 71
2
 72
6
 73
3
 74
0
 40
0.0
 40
0.0
 40
0.0
 40
1.0
 40
1.0
 40
1.0
 10
33.81143653650142
 20
226.81141601592776
 30
0.0
 10
33.96146095056392
 20
227.06141601592776
 30
0.0
 10
34.18639584639725
 20
227.23646484405276
 30
0.0
  0
SPLINE
  5
276
330
17
100
AcDbEntity
  8
ENGRAVE
100
AcDbSpline
 70
0
 71
2
 72
6
 73
3
 74
0
 40
0.0
 40
0.0
 40
0.0
 40
1.0
 40
1.0
 40
1.0
 10
34.63642839848058
 20
222.36146484405276
 30
0.0
 10
34.31139584639725
 20
222.33639973988608
 30
0.0
 10
34.21142026045975
 20
222.33639973988608
 30
0.0
  0
SPLINE
  5
277
330
17
100
AcDbEntity
  8
ENGRAVE
100
AcDbSpline
 70
0
 71
2
 72
6
 73
3
 74
0
 40
0.0
 40
0.0
 40
0.0
 40
1.0
 40
1.0
 40
1.0
 10
33.98644467452225
 20
215.63644856801108
 30
0.0
 10
34.26142839848058
 20
215.76144856801108
 30
0.0
 10
34.56143653650142
 20
215.89894042999026
 30
0.0
  0
SPLINE
  5
278
330
17
100
AcDbEntity
  8
ENGRAVE
100
AcDbSpline
 70
0
 71
2
 72
6
 73
3
 74
0
 40
0.0
 40
0.0
 40
0.0
 40
1.0
 40
1.0
 40
1.0
 10
35.26142839848058
 20
222.37395670603192
 30
0.0
 10
34.83646095056392
 20
222.36146484405276
 30
0.0
 10
34.63642839848058
 20
222.36146484405276
 30
0.0
  0
SPLINE
  5
279
330
17
100
AcDbEntity
  8
ENGRAVE
100
AcDbSpline
 70
0
 71
2
 72
6
 73
3
 74
0
 40
0.0
 40
0.0
 40
0.0
 40
1.0
 40
1.0
 40
1.0
 10
34.88642839848058
 20
224.71139973988608
 30
0.0
 10
34.48644467452225
 20
224.16143229196942
 30
0.0
 10
34.73644467452225
 20
224.08644042999026
 30
0.0
  0
SPLINE
  5
27A
330
17
100
AcDbEntity
  8
ENGRAVE
100
AcDbSpline
 70
0
 71
2
 72
6
 73
3
 74
0
 40
0.0
 40
0.0
 40
0.0
 40
1.0
 40
1.0
 40
1.0
 10
35.37393653650142
 20
225.47393229196942
 30
0.0
 10
35.11144467452225
 20
225.13644856801108
 30
0.0
 10
34.88642839848058
 20
224.71139973988608
 30
0.0
  0
SPLINE
  5
27B
330
17
100
AcDbEntity
  8
ENGRAVE
100
AcDbSpline
 70
0
 71
2
 72
6
 73
3
 74
0
 40
0.0
 40
0.0
 40
0.0
 40
1.0
 40
1.0
 40
1.0
 10
34.18639584639725
 20
227.23646484405276
 30
0.0
 10
34.41141212243892
 20
227.43641601592776
 30
0.0
 10
34.92390398441808
 20
227.52394042999026
 30
0.0
  0
SPLINE
  5
27C
330
17
100
AcDbEntity
  8
ENGRAVE
100
AcDbSpline
 70
0
 71
2
 72
6
 73
3
 74
0
 40
0.0
 40
0.0
 40
0.0
 40
1.0
 40
1.0
 40
1.0
 10
34.56143653650142
 20
215.89894042999026
 30
0.0
 10
34.86144467452225
 20
216.03643229196942
 30
0.0
 10
35.11144467452225
 20
216.18641601592776
 30
0.0
  0
SPLINE
  5
27D
330
17
100
AcDbEntity
  8
ENGRAVE
100
AcDbSpline
 70
0
 71
2
 72
6
 73
3
 74
0
 40
0.0
 40
0.0
 40
0.0
 40
1.0
 40
1.0
 40
1.0
 10
36.28641212243892
 20
222.48646484405276
 30
0.0
 10
35.68639584639725
 20
222.38644856801108
 30
0.0
 10
35.26142839848058
 20
222.37395670603192
 30
0.0
  0
SPLINE
  5
27E
330
17
100
AcDbEntity
  8
ENGRAVE
100
AcDbSpline
 70
0
 71
2
 72
6
 73
3
 74
0
 40
0.0
 40
0.0
 40
0.0
 40
1.0
 40
1.0
 40
1.0
 10
35.83646095056392
 20
226.23646484405276
 30
0.0
 10
35.63642839848058
 20
225.81141601592776
 30
0.0
 10
35.37393653650142
 20
225.47393229196942
 30
0.0
  0
SPLINE
  5
27F
330
17
100
AcDbEntity
  8
ENGRAVE
100
AcDbSpline
 70
0
 71
2
 72
6
 73
3
 74
0
 40
0.0
 40
0.0
 40
0.0
 40
1.0
 40
1.0
 40
1.0
 10
36.36144467452225
 20
215.24891601592776
 30
0.0
 10
36.23644467452225
 20
214.83639973988608
 30
0.0
 10
35.43639584639725
 20
214.38644856801108
 30
0.0
  0
SPLINE
  5
280
330
17
100
AcDbEntity
  8
ENGRAVE
100
AcDbSpline
 70
0
 71
2
 72
6
 73
3
 74
0
 40
0.0
 40
0.0
 40
0.0
 40
1.0
 40
1.0
 40
1.0
 10
35.11144467452225
 20
216.18641601592776
 30
0.0
 10
35.33646095056392
 20
216.31141601592776
 30
0.0
 10
35.56143653650142
 20
216.44890787790692
 30
0.0
  0
SPLINE
  5
281
330
17
100
AcDbEntity
  8
ENGRAVE
100
AcDbSpline
 70
0
 71
2
 72
6
 73
3
 74
0
 40
0.0
 40
0.0
 40
0.0
 40
1.0
 40
1.0
 40
1.0
 10
35.56143653650142
 20
216.44890787790692
 30
0.0
 10
35.78641212243892
 20
216.58639973988608
 30
0.0
 10
35.78641212243892
 20
216.58639973988608
 30
0.0
  0
SPLINE
  5
282
330
17
100
AcDbEntity
  8
ENGRAVE
100
AcDbSpline
 70
0
 71
2
 72
6
 73
3
 74
0
 40
0.0
 40
0.0
 40
0.0
 40
1.0
 40
1.0
 40
1.0
 10
34.92390398441808
 20
227.52394042999026
 30
0.0
 10
35.43639584639725
 20
227.61146484405276
 30
0.0
 10
35.81139584639725
 20
227.28643229196942
 30
0.0
  0
SPLINE
  5
283
330
17
100
AcDbEntity
  8
ENGRAVE
100
AcDbSpline
 70
0
 71
2
 72
6
 73
3
 74
0
 40
0.0
 40
0.0
 40
0.0
 40
1.0
 40
1.0
 40
1.0
 10
36.03641212243892
 20
226.81141601592776
 30
0.0
 10
36.06139584639725
 20
226.58639973988608
 30
0.0
 10
35.83646095056392
 20
226.23646484405276
 30
0.0
  0
SPLINE
  5
284
330
17
100
AcDbEntity
  8
ENGRAVE
100
AcDbSpline
 70
0
 71
2
 72
6
 73
3
 74
0
 40
0.0
 40
0.0
 40
0.0
 40
1.0
 40
1.0
 40
1.0
 10
35.81139584639725
 20
227.28643229196942
 30
0.0
 10
36.01142839848058
 20
227.03643229196942
 30
0.0
 10
36.03641212243892
 20
226.81141601592776
 30
0.0
  0
SPLINE
  5
285
330
17
100
AcDbEntity
  8
ENGRAVE
100
AcDbSpline
 70
0
 71
2
 72
6
 73
3
 74
0
 40
0.0
 40
0.0
 40
0.0
 40
1.0
 40
1.0
 40
1.0
 10
34.73644467452225
 20
224.08644042999026
 30
0.0
 10
34.98644467452225
 20
224.01144856801108
 30
0.0
 10
36.13642839848058
 20
224.18641601592776
 30
0.0
  0
SPLINE
  5
286
330
17
100
AcDbEntity
  8
ENGRAVE
100
AcDbSpline
 70
0
 71
2
 72
6
 73
3
 74
0
 40
0.0
 40
0.0
 40
0.0
 40
1.0
 40
1.0
 40
1.0
 10
35.78641212243892
 20
216.58639973988608
 30
0.0
 10
35.91141212243892
 20
216.78643229196942
 30
0.0
 10
36.14892026045975
 20
216.52394042999026
 30
0.0
  0
SPLINE
  5
287
330
17
100
AcDbEntity
  8
ENGRAVE
100
AcDbSpline
 70
0
 71
2
 72
6
 73
3
 74
0
 40
0.0
 40
0.0
 40
0.0
 40
1.0
 40
1.0
 40
1.0
 10
37.43643653650142
 20
222.61146484405276
 30
0.0
 10
37.23644467452225
 20
222.48646484405276
 30
0.0
 10
36.28641212243892
 20
222.48646484405276
 30
0.0
  0
SPLINE
  5
288
330
17
100
AcDbEntity
  8
ENGRAVE
100
AcDbSpline
 70
0
 71
2
 72
6
 73
3
 74
0
 40
0.0
 40
0.0
 40
0.0
 40
1.0
 40
1.0
 40
1.0
 10
36.48644467452225
 20
215.96139973988608
 30
0.0
 10
36.48644467452225
 20
215.66143229196942
 30
0.0
 10
36.36144467452225
 20
215.24891601592776
 30
0.0
  0
SPLINE
  5
289
330
17
100
AcDbEntity
  8
ENGRAVE
100
AcDbSpline
 70
0
 71
2
 72
6
 73
3
 74
0
 40
0.0
 40
0.0
 40
0.0
 40
1.0
 40
1.0
 40
1.0
 10
36.14892026045975
 20
216.52394042999026
 30
0.0
 10
36.38642839848058
 20
216.26144856801108
 30
0.0
 10
36.48644467452225
 20
215.96139973988608
 30
0.0
  0
SPLINE
  5
28A
330
17
100
AcDbEntity
  8
ENGRAVE
100
AcDbSpline
 70
0
 71
2
 72
6
 73
3
 74
0
 40
0.0
 40
0.0
 40
0.0
 40
1.0
 40
1.0
 40
1.0
 10
36.13642839848058
 20
224.18641601592776
 30
0.0
 10
36.86144467452225
 20
224.31141601592776
 30
0.0
 10
37.18643653650142
 20
224.03643229196942
 30
0.0
  0
SPLINE
  5
28B
330
17
100
AcDbEntity
  8
ENGRAVE
100
AcDbSpline
 70
0
 71
2
 72
6
 73
3
 74
0
 40
0.0
 40
0.0
 40
0.0
 40
1.0
 40
1.0
 40
1.0
 10
37.56139584639725
 20
223.33639973988608
 30
0.0
 10
37.63642839848058
 20
222.73646484405276
 30
0.0
 10
37.43643653650142
 20
222.61146484405276
 30
0.0
  0
SPLINE
  5
28C
330
17
100
AcDbEntity
  8
ENGRAVE
100
AcDbSpline
 70
0
 71
2
 72
6
 73
3
 74
0
 40
0.0
 40
0.0
 40
0.0
 40
1.0
 40
1.0
 40
1.0
 10
37.18643653650142
 20
224.03643229196942
 30
0.0
 10
37.51142839848058
 20
223.76144856801108
 30
0.0
 10
37.56139584639725
 20
223.33639973988608
 30
0.0
  0
SPLINE
  5
28D
330
17
100
AcDbEntity
  8
ENGRAVE
100
AcDbSpline
 70
0
 71
2
 72
6
 73
3
 74
0
 40
0.0
 40
0.0
 40
0.0
 40
1.0
 40
1.0
 40
1.0
 10
38.11144467452225
 20
214.91143229196942
 30
0.0
 10
37.73644467452225
 20
215.33639973988608
 30
0.0
 10
37.68643653650141
 20
215.67392415394858
 30
0.0
  0
SPLINE
  5
28E
330
17
100
AcDbEntity
  8
ENGRAVE
100
AcDbSpline
 70
0
 71
2
 72
6
 73
3
 74
0
 40
0.0
 40
0.0
 40
0.0
 40
1.0
 40
1.0
 40
1.0
 10
37.68643653650141
 20
215.67392415394858
 30
0.0
 10
37.636428398480575
 20
216.01144856801108
 30
0.0
 10
37.711379570355575
 20
216.58639973988608
 30
0.0
  0
SPLINE
  5
28F
330
17
100
AcDbEntity
  8
ENGRAVE
100
AcDbSpline
 70
0
 71
2
 72
6
 73
3
 74
0
 40
0.0
 40
0.0
 40
0.0
 40
1.0
 40
1.0
 40
1.0
 10
37.711379570355575
 20
216.58639973988608
 30
0.0
 10
37.836379570355575
 20
216.98646484405276
 30
0.0
 10
38.01138770837641
 20
217.66143229196942
 30
0.0
  0
SPLINE
  5
290
330
17
100
AcDbEntity
  8
ENGRAVE
100
AcDbSpline
 70
0
 71
2
 72
6
 73
3
 74
0
 40
0.0
 40
0.0
 40
0.0
 40
1.0
 40
1.0
 40
1.0
 10
38.49889584639725
 20
214.62391601592776
 30
0.0
 10
38.28641212243891
 20
214.78643229196942
 30
0.0
 10
38.11144467452225
 20
214.91143229196942
 30
0.0
  0
SPLINE
  5
291
330
17
100
AcDbEntity
  8
ENGRAVE
100
AcDbSpline
 70
0
 71
2
 72
6
 73
3
 74
0
 40
0.0
 40
0.0
 40
0.0
 40
1.0
 40
1.0
 40
1.0
 10
38.01138770837641
 20
217.66143229196942
 30
0.0
 10
38.18639584639725
 20
218.33639973988608
 30
0.0
 10
38.43639584639725
 20
219.11146484405276
 30
0.0
  0
SPLINE
  5
292
330
17
100
AcDbEntity
  8
ENGRAVE
100
AcDbSpline
 70
0
 71
2
 72
6
 73
3
 74
0
 40
0.0
 40
0.0
 40
0.0
 40
1.0
 40
1.0
 40
1.0
 10
38.886428398480575
 20
214.48646484405276
 30
0.0
 10
38.711379570355575
 20
214.46139973988608
 30
0.0
 10
38.49889584639725
 20
214.62391601592776
 30
0.0
  0
SPLINE
  5
293
330
17
100
AcDbEntity
  8
ENGRAVE
100
AcDbSpline
 70
0
 71
2
 72
6
 73
3
 74
0
 40
0.0
 40
0.0
 40
0.0
 40
1.0
 40
1.0
 40
1.0
 10
38.43639584639725
 20
219.11146484405276
 30
0.0
 10
38.48644467452225
 20
219.41143229196942
 30
0.0
 10
38.62393653650141
 20
219.82394856801108
 30
0.0
  0
SPLINE
  5
294
330
17
100
AcDbEntity
  8
ENGRAVE
100
AcDbSpline
 70
0
 71
2
 72
6
 73
3
 74
0
 40
0.0
 40
0.0
 40
0.0
 40
1.0
 40
1.0
 40
1.0
 10
39.736403984418075
 20
214.87395670603192
 30
0.0
 10
39.386428398480575
 20
214.51144856801108
 30
0.0
 10
38.886428398480575
 20
214.48646484405276
 30
0.0
  0
SPLINE
  5
295
330
17
100
AcDbEntity
  8
ENGRAVE
100
AcDbSpline
 70
0
 71
2
 72
6
 73
3
 74
0
 40
0.0
 40
0.0
 40
0.0
 40
1.0
 40
1.0
 40
1.0
 10
38.62393653650141
 20
219.82394856801108
 30
0.0
 10
38.761428398480575
 20
220.23646484405276
 30
0.0
 10
38.91141212243891
 20
220.62395670603192
 30
0.0
  0
SPLINE
  5
296
330
17
100
AcDbEntity
  8
ENGRAVE
100
AcDbSpline
 70
0
 71
2
 72
6
 73
3
 74
0
 40
0.0
 40
0.0
 40
0.0
 40
1.0
 40
1.0
 40
1.0
 10
38.91141212243891
 20
220.62395670603192
 30
0.0
 10
39.06139584639725
 20
221.01144856801108
 30
0.0
 10
39.136428398480575
 20
221.21139973988608
 30
0.0
  0
SPLINE
  5
297
330
17
100
AcDbEntity
  8
ENGRAVE
100
AcDbSpline
 70
0
 71
2
 72
6
 73
3
 74
0
 40
0.0
 40
0.0
 40
0.0
 40
1.0
 40
1.0
 40
1.0
 10
39.136428398480575
 20
221.21139973988608
 30
0.0
 10
39.31139584639725
 20
221.83639973988608
 30
0.0
 10
39.49889584639725
 20
222.41143229196942
 30
0.0
  0
SPLINE
  5
298
330
17
100
AcDbEntity
  8
ENGRAVE
100
AcDbSpline
 70
0
 71
2
 72
6
 73
3
 74
0
 40
0.0
 40
0.0
 40
0.0
 40
1.0
 40
1.0
 40
1.0
 10
40.386428398480575
 20
215.61146484405276
 30
0.0
 10
40.086379570355575
 20
215.23646484405276
 30
0.0
 10
39.736403984418075
 20
214.87395670603192
 30
0.0
  0
SPLINE
  5
299
330
17
100
AcDbEntity
  8
ENGRAVE
100
AcDbSpline
 70
0
 71
2
 72
6
 73
3
 74
0
 40
0.0
 40
0.0
 40
0.0
 40
1.0
 40
1.0
 40
1.0
 10
39.49889584639725
 20
222.41143229196942
 30
0.0
 10
39.68639584639725
 20
222.98646484405276
 30
0.0
 10
39.96142026045975
 20
223.73646484405276
 30
0.0
  0
SPLINE
  5
29A
330
17
100
AcDbEntity
  8
ENGRAVE
100
AcDbSpline
 70
0
 71
2
 72
6
 73
3
 74
0
 40
0.0
 40
0.0
 40
0.0
 40
1.0
 40
1.0
 40
1.0
 10
41.861403984418075
 20
217.17392415394858
 30
0.0
 10
41.011428398480575
 20
216.41143229196942
 30
0.0
 10
40.386428398480575
 20
215.61146484405276
 30
0.0
  0
SPLINE
  5
29B
330
17
100
AcDbEntity
  8
ENGRAVE
100
AcDbSpline
 70
0
 71
2
 72
6
 73
3
 74
0
 40
0.0
 40
0.0
 40
0.0
 40
1.0
 40
1.0
 40
1.0
 10
40.486403984418075
 20
218.73642415394858
 30
0.0
 10
40.43639584639725
 20
218.53643229196942
 30
0.0
 10
40.41141212243891
 20
218.33639973988608
 30
0.0
  0
SPLINE
  5
29C
330
17
100
AcDbEntity
  8
ENGRAVE
100
AcDbSpline
 70
0
 71
2
 72
6
 73
3
 74
0
 40
0.0
 40
0.0
 40
0.0
 40
1.0
 40
1.0
 40
1.0
 10
40.56139584639725
 20
219.06141601592776
 30
0.0
 10
40.53641212243891
 20
218.93641601592776
 30
0.0
 10
40.486403984418075
 20
218.73642415394858
 30
0.0
  0
SPLINE
  5
29D
330
17
100
AcDbEntity
  8
ENGRAVE
100
AcDbSpline
 70
0
 71
2
 72
6
 73
3
 74
0
 40
0.0
 40
0.0
 40
0.0
 40
1.0
 40
1.0
 40
1.0
 10
40.71142026045975
 20
219.53643229196942
 30
0.0
 10
40.636428398480575
 20
219.26144856801108
 30
0.0
 10
40.56139584639725
 20
219.06141601592776
 30
0.0
  0
SPLINE
  5
29E
330
17
100
AcDbEntity
  8
ENGRAVE
100
AcDbSpline
 70
0
 71
2
 72
6
 73
3
 74
0
 40
0.0
 40
0.0
 40
0.0
 40
1.0
 40
1.0
 40
1.0
 10
39.96142026045975
 20
223.73646484405276
 30
0.0
 10
40.23644467452225
 20
224.48646484405276
 30
0.0
 10
40.636428398480575
 20
225.63644856801108
 30
0.0
  0
SPLINE
  5
29F
330
17
100
AcDbEntity
  8
ENGRAVE
100
AcDbSpline
 70
0
 71
2
 72
6
 73
3
 74
0
 40
0.0
 40
0.0
 40
0.0
 40
1.0
 40
1.0
 40
1.0
 10
40.81139584639725
 20
219.96139973988608
 30
0.0
 10
40.78641212243891
 20
219.81141601592776
 30
0.0
 10
40.71142026045975
 20
219.53643229196942
 30
0.0
  0
SPLINE
  5
2A0
330
17
100
AcDbEntity
  8
ENGRAVE
100
AcDbSpline
 70
0
 71
2
 72
6
 73
3
 74
0
 40
0.0
 40
0.0
 40
0.0
 40
1.0
 40
1.0
 40
1.0
 10
40.41141212243891
 20
218.33639973988608
 30
0.0
 10
40.53641212243891
 20
218.48646484405276
 30
0.0
 10
40.761428398480575
 20
218.69894856801108
 30
0.0
  0
SPLINE
  5
2A1
330
17
100
AcDbEntity
  8
ENGRAVE
100
AcDbSpline
 70
0
 71
2
 72
6
 73
3
 74
0
 40
0.0
 40
0.0
 40
0.0
 40
1.0
 40
1.0
 40
1.0
 10
40.89892026045975
 20
220.13640787790692
 30
0.0
 10
40.81139584639725
 20
219.96139973988608
 30
0.0
 10
40.81139584639725
 20
219.96139973988608
 30
0.0
  0
SPLINE
  5
2A2
330
17
100
AcDbEntity
  8
ENGRAVE
100
AcDbSpline
 70
0
 71
2
 72
6
 73
3
 74
0
 40
0.0
 40
0.0
 40
0.0
 40
1.0
 40
1.0
 40
1.0
 10
41.086379570355575
 20
220.51144856801108
 30
0.0
 10
40.98644467452225
 20
220.31141601592776
 30
0.0
 10
40.89892026045975
 20
220.13640787790692
 30
0.0
  0
SPLINE
  5
2A3
330
17
100
AcDbEntity
  8
ENGRAVE
100
AcDbSpline
 70
0
 71
2
 72
6
 73
3
 74
0
 40
0.0
 40
0.0
 40
0.0
 40
1.0
 40
1.0
 40
1.0
 10
41.32388770837641
 20
221.01140787790692
 30
0.0
 10
41.18639584639725
 20
220.71139973988608
 30
0.0
 10
41.086379570355575
 20
220.51144856801108
 30
0.0
  0
SPLINE
  5
2A4
330
17
100
AcDbEntity
  8
ENGRAVE
100
AcDbSpline
 70
0
 71
2
 72
6
 73
3
 74
0
 40
0.0
 40
0.0
 40
0.0
 40
1.0
 40
1.0
 40
1.0
 10
41.48644467452225
 20
221.43641601592776
 30
0.0
 10
41.461379570355575
 20
221.31141601592776
 30
0.0
 10
41.32388770837641
 20
221.01140787790692
 30
0.0
  0
SPLINE
  5
2A5
330
17
100
AcDbEntity
  8
ENGRAVE
100
AcDbSpline
 70
0
 71
2
 72
6
 73
3
 74
0
 40
0.0
 40
0.0
 40
0.0
 40
1.0
 40
1.0
 40
1.0
 10
40.761428398480575
 20
218.69894856801108
 30
0.0
 10
40.98644467452225
 20
218.91143229196942
 30
0.0
 10
41.336379570355575
 20
219.23646484405276
 30
0.0
  0
SPLINE
  5
2A6
330
17
100
AcDbEntity
  8
ENGRAVE
100
AcDbSpline
 70
0
 71
2
 72
6
 73
3
 74
0
 40
0.0
 40
0.0
 40
0.0
 40
1.0
 40
1.0
 40
1.0
 10
40.636428398480575
 20
225.63644856801108
 30
0.0
 10
41.18639584639725
 20
227.13644856801108
 30
0.0
 10
41.46142026045975
 20
227.88644856801108
 30
0.0
  0
SPLINE
  5
2A7
330
17
100
AcDbEntity
  8
ENGRAVE
100
AcDbSpline
 70
0
 71
2
 72
6
 73
3
 74
0
 40
0.0
 40
0.0
 40
0.0
 40
1.0
 40
1.0
 40
1.0
 10
42.23644467452225
 20
223.46144042999026
 30
0.0
 10
41.86144467452225
 20
222.36146484405276
 30
0.0
 10
41.48644467452225
 20
221.43641601592776
 30
0.0
  0
SPLINE
  5
2A8
330
17
100
AcDbEntity
  8
ENGRAVE
100
AcDbSpline
 70
0
 71
2
 72
6
 73
3
 74
0
 40
0.0
 40
0.0
 40
0.0
 40
1.0
 40
1.0
 40
1.0
 10
43.49889584639725
 20
218.43641601592776
 30
0.0
 10
42.711379570355575
 20
217.93641601592776
 30
0.0
 10
41.861403984418075
 20
217.17392415394858
 30
0.0
  0
SPLINE
  5
2A9
330
17
100
AcDbEntity
  8
ENGRAVE
100
AcDbSpline
 70
0
 71
2
 72
6
 73
3
 74
0
 40
0.0
 40
0.0
 40
0.0
 40
1.0
 40
1.0
 40
1.0
 10
41.46142026045975
 20
227.88644856801108
 30
0.0
 10
41.73644467452225
 20
228.63644856801108
 30
0.0
 10
41.86144467452225
 20
228.96144042999026
 30
0.0
  0
SPLINE
  5
2AA
330
17
100
AcDbEntity
  8
ENGRAVE
100
AcDbSpline
 70
0
 71
2
 72
6
 73
3
 74
0
 40
0.0
 40
0.0
 40
0.0
 40
1.0
 40
1.0
 40
1.0
 10
41.336379570355575
 20
219.23646484405276
 30
0.0
 10
41.73644467452225
 20
219.58639973988608
 30
0.0
 10
42.03641212243891
 20
219.83639973988608
 30
0.0
  0
SPLINE
  5
2AB
330
17
100
AcDbEntity
  8
ENGRAVE
100
AcDbSpline
 70
0
 71
2
 72
6
 73
3
 74
0
 40
0.0
 40
0.0
 40
0.0
 40
1.0
 40
1.0
 40
1.0
 10
41.86144467452225
 20
228.96144042999026
 30
0.0
 10
41.98644467452225
 20
229.28643229196942
 30
0.0
 10
42.03641212243891
 20
229.48646484405276
 30
0.0
  0
SPLINE
  5
2AC
330
17
100
AcDbEntity
  8
ENGRAVE
100
AcDbSpline
 70
0
 71
2
 72
6
 73
3
 74
0
 40
0.0
 40
0.0
 40
0.0
 40
1.0
 40
1.0
 40
1.0
 10
42.99893653650141
 20
225.67392415394858
 30
0.0
 10
42.61144467452225
 20
224.56141601592776
 30
0.0
 10
42.23644467452225
 20
223.46144042999026
 30
0.0
  0
SPLINE
  5
2AD
330
17
100
AcDbEntity
  8
ENGRAVE
100
AcDbSpline
 70
0
 71
2
 72
6
 73
3
 74
0
 40
0.0
 40
0.0
 40
0.0
 40
1.0
 40
1.0
 40
1.0
 10
42.03641212243891
 20
229.48646484405276
 30
0.0
 10
42.03641212243891
 20
229.68641601592776
 30
0.0
 10
42.323928398480575
 20
229.87391601592776
 30
0.0
  0
SPLINE
  5
2AE
330
17
100
AcDbEntity
  8
ENGRAVE
100
AcDbSpline
 70
0
 71
2
 72
6
 73
3
 74
0
 40
0.0
 40
0.0
 40
0.0
 40
1.0
 40
1.0
 40
1.0
 10
42.03641212243891
 20
219.83639973988608
 30
0.0
 10
42.336379570355575
 20
220.08639973988608
 30
0.0
 10
42.636428398480575
 20
220.28643229196942
 30
0.0
  0
SPLINE
  5
2AF
330
17
100
AcDbEntity
  8
ENGRAVE
100
AcDbSpline
 70
0
 71
2
 72
6
 73
3
 74
0
 40
0.0
 40
0.0
 40
0.0
 40
1.0
 40
1.0
 40
1.0
 10
42.323928398480575
 20
229.87391601592776
 30
0.0
 10
42.61144467452225
 20
230.06141601592776
 30
0.0
 10
42.836379570355575
 20
230.06141601592776
 30
0.0
  0
SPLINE
  5
2B0
330
17
100
AcDbEntity
  8
ENGRAVE
100
AcDbSpline
 70
0
 71
2
 72
6
 73
3
 74
0
 40
0.0
 40
0.0
 40
0.0
 40
1.0
 40
1.0
 40
1.0
 10
43.78641212243891
 20
227.68641601592776
 30
0.0
 10
43.386428398480575
 20
226.78643229196942
 30
0.0
 10
42.99893653650141
 20
225.67392415394858
 30
0.0
  0
SPLINE
  5
2B1
330
17
100
AcDbEntity
  8
ENGRAVE
100
AcDbSpline
 70
0
 71
2
 72
6
 73
3
 74
0
 40
0.0
 40
0.0
 40
0.0
 40
1.0
 40
1.0
 40
1.0
 10
42.636428398480575
 20
220.28643229196942
 30
0.0
 10
42.91141212243891
 20
220.48646484405276
 30
0.0
 10
43.14892026045975
 20
220.66143229196942
 30
0.0
  0
SPLINE
  5
2B2
330
17
100
AcDbEntity
  8
ENGRAVE
100
AcDbSpline
 70
0
 71
2
 72
6
 73
3
 74
0
 40
0.0
 40
0.0
 40
0.0
 40
1.0
 40
1.0
 40
1.0
 10
43.14892026045975
 20
220.66143229196942
 30
0.0
 10
43.386428398480575
 20
220.83639973988608
 30
0.0
 10
43.386428398480575
 20
220.83639973988608
 30
0.0
  0
SPLINE
  5
2B3
330
17
100
AcDbEntity
  8
ENGRAVE
100
AcDbSpline
 70
0
 71
2
 72
6
 73
3
 74
0
 40
0.0
 40
0.0
 40
0.0
 40
1.0
 40
1.0
 40
1.0
 10
44.66141212243891
 20
218.93641601592776
 30
0.0
 10
44.28641212243891
 20
218.93641601592776
 30
0.0
 10
43.49889584639725
 20
218.43641601592776
 30
0.0
  0
SPLINE
  5
2B4
330
17
100
AcDbEntity
  8
ENGRAVE
100
AcDbSpline
 70
0
 71
2
 72
6
 73
3
 74
0
 40
0.0
 40
0.0
 40
0.0
 40
1.0
 40
1.0
 40
1.0
 10
43.386428398480575
 20
220.83639973988608
 30
0.0
 10
43.43639584639725
 20
220.91143229196942
 30
0.0
 10
43.49889584639725
 20
221.01144856801108
 30
0.0
  0
SPLINE
  5
2B5
330
17
100
AcDbEntity
  8
ENGRAVE
100
AcDbSpline
 70
0
 71
2
 72
6
 73
3
 74
0
 40
0.0
 40
0.0
 40
0.0
 40
1.0
 40
1.0
 40
1.0
 10
42.836379570355575
 20
230.06141601592776
 30
0.0
 10
43.18639584639725
 20
230.03643229196942
 30
0.0
 10
43.51138770837641
 20
229.64894042999026
 30
0.0
  0
SPLINE
  5
2B6
330
17
100
AcDbEntity
  8
ENGRAVE
100
AcDbSpline
 70
0
 71
2
 72
6
 73
3
 74
0
 40
0.0
 40
0.0
 40
0.0
 40
1.0
 40
1.0
 40
1.0
 10
43.49889584639725
 20
221.01144856801108
 30
0.0
 10
43.56139584639725
 20
221.11146484405276
 30
0.0
 10
43.636428398480575
 20
221.13644856801108
 30
0.0
  0
SPLINE
  5
2B7
330
17
100
AcDbEntity
  8
ENGRAVE
100
AcDbSpline
 70
0
 71
2
 72
6
 73
3
 74
0
 40
0.0
 40
0.0
 40
0.0
 40
1.0
 40
1.0
 40
1.0
 10
43.961379570355575
 20
228.72393229196942
 30
0.0
 10
44.086379570355575
 20
228.18641601592776
 30
0.0
 10
43.78641212243891
 20
227.68641601592776
 30
0.0
  0
SPLINE
  5
2B8
330
17
100
AcDbEntity
  8
ENGRAVE
100
AcDbSpline
 70
0
 71
2
 72
6
 73
3
 74
0
 40
0.0
 40
0.0
 40
0.0
 40
1.0
 40
1.0
 40
1.0
 10
43.636428398480575
 20
221.13644856801108
 30
0.0
 10
43.68639584639725
 20
221.18641601592776
 30
0.0
 10
43.81139584639725
 20
221.27394042999026
 30
0.0
  0
SPLINE
  5
2B9
330
17
100
AcDbEntity
  8
ENGRAVE
100
AcDbSpline
 70
0
 71
2
 72
6
 73
3
 74
0
 40
0.0
 40
0.0
 40
0.0
 40
1.0
 40
1.0
 40
1.0
 10
43.51138770837641
 20
229.64894042999026
 30
0.0
 10
43.836379570355575
 20
229.26144856801108
 30
0.0
 10
43.961379570355575
 20
228.72393229196942
 30
0.0
  0
SPLINE
  5
2BA
330
17
100
AcDbEntity
  8
ENGRAVE
100
AcDbSpline
 70
0
 71
2
 72
6
 73
3
 74
0
 40
0.0
 40
0.0
 40
0.0
 40
1.0
 40
1.0
 40
1.0
 10
43.81139584639725
 20
221.27394042999026
 30
0.0
 10
43.93639584639725
 20
221.36146484405276
 30
0.0
 10
44.06139584639725
 20
221.46139973988608
 30
0.0
  0
SPLINE
  5
2BB
330
17
100
AcDbEntity
  8
ENGRAVE
100
AcDbSpline
 70
0
 71
2
 72
6
 73
3
 74
0
 40
0.0
 40
0.0
 40
0.0
 40
1.0
 40
1.0
 40
1.0
 10
44.91141212243891
 20
218.44890787790692
 30
0.0
 10
44.93639584639725
 20
218.93641601592776
 30
0.0
 10
44.66141212243891
 20
218.93641601592776
 30
0.0
  0
SPLINE
  5
2BC
330
17
100
AcDbEntity
  8
ENGRAVE
100
AcDbSpline
 70
0
 71
2
 72
6
 73
3
 74
0
 40
0.0
 40
0.0
 40
0.0
 40
1.0
 40
1.0
 40
1.0
 10
44.923903984418075
 20
215.63640787790692
 30
0.0
 10
44.761428398480575
 20
216.08639973988608
 30
0.0
 10
44.78641212243891
 20
216.86146484405276
 30
0.0
  0
SPLINE
  5
2BD
330
17
100
AcDbEntity
  8
ENGRAVE
100
AcDbSpline
 70
0
 71
2
 72
6
 73
3
 74
0
 40
0.0
 40
0.0
 40
0.0
 40
1.0
 40
1.0
 40
1.0
 10
44.78641212243891
 20
216.86146484405276
 30
0.0
 10
44.886428398480575
 20
217.96139973988608
 30
0.0
 10
44.91141212243891
 20
218.44890787790692
 30
0.0
  0
SPLINE
  5
2BE
330
17
100
AcDbEntity
  8
ENGRAVE
100
AcDbSpline
 70
0
 71
2
 72
6
 73
3
 74
0
 40
0.0
 40
0.0
 40
0.0
 40
1.0
 40
1.0
 40
1.0
 10
45.56139584639725
 20
214.86146484405276
 30
0.0
 10
45.086379570355575
 20
215.18641601592776
 30
0.0
 10
44.923903984418075
 20
215.63640787790692
 30
0.0
  0
SPLINE
  5
2BF
330
17
100
AcDbEntity
  8
ENGRAVE
100
AcDbSpline
 70
0
 71
2
 72
6
 73
3
 74
0
 40
0.0
 40
0.0
 40
0.0
 40
1.0
 40
1.0
 40
1.0
 10
46.52392026045975
 20
214.68641601592776
 30
0.0
 10
46.06139584639725
 20
214.58639973988608
 30
0.0
 10
45.56139584639725
 20
214.86146484405276
 30
0.0
  0
SPLINE
  5
2C0
330
17
100
AcDbEntity
  8
ENGRAVE
100
AcDbSpline
 70
0
 71
2
 72
6
 73
3
 74
0
 40
0.0
 40
0.0
 40
0.0
 40
1.0
 40
1.0
 40
1.0
 10
44.06139584639725
 20
221.46139973988608
 30
0.0
 10
44.761428398480575
 20
221.91143229196942
 30
0.0
 10
45.586379570355575
 20
221.91143229196942
 30
0.0
  0
SPLINE
  5
2C1
330
17
100
AcDbEntity
  8
ENGRAVE
100
AcDbSpline
 70
0
 71
2
 72
6
 73
3
 74
0
 40
0.0
 40
0.0
 40
0.0
 40
1.0
 40
1.0
 40
1.0
 10
45.586379570355575
 20
221.91143229196942
 30
0.0
 10
45.886428398480575
 20
221.91143229196942
 30
0.0
 10
46.21142026045975
 20
221.67392415394858
 30
0.0
  0
SPLINE
  5
2C2
330
17
100
AcDbEntity
  8
ENGRAVE
100
AcDbSpline
 70
0
 71
2
 72
6
 73
3
 74
0
 40
0.0
 40
0.0
 40
0.0
 40
1.0
 40
1.0
 40
1.0
 10
47.586379570355575
 20
215.18641601592776
 30
0.0
 10
46.98644467452225
 20
214.78643229196942
 30
0.0
 10
46.52392026045975
 20
214.68641601592776
 30
0.0
  0
SPLINE
  5
2C3
330
17
100
AcDbEntity
  8
ENGRAVE
100
AcDbSpline
 70
0
 71
2
 72
6
 73
3
 74
0
 40
0.0
 40
0.0
 40
0.0
 40
1.0
 40
1.0
 40
1.0
 10
46.21142026045975
 20
221.67392415394858
 30
0.0
 10
46.53641212243891
 20
221.43641601592776
 30
0.0
 10
46.81139584639725
 20
221.01144856801108
 30
0.0
  0
SPLINE
  5
2C4
330
17
100
AcDbEntity
  8
ENGRAVE
100
AcDbSpline
 70
0
 71
2
 72
6
 73
3
 74
0
 40
0.0
 40
0.0
 40
0.0
 40
1.0
 40
1.0
 40
1.0
 10
47.02392026045975
 20
218.33644042999026
 30
0.0
 10
46.91141212243891
 20
217.78643229196942
 30
0.0
 10
46.86144467452225
 20
217.51144856801108
 30
0.0
  0
SPLINE
  5
2C5
330
17
100
AcDbEntity
  8
ENGRAVE
100
AcDbSpline
 70
0
 71
2
 72
6
 73
3
 74
0
 40
0.0
 40
0.0
 40
0.0
 40
1.0
 40
1.0
 40
1.0
 10
47.136428398480575
 20
219.08639973988608
 30
0.0
 10
47.136428398480575
 20
218.88644856801108
 30
0.0
 10
47.02392026045975
 20
218.33644042999026
 30
0.0
  0
SPLINE
  5
2C6
330
17
100
AcDbEntity
  8
ENGRAVE
100
AcDbSpline
 70
0
 71
2
 72
6
 73
3
 74
0
 40
0.0
 40
0.0
 40
0.0
 40
1.0
 40
1.0
 40
1.0
 10
46.81139584639725
 20
221.01144856801108
 30
0.0
 10
47.23644467452225
 20
220.41143229196942
 30
0.0
 10
47.136428398480575
 20
219.08639973988608
 30
0.0
  0
SPLINE
  5
2C7
330
17
100
AcDbEntity
  8
ENGRAVE
100
AcDbSpline
 70
0
 71
2
 72
6
 73
3
 74
0
 40
0.0
 40
0.0
 40
0.0
 40
1.0
 40
1.0
 40
1.0
 10
46.836379570355575
 20
216.66143229196942
 30
0.0
 10
47.11144467452225
 20
216.76144856801108
 30
0.0
 10
47.37393653650141
 20
216.68645670603192
 30
0.0
  0
SPLINE
  5
2C8
330
17
100
AcDbEntity
  8
ENGRAVE
100
AcDbSpline
 70
0
 71
2
 72
6
 73
3
 74
0
 40
0.0
 40
0.0
 40
0.0
 40
1.0
 40
1.0
 40
1.0
 10
48.03641212243891
 20
215.71139973988608
 30
0.0
 10
47.836379570355575
 20
215.33639973988608
 30
0.0
 10
47.586379570355575
 20
215.18641601592776
 30
0.0
  0
SPLINE
  5
2C9
330
17
100
AcDbEntity
  8
ENGRAVE
100
AcDbSpline
 70
0
 71
2
 72
6
 73
3
 74
0
 40
0.0
 40
0.0
 40
0.0
 40
1.0
 40
1.0
 40
1.0
 10
47.37393653650141
 20
216.68645670603192
 30
0.0
 10
47.636428398480575
 20
216.61146484405276
 30
0.0
 10
47.636428398480575
 20
216.61146484405276
 30
0.0
  0
SPLINE
  5
2CA
330
17
100
AcDbEntity
  8
ENGRAVE
100
AcDbSpline
 70
0
 71
2
 72
6
 73
3
 74
0
 40
0.0
 40
0.0
 40
0.0
 40
1.0
 40
1.0
 40
1.0
 10
47.636428398480575
 20
216.61146484405276
 30
0.0
 10
47.761428398480575
 20
216.53643229196942
 30
0.0
 10
47.87393653650141
 20
216.43641601592776
 30
0.0
  0
SPLINE
  5
2CB
330
17
100
AcDbEntity
  8
ENGRAVE
100
AcDbSpline
 70
0
 71
2
 72
6
 73
3
 74
0
 40
0.0
 40
0.0
 40
0.0
 40
1.0
 40
1.0
 40
1.0
 10
48.086379570355575
 20
216.28643229196942
 30
0.0
 10
48.23644467452225
 20
216.08639973988608
 30
0.0
 10
48.03641212243891
 20
215.71139973988608
 30
0.0
  0
SPLINE
  5
2CC
330
17
100
AcDbEntity
  8
ENGRAVE
100
AcDbSpline
 70
0
 71
2
 72
6
 73
3
 74
0
 40
0.0
 40
0.0
 40
0.0
 40
1.0
 40
1.0
 40
1.0
 10
47.87393653650141
 20
216.43641601592776
 30
0.0
 10
47.98644467452225
 20
216.33639973988608
 30
0.0
 10
48.086379570355575
 20
216.28643229196942
 30
0.0
  0
LINE
  5
2CD
330
17
100
AcDbEntity
  8
ENGRAVE
100
AcDbLine
 10
-47.088506497352746
 20
217.68641601592776
 30
0.0
 11
-47.088506497352746
 21
217.56141601592776
 31
0.0
  0
LINE
  5
2CE
330
17
100
AcDbEntity
  8
ENGRAVE
100
AcDbLine
 10
-24.938522773394414
 20
211.43641601592776
 30
0.0
 11
-24.863490221311082
 21
212.16143229196942
 31
0.0
  0
LINE
  5
2CF
330
17
100
AcDbEntity
  8
ENGRAVE
100
AcDbLine
 10
-22.16345766922775
 20
223.28643229196942
 30
0.0
 11
-22.138473945269418
 21
223.33639973988608
 31
0.0
  0
LINE
  5
2D0
330
17
100
AcDbEntity
  8
ENGRAVE
100
AcDbLine
 10
3.6614935026472484
 20
219.86146484405276
 30
0.0
 11
3.7864935026472484
 21
220.41143229196942
 31
0.0
  0
LINE
  5
2D1
330
17
100
AcDbEntity
  8
ENGRAVE
100
AcDbLine
 10
4.311477226605582
 20
220.58639973988608
 30
0.0
 11
3.6614935026472484
 21
219.86146484405276
 31
0.0
  0
LINE
  5
2D2
330
17
100
AcDbEntity
  8
ENGRAVE
100
AcDbLine
 10
30.36144467452225
 20
222.48646484405276
 30
0.0
 11
31.361444674522247
 21
222.21139973988608
 31
0.0
  0
LINE
  5
2D3
330
17
100
AcDbEntity
  8
ENGRAVE
100
AcDbLine
 10
31.361444674522247
 20
222.21139973988608
 30
0.0
 11
30.68639584639725
 21
220.76144856801108
 31
0.0
  0
LINE
  5
2D4
330
17
100
AcDbEntity
  8
ENGRAVE
100
AcDbLine
 10
46.636428398480575
 20
216.66143229196942
 30
0.0
 11
46.86144467452225
 21
217.51144856801108
 31
0.0
  0
LINE
  5
2D5
330
17
100
AcDbEntity
  8
ENGRAVE
100
AcDbLine
 10
46.836379570355575
 20
216.66143229196942
 30
0.0
 11
46.636428398480575
 21
216.66143229196942
 31
0.0
  0
ENDSEC
  0
SECTION
  2
OBJECTS
  0
DICTIONARY
  5
A
330
0
100
AcDbDictionary
281
1
  3
ACAD_COLOR
350
B
  3
ACAD_GROUP
350
C
  3
ACAD_LAYOUT
350
D
  3
ACAD_MATERIAL
350
E
  3
ACAD_MLEADERSTYLE
350
F
  3
ACAD_MLINESTYLE
350
10
  3
ACAD_PLOTSETTINGS
350
11
  3
ACAD_PLOTSTYLENAME
350
12
  3
ACAD_SCALELIST
350
14
  3
ACAD_TABLESTYLE
350
15
  3
ACAD_VISUALSTYLE
350
16
  3
EZDXF_META
350
2D
  0
DICTIONARY
  5
B
330
A
100
AcDbDictionary
281
1
  0
DICTIONARY
  5
C
330
A
100
AcDbDictionary
281
1
  0
DICTIONARY
  5
D
330
A
100
AcDbDictionary
281
1
  3
Model
350
1A
  3
Layout1
350
1E
  0
DICTIONARY
  5
E
330
A
100
AcDbDictionary
281
1
  3
ByBlock
350
1F
  3
ByLayer
350
20
  3
Global
350
21
  0
DICTIONARY
  5
F
330
A
100
AcDbDictionary
281
1
  3
Standard
350
2C
  0
DICTIONARY
  5
10
330
A
100
AcDbDictionary
281
1
  3
Standard
350
22
  0
DICTIONARY
  5
11
330
A
100
AcDbDictionary
281
1
  0
ACDBDICTIONARYWDFLT
  5
12
330
A
100
AcDbDictionary
281
1
  3
Normal
350
13
100
AcDbDictionaryWithDefault
340
13
  0
ACDBPLACEHOLDER
  5
13
330
12
  0
DICTIONARY
  5
14
330
A
100
AcDbDictionary
281
1
  0
DICTIONARY
  5
15
330
A
100
AcDbDictionary
281
1
  0
DICTIONARY
  5
16
330
A
100
AcDbDictionary
281
1
  0
LAYOUT
  5
1A
330
D
100
AcDbPlotSettings
  1

  4
A3
  6

 40
7.5
 41
20.0
 42
7.5
 43
20.0
 44
420.0
 45
297.0
 46
0.0
 47
0.0
 48
0.0
 49
0.0
140
0.0
141
0.0
142
1.0
143
1.0
 70
1024
 72
1
 73
0
 74
5
  7

 75
16
 76
0
 77
2
 78
300
147
1.0
148
0.0
149
0.0
100
AcDbLayout
  1
Model
 70
1
 71
0
 10
0.0
 20
0.0
 11
420.0
 21
297.0
 12
0.0
 22
0.0
 32
0.0
 14
1e+20
 24
1e+20
 34
1e+20
 15
-1e+20
 25
-1e+20
 35
-1e+20
146
0.0
 13
0.0
 23
0.0
 33
0.0
 16
1.0
 26
0.0
 36
0.0
 17
0.0
 27
1.0
 37
0.0
 76
1
330
17
  0
LAYOUT
  5
1E
330
D
100
AcDbPlotSettings
  1

  4
A3
  6

 40
7.5
 41
20.0
 42
7.5
 43
20.0
 44
420.0
 45
297.0
 46
0.0
 47
0.0
 48
0.0
 49
0.0
140
0.0
141
0.0
142
1.0
143
1.0
 70
0
 72
1
 73
0
 74
5
  7

 75
16
 76
0
 77
2
 78
300
147
1.0
148
0.0
149
0.0
100
AcDbLayout
  1
Layout1
 70
1
 71
1
 10
0.0
 20
0.0
 11
420.0
 21
297.0
 12
0.0
 22
0.0
 32
0.0
 14
1e+20
 24
1e+20
 34
1e+20
 15
-1e+20
 25
-1e+20
 35
-1e+20
146
0.0
 13
0.0
 23
0.0
 33
0.0
 16
1.0
 26
0.0
 36
0.0
 17
0.0
 27
1.0
 37
0.0
 76
1
330
1B
  0
MATERIAL
  5
1F
102
{ACAD_REACTORS
330
E
102
}
330
E
100
AcDbMaterial
  1
ByBlock
  2

 70
0
 40
1.0
 71
1
 41
1.0
 91
-1023410177
 42
1.0
 72
1
  3

 73
1
 74
1
 75
1
 44
0.5
 73
0
 45
1.0
 46
1.0
 77
1
  4

 78
1
 79
1
170
1
 48
1.0
171
1
  6

172
1
173
1
174
1
140
1.0
141
1.0
175
1
  7

176
1
177
1
178
1
143
1.0
179
1
  8

270
1
271
1
272
1
145
1.0
146
1.0
273
1
  9

274
1
275
1
276
1
 42
1.0
 72
1
  3

 73
1
 74
1
 75
1
 94
63
  0
MATERIAL
  5
20
102
{ACAD_REACTORS
330
E
102
}
330
E
100
AcDbMaterial
  1
ByLayer
  2

 70
0
 40
1.0
 71
1
 41
1.0
 91
-1023410177
 42
1.0
 72
1
  3

 73
1
 74
1
 75
1
 44
0.5
 73
0
 45
1.0
 46
1.0
 77
1
  4

 78
1
 79
1
170
1
 48
1.0
171
1
  6

172
1
173
1
174
1
140
1.0
141
1.0
175
1
  7

176
1
177
1
178
1
143
1.0
179
1
  8

270
1
271
1
272
1
145
1.0
146
1.0
273
1
  9

274
1
275
1
276
1
 42
1.0
 72
1
  3

 73
1
 74
1
 75
1
 94
63
  0
MATERIAL
  5
21
102
{ACAD_REACTORS
330
E
102
}
330
E
100
AcDbMaterial
  1
Global
  2

 70
0
 40
1.0
 71
1
 41
1.0
 91
-1023410177
 42
1.0
 72
1
  3

 73
1
 74
1
 75
1
 44
0.5
 73
0
 45
1.0
 46
1.0
 77
1
  4

 78
1
 79
1
170
1
 48
1.0
171
1
  6

172
1
173
1
174
1
140
1.0
141
1.0
175
1
  7

176
1
177
1
178
1
143
1.0
179
1
  8

270
1
271
1
272
1
145
1.0
146
1.0
273
1
  9

274
1
275
1
276
1
 42
1.0
 72
1
  3

 73
1
 74
1
 75
1
 94
63
  0
MLINESTYLE
  5
22
102
{ACAD_REACTORS
330
10
102
}
330
10
100
AcDbMlineStyle
  2
Standard
 70
0
  3

 62
256
 51
90.0
 52
90.0
 71
2
 49
0.5
 62
256
  6
BYLAYER
 49
-0.5
 62
256
  6
BYLAYER
  0
MLEADERSTYLE
  5
2C
102
{ACAD_REACTORS
330
F
102
}
330
F
100
AcDbMLeaderStyle
179
2
170
2
171
1
172
0
 90
2
 40
0.0
 41
0.0
173
1
 91
-1056964608
 92
-2
290
1
 42
2.0
291
1
 43
8.0
  3
Standard
 44
4.0
300

342
29
174
1
175
1
176
0
178
1
 93
-1056964608
 45
4.0
292
0
297
0
 46
4.0
 94
-1056964608
 47
1.0
 49
1.0
140
1.0
294
1
141
0.0
177
0
142
1.0
295
0
296
0
143
3.75
271
0
272
9
273
9
  0
DICTIONARY
  5
2D
330
A
100
AcDbDictionary
280
1
281
1
  3
CREATED_BY_EZDXF
350
2E
  3
WRITTEN_BY_EZDXF
350
2D9
  0
DICTIONARYVAR
  5
2E
330
2D
100
DictionaryVariables
280
0
  1
0.0 @ 2000-01-01T00:00:00.000000+00:00
  0
DICTIONARYVAR
  5
2D9
330
2D
100
DictionaryVariables
280
0
  1
0.0 @ 2000-01-01T00:00:00.000000+00:00
  0
ENDSEC
  0
EOF
