  0
SECTION
  2
HEADER
  9
$ACADVER
  1
AC1027
  9
$ACADMAINTVER
 70
105
  9
$DWGCODEPAGE
  3
ANSI_1252
  9
$LASTSAVEDBY
  1
ezdxf
  9
$REQUIREDVERSIONS
160
0
  9
$INSBASE
 10
0.0
 20
0.0
 30
0.0
  9
$EXTMIN
 10
1e+20
 20
1e+20
 30
1e+20
  9
$EXTMAX
 10
-1e+20
 20
-1e+20
 30
-1e+20
  9
$LIMMIN
 10
0.0
 20
0.0
  9
$LIMMAX
 10
420.0
 20
297.0
  9
$ORTHOMODE
 70
0
  9
$REGENMODE
 70
1
  9
$FILLMODE
 70
1
  9
$QTEXTMODE
 70
0
  9
$MIRRTEXT
 70
1
  9
$LTSCALE
 40
1.0
  9
$ATTMODE
 70
1
  9
$TEXTSIZE
 40
2.5
  9
$TRACEWID
 40
1.0
  9
$TEXTSTYLE
  7
Standard
  9
$CLAYER
  8
0
  9
$CELTYPE
  6
ByLayer
  9
$CECOLOR
 62
256
  9
$CELTSCALE
 40
1.0
  9
$DISPSILH
 70
0
  9
$DIMSCALE
 40
1.0
  9
$DIMASZ
 40
2.5
  9
$DIMEXO
 40
0.625
  9
$DIMDLI
 40
3.75
  9
$DIMRND
 40
0.0
  9
$DIMDLE
 40
0.0
  9
$DIMEXE
 40
1.25
  9
$DIMTP
 40
0.0
  9
$DIMTM
 40
0.0
  9
$DIMTXT
 40
2.5
  9
$DIMCEN
 40
2.5
  9
$DIMTSZ
 40
0.0
  9
$DIMTOL
 70
0
  9
$DIMLIM
 70
0
  9
$DIMTIH
 70
0
  9
$DIMTOH
 70
0
  9
$DIMSE1
 70
0
  9
$DIMSE2
 70
0
  9
$DIMTAD
 70
1
  9
$DIMZIN
 70
8
  9
$DIMBLK
  1

  9
$DIMASO
 70
1
  9
$DIMSHO
 70
1
  9
$DIMPOST
  1

  9
$DIMAPOST
  1

  9
$DIMALT
 70
0
  9
$DIMALTD
 70
3
  9
$DIMALTF
 40
0.03937007874
  9
$DIMLFAC
 40
1.0
  9
$DIMTOFL
 70
1
  9
$DIMTVP
 40
0.0
  9
$DIMTIX
 70
0
  9
$DIMSOXD
 70
0
  9
$DIMSAH
 70
0
  9
$DIMBLK1
  1

  9
$DIMBLK2
  1

  9
$DIMSTYLE
  2
ISO-25
  9
$DIMCLRD
 70
0
  9
$DIMCLRE
 70
0
  9
$DIMCLRT
 70
0
  9
$DIMTFAC
 40
1.0
  9
$DIMGAP
 40
0.625
  9
$DIMJUST
 70
0
  9
$DIMSD1
 70
0
  9
$DIMSD2
 70
0
  9
$DIMTOLJ
 70
0
  9
$DIMTZIN
 70
8
  9
$DIMALTZ
 70
0
  9
$DIMALTTZ
 70
0
  9
$DIMUPT
 70
0
  9
$DIMDEC
 70
2
  9
$DIMTDEC
 70
2
  9
$DIMALTU
 70
2
  9
$DIMALTTD
 70
3
  9
$DIMTXSTY
  7
Standard
  9
$DIMAUNIT
 70
0
  9
$DIMADEC
 70
0
  9
$DIMALTRND
 40
0.0
  9
$DIMAZIN
 70
0
  9
$DIMDSEP
 70
44
  9
$DIMATFIT
 70
3
  9
$DIMFRAC
 70
0
  9
$DIMLDRBLK
  1

  9
$DIMLUNIT
 70
2
  9
$DIMLWD
 70
-2
  9
$DIMLWE
 70
-2
  9
$DIMTMOVE
 70
0
  9
$DIMFXL
 40
1.0
  9
$DIMFXLON
 70
0
  9
$DIMJOGANG
 40
0.785398163397
  9
$DIMTFILL
 70
0
  9
$DIMTFILLCLR
 70
0
  9
$DIMARCSYM
 70
0
  9
$DIMLTYPE
  6

  9
$DIMLTEX1
  6

  9
$DIMLTEX2
  6

  9
$DIMTXTDIRECTION
 70
0
  9
$LUNITS
 70
2
  9
$LUPREC
 70
4
  9
$SKETCHINC
 40
1.0
  9
$FILLETRAD
 40
10.0
  9
$AUNITS
 70
0
  9
$AUPREC
 70
2
  9
$MENU
  1
.
  9
$ELEVATION
 40
0.0
  9
$PELEVATION
 40
0.0
  9
$THICKNESS
 40
0.0
  9
$LIMCHECK
 70
0
  9
$CHAMFERA
 40
0.0
  9
$CHAMFERB
 40
0.0
  9
$CHAMFERC
 40
0.0
  9
$CHAMFERD
 40
0.0
  9
$SKPOLY
 70
0
  9
$TDCREATE
 40
2451545.0
  9
$TDUCREATE
 40
2451545.0
  9
$TDUPDATE
 40
2451545.0
  9
$TDUUPDATE
 40
2451545.0
  9
$TDINDWG
 40
0.0
  9
$TDUSRTIMER
 40
0.0
  9
$USRTIMER
 70
1
  9
$ANGBASE
 50
0.0
  9
$ANGDIR
 70
0
  9
$PDMODE
 70
0
  9
$PDSIZE
 40
0.0
  9
$PLINEWID
 40
0.0
  9
$SPLFRAME
 70
0
  9
$SPLINETYPE
 70
6
  9
$SPLINESEGS
 70
8
  9
$HANDSEED
  5
48C
  9
$SURFTAB1
 70
6
  9
$SURFTAB2
 70
6
  9
$SURFTYPE
 70
6
  9
$SURFU
 70
6
  9
$SURFV
 70
6
  9
$UCSBASE
  2

  9
$UCSNAME
  2

  9
$UCSORG
 10
0.0
 20
0.0
 30
0.0
  9
$UCSXDIR
 10
1.0
 20
0.0
 30
0.0
  9
$UCSYDIR
 10
0.0
 20
1.0
 30
0.0
  9
$UCSORTHOREF
  2

  9
$UCSORTHOVIEW
 70
0
  9
$UCSORGTOP
 10
0.0
 20
0.0
 30
0.0
  9
$UCSORGBOTTOM
 10
0.0
 20
0.0
 30
0.0
  9
$UCSORGLEFT
 10
0.0
 20
0.0
 30
0.0
  9
$UCSORGRIGHT
 10
0.0
 20
0.0
 30
0.0
  9
$UCSORGFRONT
 10
0.0
 20
0.0
 30
0.0
  9
$UCSORGBACK
 10
0.0
 20
0.0
 30
0.0
  9
$PUCSBASE
  2

  9
$PUCSNAME
  2

  9
$PUCSORG
 10
0.0
 20
0.0
 30
0.0
  9
$PUCSXDIR
 10
1.0
 20
0.0
 30
0.0
  9
$PUCSYDIR
 10
0.0
 20
1.0
 30
0.0
  9
$PUCSORTHOREF
  2

  9
$PUCSORTHOVIEW
 70
0
  9
$PUCSORGTOP
 10
0.0
 20
0.0
 30
0.0
  9
$PUCSORGBOTTOM
 10
0.0
 20
0.0
 30
0.0
  9
$PUCSORGLEFT
 10
0.0
 20
0.0
 30
0.0
  9
$PUCSORGRIGHT
 10
0.0
 20
0.0
 30
0.0
  9
$PUCSORGFRONT
 10
0.0
 20
0.0
 30
0.0
  9
$PUCSORGBACK
 10
0.0
 20
0.0
 30
0.0
  9
$USERI1
 70
0
  9
$USERI2
 70
0
  9
$USERI3
 70
0
  9
$USERI4
 70
0
  9
$USERI5
 70
0
  9
$USERR1
 40
0.0
  9
$USERR2
 40
0.0
  9
$USERR3
 40
0.0
  9
$USERR4
 40
0.0
  9
$USERR5
 40
0.0
  9
$WORLDVIEW
 70
1
  9
$SHADEDGE
 70
3
  9
$SHADEDIF
 70
70
  9
$TILEMODE
 70
1
  9
$MAXACTVP
 70
64
  9
$PINSBASE
 10
0.0
 20
0.0
 30
0.0
  9
$PLIMCHECK
 70
0
  9
$PEXTMIN
 10
1e+20
 20
1e+20
 30
1e+20
  9
$PEXTMAX
 10
-1e+20
 20
-1e+20
 30
-1e+20
  9
$PLIMMIN
 10
0.0
 20
0.0
  9
$PLIMMAX
 10
420.0
 20
297.0
  9
$UNITMODE
 70
0
  9
$VISRETAIN
 70
1
  9
$PLINEGEN
 70
0
  9
$PSLTSCALE
 70
1
  9
$TREEDEPTH
 70
3020
  9
$CMLSTYLE
  2
Standard
  9
$CMLJUST
 70
0
  9
$CMLSCALE
 40
20.0
  9
$PROXYGRAPHICS
 70
1
  9
$MEASUREMENT
 70
1
  9
$CELWEIGHT
370
-1
  9
$ENDCAPS
280
0
  9
$JOINSTYLE
280
0
  9
$LWDISPLAY
290
0
  9
$INSUNITS
 70
4
  9
$HYPERLINKBASE
  1

  9
$STYLESHEET
  1

  9
$XEDIT
290
1
  9
$CEPSNTYPE
380
0
  9
$PSTYLEMODE
290
1
  9
$FINGERPRINTGUID
  2
{00000000-0000-0000-0000-000000000000}
  9
$VERSIONGUID
  2
{00000000-0000-0000-0000-000000000000}
  9
$EXTNAMES
290
1
  9
$PSVPSCALE
 40
0.0
  9
$OLESTARTUP
290
0
  9
$SORTENTS
280
127
  9
$INDEXCTL
280
0
  9
$HIDETEXT
280
1
  9
$XCLIPFRAME
280
1
  9
$HALOGAP
280
0
  9
$OBSCOLOR
 70
257
  9
$OBSLTYPE
280
0
  9
$INTERSECTIONDISPLAY
280
0
  9
$INTERSECTIONCOLOR
 70
257
  9
$DIMASSOC
280
2
  9
$PROJECTNAME
  1

  9
$CAMERADISPLAY
290
0
  9
$LENSLENGTH
 40
50.0
  9
$CAMERAHEIGHT
 40
0.0
  9
$STEPSPERSEC
 40
24.0
  9
$STEPSIZE
 40
100.0
  9
$3DDWFPREC
 40
2.0
  9
$PSOLWIDTH
 40
0.005
  9
$PSOLHEIGHT
 40
0.08
  9
$LOFTANG1
 40
1.570796326795
  9
$LOFTANG2
 40
1.570796326795
  9
$LOFTMAG1
 40
0.0
  9
$LOFTMAG2
 40
0.0
  9
$LOFTPARAM
 70
7
  9
$LOFTNORMALS
280
1
  9
$LATITUDE
 40
37.795
  9
$LONGITUDE
 40
-122.394
  9
$NORTHDIRECTION
 40
0.0
  9
$TIMEZONE
 70
-8000
  9
$LIGHTGLYPHDISPLAY
280
1
  9
$TILEMODELIGHTSYNCH
280
1
  9
$CMATERIAL
347
20
  9
$SOLIDHIST
280
0
  9
$SHOWHIST
280
1
  9
$DWFFRAME
280
2
  9
$DGNFRAME
280
2
  9
$REALWORLDSCALE
290
1
  9
$INTERFERECOLOR
 62
256
  9
$CSHADOW
280
0
  9
$SHADOWPLANELOCATION
 40
0.0
  0
ENDSEC
  0
SECTION
  2
CLASSES
  0
CLASS
  1
ACDBDETAILVIEWSTYLE
  2
AcDbDetailViewStyle
  3
ObjectDBX Classes
 90
1025
 91
0
280
0
281
0
  0
CLASS
  1
ACDBDICTIONARYWDFLT
  2
AcDbDictionaryWithDefault
  3
ObjectDBX Classes
 90
0
 91
0
280
0
281
0
  0
CLASS
  1
ACDBPLACEHOLDER
  2
AcDbPlaceHolder
  3
ObjectDBX Classes
 90
0
 91
0
280
0
281
0
  0
CLASS
  1
ACDBSECTIONVIEWSTYLE
  2
AcDbSectionViewStyle
  3
ObjectDBX Classes
 90
1025
 91
0
280
0
281
0
  0
CLASS
  1
CELLSTYLEMAP
  2
AcDbCellStyleMap
  3
ObjectDBX Classes
 90
1152
 91
0
280
0
281
0
  0
CLASS
  1
DICTIONARYVAR
  2
AcDbDictionaryVar
  3
ObjectDBX Classes
 90
0
 91
0
280
0
281
0
  0
CLASS
  1
LAYOUT
  2
AcDbLayout
  3
ObjectDBX Classes
 90
0
 91
0
280
0
281
0
  0
CLASS
  1
MATERIAL
  2
AcDbMaterial
  3
ObjectDBX Classes
 90
1153
 91
0
280
0
281
0
  0
CLASS
  1
MENTALRAYRENDERSETTINGS
  2
AcDbMentalRayRenderSettings
  3
SCENEOE
 90
1024
 91
0
280
0
281
0
  0
CLASS
  1
MLEADERSTYLE
  2
AcDbMLeaderStyle
  3
ACDB_MLEADERSTYLE_CLASS
 90
4095
 91
0
280
0
281
0
  0
CLASS
  1
RASTERVARIABLES
  2
AcDbRasterVariables
  3
ISM
 90
0
 91
0
280
0
281
0
  0
CLASS
  1
SCALE
  2
AcDbScale
  3
ObjectDBX Classes
 90
1153
 91
0
280
0
281
0
  0
CLASS
  1
SUN
  2
AcDbSun
  3
SCENEOE
 90
1153
 91
0
280
0
281
0
  0
CLASS
  1
TABLESTYLE
  2
AcDbTableStyle
  3
ObjectDBX Classes
 90
4095
 91
0
280
0
281
0
  0
CLASS
  1
VISUALSTYLE
  2
AcDbVisualStyle
  3
ObjectDBX Classes
 90
4095
 91
0
280
0
281
0
  0
ENDSEC
  0
SECTION
  2
TABLES
  0
TABLE
  2
VPORT
  5
8
330
0
100
AcDbSymbolTable
 70
1
  0
VPORT
  5
488
330
8
100
AcDbSymbolTableRecord
100
AcDbViewportTableRecord
  2
*Active
 70
0
 10
0.0
 20
0.0
 11
1.0
 21
1.0
 12
0.0
 22
52.68097414575202
 13
0.0
 23
0.0
 14
0.5
 24
0.5
 15
0.5
 25
0.5
 16
0.0
 26
0.0
 36
1.0
 17
0.0
 27
0.0
 37
0.0
 40
125.92423996695925
 41
1.34
 42
50.0
 43
0.0
 44
0.0
 50
0.0
 51
0.0
 71
0
 72
1000
 73
1
 74
3
 75
0
 76
0
 77
0
 78
0
281
0
 65
1
110
0.0
120
0.0
130
0.0
111
1.0
121
0.0
131
0.0
112
0.0
122
1.0
132
0.0
 79
0
146
0.0
  0
ENDTAB
  0
TABLE
  2
LTYPE
  5
2
330
0
100
AcDbSymbolTable
 70
3
  0
LTYPE
  5
24
330
2
100
AcDbSymbolTableRecord
100
AcDbLinetypeTableRecord
  2
ByBlock
 70
0
  3

 72
65
 73
0
 40
0.0
  0
LTYPE
  5
25
330
2
100
AcDbSymbolTableRecord
100
AcDbLinetypeTableRecord
  2
ByLayer
 70
0
  3

 72
65
 73
0
 40
0.0
  0
LTYPE
  5
26
330
2
100
AcDbSymbolTableRecord
100
AcDbLinetypeTableRecord
  2
Continuous
 70
0
  3

 72
65
 73
0
 40
0.0
  0
ENDTAB
  0
TABLE
  2
LAYER
  5
1
330
0
100
AcDbSymbolTable
 70
4
  0
LAYER
  5
27
330
1
100
AcDbSymbolTableRecord
100
AcDbLayerTableRecord
  2
0
 70
0
 62
7
  6
Continuous
370
-3
390
13
347
21
  0
LAYER
  5
28
330
1
100
AcDbSymbolTableRecord
100
AcDbLayerTableRecord
  2
Defpoints
 70
0
 62
7
  6
Continuous
290
0
370
-3
390
13
347
21
  0
LAYER
  5
2F
330
1
100
AcDbSymbolTableRecord
100
AcDbLayerTableRecord
  2
CUT
 70
0
 62
7
  6
Continuous
370
-3
390
13
347
21
  0
LAYER
  5
72
330
1
100
AcDbSymbolTableRecord
100
AcDbLayerTableRecord
  2
ENGRAVE
 70
0
 62
7
  6
Continuous
370
-3
390
13
347
21
  0
ENDTAB
  0
TABLE
  2
STYLE
  5
5
330
0
100
AcDbSymbolTable
 70
1
  0
STYLE
  5
29
330
5
100
AcDbSymbolTableRecord
100
AcDbTextStyleTableRecord
  2
Standard
 70
0
 40
0.0
 41
1.0
 50
0.0
 71
0
 42
2.5
  3
txt
  4

  0
ENDTAB
  0
TABLE
  2
VIEW
  5
7
330
0
100
AcDbSymbolTable
 70
0
  0
ENDTAB
  0
TABLE
  2
UCS
  5
6
330
0
100
AcDbSymbolTable
 70
0
  0
ENDTAB
  0
TABLE
  2
APPID
  5
3
330
0
100
AcDbSymbolTable
 70
3
  0
APPID
  5
2A
330
3
100
AcDbSymbolTableRecord
100
AcDbRegAppTableRecord
  2
ACAD
 70
0
  0
APPID
  5
489
330
3
100
AcDbSymbolTableRecord
100
AcDbRegAppTableRecord
  2
HATCHBACKGROUNDCOLOR
 70
0
  0
APPID
  5
48A
330
3
100
AcDbSymbolTableRecord
100
AcDbRegAppTableRecord
  2
EZDXF
 70
0
  0
ENDTAB
  0
TABLE
  2
DIMSTYLE
  5
4
330
0
100
AcDbSymbolTable
 70
1
100
AcDbDimStyleTable
  0
DIMSTYLE
105
2B
330
4
100
AcDbSymbolTableRecord
100
AcDbDimStyleTableRecord
  2
Standard
 70
0
 40
1.0
 41
2.5
 42
0.625
 43
3.75
 44
1.25
 45
0.0
 46
0.0
 47
0.0
 48
0.0
 49
2.5
140
2.5
141
2.5
142
0.0
143
0.03937007874
144
1.0
145
0.0
146
1.0
147
0.625
148
0.0
 69
0
 70
0
 71
0
 72
0
 73
0
 74
0
 75
0
 76
0
 77
1
 78
8
 79
3
170
0
171
3
172
1
173
0
174
0
175
0
176
0
177
0
178
0
179
2
271
2
272
2
273
2
274
3
275
0
276
0
277
2
278
44
279
0
280
0
281
0
282
0
283
0
284
8
285
0
286
0
288
0
289
3
290
0
371
-2
372
-2
  0
ENDTAB
  0
TABLE
  2
BLOCK_RECORD
  5
9
330
0
100
AcDbSymbolTable
 70
2
  0
BLOCK_RECORD
  5
17
330
9
100
AcDbSymbolTableRecord
100
AcDbBlockTableRecord
  2
*Model_Space
340
1A
 70
0
280
1
281
0
  0
BLOCK_RECORD
  5
1B
330
9
100
AcDbSymbolTableRecord
100
AcDbBlockTableRecord
  2
*Paper_Space
340
1E
 70
0
280
1
281
0
  0
ENDTAB
  0
ENDSEC
  0
SECTION
  2
BLOCKS
  0
BLOCK
  5
18
330
17
100
AcDbEntity
  8
0
100
AcDbBlockBegin
  2
*Model_Space
 70
0
 10
0.0
 20
0.0
 30
0.0
  3
*Model_Space
  1

  0
ENDBLK
  5
19
330
17
100
AcDbEntity
  8
0
100
AcDbBlockEnd
  0
BLOCK
  5
1C
330
1B
100
AcDbEntity
  8
0
100
AcDbBlockBegin
  2
*Paper_Space
 70
0
 10
0.0
 20
0.0
 30
0.0
  3
*Paper_Space
  1

  0
ENDBLK
  5
1D
330
1B
100
AcDbEntity
  8
0
100
AcDbBlockEnd
  0
ENDSEC
  0
SECTION
  2
ENTITIES
  0
SPLINE
  5
30
330
17
100
AcDbEntity
  8
CUT
100
AcDbSpline
 70
0
 71
3
 72
116
 73
112
 74
0
 40
0.0
 40
0.0
 40
0.0
 40
0.0
 40
0.7120584032689514
 40
0.7120584032689514
 40
0.7120584032689514
 40
1.8397438041775147
 40
1.8397438041775147
 40
1.8397438041775147
 40
3.2722726753844618
 40
3.2722726753844618
 40
3.2722726753844618
 40
4.856536095934808
 40
4.856536095934808
 40
4.856536095934808
 40
6.53216685837556
 40
6.53216685837556
 40
6.53216685837556
 40
10.058842373645366
 40
10.058842373645366
 40
10.058842373645366
 40
11.808691054140548
 40
11.808691054140548
 40
11.808691054140548
 40
13.567039603096969
 40
13.567039603096969
 40
13.567039603096969
 40
16.492700972272363
 40
16.492700972272363
 40
16.492700972272363
 40
19.8178511334153
 40
19.8178511334153
 40
19.8178511334153
 40
23.014793413828922
 40
23.014793413828922
 40
23.014793413828922
 40
24.745927958769787
 40
24.745927958769787
 40
24.745927958769787
 40
26.010888508577043
 40
26.010888508577043
 40
26.010888508577043
 40
26.45341496816767
 40
26.45341496816767
 40
26.45341496816767
 40
26.76811156237946
 40
26.76811156237946
 40
26.76811156237946
 40
26.9560936589323
 40
26.9560936589323
 40
26.9560936589323
 40
27.018598837677857
 40
27.018598837677857
 40
27.018598837677857
 40
27.081104016423414
 40
27.081104016423414
 40
27.081104016423414
 40
27.26908611297625
 40
27.26908611297625
 40
27.26908611297625
 40
27.58378270718804
 40
27.58378270718804
 40
27.58378270718804
 40
28.02630916677867
 40
28.02630916677867
 40
28.02630916677867
 40
29.291269716585923
 40
29.291269716585923
 40
29.291269716585923
 40
31.022404261526784
 40
31.022404261526784
 40
31.022404261526784
 40
34.219346541940425
 40
34.219346541940425
 40
34.219346541940425
 40
37.54449670308335
 40
37.54449670308335
 40
37.54449670308335
 40
40.470158072258734
 40
40.470158072258734
 40
40.470158072258734
 40
42.22850662121515
 40
42.22850662121515
 40
42.22850662121515
 40
43.97835530171033
 40
43.97835530171033
 40
43.97835530171033
 40
47.50503081698014
 40
47.50503081698014
 40
47.50503081698014
 40
49.18066157942088
 40
49.18066157942088
 40
49.18066157942088
 40
50.76492499997123
 40
50.76492499997123
 40
50.76492499997123
 40
52.19745387117817
 40
52.19745387117817
 40
52.19745387117817
 40
52.81170019548499
 40
52.81170019548499
 40
52.81170019548499
 40
53.325139272086744
 40
53.325139272086744
 40
53.325139272086744
 40
53.71308988403603
 40
53.71308988403603
 40
53.71308988403603
 40
53.95497489783095
 40
53.95497489783095
 40
53.95497489783095
 40
54.03719767535569
 40
54.03719767535569
 40
54.03719767535569
 40
54.03719767535569
 10
-60.0
 20
20.647058823529413
 30
0.0
 10
-59.98804928995789
 20
20.884472413493036
 30
0.0
 10
-59.92551141721327
 20
21.116662796955694
 30
0.0
 10
-59.85314042656727
 20
21.342015084950784
 30
0.0
 10
-59.732165553472655
 20
21.70021184593721
 30
0.0
 10
-59.567992420664226
 20
22.03751386535657
 30
0.0
 10
-59.360621028141814
 20
22.35392114320887
 30
0.0
 10
-59.09942954739904
 20
22.754033829302962
 30
0.0
 10
-58.77559522664988
 20
23.113937738316384
 30
0.0
 10
-58.401592624734924
 20
23.411942678357253
 30
0.0
 10
-57.98835891345971
 20
23.741740962143027
 30
0.0
 10
-57.51251074574766
 20
23.994084679210133
 30
0.0
 10
-57.00519480909227
 20
24.14467149765788
 30
0.0
 10
-56.46888749408449
 20
24.30480108840152
 30
0.0
 10
-55.89933464356897
 20
24.34996446872006
 30
0.0
 10
-55.34406263767527
 20
24.281200844941264
 30
0.0
 10
-54.1730348858227
 20
24.13861354618116
 30
0.0
 10
-53.07759130654667
 20
23.496356763206403
 30
0.0
 10
-52.36612744929793
 20
22.55769961815603
 30
0.0
 10
-52.01247799134423
 20
22.092826871728235
 30
0.0
 10
-51.754185727150535
 20
21.55380764197138
 30
0.0
 10
-51.625743697628536
 20
20.983240000693975
 30
0.0
 10
-51.49516770457204
 20
20.410064359172182
 30
0.0
 10
-51.50001079655955
 20
19.808895900161875
 30
0.0
 10
-51.62574369762853
 20
19.23547944618558
 30
0.0
 10
-51.834435713298696
 20
18.2758648694357
 30
0.0
 10
-52.355587484521095
 20
17.416170082524996
 30
0.0
 10
-52.97136452677187
 20
16.664961900242854
 30
0.0
 10
-53.676408017458705
 20
15.807223880216569
 30
0.0
 10
-54.5064274318061
 20
15.064571872143716
 30
0.0
 10
-55.34406263767528
 20
14.340599912438249
 30
0.0
 10
-56.15098304580396
 20
13.644813860908442
 30
0.0
 10
-56.975604488978796
 20
12.968499005563809
 30
0.0
 10
-57.750344275887855
 20
12.236227396890646
 30
0.0
 10
-58.16920129930095
 20
11.839753994168566
 30
0.0
 10
-58.57391203458179
 20
11.426058840056736
 30
0.0
 10
-58.94117647058823
 20
10.980883985718867
 30
0.0
 10
-59.20887099631201
 20
10.657526619700514
 30
0.0
 10
-59.45739175272514
 20
10.309425753805858
 30
0.0
 10
-59.66110229747457
 20
9.942419401687783
 30
0.0
 10
-59.73284340008896
 20
9.817017752641219
 30
0.0
 10
-59.79685610978658
 20
9.684122211200926
 30
0.0
 10
-59.85314042656726
 20
9.543732777366886
 30
0.0
 10
-59.892704411156366
 20
9.44234287449696
 30
0.0
 10
-59.927374757782566
 20
9.333848114499698
 30
0.0
 10
-59.95564687129245
 20
9.246198955426754
 30
0.0
 10
-59.97253504634523
 20
9.193842263340864
 30
0.0
 10
-59.98714020541658
 20
9.148923693497016
 30
0.0
 10
-59.99439208276139
 20
9.06225310140273
 30
0.0
 10
-59.99680337563441
 20
9.033434607779236
 30
0.0
 10
-59.99840168781723
 20
9.000000000000002
 30
0.0
 10
-60.0
 20
9.0
 30
0.0
 10
-60.00159831218276
 20
8.999999999999996
 30
0.0
 10
-60.003196624365565
 20
9.03343460777924
 30
0.0
 10
-60.005607917238606
 20
9.062253101402732
 30
0.0
 10
-60.01285979458339
 20
9.148923693497027
 30
0.0
 10
-60.02746495365479
 20
9.19384226334086
 30
0.0
 10
-60.04435312870755
 20
9.246198955426754
 30
0.0
 10
-60.07262524221741
 20
9.333848114499695
 30
0.0
 10
-60.10729558884364
 20
9.442342874496962
 30
0.0
 10
-60.14685957343274
 20
9.543732777366886
 30
0.0
 10
-60.20314389021343
 20
9.68412221120092
 30
0.0
 10
-60.26715659991102
 20
9.817017752641236
 30
0.0
 10
-60.338897702525415
 20
9.942419401687784
 30
0.0
 10
-60.54260824727486
 20
10.309425753805854
 30
0.0
 10
-60.79112900368798
 20
10.657526619700503
 30
0.0
 10
-61.058823529411775
 20
10.98088398571887
 30
0.0
 10
-61.426087965418226
 20
11.426058840056717
 30
0.0
 10
-61.830798700699006
 20
11.839753994168568
 30
0.0
 10
-62.249655724112145
 20
12.236227396890635
 30
0.0
 10
-63.02439551102127
 20
12.968499005563817
 30
0.0
 10
-63.849016954195974
 20
13.64481386090845
 30
0.0
 10
-64.65593736232472
 20
14.340599912438257
 30
0.0
 10
-65.49357256819395
 20
15.06457187214395
 30
0.0
 10
-66.32359198254122
 20
15.807223880216243
 30
0.0
 10
-67.0286354732281
 20
16.664961900242854
 30
0.0
 10
-67.64441251547889
 20
17.41617008251629
 30
0.0
 10
-68.16556428670128
 20
18.27586486944689
 30
0.0
 10
-68.37425630237146
 20
19.235479446185572
 30
0.0
 10
-68.49998920344044
 20
19.808895899903895
 30
0.0
 10
-68.50483229542796
 20
20.410064359524977
 30
0.0
 10
-68.37425630237148
 20
20.983240000693975
 30
0.0
 10
-68.24581427284942
 20
21.553807638394463
 30
0.0
 10
-67.98752200865579
 20
22.09282687672616
 30
0.0
 10
-67.63387255070205
 20
22.55769961815603
 30
0.0
 10
-66.9224086934533
 20
23.496356584437628
 30
0.0
 10
-65.82696511417728
 20
24.13861378035294
 30
0.0
 10
-64.65593736232472
 20
24.281200844941264
 30
0.0
 10
-64.10066535643108
 20
24.349955454721847
 30
0.0
 10
-63.531112505915466
 20
24.304813365284293
 30
0.0
 10
-62.994805190907734
 20
24.14467149765787
 30
0.0
 10
-62.487489254252296
 20
23.99396937221253
 30
0.0
 10
-62.0116410865403
 20
23.741897059517264
 30
0.0
 10
-61.5984073752651
 20
23.41194267835725
 30
0.0
 10
-61.2244047733501
 20
23.11256526206277
 30
0.0
 10
-60.90057045260104
 20
22.75583532641329
 30
0.0
 10
-60.63937897185819
 20
22.353921143208876
 30
0.0
 10
-60.527165440298255
 20
22.179138951014227
 30
0.0
 10
-60.427005017187305
 20
22.000561375681762
 30
0.0
 10
-60.33889770252546
 20
21.818188417211466
 30
0.0
 10
-60.265412996623034
 20
21.667322154257665
 30
0.0
 10
-60.200758197992975
 20
21.517757347650445
 30
0.0
 10
-60.14685957343273
 20
21.342015084950777
 30
0.0
 10
-60.106134187823734
 20
21.209225584761334
 30
0.0
 10
-60.07154971411687
 20
21.061490858634755
 30
0.0
 10
-60.04435312870758
 20
20.967851877110107
 30
0.0
 10
-60.02739621142398
 20
20.90946850139113
 30
0.0
 10
-60.013311300267524
 20
20.872114586823944
 30
0.0
 10
-60.00560791723859
 20
20.72909013711226
 30
0.0
 10
-60.00298934430991
 20
20.680472542641446
 30
0.0
 10
-60.00110815086568
 20
20.619644818690375
 30
0.0
 10
-59.99999999999999
 20
20.647058823529413
 30
0.0
  0
SPLINE
  5
31
330
17
100
AcDbEntity
  8
CUT
100
AcDbSpline
 70
0
 71
3
 72
116
 73
112
 74
0
 40
0.0
 40
0.0
 40
0.0
 40
0.0
 40
0.5538232025425196
 40
0.5538232025425196
 40
0.5538232025425196
 40
1.4309118476936236
 40
1.4309118476936236
 40
1.4309118476936236
 40
2.5451009697434714
 40
2.5451009697434714
 40
2.5451009697434714
 40
3.7773058523937437
 40
3.7773058523937437
 40
3.7773058523937437
 40
5.080574223180987
 40
5.080574223180987
 40
5.080574223180987
 40
7.823544068390841
 40
7.823544068390841
 40
7.823544068390841
 40
9.184537486553761
 40
9.184537486553761
 40
9.184537486553761
 40
10.552141913519868
 40
10.552141913519868
 40
10.552141913519868
 40
12.827656311767397
 40
12.827656311767397
 40
12.827656311767397
 40
15.413884214878568
 40
15.413884214878568
 40
15.413884214878568
 40
17.900394877422496
 40
17.900394877422496
 40
17.900394877422496
 40
19.246832856820948
 40
19.246832856820948
 40
19.246832856820948
 40
20.23069106222659
 40
20.23069106222659
 40
20.23069106222659
 40
20.574878308574856
 40
20.574878308574856
 40
20.574878308574856
 40
20.819642326295135
 40
20.819642326295135
 40
20.819642326295135
 40
20.96585062361401
 40
20.96585062361401
 40
20.96585062361401
 40
21.014465762638334
 40
21.014465762638334
 40
21.014465762638334
 40
21.06308090166266
 40
21.06308090166266
 40
21.06308090166266
 40
21.209289198981534
 40
21.209289198981534
 40
21.209289198981534
 40
21.454053216701812
 40
21.454053216701812
 40
21.454053216701812
 40
21.798240463050078
 40
21.798240463050078
 40
21.798240463050078
 40
22.782098668455717
 40
22.782098668455717
 40
22.782098668455717
 40
24.128536647854165
 40
24.128536647854165
 40
24.128536647854165
 40
26.61504731039811
 40
26.61504731039811
 40
26.61504731039811
 40
29.20127521350927
 40
29.20127521350927
 40
29.20127521350927
 40
31.4767896117568
 40
31.4767896117568
 40
31.4767896117568
 40
32.8443940387229
 40
32.8443940387229
 40
32.8443940387229
 40
34.20538745688582
 40
34.20538745688582
 40
34.20538745688582
 40
36.94835730209568
 40
36.94835730209568
 40
36.94835730209568
 40
38.25162567288292
 40
38.25162567288292
 40
38.25162567288292
 40
39.483830555533196
 40
39.483830555533196
 40
39.483830555533196
 40
40.59801967758304
 40
40.59801967758304
 40
40.59801967758304
 40
41.07576681871056
 40
41.07576681871056
 40
41.07576681871056
 40
41.47510832273415
 40
41.47510832273415
 40
41.47510832273415
 40
41.7768476875836
 40
41.7768476875836
 40
41.7768476875836
 40
41.96498047609076
 40
41.96498047609076
 40
41.96498047609076
 40
42.02893152527667
 40
42.02893152527667
 40
42.02893152527667
 40
42.02893152527667
 10
-30.000000000000004
 20
20.05882352941176
 30
0.0
 10
-29.990705003300548
 20
20.243478543827912
 30
0.0
 10
-29.942064435610387
 20
20.424071064298893
 30
0.0
 10
-29.885775887330094
 20
20.599345066072836
 30
0.0
 10
-29.791684319367683
 20
20.877942546840064
 30
0.0
 10
-29.663994104961045
 20
21.140288561944004
 30
0.0
 10
-29.502705244110295
 20
21.38638311138467
 30
0.0
 10
-29.297939242201377
 20
21.700393558777165
 30
0.0
 10
-29.049302248725514
 20
21.9746954382601
 30
0.0
 10
-28.756794263682707
 20
22.20928874983341
 30
0.0
 10
-28.43539026602425
 20
22.465798526111243
 30
0.0
 10
-28.065286135581516
 20
22.66206586160787
 30
0.0
 10
-27.670707073738427
 20
22.779188942622795
 30
0.0
 10
-27.25357916206571
 20
22.90373417986783
 30
0.0
 10
-26.81059361166472
 20
22.93886125344894
 30
0.0
 10
-26.378715384858552
 20
22.88537843495432
 30
0.0
 10
-25.467916022306547
 20
22.774477202585373
 30
0.0
 10
-24.615904349536294
 20
22.274944149160532
 30
0.0
 10
-24.06254357167617
 20
21.544877480788028
 30
0.0
 10
-23.78748288215658
 20
21.183309789121946
 30
0.0
 10
-23.586588898894888
 20
20.764072610422193
 30
0.0
 10
-23.48668954259997
 20
20.32029777831753
 30
0.0
 10
-23.385130436889387
 20
19.87449450157837
 30
0.0
 10
-23.388897286212966
 20
19.406919033459232
 30
0.0
 10
-23.486689542599972
 20
18.960928458144338
 30
0.0
 10
-23.649005554787895
 20
18.214561565116647
 30
0.0
 10
-24.054345821294167
 20
17.545910064186128
 30
0.0
 10
-24.53328352082257
 20
16.961637033522216
 30
0.0
 10
-25.081650680245648
 20
16.294507462390655
 30
0.0
 10
-25.727221335849194
 20
15.71688923388956
 30
0.0
 10
-26.378715384858545
 20
15.153799931896419
 30
0.0
 10
-27.00632014673645
 20
14.612633002928785
 30
0.0
 10
-27.64769238031682
 20
14.086610337660744
 30
0.0
 10
-28.250267770134997
 20
13.517065753137164
 30
0.0
 10
-28.576045455011858
 20
13.20869755102
 30
0.0
 10
-28.890820471341378
 20
12.886934653377468
 30
0.0
 10
-29.17647058823529
 20
12.540687544448009
 30
0.0
 10
-29.384677441576013
 20
12.289187370878174
 30
0.0
 10
-29.577971363230656
 20
12.018442252960106
 30
0.0
 10
-29.736412898035777
 20
11.732992867979386
 30
0.0
 10
-29.79221153340254
 20
11.635458252054283
 30
0.0
 10
-29.841999196500645
 20
11.532095053156267
 30
0.0
 10
-29.885775887330087
 20
11.422903271285357
 30
0.0
 10
-29.916547875343838
 20
11.34404445794208
 30
0.0
 10
-29.94351370049756
 20
11.25965964461087
 30
0.0
 10
-29.965503122116363
 20
11.191488076443044
 30
0.0
 10
-29.97863836937962
 20
11.150766204820673
 30
0.0
 10
-29.989997937546246
 20
11.115829539386587
 30
0.0
 10
-29.995638286592193
 20
11.048419078868795
 30
0.0
 10
-29.99751373660455
 20
11.026004694939424
 30
0.0
 10
-29.998756868302294
 20
11.000000000000002
 30
0.0
 10
-30.0
 20
11.0
 30
0.0
 10
-30.001243131697723
 20
10.999999999999998
 30
0.0
 10
-30.002486263395426
 20
11.02600469493942
 30
0.0
 10
-30.004361713407807
 20
11.048419078868793
 30
0.0
 10
-30.010002062453797
 20
11.115829539386594
 30
0.0
 10
-30.021361630620362
 20
11.15076620482067
 30
0.0
 10
-30.034496877883658
 20
11.191488076443036
 30
0.0
 10
-30.05648629950241
 20
11.259659644610863
 30
0.0
 10
-30.083452124656183
 20
11.344044457942088
 30
0.0
 10
-30.114224112669906
 20
11.422903271285358
 30
0.0
 10
-30.158000803499352
 20
11.532095053156267
 30
0.0
 10
-30.20778846659746
 20
11.635458252054281
 30
0.0
 10
-30.26358710196423
 20
11.73299286797939
 30
0.0
 10
-30.422028636769337
 20
12.018442252960103
 30
0.0
 10
-30.61532255842399
 20
12.28918737087817
 30
0.0
 10
-30.823529411764703
 20
12.540687544448007
 30
0.0
 10
-31.109179528658636
 20
12.88693465337745
 30
0.0
 10
-31.423954544988128
 20
13.20869755102
 30
0.0
 10
-31.749732229865
 20
13.517065753137162
 30
0.0
 10
-32.35230761968316
 20
14.086610337660737
 30
0.0
 10
-32.993679853263565
 20
14.612633002928797
 30
0.0
 10
-33.62128461514146
 20
15.153799931896422
 30
0.0
 10
-34.27277866415082
 20
15.716889233889729
 30
0.0
 10
-34.91834931975434
 20
16.29450746239044
 30
0.0
 10
-35.46671647917742
 20
16.961637033522226
 30
0.0
 10
-35.94565417870582
 20
17.545910064179353
 30
0.0
 10
-36.3509944452121
 20
18.21456156512535
 30
0.0
 10
-36.513310457400024
 20
18.960928458144334
 30
0.0
 10
-36.61110271378704
 20
19.406919033258585
 30
0.0
 10
-36.614869563110595
 20
19.874494501852748
 30
0.0
 10
-36.513310457400024
 20
20.32029777831753
 30
0.0
 10
-36.41341110110515
 20
20.76407260764017
 30
0.0
 10
-36.21251711784338
 20
21.183309793009236
 30
0.0
 10
-35.93745642832382
 20
21.544877480788017
 30
0.0
 10
-35.3840956504637
 20
22.274944010118155
 30
0.0
 10
-34.532083977693446
 20
22.774477384718942
 30
0.0
 10
-33.62128461514146
 20
22.885378434954323
 30
0.0
 10
-33.18940638833525
 20
22.938854242561444
 30
0.0
 10
-32.74642083793427
 20
22.903743728554446
 30
0.0
 10
-32.32929292626157
 20
22.779188942622792
 30
0.0
 10
-31.93471386441847
 20
22.661976178387526
 30
0.0
 10
-31.564609733975747
 20
22.465919935180093
 30
0.0
 10
-31.243205736317293
 20
22.209288749833412
 30
0.0
 10
-30.950697751274525
 20
21.974862279704404
 30
0.0
 10
-30.70206075779862
 20
21.700560400221455
 30
0.0
 10
-30.497294755889687
 20
21.38638311138467
 30
0.0
 10
-30.4100175646764
 20
21.25044140634438
 30
0.0
 10
-30.332115013367925
 20
21.111547736641377
 30
0.0
 10
-30.26358710196423
 20
20.969702102275583
 30
0.0
 10
-30.206432330706797
 20
20.852361675533736
 30
0.0
 10
-30.156145265105664
 20
20.736033492617022
 30
0.0
 10
-30.114224112669906
 20
20.59934506607284
 30
0.0
 10
-30.082548812751725
 20
20.496064343703246
 30
0.0
 10
-30.055649777646508
 20
20.381159556715943
 30
0.0
 10
-30.03449687788366
 20
20.308329237752304
 30
0.0
 10
-30.0213081644409
 20
20.262919945526438
 30
0.0
 10
-30.01035323354141
 20
20.23386690086306
 30
0.0
 10
-30.00436171340781
 20
20.12262566219843
 30
0.0
 10
-30.0023250455744
 20
20.084811977610066
 30
0.0
 10
-30.000861895117733
 20
20.037501525648036
 30
0.0
 10
-30.000000000000004
 20
20.05882352941176
 30
0.0
  0
SPLINE
  5
32
330
17
100
AcDbEntity
  8
CUT
100
AcDbSpline
 70
0
 71
3
 72
116
 73
112
 74
0
 40
0.0
 40
0.0
 40
0.0
 40
0.0
 40
0.7120584032689515
 40
0.7120584032689515
 40
0.7120584032689515
 40
1.8397438041775152
 40
1.8397438041775152
 40
1.8397438041775152
 40
3.272272675384459
 40
3.272272675384459
 40
3.272272675384459
 40
4.856536095934809
 40
4.856536095934809
 40
4.856536095934809
 40
6.532166858375555
 40
6.532166858375555
 40
6.532166858375555
 40
10.058842373645362
 40
10.058842373645362
 40
10.058842373645362
 40
11.808691054140546
 40
11.808691054140546
 40
11.808691054140546
 40
13.567039603096969
 40
13.567039603096969
 40
13.567039603096969
 40
16.492700972272367
 40
16.492700972272367
 40
16.492700972272367
 40
19.817851133415303
 40
19.817851133415303
 40
19.817851133415303
 40
23.014793413828926
 40
23.014793413828926
 40
23.014793413828926
 40
24.745927958769794
 40
24.745927958769794
 40
24.745927958769794
 40
26.010888508577047
 40
26.010888508577047
 40
26.010888508577047
 40
26.453414968167674
 40
26.453414968167674
 40
26.453414968167674
 40
26.768111562379463
 40
26.768111562379463
 40
26.768111562379463
 40
26.956093658932303
 40
26.956093658932303
 40
26.956093658932303
 40
27.01859883767786
 40
27.01859883767786
 40
27.01859883767786
 40
27.081104016423417
 40
27.081104016423417
 40
27.081104016423417
 40
27.269086112976254
 40
27.269086112976254
 40
27.269086112976254
 40
27.583782707188043
 40
27.583782707188043
 40
27.583782707188043
 40
28.026309166778674
 40
28.026309166778674
 40
28.026309166778674
 40
29.291269716585923
 40
29.291269716585923
 40
29.291269716585923
 40
31.022404261526788
 40
31.022404261526788
 40
31.022404261526788
 40
34.219346541940425
 40
34.219346541940425
 40
34.219346541940425
 40
37.54449670308335
 40
37.54449670308335
 40
37.54449670308335
 40
40.470158072258734
 40
40.470158072258734
 40
40.470158072258734
 40
42.22850662121515
 40
42.22850662121515
 40
42.22850662121515
 40
43.97835530171034
 40
43.97835530171034
 40
43.97835530171034
 40
47.50503081698015
 40
47.50503081698015
 40
47.50503081698015
 40
49.1806615794209
 40
49.1806615794209
 40
49.1806615794209
 40
50.76492499997125
 40
50.76492499997125
 40
50.76492499997125
 40
52.19745387117819
 40
52.19745387117819
 40
52.19745387117819
 40
52.81170019548501
 40
52.81170019548501
 40
52.81170019548501
 40
53.32513927208676
 40
53.32513927208676
 40
53.32513927208676
 40
53.713089884036044
 40
53.713089884036044
 40
53.713089884036044
 40
53.954974897830965
 40
53.954974897830965
 40
53.954974897830965
 40
54.037197675355706
 40
54.037197675355706
 40
54.037197675355706
 40
54.037197675355706
 10
0.0
 20
20.647058823529413
 30
0.0
 10
0.011950710042126868
 20
20.884472413493032
 30
0.0
 10
0.07448858278666622
 20
21.116662796955705
 30
0.0
 10
0.14685957343273714
 20
21.342015084950788
 30
0.0
 10
0.26783444652730287
 20
21.70021184593721
 30
0.0
 10
0.43200757933578465
 20
22.037513865356583
 30
0.0
 10
0.6393789718581812
 20
22.353921143208865
 30
0.0
 10
0.9005704526010364
 20
22.75403382930294
 30
0.0
 10
1.2244047733501031
 20
23.113937738316398
 30
0.0
 10
1.5984073752650887
 20
23.41194267835724
 30
0.0
 10
2.0116410865402443
 20
23.74174096214308
 30
0.0
 10
2.4874892542523415
 20
23.994084679210104
 30
0.0
 10
2.99480519090773
 20
24.144671497657882
 30
0.0
 10
3.5311125059154866
 20
24.30480108840151
 30
0.0
 10
4.100665356431066
 20
24.349964468720085
 30
0.0
 10
4.6559373623247255
 20
24.28120084494127
 30
0.0
 10
5.8269651141773
 20
24.13861354618113
 30
0.0
 10
6.922408693453329
 20
23.496356763206407
 30
0.0
 10
7.633872550702063
 20
22.557699618156033
 30
0.0
 10
7.987522008655821
 20
22.092826871728253
 30
0.0
 10
8.245814272849435
 20
21.553807641971378
 30
0.0
 10
8.374256302371466
 20
20.983240000693968
 30
0.0
 10
8.504832295427915
 20
20.410064359172168
 30
0.0
 10
8.499989203440483
 20
19.80889590016189
 30
0.0
 10
8.374256302371467
 20
19.235479446185572
 30
0.0
 10
8.165564286701262
 20
18.275864869435722
 30
0.0
 10
7.644412515478939
 20
17.41617008252499
 30
0.0
 10
7.028635473228126
 20
16.664961900242854
 30
0.0
 10
6.323591982541269
 20
15.807223880216556
 30
0.0
 10
5.493572568193927
 20
15.064571872143718
 30
0.0
 10
4.6559373623247255
 20
14.34059991243825
 30
0.0
 10
3.849016954195993
 20
13.644813860908439
 30
0.0
 10
3.024395511021233
 20
12.96849900556381
 30
0.0
 10
2.249655724112146
 20
12.23622739689064
 30
0.0
 10
1.8307987006990212
 20
11.839753994168555
 30
0.0
 10
1.4260879654182415
 20
11.426058840056736
 30
0.0
 10
1.0588235294117663
 20
10.980883985718865
 30
0.0
 10
0.791129003687982
 20
10.657526619700509
 30
0.0
 10
0.5426082472748801
 20
10.309425753805858
 30
0.0
 10
0.33889770252543766
 20
9.942419401687786
 30
0.0
 10
0.2671565999110205
 20
9.817017752641222
 30
0.0
 10
0.2031438902134537
 20
9.684122211200929
 30
0.0
 10
0.14685957343273676
 20
9.543732777366882
 30
0.0
 10
0.10729558884364986
 20
9.442342874496962
 30
0.0
 10
0.07262524221741834
 20
9.333848114499697
 30
0.0
 10
0.04435312870755745
 20
9.246198955426758
 30
0.0
 10
0.027464953654774686
 20
9.19384226334087
 30
0.0
 10
0.012859794583419676
 20
9.148923693497025
 30
0.0
 10
0.005607917238607961
 20
9.062253101402732
 30
0.0
 10
0.0031966243655613307
 20
9.033434607779247
 30
0.0
 10
0.0015983121827805834
 20
9.0
 30
0.0
 10
0.0
 20
9.0
 30
0.0
 10
-0.001598312182780582
 20
8.999999999999996
 30
0.0
 10
-0.003196624365561275
 20
9.033434607779254
 30
0.0
 10
-0.005607917238607915
 20
9.062253101402732
 30
0.0
 10
-0.01285979458341945
 20
9.148923693497027
 30
0.0
 10
-0.02746495365477336
 20
9.19384226334086
 30
0.0
 10
-0.04435312870755727
 20
9.246198955426753
 30
0.0
 10
-0.07262524221741845
 20
9.333848114499702
 30
0.0
 10
-0.1072955888436499
 20
9.442342874496957
 30
0.0
 10
-0.14685957343273648
 20
9.543732777366888
 30
0.0
 10
-0.20314389021345172
 20
9.684122211200917
 30
0.0
 10
-0.2671565999110187
 20
9.817017752641235
 30
0.0
 10
-0.33889770252543694
 20
9.942419401687784
 30
0.0
 10
-0.5426082472748756
 20
10.309425753805852
 30
0.0
 10
-0.7911290036879799
 20
10.657526619700512
 30
0.0
 10
-1.0588235294117656
 20
10.980883985718865
 30
0.0
 10
-1.4260879654182403
 20
11.426058840056726
 30
0.0
 10
-1.830798700699018
 20
11.839753994168573
 30
0.0
 10
-2.2496557241121407
 20
12.236227396890634
 30
0.0
 10
-3.024395511021229
 20
12.968499005563803
 30
0.0
 10
-3.849016954196003
 20
13.644813860908442
 30
0.0
 10
-4.655937362324731
 20
14.340599912438257
 30
0.0
 10
-5.49357256819392
 20
15.064571872143945
 30
0.0
 10
-6.32359198254127
 20
15.807223880216265
 30
0.0
 10
-7.028635473228125
 20
16.66496190024286
 30
0.0
 10
-7.644412515478926
 20
17.4161700825163
 30
0.0
 10
-8.165564286701267
 20
18.275864869446877
 30
0.0
 10
-8.37425630237147
 20
19.235479446185572
 30
0.0
 10
-8.499989203440471
 20
19.808895899903895
 30
0.0
 10
-8.504832295427924
 20
20.410064359524977
 30
0.0
 10
-8.374256302371471
 20
20.983240000693975
 30
0.0
 10
-8.24581427284943
 20
21.55380763839447
 30
0.0
 10
-7.987522008655821
 20
22.092826876726186
 30
0.0
 10
-7.633872550702067
 20
22.557699618156036
 30
0.0
 10
-6.922408693453328
 20
23.496356584437606
 30
0.0
 10
-5.826965114177306
 20
24.13861378035296
 30
0.0
 10
-4.655937362324727
 20
24.281200844941267
 30
0.0
 10
-4.100665356431063
 20
24.349955454721844
 30
0.0
 10
-3.5311125059154898
 20
24.304813365284293
 30
0.0
 10
-2.994805190907732
 20
24.14467149765787
 30
0.0
 10
-2.487489254252348
 20
23.993969372212536
 30
0.0
 10
-2.0116410865402563
 20
23.74189705951727
 30
0.0
 10
-1.5984073752650922
 20
23.411942678357246
 30
0.0
 10
-1.2244047733501089
 20
23.112565262062773
 30
0.0
 10
-0.9005704526010333
 20
22.755835326413287
 30
0.0
 10
-0.6393789718581838
 20
22.353921143208876
 30
0.0
 10
-0.5271654402982543
 20
22.179138951014234
 30
0.0
 10
-0.4270050171873382
 20
22.000561375681755
 30
0.0
 10
-0.3388977025254368
 20
21.818188417211466
 30
0.0
 10
-0.2654129966230194
 20
21.66732215425766
 30
0.0
 10
-0.20075819799299147
 20
21.517757347650456
 30
0.0
 10
-0.14685957343273703
 20
21.342015084950788
 30
0.0
 10
-0.10613418782365486
 20
21.209225584761324
 30
0.0
 10
-0.07154971411693051
 20
21.061490858634762
 30
0.0
 10
-0.04435312870755753
 20
20.967851877110103
 30
0.0
 10
-0.027396211424023396
 20
20.90946850139113
 30
0.0
 10
-0.013311300267513133
 20
20.872114586823937
 30
0.0
 10
-0.005607917238607986
 20
20.72909013711226
 30
0.0
 10
-0.002989344309940869
 20
20.68047254264145
 30
0.0
 10
-0.0011081508656687856
 20
20.619644818690375
 30
0.0
 10
-1.1784097853801025e-17
 20
20.647058823529413
 30
0.0
  0
SPLINE
  5
33
330
17
100
AcDbEntity
  8
CUT
100
AcDbSpline
 70
0
 71
3
 72
116
 73
112
 74
0
 40
0.0
 40
0.0
 40
0.0
 40
0.0
 40
0.5538232025425196
 40
0.5538232025425196
 40
0.5538232025425196
 40
1.4309118476936236
 40
1.4309118476936236
 40
1.4309118476936236
 40
2.5451009697434714
 40
2.5451009697434714
 40
2.5451009697434714
 40
3.77730585239374
 40
3.77730585239374
 40
3.77730585239374
 40
5.0805742231809905
 40
5.0805742231809905
 40
5.0805742231809905
 40
7.82354406839084
 40
7.82354406839084
 40
7.82354406839084
 40
9.184537486553761
 40
9.184537486553761
 40
9.184537486553761
 40
10.552141913519868
 40
10.552141913519868
 40
10.552141913519868
 40
12.827656311767397
 40
12.827656311767397
 40
12.827656311767397
 40
15.413884214878566
 40
15.413884214878566
 40
15.413884214878566
 40
17.900394877422496
 40
17.900394877422496
 40
17.900394877422496
 40
19.246832856820948
 40
19.246832856820948
 40
19.246832856820948
 40
20.23069106222659
 40
20.23069106222659
 40
20.23069106222659
 40
20.574878308574856
 40
20.574878308574856
 40
20.574878308574856
 40
20.819642326295135
 40
20.819642326295135
 40
20.819642326295135
 40
20.96585062361401
 40
20.96585062361401
 40
20.96585062361401
 40
21.014465762638334
 40
21.014465762638334
 40
21.014465762638334
 40
21.06308090166266
 40
21.06308090166266
 40
21.06308090166266
 40
21.209289198981534
 40
21.209289198981534
 40
21.209289198981534
 40
21.454053216701812
 40
21.454053216701812
 40
21.454053216701812
 40
21.798240463050078
 40
21.798240463050078
 40
21.798240463050078
 40
22.782098668455717
 40
22.782098668455717
 40
22.782098668455717
 40
24.128536647854165
 40
24.128536647854165
 40
24.128536647854165
 40
26.61504731039811
 40
26.61504731039811
 40
26.61504731039811
 40
29.201275213509273
 40
29.201275213509273
 40
29.201275213509273
 40
31.476789611756804
 40
31.476789611756804
 40
31.476789611756804
 40
32.84439403872291
 40
32.84439403872291
 40
32.84439403872291
 40
34.20538745688582
 40
34.20538745688582
 40
34.20538745688582
 40
36.94835730209568
 40
36.94835730209568
 40
36.94835730209568
 40
38.25162567288293
 40
38.25162567288293
 40
38.25162567288293
 40
39.4838305555332
 40
39.4838305555332
 40
39.4838305555332
 40
40.598019677583046
 40
40.598019677583046
 40
40.598019677583046
 40
41.07576681871057
 40
41.07576681871057
 40
41.07576681871057
 40
41.47510832273416
 40
41.47510832273416
 40
41.47510832273416
 40
41.776847687583604
 40
41.776847687583604
 40
41.776847687583604
 40
41.964980476090766
 40
41.964980476090766
 40
41.964980476090766
 40
42.028931525276676
 40
42.028931525276676
 40
42.028931525276676
 40
42.028931525276676
 10
29.999999999999996
 20
20.05882352941176
 30
0.0
 10
30.009294996699417
 20
20.243478543827912
 30
0.0
 10
30.057935564389645
 20
20.424071064298893
 30
0.0
 10
30.114224112669906
 20
20.599345066072836
 30
0.0
 10
30.20831568063236
 20
20.877942546840064
 30
0.0
 10
30.33600589503894
 20
21.140288561944004
 30
0.0
 10
30.497294755889694
 20
21.38638311138467
 30
0.0
 10
30.702060757798606
 20
21.700393558777165
 30
0.0
 10
30.950697751274497
 20
21.9746954382601
 30
0.0
 10
31.243205736317297
 20
22.20928874983341
 30
0.0
 10
31.564609733975775
 20
22.465798526111268
 30
0.0
 10
31.934713864418473
 20
22.662065861607847
 30
0.0
 10
32.32929292626156
 20
22.7791889426228
 30
0.0
 10
32.74642083793426
 20
22.903734179867833
 30
0.0
 10
33.18940638833527
 20
22.938861253448948
 30
0.0
 10
33.621284615141455
 20
22.88537843495432
 30
0.0
 10
34.53208397769348
 20
22.774477202585356
 30
0.0
 10
35.384095650463706
 20
22.27494414916053
 30
0.0
 10
35.93745642832383
 20
21.544877480788024
 30
0.0
 10
36.2125171178434
 20
21.18330978912195
 30
0.0
 10
36.413411101105105
 20
20.764072610422204
 30
0.0
 10
36.51331045740003
 20
20.32029777831753
 30
0.0
 10
36.61486956311059
 20
19.87449450157837
 30
0.0
 10
36.61110271378705
 20
19.406919033459232
 30
0.0
 10
36.513310457400024
 20
18.960928458144338
 30
0.0
 10
36.350994445212066
 20
18.214561565116647
 30
0.0
 10
35.94565417870585
 20
17.545910064186128
 30
0.0
 10
35.466716479177414
 20
16.961637033522216
 30
0.0
 10
34.918349319754306
 20
16.294507462390648
 30
0.0
 10
34.27277866415083
 20
15.716889233889567
 30
0.0
 10
33.621284615141455
 20
15.153799931896417
 30
0.0
 10
32.99367985326351
 20
14.61263300292878
 30
0.0
 10
32.3523076196832
 20
14.08661033766074
 30
0.0
 10
31.749732229865
 20
13.517065753137164
 30
0.0
 10
31.423954544988124
 20
13.20869755102
 30
0.0
 10
31.109179528658657
 20
12.886934653377468
 30
0.0
 10
30.823529411764707
 20
12.540687544448009
 30
0.0
 10
30.61532255842397
 20
12.28918737087817
 30
0.0
 10
30.422028636769348
 20
12.018442252960114
 30
0.0
 10
30.263587101964234
 20
11.732992867979386
 30
0.0
 10
30.207788466597457
 20
11.635458252054283
 30
0.0
 10
30.15800080349936
 20
11.532095053156267
 30
0.0
 10
30.1142241126699
 20
11.422903271285357
 30
0.0
 10
30.083452124656162
 20
11.34404445794208
 30
0.0
 10
30.056486299502417
 20
11.25965964461087
 30
0.0
 10
30.034496877883665
 20
11.191488076443044
 30
0.0
 10
30.02136163062037
 20
11.150766204820673
 30
0.0
 10
30.010002062453783
 20
11.115829539386587
 30
0.0
 10
30.004361713407803
 20
11.048419078868795
 30
0.0
 10
30.002486263395433
 20
11.026004694939424
 30
0.0
 10
30.00124313169772
 20
11.000000000000002
 30
0.0
 10
29.999999999999996
 20
11.0
 30
0.0
 10
29.99875686830228
 20
10.999999999999998
 30
0.0
 10
29.997513736604546
 20
11.02600469493942
 30
0.0
 10
29.995638286592193
 20
11.048419078868793
 30
0.0
 10
29.989997937546264
 20
11.115829539386594
 30
0.0
 10
29.97863836937959
 20
11.15076620482067
 30
0.0
 10
29.96550312211635
 20
11.191488076443036
 30
0.0
 10
29.943513700497544
 20
11.259659644610863
 30
0.0
 10
29.91654787534383
 20
11.344044457942088
 30
0.0
 10
29.885775887330094
 20
11.422903271285358
 30
0.0
 10
29.841999196500627
 20
11.532095053156267
 30
0.0
 10
29.79221153340255
 20
11.635458252054281
 30
0.0
 10
29.736412898035766
 20
11.73299286797939
 30
0.0
 10
29.57797136323063
 20
12.018442252960103
 30
0.0
 10
29.38467744157603
 20
12.289187370878171
 30
0.0
 10
29.176470588235297
 20
12.540687544448005
 30
0.0
 10
28.890820471341364
 20
12.886934653377454
 30
0.0
 10
28.57604545501188
 20
13.20869755102
 30
0.0
 10
28.250267770135004
 20
13.51706575313716
 30
0.0
 10
27.647692380316833
 20
14.086610337660733
 30
0.0
 10
27.00632014673644
 20
14.612633002928792
 30
0.0
 10
26.378715384858545
 20
15.153799931896422
 30
0.0
 10
25.727221335849155
 20
15.716889233889729
 30
0.0
 10
25.081650680245684
 20
16.294507462390435
 30
0.0
 10
24.533283520822575
 20
16.961637033522223
 30
0.0
 10
24.054345821294156
 20
17.54591006417935
 30
0.0
 10
23.6490055547879
 20
18.214561565125344
 30
0.0
 10
23.48668954259997
 20
18.96092845814434
 30
0.0
 10
23.388897286212938
 20
19.40691903325858
 30
0.0
 10
23.38513043688939
 20
19.87449450185275
 30
0.0
 10
23.48668954259997
 20
20.32029777831753
 30
0.0
 10
23.586588898894867
 20
20.764072607640127
 30
0.0
 10
23.78748288215659
 20
21.183309793009244
 30
0.0
 10
24.062543571676162
 20
21.544877480788024
 30
0.0
 10
24.615904349536297
 20
22.274944010118155
 30
0.0
 10
25.46791602230653
 20
22.774477384718953
 30
0.0
 10
26.37871538485855
 20
22.885378434954323
 30
0.0
 10
26.810593611664757
 20
22.93885424256144
 30
0.0
 10
27.25357916206571
 20
22.903743728554442
 30
0.0
 10
27.670707073738427
 20
22.779188942622795
 30
0.0
 10
28.065286135581506
 20
22.661976178387526
 30
0.0
 10
28.435390266024246
 20
22.46591993518009
 30
0.0
 10
28.756794263682707
 20
22.209288749833412
 30
0.0
 10
29.049302248725542
 20
21.974862279704396
 30
0.0
 10
29.297939242201373
 20
21.700560400221452
 30
0.0
 10
29.502705244110295
 20
21.38638311138467
 30
0.0
 10
29.58998243532355
 20
21.250441406344375
 30
0.0
 10
29.667884986632075
 20
21.111547736641384
 30
0.0
 10
29.736412898035773
 20
20.969702102275583
 30
0.0
 10
29.7935676692932
 20
20.852361675533736
 30
0.0
 10
29.843854734894343
 20
20.736033492617032
 30
0.0
 10
29.885775887330098
 20
20.59934506607284
 30
0.0
 10
29.917451187248254
 20
20.496064343703242
 30
0.0
 10
29.94435022235351
 20
20.381159556715936
 30
0.0
 10
29.965503122116345
 20
20.308329237752304
 30
0.0
 10
29.978691835559093
 20
20.262919945526438
 30
0.0
 10
29.989646766458584
 20
20.233866900863056
 30
0.0
 10
29.9956382865922
 20
20.122625662198434
 30
0.0
 10
29.997674954425584
 20
20.084811977610027
 30
0.0
 10
29.99913810488225
 20
20.037501525648054
 30
0.0
 10
30.0
 20
20.05882352941176
 30
0.0
  0
SPLINE
  5
34
330
17
100
AcDbEntity
  8
CUT
100
AcDbSpline
 70
0
 71
3
 72
116
 73
112
 74
0
 40
0.0
 40
0.0
 40
0.0
 40
0.0
 40
0.7120584032689514
 40
0.7120584032689514
 40
0.7120584032689514
 40
1.8397438041775147
 40
1.8397438041775147
 40
1.8397438041775147
 40
3.2722726753844618
 40
3.2722726753844618
 40
3.2722726753844618
 40
4.856536095934808
 40
4.856536095934808
 40
4.856536095934808
 40
6.532166858375553
 40
6.532166858375553
 40
6.532166858375553
 40
10.058842373645367
 40
10.058842373645367
 40
10.058842373645367
 40
11.808691054140548
 40
11.808691054140548
 40
11.808691054140548
 40
13.567039603096973
 40
13.567039603096973
 40
13.567039603096973
 40
16.492700972272367
 40
16.492700972272367
 40
16.492700972272367
 40
19.817851133415303
 40
19.817851133415303
 40
19.817851133415303
 40
23.014793413828922
 40
23.014793413828922
 40
23.014793413828922
 40
24.745927958769787
 40
24.745927958769787
 40
24.745927958769787
 40
26.010888508577043
 40
26.010888508577043
 40
26.010888508577043
 40
26.45341496816767
 40
26.45341496816767
 40
26.45341496816767
 40
26.76811156237946
 40
26.76811156237946
 40
26.76811156237946
 40
26.9560936589323
 40
26.9560936589323
 40
26.9560936589323
 40
27.018598837677857
 40
27.018598837677857
 40
27.018598837677857
 40
27.081104016423414
 40
27.081104016423414
 40
27.081104016423414
 40
27.26908611297625
 40
27.26908611297625
 40
27.26908611297625
 40
27.58378270718804
 40
27.58378270718804
 40
27.58378270718804
 40
28.02630916677867
 40
28.02630916677867
 40
28.02630916677867
 40
29.291269716585923
 40
29.291269716585923
 40
29.291269716585923
 40
31.022404261526784
 40
31.022404261526784
 40
31.022404261526784
 40
34.219346541940425
 40
34.219346541940425
 40
34.219346541940425
 40
37.544496703083354
 40
37.544496703083354
 40
37.544496703083354
 40
40.47015807225875
 40
40.47015807225875
 40
40.47015807225875
 40
42.22850662121517
 40
42.22850662121517
 40
42.22850662121517
 40
43.978355301710344
 40
43.978355301710344
 40
43.978355301710344
 40
47.505030816980145
 40
47.505030816980145
 40
47.505030816980145
 40
49.18066157942089
 40
49.18066157942089
 40
49.18066157942089
 40
50.76492499997124
 40
50.76492499997124
 40
50.76492499997124
 40
52.19745387117818
 40
52.19745387117818
 40
52.19745387117818
 40
52.811700195485
 40
52.811700195485
 40
52.811700195485
 40
53.32513927208676
 40
53.32513927208676
 40
53.32513927208676
 40
53.713089884036044
 40
53.713089884036044
 40
53.713089884036044
 40
53.954974897830965
 40
53.954974897830965
 40
53.954974897830965
 40
54.037197675355706
 40
54.037197675355706
 40
54.037197675355706
 40
54.037197675355706
 10
60.0
 20
20.647058823529413
 30
0.0
 10
60.01195071004211
 20
20.884472413493036
 30
0.0
 10
60.07448858278667
 20
21.116662796955694
 30
0.0
 10
60.146859573432735
 20
21.342015084950784
 30
0.0
 10
60.26783444652726
 20
21.70021184593721
 30
0.0
 10
60.43200757933579
 20
22.03751386535657
 30
0.0
 10
60.63937897185818
 20
22.35392114320887
 30
0.0
 10
60.90057045260109
 20
22.754033829302962
 30
0.0
 10
61.22440477335007
 20
23.113937738316384
 30
0.0
 10
61.59840737526508
 20
23.411942678357253
 30
0.0
 10
62.011641086540216
 20
23.74174096214303
 30
0.0
 10
62.48748925425235
 20
23.994084679210125
 30
0.0
 10
62.99480519090772
 20
24.144671497657882
 30
0.0
 10
63.531112505915445
 20
24.304801088401533
 30
0.0
 10
64.10066535643108
 20
24.349964468720053
 30
0.0
 10
64.65593736232472
 20
24.28120084494127
 30
0.0
 10
65.8269651141773
 20
24.13861354618115
 30
0.0
 10
66.92240869345336
 20
23.4963567632064
 30
0.0
 10
67.63387255070204
 20
22.55769961815603
 30
0.0
 10
67.9875220086559
 20
22.092826871728263
 30
0.0
 10
68.2458142728494
 20
21.553807641971378
 30
0.0
 10
68.37425630237146
 20
20.983240000693975
 30
0.0
 10
68.50483229542789
 20
20.41006435917217
 30
0.0
 10
68.49998920344048
 20
19.808895900161893
 30
0.0
 10
68.37425630237146
 20
19.23547944618558
 30
0.0
 10
68.16556428670123
 20
18.2758648694357
 30
0.0
 10
67.64441251547896
 20
17.416170082525
 30
0.0
 10
67.02863547322814
 20
16.664961900242854
 30
0.0
 10
66.32359198254122
 20
15.807223880216553
 30
0.0
 10
65.49357256819397
 20
15.06457187214371
 30
0.0
 10
64.6559373623247
 20
14.340599912438249
 30
0.0
 10
63.849016954196
 20
13.644813860908439
 30
0.0
 10
63.024395511021254
 20
12.968499005563801
 30
0.0
 10
62.24965572411216
 20
12.236227396890646
 30
0.0
 10
61.83079870069902
 20
11.839753994168566
 30
0.0
 10
61.42608796541825
 20
11.426058840056736
 30
0.0
 10
61.05882352941176
 20
10.980883985718867
 30
0.0
 10
60.79112900368793
 20
10.657526619700514
 30
0.0
 10
60.542608247274906
 20
10.309425753805858
 30
0.0
 10
60.338897702525436
 20
9.942419401687783
 30
0.0
 10
60.26715659991098
 20
9.817017752641219
 30
0.0
 10
60.203143890213425
 20
9.684122211200926
 30
0.0
 10
60.146859573432735
 20
9.543732777366886
 30
0.0
 10
60.10729558884363
 20
9.44234287449696
 30
0.0
 10
60.072625242217434
 20
9.333848114499698
 30
0.0
 10
60.044353128707556
 20
9.246198955426754
 30
0.0
 10
60.02746495365477
 20
9.193842263340864
 30
0.0
 10
60.01285979458341
 20
9.148923693497016
 30
0.0
 10
60.00560791723859
 20
9.06225310140273
 30
0.0
 10
60.00319662436551
 20
9.033434607779236
 30
0.0
 10
60.00159831218279
 20
9.000000000000002
 30
0.0
 10
60.0
 20
9.0
 30
0.0
 10
59.998401687817186
 20
8.999999999999996
 30
0.0
 10
59.99680337563445
 20
9.03343460777924
 30
0.0
 10
59.99439208276139
 20
9.062253101402732
 30
0.0
 10
59.98714020541658
 20
9.148923693497027
 30
0.0
 10
59.9725350463452
 20
9.19384226334086
 30
0.0
 10
59.955646871292444
 20
9.246198955426754
 30
0.0
 10
59.92737475778258
 20
9.333848114499695
 30
0.0
 10
59.892704411156366
 20
9.442342874496962
 30
0.0
 10
59.85314042656727
 20
9.543732777366886
 30
0.0
 10
59.79685610978652
 20
9.68412221120092
 30
0.0
 10
59.73284340008902
 20
9.817017752641236
 30
0.0
 10
59.66110229747455
 20
9.942419401687784
 30
0.0
 10
59.457391752725144
 20
10.309425753805854
 30
0.0
 10
59.20887099631201
 20
10.657526619700503
 30
0.0
 10
58.941176470588246
 20
10.98088398571887
 30
0.0
 10
58.573912034581724
 20
11.426058840056717
 30
0.0
 10
58.169201299300994
 20
11.839753994168568
 30
0.0
 10
57.75034427588786
 20
12.236227396890635
 30
0.0
 10
56.97560448897877
 20
12.968499005563817
 30
0.0
 10
56.15098304580401
 20
13.64481386090845
 30
0.0
 10
55.34406263767525
 20
14.340599912438257
 30
0.0
 10
54.50642743180607
 20
15.064571872143947
 30
0.0
 10
53.67640801745873
 20
15.807223880216275
 30
0.0
 10
52.97136452677188
 20
16.664961900242858
 30
0.0
 10
52.355587484521074
 20
17.416170082516327
 30
0.0
 10
51.83443571329873
 20
18.275864869446888
 30
0.0
 10
51.62574369762854
 20
19.235479446185582
 30
0.0
 10
51.50001079655948
 20
19.808895899903888
 30
0.0
 10
51.495167704572104
 20
20.41006435952499
 30
0.0
 10
51.625743697628536
 20
20.98324000069397
 30
0.0
 10
51.75418572715051
 20
21.553807638394456
 30
0.0
 10
52.0124779913442
 20
22.09282687672617
 30
0.0
 10
52.366127449297935
 20
22.55769961815603
 30
0.0
 10
53.07759130654659
 20
23.49635658443762
 30
0.0
 10
54.17303488582272
 20
24.138613780352948
 30
0.0
 10
55.344062637675265
 20
24.281200844941264
 30
0.0
 10
55.899334643568935
 20
24.349955454721844
 30
0.0
 10
56.468887494084505
 20
24.30481336528428
 30
0.0
 10
57.005194809092266
 20
24.144671497657875
 30
0.0
 10
57.51251074574762
 20
23.993969372212526
 30
0.0
 10
57.98835891345978
 20
23.74189705951727
 30
0.0
 10
58.40159262473491
 20
23.411942678357242
 30
0.0
 10
58.77559522664994
 20
23.112565262062777
 30
0.0
 10
59.09942954739897
 20
22.755835326413298
 30
0.0
 10
59.360621028141814
 20
22.353921143208872
 30
0.0
 10
59.472834559701745
 20
22.179138951014234
 30
0.0
 10
59.572994982812666
 20
22.00056137568176
 30
0.0
 10
59.661102297474564
 20
21.818188417211466
 30
0.0
 10
59.734587003377015
 20
21.667322154257672
 30
0.0
 10
59.79924180200698
 20
21.51775734765044
 30
0.0
 10
59.85314042656726
 20
21.342015084950777
 30
0.0
 10
59.89386581217638
 20
21.209225584761338
 30
0.0
 10
59.92845028588304
 20
21.06149085863475
 30
0.0
 10
59.95564687129245
 20
20.967851877110103
 30
0.0
 10
59.97260378857597
 20
20.90946850139114
 30
0.0
 10
59.986688699732504
 20
20.87211458682394
 30
0.0
 10
59.99439208276138
 20
20.72909013711226
 30
0.0
 10
59.99701065569004
 20
20.680472542641446
 30
0.0
 10
59.998891849134324
 20
20.619644818690368
 30
0.0
 10
60.0
 20
20.647058823529417
 30
0.0
  0
ARC
  5
35
330
17
100
AcDbEntity
  8
CUT
100
AcDbCircle
 10
-118.5
 20
0.0
 30
0.0
 40
7.0
100
AcDbArc
 50
118.95502437185874
 51
180.0
  0
ARC
  5
36
330
17
100
AcDbEntity
  8
CUT
100
AcDbCircle
 10
-118.5
 20
12.25
 30
0.0
 40
7.0
100
AcDbArc
 50
118.95502437185874
 51
241.04497562814106
  0
ARC
  5
37
330
17
100
AcDbEntity
  8
CUT
100
AcDbCircle
 10
-118.5
 20
24.5
 30
0.0
 40
7.0
100
AcDbArc
 50
118.95502437185874
 51
241.04497562814106
  0
ARC
  5
38
330
17
100
AcDbEntity
  8
CUT
100
AcDbCircle
 10
-118.5
 20
36.75
 30
0.0
 40
7.0
100
AcDbArc
 50
118.95502437185874
 51
241.04497562814106
  0
ARC
  5
39
330
17
100
AcDbEntity
  8
CUT
100
AcDbCircle
 10
-118.5
 20
49.0
 30
0.0
 40
7.0
100
AcDbArc
 50
118.95502437185874
 51
241.04497562814106
  0
ARC
  5
3A
330
17
100
AcDbEntity
  8
CUT
100
AcDbCircle
 10
-118.5
 20
61.25
 30
0.0
 40
7.0
100
AcDbArc
 50
118.95502437185873
 51
241.04497562814106
  0
ARC
  5
3B
330
17
100
AcDbEntity
  8
CUT
100
AcDbCircle
 10
-118.5
 20
73.5
 30
0.0
 40
7.0
100
AcDbArc
 50
118.95502437185873
 51
241.04497562814106
  0
ARC
  5
3C
330
17
100
AcDbEntity
  8
CUT
100
AcDbCircle
 10
-118.5
 20
85.75
 30
0.0
 40
7.0
100
AcDbArc
 50
118.95502437185895
 51
241.04497562814106
  0
ARC
  5
3D
330
17
100
AcDbEntity
  8
CUT
100
AcDbCircle
 10
-118.5
 20
98.0
 30
0.0
 40
7.0
100
AcDbArc
 50
27.003669877992138
 51
241.04497562814126
  0
ARC
  5
3E
330
17
100
AcDbEntity
  8
CUT
100
AcDbCircle
 10
-104.5
 20
22.0
 30
0.0
 40
2.2
100
AcDbArc
 50
-360.0
 51
-180.0
  0
ARC
  5
3F
330
17
100
AcDbEntity
  8
CUT
100
AcDbCircle
 10
-104.5
 20
72.0
 30
0.0
 40
2.2
100
AcDbArc
 50
-360.0
 51
-180.0
  0
ARC
  5
40
330
17
100
AcDbEntity
  8
CUT
100
AcDbCircle
 10
-104.5
 20
13.0
 30
0.0
 40
3.9
100
AcDbArc
 50
124.33999494370164
 51
415.66000505629904
  0
ARC
  5
41
330
17
100
AcDbEntity
  8
CUT
100
AcDbCircle
 10
-104.5
 20
63.0
 30
0.0
 40
3.9
100
AcDbArc
 50
124.33999494370157
 51
415.660005056299
  0
ARC
  5
42
330
17
100
AcDbEntity
  8
CUT
100
AcDbCircle
 10
-106.02631578947368
 20
98.0
 30
0.0
 40
7.0
100
AcDbArc
 50
27.003669877992138
 51
152.99633012200803
  0
ARC
  5
43
330
17
100
AcDbEntity
  8
CUT
100
AcDbCircle
 10
-93.55263157894737
 20
98.0
 30
0.0
 40
7.0
100
AcDbArc
 50
27.003669877992138
 51
152.99633012200803
  0
ARC
  5
44
330
17
100
AcDbEntity
  8
CUT
100
AcDbCircle
 10
-81.07894736842105
 20
98.0
 30
0.0
 40
7.0
100
AcDbArc
 50
27.003669877992138
 51
152.99633012200803
  0
ARC
  5
45
330
17
100
AcDbEntity
  8
CUT
100
AcDbCircle
 10
-62.0
 20
82.99999995675277
 30
0.0
 40
6.0
100
AcDbArc
 50
90.0
 51
180.0
  0
ARC
  5
46
330
17
100
AcDbEntity
  8
CUT
100
AcDbCircle
 10
-68.60526315789474
 20
98.0
 30
0.0
 40
7.0
100
AcDbArc
 50
27.003669877992138
 51
152.99633012200803
  0
ARC
  5
47
330
17
100
AcDbEntity
  8
CUT
100
AcDbCircle
 10
-62.0
 20
66.99999999999999
 30
0.0
 40
6.0
100
AcDbArc
 50
-180.0
 51
-90.0
  0
ARC
  5
48
330
17
100
AcDbEntity
  8
CUT
100
AcDbCircle
 10
-56.13157894736842
 20
98.0
 30
0.0
 40
7.0
100
AcDbArc
 50
27.003669877992373
 51
152.99633012200806
  0
ARC
  5
49
330
17
100
AcDbEntity
  8
CUT
100
AcDbCircle
 10
-43.65789473684211
 20
98.0
 30
0.0
 40
7.0
100
AcDbArc
 50
27.003669877992266
 51
152.99633012200783
  0
ARC
  5
4A
330
17
100
AcDbEntity
  8
CUT
100
AcDbCircle
 10
-31.184210526315795
 20
98.0
 30
0.0
 40
7.0
100
AcDbArc
 50
27.003669877992163
 51
152.99633012200795
  0
ARC
  5
4B
330
17
100
AcDbEntity
  8
CUT
100
AcDbCircle
 10
-18.71052631578948
 20
98.0
 30
0.0
 40
7.0
100
AcDbArc
 50
27.00366987799236
 51
152.99633012200806
  0
ARC
  5
4C
330
17
100
AcDbEntity
  8
CUT
100
AcDbCircle
 10
-6.236842105263165
 20
98.0
 30
0.0
 40
7.0
100
AcDbArc
 50
27.003669877992124
 51
152.99633012200783
  0
ARC
  5
4D
330
17
100
AcDbEntity
  8
CUT
100
AcDbCircle
 10
6.236842105263165
 20
98.0
 30
0.0
 40
7.0
100
AcDbArc
 50
27.00366987799236
 51
152.99633012200806
  0
ARC
  5
4E
330
17
100
AcDbEntity
  8
CUT
100
AcDbCircle
 10
18.71052631578948
 20
98.0
 30
0.0
 40
7.0
100
AcDbArc
 50
27.003669877992397
 51
152.99633012200783
  0
ARC
  5
4F
330
17
100
AcDbEntity
  8
CUT
100
AcDbCircle
 10
31.18421052631578
 20
98.0
 30
0.0
 40
7.0
100
AcDbArc
 50
27.003669877992138
 51
152.99633012200783
  0
ARC
  5
50
330
17
100
AcDbEntity
  8
CUT
100
AcDbCircle
 10
43.65789473684211
 20
98.0
 30
0.0
 40
7.0
100
AcDbArc
 50
27.003669877992397
 51
152.9963301220081
  0
ARC
  5
51
330
17
100
AcDbEntity
  8
CUT
100
AcDbCircle
 10
62.0
 20
82.99999995675277
 30
0.0
 40
6.0
100
AcDbArc
 50
0.0
 51
90.0
  0
ARC
  5
52
330
17
100
AcDbEntity
  8
CUT
100
AcDbCircle
 10
56.13157894736841
 20
98.0
 30
0.0
 40
7.0
100
AcDbArc
 50
27.003669877992138
 51
152.99633012200783
  0
ARC
  5
53
330
17
100
AcDbEntity
  8
CUT
100
AcDbCircle
 10
62.0
 20
66.99999999999999
 30
0.0
 40
6.0
100
AcDbArc
 50
-90.0
 51
0.0
  0
ARC
  5
54
330
17
100
AcDbEntity
  8
CUT
100
AcDbCircle
 10
68.60526315789474
 20
98.0
 30
0.0
 40
7.0
100
AcDbArc
 50
27.003669877992397
 51
152.9963301220081
  0
ARC
  5
55
330
17
100
AcDbEntity
  8
CUT
100
AcDbCircle
 10
81.07894736842104
 20
98.0
 30
0.0
 40
7.0
100
AcDbArc
 50
27.003669877992138
 51
152.99633012200783
  0
ARC
  5
56
330
17
100
AcDbEntity
  8
CUT
100
AcDbCircle
 10
93.55263157894737
 20
98.0
 30
0.0
 40
7.0
100
AcDbArc
 50
27.003669877992397
 51
152.9963301220081
  0
ARC
  5
57
330
17
100
AcDbEntity
  8
CUT
100
AcDbCircle
 10
104.5
 20
22.0
 30
0.0
 40
2.2
100
AcDbArc
 50
-360.0
 51
-180.0
  0
ARC
  5
58
330
17
100
AcDbEntity
  8
CUT
100
AcDbCircle
 10
104.5
 20
72.0
 30
0.0
 40
2.2
100
AcDbArc
 50
-360.0
 51
-180.0
  0
ARC
  5
59
330
17
100
AcDbEntity
  8
CUT
100
AcDbCircle
 10
104.5
 20
13.0
 30
0.0
 40
3.9
100
AcDbArc
 50
124.33999494370164
 51
415.66000505629904
  0
ARC
  5
5A
330
17
100
AcDbEntity
  8
CUT
100
AcDbCircle
 10
104.5
 20
63.0
 30
0.0
 40
3.9
100
AcDbArc
 50
124.33999494370157
 51
415.660005056299
  0
ARC
  5
5B
330
17
100
AcDbEntity
  8
CUT
100
AcDbCircle
 10
106.02631578947367
 20
98.0
 30
0.0
 40
7.0
100
AcDbArc
 50
27.003669877992138
 51
152.99633012200786
  0
ARC
  5
5C
330
17
100
AcDbEntity
  8
CUT
100
AcDbCircle
 10
118.5
 20
12.25
 30
0.0
 40
7.0
100
AcDbArc
 50
-61.04497562814106
 51
61.04497562814129
  0
ARC
  5
5D
330
17
100
AcDbEntity
  8
CUT
100
AcDbCircle
 10
118.5
 20
24.5
 30
0.0
 40
7.0
100
AcDbArc
 50
-61.04497562814106
 51
61.04497562814129
  0
ARC
  5
5E
330
17
100
AcDbEntity
  8
CUT
100
AcDbCircle
 10
118.5
 20
36.75
 30
0.0
 40
7.0
100
AcDbArc
 50
-61.04497562814106
 51
61.044975628141266
  0
ARC
  5
5F
330
17
100
AcDbEntity
  8
CUT
100
AcDbCircle
 10
118.5
 20
49.0
 30
0.0
 40
7.0
100
AcDbArc
 50
-61.04497562814109
 51
61.04497562814124
  0
ARC
  5
60
330
17
100
AcDbEntity
  8
CUT
100
AcDbCircle
 10
118.5
 20
61.25
 30
0.0
 40
7.0
100
AcDbArc
 50
-61.04497562814109
 51
61.044975628141394
  0
ARC
  5
61
330
17
100
AcDbEntity
  8
CUT
100
AcDbCircle
 10
118.5
 20
73.5
 30
0.0
 40
7.0
100
AcDbArc
 50
-61.04497562814115
 51
61.04497562814138
  0
ARC
  5
62
330
17
100
AcDbEntity
  8
CUT
100
AcDbCircle
 10
118.5
 20
85.75
 30
0.0
 40
7.0
100
AcDbArc
 50
-61.04497562814115
 51
61.044975628141046
  0
ARC
  5
63
330
17
100
AcDbEntity
  8
CUT
100
AcDbCircle
 10
118.5
 20
98.0
 30
0.0
 40
7.0
100
AcDbArc
 50
-61.04497562814128
 51
152.9963301220081
  0
ARC
  5
64
330
17
100
AcDbEntity
  8
CUT
100
AcDbCircle
 10
118.5
 20
0.0
 30
0.0
 40
7.0
100
AcDbArc
 50
-4.325554366790383e-13
 51
61.04497562814125
  0
LINE
  5
65
330
17
100
AcDbEntity
  8
CUT
100
AcDbLine
 10
-125.5
 20
0.0
 30
0.0
 11
125.5
 21
0.0
 31
0.0
  0
LINE
  5
66
330
17
100
AcDbEntity
  8
CUT
100
AcDbLine
 10
-106.69999999999996
 20
16.220248437620974
 30
0.0
 11
-106.7
 21
22.0
 31
0.0
  0
LINE
  5
67
330
17
100
AcDbEntity
  8
CUT
100
AcDbLine
 10
-106.69999999999996
 20
66.22024843762098
 30
0.0
 11
-106.7
 21
72.0
 31
0.0
  0
LINE
  5
68
330
17
100
AcDbEntity
  8
CUT
100
AcDbLine
 10
-102.3
 20
22.0
 30
0.0
 11
-102.30000000000007
 21
16.22024843762101
 31
0.0
  0
LINE
  5
69
330
17
100
AcDbEntity
  8
CUT
100
AcDbLine
 10
-102.3
 20
72.0
 30
0.0
 11
-102.30000000000007
 21
66.22024843762101
 31
0.0
  0
LINE
  5
6A
330
17
100
AcDbEntity
  8
CUT
100
AcDbLine
 10
-68.0
 20
66.99999999999999
 30
0.0
 11
-68.0
 21
82.99999995675277
 31
0.0
  0
LINE
  5
6B
330
17
100
AcDbEntity
  8
CUT
100
AcDbLine
 10
-62.0
 20
89.00000000000001
 30
0.0
 11
62.0
 21
89.00000000000001
 31
0.0
  0
LINE
  5
6C
330
17
100
AcDbEntity
  8
CUT
100
AcDbLine
 10
62.0
 20
61.000000000000014
 30
0.0
 11
-62.0
 21
61.000000000000014
 31
0.0
  0
LINE
  5
6D
330
17
100
AcDbEntity
  8
CUT
100
AcDbLine
 10
68.0
 20
82.99999995675277
 30
0.0
 11
68.0
 21
66.99999999999999
 31
0.0
  0
LINE
  5
6E
330
17
100
AcDbEntity
  8
CUT
100
AcDbLine
 10
102.30000000000004
 20
16.220248437620974
 30
0.0
 11
102.3
 21
22.0
 31
0.0
  0
LINE
  5
6F
330
17
100
AcDbEntity
  8
CUT
100
AcDbLine
 10
102.30000000000004
 20
66.22024843762098
 30
0.0
 11
102.3
 21
72.0
 31
0.0
  0
LINE
  5
70
330
17
100
AcDbEntity
  8
CUT
100
AcDbLine
 10
106.7
 20
22.0
 30
0.0
 11
106.69999999999993
 21
16.22024843762101
 31
0.0
  0
LINE
  5
71
330
17
100
AcDbEntity
  8
CUT
100
AcDbLine
 10
106.7
 20
72.0
 30
0.0
 11
106.69999999999993
 21
66.22024843762101
 31
0.0
  0
SPLINE
  5
73
330
17
100
AcDbEntity
  8
ENGRAVE
100
AcDbSpline
 70
0
 71
2
 72
6
 73
3
 74
0
 40
0.0
 40
0.0
 40
0.0
 40
1.0
 40
1.0
 40
1.0
 10
-65.67121107350167
 20
41.89896419460446
 30
0.0
 10
-66.00871107350166
 20
42.093959311791956
 30
0.0
 10
-66.08371107350166
 20
42.333949546166956
 30
0.0
  0
SPLINE
  5
74
330
17
100
AcDbEntity
  8
ENGRAVE
100
AcDbSpline
 70
0
 71
2
 72
6
 73
3
 74
0
 40
0.0
 40
0.0
 40
0.0
 40
1.0
 40
1.0
 40
1.0
 10
-66.08371107350166
 20
42.333949546166956
 30
0.0
 10
-66.17370130787666
 20
42.67896907741696
 30
0.0
 10
-65.99372083912667
 20
42.843959311791956
 30
0.0
  0
SPLINE
  5
75
330
17
100
AcDbEntity
  8
ENGRAVE
100
AcDbSpline
 70
0
 71
2
 72
6
 73
3
 74
0
 40
0.0
 40
0.0
 40
0.0
 40
1.0
 40
1.0
 40
1.0
 10
-64.83871595631416
 20
41.63646419460446
 30
0.0
 10
-65.33371107350166
 20
41.70396907741696
 30
0.0
 10
-65.67121107350167
 20
41.89896419460446
 30
0.0
  0
SPLINE
  5
76
330
17
100
AcDbEntity
  8
ENGRAVE
100
AcDbSpline
 70
0
 71
2
 72
6
 73
3
 74
0
 40
0.0
 40
0.0
 40
0.0
 40
1.0
 40
1.0
 40
1.0
 10
-65.99372083912667
 20
42.843959311791956
 30
0.0
 10
-65.81374037037666
 20
43.00894954616696
 30
0.0
 10
-65.56623060475167
 20
43.03895442897946
 30
0.0
  0
SPLINE
  5
77
330
17
100
AcDbEntity
  8
ENGRAVE
100
AcDbSpline
 70
0
 71
2
 72
6
 73
3
 74
0
 40
0.0
 40
0.0
 40
0.0
 40
1.0
 40
1.0
 40
1.0
 10
-65.56623060475167
 20
43.03895442897946
 30
0.0
 10
-65.31872083912666
 20
43.06895931179196
 30
0.0
 10
-65.24372083912667
 20
42.978969077416956
 30
0.0
  0
SPLINE
  5
78
330
17
100
AcDbEntity
  8
ENGRAVE
100
AcDbSpline
 70
0
 71
2
 72
6
 73
3
 74
0
 40
0.0
 40
0.0
 40
0.0
 40
1.0
 40
1.0
 40
1.0
 10
-65.24372083912667
 20
42.978969077416956
 30
0.0
 10
-65.12370130787666
 20
42.90396907741696
 30
0.0
 10
-64.86120130787666
 20
42.75396907741696
 30
0.0
  0
SPLINE
  5
79
330
17
100
AcDbEntity
  8
ENGRAVE
100
AcDbSpline
 70
0
 71
2
 72
6
 73
3
 74
0
 40
0.0
 40
0.0
 40
0.0
 40
1.0
 40
1.0
 40
1.0
 10
-63.803730604751664
 20
41.67393978054196
 30
0.0
 10
-64.34372083912666
 20
41.56895931179196
 30
0.0
 10
-64.83871595631416
 20
41.63646419460446
 30
0.0
  0
SPLINE
  5
7A
330
17
100
AcDbEntity
  8
ENGRAVE
100
AcDbSpline
 70
0
 71
2
 72
6
 73
3
 74
0
 40
0.0
 40
0.0
 40
0.0
 40
1.0
 40
1.0
 40
1.0
 10
-64.86120130787666
 20
42.75396907741696
 30
0.0
 10
-64.59870130787667
 20
42.603969077416956
 30
0.0
 10
-64.20871107350166
 20
42.67896907741696
 30
0.0
  0
SPLINE
  5
7B
330
17
100
AcDbEntity
  8
ENGRAVE
100
AcDbSpline
 70
0
 71
2
 72
6
 73
3
 74
0
 40
0.0
 40
0.0
 40
0.0
 40
1.0
 40
1.0
 40
1.0
 10
-63.30121595631416
 20
41.906459311791956
 30
0.0
 10
-63.59372083912666
 20
41.718959311791956
 30
0.0
 10
-63.803730604751664
 20
41.67393978054196
 30
0.0
  0
SPLINE
  5
7C
330
17
100
AcDbEntity
  8
ENGRAVE
100
AcDbSpline
 70
0
 71
2
 72
6
 73
3
 74
0
 40
0.0
 40
0.0
 40
0.0
 40
1.0
 40
1.0
 40
1.0
 10
-64.20871107350166
 20
42.67896907741696
 30
0.0
 10
-63.86374037037666
 20
42.75396907741696
 30
0.0
 10
-63.59372083912666
 20
43.00897396022946
 30
0.0
  0
SPLINE
  5
7D
330
17
100
AcDbEntity
  8
ENGRAVE
100
AcDbSpline
 70
0
 71
2
 72
6
 73
3
 74
0
 40
0.0
 40
0.0
 40
0.0
 40
1.0
 40
1.0
 40
1.0
 10
-62.731220839126664
 20
42.31146419460446
 30
0.0
 10
-63.00871107350166
 20
42.093959311791956
 30
0.0
 10
-63.30121595631416
 20
41.906459311791956
 30
0.0
  0
SPLINE
  5
7E
330
17
100
AcDbEntity
  8
ENGRAVE
100
AcDbSpline
 70
0
 71
2
 72
6
 73
3
 74
0
 40
0.0
 40
0.0
 40
0.0
 40
1.0
 40
1.0
 40
1.0
 10
-63.21122572193916
 20
47.44896419460446
 30
0.0
 10
-63.23371107350166
 20
47.853969077416956
 30
0.0
 10
-63.226215956314164
 20
48.28895442897946
 30
0.0
  0
SPLINE
  5
7F
330
17
100
AcDbEntity
  8
ENGRAVE
100
AcDbSpline
 70
0
 71
2
 72
6
 73
3
 74
0
 40
0.0
 40
0.0
 40
0.0
 40
1.0
 40
1.0
 40
1.0
 10
-63.13622572193916
 20
46.781459311791956
 30
0.0
 10
-63.188740370376664
 20
47.04395931179196
 30
0.0
 10
-63.21122572193916
 20
47.44896419460446
 30
0.0
  0
SPLINE
  5
80
330
17
100
AcDbEntity
  8
ENGRAVE
100
AcDbSpline
 70
0
 71
2
 72
6
 73
3
 74
0
 40
0.0
 40
0.0
 40
0.0
 40
1.0
 40
1.0
 40
1.0
 10
-63.226215956314164
 20
48.28895442897946
 30
0.0
 10
-63.21872083912666
 20
48.72393978054196
 30
0.0
 10
-63.188740370376664
 20
49.083949546166956
 30
0.0
  0
SPLINE
  5
81
330
17
100
AcDbEntity
  8
ENGRAVE
100
AcDbSpline
 70
0
 71
2
 72
6
 73
3
 74
0
 40
0.0
 40
0.0
 40
0.0
 40
1.0
 40
1.0
 40
1.0
 10
-62.99372083912666
 20
46.51895931179196
 30
0.0
 10
-63.08371107350166
 20
46.51895931179196
 30
0.0
 10
-63.13622572193916
 20
46.781459311791956
 30
0.0
  0
SPLINE
  5
82
330
17
100
AcDbEntity
  8
ENGRAVE
100
AcDbSpline
 70
0
 71
2
 72
6
 73
3
 74
0
 40
0.0
 40
0.0
 40
0.0
 40
1.0
 40
1.0
 40
1.0
 10
-63.188740370376664
 20
49.083949546166956
 30
0.0
 10
-63.12873060475166
 20
49.33897884304196
 30
0.0
 10
-63.12873060475166
 20
49.64647396022946
 30
0.0
  0
SPLINE
  5
83
330
17
100
AcDbEntity
  8
ENGRAVE
100
AcDbSpline
 70
0
 71
2
 72
6
 73
3
 74
0
 40
0.0
 40
0.0
 40
0.0
 40
1.0
 40
1.0
 40
1.0
 10
-63.59372083912666
 20
43.00897396022946
 30
0.0
 10
-63.32370130787666
 20
43.26397884304196
 30
0.0
 10
-63.11374037037666
 20
43.54893978054196
 30
0.0
  0
SPLINE
  5
84
330
17
100
AcDbEntity
  8
ENGRAVE
100
AcDbSpline
 70
0
 71
2
 72
6
 73
3
 74
0
 40
0.0
 40
0.0
 40
0.0
 40
1.0
 40
1.0
 40
1.0
 10
-63.12873060475166
 20
49.64647396022946
 30
0.0
 10
-63.12873060475166
 20
49.95396907741696
 30
0.0
 10
-63.11374037037666
 20
50.13394954616696
 30
0.0
  0
SPLINE
  5
85
330
17
100
AcDbEntity
  8
ENGRAVE
100
AcDbSpline
 70
0
 71
2
 72
6
 73
3
 74
0
 40
0.0
 40
0.0
 40
0.0
 40
1.0
 40
1.0
 40
1.0
 10
-63.11374037037666
 20
50.13394954616696
 30
0.0
 10
-63.12873060475166
 20
50.37393978054196
 30
0.0
 10
-63.01623060475166
 20
50.52393978054196
 30
0.0
  0
SPLINE
  5
86
330
17
100
AcDbEntity
  8
ENGRAVE
100
AcDbSpline
 70
0
 71
2
 72
6
 73
3
 74
0
 40
0.0
 40
0.0
 40
0.0
 40
1.0
 40
1.0
 40
1.0
 10
-62.89621107350166
 20
46.016444663354456
 30
0.0
 10
-63.023701307876664
 20
46.24893978054196
 30
0.0
 10
-62.99372083912666
 20
46.353969077416956
 30
0.0
  0
SPLINE
  5
87
330
17
100
AcDbEntity
  8
ENGRAVE
100
AcDbSpline
 70
0
 71
2
 72
6
 73
3
 74
0
 40
0.0
 40
0.0
 40
0.0
 40
1.0
 40
1.0
 40
1.0
 10
-62.56623060475166
 20
45.536464194604456
 30
0.0
 10
-62.76872083912666
 20
45.78394954616696
 30
0.0
 10
-62.89621107350166
 20
46.016444663354456
 30
0.0
  0
SPLINE
  5
88
330
17
100
AcDbEntity
  8
ENGRAVE
100
AcDbSpline
 70
0
 71
2
 72
6
 73
3
 74
0
 40
0.0
 40
0.0
 40
0.0
 40
1.0
 40
1.0
 40
1.0
 10
-63.01623060475166
 20
50.52393978054196
 30
0.0
 10
-62.90373060475166
 20
50.67393978054196
 30
0.0
 10
-62.84372083912666
 20
50.71895931179196
 30
0.0
  0
SPLINE
  5
89
330
17
100
AcDbEntity
  8
ENGRAVE
100
AcDbSpline
 70
0
 71
2
 72
6
 73
3
 74
0
 40
0.0
 40
0.0
 40
0.0
 40
1.0
 40
1.0
 40
1.0
 10
-62.303730604751664
 20
42.66397884304196
 30
0.0
 10
-62.45373060475166
 20
42.52896907741696
 30
0.0
 10
-62.731220839126664
 20
42.31146419460446
 30
0.0
  0
SPLINE
  5
8A
330
17
100
AcDbEntity
  8
ENGRAVE
100
AcDbSpline
 70
0
 71
2
 72
6
 73
3
 74
0
 40
0.0
 40
0.0
 40
0.0
 40
1.0
 40
1.0
 40
1.0
 10
-63.11374037037666
 20
43.54893978054196
 30
0.0
 10
-62.99372083912666
 20
43.728969077416956
 30
0.0
 10
-62.72372572193916
 20
44.17896907741696
 30
0.0
  0
SPLINE
  5
8B
330
17
100
AcDbEntity
  8
ENGRAVE
100
AcDbSpline
 70
0
 71
2
 72
6
 73
3
 74
0
 40
0.0
 40
0.0
 40
0.0
 40
1.0
 40
1.0
 40
1.0
 10
-62.15373060475166
 20
45.15396907741696
 30
0.0
 10
-62.36374037037666
 20
45.28897884304196
 30
0.0
 10
-62.56623060475166
 20
45.536464194604456
 30
0.0
  0
SPLINE
  5
8C
330
17
100
AcDbEntity
  8
ENGRAVE
100
AcDbSpline
 70
0
 71
2
 72
6
 73
3
 74
0
 40
0.0
 40
0.0
 40
0.0
 40
1.0
 40
1.0
 40
1.0
 10
-61.62121107350166
 20
43.60145442897946
 30
0.0
 10
-61.94372083912666
 20
43.09893978054196
 30
0.0
 10
-62.303730604751664
 20
42.66397884304196
 30
0.0
  0
SPLINE
  5
8D
330
17
100
AcDbEntity
  8
ENGRAVE
100
AcDbSpline
 70
0
 71
2
 72
6
 73
3
 74
0
 40
0.0
 40
0.0
 40
0.0
 40
1.0
 40
1.0
 40
1.0
 10
-62.72372572193916
 20
44.17896907741696
 30
0.0
 10
-62.45373060475166
 20
44.62896907741696
 30
0.0
 10
-62.15373060475166
 20
45.15396907741696
 30
0.0
  0
SPLINE
  5
8E
330
17
100
AcDbEntity
  8
ENGRAVE
100
AcDbSpline
 70
0
 71
2
 72
6
 73
3
 74
0
 40
0.0
 40
0.0
 40
0.0
 40
1.0
 40
1.0
 40
1.0
 10
-62.84372083912666
 20
50.71895931179196
 30
0.0
 10
-62.28874037037666
 20
50.95894954616696
 30
0.0
 10
-62.03373548756416
 20
50.46395442897946
 30
0.0
  0
SPLINE
  5
8F
330
17
100
AcDbEntity
  8
ENGRAVE
100
AcDbSpline
 70
0
 71
2
 72
6
 73
3
 74
0
 40
0.0
 40
0.0
 40
0.0
 40
1.0
 40
1.0
 40
1.0
 10
-61.85373060475166
 20
48.88897884304196
 30
0.0
 10
-61.898701307876664
 20
48.07896907741696
 30
0.0
 10
-61.86872083912666
 20
47.38145931179196
 30
0.0
  0
SPLINE
  5
90
330
17
100
AcDbEntity
  8
ENGRAVE
100
AcDbSpline
 70
0
 71
2
 72
6
 73
3
 74
0
 40
0.0
 40
0.0
 40
0.0
 40
1.0
 40
1.0
 40
1.0
 10
-62.03373548756416
 20
50.46395442897946
 30
0.0
 10
-61.77873060475166
 20
49.96895931179196
 30
0.0
 10
-61.85373060475166
 20
48.88897884304196
 30
0.0
  0
SPLINE
  5
91
330
17
100
AcDbEntity
  8
ENGRAVE
100
AcDbSpline
 70
0
 71
2
 72
6
 73
3
 74
0
 40
0.0
 40
0.0
 40
0.0
 40
1.0
 40
1.0
 40
1.0
 10
-60.95373060475166
 20
44.65894954616696
 30
0.0
 10
-61.29870130787666
 20
44.103969077416956
 30
0.0
 10
-61.62121107350166
 20
43.60145442897946
 30
0.0
  0
SPLINE
  5
92
330
17
100
AcDbEntity
  8
ENGRAVE
100
AcDbSpline
 70
0
 71
2
 72
6
 73
3
 74
0
 40
0.0
 40
0.0
 40
0.0
 40
1.0
 40
1.0
 40
1.0
 10
-61.86872083912666
 20
47.38145931179196
 30
0.0
 10
-61.83874037037666
 20
46.68394954616696
 30
0.0
 10
-61.56872083912666
 20
46.36895931179196
 30
0.0
  0
SPLINE
  5
93
330
17
100
AcDbEntity
  8
ENGRAVE
100
AcDbSpline
 70
0
 71
2
 72
6
 73
3
 74
0
 40
0.0
 40
0.0
 40
0.0
 40
1.0
 40
1.0
 40
1.0
 10
-61.56872083912666
 20
46.36895931179196
 30
0.0
 10
-61.523701307876664
 20
46.488978843041956
 30
0.0
 10
-61.471211073501664
 20
46.608973960229456
 30
0.0
  0
SPLINE
  5
94
330
17
100
AcDbEntity
  8
ENGRAVE
100
AcDbSpline
 70
0
 71
2
 72
6
 73
3
 74
0
 40
0.0
 40
0.0
 40
0.0
 40
1.0
 40
1.0
 40
1.0
 10
-61.471211073501664
 20
46.608973960229456
 30
0.0
 10
-61.418720839126664
 20
46.728969077416956
 30
0.0
 10
-61.34372083912666
 20
46.81895931179196
 30
0.0
  0
SPLINE
  5
95
330
17
100
AcDbEntity
  8
ENGRAVE
100
AcDbSpline
 70
0
 71
2
 72
6
 73
3
 74
0
 40
0.0
 40
0.0
 40
0.0
 40
1.0
 40
1.0
 40
1.0
 10
-61.34372083912666
 20
46.81895931179196
 30
0.0
 10
-61.25373060475166
 20
46.99893978054196
 30
0.0
 10
-61.18622572193916
 20
47.156459311791956
 30
0.0
  0
SPLINE
  5
96
330
17
100
AcDbEntity
  8
ENGRAVE
100
AcDbSpline
 70
0
 71
2
 72
6
 73
3
 74
0
 40
0.0
 40
0.0
 40
0.0
 40
1.0
 40
1.0
 40
1.0
 10
-61.18622572193916
 20
47.156459311791956
 30
0.0
 10
-61.11872083912666
 20
47.31397884304196
 30
0.0
 10
-61.10373060475166
 20
47.37393978054196
 30
0.0
  0
SPLINE
  5
97
330
17
100
AcDbEntity
  8
ENGRAVE
100
AcDbSpline
 70
0
 71
2
 72
6
 73
3
 74
0
 40
0.0
 40
0.0
 40
0.0
 40
1.0
 40
1.0
 40
1.0
 10
-61.10373060475166
 20
47.37393978054196
 30
0.0
 10
-61.08874037037666
 20
47.448939780541956
 30
0.0
 10
-60.96872083912666
 20
47.67393978054196
 30
0.0
  0
SPLINE
  5
98
330
17
100
AcDbEntity
  8
ENGRAVE
100
AcDbSpline
 70
0
 71
2
 72
6
 73
3
 74
0
 40
0.0
 40
0.0
 40
0.0
 40
1.0
 40
1.0
 40
1.0
 10
-60.63874037037666
 20
45.39395931179196
 30
0.0
 10
-60.78874037037666
 20
45.07896907741696
 30
0.0
 10
-60.95373060475166
 20
44.65894954616696
 30
0.0
  0
SPLINE
  5
99
330
17
100
AcDbEntity
  8
ENGRAVE
100
AcDbSpline
 70
0
 71
2
 72
6
 73
3
 74
0
 40
0.0
 40
0.0
 40
0.0
 40
1.0
 40
1.0
 40
1.0
 10
-60.96872083912666
 20
47.67393978054196
 30
0.0
 10
-60.84870130787666
 20
47.89893978054196
 30
0.0
 10
-60.74372083912666
 20
48.12393978054196
 30
0.0
  0
SPLINE
  5
9A
330
17
100
AcDbEntity
  8
ENGRAVE
100
AcDbSpline
 70
0
 71
2
 72
6
 73
3
 74
0
 40
0.0
 40
0.0
 40
0.0
 40
1.0
 40
1.0
 40
1.0
 10
-60.293720839126664
 20
46.083949546166956
 30
0.0
 10
-60.48874037037666
 20
45.708949546166956
 30
0.0
 10
-60.63874037037666
 20
45.39395931179196
 30
0.0
  0
SPLINE
  5
9B
330
17
100
AcDbEntity
  8
ENGRAVE
100
AcDbSpline
 70
0
 71
2
 72
6
 73
3
 74
0
 40
0.0
 40
0.0
 40
0.0
 40
1.0
 40
1.0
 40
1.0
 10
-60.74372083912666
 20
48.12393978054196
 30
0.0
 10
-60.668720839126664
 20
48.34893978054196
 30
0.0
 10
-60.51872083912666
 20
48.78394954616696
 30
0.0
  0
SPLINE
  5
9C
330
17
100
AcDbEntity
  8
ENGRAVE
100
AcDbSpline
 70
0
 71
2
 72
6
 73
3
 74
0
 40
0.0
 40
0.0
 40
0.0
 40
1.0
 40
1.0
 40
1.0
 10
-59.82873060475166
 20
47.05894954616696
 30
0.0
 10
-60.09870130787666
 20
46.458949546166956
 30
0.0
 10
-60.293720839126664
 20
46.083949546166956
 30
0.0
  0
SPLINE
  5
9D
330
17
100
AcDbEntity
  8
ENGRAVE
100
AcDbSpline
 70
0
 71
2
 72
6
 73
3
 74
0
 40
0.0
 40
0.0
 40
0.0
 40
1.0
 40
1.0
 40
1.0
 10
-60.51872083912666
 20
48.78394954616696
 30
0.0
 10
-60.36872083912666
 20
49.218959311791956
 30
0.0
 10
-60.21872083912666
 20
49.488978843041956
 30
0.0
  0
SPLINE
  5
9E
330
17
100
AcDbEntity
  8
ENGRAVE
100
AcDbSpline
 70
0
 71
2
 72
6
 73
3
 74
0
 40
0.0
 40
0.0
 40
0.0
 40
1.0
 40
1.0
 40
1.0
 10
-60.21872083912666
 20
49.488978843041956
 30
0.0
 10
-60.03874037037666
 20
49.83394954616696
 30
0.0
 10
-59.92624037037666
 20
50.05145442897946
 30
0.0
  0
SPLINE
  5
9F
330
17
100
AcDbEntity
  8
ENGRAVE
100
AcDbSpline
 70
0
 71
2
 72
6
 73
3
 74
0
 40
0.0
 40
0.0
 40
0.0
 40
1.0
 40
1.0
 40
1.0
 10
-59.65622083912666
 20
47.45645931179196
 30
0.0
 10
-59.75373060475166
 20
47.238978843041956
 30
0.0
 10
-59.82873060475166
 20
47.05894954616696
 30
0.0
  0
SPLINE
  5
A0
330
17
100
AcDbEntity
  8
ENGRAVE
100
AcDbSpline
 70
0
 71
2
 72
6
 73
3
 74
0
 40
0.0
 40
0.0
 40
0.0
 40
1.0
 40
1.0
 40
1.0
 10
-59.92624037037666
 20
50.05145442897946
 30
0.0
 10
-59.813740370376664
 20
50.26895931179196
 30
0.0
 10
-59.678730604751664
 20
50.31397884304196
 30
0.0
  0
SPLINE
  5
A1
330
17
100
AcDbEntity
  8
ENGRAVE
100
AcDbSpline
 70
0
 71
2
 72
6
 73
3
 74
0
 40
0.0
 40
0.0
 40
0.0
 40
1.0
 40
1.0
 40
1.0
 10
-59.48371107350166
 20
47.853969077416956
 30
0.0
 10
-59.55871107350166
 20
47.67393978054196
 30
0.0
 10
-59.65622083912666
 20
47.45645931179196
 30
0.0
  0
SPLINE
  5
A2
330
17
100
AcDbEntity
  8
ENGRAVE
100
AcDbSpline
 70
0
 71
2
 72
6
 73
3
 74
0
 40
0.0
 40
0.0
 40
0.0
 40
1.0
 40
1.0
 40
1.0
 10
-59.26620619068916
 20
48.23646419460446
 30
0.0
 10
-59.408711073501664
 20
47.94395931179196
 30
0.0
 10
-59.48371107350166
 20
47.853969077416956
 30
0.0
  0
SPLINE
  5
A3
330
17
100
AcDbEntity
  8
ENGRAVE
100
AcDbSpline
 70
0
 71
2
 72
6
 73
3
 74
0
 40
0.0
 40
0.0
 40
0.0
 40
1.0
 40
1.0
 40
1.0
 10
-59.00373060475166
 20
48.88897884304196
 30
0.0
 10
-59.12370130787666
 20
48.52896907741696
 30
0.0
 10
-59.26620619068916
 20
48.23646419460446
 30
0.0
  0
SPLINE
  5
A4
330
17
100
AcDbEntity
  8
ENGRAVE
100
AcDbSpline
 70
0
 71
2
 72
6
 73
3
 74
0
 40
0.0
 40
0.0
 40
0.0
 40
1.0
 40
1.0
 40
1.0
 10
-59.678730604751664
 20
50.31397884304196
 30
0.0
 10
-59.438740370376664
 20
50.49395931179196
 30
0.0
 10
-59.13874037037666
 20
50.32896907741696
 30
0.0
  0
SPLINE
  5
A5
330
17
100
AcDbEntity
  8
ENGRAVE
100
AcDbSpline
 70
0
 71
2
 72
6
 73
3
 74
0
 40
0.0
 40
0.0
 40
0.0
 40
1.0
 40
1.0
 40
1.0
 10
-58.75622083912666
 20
49.55645931179196
 30
0.0
 10
-58.77873060475166
 20
49.30894954616696
 30
0.0
 10
-59.00373060475166
 20
48.88897884304196
 30
0.0
  0
SPLINE
  5
A6
330
17
100
AcDbEntity
  8
ENGRAVE
100
AcDbSpline
 70
0
 71
2
 72
6
 73
3
 74
0
 40
0.0
 40
0.0
 40
0.0
 40
1.0
 40
1.0
 40
1.0
 10
-59.13874037037666
 20
50.32896907741696
 30
0.0
 10
-58.95871107350166
 20
50.14893978054196
 30
0.0
 10
-58.846211073501664
 20
49.97645442897946
 30
0.0
  0
SPLINE
  5
A7
330
17
100
AcDbEntity
  8
ENGRAVE
100
AcDbSpline
 70
0
 71
2
 72
6
 73
3
 74
0
 40
0.0
 40
0.0
 40
0.0
 40
1.0
 40
1.0
 40
1.0
 10
-58.846211073501664
 20
49.97645442897946
 30
0.0
 10
-58.73371107350166
 20
49.80396907741696
 30
0.0
 10
-58.75622083912666
 20
49.55645931179196
 30
0.0
  0
SPLINE
  5
A8
330
17
100
AcDbEntity
  8
ENGRAVE
100
AcDbSpline
 70
0
 71
2
 72
6
 73
3
 74
0
 40
0.0
 40
0.0
 40
0.0
 40
1.0
 40
1.0
 40
1.0
 10
-58.59875013600166
 20
46.77393978054196
 30
0.0
 10
-58.67375013600166
 20
46.84893978054196
 30
0.0
 10
-58.64374525318916
 20
46.87144954616696
 30
0.0
  0
SPLINE
  5
A9
330
17
100
AcDbEntity
  8
ENGRAVE
100
AcDbSpline
 70
0
 71
2
 72
6
 73
3
 74
0
 40
0.0
 40
0.0
 40
0.0
 40
1.0
 40
1.0
 40
1.0
 10
-58.501240370376664
 20
45.828944663354456
 30
0.0
 10
-58.67375013600166
 20
46.17393978054196
 30
0.0
 10
-58.62873060475166
 20
46.42896907741696
 30
0.0
  0
SPLINE
  5
AA
330
17
100
AcDbEntity
  8
ENGRAVE
100
AcDbSpline
 70
0
 71
2
 72
6
 73
3
 74
0
 40
0.0
 40
0.0
 40
0.0
 40
1.0
 40
1.0
 40
1.0
 10
-58.59123060475166
 20
46.66143978054196
 30
0.0
 10
-58.59875013600166
 20
46.77393978054196
 30
0.0
 10
-58.59875013600166
 20
46.77393978054196
 30
0.0
  0
SPLINE
  5
AB
330
17
100
AcDbEntity
  8
ENGRAVE
100
AcDbSpline
 70
0
 71
2
 72
6
 73
3
 74
0
 40
0.0
 40
0.0
 40
0.0
 40
1.0
 40
1.0
 40
1.0
 10
-58.62873060475166
 20
46.42896907741696
 30
0.0
 10
-58.58371107350166
 20
46.54893978054196
 30
0.0
 10
-58.59123060475166
 20
46.66143978054196
 30
0.0
  0
SPLINE
  5
AC
330
17
100
AcDbEntity
  8
ENGRAVE
100
AcDbSpline
 70
0
 71
2
 72
6
 73
3
 74
0
 40
0.0
 40
0.0
 40
0.0
 40
1.0
 40
1.0
 40
1.0
 10
-58.64374525318916
 20
46.87144954616696
 30
0.0
 10
-58.61374037037666
 20
46.89395931179196
 30
0.0
 10
-58.58371107350166
 20
46.95396907741696
 30
0.0
  0
SPLINE
  5
AD
330
17
100
AcDbEntity
  8
ENGRAVE
100
AcDbSpline
 70
0
 71
2
 72
6
 73
3
 74
0
 40
0.0
 40
0.0
 40
0.0
 40
1.0
 40
1.0
 40
1.0
 10
-58.58371107350166
 20
46.95396907741696
 30
0.0
 10
-58.49372083912666
 20
46.95396907741696
 30
0.0
 10
-58.52375013600166
 20
47.11895931179196
 30
0.0
  0
SPLINE
  5
AE
330
17
100
AcDbEntity
  8
ENGRAVE
100
AcDbSpline
 70
0
 71
2
 72
6
 73
3
 74
0
 40
0.0
 40
0.0
 40
0.0
 40
1.0
 40
1.0
 40
1.0
 10
-58.043720839126664
 20
45.18394954616696
 30
0.0
 10
-58.32873060475166
 20
45.48394954616696
 30
0.0
 10
-58.501240370376664
 20
45.828944663354456
 30
0.0
  0
SPLINE
  5
AF
330
17
100
AcDbEntity
  8
ENGRAVE
100
AcDbSpline
 70
0
 71
2
 72
6
 73
3
 74
0
 40
0.0
 40
0.0
 40
0.0
 40
1.0
 40
1.0
 40
1.0
 10
-58.52375013600166
 20
47.11895931179196
 30
0.0
 10
-58.553730604751664
 20
47.238978843041956
 30
0.0
 10
-58.42624037037666
 20
47.63646419460446
 30
0.0
  0
SPLINE
  5
B0
330
17
100
AcDbEntity
  8
ENGRAVE
100
AcDbSpline
 70
0
 71
2
 72
6
 73
3
 74
0
 40
0.0
 40
0.0
 40
0.0
 40
1.0
 40
1.0
 40
1.0
 10
-58.42624037037666
 20
47.63646419460446
 30
0.0
 10
-58.29875013600166
 20
48.03394954616696
 30
0.0
 10
-58.073750136001664
 20
48.39395931179196
 30
0.0
  0
SPLINE
  5
B1
330
17
100
AcDbEntity
  8
ENGRAVE
100
AcDbSpline
 70
0
 71
2
 72
6
 73
3
 74
0
 40
0.0
 40
0.0
 40
0.0
 40
1.0
 40
1.0
 40
1.0
 10
-57.76623060475166
 20
44.97393978054196
 30
0.0
 10
-57.87873060475166
 20
45.04893978054196
 30
0.0
 10
-58.043720839126664
 20
45.18394954616696
 30
0.0
  0
SPLINE
  5
B2
330
17
100
AcDbEntity
  8
ENGRAVE
100
AcDbSpline
 70
0
 71
2
 72
6
 73
3
 74
0
 40
0.0
 40
0.0
 40
0.0
 40
1.0
 40
1.0
 40
1.0
 10
-58.073750136001664
 20
48.39395931179196
 30
0.0
 10
-57.98371107350166
 20
48.54395931179196
 30
0.0
 10
-57.803730604751664
 20
48.791469077416956
 30
0.0
  0
SPLINE
  5
B3
330
17
100
AcDbEntity
  8
ENGRAVE
100
AcDbSpline
 70
0
 71
2
 72
6
 73
3
 74
0
 40
0.0
 40
0.0
 40
0.0
 40
1.0
 40
1.0
 40
1.0
 10
-57.45871107350166
 20
44.89893978054196
 30
0.0
 10
-57.65373060475166
 20
44.89893978054196
 30
0.0
 10
-57.76623060475166
 20
44.97393978054196
 30
0.0
  0
SPLINE
  5
B4
330
17
100
AcDbEntity
  8
ENGRAVE
100
AcDbSpline
 70
0
 71
2
 72
6
 73
3
 74
0
 40
0.0
 40
0.0
 40
0.0
 40
1.0
 40
1.0
 40
1.0
 10
-56.75373060475166
 20
44.973964194604456
 30
0.0
 10
-57.11374037037666
 20
44.92896907741696
 30
0.0
 10
-57.45871107350166
 20
44.89893978054196
 30
0.0
  0
SPLINE
  5
B5
330
17
100
AcDbEntity
  8
ENGRAVE
100
AcDbSpline
 70
0
 71
2
 72
6
 73
3
 74
0
 40
0.0
 40
0.0
 40
0.0
 40
1.0
 40
1.0
 40
1.0
 10
-57.803730604751664
 20
48.791469077416956
 30
0.0
 10
-57.62375013600166
 20
49.03897884304196
 30
0.0
 10
-57.40624525318916
 20
49.28646419460446
 30
0.0
  0
SPLINE
  5
B6
330
17
100
AcDbEntity
  8
ENGRAVE
100
AcDbSpline
 70
0
 71
2
 72
6
 73
3
 74
0
 40
0.0
 40
0.0
 40
0.0
 40
1.0
 40
1.0
 40
1.0
 10
-56.611225721939164
 20
48.10147884304196
 30
0.0
 10
-56.99372083912666
 20
47.613978843041956
 30
0.0
 10
-57.14372083912666
 20
46.90894954616696
 30
0.0
  0
SPLINE
  5
B7
330
17
100
AcDbEntity
  8
ENGRAVE
100
AcDbSpline
 70
0
 71
2
 72
6
 73
3
 74
0
 40
0.0
 40
0.0
 40
0.0
 40
1.0
 40
1.0
 40
1.0
 10
-57.40624525318916
 20
49.28646419460446
 30
0.0
 10
-57.188740370376664
 20
49.53394954616696
 30
0.0
 10
-57.00871107350166
 20
49.68394954616696
 30
0.0
  0
SPLINE
  5
B8
330
17
100
AcDbEntity
  8
ENGRAVE
100
AcDbSpline
 70
0
 71
2
 72
6
 73
3
 74
0
 40
0.0
 40
0.0
 40
0.0
 40
1.0
 40
1.0
 40
1.0
 10
-57.14372083912666
 20
46.90894954616696
 30
0.0
 10
-57.20373060475166
 20
46.353969077416956
 30
0.0
 10
-56.88874037037666
 20
46.233973960229456
 30
0.0
  0
SPLINE
  5
B9
330
17
100
AcDbEntity
  8
ENGRAVE
100
AcDbSpline
 70
0
 71
2
 72
6
 73
3
 74
0
 40
0.0
 40
0.0
 40
0.0
 40
1.0
 40
1.0
 40
1.0
 10
-56.07873060475166
 20
45.228969077416956
 30
0.0
 10
-56.39372083912666
 20
45.01895931179196
 30
0.0
 10
-56.75373060475166
 20
44.973964194604456
 30
0.0
  0
SPLINE
  5
BA
330
17
100
AcDbEntity
  8
ENGRAVE
100
AcDbSpline
 70
0
 71
2
 72
6
 73
3
 74
0
 40
0.0
 40
0.0
 40
0.0
 40
1.0
 40
1.0
 40
1.0
 10
-55.77873060475166
 20
48.96397884304196
 30
0.0
 10
-56.22873060475166
 20
48.58897884304196
 30
0.0
 10
-56.611225721939164
 20
48.10147884304196
 30
0.0
  0
SPLINE
  5
BB
330
17
100
AcDbEntity
  8
ENGRAVE
100
AcDbSpline
 70
0
 71
2
 72
6
 73
3
 74
0
 40
0.0
 40
0.0
 40
0.0
 40
1.0
 40
1.0
 40
1.0
 10
-57.00871107350166
 20
49.68394954616696
 30
0.0
 10
-56.63371107350166
 20
49.99893978054196
 30
0.0
 10
-56.31122572193916
 20
50.19395931179196
 30
0.0
  0
SPLINE
  5
BC
330
17
100
AcDbEntity
  8
ENGRAVE
100
AcDbSpline
 70
0
 71
2
 72
6
 73
3
 74
0
 40
0.0
 40
0.0
 40
0.0
 40
1.0
 40
1.0
 40
1.0
 10
-55.28373548756416
 20
45.78394954616696
 30
0.0
 10
-55.64372083912666
 20
45.48394954616696
 30
0.0
 10
-56.07873060475166
 20
45.228969077416956
 30
0.0
  0
SPLINE
  5
BD
330
17
100
AcDbEntity
  8
ENGRAVE
100
AcDbSpline
 70
0
 71
2
 72
6
 73
3
 74
0
 40
0.0
 40
0.0
 40
0.0
 40
1.0
 40
1.0
 40
1.0
 10
-56.88874037037666
 20
46.233973960229456
 30
0.0
 10
-56.573750136001664
 20
46.113978843041956
 30
0.0
 10
-55.928730604751664
 20
46.728969077416956
 30
0.0
  0
SPLINE
  5
BE
330
17
100
AcDbEntity
  8
ENGRAVE
100
AcDbSpline
 70
0
 71
2
 72
6
 73
3
 74
0
 40
0.0
 40
0.0
 40
0.0
 40
1.0
 40
1.0
 40
1.0
 10
-55.433735487564164
 20
49.166469077416956
 30
0.0
 10
-55.56872083912666
 20
49.113978843041956
 30
0.0
 10
-55.77873060475166
 20
48.96397884304196
 30
0.0
  0
SPLINE
  5
BF
330
17
100
AcDbEntity
  8
ENGRAVE
100
AcDbSpline
 70
0
 71
2
 72
6
 73
3
 74
0
 40
0.0
 40
0.0
 40
0.0
 40
1.0
 40
1.0
 40
1.0
 10
-56.31122572193916
 20
50.19395931179196
 30
0.0
 10
-55.98874037037666
 20
50.38897884304196
 30
0.0
 10
-55.658711073501664
 20
50.46397884304196
 30
0.0
  0
SPLINE
  5
C0
330
17
100
AcDbEntity
  8
ENGRAVE
100
AcDbSpline
 70
0
 71
2
 72
6
 73
3
 74
0
 40
0.0
 40
0.0
 40
0.0
 40
1.0
 40
1.0
 40
1.0
 10
-55.928730604751664
 20
46.728969077416956
 30
0.0
 10
-55.59875013600166
 20
47.01397884304196
 30
0.0
 10
-55.45624525318916
 20
47.358973960229456
 30
0.0
  0
SPLINE
  5
C1
330
17
100
AcDbEntity
  8
ENGRAVE
100
AcDbSpline
 70
0
 71
2
 72
6
 73
3
 74
0
 40
0.0
 40
0.0
 40
0.0
 40
1.0
 40
1.0
 40
1.0
 10
-55.16374037037666
 20
49.113978843041956
 30
0.0
 10
-55.29875013600166
 20
49.218959311791956
 30
0.0
 10
-55.433735487564164
 20
49.166469077416956
 30
0.0
  0
SPLINE
  5
C2
330
17
100
AcDbEntity
  8
ENGRAVE
100
AcDbSpline
 70
0
 71
2
 72
6
 73
3
 74
0
 40
0.0
 40
0.0
 40
0.0
 40
1.0
 40
1.0
 40
1.0
 10
-54.54875013600166
 20
46.62393978054196
 30
0.0
 10
-54.92375013600166
 20
46.083949546166956
 30
0.0
 10
-55.28373548756416
 20
45.78394954616696
 30
0.0
  0
SPLINE
  5
C3
330
17
100
AcDbEntity
  8
ENGRAVE
100
AcDbSpline
 70
0
 71
2
 72
6
 73
3
 74
0
 40
0.0
 40
0.0
 40
0.0
 40
1.0
 40
1.0
 40
1.0
 10
-55.058735487564164
 20
48.88145931179196
 30
0.0
 10
-55.073750136001664
 20
49.083949546166956
 30
0.0
 10
-55.16374037037666
 20
49.113978843041956
 30
0.0
  0
SPLINE
  5
C4
330
17
100
AcDbEntity
  8
ENGRAVE
100
AcDbSpline
 70
0
 71
2
 72
6
 73
3
 74
0
 40
0.0
 40
0.0
 40
0.0
 40
1.0
 40
1.0
 40
1.0
 10
-55.45624525318916
 20
47.358973960229456
 30
0.0
 10
-55.313740370376664
 20
47.70396907741696
 30
0.0
 10
-55.14875013600166
 20
48.16895931179196
 30
0.0
  0
SPLINE
  5
C5
330
17
100
AcDbEntity
  8
ENGRAVE
100
AcDbSpline
 70
0
 71
2
 72
6
 73
3
 74
0
 40
0.0
 40
0.0
 40
0.0
 40
1.0
 40
1.0
 40
1.0
 10
-55.14875013600166
 20
48.16895931179196
 30
0.0
 10
-55.08874037037666
 20
48.25894954616696
 30
0.0
 10
-55.06623060475166
 20
48.468959311791956
 30
0.0
  0
SPLINE
  5
C6
330
17
100
AcDbEntity
  8
ENGRAVE
100
AcDbSpline
 70
0
 71
2
 72
6
 73
3
 74
0
 40
0.0
 40
0.0
 40
0.0
 40
1.0
 40
1.0
 40
1.0
 10
-55.06623060475166
 20
48.468959311791956
 30
0.0
 10
-55.043720839126664
 20
48.67896907741696
 30
0.0
 10
-55.058735487564164
 20
48.88145931179196
 30
0.0
  0
SPLINE
  5
C7
330
17
100
AcDbEntity
  8
ENGRAVE
100
AcDbSpline
 70
0
 71
2
 72
6
 73
3
 74
0
 40
0.0
 40
0.0
 40
0.0
 40
1.0
 40
1.0
 40
1.0
 10
-55.658711073501664
 20
50.46397884304196
 30
0.0
 10
-55.32873060475166
 20
50.53897884304196
 30
0.0
 10
-54.97624037037666
 20
50.53897884304196
 30
0.0
  0
SPLINE
  5
C8
330
17
100
AcDbEntity
  8
ENGRAVE
100
AcDbSpline
 70
0
 71
2
 72
6
 73
3
 74
0
 40
0.0
 40
0.0
 40
0.0
 40
1.0
 40
1.0
 40
1.0
 10
-53.813740370376664
 20
48.13145931179196
 30
0.0
 10
-53.948750136001664
 20
47.478969077416956
 30
0.0
 10
-54.54875013600166
 20
46.62393978054196
 30
0.0
  0
SPLINE
  5
C9
330
17
100
AcDbEntity
  8
ENGRAVE
100
AcDbSpline
 70
0
 71
2
 72
6
 73
3
 74
0
 40
0.0
 40
0.0
 40
0.0
 40
1.0
 40
1.0
 40
1.0
 10
-54.97624037037666
 20
50.53897884304196
 30
0.0
 10
-54.62375013600166
 20
50.53897884304196
 30
0.0
 10
-54.39875013600166
 20
50.29893978054196
 30
0.0
  0
SPLINE
  5
CA
330
17
100
AcDbEntity
  8
ENGRAVE
100
AcDbSpline
 70
0
 71
2
 72
6
 73
3
 74
0
 40
0.0
 40
0.0
 40
0.0
 40
1.0
 40
1.0
 40
1.0
 10
-54.39875013600166
 20
50.29893978054196
 30
0.0
 10
-54.053730604751664
 20
50.14893978054196
 30
0.0
 10
-53.91122572193916
 20
49.89395931179196
 30
0.0
  0
SPLINE
  5
CB
330
17
100
AcDbEntity
  8
ENGRAVE
100
AcDbSpline
 70
0
 71
2
 72
6
 73
3
 74
0
 40
0.0
 40
0.0
 40
0.0
 40
1.0
 40
1.0
 40
1.0
 10
-53.72375013600166
 20
49.23394954616696
 30
0.0
 10
-53.678730604751664
 20
48.78394954616696
 30
0.0
 10
-53.813740370376664
 20
48.13145931179196
 30
0.0
  0
SPLINE
  5
CC
330
17
100
AcDbEntity
  8
ENGRAVE
100
AcDbSpline
 70
0
 71
2
 72
6
 73
3
 74
0
 40
0.0
 40
0.0
 40
0.0
 40
1.0
 40
1.0
 40
1.0
 10
-53.91122572193916
 20
49.89395931179196
 30
0.0
 10
-53.76872083912666
 20
49.63897884304196
 30
0.0
 10
-53.72375013600166
 20
49.23394954616696
 30
0.0
  0
SPLINE
  5
CD
330
17
100
AcDbEntity
  8
ENGRAVE
100
AcDbSpline
 70
0
 71
2
 72
6
 73
3
 74
0
 40
0.0
 40
0.0
 40
0.0
 40
1.0
 40
1.0
 40
1.0
 10
-52.91374037037666
 20
45.91895931179196
 30
0.0
 10
-53.06374037037666
 20
46.218959311791956
 30
0.0
 10
-52.973750136001655
 20
46.63897884304196
 30
0.0
  0
SPLINE
  5
CE
330
17
100
AcDbEntity
  8
ENGRAVE
100
AcDbSpline
 70
0
 71
2
 72
6
 73
3
 74
0
 40
0.0
 40
0.0
 40
0.0
 40
1.0
 40
1.0
 40
1.0
 10
-52.52375013600166
 20
45.42393978054196
 30
0.0
 10
-52.76374037037666
 20
45.61895931179196
 30
0.0
 10
-52.91374037037666
 20
45.91895931179196
 30
0.0
  0
SPLINE
  5
CF
330
17
100
AcDbEntity
  8
ENGRAVE
100
AcDbSpline
 70
0
 71
2
 72
6
 73
3
 74
0
 40
0.0
 40
0.0
 40
0.0
 40
1.0
 40
1.0
 40
1.0
 10
-52.973750136001655
 20
46.63897884304196
 30
0.0
 10
-52.94376966725166
 20
47.16397884304196
 30
0.0
 10
-52.82375013600166
 20
47.666469077416956
 30
0.0
  0
SPLINE
  5
D0
330
17
100
AcDbEntity
  8
ENGRAVE
100
AcDbSpline
 70
0
 71
2
 72
6
 73
3
 74
0
 40
0.0
 40
0.0
 40
0.0
 40
1.0
 40
1.0
 40
1.0
 10
-50.97873060475166
 20
45.333949546166956
 30
0.0
 10
-51.96876966725166
 20
44.70396907741696
 30
0.0
 10
-52.52375013600166
 20
45.42393978054196
 30
0.0
  0
SPLINE
  5
D1
330
17
100
AcDbEntity
  8
ENGRAVE
100
AcDbSpline
 70
0
 71
2
 72
6
 73
3
 74
0
 40
0.0
 40
0.0
 40
0.0
 40
1.0
 40
1.0
 40
1.0
 10
-52.82375013600166
 20
47.666469077416956
 30
0.0
 10
-52.703730604751655
 20
48.16895931179196
 30
0.0
 10
-52.328730604751655
 20
49.00894954616696
 30
0.0
  0
SPLINE
  5
D2
330
17
100
AcDbEntity
  8
ENGRAVE
100
AcDbSpline
 70
0
 71
2
 72
6
 73
3
 74
0
 40
0.0
 40
0.0
 40
0.0
 40
1.0
 40
1.0
 40
1.0
 10
-52.328730604751655
 20
49.00894954616696
 30
0.0
 10
-52.01374037037666
 20
49.62393978054196
 30
0.0
 10
-51.848750136001655
 20
49.96895931179196
 30
0.0
  0
SPLINE
  5
D3
330
17
100
AcDbEntity
  8
ENGRAVE
100
AcDbSpline
 70
0
 71
2
 72
6
 73
3
 74
0
 40
0.0
 40
0.0
 40
0.0
 40
1.0
 40
1.0
 40
1.0
 10
-51.48126966725166
 20
47.58397396022946
 30
0.0
 10
-51.66876966725166
 20
47.103969077416956
 30
0.0
 10
-51.70626966725166
 20
46.77396419460446
 30
0.0
  0
SPLINE
  5
D4
330
17
100
AcDbEntity
  8
ENGRAVE
100
AcDbSpline
 70
0
 71
2
 72
6
 73
3
 74
0
 40
0.0
 40
0.0
 40
0.0
 40
1.0
 40
1.0
 40
1.0
 10
-51.848750136001655
 20
49.96895931179196
 30
0.0
 10
-51.68375990162666
 20
50.31397884304196
 30
0.0
 10
-51.63874037037666
 20
50.37393978054196
 30
0.0
  0
SPLINE
  5
D5
330
17
100
AcDbEntity
  8
ENGRAVE
100
AcDbSpline
 70
0
 71
2
 72
6
 73
3
 74
0
 40
0.0
 40
0.0
 40
0.0
 40
1.0
 40
1.0
 40
1.0
 10
-51.70626966725166
 20
46.77396419460446
 30
0.0
 10
-51.743769667251655
 20
46.44395931179196
 30
0.0
 10
-51.53375990162666
 20
46.36895931179196
 30
0.0
  0
SPLINE
  5
D6
330
17
100
AcDbEntity
  8
ENGRAVE
100
AcDbSpline
 70
0
 71
2
 72
6
 73
3
 74
0
 40
0.0
 40
0.0
 40
0.0
 40
1.0
 40
1.0
 40
1.0
 10
-51.08375990162666
 20
48.573939780541956
 30
0.0
 10
-51.29376966725166
 20
48.06397884304196
 30
0.0
 10
-51.48126966725166
 20
47.58397396022946
 30
0.0
  0
SPLINE
  5
D7
330
17
100
AcDbEntity
  8
ENGRAVE
100
AcDbSpline
 70
0
 71
2
 72
6
 73
3
 74
0
 40
0.0
 40
0.0
 40
0.0
 40
1.0
 40
1.0
 40
1.0
 10
-51.53375990162666
 20
46.36895931179196
 30
0.0
 10
-51.39875013600166
 20
46.29395931179196
 30
0.0
 10
-51.13625013600166
 20
46.38394954616696
 30
0.0
  0
SPLINE
  5
D8
330
17
100
AcDbEntity
  8
ENGRAVE
100
AcDbSpline
 70
0
 71
2
 72
6
 73
3
 74
0
 40
0.0
 40
0.0
 40
0.0
 40
1.0
 40
1.0
 40
1.0
 10
-50.723750136001655
 20
49.51143978054196
 30
0.0
 10
-50.81374037037666
 20
49.09893978054196
 30
0.0
 10
-51.08375990162666
 20
48.573939780541956
 30
0.0
  0
SPLINE
  5
D9
330
17
100
AcDbEntity
  8
ENGRAVE
100
AcDbSpline
 70
0
 71
2
 72
6
 73
3
 74
0
 40
0.0
 40
0.0
 40
0.0
 40
1.0
 40
1.0
 40
1.0
 10
-51.63874037037666
 20
50.37393978054196
 30
0.0
 10
-51.41374037037666
 20
50.44893978054196
 30
0.0
 10
-51.083735487564155
 20
50.36644466335446
 30
0.0
  0
SPLINE
  5
DA
330
17
100
AcDbEntity
  8
ENGRAVE
100
AcDbSpline
 70
0
 71
2
 72
6
 73
3
 74
0
 40
0.0
 40
0.0
 40
0.0
 40
1.0
 40
1.0
 40
1.0
 10
-50.55875990162666
 20
45.61146419460446
 30
0.0
 10
-50.76876966725166
 20
45.43897884304196
 30
0.0
 10
-50.97873060475166
 20
45.333949546166956
 30
0.0
  0
SPLINE
  5
DB
330
17
100
AcDbEntity
  8
ENGRAVE
100
AcDbSpline
 70
0
 71
2
 72
6
 73
3
 74
0
 40
0.0
 40
0.0
 40
0.0
 40
1.0
 40
1.0
 40
1.0
 10
-50.723750136001655
 20
50.07393978054196
 30
0.0
 10
-50.63375990162666
 20
49.92393978054196
 30
0.0
 10
-50.723750136001655
 20
49.51143978054196
 30
0.0
  0
SPLINE
  5
DC
330
17
100
AcDbEntity
  8
ENGRAVE
100
AcDbSpline
 70
0
 71
2
 72
6
 73
3
 74
0
 40
0.0
 40
0.0
 40
0.0
 40
1.0
 40
1.0
 40
1.0
 10
-51.083735487564155
 20
50.36644466335446
 30
0.0
 10
-50.75373060475166
 20
50.28394954616696
 30
0.0
 10
-50.723750136001655
 20
50.07393978054196
 30
0.0
  0
SPLINE
  5
DD
330
17
100
AcDbEntity
  8
ENGRAVE
100
AcDbSpline
 70
0
 71
2
 72
6
 73
3
 74
0
 40
0.0
 40
0.0
 40
0.0
 40
1.0
 40
1.0
 40
1.0
 10
-50.28874037037666
 20
45.843959311791956
 30
0.0
 10
-50.348750136001655
 20
45.78394954616696
 30
0.0
 10
-50.55875990162666
 20
45.61146419460446
 30
0.0
  0
SPLINE
  5
DE
330
17
100
AcDbEntity
  8
ENGRAVE
100
AcDbSpline
 70
0
 71
2
 72
6
 73
3
 74
0
 40
0.0
 40
0.0
 40
0.0
 40
1.0
 40
1.0
 40
1.0
 10
-51.13625013600166
 20
46.38394954616696
 30
0.0
 10
-50.87375013600166
 20
46.47393978054196
 30
0.0
 10
-50.51374037037666
 20
46.92393978054196
 30
0.0
  0
SPLINE
  5
DF
330
17
100
AcDbEntity
  8
ENGRAVE
100
AcDbSpline
 70
0
 71
2
 72
6
 73
3
 74
0
 40
0.0
 40
0.0
 40
0.0
 40
1.0
 40
1.0
 40
1.0
 10
-50.10124037037666
 20
46.083949546166956
 30
0.0
 10
-50.19875013600166
 20
45.91895931179196
 30
0.0
 10
-50.28874037037666
 20
45.843959311791956
 30
0.0
  0
SPLINE
  5
E0
330
17
100
AcDbEntity
  8
ENGRAVE
100
AcDbSpline
 70
0
 71
2
 72
6
 73
3
 74
0
 40
0.0
 40
0.0
 40
0.0
 40
1.0
 40
1.0
 40
1.0
 10
-49.95875990162666
 20
46.353969077416956
 30
0.0
 10
-50.00373060475166
 20
46.24893978054196
 30
0.0
 10
-50.10124037037666
 20
46.083949546166956
 30
0.0
  0
SPLINE
  5
E1
330
17
100
AcDbEntity
  8
ENGRAVE
100
AcDbSpline
 70
0
 71
2
 72
6
 73
3
 74
0
 40
0.0
 40
0.0
 40
0.0
 40
1.0
 40
1.0
 40
1.0
 10
-49.95126478443916
 20
46.113978843041956
 30
0.0
 10
-49.94376966725166
 20
46.26397884304196
 30
0.0
 10
-49.95875990162666
 20
46.353969077416956
 30
0.0
  0
SPLINE
  5
E2
330
17
100
AcDbEntity
  8
ENGRAVE
100
AcDbSpline
 70
0
 71
2
 72
6
 73
3
 74
0
 40
0.0
 40
0.0
 40
0.0
 40
1.0
 40
1.0
 40
1.0
 10
-49.92873060475166
 20
45.843959311791956
 30
0.0
 10
-49.95875990162666
 20
45.96397884304196
 30
0.0
 10
-49.95126478443916
 20
46.113978843041956
 30
0.0
  0
SPLINE
  5
E3
330
17
100
AcDbEntity
  8
ENGRAVE
100
AcDbSpline
 70
0
 71
2
 72
6
 73
3
 74
0
 40
0.0
 40
0.0
 40
0.0
 40
1.0
 40
1.0
 40
1.0
 10
-49.74875013600166
 20
45.23643978054196
 30
0.0
 10
-49.838740370376655
 20
45.49893978054196
 30
0.0
 10
-49.92873060475166
 20
45.843959311791956
 30
0.0
  0
SPLINE
  5
E4
330
17
100
AcDbEntity
  8
ENGRAVE
100
AcDbSpline
 70
0
 71
2
 72
6
 73
3
 74
0
 40
0.0
 40
0.0
 40
0.0
 40
1.0
 40
1.0
 40
1.0
 10
-49.50875990162666
 20
44.823939780541956
 30
0.0
 10
-49.65875990162666
 20
44.97393978054196
 30
0.0
 10
-49.74875013600166
 20
45.23643978054196
 30
0.0
  0
SPLINE
  5
E5
330
17
100
AcDbEntity
  8
ENGRAVE
100
AcDbSpline
 70
0
 71
2
 72
6
 73
3
 74
0
 40
0.0
 40
0.0
 40
0.0
 40
1.0
 40
1.0
 40
1.0
 10
-50.51374037037666
 20
46.92393978054196
 30
0.0
 10
-50.15373060475166
 20
47.37393978054196
 30
0.0
 10
-49.74875013600166
 20
48.34893978054196
 30
0.0
  0
SPLINE
  5
E6
330
17
100
AcDbEntity
  8
ENGRAVE
100
AcDbSpline
 70
0
 71
2
 72
6
 73
3
 74
0
 40
0.0
 40
0.0
 40
0.0
 40
1.0
 40
1.0
 40
1.0
 10
-49.74875013600166
 20
48.34893978054196
 30
0.0
 10
-49.62873060475166
 20
48.64893978054196
 30
0.0
 10
-49.56874525318916
 20
48.88145931179196
 30
0.0
  0
SPLINE
  5
E7
330
17
100
AcDbEntity
  8
ENGRAVE
100
AcDbSpline
 70
0
 71
2
 72
6
 73
3
 74
0
 40
0.0
 40
0.0
 40
0.0
 40
1.0
 40
1.0
 40
1.0
 10
-49.12626478443916
 20
44.68895442897946
 30
0.0
 10
-49.358759901626655
 20
44.718959311791956
 30
0.0
 10
-49.50875990162666
 20
44.823939780541956
 30
0.0
  0
SPLINE
  5
E8
330
17
100
AcDbEntity
  8
ENGRAVE
100
AcDbSpline
 70
0
 71
2
 72
6
 73
3
 74
0
 40
0.0
 40
0.0
 40
0.0
 40
1.0
 40
1.0
 40
1.0
 10
-49.56874525318916
 20
48.88145931179196
 30
0.0
 10
-49.50875990162666
 20
49.113978843041956
 30
0.0
 10
-49.493769667251655
 20
49.39893978054196
 30
0.0
  0
SPLINE
  5
E9
330
17
100
AcDbEntity
  8
ENGRAVE
100
AcDbSpline
 70
0
 71
2
 72
6
 73
3
 74
0
 40
0.0
 40
0.0
 40
0.0
 40
1.0
 40
1.0
 40
1.0
 10
-49.493769667251655
 20
49.39893978054196
 30
0.0
 10
-49.52375013600166
 20
49.57896907741696
 30
0.0
 10
-49.39625990162666
 20
49.77396419460446
 30
0.0
  0
SPLINE
  5
EA
330
17
100
AcDbEntity
  8
ENGRAVE
100
AcDbSpline
 70
0
 71
2
 72
6
 73
3
 74
0
 40
0.0
 40
0.0
 40
0.0
 40
1.0
 40
1.0
 40
1.0
 10
-48.69125501881416
 20
44.71146419460446
 30
0.0
 10
-48.89376966725166
 20
44.65894954616696
 30
0.0
 10
-49.12626478443916
 20
44.68895442897946
 30
0.0
  0
SPLINE
  5
EB
330
17
100
AcDbEntity
  8
ENGRAVE
100
AcDbSpline
 70
0
 71
2
 72
6
 73
3
 74
0
 40
0.0
 40
0.0
 40
0.0
 40
1.0
 40
1.0
 40
1.0
 10
-49.39625990162666
 20
49.77396419460446
 30
0.0
 10
-49.26876966725166
 20
49.96895931179196
 30
0.0
 10
-49.088740370376655
 20
50.07393978054196
 30
0.0
  0
SPLINE
  5
EC
330
17
100
AcDbEntity
  8
ENGRAVE
100
AcDbSpline
 70
0
 71
2
 72
6
 73
3
 74
0
 40
0.0
 40
0.0
 40
0.0
 40
1.0
 40
1.0
 40
1.0
 10
-48.85624525318916
 20
47.13394954616696
 30
0.0
 10
-48.953730604751655
 20
46.81895931179196
 30
0.0
 10
-48.96876966725166
 20
46.51895931179196
 30
0.0
  0
SPLINE
  5
ED
330
17
100
AcDbEntity
  8
ENGRAVE
100
AcDbSpline
 70
0
 71
2
 72
6
 73
3
 74
0
 40
0.0
 40
0.0
 40
0.0
 40
1.0
 40
1.0
 40
1.0
 10
-48.96876966725166
 20
46.51895931179196
 30
0.0
 10
-48.96876966725166
 20
46.24893978054196
 30
0.0
 10
-48.92375013600166
 20
46.06143978054196
 30
0.0
  0
SPLINE
  5
EE
330
17
100
AcDbEntity
  8
ENGRAVE
100
AcDbSpline
 70
0
 71
2
 72
6
 73
3
 74
0
 40
0.0
 40
0.0
 40
0.0
 40
1.0
 40
1.0
 40
1.0
 10
-49.088740370376655
 20
50.07393978054196
 30
0.0
 10
-49.02873060475166
 20
50.14893978054196
 30
0.0
 10
-48.92375013600166
 20
50.21644466335446
 30
0.0
  0
SPLINE
  5
EF
330
17
100
AcDbEntity
  8
ENGRAVE
100
AcDbSpline
 70
0
 71
2
 72
6
 73
3
 74
0
 40
0.0
 40
0.0
 40
0.0
 40
1.0
 40
1.0
 40
1.0
 10
-48.473750136001655
 20
48.06397884304196
 30
0.0
 10
-48.75875990162666
 20
47.448939780541956
 30
0.0
 10
-48.85624525318916
 20
47.13394954616696
 30
0.0
  0
SPLINE
  5
F0
330
17
100
AcDbEntity
  8
ENGRAVE
100
AcDbSpline
 70
0
 71
2
 72
6
 73
3
 74
0
 40
0.0
 40
0.0
 40
0.0
 40
1.0
 40
1.0
 40
1.0
 10
-48.92375013600166
 20
50.21644466335446
 30
0.0
 10
-48.81876966725166
 20
50.28394954616696
 30
0.0
 10
-48.78874037037666
 20
50.20894954616696
 30
0.0
  0
SPLINE
  5
F1
330
17
100
AcDbEntity
  8
ENGRAVE
100
AcDbSpline
 70
0
 71
2
 72
6
 73
3
 74
0
 40
0.0
 40
0.0
 40
0.0
 40
1.0
 40
1.0
 40
1.0
 10
-48.45875990162666
 20
44.89893978054196
 30
0.0
 10
-48.48874037037666
 20
44.76397884304196
 30
0.0
 10
-48.69125501881416
 20
44.71146419460446
 30
0.0
  0
SPLINE
  5
F2
330
17
100
AcDbEntity
  8
ENGRAVE
100
AcDbSpline
 70
0
 71
2
 72
6
 73
3
 74
0
 40
0.0
 40
0.0
 40
0.0
 40
1.0
 40
1.0
 40
1.0
 10
-48.92375013600166
 20
46.06143978054196
 30
0.0
 10
-48.87873060475166
 20
45.87393978054196
 30
0.0
 10
-48.65373060475166
 20
45.67896907741696
 30
0.0
  0
SPLINE
  5
F3
330
17
100
AcDbEntity
  8
ENGRAVE
100
AcDbSpline
 70
0
 71
2
 72
6
 73
3
 74
0
 40
0.0
 40
0.0
 40
0.0
 40
1.0
 40
1.0
 40
1.0
 10
-48.11374037037666
 20
49.32393978054196
 30
0.0
 10
-48.12873060475166
 20
48.87393978054196
 30
0.0
 10
-48.473750136001655
 20
48.06397884304196
 30
0.0
  0
SPLINE
  5
F4
330
17
100
AcDbEntity
  8
ENGRAVE
100
AcDbSpline
 70
0
 71
2
 72
6
 73
3
 74
0
 40
0.0
 40
0.0
 40
0.0
 40
1.0
 40
1.0
 40
1.0
 10
-48.65373060475166
 20
45.67896907741696
 30
0.0
 10
-48.48874037037666
 20
45.573939780541956
 30
0.0
 10
-48.46625501881416
 20
45.32645442897946
 30
0.0
  0
SPLINE
  5
F5
330
17
100
AcDbEntity
  8
ENGRAVE
100
AcDbSpline
 70
0
 71
2
 72
6
 73
3
 74
0
 40
0.0
 40
0.0
 40
0.0
 40
1.0
 40
1.0
 40
1.0
 10
-48.46625501881416
 20
45.32645442897946
 30
0.0
 10
-48.44376966725166
 20
45.07896907741696
 30
0.0
 10
-48.45875990162666
 20
44.89893978054196
 30
0.0
  0
SPLINE
  5
F6
330
17
100
AcDbEntity
  8
ENGRAVE
100
AcDbSpline
 70
0
 71
2
 72
6
 73
3
 74
0
 40
0.0
 40
0.0
 40
0.0
 40
1.0
 40
1.0
 40
1.0
 10
-48.54875013600166
 20
50.22393978054196
 30
0.0
 10
-48.48874037037666
 20
50.23897884304196
 30
0.0
 10
-48.41374037037666
 20
50.10396907741696
 30
0.0
  0
SPLINE
  5
F7
330
17
100
AcDbEntity
  8
ENGRAVE
100
AcDbSpline
 70
0
 71
2
 72
6
 73
3
 74
0
 40
0.0
 40
0.0
 40
0.0
 40
1.0
 40
1.0
 40
1.0
 10
-48.41374037037666
 20
50.10396907741696
 30
0.0
 10
-48.338740370376655
 20
49.96895931179196
 30
0.0
 10
-48.26374037037666
 20
49.90894954616696
 30
0.0
  0
SPLINE
  5
F8
330
17
100
AcDbEntity
  8
ENGRAVE
100
AcDbSpline
 70
0
 71
2
 72
6
 73
3
 74
0
 40
0.0
 40
0.0
 40
0.0
 40
1.0
 40
1.0
 40
1.0
 10
-48.26374037037666
 20
49.90894954616696
 30
0.0
 10
-48.098750136001655
 20
49.77393978054196
 30
0.0
 10
-48.11374037037666
 20
49.32393978054196
 30
0.0
  0
SPLINE
  5
F9
330
17
100
AcDbEntity
  8
ENGRAVE
100
AcDbSpline
 70
0
 71
2
 72
6
 73
3
 74
0
 40
0.0
 40
0.0
 40
0.0
 40
1.0
 40
1.0
 40
1.0
 10
-47.506245253189164
 20
45.468959311791956
 30
0.0
 10
-47.66374037037666
 20
45.63394954616696
 30
0.0
 10
-47.61876966725166
 20
45.93394954616696
 30
0.0
  0
SPLINE
  5
FA
330
17
100
AcDbEntity
  8
ENGRAVE
100
AcDbSpline
 70
0
 71
2
 72
6
 73
3
 74
0
 40
0.0
 40
0.0
 40
0.0
 40
1.0
 40
1.0
 40
1.0
 10
-47.21374037037666
 20
45.198939780541956
 30
0.0
 10
-47.34875013600166
 20
45.30396907741696
 30
0.0
 10
-47.506245253189164
 20
45.468959311791956
 30
0.0
  0
SPLINE
  5
FB
330
17
100
AcDbEntity
  8
ENGRAVE
100
AcDbSpline
 70
0
 71
2
 72
6
 73
3
 74
0
 40
0.0
 40
0.0
 40
0.0
 40
1.0
 40
1.0
 40
1.0
 10
-47.61876966725166
 20
45.93394954616696
 30
0.0
 10
-47.573750136001664
 20
46.353969077416956
 30
0.0
 10
-47.49875013600166
 20
46.67645442897946
 30
0.0
  0
SPLINE
  5
FC
330
17
100
AcDbEntity
  8
ENGRAVE
100
AcDbSpline
 70
0
 71
2
 72
6
 73
3
 74
0
 40
0.0
 40
0.0
 40
0.0
 40
1.0
 40
1.0
 40
1.0
 10
-47.49875013600166
 20
46.67645442897946
 30
0.0
 10
-47.42375013600166
 20
46.99893978054196
 30
0.0
 10
-47.31876966725166
 20
47.41895931179196
 30
0.0
  0
SPLINE
  5
FD
330
17
100
AcDbEntity
  8
ENGRAVE
100
AcDbSpline
 70
0
 71
2
 72
6
 73
3
 74
0
 40
0.0
 40
0.0
 40
0.0
 40
1.0
 40
1.0
 40
1.0
 10
-46.80124037037666
 20
45.01895931179196
 30
0.0
 10
-46.97375013600166
 20
44.958949546166956
 30
0.0
 10
-47.21374037037666
 20
45.198939780541956
 30
0.0
  0
SPLINE
  5
FE
330
17
100
AcDbEntity
  8
ENGRAVE
100
AcDbSpline
 70
0
 71
2
 72
6
 73
3
 74
0
 40
0.0
 40
0.0
 40
0.0
 40
1.0
 40
1.0
 40
1.0
 10
-47.31876966725166
 20
47.41895931179196
 30
0.0
 10
-47.28874037037666
 20
47.59893978054196
 30
0.0
 10
-47.16125013600166
 20
48.03394954616696
 30
0.0
  0
SPLINE
  5
FF
330
17
100
AcDbEntity
  8
ENGRAVE
100
AcDbSpline
 70
0
 71
2
 72
6
 73
3
 74
0
 40
0.0
 40
0.0
 40
0.0
 40
1.0
 40
1.0
 40
1.0
 10
-47.16125013600166
 20
48.03394954616696
 30
0.0
 10
-47.03375990162666
 20
48.468959311791956
 30
0.0
 10
-46.85375501881416
 20
48.978969077416956
 30
0.0
  0
SPLINE
  5
100
330
17
100
AcDbEntity
  8
ENGRAVE
100
AcDbSpline
 70
0
 71
2
 72
6
 73
3
 74
0
 40
0.0
 40
0.0
 40
0.0
 40
1.0
 40
1.0
 40
1.0
 10
-46.448750136001664
 20
45.31895931179196
 30
0.0
 10
-46.62873060475166
 20
45.07896907741696
 30
0.0
 10
-46.80124037037666
 20
45.01895931179196
 30
0.0
  0
SPLINE
  5
101
330
17
100
AcDbEntity
  8
ENGRAVE
100
AcDbSpline
 70
0
 71
2
 72
6
 73
3
 74
0
 40
0.0
 40
0.0
 40
0.0
 40
1.0
 40
1.0
 40
1.0
 10
-46.85375501881416
 20
48.978969077416956
 30
0.0
 10
-46.67375013600166
 20
49.488978843041956
 30
0.0
 10
-46.47875501881416
 20
49.94647396022946
 30
0.0
  0
SPLINE
  5
102
330
17
100
AcDbEntity
  8
ENGRAVE
100
AcDbSpline
 70
0
 71
2
 72
6
 73
3
 74
0
 40
0.0
 40
0.0
 40
0.0
 40
1.0
 40
1.0
 40
1.0
 10
-46.29875013600166
 20
45.59647396022946
 30
0.0
 10
-46.343769667251664
 20
45.45396907741696
 30
0.0
 10
-46.448750136001664
 20
45.31895931179196
 30
0.0
  0
SPLINE
  5
103
330
17
100
AcDbEntity
  8
ENGRAVE
100
AcDbSpline
 70
0
 71
2
 72
6
 73
3
 74
0
 40
0.0
 40
0.0
 40
0.0
 40
1.0
 40
1.0
 40
1.0
 10
-46.25373060475166
 20
45.738978843041956
 30
0.0
 10
-46.25373060475166
 20
45.738978843041956
 30
0.0
 10
-46.29875013600166
 20
45.59647396022946
 30
0.0
  0
SPLINE
  5
104
330
17
100
AcDbEntity
  8
ENGRAVE
100
AcDbSpline
 70
0
 71
2
 72
6
 73
3
 74
0
 40
0.0
 40
0.0
 40
0.0
 40
1.0
 40
1.0
 40
1.0
 10
-46.20124037037666
 20
46.016444663354456
 30
0.0
 10
-46.25373060475166
 20
45.78394954616696
 30
0.0
 10
-46.25373060475166
 20
45.738978843041956
 30
0.0
  0
SPLINE
  5
105
330
17
100
AcDbEntity
  8
ENGRAVE
100
AcDbSpline
 70
0
 71
2
 72
6
 73
3
 74
0
 40
0.0
 40
0.0
 40
0.0
 40
1.0
 40
1.0
 40
1.0
 10
-46.073750136001664
 20
46.50394466335446
 30
0.0
 10
-46.14875013600166
 20
46.24893978054196
 30
0.0
 10
-46.20124037037666
 20
46.016444663354456
 30
0.0
  0
SPLINE
  5
106
330
17
100
AcDbEntity
  8
ENGRAVE
100
AcDbSpline
 70
0
 71
2
 72
6
 73
3
 74
0
 40
0.0
 40
0.0
 40
0.0
 40
1.0
 40
1.0
 40
1.0
 10
-46.47875501881416
 20
49.94647396022946
 30
0.0
 10
-46.28375990162666
 20
50.40396907741696
 30
0.0
 10
-46.13375990162666
 20
50.62896907741696
 30
0.0
  0
SPLINE
  5
107
330
17
100
AcDbEntity
  8
ENGRAVE
100
AcDbSpline
 70
0
 71
2
 72
6
 73
3
 74
0
 40
0.0
 40
0.0
 40
0.0
 40
1.0
 40
1.0
 40
1.0
 10
-45.92375013600166
 20
46.833949546166956
 30
0.0
 10
-45.99875013600166
 20
46.75894954616696
 30
0.0
 10
-46.073750136001664
 20
46.50394466335446
 30
0.0
  0
SPLINE
  5
108
330
17
100
AcDbEntity
  8
ENGRAVE
100
AcDbSpline
 70
0
 71
2
 72
6
 73
3
 74
0
 40
0.0
 40
0.0
 40
0.0
 40
1.0
 40
1.0
 40
1.0
 10
-45.683735487564164
 20
47.13397396022946
 30
0.0
 10
-45.803730604751664
 20
47.02896907741696
 30
0.0
 10
-45.92375013600166
 20
46.833949546166956
 30
0.0
  0
SPLINE
  5
109
330
17
100
AcDbEntity
  8
ENGRAVE
100
AcDbSpline
 70
0
 71
2
 72
6
 73
3
 74
0
 40
0.0
 40
0.0
 40
0.0
 40
1.0
 40
1.0
 40
1.0
 10
-45.70626966725166
 20
48.76146419460446
 30
0.0
 10
-45.81876966725166
 20
48.55894954616696
 30
0.0
 10
-45.86376478443916
 20
48.43145931179196
 30
0.0
  0
SPLINE
  5
10A
330
17
100
AcDbEntity
  8
ENGRAVE
100
AcDbSpline
 70
0
 71
2
 72
6
 73
3
 74
0
 40
0.0
 40
0.0
 40
0.0
 40
1.0
 40
1.0
 40
1.0
 10
-45.86376478443916
 20
48.43145931179196
 30
0.0
 10
-45.90875990162666
 20
48.30396907741696
 30
0.0
 10
-45.833759901626664
 20
48.31895931179196
 30
0.0
  0
SPLINE
  5
10B
330
17
100
AcDbEntity
  8
ENGRAVE
100
AcDbSpline
 70
0
 71
2
 72
6
 73
3
 74
0
 40
0.0
 40
0.0
 40
0.0
 40
1.0
 40
1.0
 40
1.0
 10
-45.51876966725166
 20
49.14395931179196
 30
0.0
 10
-45.593769667251664
 20
48.96397884304196
 30
0.0
 10
-45.70626966725166
 20
48.76146419460446
 30
0.0
  0
SPLINE
  5
10C
330
17
100
AcDbEntity
  8
ENGRAVE
100
AcDbSpline
 70
0
 71
2
 72
6
 73
3
 74
0
 40
0.0
 40
0.0
 40
0.0
 40
1.0
 40
1.0
 40
1.0
 10
-45.458759901626664
 20
47.35894954616696
 30
0.0
 10
-45.563740370376664
 20
47.238978843041956
 30
0.0
 10
-45.683735487564164
 20
47.13397396022946
 30
0.0
  0
SPLINE
  5
10D
330
17
100
AcDbEntity
  8
ENGRAVE
100
AcDbSpline
 70
0
 71
2
 72
6
 73
3
 74
0
 40
0.0
 40
0.0
 40
0.0
 40
1.0
 40
1.0
 40
1.0
 10
-46.13375990162666
 20
50.62896907741696
 30
0.0
 10
-45.968769667251664
 20
50.77896907741696
 30
0.0
 10
-45.646259901626664
 20
50.77896907741696
 30
0.0
  0
SPLINE
  5
10E
330
17
100
AcDbEntity
  8
ENGRAVE
100
AcDbSpline
 70
0
 71
2
 72
6
 73
3
 74
0
 40
0.0
 40
0.0
 40
0.0
 40
1.0
 40
1.0
 40
1.0
 10
-45.09875013600166
 20
50.18643978054196
 30
0.0
 10
-45.15875990162666
 20
49.84893978054196
 30
0.0
 10
-45.51876966725166
 20
49.14395931179196
 30
0.0
  0
SPLINE
  5
10F
330
17
100
AcDbEntity
  8
ENGRAVE
100
AcDbSpline
 70
0
 71
2
 72
6
 73
3
 74
0
 40
0.0
 40
0.0
 40
0.0
 40
1.0
 40
1.0
 40
1.0
 10
-45.833759901626664
 20
48.31895931179196
 30
0.0
 10
-45.74376966725166
 20
48.48394954616696
 30
0.0
 10
-45.50375501881416
 20
48.70145442897946
 30
0.0
  0
SPLINE
  5
110
330
17
100
AcDbEntity
  8
ENGRAVE
100
AcDbSpline
 70
0
 71
2
 72
6
 73
3
 74
0
 40
0.0
 40
0.0
 40
0.0
 40
1.0
 40
1.0
 40
1.0
 10
-44.52123548756416
 20
48.13895442897946
 30
0.0
 10
-44.97873060475166
 20
47.88394954616696
 30
0.0
 10
-45.458759901626664
 20
47.35894954616696
 30
0.0
  0
SPLINE
  5
111
330
17
100
AcDbEntity
  8
ENGRAVE
100
AcDbSpline
 70
0
 71
2
 72
6
 73
3
 74
0
 40
0.0
 40
0.0
 40
0.0
 40
1.0
 40
1.0
 40
1.0
 10
-45.646259901626664
 20
50.77896907741696
 30
0.0
 10
-45.323750136001664
 20
50.77896907741696
 30
0.0
 10
-45.20373060475166
 20
50.65894954616696
 30
0.0
  0
SPLINE
  5
112
330
17
100
AcDbEntity
  8
ENGRAVE
100
AcDbSpline
 70
0
 71
2
 72
6
 73
3
 74
0
 40
0.0
 40
0.0
 40
0.0
 40
1.0
 40
1.0
 40
1.0
 10
-45.20373060475166
 20
50.65894954616696
 30
0.0
 10
-45.03874037037666
 20
50.52393978054196
 30
0.0
 10
-45.09875013600166
 20
50.18643978054196
 30
0.0
  0
SPLINE
  5
113
330
17
100
AcDbEntity
  8
ENGRAVE
100
AcDbSpline
 70
0
 71
2
 72
6
 73
3
 74
0
 40
0.0
 40
0.0
 40
0.0
 40
1.0
 40
1.0
 40
1.0
 10
-45.50375501881416
 20
48.70145442897946
 30
0.0
 10
-45.26374037037666
 20
48.91895931179196
 30
0.0
 10
-44.99374525318916
 20
49.12896907741696
 30
0.0
  0
SPLINE
  5
114
330
17
100
AcDbEntity
  8
ENGRAVE
100
AcDbSpline
 70
0
 71
2
 72
6
 73
3
 74
0
 40
0.0
 40
0.0
 40
0.0
 40
1.0
 40
1.0
 40
1.0
 10
-43.49376966725166
 20
48.72393978054196
 30
0.0
 10
-44.063740370376664
 20
48.39395931179196
 30
0.0
 10
-44.52123548756416
 20
48.13895442897946
 30
0.0
  0
SPLINE
  5
115
330
17
100
AcDbEntity
  8
ENGRAVE
100
AcDbSpline
 70
0
 71
2
 72
6
 73
3
 74
0
 40
0.0
 40
0.0
 40
0.0
 40
1.0
 40
1.0
 40
1.0
 10
-44.99374525318916
 20
49.12896907741696
 30
0.0
 10
-44.72375013600166
 20
49.33897884304196
 30
0.0
 10
-44.48375990162666
 20
49.50396907741696
 30
0.0
  0
SPLINE
  5
116
330
17
100
AcDbEntity
  8
ENGRAVE
100
AcDbSpline
 70
0
 71
2
 72
6
 73
3
 74
0
 40
0.0
 40
0.0
 40
0.0
 40
1.0
 40
1.0
 40
1.0
 10
-44.48375990162666
 20
49.50396907741696
 30
0.0
 10
-44.24376966725166
 20
49.66895931179196
 30
0.0
 10
-44.15373060475166
 20
49.71397884304196
 30
0.0
  0
SPLINE
  5
117
330
17
100
AcDbEntity
  8
ENGRAVE
100
AcDbSpline
 70
0
 71
2
 72
6
 73
3
 74
0
 40
0.0
 40
0.0
 40
0.0
 40
1.0
 40
1.0
 40
1.0
 10
-44.15373060475166
 20
49.71397884304196
 30
0.0
 10
-44.03375990162666
 20
49.78897884304196
 30
0.0
 10
-43.87626478443916
 20
49.84146907741696
 30
0.0
  0
SPLINE
  5
118
330
17
100
AcDbEntity
  8
ENGRAVE
100
AcDbSpline
 70
0
 71
2
 72
6
 73
3
 74
0
 40
0.0
 40
0.0
 40
0.0
 40
1.0
 40
1.0
 40
1.0
 10
-43.87626478443916
 20
49.84146907741696
 30
0.0
 10
-43.718769667251664
 20
49.89395931179196
 30
0.0
 10
-43.65875990162666
 20
49.92393978054196
 30
0.0
  0
SPLINE
  5
119
330
17
100
AcDbEntity
  8
ENGRAVE
100
AcDbSpline
 70
0
 71
2
 72
6
 73
3
 74
0
 40
0.0
 40
0.0
 40
0.0
 40
1.0
 40
1.0
 40
1.0
 10
-43.13375990162666
 20
48.87396419460446
 30
0.0
 10
-43.28375990162666
 20
48.81397884304196
 30
0.0
 10
-43.49376966725166
 20
48.72393978054196
 30
0.0
  0
SPLINE
  5
11A
330
17
100
AcDbEntity
  8
ENGRAVE
100
AcDbSpline
 70
0
 71
2
 72
6
 73
3
 74
0
 40
0.0
 40
0.0
 40
0.0
 40
1.0
 40
1.0
 40
1.0
 10
-42.78874037037666
 20
48.948939780541956
 30
0.0
 10
-42.98375990162666
 20
48.93394954616696
 30
0.0
 10
-43.13375990162666
 20
48.87396419460446
 30
0.0
  0
SPLINE
  5
11B
330
17
100
AcDbEntity
  8
ENGRAVE
100
AcDbSpline
 70
0
 71
2
 72
6
 73
3
 74
0
 40
0.0
 40
0.0
 40
0.0
 40
1.0
 40
1.0
 40
1.0
 10
-43.65875990162666
 20
49.92393978054196
 30
0.0
 10
-43.313740370376664
 20
50.08897884304196
 30
0.0
 10
-42.90124037037666
 20
50.05147884304196
 30
0.0
  0
SPLINE
  5
11C
330
17
100
AcDbEntity
  8
ENGRAVE
100
AcDbSpline
 70
0
 71
2
 72
6
 73
3
 74
0
 40
0.0
 40
0.0
 40
0.0
 40
1.0
 40
1.0
 40
1.0
 10
-42.34625990162666
 20
49.15897396022946
 30
0.0
 10
-42.54875013600166
 20
48.96397884304196
 30
0.0
 10
-42.78874037037666
 20
48.948939780541956
 30
0.0
  0
SPLINE
  5
11D
330
17
100
AcDbEntity
  8
ENGRAVE
100
AcDbSpline
 70
0
 71
2
 72
6
 73
3
 74
0
 40
0.0
 40
0.0
 40
0.0
 40
1.0
 40
1.0
 40
1.0
 10
-42.90124037037666
 20
50.05147884304196
 30
0.0
 10
-42.48874037037666
 20
50.01397884304196
 30
0.0
 10
-42.39875013600166
 20
49.78897884304196
 30
0.0
  0
SPLINE
  5
11E
330
17
100
AcDbEntity
  8
ENGRAVE
100
AcDbSpline
 70
0
 71
2
 72
6
 73
3
 74
0
 40
0.0
 40
0.0
 40
0.0
 40
1.0
 40
1.0
 40
1.0
 10
-42.14376966725166
 20
49.458949546166956
 30
0.0
 10
-42.14376966725166
 20
49.353969077416956
 30
0.0
 10
-42.34625990162666
 20
49.15897396022946
 30
0.0
  0
SPLINE
  5
11F
330
17
100
AcDbEntity
  8
ENGRAVE
100
AcDbSpline
 70
0
 71
2
 72
6
 73
3
 74
0
 40
0.0
 40
0.0
 40
0.0
 40
1.0
 40
1.0
 40
1.0
 10
-42.39875013600166
 20
49.78897884304196
 30
0.0
 10
-42.38375990162666
 20
49.66895931179196
 30
0.0
 10
-42.30126478443916
 20
49.60894954616696
 30
0.0
  0
SPLINE
  5
120
330
17
100
AcDbEntity
  8
ENGRAVE
100
AcDbSpline
 70
0
 71
2
 72
6
 73
3
 74
0
 40
0.0
 40
0.0
 40
0.0
 40
1.0
 40
1.0
 40
1.0
 10
-42.30126478443916
 20
49.60894954616696
 30
0.0
 10
-42.218769667251664
 20
49.54893978054196
 30
0.0
 10
-42.218769667251664
 20
49.54893978054196
 30
0.0
  0
SPLINE
  5
121
330
17
100
AcDbEntity
  8
ENGRAVE
100
AcDbSpline
 70
0
 71
2
 72
6
 73
3
 74
0
 40
0.0
 40
0.0
 40
0.0
 40
1.0
 40
1.0
 40
1.0
 10
-42.218769667251664
 20
49.54893978054196
 30
0.0
 10
-42.15875990162666
 20
49.54893978054196
 30
0.0
 10
-42.151264784439164
 20
49.50394466335446
 30
0.0
  0
SPLINE
  5
122
330
17
100
AcDbEntity
  8
ENGRAVE
100
AcDbSpline
 70
0
 71
2
 72
6
 73
3
 74
0
 40
0.0
 40
0.0
 40
0.0
 40
1.0
 40
1.0
 40
1.0
 10
-42.151264784439164
 20
49.50394466335446
 30
0.0
 10
-42.14376966725166
 20
49.458949546166956
 30
0.0
 10
-42.14376966725166
 20
49.458949546166956
 30
0.0
  0
SPLINE
  5
123
330
17
100
AcDbEntity
  8
ENGRAVE
100
AcDbSpline
 70
0
 71
2
 72
6
 73
3
 74
0
 40
0.0
 40
0.0
 40
0.0
 40
1.0
 40
1.0
 40
1.0
 10
-39.59376966725166
 20
41.71146419460446
 30
0.0
 10
-39.71378919850166
 20
41.92896907741696
 30
0.0
 10
-39.638789198501655
 20
42.31895931179196
 30
0.0
  0
SPLINE
  5
124
330
17
100
AcDbEntity
  8
ENGRAVE
100
AcDbSpline
 70
0
 71
2
 72
6
 73
3
 74
0
 40
0.0
 40
0.0
 40
0.0
 40
1.0
 40
1.0
 40
1.0
 10
-39.413789198501654
 20
41.41895931179196
 30
0.0
 10
-39.473750136001655
 20
41.49395931179196
 30
0.0
 10
-39.59376966725166
 20
41.71146419460446
 30
0.0
  0
SPLINE
  5
125
330
17
100
AcDbEntity
  8
ENGRAVE
100
AcDbSpline
 70
0
 71
2
 72
6
 73
3
 74
0
 40
0.0
 40
0.0
 40
0.0
 40
1.0
 40
1.0
 40
1.0
 10
-39.638789198501655
 20
42.31895931179196
 30
0.0
 10
-39.56378919850166
 20
42.573939780541956
 30
0.0
 10
-39.518769667251654
 20
42.82144954616696
 30
0.0
  0
SPLINE
  5
126
330
17
100
AcDbEntity
  8
ENGRAVE
100
AcDbSpline
 70
0
 71
2
 72
6
 73
3
 74
0
 40
0.0
 40
0.0
 40
0.0
 40
1.0
 40
1.0
 40
1.0
 10
-39.518769667251654
 20
42.82144954616696
 30
0.0
 10
-39.473750136001655
 20
43.06895931179196
 30
0.0
 10
-39.473750136001655
 20
43.18897884304196
 30
0.0
  0
SPLINE
  5
127
330
17
100
AcDbEntity
  8
ENGRAVE
100
AcDbSpline
 70
0
 71
2
 72
6
 73
3
 74
0
 40
0.0
 40
0.0
 40
0.0
 40
1.0
 40
1.0
 40
1.0
 10
-39.473750136001655
 20
43.18897884304196
 30
0.0
 10
-39.473750136001655
 20
43.24893978054196
 30
0.0
 10
-39.436250136001654
 20
43.42144954616696
 30
0.0
  0
SPLINE
  5
128
330
17
100
AcDbEntity
  8
ENGRAVE
100
AcDbSpline
 70
0
 71
2
 72
6
 73
3
 74
0
 40
0.0
 40
0.0
 40
0.0
 40
1.0
 40
1.0
 40
1.0
 10
-39.226289198501654
 20
41.29144466335446
 30
0.0
 10
-39.33878919850166
 20
41.28394954616696
 30
0.0
 10
-39.413789198501654
 20
41.41895931179196
 30
0.0
  0
SPLINE
  5
129
330
17
100
AcDbEntity
  8
ENGRAVE
100
AcDbSpline
 70
0
 71
2
 72
6
 73
3
 74
0
 40
0.0
 40
0.0
 40
0.0
 40
1.0
 40
1.0
 40
1.0
 10
-39.436250136001654
 20
43.42144954616696
 30
0.0
 10
-39.39875013600166
 20
43.593959311791956
 30
0.0
 10
-39.39875013600166
 20
43.66895931179196
 30
0.0
  0
SPLINE
  5
12A
330
17
100
AcDbEntity
  8
ENGRAVE
100
AcDbSpline
 70
0
 71
2
 72
6
 73
3
 74
0
 40
0.0
 40
0.0
 40
0.0
 40
1.0
 40
1.0
 40
1.0
 10
-39.39875013600166
 20
43.66895931179196
 30
0.0
 10
-39.32375013600166
 20
43.78897884304196
 30
0.0
 10
-39.27875501881416
 20
43.99896419460446
 30
0.0
  0
SPLINE
  5
12B
330
17
100
AcDbEntity
  8
ENGRAVE
100
AcDbSpline
 70
0
 71
2
 72
6
 73
3
 74
0
 40
0.0
 40
0.0
 40
0.0
 40
1.0
 40
1.0
 40
1.0
 10
-39.27875501881416
 20
43.99896419460446
 30
0.0
 10
-39.233759901626655
 20
44.208949546166956
 30
0.0
 10
-39.233759901626655
 20
44.37393978054196
 30
0.0
  0
SPLINE
  5
12C
330
17
100
AcDbEntity
  8
ENGRAVE
100
AcDbSpline
 70
0
 71
2
 72
6
 73
3
 74
0
 40
0.0
 40
0.0
 40
0.0
 40
1.0
 40
1.0
 40
1.0
 10
-39.05377943287666
 20
41.29893978054196
 30
0.0
 10
-39.11378919850166
 20
41.29893978054196
 30
0.0
 10
-39.226289198501654
 20
41.29144466335446
 30
0.0
  0
SPLINE
  5
12D
330
17
100
AcDbEntity
  8
ENGRAVE
100
AcDbSpline
 70
0
 71
2
 72
6
 73
3
 74
0
 40
0.0
 40
0.0
 40
0.0
 40
1.0
 40
1.0
 40
1.0
 10
-38.64875013600166
 20
41.57645442897946
 30
0.0
 10
-38.873750136001654
 20
41.29893978054196
 30
0.0
 10
-39.05377943287666
 20
41.29893978054196
 30
0.0
  0
SPLINE
  5
12E
330
17
100
AcDbEntity
  8
ENGRAVE
100
AcDbSpline
 70
0
 71
2
 72
6
 73
3
 74
0
 40
0.0
 40
0.0
 40
0.0
 40
1.0
 40
1.0
 40
1.0
 10
-39.233759901626655
 20
44.37393978054196
 30
0.0
 10
-39.233759901626655
 20
44.55396907741696
 30
0.0
 10
-39.05377943287666
 20
44.70396907741696
 30
0.0
  0
SPLINE
  5
12F
330
17
100
AcDbEntity
  8
ENGRAVE
100
AcDbSpline
 70
0
 71
2
 72
6
 73
3
 74
0
 40
0.0
 40
0.0
 40
0.0
 40
1.0
 40
1.0
 40
1.0
 10
-39.05377943287666
 20
44.70396907741696
 30
0.0
 10
-39.05377943287666
 20
44.823939780541956
 30
0.0
 10
-39.00126478443916
 20
45.00394466335446
 30
0.0
  0
SPLINE
  5
130
330
17
100
AcDbEntity
  8
ENGRAVE
100
AcDbSpline
 70
0
 71
2
 72
6
 73
3
 74
0
 40
0.0
 40
0.0
 40
0.0
 40
1.0
 40
1.0
 40
1.0
 10
-39.00126478443916
 20
45.00394466335446
 30
0.0
 10
-38.94875013600166
 20
45.18394954616696
 30
0.0
 10
-38.94875013600166
 20
45.24395931179196
 30
0.0
  0
SPLINE
  5
131
330
17
100
AcDbEntity
  8
ENGRAVE
100
AcDbSpline
 70
0
 71
2
 72
6
 73
3
 74
0
 40
0.0
 40
0.0
 40
0.0
 40
1.0
 40
1.0
 40
1.0
 10
-38.94875013600166
 20
45.24395931179196
 30
0.0
 10
-38.903779432876654
 20
45.45396907741696
 30
0.0
 10
-38.74628431568916
 20
45.98646419460446
 30
0.0
  0
SPLINE
  5
132
330
17
100
AcDbEntity
  8
ENGRAVE
100
AcDbSpline
 70
0
 71
2
 72
6
 73
3
 74
0
 40
0.0
 40
0.0
 40
0.0
 40
1.0
 40
1.0
 40
1.0
 10
-38.40875990162666
 20
42.228969077416956
 30
0.0
 10
-38.42375013600166
 20
41.853969077416956
 30
0.0
 10
-38.64875013600166
 20
41.57645442897946
 30
0.0
  0
SPLINE
  5
133
330
17
100
AcDbEntity
  8
ENGRAVE
100
AcDbSpline
 70
0
 71
2
 72
6
 73
3
 74
0
 40
0.0
 40
0.0
 40
0.0
 40
1.0
 40
1.0
 40
1.0
 10
-38.393769667251654
 20
42.47645442897946
 30
0.0
 10
-38.40875990162666
 20
42.30396907741696
 30
0.0
 10
-38.40875990162666
 20
42.228969077416956
 30
0.0
  0
SPLINE
  5
134
330
17
100
AcDbEntity
  8
ENGRAVE
100
AcDbSpline
 70
0
 71
2
 72
6
 73
3
 74
0
 40
0.0
 40
0.0
 40
0.0
 40
1.0
 40
1.0
 40
1.0
 10
-38.31876966725166
 20
42.66397884304196
 30
0.0
 10
-38.378779432876655
 20
42.64893978054196
 30
0.0
 10
-38.393769667251654
 20
42.47645442897946
 30
0.0
  0
SPLINE
  5
135
330
17
100
AcDbEntity
  8
ENGRAVE
100
AcDbSpline
 70
0
 71
2
 72
6
 73
3
 74
0
 40
0.0
 40
0.0
 40
0.0
 40
1.0
 40
1.0
 40
1.0
 10
-38.74628431568916
 20
45.98646419460446
 30
0.0
 10
-38.58878919850166
 20
46.51895931179196
 30
0.0
 10
-38.35626966725166
 20
47.19395931179196
 30
0.0
  0
SPLINE
  5
136
330
17
100
AcDbEntity
  8
ENGRAVE
100
AcDbSpline
 70
0
 71
2
 72
6
 73
3
 74
0
 40
0.0
 40
0.0
 40
0.0
 40
1.0
 40
1.0
 40
1.0
 10
-38.206269667251654
 20
42.83646419460446
 30
0.0
 10
-38.258759901626654
 20
42.66397884304196
 30
0.0
 10
-38.31876966725166
 20
42.66397884304196
 30
0.0
  0
SPLINE
  5
137
330
17
100
AcDbEntity
  8
ENGRAVE
100
AcDbSpline
 70
0
 71
2
 72
6
 73
3
 74
0
 40
0.0
 40
0.0
 40
0.0
 40
1.0
 40
1.0
 40
1.0
 10
-38.153779432876654
 20
43.18897884304196
 30
0.0
 10
-38.153779432876654
 20
43.00894954616696
 30
0.0
 10
-38.206269667251654
 20
42.83646419460446
 30
0.0
  0
SPLINE
  5
138
330
17
100
AcDbEntity
  8
ENGRAVE
100
AcDbSpline
 70
0
 71
2
 72
6
 73
3
 74
0
 40
0.0
 40
0.0
 40
0.0
 40
1.0
 40
1.0
 40
1.0
 10
-38.04877455006416
 20
43.54896419460446
 30
0.0
 10
-38.09376966725166
 20
43.30894954616696
 30
0.0
 10
-38.153779432876654
 20
43.18897884304196
 30
0.0
  0
SPLINE
  5
139
330
17
100
AcDbEntity
  8
ENGRAVE
100
AcDbSpline
 70
0
 71
2
 72
6
 73
3
 74
0
 40
0.0
 40
0.0
 40
0.0
 40
1.0
 40
1.0
 40
1.0
 10
-38.003779432876655
 20
43.90894954616696
 30
0.0
 10
-38.003779432876655
 20
43.78897884304196
 30
0.0
 10
-38.04877455006416
 20
43.54896419460446
 30
0.0
  0
SPLINE
  5
13A
330
17
100
AcDbEntity
  8
ENGRAVE
100
AcDbSpline
 70
0
 71
2
 72
6
 73
3
 74
0
 40
0.0
 40
0.0
 40
0.0
 40
1.0
 40
1.0
 40
1.0
 10
-37.92128431568916
 20
44.20145442897946
 30
0.0
 10
-37.92877943287666
 20
44.02896907741696
 30
0.0
 10
-38.003779432876655
 20
43.90894954616696
 30
0.0
  0
SPLINE
  5
13B
330
17
100
AcDbEntity
  8
ENGRAVE
100
AcDbSpline
 70
0
 71
2
 72
6
 73
3
 74
0
 40
0.0
 40
0.0
 40
0.0
 40
1.0
 40
1.0
 40
1.0
 10
-37.913789198501654
 20
44.53897884304196
 30
0.0
 10
-37.913789198501654
 20
44.53897884304196
 30
0.0
 10
-37.94376966725166
 20
44.49395931179196
 30
0.0
  0
SPLINE
  5
13C
330
17
100
AcDbEntity
  8
ENGRAVE
100
AcDbSpline
 70
0
 71
2
 72
6
 73
3
 74
0
 40
0.0
 40
0.0
 40
0.0
 40
1.0
 40
1.0
 40
1.0
 10
-37.913789198501654
 20
44.37393978054196
 30
0.0
 10
-37.913789198501654
 20
44.37393978054196
 30
0.0
 10
-37.92128431568916
 20
44.20145442897946
 30
0.0
  0
SPLINE
  5
13D
330
17
100
AcDbEntity
  8
ENGRAVE
100
AcDbSpline
 70
0
 71
2
 72
6
 73
3
 74
0
 40
0.0
 40
0.0
 40
0.0
 40
1.0
 40
1.0
 40
1.0
 10
-37.94376966725166
 20
44.49395931179196
 30
0.0
 10
-37.973750136001655
 20
44.448939780541956
 30
0.0
 10
-37.913789198501654
 20
44.37393978054196
 30
0.0
  0
SPLINE
  5
13E
330
17
100
AcDbEntity
  8
ENGRAVE
100
AcDbSpline
 70
0
 71
2
 72
6
 73
3
 74
0
 40
0.0
 40
0.0
 40
0.0
 40
1.0
 40
1.0
 40
1.0
 10
-37.748774550064155
 20
44.69647396022946
 30
0.0
 10
-37.83878919850166
 20
44.53897884304196
 30
0.0
 10
-37.913789198501654
 20
44.53897884304196
 30
0.0
  0
SPLINE
  5
13F
330
17
100
AcDbEntity
  8
ENGRAVE
100
AcDbSpline
 70
0
 71
2
 72
6
 73
3
 74
0
 40
0.0
 40
0.0
 40
0.0
 40
1.0
 40
1.0
 40
1.0
 10
-38.35626966725166
 20
47.19395931179196
 30
0.0
 10
-38.123750136001654
 20
47.86895931179196
 30
0.0
 10
-37.89875013600166
 20
48.51395442897946
 30
0.0
  0
SPLINE
  5
140
330
17
100
AcDbEntity
  8
ENGRAVE
100
AcDbSpline
 70
0
 71
2
 72
6
 73
3
 74
0
 40
0.0
 40
0.0
 40
0.0
 40
1.0
 40
1.0
 40
1.0
 10
-37.59125501881416
 20
45.04896419460446
 30
0.0
 10
-37.65875990162666
 20
44.853969077416956
 30
0.0
 10
-37.748774550064155
 20
44.69647396022946
 30
0.0
  0
SPLINE
  5
141
330
17
100
AcDbEntity
  8
ENGRAVE
100
AcDbSpline
 70
0
 71
2
 72
6
 73
3
 74
0
 40
0.0
 40
0.0
 40
0.0
 40
1.0
 40
1.0
 40
1.0
 10
-37.52375013600166
 20
45.333949546166956
 30
0.0
 10
-37.52375013600166
 20
45.24395931179196
 30
0.0
 10
-37.59125501881416
 20
45.04896419460446
 30
0.0
  0
SPLINE
  5
142
330
17
100
AcDbEntity
  8
ENGRAVE
100
AcDbSpline
 70
0
 71
2
 72
6
 73
3
 74
0
 40
0.0
 40
0.0
 40
0.0
 40
1.0
 40
1.0
 40
1.0
 10
-37.48625013600166
 20
45.43895442897946
 30
0.0
 10
-37.52375013600166
 20
45.37896907741696
 30
0.0
 10
-37.52375013600166
 20
45.333949546166956
 30
0.0
  0
SPLINE
  5
143
330
17
100
AcDbEntity
  8
ENGRAVE
100
AcDbSpline
 70
0
 71
2
 72
6
 73
3
 74
0
 40
0.0
 40
0.0
 40
0.0
 40
1.0
 40
1.0
 40
1.0
 10
-37.89875013600166
 20
48.51395442897946
 30
0.0
 10
-37.67375013600166
 20
49.15894954616696
 30
0.0
 10
-37.493769667251655
 20
49.60894954616696
 30
0.0
  0
SPLINE
  5
144
330
17
100
AcDbEntity
  8
ENGRAVE
100
AcDbSpline
 70
0
 71
2
 72
6
 73
3
 74
0
 40
0.0
 40
0.0
 40
0.0
 40
1.0
 40
1.0
 40
1.0
 10
-37.41876966725166
 20
45.52896907741696
 30
0.0
 10
-37.44875013600166
 20
45.49893978054196
 30
0.0
 10
-37.48625013600166
 20
45.43895442897946
 30
0.0
  0
SPLINE
  5
145
330
17
100
AcDbEntity
  8
ENGRAVE
100
AcDbSpline
 70
0
 71
2
 72
6
 73
3
 74
0
 40
0.0
 40
0.0
 40
0.0
 40
1.0
 40
1.0
 40
1.0
 10
-36.96876966725166
 20
45.40894954616696
 30
0.0
 10
-37.28375990162666
 20
45.40894954616696
 30
0.0
 10
-37.41876966725166
 20
45.52896907741696
 30
0.0
  0
SPLINE
  5
146
330
17
100
AcDbEntity
  8
ENGRAVE
100
AcDbSpline
 70
0
 71
2
 72
6
 73
3
 74
0
 40
0.0
 40
0.0
 40
0.0
 40
1.0
 40
1.0
 40
1.0
 10
-36.96125013600166
 20
47.44146907741696
 30
0.0
 10
-37.14875013600166
 20
47.08897884304196
 30
0.0
 10
-37.20875990162666
 20
46.81895931179196
 30
0.0
  0
SPLINE
  5
147
330
17
100
AcDbEntity
  8
ENGRAVE
100
AcDbSpline
 70
0
 71
2
 72
6
 73
3
 74
0
 40
0.0
 40
0.0
 40
0.0
 40
1.0
 40
1.0
 40
1.0
 10
-37.493769667251655
 20
49.60894954616696
 30
0.0
 10
-37.31378919850166
 20
50.02896907741696
 30
0.0
 10
-37.19376966725166
 20
50.38895442897946
 30
0.0
  0
SPLINE
  5
148
330
17
100
AcDbEntity
  8
ENGRAVE
100
AcDbSpline
 70
0
 71
2
 72
6
 73
3
 74
0
 40
0.0
 40
0.0
 40
0.0
 40
1.0
 40
1.0
 40
1.0
 10
-37.20875990162666
 20
46.81895931179196
 30
0.0
 10
-37.268769667251654
 20
46.54893978054196
 30
0.0
 10
-37.133759901626654
 20
46.54893978054196
 30
0.0
  0
SPLINE
  5
149
330
17
100
AcDbEntity
  8
ENGRAVE
100
AcDbSpline
 70
0
 71
2
 72
6
 73
3
 74
0
 40
0.0
 40
0.0
 40
0.0
 40
1.0
 40
1.0
 40
1.0
 10
-37.19376966725166
 20
50.38895442897946
 30
0.0
 10
-37.07375013600166
 20
50.74893978054196
 30
0.0
 10
-37.07375013600166
 20
50.89893978054196
 30
0.0
  0
SPLINE
  5
14A
330
17
100
AcDbEntity
  8
ENGRAVE
100
AcDbSpline
 70
0
 71
2
 72
6
 73
3
 74
0
 40
0.0
 40
0.0
 40
0.0
 40
1.0
 40
1.0
 40
1.0
 10
-37.07375013600166
 20
50.89893978054196
 30
0.0
 10
-37.07375013600166
 20
50.95894954616696
 30
0.0
 10
-37.04376966725166
 20
50.99644954616696
 30
0.0
  0
SPLINE
  5
14B
330
17
100
AcDbEntity
  8
ENGRAVE
100
AcDbSpline
 70
0
 71
2
 72
6
 73
3
 74
0
 40
0.0
 40
0.0
 40
0.0
 40
1.0
 40
1.0
 40
1.0
 10
-36.44376966725166
 20
45.48394954616696
 30
0.0
 10
-36.72877943287666
 20
45.40894954616696
 30
0.0
 10
-36.96876966725166
 20
45.40894954616696
 30
0.0
  0
SPLINE
  5
14C
330
17
100
AcDbEntity
  8
ENGRAVE
100
AcDbSpline
 70
0
 71
2
 72
6
 73
3
 74
0
 40
0.0
 40
0.0
 40
0.0
 40
1.0
 40
1.0
 40
1.0
 10
-36.53375990162666
 20
48.04893978054196
 30
0.0
 10
-36.77375013600166
 20
47.79395931179196
 30
0.0
 10
-36.96125013600166
 20
47.44146907741696
 30
0.0
  0
SPLINE
  5
14D
330
17
100
AcDbEntity
  8
ENGRAVE
100
AcDbSpline
 70
0
 71
2
 72
6
 73
3
 74
0
 40
0.0
 40
0.0
 40
0.0
 40
1.0
 40
1.0
 40
1.0
 10
-37.04376966725166
 20
50.99644954616696
 30
0.0
 10
-37.013789198501655
 20
51.03394954616696
 30
0.0
 10
-36.90875990162666
 20
51.15396907741696
 30
0.0
  0
SPLINE
  5
14E
330
17
100
AcDbEntity
  8
ENGRAVE
100
AcDbSpline
 70
0
 71
2
 72
6
 73
3
 74
0
 40
0.0
 40
0.0
 40
0.0
 40
1.0
 40
1.0
 40
1.0
 10
-37.133759901626654
 20
46.54893978054196
 30
0.0
 10
-37.013789198501655
 20
46.54893978054196
 30
0.0
 10
-36.69877455006416
 20
46.65394466335446
 30
0.0
  0
SPLINE
  5
14F
330
17
100
AcDbEntity
  8
ENGRAVE
100
AcDbSpline
 70
0
 71
2
 72
6
 73
3
 74
0
 40
0.0
 40
0.0
 40
0.0
 40
1.0
 40
1.0
 40
1.0
 10
-35.58876478443916
 20
48.73895442897946
 30
0.0
 10
-36.05377943287666
 20
48.52896907741696
 30
0.0
 10
-36.53375990162666
 20
48.04893978054196
 30
0.0
  0
SPLINE
  5
150
330
17
100
AcDbEntity
  8
ENGRAVE
100
AcDbSpline
 70
0
 71
2
 72
6
 73
3
 74
0
 40
0.0
 40
0.0
 40
0.0
 40
1.0
 40
1.0
 40
1.0
 10
-36.90875990162666
 20
51.15396907741696
 30
0.0
 10
-36.758759901626654
 20
51.30396907741696
 30
0.0
 10
-36.51127455006416
 20
51.26646907741696
 30
0.0
  0
SPLINE
  5
151
330
17
100
AcDbEntity
  8
ENGRAVE
100
AcDbSpline
 70
0
 71
2
 72
6
 73
3
 74
0
 40
0.0
 40
0.0
 40
0.0
 40
1.0
 40
1.0
 40
1.0
 10
-35.94877455006416
 20
45.64896419460446
 30
0.0
 10
-36.15875990162666
 20
45.55894954616696
 30
0.0
 10
-36.44376966725166
 20
45.48394954616696
 30
0.0
  0
SPLINE
  5
152
330
17
100
AcDbEntity
  8
ENGRAVE
100
AcDbSpline
 70
0
 71
2
 72
6
 73
3
 74
0
 40
0.0
 40
0.0
 40
0.0
 40
1.0
 40
1.0
 40
1.0
 10
-36.22626478443916
 20
49.55645931179196
 30
0.0
 10
-36.30875990162666
 20
49.44395931179196
 30
0.0
 10
-36.278779432876654
 20
49.458949546166956
 30
0.0
  0
SPLINE
  5
153
330
17
100
AcDbEntity
  8
ENGRAVE
100
AcDbSpline
 70
0
 71
2
 72
6
 73
3
 74
0
 40
0.0
 40
0.0
 40
0.0
 40
1.0
 40
1.0
 40
1.0
 10
-36.03876478443916
 20
49.85645931179196
 30
0.0
 10
-36.143769667251654
 20
49.66895931179196
 30
0.0
 10
-36.22626478443916
 20
49.55645931179196
 30
0.0
  0
SPLINE
  5
154
330
17
100
AcDbEntity
  8
ENGRAVE
100
AcDbSpline
 70
0
 71
2
 72
6
 73
3
 74
0
 40
0.0
 40
0.0
 40
0.0
 40
1.0
 40
1.0
 40
1.0
 10
-36.51127455006416
 20
51.26646907741696
 30
0.0
 10
-36.263789198501655
 20
51.22896907741696
 30
0.0
 10
-36.098750136001655
 20
51.10894954616696
 30
0.0
  0
SPLINE
  5
155
330
17
100
AcDbEntity
  8
ENGRAVE
100
AcDbSpline
 70
0
 71
2
 72
6
 73
3
 74
0
 40
0.0
 40
0.0
 40
0.0
 40
1.0
 40
1.0
 40
1.0
 10
-36.69877455006416
 20
46.65394466335446
 30
0.0
 10
-36.383759901626654
 20
46.75894954616696
 30
0.0
 10
-36.03876478443916
 20
46.91644466335446
 30
0.0
  0
SPLINE
  5
156
330
17
100
AcDbEntity
  8
ENGRAVE
100
AcDbSpline
 70
0
 71
2
 72
6
 73
3
 74
0
 40
0.0
 40
0.0
 40
0.0
 40
1.0
 40
1.0
 40
1.0
 10
-35.93375990162666
 20
50.26895931179196
 30
0.0
 10
-35.93375990162666
 20
50.04395931179196
 30
0.0
 10
-36.03876478443916
 20
49.85645931179196
 30
0.0
  0
SPLINE
  5
157
330
17
100
AcDbEntity
  8
ENGRAVE
100
AcDbSpline
 70
0
 71
2
 72
6
 73
3
 74
0
 40
0.0
 40
0.0
 40
0.0
 40
1.0
 40
1.0
 40
1.0
 10
-35.73878919850166
 20
45.76895931179196
 30
0.0
 10
-35.73878919850166
 20
45.738978843041956
 30
0.0
 10
-35.94877455006416
 20
45.64896419460446
 30
0.0
  0
SPLINE
  5
158
330
17
100
AcDbEntity
  8
ENGRAVE
100
AcDbSpline
 70
0
 71
2
 72
6
 73
3
 74
0
 40
0.0
 40
0.0
 40
0.0
 40
1.0
 40
1.0
 40
1.0
 10
-35.926264784439155
 20
50.75645931179196
 30
0.0
 10
-35.873750136001654
 20
50.59893978054196
 30
0.0
 10
-35.93375990162666
 20
50.26895931179196
 30
0.0
  0
SPLINE
  5
159
330
17
100
AcDbEntity
  8
ENGRAVE
100
AcDbSpline
 70
0
 71
2
 72
6
 73
3
 74
0
 40
0.0
 40
0.0
 40
0.0
 40
1.0
 40
1.0
 40
1.0
 10
-36.098750136001655
 20
51.10894954616696
 30
0.0
 10
-35.97877943287666
 20
50.91397884304196
 30
0.0
 10
-35.926264784439155
 20
50.75645931179196
 30
0.0
  0
SPLINE
  5
15A
330
17
100
AcDbEntity
  8
ENGRAVE
100
AcDbSpline
 70
0
 71
2
 72
6
 73
3
 74
0
 40
0.0
 40
0.0
 40
0.0
 40
1.0
 40
1.0
 40
1.0
 10
-35.701289198501655
 20
45.87396419460446
 30
0.0
 10
-35.73878919850166
 20
45.843959311791956
 30
0.0
 10
-35.73878919850166
 20
45.76895931179196
 30
0.0
  0
SPLINE
  5
15B
330
17
100
AcDbEntity
  8
ENGRAVE
100
AcDbSpline
 70
0
 71
2
 72
6
 73
3
 74
0
 40
0.0
 40
0.0
 40
0.0
 40
1.0
 40
1.0
 40
1.0
 10
-35.663789198501654
 20
45.90396907741696
 30
0.0
 10
-35.663789198501654
 20
45.90396907741696
 30
0.0
 10
-35.701289198501655
 20
45.87396419460446
 30
0.0
  0
SPLINE
  5
15C
330
17
100
AcDbEntity
  8
ENGRAVE
100
AcDbSpline
 70
0
 71
2
 72
6
 73
3
 74
0
 40
0.0
 40
0.0
 40
0.0
 40
1.0
 40
1.0
 40
1.0
 10
-35.258759901626654
 20
45.97144954616696
 30
0.0
 10
-35.54376966725166
 20
45.85894954616696
 30
0.0
 10
-35.663789198501654
 20
45.90396907741696
 30
0.0
  0
SPLINE
  5
15D
330
17
100
AcDbEntity
  8
ENGRAVE
100
AcDbSpline
 70
0
 71
2
 72
6
 73
3
 74
0
 40
0.0
 40
0.0
 40
0.0
 40
1.0
 40
1.0
 40
1.0
 10
-34.92877943287665
 20
48.64893978054196
 30
0.0
 10
-35.123750136001654
 20
48.948939780541956
 30
0.0
 10
-35.58876478443916
 20
48.73895442897946
 30
0.0
  0
SPLINE
  5
15E
330
17
100
AcDbEntity
  8
ENGRAVE
100
AcDbSpline
 70
0
 71
2
 72
6
 73
3
 74
0
 40
0.0
 40
0.0
 40
0.0
 40
1.0
 40
1.0
 40
1.0
 10
-36.03876478443916
 20
46.91644466335446
 30
0.0
 10
-35.69376966725166
 20
47.073939780541956
 30
0.0
 10
-35.498750136001654
 20
47.238978843041956
 30
0.0
  0
SPLINE
  5
15F
330
17
100
AcDbEntity
  8
ENGRAVE
100
AcDbSpline
 70
0
 71
2
 72
6
 73
3
 74
0
 40
0.0
 40
0.0
 40
0.0
 40
1.0
 40
1.0
 40
1.0
 10
-34.696259901626654
 20
46.271449546166956
 30
0.0
 10
-34.973750136001655
 20
46.083949546166956
 30
0.0
 10
-35.258759901626654
 20
45.97144954616696
 30
0.0
  0
SPLINE
  5
160
330
17
100
AcDbEntity
  8
ENGRAVE
100
AcDbSpline
 70
0
 71
2
 72
6
 73
3
 74
0
 40
0.0
 40
0.0
 40
0.0
 40
1.0
 40
1.0
 40
1.0
 10
-36.278779432876654
 20
49.458949546166956
 30
0.0
 10
-35.618769667251655
 20
49.86397884304196
 30
0.0
 10
-35.086274550064154
 20
49.90147884304196
 30
0.0
  0
SPLINE
  5
161
330
17
100
AcDbEntity
  8
ENGRAVE
100
AcDbSpline
 70
0
 71
2
 72
6
 73
3
 74
0
 40
0.0
 40
0.0
 40
0.0
 40
1.0
 40
1.0
 40
1.0
 10
-34.89125501881416
 20
47.91395442897946
 30
0.0
 10
-34.67375013600166
 20
48.24395931179196
 30
0.0
 10
-34.92877943287665
 20
48.64893978054196
 30
0.0
  0
SPLINE
  5
162
330
17
100
AcDbEntity
  8
ENGRAVE
100
AcDbSpline
 70
0
 71
2
 72
6
 73
3
 74
0
 40
0.0
 40
0.0
 40
0.0
 40
1.0
 40
1.0
 40
1.0
 10
-35.498750136001654
 20
47.238978843041956
 30
0.0
 10
-35.108759901626655
 20
47.583949546166956
 30
0.0
 10
-34.89125501881416
 20
47.91395442897946
 30
0.0
  0
SPLINE
  5
163
330
17
100
AcDbEntity
  8
ENGRAVE
100
AcDbSpline
 70
0
 71
2
 72
6
 73
3
 74
0
 40
0.0
 40
0.0
 40
0.0
 40
1.0
 40
1.0
 40
1.0
 10
-34.29875013600166
 20
46.60894954616696
 30
0.0
 10
-34.41876966725165
 20
46.458949546166956
 30
0.0
 10
-34.696259901626654
 20
46.271449546166956
 30
0.0
  0
SPLINE
  5
164
330
17
100
AcDbEntity
  8
ENGRAVE
100
AcDbSpline
 70
0
 71
2
 72
6
 73
3
 74
0
 40
0.0
 40
0.0
 40
0.0
 40
1.0
 40
1.0
 40
1.0
 10
-34.17877943287665
 20
46.82645442897946
 30
0.0
 10
-34.23878919850166
 20
46.728969077416956
 30
0.0
 10
-34.29875013600166
 20
46.60894954616696
 30
0.0
  0
SPLINE
  5
165
330
17
100
AcDbEntity
  8
ENGRAVE
100
AcDbSpline
 70
0
 71
2
 72
6
 73
3
 74
0
 40
0.0
 40
0.0
 40
0.0
 40
1.0
 40
1.0
 40
1.0
 10
-35.086274550064154
 20
49.90147884304196
 30
0.0
 10
-34.55377943287665
 20
49.93897884304196
 30
0.0
 10
-34.186274550064155
 20
49.72147396022946
 30
0.0
  0
SPLINE
  5
166
330
17
100
AcDbEntity
  8
ENGRAVE
100
AcDbSpline
 70
0
 71
2
 72
6
 73
3
 74
0
 40
0.0
 40
0.0
 40
0.0
 40
1.0
 40
1.0
 40
1.0
 10
-34.05875990162666
 20
46.92393978054196
 30
0.0
 10
-34.118769667251655
 20
46.92393978054196
 30
0.0
 10
-34.17877943287665
 20
46.82645442897946
 30
0.0
  0
SPLINE
  5
167
330
17
100
AcDbEntity
  8
ENGRAVE
100
AcDbSpline
 70
0
 71
2
 72
6
 73
3
 74
0
 40
0.0
 40
0.0
 40
0.0
 40
1.0
 40
1.0
 40
1.0
 10
-33.81876966725166
 20
47.27647884304196
 30
0.0
 10
-33.96876966725166
 20
47.01397884304196
 30
0.0
 10
-34.05875990162666
 20
46.92393978054196
 30
0.0
  0
SPLINE
  5
168
330
17
100
AcDbEntity
  8
ENGRAVE
100
AcDbSpline
 70
0
 71
2
 72
6
 73
3
 74
0
 40
0.0
 40
0.0
 40
0.0
 40
1.0
 40
1.0
 40
1.0
 10
-33.54877455006415
 20
47.83897884304196
 30
0.0
 10
-33.66876966725165
 20
47.53897884304196
 30
0.0
 10
-33.81876966725166
 20
47.27647884304196
 30
0.0
  0
SPLINE
  5
169
330
17
100
AcDbEntity
  8
ENGRAVE
100
AcDbSpline
 70
0
 71
2
 72
6
 73
3
 74
0
 40
0.0
 40
0.0
 40
0.0
 40
1.0
 40
1.0
 40
1.0
 10
-34.186274550064155
 20
49.72147396022946
 30
0.0
 10
-33.81876966725166
 20
49.50396907741696
 30
0.0
 10
-33.623774550064155
 20
49.12896907741696
 30
0.0
  0
SPLINE
  5
16A
330
17
100
AcDbEntity
  8
ENGRAVE
100
AcDbSpline
 70
0
 71
2
 72
6
 73
3
 74
0
 40
0.0
 40
0.0
 40
0.0
 40
1.0
 40
1.0
 40
1.0
 10
-33.42877943287665
 20
48.31895931179196
 30
0.0
 10
-33.42877943287665
 20
48.13897884304196
 30
0.0
 10
-33.54877455006415
 20
47.83897884304196
 30
0.0
  0
SPLINE
  5
16B
330
17
100
AcDbEntity
  8
ENGRAVE
100
AcDbSpline
 70
0
 71
2
 72
6
 73
3
 74
0
 40
0.0
 40
0.0
 40
0.0
 40
1.0
 40
1.0
 40
1.0
 10
-33.623774550064155
 20
49.12896907741696
 30
0.0
 10
-33.42877943287665
 20
48.75396907741696
 30
0.0
 10
-33.42877943287665
 20
48.31895931179196
 30
0.0
  0
SPLINE
  5
16C
330
17
100
AcDbEntity
  8
ENGRAVE
100
AcDbSpline
 70
0
 71
2
 72
6
 73
3
 74
0
 40
0.0
 40
0.0
 40
0.0
 40
1.0
 40
1.0
 40
1.0
 10
-32.80624525318916
 20
45.468959311791956
 30
0.0
 10
-32.963740370376655
 20
45.63394954616696
 30
0.0
 10
-32.91876966725166
 20
45.93394954616696
 30
0.0
  0
SPLINE
  5
16D
330
17
100
AcDbEntity
  8
ENGRAVE
100
AcDbSpline
 70
0
 71
2
 72
6
 73
3
 74
0
 40
0.0
 40
0.0
 40
0.0
 40
1.0
 40
1.0
 40
1.0
 10
-32.51374037037666
 20
45.198939780541956
 30
0.0
 10
-32.64875013600166
 20
45.30396907741696
 30
0.0
 10
-32.80624525318916
 20
45.468959311791956
 30
0.0
  0
SPLINE
  5
16E
330
17
100
AcDbEntity
  8
ENGRAVE
100
AcDbSpline
 70
0
 71
2
 72
6
 73
3
 74
0
 40
0.0
 40
0.0
 40
0.0
 40
1.0
 40
1.0
 40
1.0
 10
-32.91876966725166
 20
45.93394954616696
 30
0.0
 10
-32.87375013600166
 20
46.353969077416956
 30
0.0
 10
-32.79875013600166
 20
46.67645442897946
 30
0.0
  0
SPLINE
  5
16F
330
17
100
AcDbEntity
  8
ENGRAVE
100
AcDbSpline
 70
0
 71
2
 72
6
 73
3
 74
0
 40
0.0
 40
0.0
 40
0.0
 40
1.0
 40
1.0
 40
1.0
 10
-32.79875013600166
 20
46.67645442897946
 30
0.0
 10
-32.723750136001655
 20
46.99893978054196
 30
0.0
 10
-32.618769667251655
 20
47.41895931179196
 30
0.0
  0
SPLINE
  5
170
330
17
100
AcDbEntity
  8
ENGRAVE
100
AcDbSpline
 70
0
 71
2
 72
6
 73
3
 74
0
 40
0.0
 40
0.0
 40
0.0
 40
1.0
 40
1.0
 40
1.0
 10
-32.10124037037666
 20
45.01895931179196
 30
0.0
 10
-32.27375013600166
 20
44.958949546166956
 30
0.0
 10
-32.51374037037666
 20
45.198939780541956
 30
0.0
  0
SPLINE
  5
171
330
17
100
AcDbEntity
  8
ENGRAVE
100
AcDbSpline
 70
0
 71
2
 72
6
 73
3
 74
0
 40
0.0
 40
0.0
 40
0.0
 40
1.0
 40
1.0
 40
1.0
 10
-32.618769667251655
 20
47.41895931179196
 30
0.0
 10
-32.588740370376655
 20
47.59893978054196
 30
0.0
 10
-32.46125013600166
 20
48.03394954616696
 30
0.0
  0
SPLINE
  5
172
330
17
100
AcDbEntity
  8
ENGRAVE
100
AcDbSpline
 70
0
 71
2
 72
6
 73
3
 74
0
 40
0.0
 40
0.0
 40
0.0
 40
1.0
 40
1.0
 40
1.0
 10
-32.46125013600166
 20
48.03394954616696
 30
0.0
 10
-32.33375990162666
 20
48.468959311791956
 30
0.0
 10
-32.15375501881416
 20
48.978969077416956
 30
0.0
  0
SPLINE
  5
173
330
17
100
AcDbEntity
  8
ENGRAVE
100
AcDbSpline
 70
0
 71
2
 72
6
 73
3
 74
0
 40
0.0
 40
0.0
 40
0.0
 40
1.0
 40
1.0
 40
1.0
 10
-31.748750136001657
 20
45.31895931179196
 30
0.0
 10
-31.928730604751657
 20
45.07896907741696
 30
0.0
 10
-32.10124037037666
 20
45.01895931179196
 30
0.0
  0
SPLINE
  5
174
330
17
100
AcDbEntity
  8
ENGRAVE
100
AcDbSpline
 70
0
 71
2
 72
6
 73
3
 74
0
 40
0.0
 40
0.0
 40
0.0
 40
1.0
 40
1.0
 40
1.0
 10
-32.15375501881416
 20
48.978969077416956
 30
0.0
 10
-31.97375013600166
 20
49.488978843041956
 30
0.0
 10
-31.77875501881416
 20
49.94647396022946
 30
0.0
  0
SPLINE
  5
175
330
17
100
AcDbEntity
  8
ENGRAVE
100
AcDbSpline
 70
0
 71
2
 72
6
 73
3
 74
0
 40
0.0
 40
0.0
 40
0.0
 40
1.0
 40
1.0
 40
1.0
 10
-31.59875013600166
 20
45.59647396022946
 30
0.0
 10
-31.643769667251657
 20
45.45396907741696
 30
0.0
 10
-31.748750136001657
 20
45.31895931179196
 30
0.0
  0
SPLINE
  5
176
330
17
100
AcDbEntity
  8
ENGRAVE
100
AcDbSpline
 70
0
 71
2
 72
6
 73
3
 74
0
 40
0.0
 40
0.0
 40
0.0
 40
1.0
 40
1.0
 40
1.0
 10
-31.553730604751657
 20
45.738978843041956
 30
0.0
 10
-31.553730604751657
 20
45.738978843041956
 30
0.0
 10
-31.59875013600166
 20
45.59647396022946
 30
0.0
  0
SPLINE
  5
177
330
17
100
AcDbEntity
  8
ENGRAVE
100
AcDbSpline
 70
0
 71
2
 72
6
 73
3
 74
0
 40
0.0
 40
0.0
 40
0.0
 40
1.0
 40
1.0
 40
1.0
 10
-31.501240370376657
 20
46.016444663354456
 30
0.0
 10
-31.553730604751657
 20
45.78394954616696
 30
0.0
 10
-31.553730604751657
 20
45.738978843041956
 30
0.0
  0
SPLINE
  5
178
330
17
100
AcDbEntity
  8
ENGRAVE
100
AcDbSpline
 70
0
 71
2
 72
6
 73
3
 74
0
 40
0.0
 40
0.0
 40
0.0
 40
1.0
 40
1.0
 40
1.0
 10
-31.373750136001657
 20
46.50394466335446
 30
0.0
 10
-31.448750136001657
 20
46.24893978054196
 30
0.0
 10
-31.501240370376657
 20
46.016444663354456
 30
0.0
  0
SPLINE
  5
179
330
17
100
AcDbEntity
  8
ENGRAVE
100
AcDbSpline
 70
0
 71
2
 72
6
 73
3
 74
0
 40
0.0
 40
0.0
 40
0.0
 40
1.0
 40
1.0
 40
1.0
 10
-31.77875501881416
 20
49.94647396022946
 30
0.0
 10
-31.583759901626657
 20
50.40396907741696
 30
0.0
 10
-31.433759901626658
 20
50.62896907741696
 30
0.0
  0
SPLINE
  5
17A
330
17
100
AcDbEntity
  8
ENGRAVE
100
AcDbSpline
 70
0
 71
2
 72
6
 73
3
 74
0
 40
0.0
 40
0.0
 40
0.0
 40
1.0
 40
1.0
 40
1.0
 10
-31.22375013600166
 20
46.833949546166956
 30
0.0
 10
-31.298750136001658
 20
46.75894954616696
 30
0.0
 10
-31.373750136001657
 20
46.50394466335446
 30
0.0
  0
SPLINE
  5
17B
330
17
100
AcDbEntity
  8
ENGRAVE
100
AcDbSpline
 70
0
 71
2
 72
6
 73
3
 74
0
 40
0.0
 40
0.0
 40
0.0
 40
1.0
 40
1.0
 40
1.0
 10
-30.983735487564157
 20
47.13397396022946
 30
0.0
 10
-31.103730604751657
 20
47.02896907741696
 30
0.0
 10
-31.22375013600166
 20
46.833949546166956
 30
0.0
  0
SPLINE
  5
17C
330
17
100
AcDbEntity
  8
ENGRAVE
100
AcDbSpline
 70
0
 71
2
 72
6
 73
3
 74
0
 40
0.0
 40
0.0
 40
0.0
 40
1.0
 40
1.0
 40
1.0
 10
-31.006269667251658
 20
48.76146419460446
 30
0.0
 10
-31.11876966725166
 20
48.55894954616696
 30
0.0
 10
-31.16376478443916
 20
48.43145931179196
 30
0.0
  0
SPLINE
  5
17D
330
17
100
AcDbEntity
  8
ENGRAVE
100
AcDbSpline
 70
0
 71
2
 72
6
 73
3
 74
0
 40
0.0
 40
0.0
 40
0.0
 40
1.0
 40
1.0
 40
1.0
 10
-31.16376478443916
 20
48.43145931179196
 30
0.0
 10
-31.208759901626657
 20
48.30396907741696
 30
0.0
 10
-31.133759901626657
 20
48.31895931179196
 30
0.0
  0
SPLINE
  5
17E
330
17
100
AcDbEntity
  8
ENGRAVE
100
AcDbSpline
 70
0
 71
2
 72
6
 73
3
 74
0
 40
0.0
 40
0.0
 40
0.0
 40
1.0
 40
1.0
 40
1.0
 10
-30.818769667251658
 20
49.14395931179196
 30
0.0
 10
-30.893769667251657
 20
48.96397884304196
 30
0.0
 10
-31.006269667251658
 20
48.76146419460446
 30
0.0
  0
SPLINE
  5
17F
330
17
100
AcDbEntity
  8
ENGRAVE
100
AcDbSpline
 70
0
 71
2
 72
6
 73
3
 74
0
 40
0.0
 40
0.0
 40
0.0
 40
1.0
 40
1.0
 40
1.0
 10
-30.758759901626657
 20
47.35894954616696
 30
0.0
 10
-30.863740370376657
 20
47.238978843041956
 30
0.0
 10
-30.983735487564157
 20
47.13397396022946
 30
0.0
  0
SPLINE
  5
180
330
17
100
AcDbEntity
  8
ENGRAVE
100
AcDbSpline
 70
0
 71
2
 72
6
 73
3
 74
0
 40
0.0
 40
0.0
 40
0.0
 40
1.0
 40
1.0
 40
1.0
 10
-31.433759901626658
 20
50.62896907741696
 30
0.0
 10
-31.268769667251657
 20
50.77896907741696
 30
0.0
 10
-30.946259901626657
 20
50.77896907741696
 30
0.0
  0
SPLINE
  5
181
330
17
100
AcDbEntity
  8
ENGRAVE
100
AcDbSpline
 70
0
 71
2
 72
6
 73
3
 74
0
 40
0.0
 40
0.0
 40
0.0
 40
1.0
 40
1.0
 40
1.0
 10
-30.39875013600166
 20
50.18643978054196
 30
0.0
 10
-30.458759901626657
 20
49.84893978054196
 30
0.0
 10
-30.818769667251658
 20
49.14395931179196
 30
0.0
  0
SPLINE
  5
182
330
17
100
AcDbEntity
  8
ENGRAVE
100
AcDbSpline
 70
0
 71
2
 72
6
 73
3
 74
0
 40
0.0
 40
0.0
 40
0.0
 40
1.0
 40
1.0
 40
1.0
 10
-31.133759901626657
 20
48.31895931179196
 30
0.0
 10
-31.04376966725166
 20
48.48394954616696
 30
0.0
 10
-30.803755018814158
 20
48.70145442897946
 30
0.0
  0
SPLINE
  5
183
330
17
100
AcDbEntity
  8
ENGRAVE
100
AcDbSpline
 70
0
 71
2
 72
6
 73
3
 74
0
 40
0.0
 40
0.0
 40
0.0
 40
1.0
 40
1.0
 40
1.0
 10
-29.82123548756416
 20
48.13895442897946
 30
0.0
 10
-30.278730604751658
 20
47.88394954616696
 30
0.0
 10
-30.758759901626657
 20
47.35894954616696
 30
0.0
  0
SPLINE
  5
184
330
17
100
AcDbEntity
  8
ENGRAVE
100
AcDbSpline
 70
0
 71
2
 72
6
 73
3
 74
0
 40
0.0
 40
0.0
 40
0.0
 40
1.0
 40
1.0
 40
1.0
 10
-30.946259901626657
 20
50.77896907741696
 30
0.0
 10
-30.623750136001657
 20
50.77896907741696
 30
0.0
 10
-30.50373060475166
 20
50.65894954616696
 30
0.0
  0
SPLINE
  5
185
330
17
100
AcDbEntity
  8
ENGRAVE
100
AcDbSpline
 70
0
 71
2
 72
6
 73
3
 74
0
 40
0.0
 40
0.0
 40
0.0
 40
1.0
 40
1.0
 40
1.0
 10
-30.50373060475166
 20
50.65894954616696
 30
0.0
 10
-30.33874037037666
 20
50.52393978054196
 30
0.0
 10
-30.39875013600166
 20
50.18643978054196
 30
0.0
  0
SPLINE
  5
186
330
17
100
AcDbEntity
  8
ENGRAVE
100
AcDbSpline
 70
0
 71
2
 72
6
 73
3
 74
0
 40
0.0
 40
0.0
 40
0.0
 40
1.0
 40
1.0
 40
1.0
 10
-30.803755018814158
 20
48.70145442897946
 30
0.0
 10
-30.563740370376657
 20
48.91895931179196
 30
0.0
 10
-30.293745253189158
 20
49.12896907741696
 30
0.0
  0
SPLINE
  5
187
330
17
100
AcDbEntity
  8
ENGRAVE
100
AcDbSpline
 70
0
 71
2
 72
6
 73
3
 74
0
 40
0.0
 40
0.0
 40
0.0
 40
1.0
 40
1.0
 40
1.0
 10
-28.79376966725166
 20
48.72393978054196
 30
0.0
 10
-29.363740370376657
 20
48.39395931179196
 30
0.0
 10
-29.82123548756416
 20
48.13895442897946
 30
0.0
  0
SPLINE
  5
188
330
17
100
AcDbEntity
  8
ENGRAVE
100
AcDbSpline
 70
0
 71
2
 72
6
 73
3
 74
0
 40
0.0
 40
0.0
 40
0.0
 40
1.0
 40
1.0
 40
1.0
 10
-30.293745253189158
 20
49.12896907741696
 30
0.0
 10
-30.02375013600166
 20
49.33897884304196
 30
0.0
 10
-29.78375990162666
 20
49.50396907741696
 30
0.0
  0
SPLINE
  5
189
330
17
100
AcDbEntity
  8
ENGRAVE
100
AcDbSpline
 70
0
 71
2
 72
6
 73
3
 74
0
 40
0.0
 40
0.0
 40
0.0
 40
1.0
 40
1.0
 40
1.0
 10
-29.78375990162666
 20
49.50396907741696
 30
0.0
 10
-29.54376966725166
 20
49.66895931179196
 30
0.0
 10
-29.45373060475166
 20
49.71397884304196
 30
0.0
  0
SPLINE
  5
18A
330
17
100
AcDbEntity
  8
ENGRAVE
100
AcDbSpline
 70
0
 71
2
 72
6
 73
3
 74
0
 40
0.0
 40
0.0
 40
0.0
 40
1.0
 40
1.0
 40
1.0
 10
-29.45373060475166
 20
49.71397884304196
 30
0.0
 10
-29.333759901626657
 20
49.78897884304196
 30
0.0
 10
-29.176264784439155
 20
49.84146907741696
 30
0.0
  0
SPLINE
  5
18B
330
17
100
AcDbEntity
  8
ENGRAVE
100
AcDbSpline
 70
0
 71
2
 72
6
 73
3
 74
0
 40
0.0
 40
0.0
 40
0.0
 40
1.0
 40
1.0
 40
1.0
 10
-29.176264784439155
 20
49.84146907741696
 30
0.0
 10
-29.018769667251657
 20
49.89395931179196
 30
0.0
 10
-28.958759901626657
 20
49.92393978054196
 30
0.0
  0
SPLINE
  5
18C
330
17
100
AcDbEntity
  8
ENGRAVE
100
AcDbSpline
 70
0
 71
2
 72
6
 73
3
 74
0
 40
0.0
 40
0.0
 40
0.0
 40
1.0
 40
1.0
 40
1.0
 10
-28.433759901626658
 20
48.87396419460446
 30
0.0
 10
-28.583759901626657
 20
48.81397884304196
 30
0.0
 10
-28.79376966725166
 20
48.72393978054196
 30
0.0
  0
SPLINE
  5
18D
330
17
100
AcDbEntity
  8
ENGRAVE
100
AcDbSpline
 70
0
 71
2
 72
6
 73
3
 74
0
 40
0.0
 40
0.0
 40
0.0
 40
1.0
 40
1.0
 40
1.0
 10
-28.08874037037666
 20
48.948939780541956
 30
0.0
 10
-28.28375990162666
 20
48.93394954616696
 30
0.0
 10
-28.433759901626658
 20
48.87396419460446
 30
0.0
  0
SPLINE
  5
18E
330
17
100
AcDbEntity
  8
ENGRAVE
100
AcDbSpline
 70
0
 71
2
 72
6
 73
3
 74
0
 40
0.0
 40
0.0
 40
0.0
 40
1.0
 40
1.0
 40
1.0
 10
-28.958759901626657
 20
49.92393978054196
 30
0.0
 10
-28.613740370376657
 20
50.08897884304196
 30
0.0
 10
-28.20124037037666
 20
50.05147884304196
 30
0.0
  0
SPLINE
  5
18F
330
17
100
AcDbEntity
  8
ENGRAVE
100
AcDbSpline
 70
0
 71
2
 72
6
 73
3
 74
0
 40
0.0
 40
0.0
 40
0.0
 40
1.0
 40
1.0
 40
1.0
 10
-27.646259901626657
 20
49.15897396022946
 30
0.0
 10
-27.84875013600166
 20
48.96397884304196
 30
0.0
 10
-28.08874037037666
 20
48.948939780541956
 30
0.0
  0
SPLINE
  5
190
330
17
100
AcDbEntity
  8
ENGRAVE
100
AcDbSpline
 70
0
 71
2
 72
6
 73
3
 74
0
 40
0.0
 40
0.0
 40
0.0
 40
1.0
 40
1.0
 40
1.0
 10
-28.20124037037666
 20
50.05147884304196
 30
0.0
 10
-27.788740370376658
 20
50.01397884304196
 30
0.0
 10
-27.698750136001657
 20
49.78897884304196
 30
0.0
  0
SPLINE
  5
191
330
17
100
AcDbEntity
  8
ENGRAVE
100
AcDbSpline
 70
0
 71
2
 72
6
 73
3
 74
0
 40
0.0
 40
0.0
 40
0.0
 40
1.0
 40
1.0
 40
1.0
 10
-27.443769667251658
 20
49.458949546166956
 30
0.0
 10
-27.443769667251658
 20
49.353969077416956
 30
0.0
 10
-27.646259901626657
 20
49.15897396022946
 30
0.0
  0
SPLINE
  5
192
330
17
100
AcDbEntity
  8
ENGRAVE
100
AcDbSpline
 70
0
 71
2
 72
6
 73
3
 74
0
 40
0.0
 40
0.0
 40
0.0
 40
1.0
 40
1.0
 40
1.0
 10
-27.698750136001657
 20
49.78897884304196
 30
0.0
 10
-27.683759901626658
 20
49.66895931179196
 30
0.0
 10
-27.60126478443916
 20
49.60894954616696
 30
0.0
  0
SPLINE
  5
193
330
17
100
AcDbEntity
  8
ENGRAVE
100
AcDbSpline
 70
0
 71
2
 72
6
 73
3
 74
0
 40
0.0
 40
0.0
 40
0.0
 40
1.0
 40
1.0
 40
1.0
 10
-27.52624037037666
 20
45.40894954616696
 30
0.0
 10
-27.57873060475166
 20
45.64893978054196
 30
0.0
 10
-27.56374037037666
 20
45.88145931179196
 30
0.0
  0
SPLINE
  5
194
330
17
100
AcDbEntity
  8
ENGRAVE
100
AcDbSpline
 70
0
 71
2
 72
6
 73
3
 74
0
 40
0.0
 40
0.0
 40
0.0
 40
1.0
 40
1.0
 40
1.0
 10
-27.35373060475166
 20
45.04893978054196
 30
0.0
 10
-27.47375013600166
 20
45.16895931179196
 30
0.0
 10
-27.52624037037666
 20
45.40894954616696
 30
0.0
  0
SPLINE
  5
195
330
17
100
AcDbEntity
  8
ENGRAVE
100
AcDbSpline
 70
0
 71
2
 72
6
 73
3
 74
0
 40
0.0
 40
0.0
 40
0.0
 40
1.0
 40
1.0
 40
1.0
 10
-27.60126478443916
 20
49.60894954616696
 30
0.0
 10
-27.518769667251657
 20
49.54893978054196
 30
0.0
 10
-27.518769667251657
 20
49.54893978054196
 30
0.0
  0
SPLINE
  5
196
330
17
100
AcDbEntity
  8
ENGRAVE
100
AcDbSpline
 70
0
 71
2
 72
6
 73
3
 74
0
 40
0.0
 40
0.0
 40
0.0
 40
1.0
 40
1.0
 40
1.0
 10
-27.56374037037666
 20
45.88145931179196
 30
0.0
 10
-27.548750136001658
 20
46.113978843041956
 30
0.0
 10
-27.48874037037666
 20
46.23394954616696
 30
0.0
  0
SPLINE
  5
197
330
17
100
AcDbEntity
  8
ENGRAVE
100
AcDbSpline
 70
0
 71
2
 72
6
 73
3
 74
0
 40
0.0
 40
0.0
 40
0.0
 40
1.0
 40
1.0
 40
1.0
 10
-27.518769667251657
 20
49.54893978054196
 30
0.0
 10
-27.458759901626657
 20
49.54893978054196
 30
0.0
 10
-27.451264784439157
 20
49.50394466335446
 30
0.0
  0
SPLINE
  5
198
330
17
100
AcDbEntity
  8
ENGRAVE
100
AcDbSpline
 70
0
 71
2
 72
6
 73
3
 74
0
 40
0.0
 40
0.0
 40
0.0
 40
1.0
 40
1.0
 40
1.0
 10
-27.48874037037666
 20
46.23394954616696
 30
0.0
 10
-27.48874037037666
 20
46.353969077416956
 30
0.0
 10
-27.45124037037666
 20
46.421473960229456
 30
0.0
  0
SPLINE
  5
199
330
17
100
AcDbEntity
  8
ENGRAVE
100
AcDbSpline
 70
0
 71
2
 72
6
 73
3
 74
0
 40
0.0
 40
0.0
 40
0.0
 40
1.0
 40
1.0
 40
1.0
 10
-27.451264784439157
 20
49.50394466335446
 30
0.0
 10
-27.443769667251658
 20
49.458949546166956
 30
0.0
 10
-27.443769667251658
 20
49.458949546166956
 30
0.0
  0
SPLINE
  5
19A
330
17
100
AcDbEntity
  8
ENGRAVE
100
AcDbSpline
 70
0
 71
2
 72
6
 73
3
 74
0
 40
0.0
 40
0.0
 40
0.0
 40
1.0
 40
1.0
 40
1.0
 10
-27.45124037037666
 20
46.421473960229456
 30
0.0
 10
-27.413740370376658
 20
46.488978843041956
 30
0.0
 10
-27.42873060475166
 20
46.54893978054196
 30
0.0
  0
SPLINE
  5
19B
330
17
100
AcDbEntity
  8
ENGRAVE
100
AcDbSpline
 70
0
 71
2
 72
6
 73
3
 74
0
 40
0.0
 40
0.0
 40
0.0
 40
1.0
 40
1.0
 40
1.0
 10
-27.42873060475166
 20
46.54893978054196
 30
0.0
 10
-27.443769667251658
 20
46.60894954616696
 30
0.0
 10
-27.39875013600166
 20
46.75894954616696
 30
0.0
  0
SPLINE
  5
19C
330
17
100
AcDbEntity
  8
ENGRAVE
100
AcDbSpline
 70
0
 71
2
 72
6
 73
3
 74
0
 40
0.0
 40
0.0
 40
0.0
 40
1.0
 40
1.0
 40
1.0
 10
-26.76125013600166
 20
44.86895931179196
 30
0.0
 10
-27.09875013600166
 20
44.76397884304196
 30
0.0
 10
-27.35373060475166
 20
45.04893978054196
 30
0.0
  0
SPLINE
  5
19D
330
17
100
AcDbEntity
  8
ENGRAVE
100
AcDbSpline
 70
0
 71
2
 72
6
 73
3
 74
0
 40
0.0
 40
0.0
 40
0.0
 40
1.0
 40
1.0
 40
1.0
 10
-27.39875013600166
 20
46.75894954616696
 30
0.0
 10
-27.35373060475166
 20
46.90894954616696
 30
0.0
 10
-27.308759901626658
 20
47.04395931179196
 30
0.0
  0
SPLINE
  5
19E
330
17
100
AcDbEntity
  8
ENGRAVE
100
AcDbSpline
 70
0
 71
2
 72
6
 73
3
 74
0
 40
0.0
 40
0.0
 40
0.0
 40
1.0
 40
1.0
 40
1.0
 10
-27.308759901626658
 20
47.04395931179196
 30
0.0
 10
-27.20373060475166
 20
47.28394954616696
 30
0.0
 10
-27.06874525318916
 20
47.66644466335446
 30
0.0
  0
SPLINE
  5
19F
330
17
100
AcDbEntity
  8
ENGRAVE
100
AcDbSpline
 70
0
 71
2
 72
6
 73
3
 74
0
 40
0.0
 40
0.0
 40
0.0
 40
1.0
 40
1.0
 40
1.0
 10
-27.06874525318916
 20
47.66644466335446
 30
0.0
 10
-26.933759901626658
 20
48.04893978054196
 30
0.0
 10
-26.798750136001658
 20
48.44644954616696
 30
0.0
  0
SPLINE
  5
1A0
330
17
100
AcDbEntity
  8
ENGRAVE
100
AcDbSpline
 70
0
 71
2
 72
6
 73
3
 74
0
 40
0.0
 40
0.0
 40
0.0
 40
1.0
 40
1.0
 40
1.0
 10
-26.288740370376658
 20
45.58897884304196
 30
0.0
 10
-26.423750136001658
 20
44.97393978054196
 30
0.0
 10
-26.76125013600166
 20
44.86895931179196
 30
0.0
  0
SPLINE
  5
1A1
330
17
100
AcDbEntity
  8
ENGRAVE
100
AcDbSpline
 70
0
 71
2
 72
6
 73
3
 74
0
 40
0.0
 40
0.0
 40
0.0
 40
1.0
 40
1.0
 40
1.0
 10
-26.798750136001658
 20
48.44644954616696
 30
0.0
 10
-26.663740370376658
 20
48.843959311791956
 30
0.0
 10
-26.57375013600166
 20
49.13646419460446
 30
0.0
  0
SPLINE
  5
1A2
330
17
100
AcDbEntity
  8
ENGRAVE
100
AcDbSpline
 70
0
 71
2
 72
6
 73
3
 74
0
 40
0.0
 40
0.0
 40
0.0
 40
1.0
 40
1.0
 40
1.0
 10
-26.57375013600166
 20
49.13646419460446
 30
0.0
 10
-26.48375990162666
 20
49.42896907741696
 30
0.0
 10
-26.46876966725166
 20
49.488978843041956
 30
0.0
  0
SPLINE
  5
1A3
330
17
100
AcDbEntity
  8
ENGRAVE
100
AcDbSpline
 70
0
 71
2
 72
6
 73
3
 74
0
 40
0.0
 40
0.0
 40
0.0
 40
1.0
 40
1.0
 40
1.0
 10
-26.168745253189158
 20
45.91895931179196
 30
0.0
 10
-26.21374037037666
 20
45.708949546166956
 30
0.0
 10
-26.288740370376658
 20
45.58897884304196
 30
0.0
  0
SPLINE
  5
1A4
330
17
100
AcDbEntity
  8
ENGRAVE
100
AcDbSpline
 70
0
 71
2
 72
6
 73
3
 74
0
 40
0.0
 40
0.0
 40
0.0
 40
1.0
 40
1.0
 40
1.0
 10
-26.46876966725166
 20
49.488978843041956
 30
0.0
 10
-26.46876966725166
 20
49.66895931179196
 30
0.0
 10
-26.22873060475166
 20
49.68394954616696
 30
0.0
  0
SPLINE
  5
1A5
330
17
100
AcDbEntity
  8
ENGRAVE
100
AcDbSpline
 70
0
 71
2
 72
6
 73
3
 74
0
 40
0.0
 40
0.0
 40
0.0
 40
1.0
 40
1.0
 40
1.0
 10
-26.09374525318916
 20
46.33145931179196
 30
0.0
 10
-26.12375013600166
 20
46.12896907741696
 30
0.0
 10
-26.168745253189158
 20
45.91895931179196
 30
0.0
  0
SPLINE
  5
1A6
330
17
100
AcDbEntity
  8
ENGRAVE
100
AcDbSpline
 70
0
 71
2
 72
6
 73
3
 74
0
 40
0.0
 40
0.0
 40
0.0
 40
1.0
 40
1.0
 40
1.0
 10
-26.03375990162666
 20
46.60894954616696
 30
0.0
 10
-26.06374037037666
 20
46.53394954616696
 30
0.0
 10
-26.09374525318916
 20
46.33145931179196
 30
0.0
  0
SPLINE
  5
1A7
330
17
100
AcDbEntity
  8
ENGRAVE
100
AcDbSpline
 70
0
 71
2
 72
6
 73
3
 74
0
 40
0.0
 40
0.0
 40
0.0
 40
1.0
 40
1.0
 40
1.0
 10
-26.04125501881416
 20
51.51395442897946
 30
0.0
 10
-26.10875990162666
 20
51.78394954616696
 30
0.0
 10
-26.048750136001658
 20
51.82896907741696
 30
0.0
  0
SPLINE
  5
1A8
330
17
100
AcDbEntity
  8
ENGRAVE
100
AcDbSpline
 70
0
 71
2
 72
6
 73
3
 74
0
 40
0.0
 40
0.0
 40
0.0
 40
1.0
 40
1.0
 40
1.0
 10
-25.73375990162666
 20
51.06397884304196
 30
0.0
 10
-25.97375013600166
 20
51.24395931179196
 30
0.0
 10
-26.04125501881416
 20
51.51395442897946
 30
0.0
  0
SPLINE
  5
1A9
330
17
100
AcDbEntity
  8
ENGRAVE
100
AcDbSpline
 70
0
 71
2
 72
6
 73
3
 74
0
 40
0.0
 40
0.0
 40
0.0
 40
1.0
 40
1.0
 40
1.0
 10
-25.89125501881416
 20
47.02147396022946
 30
0.0
 10
-25.97375013600166
 20
46.80396907741696
 30
0.0
 10
-26.03375990162666
 20
46.60894954616696
 30
0.0
  0
SPLINE
  5
1AA
330
17
100
AcDbEntity
  8
ENGRAVE
100
AcDbSpline
 70
0
 71
2
 72
6
 73
3
 74
0
 40
0.0
 40
0.0
 40
0.0
 40
1.0
 40
1.0
 40
1.0
 10
-25.74875013600166
 20
47.35894954616696
 30
0.0
 10
-25.808759901626658
 20
47.238978843041956
 30
0.0
 10
-25.89125501881416
 20
47.02147396022946
 30
0.0
  0
SPLINE
  5
1AB
330
17
100
AcDbEntity
  8
ENGRAVE
100
AcDbSpline
 70
0
 71
2
 72
6
 73
3
 74
0
 40
0.0
 40
0.0
 40
0.0
 40
1.0
 40
1.0
 40
1.0
 10
-26.22873060475166
 20
49.68394954616696
 30
0.0
 10
-26.048750136001658
 20
49.74395931179196
 30
0.0
 10
-25.793745253189158
 20
49.53394954616696
 30
0.0
  0
SPLINE
  5
1AC
330
17
100
AcDbEntity
  8
ENGRAVE
100
AcDbSpline
 70
0
 71
2
 72
6
 73
3
 74
0
 40
0.0
 40
0.0
 40
0.0
 40
1.0
 40
1.0
 40
1.0
 10
-26.048750136001658
 20
51.82896907741696
 30
0.0
 10
-25.89875013600166
 20
51.99395931179196
 30
0.0
 10
-25.78625013600166
 20
52.26395442897946
 30
0.0
  0
SPLINE
  5
1AD
330
17
100
AcDbEntity
  8
ENGRAVE
100
AcDbSpline
 70
0
 71
2
 72
6
 73
3
 74
0
 40
0.0
 40
0.0
 40
0.0
 40
1.0
 40
1.0
 40
1.0
 10
-25.63625013600166
 20
47.81646907741696
 30
0.0
 10
-25.71876966725166
 20
47.53897884304196
 30
0.0
 10
-25.74875013600166
 20
47.35894954616696
 30
0.0
  0
SPLINE
  5
1AE
330
17
100
AcDbEntity
  8
ENGRAVE
100
AcDbSpline
 70
0
 71
2
 72
6
 73
3
 74
0
 40
0.0
 40
0.0
 40
0.0
 40
1.0
 40
1.0
 40
1.0
 10
-25.178755018814158
 20
50.99647396022946
 30
0.0
 10
-25.52375013600166
 20
50.91397884304196
 30
0.0
 10
-25.73375990162666
 20
51.06397884304196
 30
0.0
  0
SPLINE
  5
1AF
330
17
100
AcDbEntity
  8
ENGRAVE
100
AcDbSpline
 70
0
 71
2
 72
6
 73
3
 74
0
 40
0.0
 40
0.0
 40
0.0
 40
1.0
 40
1.0
 40
1.0
 10
-25.49376966725166
 20
48.21397884304196
 30
0.0
 10
-25.55373060475166
 20
48.093959311791956
 30
0.0
 10
-25.63625013600166
 20
47.81646907741696
 30
0.0
  0
SPLINE
  5
1B0
330
17
100
AcDbEntity
  8
ENGRAVE
100
AcDbSpline
 70
0
 71
2
 72
6
 73
3
 74
0
 40
0.0
 40
0.0
 40
0.0
 40
1.0
 40
1.0
 40
1.0
 10
-25.78625013600166
 20
52.26395442897946
 30
0.0
 10
-25.673750136001658
 20
52.53394954616696
 30
0.0
 10
-25.538740370376658
 20
52.75894954616696
 30
0.0
  0
SPLINE
  5
1B1
330
17
100
AcDbEntity
  8
ENGRAVE
100
AcDbSpline
 70
0
 71
2
 72
6
 73
3
 74
0
 40
0.0
 40
0.0
 40
0.0
 40
1.0
 40
1.0
 40
1.0
 10
-25.298750136001658
 20
48.76895931179196
 30
0.0
 10
-25.32873060475166
 20
48.573939780541956
 30
0.0
 10
-25.49376966725166
 20
48.21397884304196
 30
0.0
  0
SPLINE
  5
1B2
330
17
100
AcDbEntity
  8
ENGRAVE
100
AcDbSpline
 70
0
 71
2
 72
6
 73
3
 74
0
 40
0.0
 40
0.0
 40
0.0
 40
1.0
 40
1.0
 40
1.0
 10
-25.538740370376658
 20
52.75894954616696
 30
0.0
 10
-25.50875990162666
 20
52.80396907741696
 30
0.0
 10
-25.45624525318916
 20
52.88646419460446
 30
0.0
  0
SPLINE
  5
1B3
330
17
100
AcDbEntity
  8
ENGRAVE
100
AcDbSpline
 70
0
 71
2
 72
6
 73
3
 74
0
 40
0.0
 40
0.0
 40
0.0
 40
1.0
 40
1.0
 40
1.0
 10
-25.793745253189158
 20
49.53394954616696
 30
0.0
 10
-25.538740370376658
 20
49.323939780541956
 30
0.0
 10
-25.38874037037666
 20
49.083949546166956
 30
0.0
  0
SPLINE
  5
1B4
330
17
100
AcDbEntity
  8
ENGRAVE
100
AcDbSpline
 70
0
 71
2
 72
6
 73
3
 74
0
 40
0.0
 40
0.0
 40
0.0
 40
1.0
 40
1.0
 40
1.0
 10
-25.45624525318916
 20
52.88646419460446
 30
0.0
 10
-25.403730604751658
 20
52.96895931179196
 30
0.0
 10
-25.34376966725166
 20
52.98394954616696
 30
0.0
  0
SPLINE
  5
1B5
330
17
100
AcDbEntity
  8
ENGRAVE
100
AcDbSpline
 70
0
 71
2
 72
6
 73
3
 74
0
 40
0.0
 40
0.0
 40
0.0
 40
1.0
 40
1.0
 40
1.0
 10
-25.38874037037666
 20
49.083949546166956
 30
0.0
 10
-25.26876966725166
 20
48.96397884304196
 30
0.0
 10
-25.298750136001658
 20
48.76895931179196
 30
0.0
  0
SPLINE
  5
1B6
330
17
100
AcDbEntity
  8
ENGRAVE
100
AcDbSpline
 70
0
 71
2
 72
6
 73
3
 74
0
 40
0.0
 40
0.0
 40
0.0
 40
1.0
 40
1.0
 40
1.0
 10
-24.60875990162666
 20
51.37896907741696
 30
0.0
 10
-24.83375990162666
 20
51.07896907741696
 30
0.0
 10
-25.178755018814158
 20
50.99647396022946
 30
0.0
  0
SPLINE
  5
1B7
330
17
100
AcDbEntity
  8
ENGRAVE
100
AcDbSpline
 70
0
 71
2
 72
6
 73
3
 74
0
 40
0.0
 40
0.0
 40
0.0
 40
1.0
 40
1.0
 40
1.0
 10
-25.34376966725166
 20
52.98394954616696
 30
0.0
 10
-25.163740370376658
 20
53.10396907741696
 30
0.0
 10
-24.84125501881416
 20
52.96895931179196
 30
0.0
  0
SPLINE
  5
1B8
330
17
100
AcDbEntity
  8
ENGRAVE
100
AcDbSpline
 70
0
 71
2
 72
6
 73
3
 74
0
 40
0.0
 40
0.0
 40
0.0
 40
1.0
 40
1.0
 40
1.0
 10
-24.451264784439157
 20
45.82144954616696
 30
0.0
 10
-24.593769667251657
 20
46.00894954616696
 30
0.0
 10
-24.623750136001657
 20
46.06895931179196
 30
0.0
  0
SPLINE
  5
1B9
330
17
100
AcDbEntity
  8
ENGRAVE
100
AcDbSpline
 70
0
 71
2
 72
6
 73
3
 74
0
 40
0.0
 40
0.0
 40
0.0
 40
1.0
 40
1.0
 40
1.0
 10
-24.36876966725166
 20
52.59395931179196
 30
0.0
 10
-24.09875013600166
 20
51.99395931179196
 30
0.0
 10
-24.60875990162666
 20
51.37896907741696
 30
0.0
  0
SPLINE
  5
1BA
330
17
100
AcDbEntity
  8
ENGRAVE
100
AcDbSpline
 70
0
 71
2
 72
6
 73
3
 74
0
 40
0.0
 40
0.0
 40
0.0
 40
1.0
 40
1.0
 40
1.0
 10
-24.623750136001657
 20
46.06895931179196
 30
0.0
 10
-24.623750136001657
 20
46.42896907741696
 30
0.0
 10
-24.533759901626656
 20
46.69896419460446
 30
0.0
  0
SPLINE
  5
1BB
330
17
100
AcDbEntity
  8
ENGRAVE
100
AcDbSpline
 70
0
 71
2
 72
6
 73
3
 74
0
 40
0.0
 40
0.0
 40
0.0
 40
1.0
 40
1.0
 40
1.0
 10
-24.203779432876658
 20
45.51397884304196
 30
0.0
 10
-24.308759901626658
 20
45.63394954616696
 30
0.0
 10
-24.451264784439157
 20
45.82144954616696
 30
0.0
  0
SPLINE
  5
1BC
330
17
100
AcDbEntity
  8
ENGRAVE
100
AcDbSpline
 70
0
 71
2
 72
6
 73
3
 74
0
 40
0.0
 40
0.0
 40
0.0
 40
1.0
 40
1.0
 40
1.0
 10
-24.84125501881416
 20
52.96895931179196
 30
0.0
 10
-24.51876966725166
 20
52.83394954616696
 30
0.0
 10
-24.36876966725166
 20
52.59395931179196
 30
0.0
  0
SPLINE
  5
1BD
330
17
100
AcDbEntity
  8
ENGRAVE
100
AcDbSpline
 70
0
 71
2
 72
6
 73
3
 74
0
 40
0.0
 40
0.0
 40
0.0
 40
1.0
 40
1.0
 40
1.0
 10
-24.533759901626656
 20
46.69896419460446
 30
0.0
 10
-24.443769667251658
 20
46.968959311791956
 30
0.0
 10
-24.263740370376656
 20
47.38897884304196
 30
0.0
  0
SPLINE
  5
1BE
330
17
100
AcDbEntity
  8
ENGRAVE
100
AcDbSpline
 70
0
 71
2
 72
6
 73
3
 74
0
 40
0.0
 40
0.0
 40
0.0
 40
1.0
 40
1.0
 40
1.0
 10
-23.918769667251656
 20
45.30396907741696
 30
0.0
 10
-24.053779432876656
 20
45.39395931179196
 30
0.0
 10
-24.203779432876658
 20
45.51397884304196
 30
0.0
  0
SPLINE
  5
1BF
330
17
100
AcDbEntity
  8
ENGRAVE
100
AcDbSpline
 70
0
 71
2
 72
6
 73
3
 74
0
 40
0.0
 40
0.0
 40
0.0
 40
1.0
 40
1.0
 40
1.0
 10
-24.263740370376656
 20
47.38897884304196
 30
0.0
 10
-24.203779432876658
 20
47.49395931179196
 30
0.0
 10
-24.151264784439157
 20
47.60645931179196
 30
0.0
  0
SPLINE
  5
1C0
330
17
100
AcDbEntity
  8
ENGRAVE
100
AcDbSpline
 70
0
 71
2
 72
6
 73
3
 74
0
 40
0.0
 40
0.0
 40
0.0
 40
1.0
 40
1.0
 40
1.0
 10
-24.151264784439157
 20
47.60645931179196
 30
0.0
 10
-24.098750136001655
 20
47.718959311791956
 30
0.0
 10
-24.023750136001656
 20
47.853969077416956
 30
0.0
  0
SPLINE
  5
1C1
330
17
100
AcDbEntity
  8
ENGRAVE
100
AcDbSpline
 70
0
 71
2
 72
6
 73
3
 74
0
 40
0.0
 40
0.0
 40
0.0
 40
1.0
 40
1.0
 40
1.0
 10
-23.663740370376658
 20
45.27393978054196
 30
0.0
 10
-23.783759901626656
 20
45.21397884304196
 30
0.0
 10
-23.918769667251656
 20
45.30396907741696
 30
0.0
  0
SPLINE
  5
1C2
330
17
100
AcDbEntity
  8
ENGRAVE
100
AcDbSpline
 70
0
 71
2
 72
6
 73
3
 74
0
 40
0.0
 40
0.0
 40
0.0
 40
1.0
 40
1.0
 40
1.0
 10
-24.023750136001656
 20
47.853969077416956
 30
0.0
 10
-23.963740370376655
 20
48.06397884304196
 30
0.0
 10
-23.851240370376658
 20
48.33397396022946
 30
0.0
  0
SPLINE
  5
1C3
330
17
100
AcDbEntity
  8
ENGRAVE
100
AcDbSpline
 70
0
 71
2
 72
6
 73
3
 74
0
 40
0.0
 40
0.0
 40
0.0
 40
1.0
 40
1.0
 40
1.0
 10
-23.341255018814156
 20
45.49893978054196
 30
0.0
 10
-23.498750136001657
 20
45.27393978054196
 30
0.0
 10
-23.663740370376658
 20
45.27393978054196
 30
0.0
  0
SPLINE
  5
1C4
330
17
100
AcDbEntity
  8
ENGRAVE
100
AcDbSpline
 70
0
 71
2
 72
6
 73
3
 74
0
 40
0.0
 40
0.0
 40
0.0
 40
1.0
 40
1.0
 40
1.0
 10
-23.851240370376658
 20
48.33397396022946
 30
0.0
 10
-23.738740370376657
 20
48.603969077416956
 30
0.0
 10
-23.633759901626657
 20
48.843959311791956
 30
0.0
  0
SPLINE
  5
1C5
330
17
100
AcDbEntity
  8
ENGRAVE
100
AcDbSpline
 70
0
 71
2
 72
6
 73
3
 74
0
 40
0.0
 40
0.0
 40
0.0
 40
1.0
 40
1.0
 40
1.0
 10
-23.633759901626657
 20
48.843959311791956
 30
0.0
 10
-23.468769667251657
 20
49.23394954616696
 30
0.0
 10
-23.378755018814157
 20
49.51895931179196
 30
0.0
  0
SPLINE
  5
1C6
330
17
100
AcDbEntity
  8
ENGRAVE
100
AcDbSpline
 70
0
 71
2
 72
6
 73
3
 74
0
 40
0.0
 40
0.0
 40
0.0
 40
1.0
 40
1.0
 40
1.0
 10
-22.853779432876657
 20
46.083949546166956
 30
0.0
 10
-23.183759901626658
 20
45.72393978054196
 30
0.0
 10
-23.341255018814156
 20
45.49893978054196
 30
0.0
  0
SPLINE
  5
1C7
330
17
100
AcDbEntity
  8
ENGRAVE
100
AcDbSpline
 70
0
 71
2
 72
6
 73
3
 74
0
 40
0.0
 40
0.0
 40
0.0
 40
1.0
 40
1.0
 40
1.0
 10
-23.378755018814157
 20
49.51895931179196
 30
0.0
 10
-23.288740370376658
 20
49.80396907741696
 30
0.0
 10
-23.228779432876657
 20
50.13394954616696
 30
0.0
  0
SPLINE
  5
1C8
330
17
100
AcDbEntity
  8
ENGRAVE
100
AcDbSpline
 70
0
 71
2
 72
6
 73
3
 74
0
 40
0.0
 40
0.0
 40
0.0
 40
1.0
 40
1.0
 40
1.0
 10
-23.228779432876657
 20
50.13394954616696
 30
0.0
 10
-23.243769667251655
 20
50.16397884304196
 30
0.0
 10
-23.213764784439157
 20
50.22396419460446
 30
0.0
  0
SPLINE
  5
1C9
330
17
100
AcDbEntity
  8
ENGRAVE
100
AcDbSpline
 70
0
 71
2
 72
6
 73
3
 74
0
 40
0.0
 40
0.0
 40
0.0
 40
1.0
 40
1.0
 40
1.0
 10
-23.213764784439157
 20
50.22396419460446
 30
0.0
 10
-23.183759901626658
 20
50.28394954616696
 30
0.0
 10
-23.123750136001657
 20
50.29893978054196
 30
0.0
  0
SPLINE
  5
1CA
330
17
100
AcDbEntity
  8
ENGRAVE
100
AcDbSpline
 70
0
 71
2
 72
6
 73
3
 74
0
 40
0.0
 40
0.0
 40
0.0
 40
1.0
 40
1.0
 40
1.0
 10
-21.653755018814156
 20
47.06644466335446
 30
0.0
 10
-22.238740370376657
 20
46.62393978054196
 30
0.0
 10
-22.853779432876657
 20
46.083949546166956
 30
0.0
  0
SPLINE
  5
1CB
330
17
100
AcDbEntity
  8
ENGRAVE
100
AcDbSpline
 70
0
 71
2
 72
6
 73
3
 74
0
 40
0.0
 40
0.0
 40
0.0
 40
1.0
 40
1.0
 40
1.0
 10
-22.621259901626658
 20
47.86146419460446
 30
0.0
 10
-22.733759901626655
 20
47.65894954616696
 30
0.0
 10
-22.733759901626655
 20
47.583949546166956
 30
0.0
  0
SPLINE
  5
1CC
330
17
100
AcDbEntity
  8
ENGRAVE
100
AcDbSpline
 70
0
 71
2
 72
6
 73
3
 74
0
 40
0.0
 40
0.0
 40
0.0
 40
1.0
 40
1.0
 40
1.0
 10
-23.093769667251657
 20
50.29893978054196
 30
0.0
 10
-22.988740370376657
 20
50.37393978054196
 30
0.0
 10
-22.696259901626657
 20
50.32144954616696
 30
0.0
  0
SPLINE
  5
1CD
330
17
100
AcDbEntity
  8
ENGRAVE
100
AcDbSpline
 70
0
 71
2
 72
6
 73
3
 74
0
 40
0.0
 40
0.0
 40
0.0
 40
1.0
 40
1.0
 40
1.0
 10
-22.403779432876657
 20
48.30396907741696
 30
0.0
 10
-22.508759901626657
 20
48.06397884304196
 30
0.0
 10
-22.621259901626658
 20
47.86146419460446
 30
0.0
  0
SPLINE
  5
1CE
330
17
100
AcDbEntity
  8
ENGRAVE
100
AcDbSpline
 70
0
 71
2
 72
6
 73
3
 74
0
 40
0.0
 40
0.0
 40
0.0
 40
1.0
 40
1.0
 40
1.0
 10
-22.733759901626655
 20
47.583949546166956
 30
0.0
 10
-22.733759901626655
 20
47.583949546166956
 30
0.0
 10
-22.613764784439155
 20
47.67396419460446
 30
0.0
  0
SPLINE
  5
1CF
330
17
100
AcDbEntity
  8
ENGRAVE
100
AcDbSpline
 70
0
 71
2
 72
6
 73
3
 74
0
 40
0.0
 40
0.0
 40
0.0
 40
1.0
 40
1.0
 40
1.0
 10
-21.953755018814157
 20
49.44395931179196
 30
0.0
 10
-21.968769667251657
 20
49.00894954616696
 30
0.0
 10
-22.403779432876657
 20
48.30396907741696
 30
0.0
  0
SPLINE
  5
1D0
330
17
100
AcDbEntity
  8
ENGRAVE
100
AcDbSpline
 70
0
 71
2
 72
6
 73
3
 74
0
 40
0.0
 40
0.0
 40
0.0
 40
1.0
 40
1.0
 40
1.0
 10
-22.613764784439155
 20
47.67396419460446
 30
0.0
 10
-22.493769667251655
 20
47.76397884304196
 30
0.0
 10
-22.328755018814157
 20
47.89146907741696
 30
0.0
  0
SPLINE
  5
1D1
330
17
100
AcDbEntity
  8
ENGRAVE
100
AcDbSpline
 70
0
 71
2
 72
6
 73
3
 74
0
 40
0.0
 40
0.0
 40
0.0
 40
1.0
 40
1.0
 40
1.0
 10
-22.696259901626657
 20
50.32144954616696
 30
0.0
 10
-22.403779432876657
 20
50.26895931179196
 30
0.0
 10
-22.253779432876655
 20
50.14893978054196
 30
0.0
  0
SPLINE
  5
1D2
330
17
100
AcDbEntity
  8
ENGRAVE
100
AcDbSpline
 70
0
 71
2
 72
6
 73
3
 74
0
 40
0.0
 40
0.0
 40
0.0
 40
1.0
 40
1.0
 40
1.0
 10
-22.328755018814157
 20
47.89146907741696
 30
0.0
 10
-22.163740370376658
 20
48.01895931179196
 30
0.0
 10
-22.043769667251656
 20
48.093959311791956
 30
0.0
  0
SPLINE
  5
1D3
330
17
100
AcDbEntity
  8
ENGRAVE
100
AcDbSpline
 70
0
 71
2
 72
6
 73
3
 74
0
 40
0.0
 40
0.0
 40
0.0
 40
1.0
 40
1.0
 40
1.0
 10
-22.253779432876655
 20
50.14893978054196
 30
0.0
 10
-21.938740370376657
 20
49.87896907741696
 30
0.0
 10
-21.953755018814157
 20
49.44395931179196
 30
0.0
  0
SPLINE
  5
1D4
330
17
100
AcDbEntity
  8
ENGRAVE
100
AcDbSpline
 70
0
 71
2
 72
6
 73
3
 74
0
 40
0.0
 40
0.0
 40
0.0
 40
1.0
 40
1.0
 40
1.0
 10
-22.043769667251656
 20
48.093959311791956
 30
0.0
 10
-21.968769667251657
 20
48.16895931179196
 30
0.0
 10
-21.713764784439157
 20
48.37144954616696
 30
0.0
  0
SPLINE
  5
1D5
330
17
100
AcDbEntity
  8
ENGRAVE
100
AcDbSpline
 70
0
 71
2
 72
6
 73
3
 74
0
 40
0.0
 40
0.0
 40
0.0
 40
1.0
 40
1.0
 40
1.0
 10
-20.588740370376655
 20
47.73394954616696
 30
0.0
 10
-21.068769667251658
 20
47.50894954616696
 30
0.0
 10
-21.653755018814156
 20
47.06644466335446
 30
0.0
  0
SPLINE
  5
1D6
330
17
100
AcDbEntity
  8
ENGRAVE
100
AcDbSpline
 70
0
 71
2
 72
6
 73
3
 74
0
 40
0.0
 40
0.0
 40
0.0
 40
1.0
 40
1.0
 40
1.0
 10
-21.713764784439157
 20
48.37144954616696
 30
0.0
 10
-21.458759901626657
 20
48.573939780541956
 30
0.0
 10
-21.158759901626656
 20
48.79893978054196
 30
0.0
  0
SPLINE
  5
1D7
330
17
100
AcDbEntity
  8
ENGRAVE
100
AcDbSpline
 70
0
 71
2
 72
6
 73
3
 74
0
 40
0.0
 40
0.0
 40
0.0
 40
1.0
 40
1.0
 40
1.0
 10
-21.158759901626656
 20
48.79893978054196
 30
0.0
 10
-20.858759901626655
 20
49.02393978054196
 30
0.0
 10
-20.678779432876656
 20
49.14395931179196
 30
0.0
  0
SPLINE
  5
1D8
330
17
100
AcDbEntity
  8
ENGRAVE
100
AcDbSpline
 70
0
 71
2
 72
6
 73
3
 74
0
 40
0.0
 40
0.0
 40
0.0
 40
1.0
 40
1.0
 40
1.0
 10
-20.311274550064155
 20
47.75645931179196
 30
0.0
 10
-20.393769667251657
 20
47.80894954616696
 30
0.0
 10
-20.588740370376655
 20
47.73394954616696
 30
0.0
  0
SPLINE
  5
1D9
330
17
100
AcDbEntity
  8
ENGRAVE
100
AcDbSpline
 70
0
 71
2
 72
6
 73
3
 74
0
 40
0.0
 40
0.0
 40
0.0
 40
1.0
 40
1.0
 40
1.0
 10
-20.198750136001657
 20
47.478969077416956
 30
0.0
 10
-20.228779432876657
 20
47.70396907741696
 30
0.0
 10
-20.311274550064155
 20
47.75645931179196
 30
0.0
  0
SPLINE
  5
1DA
330
17
100
AcDbEntity
  8
ENGRAVE
100
AcDbSpline
 70
0
 71
2
 72
6
 73
3
 74
0
 40
0.0
 40
0.0
 40
0.0
 40
1.0
 40
1.0
 40
1.0
 10
-20.213740370376655
 20
45.75396907741696
 30
0.0
 10
-20.303779432876656
 20
46.09893978054196
 30
0.0
 10
-20.258759901626654
 20
46.511439780541956
 30
0.0
  0
SPLINE
  5
1DB
330
17
100
AcDbEntity
  8
ENGRAVE
100
AcDbSpline
 70
0
 71
2
 72
6
 73
3
 74
0
 40
0.0
 40
0.0
 40
0.0
 40
1.0
 40
1.0
 40
1.0
 10
-20.678779432876656
 20
49.14395931179196
 30
0.0
 10
-20.513740370376656
 20
49.26397884304196
 30
0.0
 10
-20.258759901626654
 20
49.39146907741696
 30
0.0
  0
SPLINE
  5
1DC
330
17
100
AcDbEntity
  8
ENGRAVE
100
AcDbSpline
 70
0
 71
2
 72
6
 73
3
 74
0
 40
0.0
 40
0.0
 40
0.0
 40
1.0
 40
1.0
 40
1.0
 10
-19.861274550064156
 20
45.29644954616696
 30
0.0
 10
-20.078779432876658
 20
45.40894954616696
 30
0.0
 10
-20.213740370376655
 20
45.75396907741696
 30
0.0
  0
SPLINE
  5
1DD
330
17
100
AcDbEntity
  8
ENGRAVE
100
AcDbSpline
 70
0
 71
2
 72
6
 73
3
 74
0
 40
0.0
 40
0.0
 40
0.0
 40
1.0
 40
1.0
 40
1.0
 10
-20.258759901626654
 20
46.511439780541956
 30
0.0
 10
-20.213740370376655
 20
46.92393978054196
 30
0.0
 10
-20.198750136001657
 20
47.19395931179196
 30
0.0
  0
SPLINE
  5
1DE
330
17
100
AcDbEntity
  8
ENGRAVE
100
AcDbSpline
 70
0
 71
2
 72
6
 73
3
 74
0
 40
0.0
 40
0.0
 40
0.0
 40
1.0
 40
1.0
 40
1.0
 10
-20.258759901626654
 20
49.39146907741696
 30
0.0
 10
-20.003779432876655
 20
49.51895931179196
 30
0.0
 10
-19.943769667251658
 20
49.51895931179196
 30
0.0
  0
SPLINE
  5
1DF
330
17
100
AcDbEntity
  8
ENGRAVE
100
AcDbSpline
 70
0
 71
2
 72
6
 73
3
 74
0
 40
0.0
 40
0.0
 40
0.0
 40
1.0
 40
1.0
 40
1.0
 10
-19.313740370376657
 20
45.15396907741696
 30
0.0
 10
-19.643769667251657
 20
45.18394954616696
 30
0.0
 10
-19.861274550064156
 20
45.29644954616696
 30
0.0
  0
SPLINE
  5
1E0
330
17
100
AcDbEntity
  8
ENGRAVE
100
AcDbSpline
 70
0
 71
2
 72
6
 73
3
 74
0
 40
0.0
 40
0.0
 40
0.0
 40
1.0
 40
1.0
 40
1.0
 10
-19.943769667251658
 20
49.51895931179196
 30
0.0
 10
-19.793769667251656
 20
49.51895931179196
 30
0.0
 10
-19.576264784439154
 20
49.41395442897946
 30
0.0
  0
SPLINE
  5
1E1
330
17
100
AcDbEntity
  8
ENGRAVE
100
AcDbSpline
 70
0
 71
2
 72
6
 73
3
 74
0
 40
0.0
 40
0.0
 40
0.0
 40
1.0
 40
1.0
 40
1.0
 10
-18.916255018814155
 20
45.386439780541956
 30
0.0
 10
-19.118769667251655
 20
45.198939780541956
 30
0.0
 10
-19.313740370376657
 20
45.15396907741696
 30
0.0
  0
SPLINE
  5
1E2
330
17
100
AcDbEntity
  8
ENGRAVE
100
AcDbSpline
 70
0
 71
2
 72
6
 73
3
 74
0
 40
0.0
 40
0.0
 40
0.0
 40
1.0
 40
1.0
 40
1.0
 10
-19.576264784439154
 20
49.41395442897946
 30
0.0
 10
-19.358759901626655
 20
49.30894954616696
 30
0.0
 10
-19.171259901626655
 20
49.16644466335446
 30
0.0
  0
SPLINE
  5
1E3
330
17
100
AcDbEntity
  8
ENGRAVE
100
AcDbSpline
 70
0
 71
2
 72
6
 73
3
 74
0
 40
0.0
 40
0.0
 40
0.0
 40
1.0
 40
1.0
 40
1.0
 10
-18.983759901626655
 20
47.65897396022946
 30
0.0
 10
-18.953779432876658
 20
47.103969077416956
 30
0.0
 10
-19.043769667251656
 20
46.71397884304196
 30
0.0
  0
SPLINE
  5
1E4
330
17
100
AcDbEntity
  8
ENGRAVE
100
AcDbSpline
 70
0
 71
2
 72
6
 73
3
 74
0
 40
0.0
 40
0.0
 40
0.0
 40
1.0
 40
1.0
 40
1.0
 10
-19.043769667251656
 20
46.71397884304196
 30
0.0
 10
-19.043769667251656
 20
46.71397884304196
 30
0.0
 10
-19.028755018814156
 20
46.69146907741696
 30
0.0
  0
SPLINE
  5
1E5
330
17
100
AcDbEntity
  8
ENGRAVE
100
AcDbSpline
 70
0
 71
2
 72
6
 73
3
 74
0
 40
0.0
 40
0.0
 40
0.0
 40
1.0
 40
1.0
 40
1.0
 10
-18.998750136001657
 20
46.62393978054196
 30
0.0
 10
-19.013740370376656
 20
46.60894954616696
 30
0.0
 10
-19.006245253189157
 20
46.57144954616696
 30
0.0
  0
SPLINE
  5
1E6
330
17
100
AcDbEntity
  8
ENGRAVE
100
AcDbSpline
 70
0
 71
2
 72
6
 73
3
 74
0
 40
0.0
 40
0.0
 40
0.0
 40
1.0
 40
1.0
 40
1.0
 10
-19.006245253189157
 20
46.57144954616696
 30
0.0
 10
-18.998750136001657
 20
46.53394954616696
 30
0.0
 10
-18.998750136001657
 20
46.53394954616696
 30
0.0
  0
SPLINE
  5
1E7
330
17
100
AcDbEntity
  8
ENGRAVE
100
AcDbSpline
 70
0
 71
2
 72
6
 73
3
 74
0
 40
0.0
 40
0.0
 40
0.0
 40
1.0
 40
1.0
 40
1.0
 10
-19.028755018814156
 20
46.69146907741696
 30
0.0
 10
-19.013740370376656
 20
46.66895931179196
 30
0.0
 10
-18.998750136001657
 20
46.62393978054196
 30
0.0
  0
SPLINE
  5
1E8
330
17
100
AcDbEntity
  8
ENGRAVE
100
AcDbSpline
 70
0
 71
2
 72
6
 73
3
 74
0
 40
0.0
 40
0.0
 40
0.0
 40
1.0
 40
1.0
 40
1.0
 10
-18.983759901626655
 20
48.573939780541956
 30
0.0
 10
-19.013740370376656
 20
48.21397884304196
 30
0.0
 10
-18.983759901626655
 20
47.65897396022946
 30
0.0
  0
SPLINE
  5
1E9
330
17
100
AcDbEntity
  8
ENGRAVE
100
AcDbSpline
 70
0
 71
2
 72
6
 73
3
 74
0
 40
0.0
 40
0.0
 40
0.0
 40
1.0
 40
1.0
 40
1.0
 10
-18.968769667251657
 20
48.74644954616696
 30
0.0
 10
-18.983759901626655
 20
48.64893978054196
 30
0.0
 10
-18.983759901626655
 20
48.573939780541956
 30
0.0
  0
SPLINE
  5
1EA
330
17
100
AcDbEntity
  8
ENGRAVE
100
AcDbSpline
 70
0
 71
2
 72
6
 73
3
 74
0
 40
0.0
 40
0.0
 40
0.0
 40
1.0
 40
1.0
 40
1.0
 10
-18.953779432876658
 20
48.90396907741696
 30
0.0
 10
-18.953779432876658
 20
48.843959311791956
 30
0.0
 10
-18.968769667251657
 20
48.74644954616696
 30
0.0
  0
SPLINE
  5
1EB
330
17
100
AcDbEntity
  8
ENGRAVE
100
AcDbSpline
 70
0
 71
2
 72
6
 73
3
 74
0
 40
0.0
 40
0.0
 40
0.0
 40
1.0
 40
1.0
 40
1.0
 10
-19.171259901626655
 20
49.16644466335446
 30
0.0
 10
-18.983759901626655
 20
49.02393978054196
 30
0.0
 10
-18.953779432876658
 20
48.90396907741696
 30
0.0
  0
SPLINE
  5
1EC
330
17
100
AcDbEntity
  8
ENGRAVE
100
AcDbSpline
 70
0
 71
2
 72
6
 73
3
 74
0
 40
0.0
 40
0.0
 40
0.0
 40
1.0
 40
1.0
 40
1.0
 10
-18.698750136001657
 20
45.76895931179196
 30
0.0
 10
-18.713740370376655
 20
45.573939780541956
 30
0.0
 10
-18.916255018814155
 20
45.386439780541956
 30
0.0
  0
SPLINE
  5
1ED
330
17
100
AcDbEntity
  8
ENGRAVE
100
AcDbSpline
 70
0
 71
2
 72
6
 73
3
 74
0
 40
0.0
 40
0.0
 40
0.0
 40
1.0
 40
1.0
 40
1.0
 10
-18.998750136001657
 20
46.53394954616696
 30
0.0
 10
-18.968769667251657
 20
46.38394954616696
 30
0.0
 10
-18.893769667251657
 20
46.218959311791956
 30
0.0
  0
SPLINE
  5
1EE
330
17
100
AcDbEntity
  8
ENGRAVE
100
AcDbSpline
 70
0
 71
2
 72
6
 73
3
 74
0
 40
0.0
 40
0.0
 40
0.0
 40
1.0
 40
1.0
 40
1.0
 10
-18.893769667251657
 20
46.218959311791956
 30
0.0
 10
-18.818769667251658
 20
46.05396907741696
 30
0.0
 10
-18.698750136001657
 20
45.76895931179196
 30
0.0
  0
SPLINE
  5
1EF
330
17
100
AcDbEntity
  8
ENGRAVE
100
AcDbSpline
 70
0
 71
2
 72
6
 73
3
 74
0
 40
0.0
 40
0.0
 40
0.0
 40
1.0
 40
1.0
 40
1.0
 10
-17.498750136001657
 20
45.85894954616696
 30
0.0
 10
-17.558759901626658
 20
45.90396907741696
 30
0.0
 10
-17.566255018814157
 20
46.25645931179196
 30
0.0
  0
SPLINE
  5
1F0
330
17
100
AcDbEntity
  8
ENGRAVE
100
AcDbSpline
 70
0
 71
2
 72
6
 73
3
 74
0
 40
0.0
 40
0.0
 40
0.0
 40
1.0
 40
1.0
 40
1.0
 10
-17.566255018814157
 20
46.25645931179196
 30
0.0
 10
-17.573750136001657
 20
46.60894954616696
 30
0.0
 10
-17.528755018814156
 20
47.04395931179196
 30
0.0
  0
SPLINE
  5
1F1
330
17
100
AcDbEntity
  8
ENGRAVE
100
AcDbSpline
 70
0
 71
2
 72
6
 73
3
 74
0
 40
0.0
 40
0.0
 40
0.0
 40
1.0
 40
1.0
 40
1.0
 10
-17.461250136001656
 20
45.81395442897946
 30
0.0
 10
-17.498750136001657
 20
45.85894954616696
 30
0.0
 10
-17.498750136001657
 20
45.85894954616696
 30
0.0
  0
SPLINE
  5
1F2
330
17
100
AcDbEntity
  8
ENGRAVE
100
AcDbSpline
 70
0
 71
2
 72
6
 73
3
 74
0
 40
0.0
 40
0.0
 40
0.0
 40
1.0
 40
1.0
 40
1.0
 10
-17.423750136001658
 20
45.738978843041956
 30
0.0
 10
-17.423750136001658
 20
45.76895931179196
 30
0.0
 10
-17.461250136001656
 20
45.81395442897946
 30
0.0
  0
SPLINE
  5
1F3
330
17
100
AcDbEntity
  8
ENGRAVE
100
AcDbSpline
 70
0
 71
2
 72
6
 73
3
 74
0
 40
0.0
 40
0.0
 40
0.0
 40
1.0
 40
1.0
 40
1.0
 10
-17.221235487564158
 20
45.37147396022946
 30
0.0
 10
-17.378730604751656
 20
45.58897884304196
 30
0.0
 10
-17.423750136001658
 20
45.738978843041956
 30
0.0
  0
SPLINE
  5
1F4
330
17
100
AcDbEntity
  8
ENGRAVE
100
AcDbSpline
 70
0
 71
2
 72
6
 73
3
 74
0
 40
0.0
 40
0.0
 40
0.0
 40
1.0
 40
1.0
 40
1.0
 10
-17.528755018814156
 20
47.04395931179196
 30
0.0
 10
-17.483759901626655
 20
47.478969077416956
 30
0.0
 10
-17.423750136001658
 20
47.73394954616696
 30
0.0
  0
SPLINE
  5
1F5
330
17
100
AcDbEntity
  8
ENGRAVE
100
AcDbSpline
 70
0
 71
2
 72
6
 73
3
 74
0
 40
0.0
 40
0.0
 40
0.0
 40
1.0
 40
1.0
 40
1.0
 10
-17.311250136001657
 20
50.28394954616696
 30
0.0
 10
-17.378730604751656
 20
50.37393978054196
 30
0.0
 10
-17.378730604751656
 20
50.43394954616696
 30
0.0
  0
SPLINE
  5
1F6
330
17
100
AcDbEntity
  8
ENGRAVE
100
AcDbSpline
 70
0
 71
2
 72
6
 73
3
 74
0
 40
0.0
 40
0.0
 40
0.0
 40
1.0
 40
1.0
 40
1.0
 10
-17.138740370376656
 20
50.16397884304196
 30
0.0
 10
-17.243769667251655
 20
50.19395931179196
 30
0.0
 10
-17.311250136001657
 20
50.28394954616696
 30
0.0
  0
SPLINE
  5
1F7
330
17
100
AcDbEntity
  8
ENGRAVE
100
AcDbSpline
 70
0
 71
2
 72
6
 73
3
 74
0
 40
0.0
 40
0.0
 40
0.0
 40
1.0
 40
1.0
 40
1.0
 10
-17.378730604751656
 20
50.43394954616696
 30
0.0
 10
-17.378730604751656
 20
50.55396907741696
 30
0.0
 10
-17.243745253189157
 20
50.77896907741696
 30
0.0
  0
SPLINE
  5
1F8
330
17
100
AcDbEntity
  8
ENGRAVE
100
AcDbSpline
 70
0
 71
2
 72
6
 73
3
 74
0
 40
0.0
 40
0.0
 40
0.0
 40
1.0
 40
1.0
 40
1.0
 10
-16.868745253189157
 20
44.98145931179196
 30
0.0
 10
-17.063740370376657
 20
45.15396907741696
 30
0.0
 10
-17.221235487564158
 20
45.37147396022946
 30
0.0
  0
SPLINE
  5
1F9
330
17
100
AcDbEntity
  8
ENGRAVE
100
AcDbSpline
 70
0
 71
2
 72
6
 73
3
 74
0
 40
0.0
 40
0.0
 40
0.0
 40
1.0
 40
1.0
 40
1.0
 10
-17.423750136001658
 20
47.73394954616696
 30
0.0
 10
-17.348750136001655
 20
47.97393978054196
 30
0.0
 10
-17.198750136001657
 20
48.386439780541956
 30
0.0
  0
SPLINE
  5
1FA
330
17
100
AcDbEntity
  8
ENGRAVE
100
AcDbSpline
 70
0
 71
2
 72
6
 73
3
 74
0
 40
0.0
 40
0.0
 40
0.0
 40
1.0
 40
1.0
 40
1.0
 10
-17.243745253189157
 20
50.77896907741696
 30
0.0
 10
-17.108759901626655
 20
51.00396907741696
 30
0.0
 10
-17.048750136001658
 20
51.00396907741696
 30
0.0
  0
SPLINE
  5
1FB
330
17
100
AcDbEntity
  8
ENGRAVE
100
AcDbSpline
 70
0
 71
2
 72
6
 73
3
 74
0
 40
0.0
 40
0.0
 40
0.0
 40
1.0
 40
1.0
 40
1.0
 10
-17.198750136001657
 20
48.386439780541956
 30
0.0
 10
-17.048750136001658
 20
48.79893978054196
 30
0.0
 10
-16.943769667251658
 20
49.12896907741696
 30
0.0
  0
SPLINE
  5
1FC
330
17
100
AcDbEntity
  8
ENGRAVE
100
AcDbSpline
 70
0
 71
2
 72
6
 73
3
 74
0
 40
0.0
 40
0.0
 40
0.0
 40
1.0
 40
1.0
 40
1.0
 10
-16.508759901626657
 20
44.77896907741696
 30
0.0
 10
-16.673750136001658
 20
44.80894954616696
 30
0.0
 10
-16.868745253189157
 20
44.98145931179196
 30
0.0
  0
SPLINE
  5
1FD
330
17
100
AcDbEntity
  8
ENGRAVE
100
AcDbSpline
 70
0
 71
2
 72
6
 73
3
 74
0
 40
0.0
 40
0.0
 40
0.0
 40
1.0
 40
1.0
 40
1.0
 10
-17.048750136001658
 20
51.00396907741696
 30
0.0
 10
-16.973750136001655
 20
50.98897884304196
 30
0.0
 10
-16.771259901626657
 20
50.98897884304196
 30
0.0
  0
SPLINE
  5
1FE
330
17
100
AcDbEntity
  8
ENGRAVE
100
AcDbSpline
 70
0
 71
2
 72
6
 73
3
 74
0
 40
0.0
 40
0.0
 40
0.0
 40
1.0
 40
1.0
 40
1.0
 10
-15.443769667251656
 20
44.79395931179196
 30
0.0
 10
-16.118769667251655
 20
44.70396907741696
 30
0.0
 10
-16.508759901626657
 20
44.77896907741696
 30
0.0
  0
SPLINE
  5
1FF
330
17
100
AcDbEntity
  8
ENGRAVE
100
AcDbSpline
 70
0
 71
2
 72
6
 73
3
 74
0
 40
0.0
 40
0.0
 40
0.0
 40
1.0
 40
1.0
 40
1.0
 10
-16.126264784439158
 20
47.68145931179196
 30
0.0
 10
-16.268769667251657
 20
47.103969077416956
 30
0.0
 10
-16.373750136001657
 20
46.53394954616696
 30
0.0
  0
SPLINE
  5
200
330
17
100
AcDbEntity
  8
ENGRAVE
100
AcDbSpline
 70
0
 71
2
 72
6
 73
3
 74
0
 40
0.0
 40
0.0
 40
0.0
 40
1.0
 40
1.0
 40
1.0
 10
-16.771259901626657
 20
50.98897884304196
 30
0.0
 10
-16.568769667251658
 20
50.98897884304196
 30
0.0
 10
-16.373750136001657
 20
51.00396907741696
 30
0.0
  0
SPLINE
  5
201
330
17
100
AcDbEntity
  8
ENGRAVE
100
AcDbSpline
 70
0
 71
2
 72
6
 73
3
 74
0
 40
0.0
 40
0.0
 40
0.0
 40
1.0
 40
1.0
 40
1.0
 10
-16.373750136001657
 20
46.53394954616696
 30
0.0
 10
-16.418769667251656
 20
46.24893978054196
 30
0.0
 10
-16.351264784439156
 20
46.12144954616696
 30
0.0
  0
SPLINE
  5
202
330
17
100
AcDbEntity
  8
ENGRAVE
100
AcDbSpline
 70
0
 71
2
 72
6
 73
3
 74
0
 40
0.0
 40
0.0
 40
0.0
 40
1.0
 40
1.0
 40
1.0
 10
-16.373750136001657
 20
51.00396907741696
 30
0.0
 10
-16.178730604751657
 20
51.01895931179196
 30
0.0
 10
-16.133759901626657
 20
51.03394954616696
 30
0.0
  0
SPLINE
  5
203
330
17
100
AcDbEntity
  8
ENGRAVE
100
AcDbSpline
 70
0
 71
2
 72
6
 73
3
 74
0
 40
0.0
 40
0.0
 40
0.0
 40
1.0
 40
1.0
 40
1.0
 10
-15.773750136001656
 20
48.88897884304196
 30
0.0
 10
-15.983759901626657
 20
48.25894954616696
 30
0.0
 10
-16.126264784439158
 20
47.68145931179196
 30
0.0
  0
SPLINE
  5
204
330
17
100
AcDbEntity
  8
ENGRAVE
100
AcDbSpline
 70
0
 71
2
 72
6
 73
3
 74
0
 40
0.0
 40
0.0
 40
0.0
 40
1.0
 40
1.0
 40
1.0
 10
-16.133759901626657
 20
51.03394954616696
 30
0.0
 10
-16.073750136001657
 20
51.06397884304196
 30
0.0
 10
-16.013740370376656
 20
51.11646907741696
 30
0.0
  0
SPLINE
  5
205
330
17
100
AcDbEntity
  8
ENGRAVE
100
AcDbSpline
 70
0
 71
2
 72
6
 73
3
 74
0
 40
0.0
 40
0.0
 40
0.0
 40
1.0
 40
1.0
 40
1.0
 10
-16.351264784439156
 20
46.12144954616696
 30
0.0
 10
-16.283759901626656
 20
45.99395931179196
 30
0.0
 10
-15.968769667251657
 20
45.96397884304196
 30
0.0
  0
SPLINE
  5
206
330
17
100
AcDbEntity
  8
ENGRAVE
100
AcDbSpline
 70
0
 71
2
 72
6
 73
3
 74
0
 40
0.0
 40
0.0
 40
0.0
 40
1.0
 40
1.0
 40
1.0
 10
-16.013740370376656
 20
51.11646907741696
 30
0.0
 10
-15.953730604751657
 20
51.16895931179196
 30
0.0
 10
-15.923750136001656
 20
51.27393978054196
 30
0.0
  0
SPLINE
  5
207
330
17
100
AcDbEntity
  8
ENGRAVE
100
AcDbSpline
 70
0
 71
2
 72
6
 73
3
 74
0
 40
0.0
 40
0.0
 40
0.0
 40
1.0
 40
1.0
 40
1.0
 10
-15.923750136001656
 20
51.27393978054196
 30
0.0
 10
-15.848750136001657
 20
51.43897884304196
 30
0.0
 10
-15.788740370376656
 20
51.52896907741696
 30
0.0
  0
SPLINE
  5
208
330
17
100
AcDbEntity
  8
ENGRAVE
100
AcDbSpline
 70
0
 71
2
 72
6
 73
3
 74
0
 40
0.0
 40
0.0
 40
0.0
 40
1.0
 40
1.0
 40
1.0
 10
-15.473750136001657
 20
49.44395931179196
 30
0.0
 10
-15.593769667251657
 20
49.18897884304196
 30
0.0
 10
-15.773750136001656
 20
48.88897884304196
 30
0.0
  0
SPLINE
  5
209
330
17
100
AcDbEntity
  8
ENGRAVE
100
AcDbSpline
 70
0
 71
2
 72
6
 73
3
 74
0
 40
0.0
 40
0.0
 40
0.0
 40
1.0
 40
1.0
 40
1.0
 10
-15.788740370376656
 20
51.52896907741696
 30
0.0
 10
-15.728730604751657
 20
51.61895931179196
 30
0.0
 10
-15.623750136001657
 20
51.79893978054196
 30
0.0
  0
SPLINE
  5
20A
330
17
100
AcDbEntity
  8
ENGRAVE
100
AcDbSpline
 70
0
 71
2
 72
6
 73
3
 74
0
 40
0.0
 40
0.0
 40
0.0
 40
1.0
 40
1.0
 40
1.0
 10
-15.968769667251657
 20
45.96397884304196
 30
0.0
 10
-15.803730604751657
 20
45.948939780541956
 30
0.0
 10
-15.488740370376657
 20
45.97144954616696
 30
0.0
  0
SPLINE
  5
20B
330
17
100
AcDbEntity
  8
ENGRAVE
100
AcDbSpline
 70
0
 71
2
 72
6
 73
3
 74
0
 40
0.0
 40
0.0
 40
0.0
 40
1.0
 40
1.0
 40
1.0
 10
-15.293769667251656
 20
49.75894954616696
 30
0.0
 10
-15.353730604751657
 20
49.69893978054196
 30
0.0
 10
-15.473750136001657
 20
49.44395931179196
 30
0.0
  0
SPLINE
  5
20C
330
17
100
AcDbEntity
  8
ENGRAVE
100
AcDbSpline
 70
0
 71
2
 72
6
 73
3
 74
0
 40
0.0
 40
0.0
 40
0.0
 40
1.0
 40
1.0
 40
1.0
 10
-15.623750136001657
 20
51.79893978054196
 30
0.0
 10
-15.518769667251657
 20
51.99395931179196
 30
0.0
 10
-15.451264784439157
 20
52.12896907741696
 30
0.0
  0
SPLINE
  5
20D
330
17
100
AcDbEntity
  8
ENGRAVE
100
AcDbSpline
 70
0
 71
2
 72
6
 73
3
 74
0
 40
0.0
 40
0.0
 40
0.0
 40
1.0
 40
1.0
 40
1.0
 10
-14.093769667251657
 20
45.30396907741696
 30
0.0
 10
-14.768769667251657
 20
44.88394954616696
 30
0.0
 10
-15.443769667251656
 20
44.79395931179196
 30
0.0
  0
SPLINE
  5
20E
330
17
100
AcDbEntity
  8
ENGRAVE
100
AcDbSpline
 70
0
 71
2
 72
6
 73
3
 74
0
 40
0.0
 40
0.0
 40
0.0
 40
1.0
 40
1.0
 40
1.0
 10
-15.181245253189157
 20
49.94647396022946
 30
0.0
 10
-15.233759901626657
 20
49.87896907741696
 30
0.0
 10
-15.293769667251656
 20
49.75894954616696
 30
0.0
  0
SPLINE
  5
20F
330
17
100
AcDbEntity
  8
ENGRAVE
100
AcDbSpline
 70
0
 71
2
 72
6
 73
3
 74
0
 40
0.0
 40
0.0
 40
0.0
 40
1.0
 40
1.0
 40
1.0
 10
-15.451264784439157
 20
52.12896907741696
 30
0.0
 10
-15.383759901626657
 20
52.26397884304196
 30
0.0
 10
-15.233759901626657
 20
52.50396907741696
 30
0.0
  0
SPLINE
  5
210
330
17
100
AcDbEntity
  8
ENGRAVE
100
AcDbSpline
 70
0
 71
2
 72
6
 73
3
 74
0
 40
0.0
 40
0.0
 40
0.0
 40
1.0
 40
1.0
 40
1.0
 10
-15.008759901626657
 20
50.04395931179196
 30
0.0
 10
-15.128730604751656
 20
50.01397884304196
 30
0.0
 10
-15.181245253189157
 20
49.94647396022946
 30
0.0
  0
SPLINE
  5
211
330
17
100
AcDbEntity
  8
ENGRAVE
100
AcDbSpline
 70
0
 71
2
 72
6
 73
3
 74
0
 40
0.0
 40
0.0
 40
0.0
 40
1.0
 40
1.0
 40
1.0
 10
-15.233759901626657
 20
52.50396907741696
 30
0.0
 10
-15.158759901626656
 20
52.60894954616696
 30
0.0
 10
-15.068745253189157
 20
52.75894954616696
 30
0.0
  0
SPLINE
  5
212
330
17
100
AcDbEntity
  8
ENGRAVE
100
AcDbSpline
 70
0
 71
2
 72
6
 73
3
 74
0
 40
0.0
 40
0.0
 40
0.0
 40
1.0
 40
1.0
 40
1.0
 10
-14.828755018814157
 20
50.07393978054196
 30
0.0
 10
-14.888740370376656
 20
50.07393978054196
 30
0.0
 10
-15.008759901626657
 20
50.04395931179196
 30
0.0
  0
SPLINE
  5
213
330
17
100
AcDbEntity
  8
ENGRAVE
100
AcDbSpline
 70
0
 71
2
 72
6
 73
3
 74
0
 40
0.0
 40
0.0
 40
0.0
 40
1.0
 40
1.0
 40
1.0
 10
-15.488740370376657
 20
45.97144954616696
 30
0.0
 10
-15.173750136001656
 20
45.99395931179196
 30
0.0
 10
-14.963740370376655
 20
46.05396907741696
 30
0.0
  0
SPLINE
  5
214
330
17
100
AcDbEntity
  8
ENGRAVE
100
AcDbSpline
 70
0
 71
2
 72
6
 73
3
 74
0
 40
0.0
 40
0.0
 40
0.0
 40
1.0
 40
1.0
 40
1.0
 10
-15.068745253189157
 20
52.75894954616696
 30
0.0
 10
-14.978730604751657
 20
52.90894954616696
 30
0.0
 10
-14.843769667251657
 20
53.01397884304196
 30
0.0
  0
SPLINE
  5
215
330
17
100
AcDbEntity
  8
ENGRAVE
100
AcDbSpline
 70
0
 71
2
 72
6
 73
3
 74
0
 40
0.0
 40
0.0
 40
0.0
 40
1.0
 40
1.0
 40
1.0
 10
-14.573750136001657
 20
50.08897884304196
 30
0.0
 10
-14.768769667251657
 20
50.07393978054196
 30
0.0
 10
-14.828755018814157
 20
50.07393978054196
 30
0.0
  0
SPLINE
  5
216
330
17
100
AcDbEntity
  8
ENGRAVE
100
AcDbSpline
 70
0
 71
2
 72
6
 73
3
 74
0
 40
0.0
 40
0.0
 40
0.0
 40
1.0
 40
1.0
 40
1.0
 10
-14.963740370376655
 20
46.05396907741696
 30
0.0
 10
-14.798750136001656
 20
46.12896907741696
 30
0.0
 10
-14.618745253189157
 20
46.21146419460446
 30
0.0
  0
SPLINE
  5
217
330
17
100
AcDbEntity
  8
ENGRAVE
100
AcDbSpline
 70
0
 71
2
 72
6
 73
3
 74
0
 40
0.0
 40
0.0
 40
0.0
 40
1.0
 40
1.0
 40
1.0
 10
-14.198750136001657
 20
50.09647396022946
 30
0.0
 10
-14.453730604751655
 20
50.08897884304196
 30
0.0
 10
-14.573750136001657
 20
50.08897884304196
 30
0.0
  0
SPLINE
  5
218
330
17
100
AcDbEntity
  8
ENGRAVE
100
AcDbSpline
 70
0
 71
2
 72
6
 73
3
 74
0
 40
0.0
 40
0.0
 40
0.0
 40
1.0
 40
1.0
 40
1.0
 10
-14.423750136001656
 20
51.49893978054196
 30
0.0
 10
-14.663740370376656
 20
51.16895931179196
 30
0.0
 10
-14.513740370376656
 20
51.12396419460446
 30
0.0
  0
SPLINE
  5
219
330
17
100
AcDbEntity
  8
ENGRAVE
100
AcDbSpline
 70
0
 71
2
 72
6
 73
3
 74
0
 40
0.0
 40
0.0
 40
0.0
 40
1.0
 40
1.0
 40
1.0
 10
-14.131245253189157
 20
51.95645931179196
 30
0.0
 10
-14.288740370376656
 20
51.75396907741696
 30
0.0
 10
-14.423750136001656
 20
51.49893978054196
 30
0.0
  0
SPLINE
  5
21A
330
17
100
AcDbEntity
  8
ENGRAVE
100
AcDbSpline
 70
0
 71
2
 72
6
 73
3
 74
0
 40
0.0
 40
0.0
 40
0.0
 40
1.0
 40
1.0
 40
1.0
 10
-14.843769667251657
 20
53.01397884304196
 30
0.0
 10
-14.708759901626657
 20
53.13394954616696
 30
0.0
 10
-14.401264784439157
 20
53.186464194604454
 30
0.0
  0
SPLINE
  5
21B
330
17
100
AcDbEntity
  8
ENGRAVE
100
AcDbSpline
 70
0
 71
2
 72
6
 73
3
 74
0
 40
0.0
 40
0.0
 40
0.0
 40
1.0
 40
1.0
 40
1.0
 10
-14.618745253189157
 20
46.21146419460446
 30
0.0
 10
-14.438740370376657
 20
46.29395931179196
 30
0.0
 10
-14.288740370376656
 20
46.38394954616696
 30
0.0
  0
SPLINE
  5
21C
330
17
100
AcDbEntity
  8
ENGRAVE
100
AcDbSpline
 70
0
 71
2
 72
6
 73
3
 74
0
 40
0.0
 40
0.0
 40
0.0
 40
1.0
 40
1.0
 40
1.0
 10
-13.583759901626657
 20
50.16397884304196
 30
0.0
 10
-13.943769667251656
 20
50.10396907741696
 30
0.0
 10
-14.198750136001657
 20
50.09647396022946
 30
0.0
  0
SPLINE
  5
21D
330
17
100
AcDbEntity
  8
ENGRAVE
100
AcDbSpline
 70
0
 71
2
 72
6
 73
3
 74
0
 40
0.0
 40
0.0
 40
0.0
 40
1.0
 40
1.0
 40
1.0
 10
-13.853730604751657
 20
52.41397884304196
 30
0.0
 10
-13.973750136001655
 20
52.15894954616696
 30
0.0
 10
-14.131245253189157
 20
51.95645931179196
 30
0.0
  0
SPLINE
  5
21E
330
17
100
AcDbEntity
  8
ENGRAVE
100
AcDbSpline
 70
0
 71
2
 72
6
 73
3
 74
0
 40
0.0
 40
0.0
 40
0.0
 40
1.0
 40
1.0
 40
1.0
 10
-13.538740370376656
 20
45.82144954616696
 30
0.0
 10
-13.613740370376657
 20
45.573939780541956
 30
0.0
 10
-14.093769667251657
 20
45.30396907741696
 30
0.0
  0
SPLINE
  5
21F
330
17
100
AcDbEntity
  8
ENGRAVE
100
AcDbSpline
 70
0
 71
2
 72
6
 73
3
 74
0
 40
0.0
 40
0.0
 40
0.0
 40
1.0
 40
1.0
 40
1.0
 10
-14.288740370376656
 20
46.38394954616696
 30
0.0
 10
-14.153730604751656
 20
46.458949546166956
 30
0.0
 10
-14.018745253189156
 20
46.54144466335446
 30
0.0
  0
SPLINE
  5
220
330
17
100
AcDbEntity
  8
ENGRAVE
100
AcDbSpline
 70
0
 71
2
 72
6
 73
3
 74
0
 40
0.0
 40
0.0
 40
0.0
 40
1.0
 40
1.0
 40
1.0
 10
-14.018745253189156
 20
46.54144466335446
 30
0.0
 10
-13.883759901626657
 20
46.62393978054196
 30
0.0
 10
-13.883759901626657
 20
46.62393978054196
 30
0.0
  0
SPLINE
  5
221
330
17
100
AcDbEntity
  8
ENGRAVE
100
AcDbSpline
 70
0
 71
2
 72
6
 73
3
 74
0
 40
0.0
 40
0.0
 40
0.0
 40
1.0
 40
1.0
 40
1.0
 10
-14.401264784439157
 20
53.186464194604454
 30
0.0
 10
-14.093769667251657
 20
53.23897884304196
 30
0.0
 10
-13.868769667251655
 20
53.04395931179196
 30
0.0
  0
SPLINE
  5
222
330
17
100
AcDbEntity
  8
ENGRAVE
100
AcDbSpline
 70
0
 71
2
 72
6
 73
3
 74
0
 40
0.0
 40
0.0
 40
0.0
 40
1.0
 40
1.0
 40
1.0
 10
-13.733759901626657
 20
52.75894954616696
 30
0.0
 10
-13.718769667251657
 20
52.62393978054196
 30
0.0
 10
-13.853730604751657
 20
52.41397884304196
 30
0.0
  0
SPLINE
  5
223
330
17
100
AcDbEntity
  8
ENGRAVE
100
AcDbSpline
 70
0
 71
2
 72
6
 73
3
 74
0
 40
0.0
 40
0.0
 40
0.0
 40
1.0
 40
1.0
 40
1.0
 10
-13.868769667251655
 20
53.04395931179196
 30
0.0
 10
-13.748750136001657
 20
52.89395931179196
 30
0.0
 10
-13.733759901626657
 20
52.75894954616696
 30
0.0
  0
SPLINE
  5
224
330
17
100
AcDbEntity
  8
ENGRAVE
100
AcDbSpline
 70
0
 71
2
 72
6
 73
3
 74
0
 40
0.0
 40
0.0
 40
0.0
 40
1.0
 40
1.0
 40
1.0
 10
-14.513740370376656
 20
51.12396419460446
 30
0.0
 10
-14.363740370376657
 20
51.07896907741696
 30
0.0
 10
-13.673750136001656
 20
51.18394954616696
 30
0.0
  0
SPLINE
  5
225
330
17
100
AcDbEntity
  8
ENGRAVE
100
AcDbSpline
 70
0
 71
2
 72
6
 73
3
 74
0
 40
0.0
 40
0.0
 40
0.0
 40
1.0
 40
1.0
 40
1.0
 10
-13.883759901626657
 20
46.62393978054196
 30
0.0
 10
-13.808759901626656
 20
46.74395931179196
 30
0.0
 10
-13.666255018814155
 20
46.58646419460446
 30
0.0
  0
SPLINE
  5
226
330
17
100
AcDbEntity
  8
ENGRAVE
100
AcDbSpline
 70
0
 71
2
 72
6
 73
3
 74
0
 40
0.0
 40
0.0
 40
0.0
 40
1.0
 40
1.0
 40
1.0
 10
-12.893745253189156
 20
50.23897884304196
 30
0.0
 10
-13.013740370376656
 20
50.16397884304196
 30
0.0
 10
-13.583759901626657
 20
50.16397884304196
 30
0.0
  0
SPLINE
  5
227
330
17
100
AcDbEntity
  8
ENGRAVE
100
AcDbSpline
 70
0
 71
2
 72
6
 73
3
 74
0
 40
0.0
 40
0.0
 40
0.0
 40
1.0
 40
1.0
 40
1.0
 10
-13.463740370376655
 20
46.24893978054196
 30
0.0
 10
-13.463740370376655
 20
46.06895931179196
 30
0.0
 10
-13.538740370376656
 20
45.82144954616696
 30
0.0
  0
SPLINE
  5
228
330
17
100
AcDbEntity
  8
ENGRAVE
100
AcDbSpline
 70
0
 71
2
 72
6
 73
3
 74
0
 40
0.0
 40
0.0
 40
0.0
 40
1.0
 40
1.0
 40
1.0
 10
-13.666255018814155
 20
46.58646419460446
 30
0.0
 10
-13.523750136001656
 20
46.42896907741696
 30
0.0
 10
-13.463740370376655
 20
46.24893978054196
 30
0.0
  0
SPLINE
  5
229
330
17
100
AcDbEntity
  8
ENGRAVE
100
AcDbSpline
 70
0
 71
2
 72
6
 73
3
 74
0
 40
0.0
 40
0.0
 40
0.0
 40
1.0
 40
1.0
 40
1.0
 10
-13.673750136001656
 20
51.18394954616696
 30
0.0
 10
-13.238740370376657
 20
51.25894954616696
 30
0.0
 10
-13.043745253189156
 20
51.09395931179196
 30
0.0
  0
SPLINE
  5
22A
330
17
100
AcDbEntity
  8
ENGRAVE
100
AcDbSpline
 70
0
 71
2
 72
6
 73
3
 74
0
 40
0.0
 40
0.0
 40
0.0
 40
1.0
 40
1.0
 40
1.0
 10
-12.818769667251656
 20
50.67393978054196
 30
0.0
 10
-12.773750136001656
 20
50.31397884304196
 30
0.0
 10
-12.893745253189156
 20
50.23897884304196
 30
0.0
  0
SPLINE
  5
22B
330
17
100
AcDbEntity
  8
ENGRAVE
100
AcDbSpline
 70
0
 71
2
 72
6
 73
3
 74
0
 40
0.0
 40
0.0
 40
0.0
 40
1.0
 40
1.0
 40
1.0
 10
-13.043745253189156
 20
51.09395931179196
 30
0.0
 10
-12.848750136001655
 20
50.92896907741696
 30
0.0
 10
-12.818769667251656
 20
50.67393978054196
 30
0.0
  0
SPLINE
  5
22C
330
17
100
AcDbEntity
  8
ENGRAVE
100
AcDbSpline
 70
0
 71
2
 72
6
 73
3
 74
0
 40
0.0
 40
0.0
 40
0.0
 40
1.0
 40
1.0
 40
1.0
 10
-8.731269667251656
 20
45.29644954616696
 30
0.0
 10
-9.008759901626657
 20
45.63394954616696
 30
0.0
 10
-9.008759901626657
 20
46.113978843041956
 30
0.0
  0
SPLINE
  5
22D
330
17
100
AcDbEntity
  8
ENGRAVE
100
AcDbSpline
 70
0
 71
2
 72
6
 73
3
 74
0
 40
0.0
 40
0.0
 40
0.0
 40
1.0
 40
1.0
 40
1.0
 10
-9.008759901626657
 20
46.113978843041956
 30
0.0
 10
-9.053779432876656
 20
46.56397884304196
 30
0.0
 10
-8.926289198501657
 20
47.18646419460446
 30
0.0
  0
SPLINE
  5
22E
330
17
100
AcDbEntity
  8
ENGRAVE
100
AcDbSpline
 70
0
 71
2
 72
6
 73
3
 74
0
 40
0.0
 40
0.0
 40
0.0
 40
1.0
 40
1.0
 40
1.0
 10
-8.026289198501656
 20
44.80894954616696
 30
0.0
 10
-8.453779432876656
 20
44.958949546166956
 30
0.0
 10
-8.731269667251656
 20
45.29644954616696
 30
0.0
  0
SPLINE
  5
22F
330
17
100
AcDbEntity
  8
ENGRAVE
100
AcDbSpline
 70
0
 71
2
 72
6
 73
3
 74
0
 40
0.0
 40
0.0
 40
0.0
 40
1.0
 40
1.0
 40
1.0
 10
-8.926289198501657
 20
47.18646419460446
 30
0.0
 10
-8.798798964126657
 20
47.80894954616696
 30
0.0
 10
-8.536298964126656
 20
48.43895442897946
 30
0.0
  0
SPLINE
  5
230
330
17
100
AcDbEntity
  8
ENGRAVE
100
AcDbSpline
 70
0
 71
2
 72
6
 73
3
 74
0
 40
0.0
 40
0.0
 40
0.0
 40
1.0
 40
1.0
 40
1.0
 10
-7.163789198501656
 20
44.73394954616696
 30
0.0
 10
-7.598798964126656
 20
44.65894954616696
 30
0.0
 10
-8.026289198501656
 20
44.80894954616696
 30
0.0
  0
SPLINE
  5
231
330
17
100
AcDbEntity
  8
ENGRAVE
100
AcDbSpline
 70
0
 71
2
 72
6
 73
3
 74
0
 40
0.0
 40
0.0
 40
0.0
 40
1.0
 40
1.0
 40
1.0
 10
-8.536298964126656
 20
48.43895442897946
 30
0.0
 10
-8.273798964126657
 20
49.06895931179196
 30
0.0
 10
-7.928779432876656
 20
49.50396907741696
 30
0.0
  0
SPLINE
  5
232
330
17
100
AcDbEntity
  8
ENGRAVE
100
AcDbSpline
 70
0
 71
2
 72
6
 73
3
 74
0
 40
0.0
 40
0.0
 40
0.0
 40
1.0
 40
1.0
 40
1.0
 10
-7.673798964126656
 20
46.81895931179196
 30
0.0
 10
-7.763789198501657
 20
46.47393978054196
 30
0.0
 10
-7.696284315689157
 20
46.27894466335446
 30
0.0
  0
SPLINE
  5
233
330
17
100
AcDbEntity
  8
ENGRAVE
100
AcDbSpline
 70
0
 71
2
 72
6
 73
3
 74
0
 40
0.0
 40
0.0
 40
0.0
 40
1.0
 40
1.0
 40
1.0
 10
-7.261298964126656
 20
48.19896419460446
 30
0.0
 10
-7.448798964126656
 20
47.70396907741696
 30
0.0
 10
-7.673798964126656
 20
46.81895931179196
 30
0.0
  0
SPLINE
  5
234
330
17
100
AcDbEntity
  8
ENGRAVE
100
AcDbSpline
 70
0
 71
2
 72
6
 73
3
 74
0
 40
0.0
 40
0.0
 40
0.0
 40
1.0
 40
1.0
 40
1.0
 10
-7.696284315689157
 20
46.27894466335446
 30
0.0
 10
-7.628779432876657
 20
46.083949546166956
 30
0.0
 10
-7.583759901626657
 20
46.06895931179196
 30
0.0
  0
SPLINE
  5
235
330
17
100
AcDbEntity
  8
ENGRAVE
100
AcDbSpline
 70
0
 71
2
 72
6
 73
3
 74
0
 40
0.0
 40
0.0
 40
0.0
 40
1.0
 40
1.0
 40
1.0
 10
-7.928779432876656
 20
49.50396907741696
 30
0.0
 10
-7.628779432876657
 20
49.86397884304196
 30
0.0
 10
-7.328779432876656
 20
50.16397884304196
 30
0.0
  0
SPLINE
  5
236
330
17
100
AcDbEntity
  8
ENGRAVE
100
AcDbSpline
 70
0
 71
2
 72
6
 73
3
 74
0
 40
0.0
 40
0.0
 40
0.0
 40
1.0
 40
1.0
 40
1.0
 10
-6.833784315689156
 20
48.97144954616696
 30
0.0
 10
-7.073798964126656
 20
48.69395931179196
 30
0.0
 10
-7.261298964126656
 20
48.19896419460446
 30
0.0
  0
SPLINE
  5
237
330
17
100
AcDbEntity
  8
ENGRAVE
100
AcDbSpline
 70
0
 71
2
 72
6
 73
3
 74
0
 40
0.0
 40
0.0
 40
0.0
 40
1.0
 40
1.0
 40
1.0
 10
-6.676289198501657
 20
44.89896419460446
 30
0.0
 10
-6.953779432876656
 20
44.77896907741696
 30
0.0
 10
-7.163789198501656
 20
44.73394954616696
 30
0.0
  0
SPLINE
  5
238
330
17
100
AcDbEntity
  8
ENGRAVE
100
AcDbSpline
 70
0
 71
2
 72
6
 73
3
 74
0
 40
0.0
 40
0.0
 40
0.0
 40
1.0
 40
1.0
 40
1.0
 10
-7.583759901626657
 20
46.06895931179196
 30
0.0
 10
-7.373798964126657
 20
46.00894954616696
 30
0.0
 10
-7.126289198501657
 20
46.04644954616696
 30
0.0
  0
SPLINE
  5
239
330
17
100
AcDbEntity
  8
ENGRAVE
100
AcDbSpline
 70
0
 71
2
 72
6
 73
3
 74
0
 40
0.0
 40
0.0
 40
0.0
 40
1.0
 40
1.0
 40
1.0
 10
-6.218769667251657
 20
49.458949546166956
 30
0.0
 10
-6.593769667251657
 20
49.24893978054196
 30
0.0
 10
-6.833784315689156
 20
48.97144954616696
 30
0.0
  0
SPLINE
  5
23A
330
17
100
AcDbEntity
  8
ENGRAVE
100
AcDbSpline
 70
0
 71
2
 72
6
 73
3
 74
0
 40
0.0
 40
0.0
 40
0.0
 40
1.0
 40
1.0
 40
1.0
 10
-7.328779432876656
 20
50.16397884304196
 30
0.0
 10
-7.028779432876656
 20
50.46397884304196
 30
0.0
 10
-6.788789198501656
 20
50.56895931179196
 30
0.0
  0
SPLINE
  5
23B
330
17
100
AcDbEntity
  8
ENGRAVE
100
AcDbSpline
 70
0
 71
2
 72
6
 73
3
 74
0
 40
0.0
 40
0.0
 40
0.0
 40
1.0
 40
1.0
 40
1.0
 10
-7.126289198501657
 20
46.04644954616696
 30
0.0
 10
-6.878779432876657
 20
46.083949546166956
 30
0.0
 10
-6.713789198501656
 20
46.17393978054196
 30
0.0
  0
SPLINE
  5
23C
330
17
100
AcDbEntity
  8
ENGRAVE
100
AcDbSpline
 70
0
 71
2
 72
6
 73
3
 74
0
 40
0.0
 40
0.0
 40
0.0
 40
1.0
 40
1.0
 40
1.0
 10
-6.181294081314157
 20
45.13895442897946
 30
0.0
 10
-6.398798964126656
 20
45.01895931179196
 30
0.0
 10
-6.676289198501657
 20
44.89896419460446
 30
0.0
  0
SPLINE
  5
23D
330
17
100
AcDbEntity
  8
ENGRAVE
100
AcDbSpline
 70
0
 71
2
 72
6
 73
3
 74
0
 40
0.0
 40
0.0
 40
0.0
 40
1.0
 40
1.0
 40
1.0
 10
-6.713789198501656
 20
46.17393978054196
 30
0.0
 10
-6.473798964126656
 20
46.29395931179196
 30
0.0
 10
-6.286298964126656
 20
46.43646419460446
 30
0.0
  0
SPLINE
  5
23E
330
17
100
AcDbEntity
  8
ENGRAVE
100
AcDbSpline
 70
0
 71
2
 72
6
 73
3
 74
0
 40
0.0
 40
0.0
 40
0.0
 40
1.0
 40
1.0
 40
1.0
 10
-6.788789198501656
 20
50.56895931179196
 30
0.0
 10
-6.578779432876656
 20
50.65894954616696
 30
0.0
 10
-6.271284315689156
 20
50.71146419460446
 30
0.0
  0
SPLINE
  5
23F
330
17
100
AcDbEntity
  8
ENGRAVE
100
AcDbSpline
 70
0
 71
2
 72
6
 73
3
 74
0
 40
0.0
 40
0.0
 40
0.0
 40
1.0
 40
1.0
 40
1.0
 10
-5.843769667251657
 20
49.43646419460446
 30
0.0
 10
-5.918769667251657
 20
49.57896907741696
 30
0.0
 10
-6.218769667251657
 20
49.458949546166956
 30
0.0
  0
SPLINE
  5
240
330
17
100
AcDbEntity
  8
ENGRAVE
100
AcDbSpline
 70
0
 71
2
 72
6
 73
3
 74
0
 40
0.0
 40
0.0
 40
0.0
 40
1.0
 40
1.0
 40
1.0
 10
-5.963789198501656
 20
45.28897884304196
 30
0.0
 10
-5.963789198501656
 20
45.25894954616696
 30
0.0
 10
-6.181294081314157
 20
45.13895442897946
 30
0.0
  0
SPLINE
  5
241
330
17
100
AcDbEntity
  8
ENGRAVE
100
AcDbSpline
 70
0
 71
2
 72
6
 73
3
 74
0
 40
0.0
 40
0.0
 40
0.0
 40
1.0
 40
1.0
 40
1.0
 10
-5.768769667251656
 20
48.093959311791956
 30
0.0
 10
-5.933759901626656
 20
48.15396907741696
 30
0.0
 10
-5.978779432876657
 20
48.27393978054196
 30
0.0
  0
SPLINE
  5
242
330
17
100
AcDbEntity
  8
ENGRAVE
100
AcDbSpline
 70
0
 71
2
 72
6
 73
3
 74
0
 40
0.0
 40
0.0
 40
0.0
 40
1.0
 40
1.0
 40
1.0
 10
-5.813789198501657
 20
45.37896907741696
 30
0.0
 10
-5.963789198501656
 20
45.37896907741696
 30
0.0
 10
-5.963789198501656
 20
45.28897884304196
 30
0.0
  0
SPLINE
  5
243
330
17
100
AcDbEntity
  8
ENGRAVE
100
AcDbSpline
 70
0
 71
2
 72
6
 73
3
 74
0
 40
0.0
 40
0.0
 40
0.0
 40
1.0
 40
1.0
 40
1.0
 10
-6.286298964126656
 20
46.43646419460446
 30
0.0
 10
-6.098798964126656
 20
46.57896907741696
 30
0.0
 10
-5.873798964126657
 20
46.74395931179196
 30
0.0
  0
SPLINE
  5
244
330
17
100
AcDbEntity
  8
ENGRAVE
100
AcDbSpline
 70
0
 71
2
 72
6
 73
3
 74
0
 40
0.0
 40
0.0
 40
0.0
 40
1.0
 40
1.0
 40
1.0
 10
-5.978779432876657
 20
48.27393978054196
 30
0.0
 10
-5.978779432876657
 20
48.34893978054196
 30
0.0
 10
-5.858759901626656
 20
48.87393978054196
 30
0.0
  0
SPLINE
  5
245
330
17
100
AcDbEntity
  8
ENGRAVE
100
AcDbSpline
 70
0
 71
2
 72
6
 73
3
 74
0
 40
0.0
 40
0.0
 40
0.0
 40
1.0
 40
1.0
 40
1.0
 10
-5.858759901626656
 20
48.87393978054196
 30
0.0
 10
-5.768769667251656
 20
49.29395931179196
 30
0.0
 10
-5.843769667251657
 20
49.43646419460446
 30
0.0
  0
SPLINE
  5
246
330
17
100
AcDbEntity
  8
ENGRAVE
100
AcDbSpline
 70
0
 71
2
 72
6
 73
3
 74
0
 40
0.0
 40
0.0
 40
0.0
 40
1.0
 40
1.0
 40
1.0
 10
-6.271284315689156
 20
50.71146419460446
 30
0.0
 10
-5.963789198501656
 20
50.76397884304196
 30
0.0
 10
-5.843769667251657
 20
50.76397884304196
 30
0.0
  0
SPLINE
  5
247
330
17
100
AcDbEntity
  8
ENGRAVE
100
AcDbSpline
 70
0
 71
2
 72
6
 73
3
 74
0
 40
0.0
 40
0.0
 40
0.0
 40
1.0
 40
1.0
 40
1.0
 10
-5.506294081314156
 20
45.55145442897946
 30
0.0
 10
-5.723798964126656
 20
45.37896907741696
 30
0.0
 10
-5.813789198501657
 20
45.37896907741696
 30
0.0
  0
SPLINE
  5
248
330
17
100
AcDbEntity
  8
ENGRAVE
100
AcDbSpline
 70
0
 71
2
 72
6
 73
3
 74
0
 40
0.0
 40
0.0
 40
0.0
 40
1.0
 40
1.0
 40
1.0
 10
-5.446284315689157
 20
48.03394954616696
 30
0.0
 10
-5.603779432876657
 20
48.03394954616696
 30
0.0
 10
-5.768769667251656
 20
48.093959311791956
 30
0.0
  0
SPLINE
  5
249
330
17
100
AcDbEntity
  8
ENGRAVE
100
AcDbSpline
 70
0
 71
2
 72
6
 73
3
 74
0
 40
0.0
 40
0.0
 40
0.0
 40
1.0
 40
1.0
 40
1.0
 10
-5.873798964126657
 20
46.74395931179196
 30
0.0
 10
-5.798798964126656
 20
46.78897884304196
 30
0.0
 10
-5.738789198501657
 20
46.916469077416956
 30
0.0
  0
SPLINE
  5
24A
330
17
100
AcDbEntity
  8
ENGRAVE
100
AcDbSpline
 70
0
 71
2
 72
6
 73
3
 74
0
 40
0.0
 40
0.0
 40
0.0
 40
1.0
 40
1.0
 40
1.0
 10
-5.738789198501657
 20
46.916469077416956
 30
0.0
 10
-5.678779432876656
 20
47.04395931179196
 30
0.0
 10
-5.558759901626656
 20
47.103969077416956
 30
0.0
  0
SPLINE
  5
24B
330
17
100
AcDbEntity
  8
ENGRAVE
100
AcDbSpline
 70
0
 71
2
 72
6
 73
3
 74
0
 40
0.0
 40
0.0
 40
0.0
 40
1.0
 40
1.0
 40
1.0
 10
-5.048774550064156
 20
45.963954428979456
 30
0.0
 10
-5.288789198501656
 20
45.72393978054196
 30
0.0
 10
-5.506294081314156
 20
45.55145442897946
 30
0.0
  0
SPLINE
  5
24C
330
17
100
AcDbEntity
  8
ENGRAVE
100
AcDbSpline
 70
0
 71
2
 72
6
 73
3
 74
0
 40
0.0
 40
0.0
 40
0.0
 40
1.0
 40
1.0
 40
1.0
 10
-5.288789198501656
 20
48.10894954616696
 30
0.0
 10
-5.288789198501656
 20
48.03394954616696
 30
0.0
 10
-5.446284315689157
 20
48.03394954616696
 30
0.0
  0
SPLINE
  5
24D
330
17
100
AcDbEntity
  8
ENGRAVE
100
AcDbSpline
 70
0
 71
2
 72
6
 73
3
 74
0
 40
0.0
 40
0.0
 40
0.0
 40
1.0
 40
1.0
 40
1.0
 10
-5.843769667251657
 20
50.76397884304196
 30
0.0
 10
-5.603779432876657
 20
50.70396907741696
 30
0.0
 10
-5.311274550064157
 20
50.56895931179196
 30
0.0
  0
SPLINE
  5
24E
330
17
100
AcDbEntity
  8
ENGRAVE
100
AcDbSpline
 70
0
 71
2
 72
6
 73
3
 74
0
 40
0.0
 40
0.0
 40
0.0
 40
1.0
 40
1.0
 40
1.0
 10
-5.236274550064156
 20
48.19144466335446
 30
0.0
 10
-5.288789198501656
 20
48.18394954616696
 30
0.0
 10
-5.288789198501656
 20
48.10894954616696
 30
0.0
  0
SPLINE
  5
24F
330
17
100
AcDbEntity
  8
ENGRAVE
100
AcDbSpline
 70
0
 71
2
 72
6
 73
3
 74
0
 40
0.0
 40
0.0
 40
0.0
 40
1.0
 40
1.0
 40
1.0
 10
-5.558759901626656
 20
47.103969077416956
 30
0.0
 10
-5.438789198501656
 20
47.28394954616696
 30
0.0
 10
-5.251289198501656
 20
47.29144466335446
 30
0.0
  0
SPLINE
  5
250
330
17
100
AcDbEntity
  8
ENGRAVE
100
AcDbSpline
 70
0
 71
2
 72
6
 73
3
 74
0
 40
0.0
 40
0.0
 40
0.0
 40
1.0
 40
1.0
 40
1.0
 10
-5.123798964126657
 20
48.198939780541956
 30
0.0
 10
-5.183759901626656
 20
48.198939780541956
 30
0.0
 10
-5.236274550064156
 20
48.19144466335446
 30
0.0
  0
SPLINE
  5
251
330
17
100
AcDbEntity
  8
ENGRAVE
100
AcDbSpline
 70
0
 71
2
 72
6
 73
3
 74
0
 40
0.0
 40
0.0
 40
0.0
 40
1.0
 40
1.0
 40
1.0
 10
-4.8312696672516555
 20
48.468959311791956
 30
0.0
 10
-5.003779432876656
 20
48.198939780541956
 30
0.0
 10
-5.123798964126657
 20
48.198939780541956
 30
0.0
  0
SPLINE
  5
252
330
17
100
AcDbEntity
  8
ENGRAVE
100
AcDbSpline
 70
0
 71
2
 72
6
 73
3
 74
0
 40
0.0
 40
0.0
 40
0.0
 40
1.0
 40
1.0
 40
1.0
 10
-4.651264784439157
 20
46.41395442897946
 30
0.0
 10
-4.808759901626656
 20
46.20396907741696
 30
0.0
 10
-5.048774550064156
 20
45.963954428979456
 30
0.0
  0
SPLINE
  5
253
330
17
100
AcDbEntity
  8
ENGRAVE
100
AcDbSpline
 70
0
 71
2
 72
6
 73
3
 74
0
 40
0.0
 40
0.0
 40
0.0
 40
1.0
 40
1.0
 40
1.0
 10
-5.311274550064157
 20
50.56895931179196
 30
0.0
 10
-5.018769667251656
 20
50.43394954616696
 30
0.0
 10
-5.018769667251656
 20
50.25396907741696
 30
0.0
  0
SPLINE
  5
254
330
17
100
AcDbEntity
  8
ENGRAVE
100
AcDbSpline
 70
0
 71
2
 72
6
 73
3
 74
0
 40
0.0
 40
0.0
 40
0.0
 40
1.0
 40
1.0
 40
1.0
 10
-5.251289198501656
 20
47.29144466335446
 30
0.0
 10
-5.063789198501656
 20
47.29893978054196
 30
0.0
 10
-4.883759901626656
 20
47.29893978054196
 30
0.0
  0
SPLINE
  5
255
330
17
100
AcDbEntity
  8
ENGRAVE
100
AcDbSpline
 70
0
 71
2
 72
6
 73
3
 74
0
 40
0.0
 40
0.0
 40
0.0
 40
1.0
 40
1.0
 40
1.0
 10
-4.598798964126656
 20
49.02393978054196
 30
0.0
 10
-4.658759901626656
 20
48.738978843041956
 30
0.0
 10
-4.8312696672516555
 20
48.468959311791956
 30
0.0
  0
SPLINE
  5
256
330
17
100
AcDbEntity
  8
ENGRAVE
100
AcDbSpline
 70
0
 71
2
 72
6
 73
3
 74
0
 40
0.0
 40
0.0
 40
0.0
 40
1.0
 40
1.0
 40
1.0
 10
-4.943769667251656
 20
50.17896907741696
 30
0.0
 10
-4.853779432876657
 20
50.17896907741696
 30
0.0
 10
-4.741279432876656
 20
49.96146419460446
 30
0.0
  0
SPLINE
  5
257
330
17
100
AcDbEntity
  8
ENGRAVE
100
AcDbSpline
 70
0
 71
2
 72
6
 73
3
 74
0
 40
0.0
 40
0.0
 40
0.0
 40
1.0
 40
1.0
 40
1.0
 10
-4.523798964126656
 20
46.68394954616696
 30
0.0
 10
-4.493769667251656
 20
46.62393978054196
 30
0.0
 10
-4.651264784439157
 20
46.41395442897946
 30
0.0
  0
SPLINE
  5
258
330
17
100
AcDbEntity
  8
ENGRAVE
100
AcDbSpline
 70
0
 71
2
 72
6
 73
3
 74
0
 40
0.0
 40
0.0
 40
0.0
 40
1.0
 40
1.0
 40
1.0
 10
-4.883759901626656
 20
47.29893978054196
 30
0.0
 10
-4.763789198501656
 20
47.26895931179196
 30
0.0
 10
-4.628779432876656
 20
47.14896419460446
 30
0.0
  0
SPLINE
  5
259
330
17
100
AcDbEntity
  8
ENGRAVE
100
AcDbSpline
 70
0
 71
2
 72
6
 73
3
 74
0
 40
0.0
 40
0.0
 40
0.0
 40
1.0
 40
1.0
 40
1.0
 10
-4.568769667251656
 20
49.46646907741696
 30
0.0
 10
-4.508759901626656
 20
49.18897884304196
 30
0.0
 10
-4.598798964126656
 20
49.02393978054196
 30
0.0
  0
SPLINE
  5
25A
330
17
100
AcDbEntity
  8
ENGRAVE
100
AcDbSpline
 70
0
 71
2
 72
6
 73
3
 74
0
 40
0.0
 40
0.0
 40
0.0
 40
1.0
 40
1.0
 40
1.0
 10
-4.741279432876656
 20
49.96146419460446
 30
0.0
 10
-4.628779432876656
 20
49.74395931179196
 30
0.0
 10
-4.568769667251656
 20
49.46646907741696
 30
0.0
  0
SPLINE
  5
25B
330
17
100
AcDbEntity
  8
ENGRAVE
100
AcDbSpline
 70
0
 71
2
 72
6
 73
3
 74
0
 40
0.0
 40
0.0
 40
0.0
 40
1.0
 40
1.0
 40
1.0
 10
-4.516279432876656
 20
46.72144954616696
 30
0.0
 10
-4.523798964126656
 20
46.68394954616696
 30
0.0
 10
-4.523798964126656
 20
46.68394954616696
 30
0.0
  0
SPLINE
  5
25C
330
17
100
AcDbEntity
  8
ENGRAVE
100
AcDbSpline
 70
0
 71
2
 72
6
 73
3
 74
0
 40
0.0
 40
0.0
 40
0.0
 40
1.0
 40
1.0
 40
1.0
 10
-4.448798964126656
 20
46.75894954616696
 30
0.0
 10
-4.508759901626656
 20
46.75894954616696
 30
0.0
 10
-4.516279432876656
 20
46.72144954616696
 30
0.0
  0
SPLINE
  5
25D
330
17
100
AcDbEntity
  8
ENGRAVE
100
AcDbSpline
 70
0
 71
2
 72
6
 73
3
 74
0
 40
0.0
 40
0.0
 40
0.0
 40
1.0
 40
1.0
 40
1.0
 10
-4.426264784439156
 20
46.916469077416956
 30
0.0
 10
-4.358759901626656
 20
46.80396907741696
 30
0.0
 10
-4.448798964126656
 20
46.75894954616696
 30
0.0
  0
SPLINE
  5
25E
330
17
100
AcDbEntity
  8
ENGRAVE
100
AcDbSpline
 70
0
 71
2
 72
6
 73
3
 74
0
 40
0.0
 40
0.0
 40
0.0
 40
1.0
 40
1.0
 40
1.0
 10
-4.628779432876656
 20
47.14896419460446
 30
0.0
 10
-4.493769667251656
 20
47.02896907741696
 30
0.0
 10
-4.426264784439156
 20
46.916469077416956
 30
0.0
  0
SPLINE
  5
25F
330
17
100
AcDbEntity
  8
ENGRAVE
100
AcDbSpline
 70
0
 71
2
 72
6
 73
3
 74
0
 40
0.0
 40
0.0
 40
0.0
 40
1.0
 40
1.0
 40
1.0
 10
-3.638789198501657
 20
46.77393978054196
 30
0.0
 10
-3.713789198501657
 20
46.84893978054196
 30
0.0
 10
-3.683784315689157
 20
46.87144954616696
 30
0.0
  0
SPLINE
  5
260
330
17
100
AcDbEntity
  8
ENGRAVE
100
AcDbSpline
 70
0
 71
2
 72
6
 73
3
 74
0
 40
0.0
 40
0.0
 40
0.0
 40
1.0
 40
1.0
 40
1.0
 10
-3.541279432876657
 20
45.828944663354456
 30
0.0
 10
-3.713789198501657
 20
46.17393978054196
 30
0.0
 10
-3.668769667251657
 20
46.42896907741696
 30
0.0
  0
SPLINE
  5
261
330
17
100
AcDbEntity
  8
ENGRAVE
100
AcDbSpline
 70
0
 71
2
 72
6
 73
3
 74
0
 40
0.0
 40
0.0
 40
0.0
 40
1.0
 40
1.0
 40
1.0
 10
-3.631269667251657
 20
46.66143978054196
 30
0.0
 10
-3.638789198501657
 20
46.77393978054196
 30
0.0
 10
-3.638789198501657
 20
46.77393978054196
 30
0.0
  0
SPLINE
  5
262
330
17
100
AcDbEntity
  8
ENGRAVE
100
AcDbSpline
 70
0
 71
2
 72
6
 73
3
 74
0
 40
0.0
 40
0.0
 40
0.0
 40
1.0
 40
1.0
 40
1.0
 10
-3.668769667251657
 20
46.42896907741696
 30
0.0
 10
-3.6237501360016573
 20
46.54893978054196
 30
0.0
 10
-3.631269667251657
 20
46.66143978054196
 30
0.0
  0
SPLINE
  5
263
330
17
100
AcDbEntity
  8
ENGRAVE
100
AcDbSpline
 70
0
 71
2
 72
6
 73
3
 74
0
 40
0.0
 40
0.0
 40
0.0
 40
1.0
 40
1.0
 40
1.0
 10
-3.683784315689157
 20
46.87144954616696
 30
0.0
 10
-3.6537794328766573
 20
46.89395931179196
 30
0.0
 10
-3.6237501360016573
 20
46.95396907741696
 30
0.0
  0
SPLINE
  5
264
330
17
100
AcDbEntity
  8
ENGRAVE
100
AcDbSpline
 70
0
 71
2
 72
6
 73
3
 74
0
 40
0.0
 40
0.0
 40
0.0
 40
1.0
 40
1.0
 40
1.0
 10
-3.6237501360016573
 20
46.95396907741696
 30
0.0
 10
-3.533759901626657
 20
46.95396907741696
 30
0.0
 10
-3.563789198501657
 20
47.11895931179196
 30
0.0
  0
SPLINE
  5
265
330
17
100
AcDbEntity
  8
ENGRAVE
100
AcDbSpline
 70
0
 71
2
 72
6
 73
3
 74
0
 40
0.0
 40
0.0
 40
0.0
 40
1.0
 40
1.0
 40
1.0
 10
-3.0837599016266575
 20
45.18394954616696
 30
0.0
 10
-3.368769667251657
 20
45.48394954616696
 30
0.0
 10
-3.541279432876657
 20
45.828944663354456
 30
0.0
  0
SPLINE
  5
266
330
17
100
AcDbEntity
  8
ENGRAVE
100
AcDbSpline
 70
0
 71
2
 72
6
 73
3
 74
0
 40
0.0
 40
0.0
 40
0.0
 40
1.0
 40
1.0
 40
1.0
 10
-3.563789198501657
 20
47.11895931179196
 30
0.0
 10
-3.5937696672516575
 20
47.238978843041956
 30
0.0
 10
-3.4662794328766573
 20
47.63646419460446
 30
0.0
  0
SPLINE
  5
267
330
17
100
AcDbEntity
  8
ENGRAVE
100
AcDbSpline
 70
0
 71
2
 72
6
 73
3
 74
0
 40
0.0
 40
0.0
 40
0.0
 40
1.0
 40
1.0
 40
1.0
 10
-3.4662794328766573
 20
47.63646419460446
 30
0.0
 10
-3.338789198501657
 20
48.03394954616696
 30
0.0
 10
-3.1137891985016575
 20
48.39395931179196
 30
0.0
  0
SPLINE
  5
268
330
17
100
AcDbEntity
  8
ENGRAVE
100
AcDbSpline
 70
0
 71
2
 72
6
 73
3
 74
0
 40
0.0
 40
0.0
 40
0.0
 40
1.0
 40
1.0
 40
1.0
 10
-2.806269667251657
 20
44.97393978054196
 30
0.0
 10
-2.918769667251657
 20
45.04893978054196
 30
0.0
 10
-3.0837599016266575
 20
45.18394954616696
 30
0.0
  0
SPLINE
  5
269
330
17
100
AcDbEntity
  8
ENGRAVE
100
AcDbSpline
 70
0
 71
2
 72
6
 73
3
 74
0
 40
0.0
 40
0.0
 40
0.0
 40
1.0
 40
1.0
 40
1.0
 10
-3.1137891985016575
 20
48.39395931179196
 30
0.0
 10
-3.023750136001657
 20
48.54395931179196
 30
0.0
 10
-2.8437696672516575
 20
48.791469077416956
 30
0.0
  0
SPLINE
  5
26A
330
17
100
AcDbEntity
  8
ENGRAVE
100
AcDbSpline
 70
0
 71
2
 72
6
 73
3
 74
0
 40
0.0
 40
0.0
 40
0.0
 40
1.0
 40
1.0
 40
1.0
 10
-2.4987501360016573
 20
44.89893978054196
 30
0.0
 10
-2.693769667251657
 20
44.89893978054196
 30
0.0
 10
-2.806269667251657
 20
44.97393978054196
 30
0.0
  0
SPLINE
  5
26B
330
17
100
AcDbEntity
  8
ENGRAVE
100
AcDbSpline
 70
0
 71
2
 72
6
 73
3
 74
0
 40
0.0
 40
0.0
 40
0.0
 40
1.0
 40
1.0
 40
1.0
 10
-1.7937696672516572
 20
44.973964194604456
 30
0.0
 10
-2.1537794328766573
 20
44.92896907741696
 30
0.0
 10
-2.4987501360016573
 20
44.89893978054196
 30
0.0
  0
SPLINE
  5
26C
330
17
100
AcDbEntity
  8
ENGRAVE
100
AcDbSpline
 70
0
 71
2
 72
6
 73
3
 74
0
 40
0.0
 40
0.0
 40
0.0
 40
1.0
 40
1.0
 40
1.0
 10
-2.8437696672516575
 20
48.791469077416956
 30
0.0
 10
-2.6637891985016573
 20
49.03897884304196
 30
0.0
 10
-2.446284315689157
 20
49.28646419460446
 30
0.0
  0
SPLINE
  5
26D
330
17
100
AcDbEntity
  8
ENGRAVE
100
AcDbSpline
 70
0
 71
2
 72
6
 73
3
 74
0
 40
0.0
 40
0.0
 40
0.0
 40
1.0
 40
1.0
 40
1.0
 10
-1.6512647844391575
 20
48.10147884304196
 30
0.0
 10
-2.033759901626657
 20
47.613978843041956
 30
0.0
 10
-2.183759901626657
 20
46.90894954616696
 30
0.0
  0
SPLINE
  5
26E
330
17
100
AcDbEntity
  8
ENGRAVE
100
AcDbSpline
 70
0
 71
2
 72
6
 73
3
 74
0
 40
0.0
 40
0.0
 40
0.0
 40
1.0
 40
1.0
 40
1.0
 10
-2.446284315689157
 20
49.28646419460446
 30
0.0
 10
-2.228779432876657
 20
49.53394954616696
 30
0.0
 10
-2.048750136001657
 20
49.68394954616696
 30
0.0
  0
SPLINE
  5
26F
330
17
100
AcDbEntity
  8
ENGRAVE
100
AcDbSpline
 70
0
 71
2
 72
6
 73
3
 74
0
 40
0.0
 40
0.0
 40
0.0
 40
1.0
 40
1.0
 40
1.0
 10
-2.183759901626657
 20
46.90894954616696
 30
0.0
 10
-2.243769667251657
 20
46.353969077416956
 30
0.0
 10
-1.9287794328766568
 20
46.233973960229456
 30
0.0
  0
SPLINE
  5
270
330
17
100
AcDbEntity
  8
ENGRAVE
100
AcDbSpline
 70
0
 71
2
 72
6
 73
3
 74
0
 40
0.0
 40
0.0
 40
0.0
 40
1.0
 40
1.0
 40
1.0
 10
-1.118769667251657
 20
45.228969077416956
 30
0.0
 10
-1.4337599016266571
 20
45.01895931179196
 30
0.0
 10
-1.7937696672516572
 20
44.973964194604456
 30
0.0
  0
SPLINE
  5
271
330
17
100
AcDbEntity
  8
ENGRAVE
100
AcDbSpline
 70
0
 71
2
 72
6
 73
3
 74
0
 40
0.0
 40
0.0
 40
0.0
 40
1.0
 40
1.0
 40
1.0
 10
-0.8187696672516571
 20
48.96397884304196
 30
0.0
 10
-1.2687696672516573
 20
48.58897884304196
 30
0.0
 10
-1.6512647844391575
 20
48.10147884304196
 30
0.0
  0
SPLINE
  5
272
330
17
100
AcDbEntity
  8
ENGRAVE
100
AcDbSpline
 70
0
 71
2
 72
6
 73
3
 74
0
 40
0.0
 40
0.0
 40
0.0
 40
1.0
 40
1.0
 40
1.0
 10
-2.048750136001657
 20
49.68394954616696
 30
0.0
 10
-1.6737501360016571
 20
49.99893978054196
 30
0.0
 10
-1.3512647844391572
 20
50.19395931179196
 30
0.0
  0
SPLINE
  5
273
330
17
100
AcDbEntity
  8
ENGRAVE
100
AcDbSpline
 70
0
 71
2
 72
6
 73
3
 74
0
 40
0.0
 40
0.0
 40
0.0
 40
1.0
 40
1.0
 40
1.0
 10
-0.3237745500641571
 20
45.78394954616696
 30
0.0
 10
-0.6837599016266571
 20
45.48394954616696
 30
0.0
 10
-1.118769667251657
 20
45.228969077416956
 30
0.0
  0
SPLINE
  5
274
330
17
100
AcDbEntity
  8
ENGRAVE
100
AcDbSpline
 70
0
 71
2
 72
6
 73
3
 74
0
 40
0.0
 40
0.0
 40
0.0
 40
1.0
 40
1.0
 40
1.0
 10
-1.9287794328766568
 20
46.233973960229456
 30
0.0
 10
-1.613789198501657
 20
46.113978843041956
 30
0.0
 10
-0.9687696672516575
 20
46.728969077416956
 30
0.0
  0
SPLINE
  5
275
330
17
100
AcDbEntity
  8
ENGRAVE
100
AcDbSpline
 70
0
 71
2
 72
6
 73
3
 74
0
 40
0.0
 40
0.0
 40
0.0
 40
1.0
 40
1.0
 40
1.0
 10
-0.4737745500641566
 20
49.166469077416956
 30
0.0
 10
-0.6087599016266569
 20
49.113978843041956
 30
0.0
 10
-0.8187696672516571
 20
48.96397884304196
 30
0.0
  0
SPLINE
  5
276
330
17
100
AcDbEntity
  8
ENGRAVE
100
AcDbSpline
 70
0
 71
2
 72
6
 73
3
 74
0
 40
0.0
 40
0.0
 40
0.0
 40
1.0
 40
1.0
 40
1.0
 10
-1.3512647844391572
 20
50.19395931179196
 30
0.0
 10
-1.0287794328766573
 20
50.38897884304196
 30
0.0
 10
-0.6987501360016575
 20
50.46397884304196
 30
0.0
  0
SPLINE
  5
277
330
17
100
AcDbEntity
  8
ENGRAVE
100
AcDbSpline
 70
0
 71
2
 72
6
 73
3
 74
0
 40
0.0
 40
0.0
 40
0.0
 40
1.0
 40
1.0
 40
1.0
 10
-0.9687696672516575
 20
46.728969077416956
 30
0.0
 10
-0.6387891985016569
 20
47.01397884304196
 30
0.0
 10
-0.49628431568915765
 20
47.358973960229456
 30
0.0
  0
SPLINE
  5
278
330
17
100
AcDbEntity
  8
ENGRAVE
100
AcDbSpline
 70
0
 71
2
 72
6
 73
3
 74
0
 40
0.0
 40
0.0
 40
0.0
 40
1.0
 40
1.0
 40
1.0
 10
-0.20377943287665712
 20
49.113978843041956
 30
0.0
 10
-0.3387891985016571
 20
49.218959311791956
 30
0.0
 10
-0.4737745500641566
 20
49.166469077416956
 30
0.0
  0
SPLINE
  5
279
330
17
100
AcDbEntity
  8
ENGRAVE
100
AcDbSpline
 70
0
 71
2
 72
6
 73
3
 74
0
 40
0.0
 40
0.0
 40
0.0
 40
1.0
 40
1.0
 40
1.0
 10
0.4112108014983429
 20
46.62393978054196
 30
0.0
 10
0.03621080149834288
 20
46.083949546166956
 30
0.0
 10
-0.3237745500641571
 20
45.78394954616696
 30
0.0
  0
SPLINE
  5
27A
330
17
100
AcDbEntity
  8
ENGRAVE
100
AcDbSpline
 70
0
 71
2
 72
6
 73
3
 74
0
 40
0.0
 40
0.0
 40
0.0
 40
1.0
 40
1.0
 40
1.0
 10
-0.09877455006415659
 20
48.88145931179196
 30
0.0
 10
-0.11378919850165659
 20
49.083949546166956
 30
0.0
 10
-0.20377943287665712
 20
49.113978843041956
 30
0.0
  0
SPLINE
  5
27B
330
17
100
AcDbEntity
  8
ENGRAVE
100
AcDbSpline
 70
0
 71
2
 72
6
 73
3
 74
0
 40
0.0
 40
0.0
 40
0.0
 40
1.0
 40
1.0
 40
1.0
 10
-0.49628431568915765
 20
47.358973960229456
 30
0.0
 10
-0.3537794328766575
 20
47.70396907741696
 30
0.0
 10
-0.18878919850165676
 20
48.16895931179196
 30
0.0
  0
SPLINE
  5
27C
330
17
100
AcDbEntity
  8
ENGRAVE
100
AcDbSpline
 70
0
 71
2
 72
6
 73
3
 74
0
 40
0.0
 40
0.0
 40
0.0
 40
1.0
 40
1.0
 40
1.0
 10
-0.18878919850165676
 20
48.16895931179196
 30
0.0
 10
-0.12877943287665694
 20
48.25894954616696
 30
0.0
 10
-0.10626966725165676
 20
48.468959311791956
 30
0.0
  0
SPLINE
  5
27D
330
17
100
AcDbEntity
  8
ENGRAVE
100
AcDbSpline
 70
0
 71
2
 72
6
 73
3
 74
0
 40
0.0
 40
0.0
 40
0.0
 40
1.0
 40
1.0
 40
1.0
 10
-0.10626966725165676
 20
48.468959311791956
 30
0.0
 10
-0.08375990162665659
 20
48.67896907741696
 30
0.0
 10
-0.09877455006415659
 20
48.88145931179196
 30
0.0
  0
SPLINE
  5
27E
330
17
100
AcDbEntity
  8
ENGRAVE
100
AcDbSpline
 70
0
 71
2
 72
6
 73
3
 74
0
 40
0.0
 40
0.0
 40
0.0
 40
1.0
 40
1.0
 40
1.0
 10
-0.6987501360016575
 20
50.46397884304196
 30
0.0
 10
-0.36876966725165694
 20
50.53897884304196
 30
0.0
 10
-0.01627943287665712
 20
50.53897884304196
 30
0.0
  0
SPLINE
  5
27F
330
17
100
AcDbEntity
  8
ENGRAVE
100
AcDbSpline
 70
0
 71
2
 72
6
 73
3
 74
0
 40
0.0
 40
0.0
 40
0.0
 40
1.0
 40
1.0
 40
1.0
 10
1.1462205671233434
 20
48.13145931179196
 30
0.0
 10
1.0112108014983434
 20
47.478969077416956
 30
0.0
 10
0.4112108014983429
 20
46.62393978054196
 30
0.0
  0
SPLINE
  5
280
330
17
100
AcDbEntity
  8
ENGRAVE
100
AcDbSpline
 70
0
 71
2
 72
6
 73
3
 74
0
 40
0.0
 40
0.0
 40
0.0
 40
1.0
 40
1.0
 40
1.0
 10
-0.01627943287665712
 20
50.53897884304196
 30
0.0
 10
0.3362108014983427
 20
50.53897884304196
 30
0.0
 10
0.5612108014983432
 20
50.29893978054196
 30
0.0
  0
SPLINE
  5
281
330
17
100
AcDbEntity
  8
ENGRAVE
100
AcDbSpline
 70
0
 71
2
 72
6
 73
3
 74
0
 40
0.0
 40
0.0
 40
0.0
 40
1.0
 40
1.0
 40
1.0
 10
0.5612108014983432
 20
50.29893978054196
 30
0.0
 10
0.9062303327483434
 20
50.14893978054196
 30
0.0
 10
1.0487352155608427
 20
49.89395931179196
 30
0.0
  0
SPLINE
  5
282
330
17
100
AcDbEntity
  8
ENGRAVE
100
AcDbSpline
 70
0
 71
2
 72
6
 73
3
 74
0
 40
0.0
 40
0.0
 40
0.0
 40
1.0
 40
1.0
 40
1.0
 10
1.236210801498343
 20
49.23394954616696
 30
0.0
 10
1.2812303327483434
 20
48.78394954616696
 30
0.0
 10
1.1462205671233434
 20
48.13145931179196
 30
0.0
  0
SPLINE
  5
283
330
17
100
AcDbEntity
  8
ENGRAVE
100
AcDbSpline
 70
0
 71
2
 72
6
 73
3
 74
0
 40
0.0
 40
0.0
 40
0.0
 40
1.0
 40
1.0
 40
1.0
 10
1.0487352155608427
 20
49.89395931179196
 30
0.0
 10
1.1912400983733429
 20
49.63897884304196
 30
0.0
 10
1.236210801498343
 20
49.23394954616696
 30
0.0
  0
SPLINE
  5
284
330
17
100
AcDbEntity
  8
ENGRAVE
100
AcDbSpline
 70
0
 71
2
 72
6
 73
3
 74
0
 40
0.0
 40
0.0
 40
0.0
 40
1.0
 40
1.0
 40
1.0
 10
1.7911912702483437
 20
45.78394954616696
 30
0.0
 10
1.7012010358733436
 20
45.948939780541956
 30
0.0
 10
1.7762010358733433
 20
46.391444663354456
 30
0.0
  0
SPLINE
  5
285
330
17
100
AcDbEntity
  8
ENGRAVE
100
AcDbSpline
 70
0
 71
2
 72
6
 73
3
 74
0
 40
0.0
 40
0.0
 40
0.0
 40
1.0
 40
1.0
 40
1.0
 10
2.0836961530608433
 20
45.37896907741696
 30
0.0
 10
1.8661912702483434
 20
45.54395931179196
 30
0.0
 10
1.7911912702483437
 20
45.78394954616696
 30
0.0
  0
SPLINE
  5
286
330
17
100
AcDbEntity
  8
ENGRAVE
100
AcDbSpline
 70
0
 71
2
 72
6
 73
3
 74
0
 40
0.0
 40
0.0
 40
0.0
 40
1.0
 40
1.0
 40
1.0
 10
1.7762010358733433
 20
46.391444663354456
 30
0.0
 10
1.8512010358733435
 20
46.833949546166956
 30
0.0
 10
2.0612108014983437
 20
47.80894954616696
 30
0.0
  0
SPLINE
  5
287
330
17
100
AcDbEntity
  8
ENGRAVE
100
AcDbSpline
 70
0
 71
2
 72
6
 73
3
 74
0
 40
0.0
 40
0.0
 40
0.0
 40
1.0
 40
1.0
 40
1.0
 10
2.5712205671233432
 20
45.198939780541956
 30
0.0
 10
2.3012010358733437
 20
45.21397884304196
 30
0.0
 10
2.0836961530608433
 20
45.37896907741696
 30
0.0
  0
SPLINE
  5
288
330
17
100
AcDbEntity
  8
ENGRAVE
100
AcDbSpline
 70
0
 71
2
 72
6
 73
3
 74
0
 40
0.0
 40
0.0
 40
0.0
 40
1.0
 40
1.0
 40
1.0
 10
2.0612108014983437
 20
47.80894954616696
 30
0.0
 10
2.1362108014983434
 20
48.10894954616696
 30
0.0
 10
2.2037156843108434
 20
48.31146419460446
 30
0.0
  0
SPLINE
  5
289
330
17
100
AcDbEntity
  8
ENGRAVE
100
AcDbSpline
 70
0
 71
2
 72
6
 73
3
 74
0
 40
0.0
 40
0.0
 40
0.0
 40
1.0
 40
1.0
 40
1.0
 10
2.2037156843108434
 20
48.31146419460446
 30
0.0
 10
2.2712205671233434
 20
48.51397884304196
 30
0.0
 10
2.3762254499358435
 20
48.76146419460446
 30
0.0
  0
SPLINE
  5
28A
330
17
100
AcDbEntity
  8
ENGRAVE
100
AcDbSpline
 70
0
 71
2
 72
6
 73
3
 74
0
 40
0.0
 40
0.0
 40
0.0
 40
1.0
 40
1.0
 40
1.0
 10
2.8112108014983437
 20
45.43895442897946
 30
0.0
 10
2.6161912702483434
 20
45.198939780541956
 30
0.0
 10
2.5712205671233432
 20
45.198939780541956
 30
0.0
  0
SPLINE
  5
28B
330
17
100
AcDbEntity
  8
ENGRAVE
100
AcDbSpline
 70
0
 71
2
 72
6
 73
3
 74
0
 40
0.0
 40
0.0
 40
0.0
 40
1.0
 40
1.0
 40
1.0
 10
2.3762254499358435
 20
48.76146419460446
 30
0.0
 10
2.4812303327483436
 20
49.00894954616696
 30
0.0
 10
2.6462205671233434
 20
49.41397884304196
 30
0.0
  0
SPLINE
  5
28C
330
17
100
AcDbEntity
  8
ENGRAVE
100
AcDbSpline
 70
0
 71
2
 72
6
 73
3
 74
0
 40
0.0
 40
0.0
 40
0.0
 40
1.0
 40
1.0
 40
1.0
 10
2.7062059186858436
 20
49.81143978054196
 30
0.0
 10
2.6911912702483436
 20
49.99893978054196
 30
0.0
 10
2.6762010358733432
 20
50.11895931179196
 30
0.0
  0
SPLINE
  5
28D
330
17
100
AcDbEntity
  8
ENGRAVE
100
AcDbSpline
 70
0
 71
2
 72
6
 73
3
 74
0
 40
0.0
 40
0.0
 40
0.0
 40
1.0
 40
1.0
 40
1.0
 10
2.6462205671233434
 20
49.41397884304196
 30
0.0
 10
2.7212205671233436
 20
49.62393978054196
 30
0.0
 10
2.7062059186858436
 20
49.81143978054196
 30
0.0
  0
SPLINE
  5
28E
330
17
100
AcDbEntity
  8
ENGRAVE
100
AcDbSpline
 70
0
 71
2
 72
6
 73
3
 74
0
 40
0.0
 40
0.0
 40
0.0
 40
1.0
 40
1.0
 40
1.0
 10
3.2612108014983434
 20
45.978969077416956
 30
0.0
 10
3.0062303327483435
 20
45.67896907741696
 30
0.0
 10
2.8112108014983437
 20
45.43895442897946
 30
0.0
  0
SPLINE
  5
28F
330
17
100
AcDbEntity
  8
ENGRAVE
100
AcDbSpline
 70
0
 71
2
 72
6
 73
3
 74
0
 40
0.0
 40
0.0
 40
0.0
 40
1.0
 40
1.0
 40
1.0
 10
2.6762010358733432
 20
50.11895931179196
 30
0.0
 10
2.6762010358733432
 20
50.34395931179196
 30
0.0
 10
2.8187059186858434
 20
50.47896907741696
 30
0.0
  0
SPLINE
  5
290
330
17
100
AcDbEntity
  8
ENGRAVE
100
AcDbSpline
 70
0
 71
2
 72
6
 73
3
 74
0
 40
0.0
 40
0.0
 40
0.0
 40
1.0
 40
1.0
 40
1.0
 10
2.8187059186858434
 20
50.47896907741696
 30
0.0
 10
2.9612108014983436
 20
50.61397884304196
 30
0.0
 10
3.141215684310844
 20
50.66646907741696
 30
0.0
  0
SPLINE
  5
291
330
17
100
AcDbEntity
  8
ENGRAVE
100
AcDbSpline
 70
0
 71
2
 72
6
 73
3
 74
0
 40
0.0
 40
0.0
 40
0.0
 40
1.0
 40
1.0
 40
1.0
 10
3.7112108014983436
 20
46.458949546166956
 30
0.0
 10
3.5161912702483433
 20
46.27896907741696
 30
0.0
 10
3.2612108014983434
 20
45.978969077416956
 30
0.0
  0
SPLINE
  5
292
330
17
100
AcDbEntity
  8
ENGRAVE
100
AcDbSpline
 70
0
 71
2
 72
6
 73
3
 74
0
 40
0.0
 40
0.0
 40
0.0
 40
1.0
 40
1.0
 40
1.0
 10
3.141215684310844
 20
50.66646907741696
 30
0.0
 10
3.3212205671233437
 20
50.71895931179196
 30
0.0
 10
3.4262010358733437
 20
50.68897884304196
 30
0.0
  0
SPLINE
  5
293
330
17
100
AcDbEntity
  8
ENGRAVE
100
AcDbSpline
 70
0
 71
2
 72
6
 73
3
 74
0
 40
0.0
 40
0.0
 40
0.0
 40
1.0
 40
1.0
 40
1.0
 10
3.5461961530608437
 20
48.15394466335446
 30
0.0
 10
3.5161912702483433
 20
48.03394954616696
 30
0.0
 10
3.5161912702483433
 20
47.97393978054196
 30
0.0
  0
SPLINE
  5
294
330
17
100
AcDbEntity
  8
ENGRAVE
100
AcDbSpline
 70
0
 71
2
 72
6
 73
3
 74
0
 40
0.0
 40
0.0
 40
0.0
 40
1.0
 40
1.0
 40
1.0
 10
3.8161912702483436
 20
48.78394954616696
 30
0.0
 10
3.5762010358733436
 20
48.27393978054196
 30
0.0
 10
3.5461961530608437
 20
48.15394466335446
 30
0.0
  0
SPLINE
  5
295
330
17
100
AcDbEntity
  8
ENGRAVE
100
AcDbSpline
 70
0
 71
2
 72
6
 73
3
 74
0
 40
0.0
 40
0.0
 40
0.0
 40
1.0
 40
1.0
 40
1.0
 10
3.5161912702483433
 20
47.97393978054196
 30
0.0
 10
3.5312303327483434
 20
47.92896907741696
 30
0.0
 10
3.6512254499358434
 20
48.01895931179196
 30
0.0
  0
SPLINE
  5
296
330
17
100
AcDbEntity
  8
ENGRAVE
100
AcDbSpline
 70
0
 71
2
 72
6
 73
3
 74
0
 40
0.0
 40
0.0
 40
0.0
 40
1.0
 40
1.0
 40
1.0
 10
4.191191270248344
 20
46.97645442897946
 30
0.0
 10
3.9661912702483435
 20
46.728969077416956
 30
0.0
 10
3.7112108014983436
 20
46.458949546166956
 30
0.0
  0
SPLINE
  5
297
330
17
100
AcDbEntity
  8
ENGRAVE
100
AcDbSpline
 70
0
 71
2
 72
6
 73
3
 74
0
 40
0.0
 40
0.0
 40
0.0
 40
1.0
 40
1.0
 40
1.0
 10
3.6512254499358434
 20
48.01895931179196
 30
0.0
 10
3.7712205671233434
 20
48.10894954616696
 30
0.0
 10
3.9437059186858434
 20
48.266444663354456
 30
0.0
  0
SPLINE
  5
298
330
17
100
AcDbEntity
  8
ENGRAVE
100
AcDbSpline
 70
0
 71
2
 72
6
 73
3
 74
0
 40
0.0
 40
0.0
 40
0.0
 40
1.0
 40
1.0
 40
1.0
 10
4.101201035873344
 20
49.48895442897946
 30
0.0
 10
4.026201035873344
 20
49.30894954616696
 30
0.0
 10
3.9812303327483436
 20
49.18897884304196
 30
0.0
  0
SPLINE
  5
299
330
17
100
AcDbEntity
  8
ENGRAVE
100
AcDbSpline
 70
0
 71
2
 72
6
 73
3
 74
0
 40
0.0
 40
0.0
 40
0.0
 40
1.0
 40
1.0
 40
1.0
 10
3.4262010358733437
 20
50.68897884304196
 30
0.0
 10
3.8462205671233436
 20
50.64395931179196
 30
0.0
 10
3.9962205671233435
 20
50.38895442897946
 30
0.0
  0
SPLINE
  5
29A
330
17
100
AcDbEntity
  8
ENGRAVE
100
AcDbSpline
 70
0
 71
2
 72
6
 73
3
 74
0
 40
0.0
 40
0.0
 40
0.0
 40
1.0
 40
1.0
 40
1.0
 10
4.161210801498344
 20
49.89395931179196
 30
0.0
 10
4.176201035873344
 20
49.66895931179196
 30
0.0
 10
4.101201035873344
 20
49.48895442897946
 30
0.0
  0
SPLINE
  5
29B
330
17
100
AcDbEntity
  8
ENGRAVE
100
AcDbSpline
 70
0
 71
2
 72
6
 73
3
 74
0
 40
0.0
 40
0.0
 40
0.0
 40
1.0
 40
1.0
 40
1.0
 10
3.9962205671233435
 20
50.38895442897946
 30
0.0
 10
4.146220567123343
 20
50.13394954616696
 30
0.0
 10
4.161210801498344
 20
49.89395931179196
 30
0.0
  0
SPLINE
  5
29C
330
17
100
AcDbEntity
  8
ENGRAVE
100
AcDbSpline
 70
0
 71
2
 72
6
 73
3
 74
0
 40
0.0
 40
0.0
 40
0.0
 40
1.0
 40
1.0
 40
1.0
 10
4.506230332748344
 20
47.31397884304196
 30
0.0
 10
4.416191270248344
 20
47.22393978054196
 30
0.0
 10
4.191191270248344
 20
46.97645442897946
 30
0.0
  0
SPLINE
  5
29D
330
17
100
AcDbEntity
  8
ENGRAVE
100
AcDbSpline
 70
0
 71
2
 72
6
 73
3
 74
0
 40
0.0
 40
0.0
 40
0.0
 40
1.0
 40
1.0
 40
1.0
 10
3.9437059186858434
 20
48.266444663354456
 30
0.0
 10
4.116191270248343
 20
48.42393978054196
 30
0.0
 10
4.266191270248344
 20
48.54395931179196
 30
0.0
  0
SPLINE
  5
29E
330
17
100
AcDbEntity
  8
ENGRAVE
100
AcDbSpline
 70
0
 71
2
 72
6
 73
3
 74
0
 40
0.0
 40
0.0
 40
0.0
 40
1.0
 40
1.0
 40
1.0
 10
4.693705918685843
 20
47.52396419460446
 30
0.0
 10
4.596220567123344
 20
47.40396907741696
 30
0.0
 10
4.506230332748344
 20
47.31397884304196
 30
0.0
  0
SPLINE
  5
29F
330
17
100
AcDbEntity
  8
ENGRAVE
100
AcDbSpline
 70
0
 71
2
 72
6
 73
3
 74
0
 40
0.0
 40
0.0
 40
0.0
 40
1.0
 40
1.0
 40
1.0
 10
4.7312303327483445
 20
45.78394954616696
 30
0.0
 10
4.656230332748344
 20
45.93394954616696
 30
0.0
 10
4.686210801498344
 20
46.03897884304196
 30
0.0
  0
SPLINE
  5
2A0
330
17
100
AcDbEntity
  8
ENGRAVE
100
AcDbSpline
 70
0
 71
2
 72
6
 73
3
 74
0
 40
0.0
 40
0.0
 40
0.0
 40
1.0
 40
1.0
 40
1.0
 10
4.851201035873344
 20
47.64395931179196
 30
0.0
 10
4.791191270248344
 20
47.64395931179196
 30
0.0
 10
4.693705918685843
 20
47.52396419460446
 30
0.0
  0
SPLINE
  5
2A1
330
17
100
AcDbEntity
  8
ENGRAVE
100
AcDbSpline
 70
0
 71
2
 72
6
 73
3
 74
0
 40
0.0
 40
0.0
 40
0.0
 40
1.0
 40
1.0
 40
1.0
 10
4.911210801498344
 20
45.54395931179196
 30
0.0
 10
4.806230332748344
 20
45.63394954616696
 30
0.0
 10
4.7312303327483445
 20
45.78394954616696
 30
0.0
  0
SPLINE
  5
2A2
330
17
100
AcDbEntity
  8
ENGRAVE
100
AcDbSpline
 70
0
 71
2
 72
6
 73
3
 74
0
 40
0.0
 40
0.0
 40
0.0
 40
1.0
 40
1.0
 40
1.0
 10
5.0762010358733445
 20
47.87645442897946
 30
0.0
 10
4.911210801498344
 20
47.73394954616696
 30
0.0
 10
4.851201035873344
 20
47.64395931179196
 30
0.0
  0
SPLINE
  5
2A3
330
17
100
AcDbEntity
  8
ENGRAVE
100
AcDbSpline
 70
0
 71
2
 72
6
 73
3
 74
0
 40
0.0
 40
0.0
 40
0.0
 40
1.0
 40
1.0
 40
1.0
 10
5.443705918685843
 20
45.36395442897946
 30
0.0
 10
5.226201035873344
 20
45.25894954616696
 30
0.0
 10
5.061210801498344
 20
45.40894954616696
 30
0.0
  0
SPLINE
  5
2A4
330
17
100
AcDbEntity
  8
ENGRAVE
100
AcDbSpline
 70
0
 71
2
 72
6
 73
3
 74
0
 40
0.0
 40
0.0
 40
0.0
 40
1.0
 40
1.0
 40
1.0
 10
5.331230332748344
 20
48.03394954616696
 30
0.0
 10
5.241191270248344
 20
48.01895931179196
 30
0.0
 10
5.0762010358733445
 20
47.87645442897946
 30
0.0
  0
SPLINE
  5
2A5
330
17
100
AcDbEntity
  8
ENGRAVE
100
AcDbSpline
 70
0
 71
2
 72
6
 73
3
 74
0
 40
0.0
 40
0.0
 40
0.0
 40
1.0
 40
1.0
 40
1.0
 10
4.266191270248344
 20
48.54395931179196
 30
0.0
 10
4.656230332748344
 20
48.88897884304196
 30
0.0
 10
5.151225449935844
 20
49.22647884304196
 30
0.0
  0
SPLINE
  5
2A6
330
17
100
AcDbEntity
  8
ENGRAVE
100
AcDbSpline
 70
0
 71
2
 72
6
 73
3
 74
0
 40
0.0
 40
0.0
 40
0.0
 40
1.0
 40
1.0
 40
1.0
 10
5.3987108014983445
 20
47.921473960229456
 30
0.0
 10
5.436210801498344
 20
48.06397884304196
 30
0.0
 10
5.331230332748344
 20
48.03394954616696
 30
0.0
  0
SPLINE
  5
2A7
330
17
100
AcDbEntity
  8
ENGRAVE
100
AcDbSpline
 70
0
 71
2
 72
6
 73
3
 74
0
 40
0.0
 40
0.0
 40
0.0
 40
1.0
 40
1.0
 40
1.0
 10
5.106230332748344
 20
47.208949546166956
 30
0.0
 10
5.361210801498344
 20
47.77896907741696
 30
0.0
 10
5.3987108014983445
 20
47.921473960229456
 30
0.0
  0
SPLINE
  5
2A8
330
17
100
AcDbEntity
  8
ENGRAVE
100
AcDbSpline
 70
0
 71
2
 72
6
 73
3
 74
0
 40
0.0
 40
0.0
 40
0.0
 40
1.0
 40
1.0
 40
1.0
 10
5.878715684310844
 20
45.68646419460446
 30
0.0
 10
5.661210801498344
 20
45.468959311791956
 30
0.0
 10
5.443705918685843
 20
45.36395442897946
 30
0.0
  0
SPLINE
  5
2A9
330
17
100
AcDbEntity
  8
ENGRAVE
100
AcDbSpline
 70
0
 71
2
 72
6
 73
3
 74
0
 40
0.0
 40
0.0
 40
0.0
 40
1.0
 40
1.0
 40
1.0
 10
6.276201035873344
 20
46.05396907741696
 30
0.0
 10
6.0962205671233445
 20
45.90396907741696
 30
0.0
 10
5.878715684310844
 20
45.68646419460446
 30
0.0
  0
SPLINE
  5
2AA
330
17
100
AcDbEntity
  8
ENGRAVE
100
AcDbSpline
 70
0
 71
2
 72
6
 73
3
 74
0
 40
0.0
 40
0.0
 40
0.0
 40
1.0
 40
1.0
 40
1.0
 10
5.151225449935844
 20
49.22647884304196
 30
0.0
 10
5.646220567123344
 20
49.56397884304196
 30
0.0
 10
5.946220567123344
 20
49.65396907741696
 30
0.0
  0
SPLINE
  5
2AB
330
17
100
AcDbEntity
  8
ENGRAVE
100
AcDbSpline
 70
0
 71
2
 72
6
 73
3
 74
0
 40
0.0
 40
0.0
 40
0.0
 40
1.0
 40
1.0
 40
1.0
 10
7.468705918685844
 20
47.20145442897946
 30
0.0
 10
7.026201035873344
 20
46.84893978054196
 30
0.0
 10
6.276201035873344
 20
46.05396907741696
 30
0.0
  0
SPLINE
  5
2AC
330
17
100
AcDbEntity
  8
ENGRAVE
100
AcDbSpline
 70
0
 71
2
 72
6
 73
3
 74
0
 40
0.0
 40
0.0
 40
0.0
 40
1.0
 40
1.0
 40
1.0
 10
5.946220567123344
 20
49.65396907741696
 30
0.0
 10
6.2012010358733445
 20
49.60894954616696
 30
0.0
 10
6.418705918685845
 20
49.39896419460446
 30
0.0
  0
SPLINE
  5
2AD
330
17
100
AcDbEntity
  8
ENGRAVE
100
AcDbSpline
 70
0
 71
2
 72
6
 73
3
 74
0
 40
0.0
 40
0.0
 40
0.0
 40
1.0
 40
1.0
 40
1.0
 10
6.486210801498345
 20
47.77147396022946
 30
0.0
 10
6.4411912702483445
 20
47.62896907741696
 30
0.0
 10
6.4411912702483445
 20
47.62896907741696
 30
0.0
  0
SPLINE
  5
2AE
330
17
100
AcDbEntity
  8
ENGRAVE
100
AcDbSpline
 70
0
 71
2
 72
6
 73
3
 74
0
 40
0.0
 40
0.0
 40
0.0
 40
1.0
 40
1.0
 40
1.0
 10
6.576225449935844
 20
48.07896907741696
 30
0.0
 10
6.531230332748344
 20
47.91397884304196
 30
0.0
 10
6.486210801498345
 20
47.77147396022946
 30
0.0
  0
SPLINE
  5
2AF
330
17
100
AcDbEntity
  8
ENGRAVE
100
AcDbSpline
 70
0
 71
2
 72
6
 73
3
 74
0
 40
0.0
 40
0.0
 40
0.0
 40
1.0
 40
1.0
 40
1.0
 10
6.636210801498344
 20
48.30396907741696
 30
0.0
 10
6.621220567123344
 20
48.24395931179196
 30
0.0
 10
6.576225449935844
 20
48.07896907741696
 30
0.0
  0
SPLINE
  5
2B0
330
17
100
AcDbEntity
  8
ENGRAVE
100
AcDbSpline
 70
0
 71
2
 72
6
 73
3
 74
0
 40
0.0
 40
0.0
 40
0.0
 40
1.0
 40
1.0
 40
1.0
 10
6.4411912702483445
 20
47.62896907741696
 30
0.0
 10
6.4411912702483445
 20
47.62896907741696
 30
0.0
 10
6.636210801498344
 20
47.82396419460446
 30
0.0
  0
SPLINE
  5
2B1
330
17
100
AcDbEntity
  8
ENGRAVE
100
AcDbSpline
 70
0
 71
2
 72
6
 73
3
 74
0
 40
0.0
 40
0.0
 40
0.0
 40
1.0
 40
1.0
 40
1.0
 10
6.718705918685844
 20
48.63397396022946
 30
0.0
 10
6.666191270248344
 20
48.45396907741696
 30
0.0
 10
6.636210801498344
 20
48.30396907741696
 30
0.0
  0
SPLINE
  5
2B2
330
17
100
AcDbEntity
  8
ENGRAVE
100
AcDbSpline
 70
0
 71
2
 72
6
 73
3
 74
0
 40
0.0
 40
0.0
 40
0.0
 40
1.0
 40
1.0
 40
1.0
 10
6.418705918685845
 20
49.39896419460446
 30
0.0
 10
6.636210801498344
 20
49.18897884304196
 30
0.0
 10
6.696220567123344
 20
49.03897884304196
 30
0.0
  0
SPLINE
  5
2B3
330
17
100
AcDbEntity
  8
ENGRAVE
100
AcDbSpline
 70
0
 71
2
 72
6
 73
3
 74
0
 40
0.0
 40
0.0
 40
0.0
 40
1.0
 40
1.0
 40
1.0
 10
6.696220567123344
 20
49.03897884304196
 30
0.0
 10
6.771220567123344
 20
48.81397884304196
 30
0.0
 10
6.718705918685844
 20
48.63397396022946
 30
0.0
  0
SPLINE
  5
2B4
330
17
100
AcDbEntity
  8
ENGRAVE
100
AcDbSpline
 70
0
 71
2
 72
6
 73
3
 74
0
 40
0.0
 40
0.0
 40
0.0
 40
1.0
 40
1.0
 40
1.0
 10
6.636210801498344
 20
47.82396419460446
 30
0.0
 10
6.831230332748344
 20
48.01895931179196
 30
0.0
 10
7.071220567123344
 20
48.16895931179196
 30
0.0
  0
SPLINE
  5
2B5
330
17
100
AcDbEntity
  8
ENGRAVE
100
AcDbSpline
 70
0
 71
2
 72
6
 73
3
 74
0
 40
0.0
 40
0.0
 40
0.0
 40
1.0
 40
1.0
 40
1.0
 10
8.031230332748343
 20
47.53897884304196
 30
0.0
 10
7.911210801498344
 20
47.55396907741696
 30
0.0
 10
7.468705918685844
 20
47.20145442897946
 30
0.0
  0
SPLINE
  5
2B6
330
17
100
AcDbEntity
  8
ENGRAVE
100
AcDbSpline
 70
0
 71
2
 72
6
 73
3
 74
0
 40
0.0
 40
0.0
 40
0.0
 40
1.0
 40
1.0
 40
1.0
 10
8.173710801498345
 20
45.843959311791956
 30
0.0
 10
8.001201035873343
 20
46.17393978054196
 30
0.0
 10
8.016191270248344
 20
46.698939780541956
 30
0.0
  0
SPLINE
  5
2B7
330
17
100
AcDbEntity
  8
ENGRAVE
100
AcDbSpline
 70
0
 71
2
 72
6
 73
3
 74
0
 40
0.0
 40
0.0
 40
0.0
 40
1.0
 40
1.0
 40
1.0
 10
8.083720567123343
 20
47.33643978054196
 30
0.0
 10
8.136210801498343
 20
47.52393978054196
 30
0.0
 10
8.031230332748343
 20
47.53897884304196
 30
0.0
  0
SPLINE
  5
2B8
330
17
100
AcDbEntity
  8
ENGRAVE
100
AcDbSpline
 70
0
 71
2
 72
6
 73
3
 74
0
 40
0.0
 40
0.0
 40
0.0
 40
1.0
 40
1.0
 40
1.0
 10
8.016191270248344
 20
46.698939780541956
 30
0.0
 10
8.031230332748343
 20
47.14893978054196
 30
0.0
 10
8.083720567123343
 20
47.33643978054196
 30
0.0
  0
SPLINE
  5
2B9
330
17
100
AcDbEntity
  8
ENGRAVE
100
AcDbSpline
 70
0
 71
2
 72
6
 73
3
 74
0
 40
0.0
 40
0.0
 40
0.0
 40
1.0
 40
1.0
 40
1.0
 10
8.571220567123344
 20
45.348964194604456
 30
0.0
 10
8.346220567123344
 20
45.51397884304196
 30
0.0
 10
8.173710801498345
 20
45.843959311791956
 30
0.0
  0
SPLINE
  5
2BA
330
17
100
AcDbEntity
  8
ENGRAVE
100
AcDbSpline
 70
0
 71
2
 72
6
 73
3
 74
0
 40
0.0
 40
0.0
 40
0.0
 40
1.0
 40
1.0
 40
1.0
 10
7.071220567123344
 20
48.16895931179196
 30
0.0
 10
7.821220567123344
 20
48.738978843041956
 30
0.0
 10
8.263725449935844
 20
48.89647396022946
 30
0.0
  0
SPLINE
  5
2BB
330
17
100
AcDbEntity
  8
ENGRAVE
100
AcDbSpline
 70
0
 71
2
 72
6
 73
3
 74
0
 40
0.0
 40
0.0
 40
0.0
 40
1.0
 40
1.0
 40
1.0
 10
8.901201035873344
 20
45.15396907741696
 30
0.0
 10
8.796220567123344
 20
45.18394954616696
 30
0.0
 10
8.571220567123344
 20
45.348964194604456
 30
0.0
  0
SPLINE
  5
2BC
330
17
100
AcDbEntity
  8
ENGRAVE
100
AcDbSpline
 70
0
 71
2
 72
6
 73
3
 74
0
 40
0.0
 40
0.0
 40
0.0
 40
1.0
 40
1.0
 40
1.0
 10
9.403715684310844
 20
45.16895931179196
 30
0.0
 10
9.156230332748343
 20
45.13897884304196
 30
0.0
 10
8.901201035873344
 20
45.15396907741696
 30
0.0
  0
SPLINE
  5
2BD
330
17
100
AcDbEntity
  8
ENGRAVE
100
AcDbSpline
 70
0
 71
2
 72
6
 73
3
 74
0
 40
0.0
 40
0.0
 40
0.0
 40
1.0
 40
1.0
 40
1.0
 10
8.263725449935844
 20
48.89647396022946
 30
0.0
 10
8.706230332748344
 20
49.05396907741696
 30
0.0
 10
9.021220567123343
 20
48.63394954616696
 30
0.0
  0
SPLINE
  5
2BE
330
17
100
AcDbEntity
  8
ENGRAVE
100
AcDbSpline
 70
0
 71
2
 72
6
 73
3
 74
0
 40
0.0
 40
0.0
 40
0.0
 40
1.0
 40
1.0
 40
1.0
 10
9.021220567123343
 20
48.63394954616696
 30
0.0
 10
9.201201035873344
 20
48.468959311791956
 30
0.0
 10
9.253715684310844
 20
48.18394954616696
 30
0.0
  0
SPLINE
  5
2BF
330
17
100
AcDbEntity
  8
ENGRAVE
100
AcDbSpline
 70
0
 71
2
 72
6
 73
3
 74
0
 40
0.0
 40
0.0
 40
0.0
 40
1.0
 40
1.0
 40
1.0
 10
9.253715684310844
 20
48.18394954616696
 30
0.0
 10
9.306230332748344
 20
47.89893978054196
 30
0.0
 10
9.306230332748344
 20
47.41895931179196
 30
0.0
  0
SPLINE
  5
2C0
330
17
100
AcDbEntity
  8
ENGRAVE
100
AcDbSpline
 70
0
 71
2
 72
6
 73
3
 74
0
 40
0.0
 40
0.0
 40
0.0
 40
1.0
 40
1.0
 40
1.0
 10
9.306230332748344
 20
47.41895931179196
 30
0.0
 10
9.336210801498344
 20
47.11895931179196
 30
0.0
 10
9.373710801498344
 20
46.76646907741696
 30
0.0
  0
SPLINE
  5
2C1
330
17
100
AcDbEntity
  8
ENGRAVE
100
AcDbSpline
 70
0
 71
2
 72
6
 73
3
 74
0
 40
0.0
 40
0.0
 40
0.0
 40
1.0
 40
1.0
 40
1.0
 10
9.876201035873343
 20
45.333949546166956
 30
0.0
 10
9.651201035873344
 20
45.198939780541956
 30
0.0
 10
9.403715684310844
 20
45.16895931179196
 30
0.0
  0
SPLINE
  5
2C2
330
17
100
AcDbEntity
  8
ENGRAVE
100
AcDbSpline
 70
0
 71
2
 72
6
 73
3
 74
0
 40
0.0
 40
0.0
 40
0.0
 40
1.0
 40
1.0
 40
1.0
 10
9.373710801498344
 20
46.76646907741696
 30
0.0
 10
9.411210801498344
 20
46.41397884304196
 30
0.0
 10
9.471220567123344
 20
46.33897884304196
 30
0.0
  0
SPLINE
  5
2C3
330
17
100
AcDbEntity
  8
ENGRAVE
100
AcDbSpline
 70
0
 71
2
 72
6
 73
3
 74
0
 40
0.0
 40
0.0
 40
0.0
 40
1.0
 40
1.0
 40
1.0
 10
9.471220567123344
 20
46.33897884304196
 30
0.0
 10
9.516191270248344
 20
46.27896907741696
 30
0.0
 10
9.636210801498345
 20
46.22645442897946
 30
0.0
  0
SPLINE
  5
2C4
330
17
100
AcDbEntity
  8
ENGRAVE
100
AcDbSpline
 70
0
 71
2
 72
6
 73
3
 74
0
 40
0.0
 40
0.0
 40
0.0
 40
1.0
 40
1.0
 40
1.0
 10
9.636210801498345
 20
46.22645442897946
 30
0.0
 10
9.756230332748345
 20
46.17393978054196
 30
0.0
 10
9.861210801498345
 20
46.14395931179196
 30
0.0
  0
SPLINE
  5
2C5
330
17
100
AcDbEntity
  8
ENGRAVE
100
AcDbSpline
 70
0
 71
2
 72
6
 73
3
 74
0
 40
0.0
 40
0.0
 40
0.0
 40
1.0
 40
1.0
 40
1.0
 10
10.093705918685844
 20
45.76146419460446
 30
0.0
 10
10.116191270248345
 20
45.48394954616696
 30
0.0
 10
9.876201035873343
 20
45.333949546166956
 30
0.0
  0
SPLINE
  5
2C6
330
17
100
AcDbEntity
  8
ENGRAVE
100
AcDbSpline
 70
0
 71
2
 72
6
 73
3
 74
0
 40
0.0
 40
0.0
 40
0.0
 40
1.0
 40
1.0
 40
1.0
 10
9.861210801498345
 20
46.14395931179196
 30
0.0
 10
10.071220567123344
 20
46.03897884304196
 30
0.0
 10
10.093705918685844
 20
45.76146419460446
 30
0.0
  0
SPLINE
  5
2C7
330
17
100
AcDbEntity
  8
ENGRAVE
100
AcDbSpline
 70
0
 71
2
 72
6
 73
3
 74
0
 40
0.0
 40
0.0
 40
0.0
 40
1.0
 40
1.0
 40
1.0
 10
10.461210801498344
 20
46.07645442897946
 30
0.0
 10
10.326201035873344
 20
46.50396907741696
 30
0.0
 10
10.416240098373343
 20
47.238978843041956
 30
0.0
  0
SPLINE
  5
2C8
330
17
100
AcDbEntity
  8
ENGRAVE
100
AcDbSpline
 70
0
 71
2
 72
6
 73
3
 74
0
 40
0.0
 40
0.0
 40
0.0
 40
1.0
 40
1.0
 40
1.0
 10
10.746220567123345
 20
45.45396907741696
 30
0.0
 10
10.596220567123344
 20
45.64893978054196
 30
0.0
 10
10.461210801498344
 20
46.07645442897946
 30
0.0
  0
SPLINE
  5
2C9
330
17
100
AcDbEntity
  8
ENGRAVE
100
AcDbSpline
 70
0
 71
2
 72
6
 73
3
 74
0
 40
0.0
 40
0.0
 40
0.0
 40
1.0
 40
1.0
 40
1.0
 10
11.451225449935844
 20
44.93646419460446
 30
0.0
 10
11.016240098373345
 20
45.10894954616696
 30
0.0
 10
10.746220567123345
 20
45.45396907741696
 30
0.0
  0
SPLINE
  5
2CA
330
17
100
AcDbEntity
  8
ENGRAVE
100
AcDbSpline
 70
0
 71
2
 72
6
 73
3
 74
0
 40
0.0
 40
0.0
 40
0.0
 40
1.0
 40
1.0
 40
1.0
 10
10.416240098373343
 20
47.238978843041956
 30
0.0
 10
10.506230332748345
 20
47.92896907741696
 30
0.0
 10
10.843730332748343
 20
48.63397396022946
 30
0.0
  0
SPLINE
  5
2CB
330
17
100
AcDbEntity
  8
ENGRAVE
100
AcDbSpline
 70
0
 71
2
 72
6
 73
3
 74
0
 40
0.0
 40
0.0
 40
0.0
 40
1.0
 40
1.0
 40
1.0
 10
12.388725449935844
 20
44.801478843041956
 30
0.0
 10
11.886210801498343
 20
44.76397884304196
 30
0.0
 10
11.451225449935844
 20
44.93646419460446
 30
0.0
  0
SPLINE
  5
2CC
330
17
100
AcDbEntity
  8
ENGRAVE
100
AcDbSpline
 70
0
 71
2
 72
6
 73
3
 74
0
 40
0.0
 40
0.0
 40
0.0
 40
1.0
 40
1.0
 40
1.0
 10
11.713701035873346
 20
47.40396907741696
 30
0.0
 10
11.601201035873345
 20
47.25396907741696
 30
0.0
 10
11.616240098373344
 20
46.81895931179196
 30
0.0
  0
SPLINE
  5
2CD
330
17
100
AcDbEntity
  8
ENGRAVE
100
AcDbSpline
 70
0
 71
2
 72
6
 73
3
 74
0
 40
0.0
 40
0.0
 40
0.0
 40
1.0
 40
1.0
 40
1.0
 10
10.843730332748343
 20
48.63397396022946
 30
0.0
 10
11.181230332748344
 20
49.33897884304196
 30
0.0
 10
11.676225449935844
 20
49.87896907741696
 30
0.0
  0
SPLINE
  5
2CE
330
17
100
AcDbEntity
  8
ENGRAVE
100
AcDbSpline
 70
0
 71
2
 72
6
 73
3
 74
0
 40
0.0
 40
0.0
 40
0.0
 40
1.0
 40
1.0
 40
1.0
 10
12.186210801498344
 20
47.478969077416956
 30
0.0
 10
11.826201035873344
 20
47.55396907741696
 30
0.0
 10
11.713701035873346
 20
47.40396907741696
 30
0.0
  0
SPLINE
  5
2CF
330
17
100
AcDbEntity
  8
ENGRAVE
100
AcDbSpline
 70
0
 71
2
 72
6
 73
3
 74
0
 40
0.0
 40
0.0
 40
0.0
 40
1.0
 40
1.0
 40
1.0
 10
11.616240098373344
 20
46.81895931179196
 30
0.0
 10
11.646220567123343
 20
46.54893978054196
 30
0.0
 10
11.743730332748344
 20
46.34644954616696
 30
0.0
  0
SPLINE
  5
2D0
330
17
100
AcDbEntity
  8
ENGRAVE
100
AcDbSpline
 70
0
 71
2
 72
6
 73
3
 74
0
 40
0.0
 40
0.0
 40
0.0
 40
1.0
 40
1.0
 40
1.0
 10
11.743730332748344
 20
46.34644954616696
 30
0.0
 10
11.841240098373344
 20
46.14395931179196
 30
0.0
 10
12.111210801498345
 20
46.06895931179196
 30
0.0
  0
SPLINE
  5
2D1
330
17
100
AcDbEntity
  8
ENGRAVE
100
AcDbSpline
 70
0
 71
2
 72
6
 73
3
 74
0
 40
0.0
 40
0.0
 40
0.0
 40
1.0
 40
1.0
 40
1.0
 10
12.396220567123343
 20
48.92645442897946
 30
0.0
 10
12.201201035873344
 20
48.69395931179196
 30
0.0
 10
12.141240098373345
 20
48.573939780541956
 30
0.0
  0
SPLINE
  5
2D2
330
17
100
AcDbEntity
  8
ENGRAVE
100
AcDbSpline
 70
0
 71
2
 72
6
 73
3
 74
0
 40
0.0
 40
0.0
 40
0.0
 40
1.0
 40
1.0
 40
1.0
 10
13.131205918685843
 20
47.38895442897946
 30
0.0
 10
12.786210801498344
 20
47.35894954616696
 30
0.0
 10
12.186210801498344
 20
47.478969077416956
 30
0.0
  0
SPLINE
  5
2D3
330
17
100
AcDbEntity
  8
ENGRAVE
100
AcDbSpline
 70
0
 71
2
 72
6
 73
3
 74
0
 40
0.0
 40
0.0
 40
0.0
 40
1.0
 40
1.0
 40
1.0
 10
13.341240098373344
 20
45.093959311791956
 30
0.0
 10
12.891240098373345
 20
44.83897884304196
 30
0.0
 10
12.388725449935844
 20
44.801478843041956
 30
0.0
  0
SPLINE
  5
2D4
330
17
100
AcDbEntity
  8
ENGRAVE
100
AcDbSpline
 70
0
 71
2
 72
6
 73
3
 74
0
 40
0.0
 40
0.0
 40
0.0
 40
1.0
 40
1.0
 40
1.0
 10
12.823735215560845
 20
49.36895931179196
 30
0.0
 10
12.591240098373344
 20
49.15894954616696
 30
0.0
 10
12.396220567123343
 20
48.92645442897946
 30
0.0
  0
SPLINE
  5
2D5
330
17
100
AcDbEntity
  8
ENGRAVE
100
AcDbSpline
 70
0
 71
2
 72
6
 73
3
 74
0
 40
0.0
 40
0.0
 40
0.0
 40
1.0
 40
1.0
 40
1.0
 10
12.141240098373345
 20
48.573939780541956
 30
0.0
 10
12.216240098373344
 20
48.468959311791956
 30
0.0
 10
12.568730332748345
 20
48.42396419460446
 30
0.0
  0
SPLINE
  5
2D6
330
17
100
AcDbEntity
  8
ENGRAVE
100
AcDbSpline
 70
0
 71
2
 72
6
 73
3
 74
0
 40
0.0
 40
0.0
 40
0.0
 40
1.0
 40
1.0
 40
1.0
 10
12.111210801498345
 20
46.06895931179196
 30
0.0
 10
12.456230332748344
 20
46.00894954616696
 30
0.0
 10
12.606230332748344
 20
46.06146419460446
 30
0.0
  0
SPLINE
  5
2D7
330
17
100
AcDbEntity
  8
ENGRAVE
100
AcDbSpline
 70
0
 71
2
 72
6
 73
3
 74
0
 40
0.0
 40
0.0
 40
0.0
 40
1.0
 40
1.0
 40
1.0
 10
11.676225449935844
 20
49.87896907741696
 30
0.0
 10
12.171220567123344
 20
50.41895931179196
 30
0.0
 10
12.756230332748345
 20
50.61397884304196
 30
0.0
  0
SPLINE
  5
2D8
330
17
100
AcDbEntity
  8
ENGRAVE
100
AcDbSpline
 70
0
 71
2
 72
6
 73
3
 74
0
 40
0.0
 40
0.0
 40
0.0
 40
1.0
 40
1.0
 40
1.0
 10
13.206230332748344
 20
49.62393978054196
 30
0.0
 10
13.056230332748346
 20
49.57896907741696
 30
0.0
 10
12.823735215560845
 20
49.36895931179196
 30
0.0
  0
SPLINE
  5
2D9
330
17
100
AcDbEntity
  8
ENGRAVE
100
AcDbSpline
 70
0
 71
2
 72
6
 73
3
 74
0
 40
0.0
 40
0.0
 40
0.0
 40
1.0
 40
1.0
 40
1.0
 10
12.606230332748344
 20
46.06146419460446
 30
0.0
 10
12.756230332748345
 20
46.113978843041956
 30
0.0
 10
12.981230332748344
 20
46.218959311791956
 30
0.0
  0
SPLINE
  5
2DA
330
17
100
AcDbEntity
  8
ENGRAVE
100
AcDbSpline
 70
0
 71
2
 72
6
 73
3
 74
0
 40
0.0
 40
0.0
 40
0.0
 40
1.0
 40
1.0
 40
1.0
 10
13.731230332748344
 20
47.52393978054196
 30
0.0
 10
13.476201035873345
 20
47.41895931179196
 30
0.0
 10
13.131205918685843
 20
47.38895442897946
 30
0.0
  0
SPLINE
  5
2DB
330
17
100
AcDbEntity
  8
ENGRAVE
100
AcDbSpline
 70
0
 71
2
 72
6
 73
3
 74
0
 40
0.0
 40
0.0
 40
0.0
 40
1.0
 40
1.0
 40
1.0
 10
12.568730332748345
 20
48.42396419460446
 30
0.0
 10
12.921220567123344
 20
48.37896907741696
 30
0.0
 10
13.146220567123343
 20
48.43897884304196
 30
0.0
  0
SPLINE
  5
2DC
330
17
100
AcDbEntity
  8
ENGRAVE
100
AcDbSpline
 70
0
 71
2
 72
6
 73
3
 74
0
 40
0.0
 40
0.0
 40
0.0
 40
1.0
 40
1.0
 40
1.0
 10
12.756230332748345
 20
50.61397884304196
 30
0.0
 10
12.966240098373344
 20
50.68897884304196
 30
0.0
 10
13.183720567123345
 20
50.72647884304196
 30
0.0
  0
SPLINE
  5
2DD
330
17
100
AcDbEntity
  8
ENGRAVE
100
AcDbSpline
 70
0
 71
2
 72
6
 73
3
 74
0
 40
0.0
 40
0.0
 40
0.0
 40
1.0
 40
1.0
 40
1.0
 10
13.768705918685844
 20
49.57894466335446
 30
0.0
 10
13.551201035873344
 20
49.69893978054196
 30
0.0
 10
13.206230332748344
 20
49.62393978054196
 30
0.0
  0
SPLINE
  5
2DE
330
17
100
AcDbEntity
  8
ENGRAVE
100
AcDbSpline
 70
0
 71
2
 72
6
 73
3
 74
0
 40
0.0
 40
0.0
 40
0.0
 40
1.0
 40
1.0
 40
1.0
 10
12.981230332748344
 20
46.218959311791956
 30
0.0
 10
13.146220567123343
 20
46.323939780541956
 30
0.0
 10
13.326225449935844
 20
46.47393978054196
 30
0.0
  0
SPLINE
  5
2DF
330
17
100
AcDbEntity
  8
ENGRAVE
100
AcDbSpline
 70
0
 71
2
 72
6
 73
3
 74
0
 40
0.0
 40
0.0
 40
0.0
 40
1.0
 40
1.0
 40
1.0
 10
14.113725449935844
 20
45.72393978054196
 30
0.0
 10
13.791240098373343
 20
45.34893978054196
 30
0.0
 10
13.341240098373344
 20
45.093959311791956
 30
0.0
  0
SPLINE
  5
2E0
330
17
100
AcDbEntity
  8
ENGRAVE
100
AcDbSpline
 70
0
 71
2
 72
6
 73
3
 74
0
 40
0.0
 40
0.0
 40
0.0
 40
1.0
 40
1.0
 40
1.0
 10
13.146220567123343
 20
48.43897884304196
 30
0.0
 10
13.251201035873343
 20
48.48394954616696
 30
0.0
 10
13.453715684310843
 20
48.64896419460446
 30
0.0
  0
SPLINE
  5
2E1
330
17
100
AcDbEntity
  8
ENGRAVE
100
AcDbSpline
 70
0
 71
2
 72
6
 73
3
 74
0
 40
0.0
 40
0.0
 40
0.0
 40
1.0
 40
1.0
 40
1.0
 10
13.326225449935844
 20
46.47393978054196
 30
0.0
 10
13.506230332748345
 20
46.62393978054196
 30
0.0
 10
13.626201035873343
 20
46.698939780541956
 30
0.0
  0
SPLINE
  5
2E2
330
17
100
AcDbEntity
  8
ENGRAVE
100
AcDbSpline
 70
0
 71
2
 72
6
 73
3
 74
0
 40
0.0
 40
0.0
 40
0.0
 40
1.0
 40
1.0
 40
1.0
 10
14.713725449935845
 20
48.348964194604456
 30
0.0
 10
14.361210801498345
 20
47.79395931179196
 30
0.0
 10
13.731230332748344
 20
47.52393978054196
 30
0.0
  0
SPLINE
  5
2E3
330
17
100
AcDbEntity
  8
ENGRAVE
100
AcDbSpline
 70
0
 71
2
 72
6
 73
3
 74
0
 40
0.0
 40
0.0
 40
0.0
 40
1.0
 40
1.0
 40
1.0
 10
13.183720567123345
 20
50.72647884304196
 30
0.0
 10
13.401201035873346
 20
50.76397884304196
 30
0.0
 10
13.761210801498343
 20
50.73394954616696
 30
0.0
  0
SPLINE
  5
2E4
330
17
100
AcDbEntity
  8
ENGRAVE
100
AcDbSpline
 70
0
 71
2
 72
6
 73
3
 74
0
 40
0.0
 40
0.0
 40
0.0
 40
1.0
 40
1.0
 40
1.0
 10
13.986210801498345
 20
49.29395931179196
 30
0.0
 10
13.986210801498345
 20
49.458949546166956
 30
0.0
 10
13.768705918685844
 20
49.57894466335446
 30
0.0
  0
SPLINE
  5
2E5
330
17
100
AcDbEntity
  8
ENGRAVE
100
AcDbSpline
 70
0
 71
2
 72
6
 73
3
 74
0
 40
0.0
 40
0.0
 40
0.0
 40
1.0
 40
1.0
 40
1.0
 10
13.453715684310843
 20
48.64896419460446
 30
0.0
 10
13.656230332748343
 20
48.81397884304196
 30
0.0
 10
13.821220567123344
 20
49.00147884304196
 30
0.0
  0
SPLINE
  5
2E6
330
17
100
AcDbEntity
  8
ENGRAVE
100
AcDbSpline
 70
0
 71
2
 72
6
 73
3
 74
0
 40
0.0
 40
0.0
 40
0.0
 40
1.0
 40
1.0
 40
1.0
 10
13.626201035873343
 20
46.698939780541956
 30
0.0
 10
13.746220567123345
 20
46.78897884304196
 30
0.0
 10
13.926201035873344
 20
46.78897884304196
 30
0.0
  0
SPLINE
  5
2E7
330
17
100
AcDbEntity
  8
ENGRAVE
100
AcDbSpline
 70
0
 71
2
 72
6
 73
3
 74
0
 40
0.0
 40
0.0
 40
0.0
 40
1.0
 40
1.0
 40
1.0
 10
13.821220567123344
 20
49.00147884304196
 30
0.0
 10
13.986210801498345
 20
49.18897884304196
 30
0.0
 10
13.986210801498345
 20
49.29395931179196
 30
0.0
  0
SPLINE
  5
2E8
330
17
100
AcDbEntity
  8
ENGRAVE
100
AcDbSpline
 70
0
 71
2
 72
6
 73
3
 74
0
 40
0.0
 40
0.0
 40
0.0
 40
1.0
 40
1.0
 40
1.0
 10
14.436210801498344
 20
46.29395931179196
 30
0.0
 10
14.436210801498344
 20
46.09893978054196
 30
0.0
 10
14.113725449935844
 20
45.72393978054196
 30
0.0
  0
SPLINE
  5
2E9
330
17
100
AcDbEntity
  8
ENGRAVE
100
AcDbSpline
 70
0
 71
2
 72
6
 73
3
 74
0
 40
0.0
 40
0.0
 40
0.0
 40
1.0
 40
1.0
 40
1.0
 10
13.926201035873344
 20
46.78897884304196
 30
0.0
 10
14.091240098373344
 20
46.77393978054196
 30
0.0
 10
14.241240098373344
 20
46.60894954616696
 30
0.0
  0
SPLINE
  5
2EA
330
17
100
AcDbEntity
  8
ENGRAVE
100
AcDbSpline
 70
0
 71
2
 72
6
 73
3
 74
0
 40
0.0
 40
0.0
 40
0.0
 40
1.0
 40
1.0
 40
1.0
 10
13.761210801498343
 20
50.73394954616696
 30
0.0
 10
14.106230332748344
 20
50.68897884304196
 30
0.0
 10
14.376225449935845
 20
50.56146419460446
 30
0.0
  0
SPLINE
  5
2EB
330
17
100
AcDbEntity
  8
ENGRAVE
100
AcDbSpline
 70
0
 71
2
 72
6
 73
3
 74
0
 40
0.0
 40
0.0
 40
0.0
 40
1.0
 40
1.0
 40
1.0
 10
14.241240098373344
 20
46.60894954616696
 30
0.0
 10
14.391240098373345
 20
46.44395931179196
 30
0.0
 10
14.436210801498344
 20
46.29395931179196
 30
0.0
  0
SPLINE
  5
2EC
330
17
100
AcDbEntity
  8
ENGRAVE
100
AcDbSpline
 70
0
 71
2
 72
6
 73
3
 74
0
 40
0.0
 40
0.0
 40
0.0
 40
1.0
 40
1.0
 40
1.0
 10
15.141240098373345
 20
49.38394954616696
 30
0.0
 10
15.066240098373346
 20
48.90396907741696
 30
0.0
 10
14.713725449935845
 20
48.348964194604456
 30
0.0
  0
SPLINE
  5
2ED
330
17
100
AcDbEntity
  8
ENGRAVE
100
AcDbSpline
 70
0
 71
2
 72
6
 73
3
 74
0
 40
0.0
 40
0.0
 40
0.0
 40
1.0
 40
1.0
 40
1.0
 10
14.376225449935845
 20
50.56146419460446
 30
0.0
 10
14.646220567123343
 20
50.43394954616696
 30
0.0
 10
14.766240098373345
 20
50.28394954616696
 30
0.0
  0
SPLINE
  5
2EE
330
17
100
AcDbEntity
  8
ENGRAVE
100
AcDbSpline
 70
0
 71
2
 72
6
 73
3
 74
0
 40
0.0
 40
0.0
 40
0.0
 40
1.0
 40
1.0
 40
1.0
 10
14.766240098373345
 20
50.28394954616696
 30
0.0
 10
15.006230332748345
 20
50.04395931179196
 30
0.0
 10
15.081230332748344
 20
49.81895931179196
 30
0.0
  0
SPLINE
  5
2EF
330
17
100
AcDbEntity
  8
ENGRAVE
100
AcDbSpline
 70
0
 71
2
 72
6
 73
3
 74
0
 40
0.0
 40
0.0
 40
0.0
 40
1.0
 40
1.0
 40
1.0
 10
15.081230332748344
 20
49.81895931179196
 30
0.0
 10
15.156230332748343
 20
49.59395931179196
 30
0.0
 10
15.141240098373345
 20
49.38394954616696
 30
0.0
  0
SPLINE
  5
2F0
330
17
100
AcDbEntity
  8
ENGRAVE
100
AcDbSpline
 70
0
 71
2
 72
6
 73
3
 74
0
 40
0.0
 40
0.0
 40
0.0
 40
1.0
 40
1.0
 40
1.0
 10
15.508744981185844
 20
45.14647396022946
 30
0.0
 10
15.276249863998345
 20
45.37896907741696
 30
0.0
 10
15.321220567123344
 20
45.55894954616696
 30
0.0
  0
SPLINE
  5
2F1
330
17
100
AcDbEntity
  8
ENGRAVE
100
AcDbSpline
 70
0
 71
2
 72
6
 73
3
 74
0
 40
0.0
 40
0.0
 40
0.0
 40
1.0
 40
1.0
 40
1.0
 10
15.321220567123344
 20
45.55894954616696
 30
0.0
 10
15.351249863998344
 20
45.64893978054196
 30
0.0
 10
15.426249863998343
 20
45.72393978054196
 30
0.0
  0
SPLINE
  5
2F2
330
17
100
AcDbEntity
  8
ENGRAVE
100
AcDbSpline
 70
0
 71
2
 72
6
 73
3
 74
0
 40
0.0
 40
0.0
 40
0.0
 40
1.0
 40
1.0
 40
1.0
 10
16.251249863998343
 20
44.70396907741696
 30
0.0
 10
15.741240098373344
 20
44.91397884304196
 30
0.0
 10
15.508744981185844
 20
45.14647396022946
 30
0.0
  0
SPLINE
  5
2F3
330
17
100
AcDbEntity
  8
ENGRAVE
100
AcDbSpline
 70
0
 71
2
 72
6
 73
3
 74
0
 40
0.0
 40
0.0
 40
0.0
 40
1.0
 40
1.0
 40
1.0
 10
15.756230332748345
 20
47.57645442897946
 30
0.0
 10
15.666240098373343
 20
47.86895931179196
 30
0.0
 10
15.666240098373343
 20
48.10894954616696
 30
0.0
  0
SPLINE
  5
2F4
330
17
100
AcDbEntity
  8
ENGRAVE
100
AcDbSpline
 70
0
 71
2
 72
6
 73
3
 74
0
 40
0.0
 40
0.0
 40
0.0
 40
1.0
 40
1.0
 40
1.0
 10
15.951249863998344
 20
47.28394954616696
 30
0.0
 10
15.846220567123344
 20
47.28394954616696
 30
0.0
 10
15.756230332748345
 20
47.57645442897946
 30
0.0
  0
SPLINE
  5
2F5
330
17
100
AcDbEntity
  8
ENGRAVE
100
AcDbSpline
 70
0
 71
2
 72
6
 73
3
 74
0
 40
0.0
 40
0.0
 40
0.0
 40
1.0
 40
1.0
 40
1.0
 10
15.426249863998343
 20
45.72393978054196
 30
0.0
 10
15.501249863998344
 20
45.79893978054196
 30
0.0
 10
15.763749863998344
 20
45.79144466335446
 30
0.0
  0
SPLINE
  5
2F6
330
17
100
AcDbEntity
  8
ENGRAVE
100
AcDbSpline
 70
0
 71
2
 72
6
 73
3
 74
0
 40
0.0
 40
0.0
 40
0.0
 40
1.0
 40
1.0
 40
1.0
 10
15.666240098373343
 20
48.10894954616696
 30
0.0
 10
15.666240098373343
 20
48.55894954616696
 30
0.0
 10
15.943730332748345
 20
48.99395931179196
 30
0.0
  0
SPLINE
  5
2F7
330
17
100
AcDbEntity
  8
ENGRAVE
100
AcDbSpline
 70
0
 71
2
 72
6
 73
3
 74
0
 40
0.0
 40
0.0
 40
0.0
 40
1.0
 40
1.0
 40
1.0
 10
16.161235215560843
 20
46.89395931179196
 30
0.0
 10
15.891240098373345
 20
47.103969077416956
 30
0.0
 10
15.951249863998344
 20
47.208949546166956
 30
0.0
  0
SPLINE
  5
2F8
330
17
100
AcDbEntity
  8
ENGRAVE
100
AcDbSpline
 70
0
 71
2
 72
6
 73
3
 74
0
 40
0.0
 40
0.0
 40
0.0
 40
1.0
 40
1.0
 40
1.0
 10
16.761210801498343
 20
46.41397884304196
 30
0.0
 10
16.431230332748346
 20
46.68394954616696
 30
0.0
 10
16.161235215560843
 20
46.89395931179196
 30
0.0
  0
SPLINE
  5
2F9
330
17
100
AcDbEntity
  8
ENGRAVE
100
AcDbSpline
 70
0
 71
2
 72
6
 73
3
 74
0
 40
0.0
 40
0.0
 40
0.0
 40
1.0
 40
1.0
 40
1.0
 10
16.948710801498343
 20
44.57645442897946
 30
0.0
 10
16.536210801498346
 20
44.583949546166956
 30
0.0
 10
16.251249863998343
 20
44.70396907741696
 30
0.0
  0
SPLINE
  5
2FA
330
17
100
AcDbEntity
  8
ENGRAVE
100
AcDbSpline
 70
0
 71
2
 72
6
 73
3
 74
0
 40
0.0
 40
0.0
 40
0.0
 40
1.0
 40
1.0
 40
1.0
 10
15.943730332748345
 20
48.99395931179196
 30
0.0
 10
16.221220567123343
 20
49.42896907741696
 30
0.0
 10
16.536210801498346
 20
49.75894954616696
 30
0.0
  0
SPLINE
  5
2FB
330
17
100
AcDbEntity
  8
ENGRAVE
100
AcDbSpline
 70
0
 71
2
 72
6
 73
3
 74
0
 40
0.0
 40
0.0
 40
0.0
 40
1.0
 40
1.0
 40
1.0
 10
15.763749863998344
 20
45.79144466335446
 30
0.0
 10
16.026249863998345
 20
45.78394954616696
 30
0.0
 10
16.581230332748344
 20
45.64893978054196
 30
0.0
  0
SPLINE
  5
2FC
330
17
100
AcDbEntity
  8
ENGRAVE
100
AcDbSpline
 70
0
 71
2
 72
6
 73
3
 74
0
 40
0.0
 40
0.0
 40
0.0
 40
1.0
 40
1.0
 40
1.0
 10
16.993730332748346
 20
46.24893978054196
 30
0.0
 10
16.896220567123343
 20
46.323939780541956
 30
0.0
 10
16.761210801498343
 20
46.41397884304196
 30
0.0
  0
SPLINE
  5
2FD
330
17
100
AcDbEntity
  8
ENGRAVE
100
AcDbSpline
 70
0
 71
2
 72
6
 73
3
 74
0
 40
0.0
 40
0.0
 40
0.0
 40
1.0
 40
1.0
 40
1.0
 10
17.736210801498345
 20
44.63646419460446
 30
0.0
 10
17.361210801498345
 20
44.56895931179196
 30
0.0
 10
16.948710801498343
 20
44.57645442897946
 30
0.0
  0
SPLINE
  5
2FE
330
17
100
AcDbEntity
  8
ENGRAVE
100
AcDbSpline
 70
0
 71
2
 72
6
 73
3
 74
0
 40
0.0
 40
0.0
 40
0.0
 40
1.0
 40
1.0
 40
1.0
 10
17.008720567123344
 20
48.20645931179196
 30
0.0
 10
16.956230332748344
 20
48.093959311791956
 30
0.0
 10
16.971220567123346
 20
47.97393978054196
 30
0.0
  0
SPLINE
  5
2FF
330
17
100
AcDbEntity
  8
ENGRAVE
100
AcDbSpline
 70
0
 71
2
 72
6
 73
3
 74
0
 40
0.0
 40
0.0
 40
0.0
 40
1.0
 40
1.0
 40
1.0
 10
17.121220567123345
 20
46.09893978054196
 30
0.0
 10
17.091240098373344
 20
46.17393978054196
 30
0.0
 10
16.993730332748346
 20
46.24893978054196
 30
0.0
  0
SPLINE
  5
300
330
17
100
AcDbEntity
  8
ENGRAVE
100
AcDbSpline
 70
0
 71
2
 72
6
 73
3
 74
0
 40
0.0
 40
0.0
 40
0.0
 40
1.0
 40
1.0
 40
1.0
 10
17.076249863998346
 20
48.45396907741696
 30
0.0
 10
17.061210801498344
 20
48.31895931179196
 30
0.0
 10
17.008720567123344
 20
48.20645931179196
 30
0.0
  0
SPLINE
  5
301
330
17
100
AcDbEntity
  8
ENGRAVE
100
AcDbSpline
 70
0
 71
2
 72
6
 73
3
 74
0
 40
0.0
 40
0.0
 40
0.0
 40
1.0
 40
1.0
 40
1.0
 10
16.581230332748344
 20
45.64893978054196
 30
0.0
 10
16.836210801498346
 20
45.64893978054196
 30
0.0
 10
17.068730332748345
 20
45.67894466335446
 30
0.0
  0
SPLINE
  5
302
330
17
100
AcDbEntity
  8
ENGRAVE
100
AcDbSpline
 70
0
 71
2
 72
6
 73
3
 74
0
 40
0.0
 40
0.0
 40
0.0
 40
1.0
 40
1.0
 40
1.0
 10
17.316240098373346
 20
48.78394954616696
 30
0.0
 10
17.166240098373343
 20
48.573939780541956
 30
0.0
 10
17.076249863998346
 20
48.45396907741696
 30
0.0
  0
SPLINE
  5
303
330
17
100
AcDbEntity
  8
ENGRAVE
100
AcDbSpline
 70
0
 71
2
 72
6
 73
3
 74
0
 40
0.0
 40
0.0
 40
0.0
 40
1.0
 40
1.0
 40
1.0
 10
17.391240098373345
 20
45.978969077416956
 30
0.0
 10
17.271220567123343
 20
46.09893978054196
 30
0.0
 10
17.121220567123345
 20
46.09893978054196
 30
0.0
  0
SPLINE
  5
304
330
17
100
AcDbEntity
  8
ENGRAVE
100
AcDbSpline
 70
0
 71
2
 72
6
 73
3
 74
0
 40
0.0
 40
0.0
 40
0.0
 40
1.0
 40
1.0
 40
1.0
 10
16.971220567123346
 20
47.97393978054196
 30
0.0
 10
16.986210801498345
 20
47.823939780541956
 30
0.0
 10
17.121220567123345
 20
47.68895442897946
 30
0.0
  0
SPLINE
  5
305
330
17
100
AcDbEntity
  8
ENGRAVE
100
AcDbSpline
 70
0
 71
2
 72
6
 73
3
 74
0
 40
0.0
 40
0.0
 40
0.0
 40
1.0
 40
1.0
 40
1.0
 10
17.586235215560844
 20
49.13646419460446
 30
0.0
 10
17.466240098373344
 20
48.99395931179196
 30
0.0
 10
17.316240098373346
 20
48.78394954616696
 30
0.0
  0
SPLINE
  5
306
330
17
100
AcDbEntity
  8
ENGRAVE
100
AcDbSpline
 70
0
 71
2
 72
6
 73
3
 74
0
 40
0.0
 40
0.0
 40
0.0
 40
1.0
 40
1.0
 40
1.0
 10
17.496244981185846
 20
45.86646907741696
 30
0.0
 10
17.466240098373344
 20
45.91895931179196
 30
0.0
 10
17.391240098373345
 20
45.978969077416956
 30
0.0
  0
SPLINE
  5
307
330
17
100
AcDbEntity
  8
ENGRAVE
100
AcDbSpline
 70
0
 71
2
 72
6
 73
3
 74
0
 40
0.0
 40
0.0
 40
0.0
 40
1.0
 40
1.0
 40
1.0
 10
17.068730332748345
 20
45.67894466335446
 30
0.0
 10
17.301249863998343
 20
45.708949546166956
 30
0.0
 10
17.451249863998346
 20
45.78394954616696
 30
0.0
  0
SPLINE
  5
308
330
17
100
AcDbEntity
  8
ENGRAVE
100
AcDbSpline
 70
0
 71
2
 72
6
 73
3
 74
0
 40
0.0
 40
0.0
 40
0.0
 40
1.0
 40
1.0
 40
1.0
 10
16.536210801498346
 20
49.75894954616696
 30
0.0
 10
16.956230332748344
 20
50.16397884304196
 30
0.0
 10
17.481230332748343
 20
50.53897884304196
 30
0.0
  0
SPLINE
  5
309
330
17
100
AcDbEntity
  8
ENGRAVE
100
AcDbSpline
 70
0
 71
2
 72
6
 73
3
 74
0
 40
0.0
 40
0.0
 40
0.0
 40
1.0
 40
1.0
 40
1.0
 10
17.451249863998346
 20
45.78394954616696
 30
0.0
 10
17.526249863998345
 20
45.81397884304196
 30
0.0
 10
17.496244981185846
 20
45.86646907741696
 30
0.0
  0
SPLINE
  5
30A
330
17
100
AcDbEntity
  8
ENGRAVE
100
AcDbSpline
 70
0
 71
2
 72
6
 73
3
 74
0
 40
0.0
 40
0.0
 40
0.0
 40
1.0
 40
1.0
 40
1.0
 10
17.121220567123345
 20
47.68895442897946
 30
0.0
 10
17.256230332748345
 20
47.55396907741696
 30
0.0
 10
17.511210801498343
 20
47.343959311791956
 30
0.0
  0
SPLINE
  5
30B
330
17
100
AcDbEntity
  8
ENGRAVE
100
AcDbSpline
 70
0
 71
2
 72
6
 73
3
 74
0
 40
0.0
 40
0.0
 40
0.0
 40
1.0
 40
1.0
 40
1.0
 10
17.706230332748344
 20
49.20396907741696
 30
0.0
 10
17.706230332748344
 20
49.27896907741696
 30
0.0
 10
17.586235215560844
 20
49.13646419460446
 30
0.0
  0
SPLINE
  5
30C
330
17
100
AcDbEntity
  8
ENGRAVE
100
AcDbSpline
 70
0
 71
2
 72
6
 73
3
 74
0
 40
0.0
 40
0.0
 40
0.0
 40
1.0
 40
1.0
 40
1.0
 10
17.788725449935846
 20
49.23397396022946
 30
0.0
 10
17.766240098373345
 20
49.20396907741696
 30
0.0
 10
17.706230332748344
 20
49.20396907741696
 30
0.0
  0
SPLINE
  5
30D
330
17
100
AcDbEntity
  8
ENGRAVE
100
AcDbSpline
 70
0
 71
2
 72
6
 73
3
 74
0
 40
0.0
 40
0.0
 40
0.0
 40
1.0
 40
1.0
 40
1.0
 10
18.261210801498343
 20
44.77896907741696
 30
0.0
 10
18.111210801498345
 20
44.70396907741696
 30
0.0
 10
17.736210801498345
 20
44.63646419460446
 30
0.0
  0
SPLINE
  5
30E
330
17
100
AcDbEntity
  8
ENGRAVE
100
AcDbSpline
 70
0
 71
2
 72
6
 73
3
 74
0
 40
0.0
 40
0.0
 40
0.0
 40
1.0
 40
1.0
 40
1.0
 10
17.871220567123345
 20
49.36895931179196
 30
0.0
 10
17.811210801498344
 20
49.26397884304196
 30
0.0
 10
17.788725449935846
 20
49.23397396022946
 30
0.0
  0
SPLINE
  5
30F
330
17
100
AcDbEntity
  8
ENGRAVE
100
AcDbSpline
 70
0
 71
2
 72
6
 73
3
 74
0
 40
0.0
 40
0.0
 40
0.0
 40
1.0
 40
1.0
 40
1.0
 10
18.291215684310842
 20
49.67645442897946
 30
0.0
 10
18.021220567123343
 20
49.50396907741696
 30
0.0
 10
17.871220567123345
 20
49.36895931179196
 30
0.0
  0
SPLINE
  5
310
330
17
100
AcDbEntity
  8
ENGRAVE
100
AcDbSpline
 70
0
 71
2
 72
6
 73
3
 74
0
 40
0.0
 40
0.0
 40
0.0
 40
1.0
 40
1.0
 40
1.0
 10
18.861235215560846
 20
45.29644954616696
 30
0.0
 10
18.666240098373343
 20
44.958949546166956
 30
0.0
 10
18.261210801498343
 20
44.77896907741696
 30
0.0
  0
SPLINE
  5
311
330
17
100
AcDbEntity
  8
ENGRAVE
100
AcDbSpline
 70
0
 71
2
 72
6
 73
3
 74
0
 40
0.0
 40
0.0
 40
0.0
 40
1.0
 40
1.0
 40
1.0
 10
18.808720567123345
 20
49.96895931179196
 30
0.0
 10
18.561210801498344
 20
49.84893978054196
 30
0.0
 10
18.291215684310842
 20
49.67645442897946
 30
0.0
  0
SPLINE
  5
312
330
17
100
AcDbEntity
  8
ENGRAVE
100
AcDbSpline
 70
0
 71
2
 72
6
 73
3
 74
0
 40
0.0
 40
0.0
 40
0.0
 40
1.0
 40
1.0
 40
1.0
 10
17.511210801498343
 20
47.343959311791956
 30
0.0
 10
18.036210801498346
 20
46.95396907741696
 30
0.0
 10
18.298710801498345
 20
46.728969077416956
 30
0.0
  0
SPLINE
  5
313
330
17
100
AcDbEntity
  8
ENGRAVE
100
AcDbSpline
 70
0
 71
2
 72
6
 73
3
 74
0
 40
0.0
 40
0.0
 40
0.0
 40
1.0
 40
1.0
 40
1.0
 10
18.298710801498345
 20
46.728969077416956
 30
0.0
 10
18.561210801498344
 20
46.50396907741696
 30
0.0
 10
18.666215684310842
 20
46.36895931179196
 30
0.0
  0
SPLINE
  5
314
330
17
100
AcDbEntity
  8
ENGRAVE
100
AcDbSpline
 70
0
 71
2
 72
6
 73
3
 74
0
 40
0.0
 40
0.0
 40
0.0
 40
1.0
 40
1.0
 40
1.0
 10
17.481230332748343
 20
50.53897884304196
 30
0.0
 10
18.006230332748345
 20
50.91397884304196
 30
0.0
 10
18.696220567123344
 20
51.09395931179196
 30
0.0
  0
SPLINE
  5
315
330
17
100
AcDbEntity
  8
ENGRAVE
100
AcDbSpline
 70
0
 71
2
 72
6
 73
3
 74
0
 40
0.0
 40
0.0
 40
0.0
 40
1.0
 40
1.0
 40
1.0
 10
18.748710801498344
 20
48.80645931179196
 30
0.0
 10
18.711210801498346
 20
48.87393978054196
 30
0.0
 10
18.711210801498346
 20
48.93394954616696
 30
0.0
  0
SPLINE
  5
316
330
17
100
AcDbEntity
  8
ENGRAVE
100
AcDbSpline
 70
0
 71
2
 72
6
 73
3
 74
0
 40
0.0
 40
0.0
 40
0.0
 40
1.0
 40
1.0
 40
1.0
 10
18.786210801498346
 20
48.738978843041956
 30
0.0
 10
18.786210801498346
 20
48.738978843041956
 30
0.0
 10
18.748710801498344
 20
48.80645931179196
 30
0.0
  0
SPLINE
  5
317
330
17
100
AcDbEntity
  8
ENGRAVE
100
AcDbSpline
 70
0
 71
2
 72
6
 73
3
 74
0
 40
0.0
 40
0.0
 40
0.0
 40
1.0
 40
1.0
 40
1.0
 10
18.711210801498346
 20
48.93394954616696
 30
0.0
 10
18.711210801498346
 20
48.99395931179196
 30
0.0
 10
18.756230332748345
 20
49.04644954616696
 30
0.0
  0
SPLINE
  5
318
330
17
100
AcDbEntity
  8
ENGRAVE
100
AcDbSpline
 70
0
 71
2
 72
6
 73
3
 74
0
 40
0.0
 40
0.0
 40
0.0
 40
1.0
 40
1.0
 40
1.0
 10
18.921220567123346
 20
48.588954428979456
 30
0.0
 10
18.846220567123346
 20
48.64893978054196
 30
0.0
 10
18.786210801498346
 20
48.738978843041956
 30
0.0
  0
SPLINE
  5
319
330
17
100
AcDbEntity
  8
ENGRAVE
100
AcDbSpline
 70
0
 71
2
 72
6
 73
3
 74
0
 40
0.0
 40
0.0
 40
0.0
 40
1.0
 40
1.0
 40
1.0
 10
18.666215684310842
 20
46.36895931179196
 30
0.0
 10
18.771220567123343
 20
46.23394954616696
 30
0.0
 10
18.801249863998343
 20
46.09893978054196
 30
0.0
  0
SPLINE
  5
31A
330
17
100
AcDbEntity
  8
ENGRAVE
100
AcDbSpline
 70
0
 71
2
 72
6
 73
3
 74
0
 40
0.0
 40
0.0
 40
0.0
 40
1.0
 40
1.0
 40
1.0
 10
18.756230332748345
 20
49.04644954616696
 30
0.0
 10
18.801249863998343
 20
49.09893978054196
 30
0.0
 10
18.801249863998343
 20
49.09893978054196
 30
0.0
  0
SPLINE
  5
31B
330
17
100
AcDbEntity
  8
ENGRAVE
100
AcDbSpline
 70
0
 71
2
 72
6
 73
3
 74
0
 40
0.0
 40
0.0
 40
0.0
 40
1.0
 40
1.0
 40
1.0
 10
19.131230332748345
 20
50.08897884304196
 30
0.0
 10
19.056230332748346
 20
50.08897884304196
 30
0.0
 10
18.808720567123345
 20
49.96895931179196
 30
0.0
  0
SPLINE
  5
31C
330
17
100
AcDbEntity
  8
ENGRAVE
100
AcDbSpline
 70
0
 71
2
 72
6
 73
3
 74
0
 40
0.0
 40
0.0
 40
0.0
 40
1.0
 40
1.0
 40
1.0
 10
18.801249863998343
 20
46.09893978054196
 30
0.0
 10
19.056230332748346
 20
45.63394954616696
 30
0.0
 10
18.861235215560846
 20
45.29644954616696
 30
0.0
  0
SPLINE
  5
31D
330
17
100
AcDbEntity
  8
ENGRAVE
100
AcDbSpline
 70
0
 71
2
 72
6
 73
3
 74
0
 40
0.0
 40
0.0
 40
0.0
 40
1.0
 40
1.0
 40
1.0
 10
19.086210801498346
 20
48.468959311791956
 30
0.0
 10
18.996220567123345
 20
48.52896907741696
 30
0.0
 10
18.921220567123346
 20
48.588954428979456
 30
0.0
  0
SPLINE
  5
31E
330
17
100
AcDbEntity
  8
ENGRAVE
100
AcDbSpline
 70
0
 71
2
 72
6
 73
3
 74
0
 40
0.0
 40
0.0
 40
0.0
 40
1.0
 40
1.0
 40
1.0
 10
19.476225449935846
 20
48.483973960229456
 30
0.0
 10
19.221220567123346
 20
48.363978843041956
 30
0.0
 10
19.086210801498346
 20
48.468959311791956
 30
0.0
  0
SPLINE
  5
31F
330
17
100
AcDbEntity
  8
ENGRAVE
100
AcDbSpline
 70
0
 71
2
 72
6
 73
3
 74
0
 40
0.0
 40
0.0
 40
0.0
 40
1.0
 40
1.0
 40
1.0
 10
19.326249863998346
 20
49.95396907741696
 30
0.0
 10
19.326249863998346
 20
50.08897884304196
 30
0.0
 10
19.131230332748345
 20
50.08897884304196
 30
0.0
  0
SPLINE
  5
320
330
17
100
AcDbEntity
  8
ENGRAVE
100
AcDbSpline
 70
0
 71
2
 72
6
 73
3
 74
0
 40
0.0
 40
0.0
 40
0.0
 40
1.0
 40
1.0
 40
1.0
 10
18.696220567123344
 20
51.09395931179196
 30
0.0
 10
18.906230332748343
 20
51.13897884304196
 30
0.0
 10
19.176225449935842
 20
51.13897884304196
 30
0.0
  0
SPLINE
  5
321
330
17
100
AcDbEntity
  8
ENGRAVE
100
AcDbSpline
 70
0
 71
2
 72
6
 73
3
 74
0
 40
0.0
 40
0.0
 40
0.0
 40
1.0
 40
1.0
 40
1.0
 10
18.801249863998343
 20
49.09893978054196
 30
0.0
 10
19.101249863998344
 20
49.38394954616696
 30
0.0
 10
19.213749863998345
 20
49.61644466335446
 30
0.0
  0
SPLINE
  5
322
330
17
100
AcDbEntity
  8
ENGRAVE
100
AcDbSpline
 70
0
 71
2
 72
6
 73
3
 74
0
 40
0.0
 40
0.0
 40
0.0
 40
1.0
 40
1.0
 40
1.0
 10
19.213749863998345
 20
49.61644466335446
 30
0.0
 10
19.326249863998346
 20
49.84893978054196
 30
0.0
 10
19.326249863998346
 20
49.95396907741696
 30
0.0
  0
SPLINE
  5
323
330
17
100
AcDbEntity
  8
ENGRAVE
100
AcDbSpline
 70
0
 71
2
 72
6
 73
3
 74
0
 40
0.0
 40
0.0
 40
0.0
 40
1.0
 40
1.0
 40
1.0
 10
20.016240098373345
 20
48.79893978054196
 30
0.0
 10
19.731230332748346
 20
48.603969077416956
 30
0.0
 10
19.476225449935846
 20
48.483973960229456
 30
0.0
  0
SPLINE
  5
324
330
17
100
AcDbEntity
  8
ENGRAVE
100
AcDbSpline
 70
0
 71
2
 72
6
 73
3
 74
0
 40
0.0
 40
0.0
 40
0.0
 40
1.0
 40
1.0
 40
1.0
 10
19.176225449935842
 20
51.13897884304196
 30
0.0
 10
19.446220567123344
 20
51.13897884304196
 30
0.0
 10
19.566240098373346
 20
51.06397884304196
 30
0.0
  0
SPLINE
  5
325
330
17
100
AcDbEntity
  8
ENGRAVE
100
AcDbSpline
 70
0
 71
2
 72
6
 73
3
 74
0
 40
0.0
 40
0.0
 40
0.0
 40
1.0
 40
1.0
 40
1.0
 10
19.566240098373346
 20
51.06397884304196
 30
0.0
 10
19.686210801498344
 20
51.13897884304196
 30
0.0
 10
19.866215684310845
 20
51.02647884304196
 30
0.0
  0
SPLINE
  5
326
330
17
100
AcDbEntity
  8
ENGRAVE
100
AcDbSpline
 70
0
 71
2
 72
6
 73
3
 74
0
 40
0.0
 40
0.0
 40
0.0
 40
1.0
 40
1.0
 40
1.0
 10
20.241240098373346
 20
49.14395931179196
 30
0.0
 10
20.241240098373346
 20
48.99395931179196
 30
0.0
 10
20.016240098373345
 20
48.79893978054196
 30
0.0
  0
SPLINE
  5
327
330
17
100
AcDbEntity
  8
ENGRAVE
100
AcDbSpline
 70
0
 71
2
 72
6
 73
3
 74
0
 40
0.0
 40
0.0
 40
0.0
 40
1.0
 40
1.0
 40
1.0
 10
19.866215684310845
 20
51.02647884304196
 30
0.0
 10
20.046220567123346
 20
50.91397884304196
 30
0.0
 10
20.226225449935846
 20
50.71895931179196
 30
0.0
  0
SPLINE
  5
328
330
17
100
AcDbEntity
  8
ENGRAVE
100
AcDbSpline
 70
0
 71
2
 72
6
 73
3
 74
0
 40
0.0
 40
0.0
 40
0.0
 40
1.0
 40
1.0
 40
1.0
 10
20.278740098373344
 20
49.22645442897946
 30
0.0
 10
20.241240098373346
 20
49.218959311791956
 30
0.0
 10
20.241240098373346
 20
49.14395931179196
 30
0.0
  0
SPLINE
  5
329
330
17
100
AcDbEntity
  8
ENGRAVE
100
AcDbSpline
 70
0
 71
2
 72
6
 73
3
 74
0
 40
0.0
 40
0.0
 40
0.0
 40
1.0
 40
1.0
 40
1.0
 10
20.316240098373346
 20
49.23394954616696
 30
0.0
 10
20.316240098373346
 20
49.23394954616696
 30
0.0
 10
20.278740098373344
 20
49.22645442897946
 30
0.0
  0
SPLINE
  5
32A
330
17
100
AcDbEntity
  8
ENGRAVE
100
AcDbSpline
 70
0
 71
2
 72
6
 73
3
 74
0
 40
0.0
 40
0.0
 40
0.0
 40
1.0
 40
1.0
 40
1.0
 10
20.451225449935844
 20
49.42894466335446
 30
0.0
 10
20.421220567123346
 20
49.23394954616696
 30
0.0
 10
20.316240098373346
 20
49.23394954616696
 30
0.0
  0
SPLINE
  5
32B
330
17
100
AcDbEntity
  8
ENGRAVE
100
AcDbSpline
 70
0
 71
2
 72
6
 73
3
 74
0
 40
0.0
 40
0.0
 40
0.0
 40
1.0
 40
1.0
 40
1.0
 10
20.488725449935846
 20
49.88643978054196
 30
0.0
 10
20.481230332748346
 20
49.62393978054196
 30
0.0
 10
20.451225449935844
 20
49.42894466335446
 30
0.0
  0
SPLINE
  5
32C
330
17
100
AcDbEntity
  8
ENGRAVE
100
AcDbSpline
 70
0
 71
2
 72
6
 73
3
 74
0
 40
0.0
 40
0.0
 40
0.0
 40
1.0
 40
1.0
 40
1.0
 10
20.496220567123345
 20
50.32896907741696
 30
0.0
 10
20.496220567123345
 20
50.14893978054196
 30
0.0
 10
20.488725449935846
 20
49.88643978054196
 30
0.0
  0
SPLINE
  5
32D
330
17
100
AcDbEntity
  8
ENGRAVE
100
AcDbSpline
 70
0
 71
2
 72
6
 73
3
 74
0
 40
0.0
 40
0.0
 40
0.0
 40
1.0
 40
1.0
 40
1.0
 10
20.226225449935846
 20
50.71895931179196
 30
0.0
 10
20.406230332748343
 20
50.52393978054196
 30
0.0
 10
20.496220567123345
 20
50.32896907741696
 30
0.0
  0
SPLINE
  5
32E
330
17
100
AcDbEntity
  8
ENGRAVE
100
AcDbSpline
 70
0
 71
2
 72
6
 73
3
 74
0
 40
0.0
 40
0.0
 40
0.0
 40
1.0
 40
1.0
 40
1.0
 10
24.216191270248345
 20
46.77393978054196
 30
0.0
 10
24.141191270248346
 20
46.84893978054196
 30
0.0
 10
24.171196153060848
 20
46.87144954616696
 30
0.0
  0
SPLINE
  5
32F
330
17
100
AcDbEntity
  8
ENGRAVE
100
AcDbSpline
 70
0
 71
2
 72
6
 73
3
 74
0
 40
0.0
 40
0.0
 40
0.0
 40
1.0
 40
1.0
 40
1.0
 10
24.313701035873347
 20
45.828944663354456
 30
0.0
 10
24.141191270248346
 20
46.17393978054196
 30
0.0
 10
24.186210801498348
 20
46.42896907741696
 30
0.0
  0
SPLINE
  5
330
330
17
100
AcDbEntity
  8
ENGRAVE
100
AcDbSpline
 70
0
 71
2
 72
6
 73
3
 74
0
 40
0.0
 40
0.0
 40
0.0
 40
1.0
 40
1.0
 40
1.0
 10
24.223710801498346
 20
46.66143978054196
 30
0.0
 10
24.216191270248345
 20
46.77393978054196
 30
0.0
 10
24.216191270248345
 20
46.77393978054196
 30
0.0
  0
SPLINE
  5
331
330
17
100
AcDbEntity
  8
ENGRAVE
100
AcDbSpline
 70
0
 71
2
 72
6
 73
3
 74
0
 40
0.0
 40
0.0
 40
0.0
 40
1.0
 40
1.0
 40
1.0
 10
24.186210801498348
 20
46.42896907741696
 30
0.0
 10
24.231230332748346
 20
46.54893978054196
 30
0.0
 10
24.223710801498346
 20
46.66143978054196
 30
0.0
  0
SPLINE
  5
332
330
17
100
AcDbEntity
  8
ENGRAVE
100
AcDbSpline
 70
0
 71
2
 72
6
 73
3
 74
0
 40
0.0
 40
0.0
 40
0.0
 40
1.0
 40
1.0
 40
1.0
 10
24.171196153060848
 20
46.87144954616696
 30
0.0
 10
24.201201035873346
 20
46.89395931179196
 30
0.0
 10
24.231230332748346
 20
46.95396907741696
 30
0.0
  0
SPLINE
  5
333
330
17
100
AcDbEntity
  8
ENGRAVE
100
AcDbSpline
 70
0
 71
2
 72
6
 73
3
 74
0
 40
0.0
 40
0.0
 40
0.0
 40
1.0
 40
1.0
 40
1.0
 10
24.231230332748346
 20
46.95396907741696
 30
0.0
 10
24.321220567123348
 20
46.95396907741696
 30
0.0
 10
24.291191270248348
 20
47.11895931179196
 30
0.0
  0
SPLINE
  5
334
330
17
100
AcDbEntity
  8
ENGRAVE
100
AcDbSpline
 70
0
 71
2
 72
6
 73
3
 74
0
 40
0.0
 40
0.0
 40
0.0
 40
1.0
 40
1.0
 40
1.0
 10
24.771220567123347
 20
45.18394954616696
 30
0.0
 10
24.486210801498345
 20
45.48394954616696
 30
0.0
 10
24.313701035873347
 20
45.828944663354456
 30
0.0
  0
SPLINE
  5
335
330
17
100
AcDbEntity
  8
ENGRAVE
100
AcDbSpline
 70
0
 71
2
 72
6
 73
3
 74
0
 40
0.0
 40
0.0
 40
0.0
 40
1.0
 40
1.0
 40
1.0
 10
24.291191270248348
 20
47.11895931179196
 30
0.0
 10
24.261210801498347
 20
47.238978843041956
 30
0.0
 10
24.388701035873346
 20
47.63646419460446
 30
0.0
  0
SPLINE
  5
336
330
17
100
AcDbEntity
  8
ENGRAVE
100
AcDbSpline
 70
0
 71
2
 72
6
 73
3
 74
0
 40
0.0
 40
0.0
 40
0.0
 40
1.0
 40
1.0
 40
1.0
 10
24.388701035873346
 20
47.63646419460446
 30
0.0
 10
24.516191270248346
 20
48.03394954616696
 30
0.0
 10
24.741191270248347
 20
48.39395931179196
 30
0.0
  0
SPLINE
  5
337
330
17
100
AcDbEntity
  8
ENGRAVE
100
AcDbSpline
 70
0
 71
2
 72
6
 73
3
 74
0
 40
0.0
 40
0.0
 40
0.0
 40
1.0
 40
1.0
 40
1.0
 10
25.048710801498345
 20
44.97393978054196
 30
0.0
 10
24.936210801498348
 20
45.04893978054196
 30
0.0
 10
24.771220567123347
 20
45.18394954616696
 30
0.0
  0
SPLINE
  5
338
330
17
100
AcDbEntity
  8
ENGRAVE
100
AcDbSpline
 70
0
 71
2
 72
6
 73
3
 74
0
 40
0.0
 40
0.0
 40
0.0
 40
1.0
 40
1.0
 40
1.0
 10
24.741191270248347
 20
48.39395931179196
 30
0.0
 10
24.831230332748348
 20
48.54395931179196
 30
0.0
 10
25.011210801498347
 20
48.791469077416956
 30
0.0
  0
SPLINE
  5
339
330
17
100
AcDbEntity
  8
ENGRAVE
100
AcDbSpline
 70
0
 71
2
 72
6
 73
3
 74
0
 40
0.0
 40
0.0
 40
0.0
 40
1.0
 40
1.0
 40
1.0
 10
25.356230332748346
 20
44.89893978054196
 30
0.0
 10
25.161210801498346
 20
44.89893978054196
 30
0.0
 10
25.048710801498345
 20
44.97393978054196
 30
0.0
  0
SPLINE
  5
33A
330
17
100
AcDbEntity
  8
ENGRAVE
100
AcDbSpline
 70
0
 71
2
 72
6
 73
3
 74
0
 40
0.0
 40
0.0
 40
0.0
 40
1.0
 40
1.0
 40
1.0
 10
26.061210801498348
 20
44.973964194604456
 30
0.0
 10
25.701201035873346
 20
44.92896907741696
 30
0.0
 10
25.356230332748346
 20
44.89893978054196
 30
0.0
  0
SPLINE
  5
33B
330
17
100
AcDbEntity
  8
ENGRAVE
100
AcDbSpline
 70
0
 71
2
 72
6
 73
3
 74
0
 40
0.0
 40
0.0
 40
0.0
 40
1.0
 40
1.0
 40
1.0
 10
25.011210801498347
 20
48.791469077416956
 30
0.0
 10
25.191191270248346
 20
49.03897884304196
 30
0.0
 10
25.408696153060845
 20
49.28646419460446
 30
0.0
  0
SPLINE
  5
33C
330
17
100
AcDbEntity
  8
ENGRAVE
100
AcDbSpline
 70
0
 71
2
 72
6
 73
3
 74
0
 40
0.0
 40
0.0
 40
0.0
 40
1.0
 40
1.0
 40
1.0
 10
26.203715684310847
 20
48.10147884304196
 30
0.0
 10
25.821220567123348
 20
47.613978843041956
 30
0.0
 10
25.671220567123346
 20
46.90894954616696
 30
0.0
  0
SPLINE
  5
33D
330
17
100
AcDbEntity
  8
ENGRAVE
100
AcDbSpline
 70
0
 71
2
 72
6
 73
3
 74
0
 40
0.0
 40
0.0
 40
0.0
 40
1.0
 40
1.0
 40
1.0
 10
25.408696153060845
 20
49.28646419460446
 30
0.0
 10
25.626201035873347
 20
49.53394954616696
 30
0.0
 10
25.806230332748346
 20
49.68394954616696
 30
0.0
  0
SPLINE
  5
33E
330
17
100
AcDbEntity
  8
ENGRAVE
100
AcDbSpline
 70
0
 71
2
 72
6
 73
3
 74
0
 40
0.0
 40
0.0
 40
0.0
 40
1.0
 40
1.0
 40
1.0
 10
25.671220567123346
 20
46.90894954616696
 30
0.0
 10
25.611210801498345
 20
46.353969077416956
 30
0.0
 10
25.926201035873348
 20
46.233973960229456
 30
0.0
  0
SPLINE
  5
33F
330
17
100
AcDbEntity
  8
ENGRAVE
100
AcDbSpline
 70
0
 71
2
 72
6
 73
3
 74
0
 40
0.0
 40
0.0
 40
0.0
 40
1.0
 40
1.0
 40
1.0
 10
26.736210801498345
 20
45.228969077416956
 30
0.0
 10
26.421220567123346
 20
45.01895931179196
 30
0.0
 10
26.061210801498348
 20
44.973964194604456
 30
0.0
  0
SPLINE
  5
340
330
17
100
AcDbEntity
  8
ENGRAVE
100
AcDbSpline
 70
0
 71
2
 72
6
 73
3
 74
0
 40
0.0
 40
0.0
 40
0.0
 40
1.0
 40
1.0
 40
1.0
 10
27.036210801498346
 20
48.96397884304196
 30
0.0
 10
26.586210801498346
 20
48.58897884304196
 30
0.0
 10
26.203715684310847
 20
48.10147884304196
 30
0.0
  0
SPLINE
  5
341
330
17
100
AcDbEntity
  8
ENGRAVE
100
AcDbSpline
 70
0
 71
2
 72
6
 73
3
 74
0
 40
0.0
 40
0.0
 40
0.0
 40
1.0
 40
1.0
 40
1.0
 10
25.806230332748346
 20
49.68394954616696
 30
0.0
 10
26.181230332748346
 20
49.99893978054196
 30
0.0
 10
26.503715684310848
 20
50.19395931179196
 30
0.0
  0
SPLINE
  5
342
330
17
100
AcDbEntity
  8
ENGRAVE
100
AcDbSpline
 70
0
 71
2
 72
6
 73
3
 74
0
 40
0.0
 40
0.0
 40
0.0
 40
1.0
 40
1.0
 40
1.0
 10
27.531205918685846
 20
45.78394954616696
 30
0.0
 10
27.171220567123346
 20
45.48394954616696
 30
0.0
 10
26.736210801498345
 20
45.228969077416956
 30
0.0
  0
SPLINE
  5
343
330
17
100
AcDbEntity
  8
ENGRAVE
100
AcDbSpline
 70
0
 71
2
 72
6
 73
3
 74
0
 40
0.0
 40
0.0
 40
0.0
 40
1.0
 40
1.0
 40
1.0
 10
25.926201035873348
 20
46.233973960229456
 30
0.0
 10
26.241191270248347
 20
46.113978843041956
 30
0.0
 10
26.886210801498347
 20
46.728969077416956
 30
0.0
  0
SPLINE
  5
344
330
17
100
AcDbEntity
  8
ENGRAVE
100
AcDbSpline
 70
0
 71
2
 72
6
 73
3
 74
0
 40
0.0
 40
0.0
 40
0.0
 40
1.0
 40
1.0
 40
1.0
 10
27.381205918685847
 20
49.166469077416956
 30
0.0
 10
27.246220567123345
 20
49.113978843041956
 30
0.0
 10
27.036210801498346
 20
48.96397884304196
 30
0.0
  0
SPLINE
  5
345
330
17
100
AcDbEntity
  8
ENGRAVE
100
AcDbSpline
 70
0
 71
2
 72
6
 73
3
 74
0
 40
0.0
 40
0.0
 40
0.0
 40
1.0
 40
1.0
 40
1.0
 10
26.503715684310848
 20
50.19395931179196
 30
0.0
 10
26.826201035873346
 20
50.38897884304196
 30
0.0
 10
27.156230332748347
 20
50.46397884304196
 30
0.0
  0
SPLINE
  5
346
330
17
100
AcDbEntity
  8
ENGRAVE
100
AcDbSpline
 70
0
 71
2
 72
6
 73
3
 74
0
 40
0.0
 40
0.0
 40
0.0
 40
1.0
 40
1.0
 40
1.0
 10
26.886210801498347
 20
46.728969077416956
 30
0.0
 10
27.216191270248345
 20
47.01397884304196
 30
0.0
 10
27.358696153060848
 20
47.358973960229456
 30
0.0
  0
SPLINE
  5
347
330
17
100
AcDbEntity
  8
ENGRAVE
100
AcDbSpline
 70
0
 71
2
 72
6
 73
3
 74
0
 40
0.0
 40
0.0
 40
0.0
 40
1.0
 40
1.0
 40
1.0
 10
27.651201035873346
 20
49.113978843041956
 30
0.0
 10
27.516191270248346
 20
49.218959311791956
 30
0.0
 10
27.381205918685847
 20
49.166469077416956
 30
0.0
  0
SPLINE
  5
348
330
17
100
AcDbEntity
  8
ENGRAVE
100
AcDbSpline
 70
0
 71
2
 72
6
 73
3
 74
0
 40
0.0
 40
0.0
 40
0.0
 40
1.0
 40
1.0
 40
1.0
 10
28.266191270248346
 20
46.62393978054196
 30
0.0
 10
27.891191270248346
 20
46.083949546166956
 30
0.0
 10
27.531205918685846
 20
45.78394954616696
 30
0.0
  0
SPLINE
  5
349
330
17
100
AcDbEntity
  8
ENGRAVE
100
AcDbSpline
 70
0
 71
2
 72
6
 73
3
 74
0
 40
0.0
 40
0.0
 40
0.0
 40
1.0
 40
1.0
 40
1.0
 10
27.756205918685847
 20
48.88145931179196
 30
0.0
 10
27.741191270248347
 20
49.083949546166956
 30
0.0
 10
27.651201035873346
 20
49.113978843041956
 30
0.0
  0
SPLINE
  5
34A
330
17
100
AcDbEntity
  8
ENGRAVE
100
AcDbSpline
 70
0
 71
2
 72
6
 73
3
 74
0
 40
0.0
 40
0.0
 40
0.0
 40
1.0
 40
1.0
 40
1.0
 10
27.358696153060848
 20
47.358973960229456
 30
0.0
 10
27.501201035873347
 20
47.70396907741696
 30
0.0
 10
27.666191270248348
 20
48.16895931179196
 30
0.0
  0
SPLINE
  5
34B
330
17
100
AcDbEntity
  8
ENGRAVE
100
AcDbSpline
 70
0
 71
2
 72
6
 73
3
 74
0
 40
0.0
 40
0.0
 40
0.0
 40
1.0
 40
1.0
 40
1.0
 10
27.666191270248348
 20
48.16895931179196
 30
0.0
 10
27.726201035873345
 20
48.25894954616696
 30
0.0
 10
27.748710801498348
 20
48.468959311791956
 30
0.0
  0
SPLINE
  5
34C
330
17
100
AcDbEntity
  8
ENGRAVE
100
AcDbSpline
 70
0
 71
2
 72
6
 73
3
 74
0
 40
0.0
 40
0.0
 40
0.0
 40
1.0
 40
1.0
 40
1.0
 10
27.748710801498348
 20
48.468959311791956
 30
0.0
 10
27.771220567123347
 20
48.67896907741696
 30
0.0
 10
27.756205918685847
 20
48.88145931179196
 30
0.0
  0
SPLINE
  5
34D
330
17
100
AcDbEntity
  8
ENGRAVE
100
AcDbSpline
 70
0
 71
2
 72
6
 73
3
 74
0
 40
0.0
 40
0.0
 40
0.0
 40
1.0
 40
1.0
 40
1.0
 10
27.156230332748347
 20
50.46397884304196
 30
0.0
 10
27.486210801498345
 20
50.53897884304196
 30
0.0
 10
27.838701035873346
 20
50.53897884304196
 30
0.0
  0
SPLINE
  5
34E
330
17
100
AcDbEntity
  8
ENGRAVE
100
AcDbSpline
 70
0
 71
2
 72
6
 73
3
 74
0
 40
0.0
 40
0.0
 40
0.0
 40
1.0
 40
1.0
 40
1.0
 10
29.001201035873347
 20
48.13145931179196
 30
0.0
 10
28.866191270248347
 20
47.478969077416956
 30
0.0
 10
28.266191270248346
 20
46.62393978054196
 30
0.0
  0
SPLINE
  5
34F
330
17
100
AcDbEntity
  8
ENGRAVE
100
AcDbSpline
 70
0
 71
2
 72
6
 73
3
 74
0
 40
0.0
 40
0.0
 40
0.0
 40
1.0
 40
1.0
 40
1.0
 10
27.838701035873346
 20
50.53897884304196
 30
0.0
 10
28.191191270248346
 20
50.53897884304196
 30
0.0
 10
28.416191270248348
 20
50.29893978054196
 30
0.0
  0
SPLINE
  5
350
330
17
100
AcDbEntity
  8
ENGRAVE
100
AcDbSpline
 70
0
 71
2
 72
6
 73
3
 74
0
 40
0.0
 40
0.0
 40
0.0
 40
1.0
 40
1.0
 40
1.0
 10
28.416191270248348
 20
50.29893978054196
 30
0.0
 10
28.761210801498347
 20
50.14893978054196
 30
0.0
 10
28.903715684310846
 20
49.89395931179196
 30
0.0
  0
SPLINE
  5
351
330
17
100
AcDbEntity
  8
ENGRAVE
100
AcDbSpline
 70
0
 71
2
 72
6
 73
3
 74
0
 40
0.0
 40
0.0
 40
0.0
 40
1.0
 40
1.0
 40
1.0
 10
29.091191270248345
 20
49.23394954616696
 30
0.0
 10
29.136210801498347
 20
48.78394954616696
 30
0.0
 10
29.001201035873347
 20
48.13145931179196
 30
0.0
  0
SPLINE
  5
352
330
17
100
AcDbEntity
  8
ENGRAVE
100
AcDbSpline
 70
0
 71
2
 72
6
 73
3
 74
0
 40
0.0
 40
0.0
 40
0.0
 40
1.0
 40
1.0
 40
1.0
 10
28.903715684310846
 20
49.89395931179196
 30
0.0
 10
29.046220567123346
 20
49.63897884304196
 30
0.0
 10
29.091191270248345
 20
49.23394954616696
 30
0.0
  0
SPLINE
  5
353
330
17
100
AcDbEntity
  8
ENGRAVE
100
AcDbSpline
 70
0
 71
2
 72
6
 73
3
 74
0
 40
0.0
 40
0.0
 40
0.0
 40
1.0
 40
1.0
 40
1.0
 10
29.901201035873346
 20
45.91895931179196
 30
0.0
 10
29.751201035873347
 20
46.218959311791956
 30
0.0
 10
29.841191270248345
 20
46.63897884304196
 30
0.0
  0
SPLINE
  5
354
330
17
100
AcDbEntity
  8
ENGRAVE
100
AcDbSpline
 70
0
 71
2
 72
6
 73
3
 74
0
 40
0.0
 40
0.0
 40
0.0
 40
1.0
 40
1.0
 40
1.0
 10
30.291191270248344
 20
45.42393978054196
 30
0.0
 10
30.051201035873344
 20
45.61895931179196
 30
0.0
 10
29.901201035873346
 20
45.91895931179196
 30
0.0
  0
SPLINE
  5
355
330
17
100
AcDbEntity
  8
ENGRAVE
100
AcDbSpline
 70
0
 71
2
 72
6
 73
3
 74
0
 40
0.0
 40
0.0
 40
0.0
 40
1.0
 40
1.0
 40
1.0
 10
29.841191270248345
 20
46.63897884304196
 30
0.0
 10
29.871171738998346
 20
47.16397884304196
 30
0.0
 10
29.991191270248347
 20
47.666469077416956
 30
0.0
  0
SPLINE
  5
356
330
17
100
AcDbEntity
  8
ENGRAVE
100
AcDbSpline
 70
0
 71
2
 72
6
 73
3
 74
0
 40
0.0
 40
0.0
 40
0.0
 40
1.0
 40
1.0
 40
1.0
 10
31.836210801498346
 20
45.333949546166956
 30
0.0
 10
30.846171738998347
 20
44.70396907741696
 30
0.0
 10
30.291191270248344
 20
45.42393978054196
 30
0.0
  0
SPLINE
  5
357
330
17
100
AcDbEntity
  8
ENGRAVE
100
AcDbSpline
 70
0
 71
2
 72
6
 73
3
 74
0
 40
0.0
 40
0.0
 40
0.0
 40
1.0
 40
1.0
 40
1.0
 10
29.991191270248347
 20
47.666469077416956
 30
0.0
 10
30.111210801498345
 20
48.16895931179196
 30
0.0
 10
30.486210801498345
 20
49.00894954616696
 30
0.0
  0
SPLINE
  5
358
330
17
100
AcDbEntity
  8
ENGRAVE
100
AcDbSpline
 70
0
 71
2
 72
6
 73
3
 74
0
 40
0.0
 40
0.0
 40
0.0
 40
1.0
 40
1.0
 40
1.0
 10
30.486210801498345
 20
49.00894954616696
 30
0.0
 10
30.801201035873348
 20
49.62393978054196
 30
0.0
 10
30.966191270248345
 20
49.96895931179196
 30
0.0
  0
SPLINE
  5
359
330
17
100
AcDbEntity
  8
ENGRAVE
100
AcDbSpline
 70
0
 71
2
 72
6
 73
3
 74
0
 40
0.0
 40
0.0
 40
0.0
 40
1.0
 40
1.0
 40
1.0
 10
31.333671738998348
 20
47.58397396022946
 30
0.0
 10
31.146171738998348
 20
47.103969077416956
 30
0.0
 10
31.108671738998346
 20
46.77396419460446
 30
0.0
  0
SPLINE
  5
35A
330
17
100
AcDbEntity
  8
ENGRAVE
100
AcDbSpline
 70
0
 71
2
 72
6
 73
3
 74
0
 40
0.0
 40
0.0
 40
0.0
 40
1.0
 40
1.0
 40
1.0
 10
30.966191270248345
 20
49.96895931179196
 30
0.0
 10
31.131181504623346
 20
50.31397884304196
 30
0.0
 10
31.176201035873348
 20
50.37393978054196
 30
0.0
  0
SPLINE
  5
35B
330
17
100
AcDbEntity
  8
ENGRAVE
100
AcDbSpline
 70
0
 71
2
 72
6
 73
3
 74
0
 40
0.0
 40
0.0
 40
0.0
 40
1.0
 40
1.0
 40
1.0
 10
31.108671738998346
 20
46.77396419460446
 30
0.0
 10
31.071171738998345
 20
46.44395931179196
 30
0.0
 10
31.281181504623348
 20
46.36895931179196
 30
0.0
  0
SPLINE
  5
35C
330
17
100
AcDbEntity
  8
ENGRAVE
100
AcDbSpline
 70
0
 71
2
 72
6
 73
3
 74
0
 40
0.0
 40
0.0
 40
0.0
 40
1.0
 40
1.0
 40
1.0
 10
31.731181504623347
 20
48.573939780541956
 30
0.0
 10
31.521171738998348
 20
48.06397884304196
 30
0.0
 10
31.333671738998348
 20
47.58397396022946
 30
0.0
  0
SPLINE
  5
35D
330
17
100
AcDbEntity
  8
ENGRAVE
100
AcDbSpline
 70
0
 71
2
 72
6
 73
3
 74
0
 40
0.0
 40
0.0
 40
0.0
 40
1.0
 40
1.0
 40
1.0
 10
31.281181504623348
 20
46.36895931179196
 30
0.0
 10
31.416191270248348
 20
46.29395931179196
 30
0.0
 10
31.678691270248347
 20
46.38394954616696
 30
0.0
  0
SPLINE
  5
35E
330
17
100
AcDbEntity
  8
ENGRAVE
100
AcDbSpline
 70
0
 71
2
 72
6
 73
3
 74
0
 40
0.0
 40
0.0
 40
0.0
 40
1.0
 40
1.0
 40
1.0
 10
32.091191270248345
 20
49.51143978054196
 30
0.0
 10
32.00120103587334
 20
49.09893978054196
 30
0.0
 10
31.731181504623347
 20
48.573939780541956
 30
0.0
  0
SPLINE
  5
35F
330
17
100
AcDbEntity
  8
ENGRAVE
100
AcDbSpline
 70
0
 71
2
 72
6
 73
3
 74
0
 40
0.0
 40
0.0
 40
0.0
 40
1.0
 40
1.0
 40
1.0
 10
31.176201035873348
 20
50.37393978054196
 30
0.0
 10
31.401201035873346
 20
50.44893978054196
 30
0.0
 10
31.731205918685845
 20
50.36644466335446
 30
0.0
  0
SPLINE
  5
360
330
17
100
AcDbEntity
  8
ENGRAVE
100
AcDbSpline
 70
0
 71
2
 72
6
 73
3
 74
0
 40
0.0
 40
0.0
 40
0.0
 40
1.0
 40
1.0
 40
1.0
 10
32.25618150462334
 20
45.61146419460446
 30
0.0
 10
32.046171738998346
 20
45.43897884304196
 30
0.0
 10
31.836210801498346
 20
45.333949546166956
 30
0.0
  0
SPLINE
  5
361
330
17
100
AcDbEntity
  8
ENGRAVE
100
AcDbSpline
 70
0
 71
2
 72
6
 73
3
 74
0
 40
0.0
 40
0.0
 40
0.0
 40
1.0
 40
1.0
 40
1.0
 10
32.091191270248345
 20
50.07393978054196
 30
0.0
 10
32.181181504623346
 20
49.92393978054196
 30
0.0
 10
32.091191270248345
 20
49.51143978054196
 30
0.0
  0
SPLINE
  5
362
330
17
100
AcDbEntity
  8
ENGRAVE
100
AcDbSpline
 70
0
 71
2
 72
6
 73
3
 74
0
 40
0.0
 40
0.0
 40
0.0
 40
1.0
 40
1.0
 40
1.0
 10
31.731205918685845
 20
50.36644466335446
 30
0.0
 10
32.06121080149835
 20
50.28394954616696
 30
0.0
 10
32.091191270248345
 20
50.07393978054196
 30
0.0
  0
SPLINE
  5
363
330
17
100
AcDbEntity
  8
ENGRAVE
100
AcDbSpline
 70
0
 71
2
 72
6
 73
3
 74
0
 40
0.0
 40
0.0
 40
0.0
 40
1.0
 40
1.0
 40
1.0
 10
32.52620103587334
 20
45.843959311791956
 30
0.0
 10
32.466191270248345
 20
45.78394954616696
 30
0.0
 10
32.25618150462334
 20
45.61146419460446
 30
0.0
  0
SPLINE
  5
364
330
17
100
AcDbEntity
  8
ENGRAVE
100
AcDbSpline
 70
0
 71
2
 72
6
 73
3
 74
0
 40
0.0
 40
0.0
 40
0.0
 40
1.0
 40
1.0
 40
1.0
 10
31.678691270248347
 20
46.38394954616696
 30
0.0
 10
31.941191270248346
 20
46.47393978054196
 30
0.0
 10
32.30120103587335
 20
46.92393978054196
 30
0.0
  0
SPLINE
  5
365
330
17
100
AcDbEntity
  8
ENGRAVE
100
AcDbSpline
 70
0
 71
2
 72
6
 73
3
 74
0
 40
0.0
 40
0.0
 40
0.0
 40
1.0
 40
1.0
 40
1.0
 10
32.71370103587334
 20
46.083949546166956
 30
0.0
 10
32.61619127024834
 20
45.91895931179196
 30
0.0
 10
32.52620103587334
 20
45.843959311791956
 30
0.0
  0
SPLINE
  5
366
330
17
100
AcDbEntity
  8
ENGRAVE
100
AcDbSpline
 70
0
 71
2
 72
6
 73
3
 74
0
 40
0.0
 40
0.0
 40
0.0
 40
1.0
 40
1.0
 40
1.0
 10
32.85618150462334
 20
46.353969077416956
 30
0.0
 10
32.81121080149835
 20
46.24893978054196
 30
0.0
 10
32.71370103587334
 20
46.083949546166956
 30
0.0
  0
SPLINE
  5
367
330
17
100
AcDbEntity
  8
ENGRAVE
100
AcDbSpline
 70
0
 71
2
 72
6
 73
3
 74
0
 40
0.0
 40
0.0
 40
0.0
 40
1.0
 40
1.0
 40
1.0
 10
32.863676621810846
 20
46.113978843041956
 30
0.0
 10
32.87117173899834
 20
46.26397884304196
 30
0.0
 10
32.85618150462334
 20
46.353969077416956
 30
0.0
  0
SPLINE
  5
368
330
17
100
AcDbEntity
  8
ENGRAVE
100
AcDbSpline
 70
0
 71
2
 72
6
 73
3
 74
0
 40
0.0
 40
0.0
 40
0.0
 40
1.0
 40
1.0
 40
1.0
 10
32.88621080149834
 20
45.843959311791956
 30
0.0
 10
32.85618150462334
 20
45.96397884304196
 30
0.0
 10
32.863676621810846
 20
46.113978843041956
 30
0.0
  0
SPLINE
  5
369
330
17
100
AcDbEntity
  8
ENGRAVE
100
AcDbSpline
 70
0
 71
2
 72
6
 73
3
 74
0
 40
0.0
 40
0.0
 40
0.0
 40
1.0
 40
1.0
 40
1.0
 10
33.066191270248346
 20
45.23643978054196
 30
0.0
 10
32.976201035873345
 20
45.49893978054196
 30
0.0
 10
32.88621080149834
 20
45.843959311791956
 30
0.0
  0
SPLINE
  5
36A
330
17
100
AcDbEntity
  8
ENGRAVE
100
AcDbSpline
 70
0
 71
2
 72
6
 73
3
 74
0
 40
0.0
 40
0.0
 40
0.0
 40
1.0
 40
1.0
 40
1.0
 10
33.306181504623346
 20
44.823939780541956
 30
0.0
 10
33.15618150462335
 20
44.97393978054196
 30
0.0
 10
33.066191270248346
 20
45.23643978054196
 30
0.0
  0
SPLINE
  5
36B
330
17
100
AcDbEntity
  8
ENGRAVE
100
AcDbSpline
 70
0
 71
2
 72
6
 73
3
 74
0
 40
0.0
 40
0.0
 40
0.0
 40
1.0
 40
1.0
 40
1.0
 10
32.30120103587335
 20
46.92393978054196
 30
0.0
 10
32.66121080149834
 20
47.37393978054196
 30
0.0
 10
33.066191270248346
 20
48.34893978054196
 30
0.0
  0
SPLINE
  5
36C
330
17
100
AcDbEntity
  8
ENGRAVE
100
AcDbSpline
 70
0
 71
2
 72
6
 73
3
 74
0
 40
0.0
 40
0.0
 40
0.0
 40
1.0
 40
1.0
 40
1.0
 10
33.066191270248346
 20
48.34893978054196
 30
0.0
 10
33.18621080149835
 20
48.64893978054196
 30
0.0
 10
33.24619615306084
 20
48.88145931179196
 30
0.0
  0
SPLINE
  5
36D
330
17
100
AcDbEntity
  8
ENGRAVE
100
AcDbSpline
 70
0
 71
2
 72
6
 73
3
 74
0
 40
0.0
 40
0.0
 40
0.0
 40
1.0
 40
1.0
 40
1.0
 10
33.68867662181084
 20
44.68895442897946
 30
0.0
 10
33.456181504623345
 20
44.718959311791956
 30
0.0
 10
33.306181504623346
 20
44.823939780541956
 30
0.0
  0
SPLINE
  5
36E
330
17
100
AcDbEntity
  8
ENGRAVE
100
AcDbSpline
 70
0
 71
2
 72
6
 73
3
 74
0
 40
0.0
 40
0.0
 40
0.0
 40
1.0
 40
1.0
 40
1.0
 10
33.24619615306084
 20
48.88145931179196
 30
0.0
 10
33.306181504623346
 20
49.113978843041956
 30
0.0
 10
33.321171738998345
 20
49.39893978054196
 30
0.0
  0
SPLINE
  5
36F
330
17
100
AcDbEntity
  8
ENGRAVE
100
AcDbSpline
 70
0
 71
2
 72
6
 73
3
 74
0
 40
0.0
 40
0.0
 40
0.0
 40
1.0
 40
1.0
 40
1.0
 10
33.321171738998345
 20
49.39893978054196
 30
0.0
 10
33.29119127024835
 20
49.57896907741696
 30
0.0
 10
33.41868150462334
 20
49.77396419460446
 30
0.0
  0
SPLINE
  5
370
330
17
100
AcDbEntity
  8
ENGRAVE
100
AcDbSpline
 70
0
 71
2
 72
6
 73
3
 74
0
 40
0.0
 40
0.0
 40
0.0
 40
1.0
 40
1.0
 40
1.0
 10
34.123686387435846
 20
44.71146419460446
 30
0.0
 10
33.921171738998346
 20
44.65894954616696
 30
0.0
 10
33.68867662181084
 20
44.68895442897946
 30
0.0
  0
SPLINE
  5
371
330
17
100
AcDbEntity
  8
ENGRAVE
100
AcDbSpline
 70
0
 71
2
 72
6
 73
3
 74
0
 40
0.0
 40
0.0
 40
0.0
 40
1.0
 40
1.0
 40
1.0
 10
33.41868150462334
 20
49.77396419460446
 30
0.0
 10
33.546171738998346
 20
49.96895931179196
 30
0.0
 10
33.726201035873345
 20
50.07393978054196
 30
0.0
  0
SPLINE
  5
372
330
17
100
AcDbEntity
  8
ENGRAVE
100
AcDbSpline
 70
0
 71
2
 72
6
 73
3
 74
0
 40
0.0
 40
0.0
 40
0.0
 40
1.0
 40
1.0
 40
1.0
 10
33.95869615306084
 20
47.13394954616696
 30
0.0
 10
33.861210801498345
 20
46.81895931179196
 30
0.0
 10
33.84617173899834
 20
46.51895931179196
 30
0.0
  0
SPLINE
  5
373
330
17
100
AcDbEntity
  8
ENGRAVE
100
AcDbSpline
 70
0
 71
2
 72
6
 73
3
 74
0
 40
0.0
 40
0.0
 40
0.0
 40
1.0
 40
1.0
 40
1.0
 10
33.84617173899834
 20
46.51895931179196
 30
0.0
 10
33.84617173899834
 20
46.24893978054196
 30
0.0
 10
33.89119127024834
 20
46.06143978054196
 30
0.0
  0
SPLINE
  5
374
330
17
100
AcDbEntity
  8
ENGRAVE
100
AcDbSpline
 70
0
 71
2
 72
6
 73
3
 74
0
 40
0.0
 40
0.0
 40
0.0
 40
1.0
 40
1.0
 40
1.0
 10
33.726201035873345
 20
50.07393978054196
 30
0.0
 10
33.78621080149834
 20
50.14893978054196
 30
0.0
 10
33.89119127024834
 20
50.21644466335446
 30
0.0
  0
SPLINE
  5
375
330
17
100
AcDbEntity
  8
ENGRAVE
100
AcDbSpline
 70
0
 71
2
 72
6
 73
3
 74
0
 40
0.0
 40
0.0
 40
0.0
 40
1.0
 40
1.0
 40
1.0
 10
34.341191270248345
 20
48.06397884304196
 30
0.0
 10
34.056181504623346
 20
47.448939780541956
 30
0.0
 10
33.95869615306084
 20
47.13394954616696
 30
0.0
  0
SPLINE
  5
376
330
17
100
AcDbEntity
  8
ENGRAVE
100
AcDbSpline
 70
0
 71
2
 72
6
 73
3
 74
0
 40
0.0
 40
0.0
 40
0.0
 40
1.0
 40
1.0
 40
1.0
 10
33.89119127024834
 20
50.21644466335446
 30
0.0
 10
33.99617173899834
 20
50.28394954616696
 30
0.0
 10
34.02620103587334
 20
50.20894954616696
 30
0.0
  0
SPLINE
  5
377
330
17
100
AcDbEntity
  8
ENGRAVE
100
AcDbSpline
 70
0
 71
2
 72
6
 73
3
 74
0
 40
0.0
 40
0.0
 40
0.0
 40
1.0
 40
1.0
 40
1.0
 10
34.35618150462334
 20
44.89893978054196
 30
0.0
 10
34.326201035873346
 20
44.76397884304196
 30
0.0
 10
34.123686387435846
 20
44.71146419460446
 30
0.0
  0
SPLINE
  5
378
330
17
100
AcDbEntity
  8
ENGRAVE
100
AcDbSpline
 70
0
 71
2
 72
6
 73
3
 74
0
 40
0.0
 40
0.0
 40
0.0
 40
1.0
 40
1.0
 40
1.0
 10
33.89119127024834
 20
46.06143978054196
 30
0.0
 10
33.93621080149835
 20
45.87393978054196
 30
0.0
 10
34.16121080149834
 20
45.67896907741696
 30
0.0
  0
SPLINE
  5
379
330
17
100
AcDbEntity
  8
ENGRAVE
100
AcDbSpline
 70
0
 71
2
 72
6
 73
3
 74
0
 40
0.0
 40
0.0
 40
0.0
 40
1.0
 40
1.0
 40
1.0
 10
34.701201035873346
 20
49.32393978054196
 30
0.0
 10
34.68621080149835
 20
48.87393978054196
 30
0.0
 10
34.341191270248345
 20
48.06397884304196
 30
0.0
  0
SPLINE
  5
37A
330
17
100
AcDbEntity
  8
ENGRAVE
100
AcDbSpline
 70
0
 71
2
 72
6
 73
3
 74
0
 40
0.0
 40
0.0
 40
0.0
 40
1.0
 40
1.0
 40
1.0
 10
34.16121080149834
 20
45.67896907741696
 30
0.0
 10
34.326201035873346
 20
45.573939780541956
 30
0.0
 10
34.34868638743585
 20
45.32645442897946
 30
0.0
  0
SPLINE
  5
37B
330
17
100
AcDbEntity
  8
ENGRAVE
100
AcDbSpline
 70
0
 71
2
 72
6
 73
3
 74
0
 40
0.0
 40
0.0
 40
0.0
 40
1.0
 40
1.0
 40
1.0
 10
34.34868638743585
 20
45.32645442897946
 30
0.0
 10
34.37117173899834
 20
45.07896907741696
 30
0.0
 10
34.35618150462334
 20
44.89893978054196
 30
0.0
  0
SPLINE
  5
37C
330
17
100
AcDbEntity
  8
ENGRAVE
100
AcDbSpline
 70
0
 71
2
 72
6
 73
3
 74
0
 40
0.0
 40
0.0
 40
0.0
 40
1.0
 40
1.0
 40
1.0
 10
34.26619127024834
 20
50.22393978054196
 30
0.0
 10
34.326201035873346
 20
50.23897884304196
 30
0.0
 10
34.40120103587334
 20
50.10396907741696
 30
0.0
  0
SPLINE
  5
37D
330
17
100
AcDbEntity
  8
ENGRAVE
100
AcDbSpline
 70
0
 71
2
 72
6
 73
3
 74
0
 40
0.0
 40
0.0
 40
0.0
 40
1.0
 40
1.0
 40
1.0
 10
34.40120103587334
 20
50.10396907741696
 30
0.0
 10
34.476201035873345
 20
49.96895931179196
 30
0.0
 10
34.55120103587335
 20
49.90894954616696
 30
0.0
  0
SPLINE
  5
37E
330
17
100
AcDbEntity
  8
ENGRAVE
100
AcDbSpline
 70
0
 71
2
 72
6
 73
3
 74
0
 40
0.0
 40
0.0
 40
0.0
 40
1.0
 40
1.0
 40
1.0
 10
34.55120103587335
 20
49.90894954616696
 30
0.0
 10
34.716191270248345
 20
49.77393978054196
 30
0.0
 10
34.701201035873346
 20
49.32393978054196
 30
0.0
  0
SPLINE
  5
37F
330
17
100
AcDbEntity
  8
ENGRAVE
100
AcDbSpline
 70
0
 71
2
 72
6
 73
3
 74
0
 40
0.0
 40
0.0
 40
0.0
 40
1.0
 40
1.0
 40
1.0
 10
35.39119127024835
 20
45.85894954616696
 30
0.0
 10
35.331181504623345
 20
45.90396907741696
 30
0.0
 10
35.32368638743585
 20
46.25645931179196
 30
0.0
  0
SPLINE
  5
380
330
17
100
AcDbEntity
  8
ENGRAVE
100
AcDbSpline
 70
0
 71
2
 72
6
 73
3
 74
0
 40
0.0
 40
0.0
 40
0.0
 40
1.0
 40
1.0
 40
1.0
 10
35.32368638743585
 20
46.25645931179196
 30
0.0
 10
35.316191270248346
 20
46.60894954616696
 30
0.0
 10
35.36118638743584
 20
47.04395931179196
 30
0.0
  0
SPLINE
  5
381
330
17
100
AcDbEntity
  8
ENGRAVE
100
AcDbSpline
 70
0
 71
2
 72
6
 73
3
 74
0
 40
0.0
 40
0.0
 40
0.0
 40
1.0
 40
1.0
 40
1.0
 10
35.42869127024834
 20
45.81395442897946
 30
0.0
 10
35.39119127024835
 20
45.85894954616696
 30
0.0
 10
35.39119127024835
 20
45.85894954616696
 30
0.0
  0
SPLINE
  5
382
330
17
100
AcDbEntity
  8
ENGRAVE
100
AcDbSpline
 70
0
 71
2
 72
6
 73
3
 74
0
 40
0.0
 40
0.0
 40
0.0
 40
1.0
 40
1.0
 40
1.0
 10
35.466191270248345
 20
45.738978843041956
 30
0.0
 10
35.466191270248345
 20
45.76895931179196
 30
0.0
 10
35.42869127024834
 20
45.81395442897946
 30
0.0
  0
SPLINE
  5
383
330
17
100
AcDbEntity
  8
ENGRAVE
100
AcDbSpline
 70
0
 71
2
 72
6
 73
3
 74
0
 40
0.0
 40
0.0
 40
0.0
 40
1.0
 40
1.0
 40
1.0
 10
35.668705918685845
 20
45.37147396022946
 30
0.0
 10
35.51121080149834
 20
45.58897884304196
 30
0.0
 10
35.466191270248345
 20
45.738978843041956
 30
0.0
  0
SPLINE
  5
384
330
17
100
AcDbEntity
  8
ENGRAVE
100
AcDbSpline
 70
0
 71
2
 72
6
 73
3
 74
0
 40
0.0
 40
0.0
 40
0.0
 40
1.0
 40
1.0
 40
1.0
 10
35.36118638743584
 20
47.04395931179196
 30
0.0
 10
35.40618150462335
 20
47.478969077416956
 30
0.0
 10
35.466191270248345
 20
47.73394954616696
 30
0.0
  0
SPLINE
  5
385
330
17
100
AcDbEntity
  8
ENGRAVE
100
AcDbSpline
 70
0
 71
2
 72
6
 73
3
 74
0
 40
0.0
 40
0.0
 40
0.0
 40
1.0
 40
1.0
 40
1.0
 10
35.57869127024835
 20
50.28394954616696
 30
0.0
 10
35.51121080149834
 20
50.37393978054196
 30
0.0
 10
35.51121080149834
 20
50.43394954616696
 30
0.0
  0
SPLINE
  5
386
330
17
100
AcDbEntity
  8
ENGRAVE
100
AcDbSpline
 70
0
 71
2
 72
6
 73
3
 74
0
 40
0.0
 40
0.0
 40
0.0
 40
1.0
 40
1.0
 40
1.0
 10
35.75120103587334
 20
50.16397884304196
 30
0.0
 10
35.64617173899835
 20
50.19395931179196
 30
0.0
 10
35.57869127024835
 20
50.28394954616696
 30
0.0
  0
SPLINE
  5
387
330
17
100
AcDbEntity
  8
ENGRAVE
100
AcDbSpline
 70
0
 71
2
 72
6
 73
3
 74
0
 40
0.0
 40
0.0
 40
0.0
 40
1.0
 40
1.0
 40
1.0
 10
35.51121080149834
 20
50.43394954616696
 30
0.0
 10
35.51121080149834
 20
50.55396907741696
 30
0.0
 10
35.64619615306085
 20
50.77896907741696
 30
0.0
  0
SPLINE
  5
388
330
17
100
AcDbEntity
  8
ENGRAVE
100
AcDbSpline
 70
0
 71
2
 72
6
 73
3
 74
0
 40
0.0
 40
0.0
 40
0.0
 40
1.0
 40
1.0
 40
1.0
 10
36.02119615306085
 20
44.98145931179196
 30
0.0
 10
35.826201035873346
 20
45.15396907741696
 30
0.0
 10
35.668705918685845
 20
45.37147396022946
 30
0.0
  0
SPLINE
  5
389
330
17
100
AcDbEntity
  8
ENGRAVE
100
AcDbSpline
 70
0
 71
2
 72
6
 73
3
 74
0
 40
0.0
 40
0.0
 40
0.0
 40
1.0
 40
1.0
 40
1.0
 10
35.466191270248345
 20
47.73394954616696
 30
0.0
 10
35.54119127024835
 20
47.97393978054196
 30
0.0
 10
35.691191270248346
 20
48.386439780541956
 30
0.0
  0
SPLINE
  5
38A
330
17
100
AcDbEntity
  8
ENGRAVE
100
AcDbSpline
 70
0
 71
2
 72
6
 73
3
 74
0
 40
0.0
 40
0.0
 40
0.0
 40
1.0
 40
1.0
 40
1.0
 10
35.64619615306085
 20
50.77896907741696
 30
0.0
 10
35.78118150462335
 20
51.00396907741696
 30
0.0
 10
35.841191270248345
 20
51.00396907741696
 30
0.0
  0
SPLINE
  5
38B
330
17
100
AcDbEntity
  8
ENGRAVE
100
AcDbSpline
 70
0
 71
2
 72
6
 73
3
 74
0
 40
0.0
 40
0.0
 40
0.0
 40
1.0
 40
1.0
 40
1.0
 10
35.691191270248346
 20
48.386439780541956
 30
0.0
 10
35.841191270248345
 20
48.79893978054196
 30
0.0
 10
35.946171738998345
 20
49.12896907741696
 30
0.0
  0
SPLINE
  5
38C
330
17
100
AcDbEntity
  8
ENGRAVE
100
AcDbSpline
 70
0
 71
2
 72
6
 73
3
 74
0
 40
0.0
 40
0.0
 40
0.0
 40
1.0
 40
1.0
 40
1.0
 10
36.38118150462335
 20
44.77896907741696
 30
0.0
 10
36.216191270248345
 20
44.80894954616696
 30
0.0
 10
36.02119615306085
 20
44.98145931179196
 30
0.0
  0
SPLINE
  5
38D
330
17
100
AcDbEntity
  8
ENGRAVE
100
AcDbSpline
 70
0
 71
2
 72
6
 73
3
 74
0
 40
0.0
 40
0.0
 40
0.0
 40
1.0
 40
1.0
 40
1.0
 10
35.841191270248345
 20
51.00396907741696
 30
0.0
 10
35.91619127024835
 20
50.98897884304196
 30
0.0
 10
36.118681504623346
 20
50.98897884304196
 30
0.0
  0
SPLINE
  5
38E
330
17
100
AcDbEntity
  8
ENGRAVE
100
AcDbSpline
 70
0
 71
2
 72
6
 73
3
 74
0
 40
0.0
 40
0.0
 40
0.0
 40
1.0
 40
1.0
 40
1.0
 10
37.446171738998345
 20
44.79395931179196
 30
0.0
 10
36.77117173899835
 20
44.70396907741696
 30
0.0
 10
36.38118150462335
 20
44.77896907741696
 30
0.0
  0
SPLINE
  5
38F
330
17
100
AcDbEntity
  8
ENGRAVE
100
AcDbSpline
 70
0
 71
2
 72
6
 73
3
 74
0
 40
0.0
 40
0.0
 40
0.0
 40
1.0
 40
1.0
 40
1.0
 10
36.763676621810845
 20
47.68145931179196
 30
0.0
 10
36.62117173899835
 20
47.103969077416956
 30
0.0
 10
36.51619127024835
 20
46.53394954616696
 30
0.0
  0
SPLINE
  5
390
330
17
100
AcDbEntity
  8
ENGRAVE
100
AcDbSpline
 70
0
 71
2
 72
6
 73
3
 74
0
 40
0.0
 40
0.0
 40
0.0
 40
1.0
 40
1.0
 40
1.0
 10
36.118681504623346
 20
50.98897884304196
 30
0.0
 10
36.321171738998345
 20
50.98897884304196
 30
0.0
 10
36.51619127024835
 20
51.00396907741696
 30
0.0
  0
SPLINE
  5
391
330
17
100
AcDbEntity
  8
ENGRAVE
100
AcDbSpline
 70
0
 71
2
 72
6
 73
3
 74
0
 40
0.0
 40
0.0
 40
0.0
 40
1.0
 40
1.0
 40
1.0
 10
36.51619127024835
 20
46.53394954616696
 30
0.0
 10
36.47117173899834
 20
46.24893978054196
 30
0.0
 10
36.53867662181084
 20
46.12144954616696
 30
0.0
  0
SPLINE
  5
392
330
17
100
AcDbEntity
  8
ENGRAVE
100
AcDbSpline
 70
0
 71
2
 72
6
 73
3
 74
0
 40
0.0
 40
0.0
 40
0.0
 40
1.0
 40
1.0
 40
1.0
 10
36.51619127024835
 20
51.00396907741696
 30
0.0
 10
36.711210801498346
 20
51.01895931179196
 30
0.0
 10
36.75618150462335
 20
51.03394954616696
 30
0.0
  0
SPLINE
  5
393
330
17
100
AcDbEntity
  8
ENGRAVE
100
AcDbSpline
 70
0
 71
2
 72
6
 73
3
 74
0
 40
0.0
 40
0.0
 40
0.0
 40
1.0
 40
1.0
 40
1.0
 10
37.11619127024834
 20
48.88897884304196
 30
0.0
 10
36.90618150462335
 20
48.25894954616696
 30
0.0
 10
36.763676621810845
 20
47.68145931179196
 30
0.0
  0
SPLINE
  5
394
330
17
100
AcDbEntity
  8
ENGRAVE
100
AcDbSpline
 70
0
 71
2
 72
6
 73
3
 74
0
 40
0.0
 40
0.0
 40
0.0
 40
1.0
 40
1.0
 40
1.0
 10
36.75618150462335
 20
51.03394954616696
 30
0.0
 10
36.816191270248346
 20
51.06397884304196
 30
0.0
 10
36.87620103587334
 20
51.11646907741696
 30
0.0
  0
SPLINE
  5
395
330
17
100
AcDbEntity
  8
ENGRAVE
100
AcDbSpline
 70
0
 71
2
 72
6
 73
3
 74
0
 40
0.0
 40
0.0
 40
0.0
 40
1.0
 40
1.0
 40
1.0
 10
36.53867662181084
 20
46.12144954616696
 30
0.0
 10
36.60618150462334
 20
45.99395931179196
 30
0.0
 10
36.921171738998346
 20
45.96397884304196
 30
0.0
  0
SPLINE
  5
396
330
17
100
AcDbEntity
  8
ENGRAVE
100
AcDbSpline
 70
0
 71
2
 72
6
 73
3
 74
0
 40
0.0
 40
0.0
 40
0.0
 40
1.0
 40
1.0
 40
1.0
 10
36.87620103587334
 20
51.11646907741696
 30
0.0
 10
36.93621080149835
 20
51.16895931179196
 30
0.0
 10
36.966191270248345
 20
51.27393978054196
 30
0.0
  0
SPLINE
  5
397
330
17
100
AcDbEntity
  8
ENGRAVE
100
AcDbSpline
 70
0
 71
2
 72
6
 73
3
 74
0
 40
0.0
 40
0.0
 40
0.0
 40
1.0
 40
1.0
 40
1.0
 10
36.966191270248345
 20
51.27393978054196
 30
0.0
 10
37.04119127024835
 20
51.43897884304196
 30
0.0
 10
37.101201035873345
 20
51.52896907741696
 30
0.0
  0
SPLINE
  5
398
330
17
100
AcDbEntity
  8
ENGRAVE
100
AcDbSpline
 70
0
 71
2
 72
6
 73
3
 74
0
 40
0.0
 40
0.0
 40
0.0
 40
1.0
 40
1.0
 40
1.0
 10
37.41619127024835
 20
49.44395931179196
 30
0.0
 10
37.296171738998346
 20
49.18897884304196
 30
0.0
 10
37.11619127024834
 20
48.88897884304196
 30
0.0
  0
SPLINE
  5
399
330
17
100
AcDbEntity
  8
ENGRAVE
100
AcDbSpline
 70
0
 71
2
 72
6
 73
3
 74
0
 40
0.0
 40
0.0
 40
0.0
 40
1.0
 40
1.0
 40
1.0
 10
37.101201035873345
 20
51.52896907741696
 30
0.0
 10
37.16121080149835
 20
51.61895931179196
 30
0.0
 10
37.26619127024835
 20
51.79893978054196
 30
0.0
  0
SPLINE
  5
39A
330
17
100
AcDbEntity
  8
ENGRAVE
100
AcDbSpline
 70
0
 71
2
 72
6
 73
3
 74
0
 40
0.0
 40
0.0
 40
0.0
 40
1.0
 40
1.0
 40
1.0
 10
36.921171738998346
 20
45.96397884304196
 30
0.0
 10
37.086210801498346
 20
45.948939780541956
 30
0.0
 10
37.40120103587335
 20
45.97144954616696
 30
0.0
  0
SPLINE
  5
39B
330
17
100
AcDbEntity
  8
ENGRAVE
100
AcDbSpline
 70
0
 71
2
 72
6
 73
3
 74
0
 40
0.0
 40
0.0
 40
0.0
 40
1.0
 40
1.0
 40
1.0
 10
37.59617173899834
 20
49.75894954616696
 30
0.0
 10
37.53621080149835
 20
49.69893978054196
 30
0.0
 10
37.41619127024835
 20
49.44395931179196
 30
0.0
  0
SPLINE
  5
39C
330
17
100
AcDbEntity
  8
ENGRAVE
100
AcDbSpline
 70
0
 71
2
 72
6
 73
3
 74
0
 40
0.0
 40
0.0
 40
0.0
 40
1.0
 40
1.0
 40
1.0
 10
37.26619127024835
 20
51.79893978054196
 30
0.0
 10
37.37117173899835
 20
51.99395931179196
 30
0.0
 10
37.43867662181085
 20
52.12896907741696
 30
0.0
  0
SPLINE
  5
39D
330
17
100
AcDbEntity
  8
ENGRAVE
100
AcDbSpline
 70
0
 71
2
 72
6
 73
3
 74
0
 40
0.0
 40
0.0
 40
0.0
 40
1.0
 40
1.0
 40
1.0
 10
38.796171738998346
 20
45.30396907741696
 30
0.0
 10
38.12117173899835
 20
44.88394954616696
 30
0.0
 10
37.446171738998345
 20
44.79395931179196
 30
0.0
  0
SPLINE
  5
39E
330
17
100
AcDbEntity
  8
ENGRAVE
100
AcDbSpline
 70
0
 71
2
 72
6
 73
3
 74
0
 40
0.0
 40
0.0
 40
0.0
 40
1.0
 40
1.0
 40
1.0
 10
37.70869615306085
 20
49.94647396022946
 30
0.0
 10
37.65618150462335
 20
49.87896907741696
 30
0.0
 10
37.59617173899834
 20
49.75894954616696
 30
0.0
  0
SPLINE
  5
39F
330
17
100
AcDbEntity
  8
ENGRAVE
100
AcDbSpline
 70
0
 71
2
 72
6
 73
3
 74
0
 40
0.0
 40
0.0
 40
0.0
 40
1.0
 40
1.0
 40
1.0
 10
37.43867662181085
 20
52.12896907741696
 30
0.0
 10
37.50618150462335
 20
52.26397884304196
 30
0.0
 10
37.65618150462335
 20
52.50396907741696
 30
0.0
  0
SPLINE
  5
3A0
330
17
100
AcDbEntity
  8
ENGRAVE
100
AcDbSpline
 70
0
 71
2
 72
6
 73
3
 74
0
 40
0.0
 40
0.0
 40
0.0
 40
1.0
 40
1.0
 40
1.0
 10
37.88118150462335
 20
50.04395931179196
 30
0.0
 10
37.76121080149834
 20
50.01397884304196
 30
0.0
 10
37.70869615306085
 20
49.94647396022946
 30
0.0
  0
SPLINE
  5
3A1
330
17
100
AcDbEntity
  8
ENGRAVE
100
AcDbSpline
 70
0
 71
2
 72
6
 73
3
 74
0
 40
0.0
 40
0.0
 40
0.0
 40
1.0
 40
1.0
 40
1.0
 10
37.65618150462335
 20
52.50396907741696
 30
0.0
 10
37.73118150462334
 20
52.60894954616696
 30
0.0
 10
37.821196153060846
 20
52.75894954616696
 30
0.0
  0
SPLINE
  5
3A2
330
17
100
AcDbEntity
  8
ENGRAVE
100
AcDbSpline
 70
0
 71
2
 72
6
 73
3
 74
0
 40
0.0
 40
0.0
 40
0.0
 40
1.0
 40
1.0
 40
1.0
 10
38.061186387435846
 20
50.07393978054196
 30
0.0
 10
38.00120103587334
 20
50.07393978054196
 30
0.0
 10
37.88118150462335
 20
50.04395931179196
 30
0.0
  0
SPLINE
  5
3A3
330
17
100
AcDbEntity
  8
ENGRAVE
100
AcDbSpline
 70
0
 71
2
 72
6
 73
3
 74
0
 40
0.0
 40
0.0
 40
0.0
 40
1.0
 40
1.0
 40
1.0
 10
37.40120103587335
 20
45.97144954616696
 30
0.0
 10
37.716191270248345
 20
45.99395931179196
 30
0.0
 10
37.92620103587335
 20
46.05396907741696
 30
0.0
  0
SPLINE
  5
3A4
330
17
100
AcDbEntity
  8
ENGRAVE
100
AcDbSpline
 70
0
 71
2
 72
6
 73
3
 74
0
 40
0.0
 40
0.0
 40
0.0
 40
1.0
 40
1.0
 40
1.0
 10
37.821196153060846
 20
52.75894954616696
 30
0.0
 10
37.91121080149835
 20
52.90894954616696
 30
0.0
 10
38.046171738998346
 20
53.01397884304196
 30
0.0
  0
SPLINE
  5
3A5
330
17
100
AcDbEntity
  8
ENGRAVE
100
AcDbSpline
 70
0
 71
2
 72
6
 73
3
 74
0
 40
0.0
 40
0.0
 40
0.0
 40
1.0
 40
1.0
 40
1.0
 10
38.316191270248346
 20
50.08897884304196
 30
0.0
 10
38.12117173899835
 20
50.07393978054196
 30
0.0
 10
38.061186387435846
 20
50.07393978054196
 30
0.0
  0
SPLINE
  5
3A6
330
17
100
AcDbEntity
  8
ENGRAVE
100
AcDbSpline
 70
0
 71
2
 72
6
 73
3
 74
0
 40
0.0
 40
0.0
 40
0.0
 40
1.0
 40
1.0
 40
1.0
 10
37.92620103587335
 20
46.05396907741696
 30
0.0
 10
38.091191270248345
 20
46.12896907741696
 30
0.0
 10
38.27119615306085
 20
46.21146419460446
 30
0.0
  0
SPLINE
  5
3A7
330
17
100
AcDbEntity
  8
ENGRAVE
100
AcDbSpline
 70
0
 71
2
 72
6
 73
3
 74
0
 40
0.0
 40
0.0
 40
0.0
 40
1.0
 40
1.0
 40
1.0
 10
38.691191270248346
 20
50.09647396022946
 30
0.0
 10
38.43621080149835
 20
50.08897884304196
 30
0.0
 10
38.316191270248346
 20
50.08897884304196
 30
0.0
  0
SPLINE
  5
3A8
330
17
100
AcDbEntity
  8
ENGRAVE
100
AcDbSpline
 70
0
 71
2
 72
6
 73
3
 74
0
 40
0.0
 40
0.0
 40
0.0
 40
1.0
 40
1.0
 40
1.0
 10
38.466191270248345
 20
51.49893978054196
 30
0.0
 10
38.226201035873345
 20
51.16895931179196
 30
0.0
 10
38.37620103587335
 20
51.12396419460446
 30
0.0
  0
SPLINE
  5
3A9
330
17
100
AcDbEntity
  8
ENGRAVE
100
AcDbSpline
 70
0
 71
2
 72
6
 73
3
 74
0
 40
0.0
 40
0.0
 40
0.0
 40
1.0
 40
1.0
 40
1.0
 10
38.758696153060846
 20
51.95645931179196
 30
0.0
 10
38.601201035873345
 20
51.75396907741696
 30
0.0
 10
38.466191270248345
 20
51.49893978054196
 30
0.0
  0
SPLINE
  5
3AA
330
17
100
AcDbEntity
  8
ENGRAVE
100
AcDbSpline
 70
0
 71
2
 72
6
 73
3
 74
0
 40
0.0
 40
0.0
 40
0.0
 40
1.0
 40
1.0
 40
1.0
 10
38.046171738998346
 20
53.01397884304196
 30
0.0
 10
38.181181504623346
 20
53.13394954616696
 30
0.0
 10
38.488676621810846
 20
53.186464194604454
 30
0.0
  0
SPLINE
  5
3AB
330
17
100
AcDbEntity
  8
ENGRAVE
100
AcDbSpline
 70
0
 71
2
 72
6
 73
3
 74
0
 40
0.0
 40
0.0
 40
0.0
 40
1.0
 40
1.0
 40
1.0
 10
38.27119615306085
 20
46.21146419460446
 30
0.0
 10
38.451201035873346
 20
46.29395931179196
 30
0.0
 10
38.601201035873345
 20
46.38394954616696
 30
0.0
  0
SPLINE
  5
3AC
330
17
100
AcDbEntity
  8
ENGRAVE
100
AcDbSpline
 70
0
 71
2
 72
6
 73
3
 74
0
 40
0.0
 40
0.0
 40
0.0
 40
1.0
 40
1.0
 40
1.0
 10
39.306181504623346
 20
50.16397884304196
 30
0.0
 10
38.946171738998345
 20
50.10396907741696
 30
0.0
 10
38.691191270248346
 20
50.09647396022946
 30
0.0
  0
SPLINE
  5
3AD
330
17
100
AcDbEntity
  8
ENGRAVE
100
AcDbSpline
 70
0
 71
2
 72
6
 73
3
 74
0
 40
0.0
 40
0.0
 40
0.0
 40
1.0
 40
1.0
 40
1.0
 10
39.03621080149835
 20
52.41397884304196
 30
0.0
 10
38.91619127024835
 20
52.15894954616696
 30
0.0
 10
38.758696153060846
 20
51.95645931179196
 30
0.0
  0
SPLINE
  5
3AE
330
17
100
AcDbEntity
  8
ENGRAVE
100
AcDbSpline
 70
0
 71
2
 72
6
 73
3
 74
0
 40
0.0
 40
0.0
 40
0.0
 40
1.0
 40
1.0
 40
1.0
 10
39.351201035873345
 20
45.82144954616696
 30
0.0
 10
39.27620103587335
 20
45.573939780541956
 30
0.0
 10
38.796171738998346
 20
45.30396907741696
 30
0.0
  0
SPLINE
  5
3AF
330
17
100
AcDbEntity
  8
ENGRAVE
100
AcDbSpline
 70
0
 71
2
 72
6
 73
3
 74
0
 40
0.0
 40
0.0
 40
0.0
 40
1.0
 40
1.0
 40
1.0
 10
38.601201035873345
 20
46.38394954616696
 30
0.0
 10
38.736210801498345
 20
46.458949546166956
 30
0.0
 10
38.87119615306085
 20
46.54144466335446
 30
0.0
  0
SPLINE
  5
3B0
330
17
100
AcDbEntity
  8
ENGRAVE
100
AcDbSpline
 70
0
 71
2
 72
6
 73
3
 74
0
 40
0.0
 40
0.0
 40
0.0
 40
1.0
 40
1.0
 40
1.0
 10
38.87119615306085
 20
46.54144466335446
 30
0.0
 10
39.00618150462335
 20
46.62393978054196
 30
0.0
 10
39.00618150462335
 20
46.62393978054196
 30
0.0
  0
SPLINE
  5
3B1
330
17
100
AcDbEntity
  8
ENGRAVE
100
AcDbSpline
 70
0
 71
2
 72
6
 73
3
 74
0
 40
0.0
 40
0.0
 40
0.0
 40
1.0
 40
1.0
 40
1.0
 10
38.488676621810846
 20
53.186464194604454
 30
0.0
 10
38.796171738998346
 20
53.23897884304196
 30
0.0
 10
39.02117173899835
 20
53.04395931179196
 30
0.0
  0
SPLINE
  5
3B2
330
17
100
AcDbEntity
  8
ENGRAVE
100
AcDbSpline
 70
0
 71
2
 72
6
 73
3
 74
0
 40
0.0
 40
0.0
 40
0.0
 40
1.0
 40
1.0
 40
1.0
 10
39.15618150462335
 20
52.75894954616696
 30
0.0
 10
39.171171738998346
 20
52.62393978054196
 30
0.0
 10
39.03621080149835
 20
52.41397884304196
 30
0.0
  0
SPLINE
  5
3B3
330
17
100
AcDbEntity
  8
ENGRAVE
100
AcDbSpline
 70
0
 71
2
 72
6
 73
3
 74
0
 40
0.0
 40
0.0
 40
0.0
 40
1.0
 40
1.0
 40
1.0
 10
39.02117173899835
 20
53.04395931179196
 30
0.0
 10
39.14119127024835
 20
52.89395931179196
 30
0.0
 10
39.15618150462335
 20
52.75894954616696
 30
0.0
  0
SPLINE
  5
3B4
330
17
100
AcDbEntity
  8
ENGRAVE
100
AcDbSpline
 70
0
 71
2
 72
6
 73
3
 74
0
 40
0.0
 40
0.0
 40
0.0
 40
1.0
 40
1.0
 40
1.0
 10
38.37620103587335
 20
51.12396419460446
 30
0.0
 10
38.52620103587335
 20
51.07896907741696
 30
0.0
 10
39.216191270248345
 20
51.18394954616696
 30
0.0
  0
SPLINE
  5
3B5
330
17
100
AcDbEntity
  8
ENGRAVE
100
AcDbSpline
 70
0
 71
2
 72
6
 73
3
 74
0
 40
0.0
 40
0.0
 40
0.0
 40
1.0
 40
1.0
 40
1.0
 10
39.00618150462335
 20
46.62393978054196
 30
0.0
 10
39.081181504623345
 20
46.74395931179196
 30
0.0
 10
39.22368638743585
 20
46.58646419460446
 30
0.0
  0
SPLINE
  5
3B6
330
17
100
AcDbEntity
  8
ENGRAVE
100
AcDbSpline
 70
0
 71
2
 72
6
 73
3
 74
0
 40
0.0
 40
0.0
 40
0.0
 40
1.0
 40
1.0
 40
1.0
 10
39.99619615306085
 20
50.23897884304196
 30
0.0
 10
39.87620103587335
 20
50.16397884304196
 30
0.0
 10
39.306181504623346
 20
50.16397884304196
 30
0.0
  0
SPLINE
  5
3B7
330
17
100
AcDbEntity
  8
ENGRAVE
100
AcDbSpline
 70
0
 71
2
 72
6
 73
3
 74
0
 40
0.0
 40
0.0
 40
0.0
 40
1.0
 40
1.0
 40
1.0
 10
39.42620103587335
 20
46.24893978054196
 30
0.0
 10
39.42620103587335
 20
46.06895931179196
 30
0.0
 10
39.351201035873345
 20
45.82144954616696
 30
0.0
  0
SPLINE
  5
3B8
330
17
100
AcDbEntity
  8
ENGRAVE
100
AcDbSpline
 70
0
 71
2
 72
6
 73
3
 74
0
 40
0.0
 40
0.0
 40
0.0
 40
1.0
 40
1.0
 40
1.0
 10
39.22368638743585
 20
46.58646419460446
 30
0.0
 10
39.36619127024835
 20
46.42896907741696
 30
0.0
 10
39.42620103587335
 20
46.24893978054196
 30
0.0
  0
SPLINE
  5
3B9
330
17
100
AcDbEntity
  8
ENGRAVE
100
AcDbSpline
 70
0
 71
2
 72
6
 73
3
 74
0
 40
0.0
 40
0.0
 40
0.0
 40
1.0
 40
1.0
 40
1.0
 10
39.216191270248345
 20
51.18394954616696
 30
0.0
 10
39.65120103587335
 20
51.25894954616696
 30
0.0
 10
39.846196153060845
 20
51.09395931179196
 30
0.0
  0
SPLINE
  5
3BA
330
17
100
AcDbEntity
  8
ENGRAVE
100
AcDbSpline
 70
0
 71
2
 72
6
 73
3
 74
0
 40
0.0
 40
0.0
 40
0.0
 40
1.0
 40
1.0
 40
1.0
 10
40.071171738998345
 20
50.67393978054196
 30
0.0
 10
40.11619127024835
 20
50.31397884304196
 30
0.0
 10
39.99619615306085
 20
50.23897884304196
 30
0.0
  0
SPLINE
  5
3BB
330
17
100
AcDbEntity
  8
ENGRAVE
100
AcDbSpline
 70
0
 71
2
 72
6
 73
3
 74
0
 40
0.0
 40
0.0
 40
0.0
 40
1.0
 40
1.0
 40
1.0
 10
39.846196153060845
 20
51.09395931179196
 30
0.0
 10
40.04119127024835
 20
50.92896907741696
 30
0.0
 10
40.071171738998345
 20
50.67393978054196
 30
0.0
  0
SPLINE
  5
3BC
330
17
100
AcDbEntity
  8
ENGRAVE
100
AcDbSpline
 70
0
 71
2
 72
6
 73
3
 74
0
 40
0.0
 40
0.0
 40
0.0
 40
1.0
 40
1.0
 40
1.0
 10
44.03118150462335
 20
45.61895931179196
 30
0.0
 10
43.806181504623346
 20
45.87393978054196
 30
0.0
 10
43.77617662181085
 20
46.07645442897946
 30
0.0
  0
SPLINE
  5
3BD
330
17
100
AcDbEntity
  8
ENGRAVE
100
AcDbSpline
 70
0
 71
2
 72
6
 73
3
 74
0
 40
0.0
 40
0.0
 40
0.0
 40
1.0
 40
1.0
 40
1.0
 10
43.77617662181085
 20
46.07645442897946
 30
0.0
 10
43.74617173899835
 20
46.27896907741696
 30
0.0
 10
43.791142442123345
 20
46.62393978054196
 30
0.0
  0
SPLINE
  5
3BE
330
17
100
AcDbEntity
  8
ENGRAVE
100
AcDbSpline
 70
0
 71
2
 72
6
 73
3
 74
0
 40
0.0
 40
0.0
 40
0.0
 40
1.0
 40
1.0
 40
1.0
 10
43.791142442123345
 20
46.62393978054196
 30
0.0
 10
43.86614244212335
 20
46.863978843041956
 30
0.0
 10
43.97114732493585
 20
47.26895931179196
 30
0.0
  0
SPLINE
  5
3BF
330
17
100
AcDbEntity
  8
ENGRAVE
100
AcDbSpline
 70
0
 71
2
 72
6
 73
3
 74
0
 40
0.0
 40
0.0
 40
0.0
 40
1.0
 40
1.0
 40
1.0
 10
44.26365220774834
 20
45.44644954616696
 30
0.0
 10
44.13616197337335
 20
45.54395931179196
 30
0.0
 10
44.03118150462335
 20
45.61895931179196
 30
0.0
  0
SPLINE
  5
3C0
330
17
100
AcDbEntity
  8
ENGRAVE
100
AcDbSpline
 70
0
 71
2
 72
6
 73
3
 74
0
 40
0.0
 40
0.0
 40
0.0
 40
1.0
 40
1.0
 40
1.0
 10
43.97114732493585
 20
47.26895931179196
 30
0.0
 10
44.07615220774834
 20
47.67393978054196
 30
0.0
 10
44.22615220774835
 20
48.13897884304196
 30
0.0
  0
SPLINE
  5
3C1
330
17
100
AcDbEntity
  8
ENGRAVE
100
AcDbSpline
 70
0
 71
2
 72
6
 73
3
 74
0
 40
0.0
 40
0.0
 40
0.0
 40
1.0
 40
1.0
 40
1.0
 10
44.49617173899835
 20
45.363978843041956
 30
0.0
 10
44.391142442123346
 20
45.34893978054196
 30
0.0
 10
44.26365220774834
 20
45.44644954616696
 30
0.0
  0
SPLINE
  5
3C2
330
17
100
AcDbEntity
  8
ENGRAVE
100
AcDbSpline
 70
0
 71
2
 72
6
 73
3
 74
0
 40
0.0
 40
0.0
 40
0.0
 40
1.0
 40
1.0
 40
1.0
 10
44.22615220774835
 20
48.13897884304196
 30
0.0
 10
44.25618150462335
 20
48.31895931179196
 30
0.0
 10
44.33867662181085
 20
48.56646907741696
 30
0.0
  0
SPLINE
  5
3C3
330
17
100
AcDbEntity
  8
ENGRAVE
100
AcDbSpline
 70
0
 71
2
 72
6
 73
3
 74
0
 40
0.0
 40
0.0
 40
0.0
 40
1.0
 40
1.0
 40
1.0
 10
45.00615709056085
 20
45.59647396022946
 30
0.0
 10
44.796171738998346
 20
45.37896907741696
 30
0.0
 10
44.49617173899835
 20
45.363978843041956
 30
0.0
  0
SPLINE
  5
3C4
330
17
100
AcDbEntity
  8
ENGRAVE
100
AcDbSpline
 70
0
 71
2
 72
6
 73
3
 74
0
 40
0.0
 40
0.0
 40
0.0
 40
1.0
 40
1.0
 40
1.0
 10
44.33867662181085
 20
48.56646907741696
 30
0.0
 10
44.421171738998346
 20
48.81397884304196
 30
0.0
 10
44.51116197337335
 20
49.04647396022946
 30
0.0
  0
SPLINE
  5
3C5
330
17
100
AcDbEntity
  8
ENGRAVE
100
AcDbSpline
 70
0
 71
2
 72
6
 73
3
 74
0
 40
0.0
 40
0.0
 40
0.0
 40
1.0
 40
1.0
 40
1.0
 10
44.51116197337335
 20
49.04647396022946
 30
0.0
 10
44.60115220774835
 20
49.27896907741696
 30
0.0
 10
44.64617173899835
 20
49.39893978054196
 30
0.0
  0
SPLINE
  5
3C6
330
17
100
AcDbEntity
  8
ENGRAVE
100
AcDbSpline
 70
0
 71
2
 72
6
 73
3
 74
0
 40
0.0
 40
0.0
 40
0.0
 40
1.0
 40
1.0
 40
1.0
 10
44.64617173899835
 20
49.39893978054196
 30
0.0
 10
44.75115220774835
 20
49.77393978054196
 30
0.0
 10
44.863652207748345
 20
50.11895931179196
 30
0.0
  0
SPLINE
  5
3C7
330
17
100
AcDbEntity
  8
ENGRAVE
100
AcDbSpline
 70
0
 71
2
 72
6
 73
3
 74
0
 40
0.0
 40
0.0
 40
0.0
 40
1.0
 40
1.0
 40
1.0
 10
45.39617173899835
 20
46.03897884304196
 30
0.0
 10
45.21614244212335
 20
45.81397884304196
 30
0.0
 10
45.00615709056085
 20
45.59647396022946
 30
0.0
  0
SPLINE
  5
3C8
330
17
100
AcDbEntity
  8
ENGRAVE
100
AcDbSpline
 70
0
 71
2
 72
6
 73
3
 74
0
 40
0.0
 40
0.0
 40
0.0
 40
1.0
 40
1.0
 40
1.0
 10
44.863652207748345
 20
50.11895931179196
 30
0.0
 10
44.97615220774835
 20
50.46397884304196
 30
0.0
 10
45.14116685618585
 20
50.91397884304196
 30
0.0
  0
SPLINE
  5
3C9
330
17
100
AcDbEntity
  8
ENGRAVE
100
AcDbSpline
 70
0
 71
2
 72
6
 73
3
 74
0
 40
0.0
 40
0.0
 40
0.0
 40
1.0
 40
1.0
 40
1.0
 10
46.281157090560846
 20
46.97645442897946
 30
0.0
 10
45.77117173899835
 20
46.51895931179196
 30
0.0
 10
45.39617173899835
 20
46.03897884304196
 30
0.0
  0
SPLINE
  5
3CA
330
17
100
AcDbEntity
  8
ENGRAVE
100
AcDbSpline
 70
0
 71
2
 72
6
 73
3
 74
0
 40
0.0
 40
0.0
 40
0.0
 40
1.0
 40
1.0
 40
1.0
 10
45.45615709056084
 20
47.91395442897946
 30
0.0
 10
45.426152207748345
 20
47.79395931179196
 30
0.0
 10
45.411161973373346
 20
47.67393978054196
 30
0.0
  0
SPLINE
  5
3CB
330
17
100
AcDbEntity
  8
ENGRAVE
100
AcDbSpline
 70
0
 71
2
 72
6
 73
3
 74
0
 40
0.0
 40
0.0
 40
0.0
 40
1.0
 40
1.0
 40
1.0
 10
45.50115220774835
 20
48.10894954616696
 30
0.0
 10
45.48616197337335
 20
48.03394954616696
 30
0.0
 10
45.45615709056084
 20
47.91395442897946
 30
0.0
  0
SPLINE
  5
3CC
330
17
100
AcDbEntity
  8
ENGRAVE
100
AcDbSpline
 70
0
 71
2
 72
6
 73
3
 74
0
 40
0.0
 40
0.0
 40
0.0
 40
1.0
 40
1.0
 40
1.0
 10
45.59116685618584
 20
48.39395931179196
 30
0.0
 10
45.546171738998346
 20
48.228969077416956
 30
0.0
 10
45.50115220774835
 20
48.10894954616696
 30
0.0
  0
SPLINE
  5
3CD
330
17
100
AcDbEntity
  8
ENGRAVE
100
AcDbSpline
 70
0
 71
2
 72
6
 73
3
 74
0
 40
0.0
 40
0.0
 40
0.0
 40
1.0
 40
1.0
 40
1.0
 10
45.14116685618585
 20
50.91397884304196
 30
0.0
 10
45.306181504623346
 20
51.36397884304196
 30
0.0
 10
45.546171738998346
 20
52.05396907741696
 30
0.0
  0
SPLINE
  5
3CE
330
17
100
AcDbEntity
  8
ENGRAVE
100
AcDbSpline
 70
0
 71
2
 72
6
 73
3
 74
0
 40
0.0
 40
0.0
 40
0.0
 40
1.0
 40
1.0
 40
1.0
 10
45.651152207748346
 20
48.64893978054196
 30
0.0
 10
45.63616197337335
 20
48.55894954616696
 30
0.0
 10
45.59116685618584
 20
48.39395931179196
 30
0.0
  0
SPLINE
  5
3CF
330
17
100
AcDbEntity
  8
ENGRAVE
100
AcDbSpline
 70
0
 71
2
 72
6
 73
3
 74
0
 40
0.0
 40
0.0
 40
0.0
 40
1.0
 40
1.0
 40
1.0
 10
45.411161973373346
 20
47.67393978054196
 30
0.0
 10
45.48616197337335
 20
47.76397884304196
 30
0.0
 10
45.62117173899835
 20
47.89146907741696
 30
0.0
  0
SPLINE
  5
3D0
330
17
100
AcDbEntity
  8
ENGRAVE
100
AcDbSpline
 70
0
 71
2
 72
6
 73
3
 74
0
 40
0.0
 40
0.0
 40
0.0
 40
1.0
 40
1.0
 40
1.0
 10
45.70366685618585
 20
48.75394466335446
 30
0.0
 10
45.651152207748346
 20
48.64893978054196
 30
0.0
 10
45.651152207748346
 20
48.64893978054196
 30
0.0
  0
SPLINE
  5
3D1
330
17
100
AcDbEntity
  8
ENGRAVE
100
AcDbSpline
 70
0
 71
2
 72
6
 73
3
 74
0
 40
0.0
 40
0.0
 40
0.0
 40
1.0
 40
1.0
 40
1.0
 10
45.81614244212334
 20
48.978969077416956
 30
0.0
 10
45.75618150462335
 20
48.85894954616696
 30
0.0
 10
45.70366685618585
 20
48.75394466335446
 30
0.0
  0
SPLINE
  5
3D2
330
17
100
AcDbEntity
  8
ENGRAVE
100
AcDbSpline
 70
0
 71
2
 72
6
 73
3
 74
0
 40
0.0
 40
0.0
 40
0.0
 40
1.0
 40
1.0
 40
1.0
 10
45.958647324935846
 20
49.27894466335446
 30
0.0
 10
45.87615220774835
 20
49.09893978054196
 30
0.0
 10
45.81614244212334
 20
48.978969077416956
 30
0.0
  0
SPLINE
  5
3D3
330
17
100
AcDbEntity
  8
ENGRAVE
100
AcDbSpline
 70
0
 71
2
 72
6
 73
3
 74
0
 40
0.0
 40
0.0
 40
0.0
 40
1.0
 40
1.0
 40
1.0
 10
46.056181504623346
 20
49.53394954616696
 30
0.0
 10
46.041142442123345
 20
49.458949546166956
 30
0.0
 10
45.958647324935846
 20
49.27894466335446
 30
0.0
  0
SPLINE
  5
3D4
330
17
100
AcDbEntity
  8
ENGRAVE
100
AcDbSpline
 70
0
 71
2
 72
6
 73
3
 74
0
 40
0.0
 40
0.0
 40
0.0
 40
1.0
 40
1.0
 40
1.0
 10
45.62117173899835
 20
47.89146907741696
 30
0.0
 10
45.75618150462335
 20
48.01895931179196
 30
0.0
 10
45.96614244212335
 20
48.21397884304196
 30
0.0
  0
SPLINE
  5
3D5
330
17
100
AcDbEntity
  8
ENGRAVE
100
AcDbSpline
 70
0
 71
2
 72
6
 73
3
 74
0
 40
0.0
 40
0.0
 40
0.0
 40
1.0
 40
1.0
 40
1.0
 10
45.546171738998346
 20
52.05396907741696
 30
0.0
 10
45.87615220774835
 20
52.95396907741696
 30
0.0
 10
46.041166856185846
 20
53.40396907741696
 30
0.0
  0
SPLINE
  5
3D6
330
17
100
AcDbEntity
  8
ENGRAVE
100
AcDbSpline
 70
0
 71
2
 72
6
 73
3
 74
0
 40
0.0
 40
0.0
 40
0.0
 40
1.0
 40
1.0
 40
1.0
 10
46.50618150462335
 20
50.74896419460446
 30
0.0
 10
46.28118150462335
 20
50.08897884304196
 30
0.0
 10
46.056181504623346
 20
49.53394954616696
 30
0.0
  0
SPLINE
  5
3D7
330
17
100
AcDbEntity
  8
ENGRAVE
100
AcDbSpline
 70
0
 71
2
 72
6
 73
3
 74
0
 40
0.0
 40
0.0
 40
0.0
 40
1.0
 40
1.0
 40
1.0
 10
47.26365220774835
 20
47.73394954616696
 30
0.0
 10
46.791142442123345
 20
47.43394954616696
 30
0.0
 10
46.281157090560846
 20
46.97645442897946
 30
0.0
  0
SPLINE
  5
3D8
330
17
100
AcDbEntity
  8
ENGRAVE
100
AcDbSpline
 70
0
 71
2
 72
6
 73
3
 74
0
 40
0.0
 40
0.0
 40
0.0
 40
1.0
 40
1.0
 40
1.0
 10
46.041166856185846
 20
53.40396907741696
 30
0.0
 10
46.206181504623345
 20
53.85396907741696
 30
0.0
 10
46.28118150462335
 20
54.04896419460446
 30
0.0
  0
SPLINE
  5
3D9
330
17
100
AcDbEntity
  8
ENGRAVE
100
AcDbSpline
 70
0
 71
2
 72
6
 73
3
 74
0
 40
0.0
 40
0.0
 40
0.0
 40
1.0
 40
1.0
 40
1.0
 10
45.96614244212335
 20
48.21397884304196
 30
0.0
 10
46.206181504623345
 20
48.42393978054196
 30
0.0
 10
46.38616197337335
 20
48.573939780541956
 30
0.0
  0
SPLINE
  5
3DA
330
17
100
AcDbEntity
  8
ENGRAVE
100
AcDbSpline
 70
0
 71
2
 72
6
 73
3
 74
0
 40
0.0
 40
0.0
 40
0.0
 40
1.0
 40
1.0
 40
1.0
 10
46.28118150462335
 20
54.04896419460446
 30
0.0
 10
46.35618150462334
 20
54.24395931179196
 30
0.0
 10
46.38616197337335
 20
54.36397884304196
 30
0.0
  0
SPLINE
  5
3DB
330
17
100
AcDbEntity
  8
ENGRAVE
100
AcDbSpline
 70
0
 71
2
 72
6
 73
3
 74
0
 40
0.0
 40
0.0
 40
0.0
 40
1.0
 40
1.0
 40
1.0
 10
46.96367662181085
 20
52.07645442897946
 30
0.0
 10
46.73118150462334
 20
51.40894954616696
 30
0.0
 10
46.50618150462335
 20
50.74896419460446
 30
0.0
  0
SPLINE
  5
3DC
330
17
100
AcDbEntity
  8
ENGRAVE
100
AcDbSpline
 70
0
 71
2
 72
6
 73
3
 74
0
 40
0.0
 40
0.0
 40
0.0
 40
1.0
 40
1.0
 40
1.0
 10
46.38616197337335
 20
54.36397884304196
 30
0.0
 10
46.38616197337335
 20
54.48394954616696
 30
0.0
 10
46.55867173899835
 20
54.59644954616696
 30
0.0
  0
SPLINE
  5
3DD
330
17
100
AcDbEntity
  8
ENGRAVE
100
AcDbSpline
 70
0
 71
2
 72
6
 73
3
 74
0
 40
0.0
 40
0.0
 40
0.0
 40
1.0
 40
1.0
 40
1.0
 10
46.38616197337335
 20
48.573939780541956
 30
0.0
 10
46.56614244212334
 20
48.72393978054196
 30
0.0
 10
46.74617173899835
 20
48.843959311791956
 30
0.0
  0
SPLINE
  5
3DE
330
17
100
AcDbEntity
  8
ENGRAVE
100
AcDbSpline
 70
0
 71
2
 72
6
 73
3
 74
0
 40
0.0
 40
0.0
 40
0.0
 40
1.0
 40
1.0
 40
1.0
 10
46.55867173899835
 20
54.59644954616696
 30
0.0
 10
46.73118150462334
 20
54.70894954616696
 30
0.0
 10
46.86614244212335
 20
54.70894954616696
 30
0.0
  0
SPLINE
  5
3DF
330
17
100
AcDbEntity
  8
ENGRAVE
100
AcDbSpline
 70
0
 71
2
 72
6
 73
3
 74
0
 40
0.0
 40
0.0
 40
0.0
 40
1.0
 40
1.0
 40
1.0
 10
47.436161973373345
 20
53.28394954616696
 30
0.0
 10
47.196171738998345
 20
52.74395931179196
 30
0.0
 10
46.96367662181085
 20
52.07645442897946
 30
0.0
  0
SPLINE
  5
3E0
330
17
100
AcDbEntity
  8
ENGRAVE
100
AcDbSpline
 70
0
 71
2
 72
6
 73
3
 74
0
 40
0.0
 40
0.0
 40
0.0
 40
1.0
 40
1.0
 40
1.0
 10
46.74617173899835
 20
48.843959311791956
 30
0.0
 10
46.911161973373346
 20
48.96397884304196
 30
0.0
 10
47.05366685618585
 20
49.06895931179196
 30
0.0
  0
SPLINE
  5
3E1
330
17
100
AcDbEntity
  8
ENGRAVE
100
AcDbSpline
 70
0
 71
2
 72
6
 73
3
 74
0
 40
0.0
 40
0.0
 40
0.0
 40
1.0
 40
1.0
 40
1.0
 10
47.05366685618585
 20
49.06895931179196
 30
0.0
 10
47.196171738998345
 20
49.17393978054196
 30
0.0
 10
47.196171738998345
 20
49.17393978054196
 30
0.0
  0
SPLINE
  5
3E2
330
17
100
AcDbEntity
  8
ENGRAVE
100
AcDbSpline
 70
0
 71
2
 72
6
 73
3
 74
0
 40
0.0
 40
0.0
 40
0.0
 40
1.0
 40
1.0
 40
1.0
 10
47.96116197337335
 20
48.03394954616696
 30
0.0
 10
47.73616197337335
 20
48.03394954616696
 30
0.0
 10
47.26365220774835
 20
47.73394954616696
 30
0.0
  0
SPLINE
  5
3E3
330
17
100
AcDbEntity
  8
ENGRAVE
100
AcDbSpline
 70
0
 71
2
 72
6
 73
3
 74
0
 40
0.0
 40
0.0
 40
0.0
 40
1.0
 40
1.0
 40
1.0
 10
47.196171738998345
 20
49.17393978054196
 30
0.0
 10
47.22615220774835
 20
49.218959311791956
 30
0.0
 10
47.26365220774835
 20
49.27896907741696
 30
0.0
  0
SPLINE
  5
3E4
330
17
100
AcDbEntity
  8
ENGRAVE
100
AcDbSpline
 70
0
 71
2
 72
6
 73
3
 74
0
 40
0.0
 40
0.0
 40
0.0
 40
1.0
 40
1.0
 40
1.0
 10
46.86614244212335
 20
54.70894954616696
 30
0.0
 10
47.07615220774834
 20
54.69395931179196
 30
0.0
 10
47.271147324935846
 20
54.46146419460446
 30
0.0
  0
SPLINE
  5
3E5
330
17
100
AcDbEntity
  8
ENGRAVE
100
AcDbSpline
 70
0
 71
2
 72
6
 73
3
 74
0
 40
0.0
 40
0.0
 40
0.0
 40
1.0
 40
1.0
 40
1.0
 10
47.26365220774835
 20
49.27896907741696
 30
0.0
 10
47.301152207748345
 20
49.33897884304196
 30
0.0
 10
47.34617173899835
 20
49.353969077416956
 30
0.0
  0
SPLINE
  5
3E6
330
17
100
AcDbEntity
  8
ENGRAVE
100
AcDbSpline
 70
0
 71
2
 72
6
 73
3
 74
0
 40
0.0
 40
0.0
 40
0.0
 40
1.0
 40
1.0
 40
1.0
 10
47.541142442123345
 20
53.90645931179196
 30
0.0
 10
47.61614244212335
 20
53.58394954616696
 30
0.0
 10
47.436161973373345
 20
53.28394954616696
 30
0.0
  0
SPLINE
  5
3E7
330
17
100
AcDbEntity
  8
ENGRAVE
100
AcDbSpline
 70
0
 71
2
 72
6
 73
3
 74
0
 40
0.0
 40
0.0
 40
0.0
 40
1.0
 40
1.0
 40
1.0
 10
47.34617173899835
 20
49.353969077416956
 30
0.0
 10
47.37615220774835
 20
49.38394954616696
 30
0.0
 10
47.45115220774835
 20
49.43646419460446
 30
0.0
  0
SPLINE
  5
3E8
330
17
100
AcDbEntity
  8
ENGRAVE
100
AcDbSpline
 70
0
 71
2
 72
6
 73
3
 74
0
 40
0.0
 40
0.0
 40
0.0
 40
1.0
 40
1.0
 40
1.0
 10
47.271147324935846
 20
54.46146419460446
 30
0.0
 10
47.46614244212335
 20
54.22896907741696
 30
0.0
 10
47.541142442123345
 20
53.90645931179196
 30
0.0
  0
SPLINE
  5
3E9
330
17
100
AcDbEntity
  8
ENGRAVE
100
AcDbSpline
 70
0
 71
2
 72
6
 73
3
 74
0
 40
0.0
 40
0.0
 40
0.0
 40
1.0
 40
1.0
 40
1.0
 10
47.45115220774835
 20
49.43646419460446
 30
0.0
 10
47.526152207748346
 20
49.488978843041956
 30
0.0
 10
47.60115220774835
 20
49.54893978054196
 30
0.0
  0
SPLINE
  5
3EA
330
17
100
AcDbEntity
  8
ENGRAVE
100
AcDbSpline
 70
0
 71
2
 72
6
 73
3
 74
0
 40
0.0
 40
0.0
 40
0.0
 40
1.0
 40
1.0
 40
1.0
 10
48.11116197337335
 20
47.74144466335446
 30
0.0
 10
48.12615220774835
 20
48.03394954616696
 30
0.0
 10
47.96116197337335
 20
48.03394954616696
 30
0.0
  0
SPLINE
  5
3EB
330
17
100
AcDbEntity
  8
ENGRAVE
100
AcDbSpline
 70
0
 71
2
 72
6
 73
3
 74
0
 40
0.0
 40
0.0
 40
0.0
 40
1.0
 40
1.0
 40
1.0
 10
48.118657090560845
 20
46.05394466335446
 30
0.0
 10
48.02117173899835
 20
46.323939780541956
 30
0.0
 10
48.036161973373346
 20
46.78897884304196
 30
0.0
  0
SPLINE
  5
3EC
330
17
100
AcDbEntity
  8
ENGRAVE
100
AcDbSpline
 70
0
 71
2
 72
6
 73
3
 74
0
 40
0.0
 40
0.0
 40
0.0
 40
1.0
 40
1.0
 40
1.0
 10
48.036161973373346
 20
46.78897884304196
 30
0.0
 10
48.09617173899835
 20
47.448939780541956
 30
0.0
 10
48.11116197337335
 20
47.74144466335446
 30
0.0
  0
SPLINE
  5
3ED
330
17
100
AcDbEntity
  8
ENGRAVE
100
AcDbSpline
 70
0
 71
2
 72
6
 73
3
 74
0
 40
0.0
 40
0.0
 40
0.0
 40
1.0
 40
1.0
 40
1.0
 10
48.50115220774835
 20
45.58897884304196
 30
0.0
 10
48.21614244212335
 20
45.78394954616696
 30
0.0
 10
48.118657090560845
 20
46.05394466335446
 30
0.0
  0
SPLINE
  5
3EE
330
17
100
AcDbEntity
  8
ENGRAVE
100
AcDbSpline
 70
0
 71
2
 72
6
 73
3
 74
0
 40
0.0
 40
0.0
 40
0.0
 40
1.0
 40
1.0
 40
1.0
 10
49.07866685618585
 20
45.48394954616696
 30
0.0
 10
48.801152207748345
 20
45.42393978054196
 30
0.0
 10
48.50115220774835
 20
45.58897884304196
 30
0.0
  0
SPLINE
  5
3EF
330
17
100
AcDbEntity
  8
ENGRAVE
100
AcDbSpline
 70
0
 71
2
 72
6
 73
3
 74
0
 40
0.0
 40
0.0
 40
0.0
 40
1.0
 40
1.0
 40
1.0
 10
47.60115220774835
 20
49.54893978054196
 30
0.0
 10
48.02117173899835
 20
49.81895931179196
 30
0.0
 10
48.516142442123346
 20
49.81895931179196
 30
0.0
  0
SPLINE
  5
3F0
330
17
100
AcDbEntity
  8
ENGRAVE
100
AcDbSpline
 70
0
 71
2
 72
6
 73
3
 74
0
 40
0.0
 40
0.0
 40
0.0
 40
1.0
 40
1.0
 40
1.0
 10
48.516142442123346
 20
49.81895931179196
 30
0.0
 10
48.696171738998345
 20
49.81895931179196
 30
0.0
 10
48.89116685618585
 20
49.67645442897946
 30
0.0
  0
SPLINE
  5
3F1
330
17
100
AcDbEntity
  8
ENGRAVE
100
AcDbSpline
 70
0
 71
2
 72
6
 73
3
 74
0
 40
0.0
 40
0.0
 40
0.0
 40
1.0
 40
1.0
 40
1.0
 10
49.71614244212335
 20
45.78394954616696
 30
0.0
 10
49.35618150462335
 20
45.54395931179196
 30
0.0
 10
49.07866685618585
 20
45.48394954616696
 30
0.0
  0
SPLINE
  5
3F2
330
17
100
AcDbEntity
  8
ENGRAVE
100
AcDbSpline
 70
0
 71
2
 72
6
 73
3
 74
0
 40
0.0
 40
0.0
 40
0.0
 40
1.0
 40
1.0
 40
1.0
 10
48.89116685618585
 20
49.67645442897946
 30
0.0
 10
49.08616197337335
 20
49.53394954616696
 30
0.0
 10
49.25115220774835
 20
49.27896907741696
 30
0.0
  0
SPLINE
  5
3F3
330
17
100
AcDbEntity
  8
ENGRAVE
100
AcDbSpline
 70
0
 71
2
 72
6
 73
3
 74
0
 40
0.0
 40
0.0
 40
0.0
 40
1.0
 40
1.0
 40
1.0
 10
49.378666856185845
 20
47.67396419460446
 30
0.0
 10
49.311161973373345
 20
47.343959311791956
 30
0.0
 10
49.28118150462335
 20
47.17896907741696
 30
0.0
  0
SPLINE
  5
3F4
330
17
100
AcDbEntity
  8
ENGRAVE
100
AcDbSpline
 70
0
 71
2
 72
6
 73
3
 74
0
 40
0.0
 40
0.0
 40
0.0
 40
1.0
 40
1.0
 40
1.0
 10
49.446171738998345
 20
48.12393978054196
 30
0.0
 10
49.446171738998345
 20
48.00396907741696
 30
0.0
 10
49.378666856185845
 20
47.67396419460446
 30
0.0
  0
SPLINE
  5
3F5
330
17
100
AcDbEntity
  8
ENGRAVE
100
AcDbSpline
 70
0
 71
2
 72
6
 73
3
 74
0
 40
0.0
 40
0.0
 40
0.0
 40
1.0
 40
1.0
 40
1.0
 10
49.25115220774835
 20
49.27896907741696
 30
0.0
 10
49.50618150462335
 20
48.91895931179196
 30
0.0
 10
49.446171738998345
 20
48.12393978054196
 30
0.0
  0
SPLINE
  5
3F6
330
17
100
AcDbEntity
  8
ENGRAVE
100
AcDbSpline
 70
0
 71
2
 72
6
 73
3
 74
0
 40
0.0
 40
0.0
 40
0.0
 40
1.0
 40
1.0
 40
1.0
 10
49.266142442123346
 20
46.66895931179196
 30
0.0
 10
49.431181504623346
 20
46.728969077416956
 30
0.0
 10
49.58867662181085
 20
46.68397396022946
 30
0.0
  0
SPLINE
  5
3F7
330
17
100
AcDbEntity
  8
ENGRAVE
100
AcDbSpline
 70
0
 71
2
 72
6
 73
3
 74
0
 40
0.0
 40
0.0
 40
0.0
 40
1.0
 40
1.0
 40
1.0
 10
49.98616197337335
 20
46.09893978054196
 30
0.0
 10
49.86614244212335
 20
45.87393978054196
 30
0.0
 10
49.71614244212335
 20
45.78394954616696
 30
0.0
  0
SPLINE
  5
3F8
330
17
100
AcDbEntity
  8
ENGRAVE
100
AcDbSpline
 70
0
 71
2
 72
6
 73
3
 74
0
 40
0.0
 40
0.0
 40
0.0
 40
1.0
 40
1.0
 40
1.0
 10
49.58867662181085
 20
46.68397396022946
 30
0.0
 10
49.74617173899835
 20
46.63897884304196
 30
0.0
 10
49.74617173899835
 20
46.63897884304196
 30
0.0
  0
SPLINE
  5
3F9
330
17
100
AcDbEntity
  8
ENGRAVE
100
AcDbSpline
 70
0
 71
2
 72
6
 73
3
 74
0
 40
0.0
 40
0.0
 40
0.0
 40
1.0
 40
1.0
 40
1.0
 10
49.74617173899835
 20
46.63897884304196
 30
0.0
 10
49.821171738998345
 20
46.593959311791956
 30
0.0
 10
49.888676621810845
 20
46.53394954616696
 30
0.0
  0
SPLINE
  5
3FA
330
17
100
AcDbEntity
  8
ENGRAVE
100
AcDbSpline
 70
0
 71
2
 72
6
 73
3
 74
0
 40
0.0
 40
0.0
 40
0.0
 40
1.0
 40
1.0
 40
1.0
 10
50.016142442123346
 20
46.44395931179196
 30
0.0
 10
50.10618150462335
 20
46.323939780541956
 30
0.0
 10
49.98616197337335
 20
46.09893978054196
 30
0.0
  0
SPLINE
  5
3FB
330
17
100
AcDbEntity
  8
ENGRAVE
100
AcDbSpline
 70
0
 71
2
 72
6
 73
3
 74
0
 40
0.0
 40
0.0
 40
0.0
 40
1.0
 40
1.0
 40
1.0
 10
49.888676621810845
 20
46.53394954616696
 30
0.0
 10
49.956181504623345
 20
46.47393978054196
 30
0.0
 10
50.016142442123346
 20
46.44395931179196
 30
0.0
  0
SPLINE
  5
3FC
330
17
100
AcDbEntity
  8
ENGRAVE
100
AcDbSpline
 70
0
 71
2
 72
6
 73
3
 74
0
 40
0.0
 40
0.0
 40
0.0
 40
1.0
 40
1.0
 40
1.0
 10
51.02117173899835
 20
46.07645442897946
 30
0.0
 10
50.88616197337335
 20
46.50396907741696
 30
0.0
 10
50.97620103587335
 20
47.238978843041956
 30
0.0
  0
SPLINE
  5
3FD
330
17
100
AcDbEntity
  8
ENGRAVE
100
AcDbSpline
 70
0
 71
2
 72
6
 73
3
 74
0
 40
0.0
 40
0.0
 40
0.0
 40
1.0
 40
1.0
 40
1.0
 10
51.306181504623346
 20
45.45396907741696
 30
0.0
 10
51.15618150462335
 20
45.64893978054196
 30
0.0
 10
51.02117173899835
 20
46.07645442897946
 30
0.0
  0
SPLINE
  5
3FE
330
17
100
AcDbEntity
  8
ENGRAVE
100
AcDbSpline
 70
0
 71
2
 72
6
 73
3
 74
0
 40
0.0
 40
0.0
 40
0.0
 40
1.0
 40
1.0
 40
1.0
 10
52.01118638743585
 20
44.93646419460446
 30
0.0
 10
51.576201035873346
 20
45.10894954616696
 30
0.0
 10
51.306181504623346
 20
45.45396907741696
 30
0.0
  0
SPLINE
  5
3FF
330
17
100
AcDbEntity
  8
ENGRAVE
100
AcDbSpline
 70
0
 71
2
 72
6
 73
3
 74
0
 40
0.0
 40
0.0
 40
0.0
 40
1.0
 40
1.0
 40
1.0
 10
50.97620103587335
 20
47.238978843041956
 30
0.0
 10
51.066191270248346
 20
47.92896907741696
 30
0.0
 10
51.40369127024835
 20
48.63397396022946
 30
0.0
  0
SPLINE
  5
400
330
17
100
AcDbEntity
  8
ENGRAVE
100
AcDbSpline
 70
0
 71
2
 72
6
 73
3
 74
0
 40
0.0
 40
0.0
 40
0.0
 40
1.0
 40
1.0
 40
1.0
 10
52.94868638743585
 20
44.801478843041956
 30
0.0
 10
52.44617173899835
 20
44.76397884304196
 30
0.0
 10
52.01118638743585
 20
44.93646419460446
 30
0.0
  0
SPLINE
  5
401
330
17
100
AcDbEntity
  8
ENGRAVE
100
AcDbSpline
 70
0
 71
2
 72
6
 73
3
 74
0
 40
0.0
 40
0.0
 40
0.0
 40
1.0
 40
1.0
 40
1.0
 10
52.27366197337335
 20
47.40396907741696
 30
0.0
 10
52.161161973373346
 20
47.25396907741696
 30
0.0
 10
52.17620103587335
 20
46.81895931179196
 30
0.0
  0
SPLINE
  5
402
330
17
100
AcDbEntity
  8
ENGRAVE
100
AcDbSpline
 70
0
 71
2
 72
6
 73
3
 74
0
 40
0.0
 40
0.0
 40
0.0
 40
1.0
 40
1.0
 40
1.0
 10
51.40369127024835
 20
48.63397396022946
 30
0.0
 10
51.74119127024835
 20
49.33897884304196
 30
0.0
 10
52.23618638743585
 20
49.87896907741696
 30
0.0
  0
SPLINE
  5
403
330
17
100
AcDbEntity
  8
ENGRAVE
100
AcDbSpline
 70
0
 71
2
 72
6
 73
3
 74
0
 40
0.0
 40
0.0
 40
0.0
 40
1.0
 40
1.0
 40
1.0
 10
52.74617173899835
 20
47.478969077416956
 30
0.0
 10
52.38616197337335
 20
47.55396907741696
 30
0.0
 10
52.27366197337335
 20
47.40396907741696
 30
0.0
  0
SPLINE
  5
404
330
17
100
AcDbEntity
  8
ENGRAVE
100
AcDbSpline
 70
0
 71
2
 72
6
 73
3
 74
0
 40
0.0
 40
0.0
 40
0.0
 40
1.0
 40
1.0
 40
1.0
 10
52.17620103587335
 20
46.81895931179196
 30
0.0
 10
52.20618150462335
 20
46.54893978054196
 30
0.0
 10
52.30369127024835
 20
46.34644954616696
 30
0.0
  0
SPLINE
  5
405
330
17
100
AcDbEntity
  8
ENGRAVE
100
AcDbSpline
 70
0
 71
2
 72
6
 73
3
 74
0
 40
0.0
 40
0.0
 40
0.0
 40
1.0
 40
1.0
 40
1.0
 10
52.30369127024835
 20
46.34644954616696
 30
0.0
 10
52.40120103587335
 20
46.14395931179196
 30
0.0
 10
52.671171738998346
 20
46.06895931179196
 30
0.0
  0
SPLINE
  5
406
330
17
100
AcDbEntity
  8
ENGRAVE
100
AcDbSpline
 70
0
 71
2
 72
6
 73
3
 74
0
 40
0.0
 40
0.0
 40
0.0
 40
1.0
 40
1.0
 40
1.0
 10
52.95618150462335
 20
48.92645442897946
 30
0.0
 10
52.76116197337335
 20
48.69395931179196
 30
0.0
 10
52.701201035873346
 20
48.573939780541956
 30
0.0
  0
SPLINE
  5
407
330
17
100
AcDbEntity
  8
ENGRAVE
100
AcDbSpline
 70
0
 71
2
 72
6
 73
3
 74
0
 40
0.0
 40
0.0
 40
0.0
 40
1.0
 40
1.0
 40
1.0
 10
53.69116685618585
 20
47.38895442897946
 30
0.0
 10
53.34617173899835
 20
47.35894954616696
 30
0.0
 10
52.74617173899835
 20
47.478969077416956
 30
0.0
  0
SPLINE
  5
408
330
17
100
AcDbEntity
  8
ENGRAVE
100
AcDbSpline
 70
0
 71
2
 72
6
 73
3
 74
0
 40
0.0
 40
0.0
 40
0.0
 40
1.0
 40
1.0
 40
1.0
 10
53.90120103587335
 20
45.093959311791956
 30
0.0
 10
53.451201035873346
 20
44.83897884304196
 30
0.0
 10
52.94868638743585
 20
44.801478843041956
 30
0.0
  0
SPLINE
  5
409
330
17
100
AcDbEntity
  8
ENGRAVE
100
AcDbSpline
 70
0
 71
2
 72
6
 73
3
 74
0
 40
0.0
 40
0.0
 40
0.0
 40
1.0
 40
1.0
 40
1.0
 10
53.383696153060846
 20
49.36895931179196
 30
0.0
 10
53.15120103587335
 20
49.15894954616696
 30
0.0
 10
52.95618150462335
 20
48.92645442897946
 30
0.0
  0
SPLINE
  5
40A
330
17
100
AcDbEntity
  8
ENGRAVE
100
AcDbSpline
 70
0
 71
2
 72
6
 73
3
 74
0
 40
0.0
 40
0.0
 40
0.0
 40
1.0
 40
1.0
 40
1.0
 10
52.701201035873346
 20
48.573939780541956
 30
0.0
 10
52.77620103587335
 20
48.468959311791956
 30
0.0
 10
53.128691270248346
 20
48.42396419460446
 30
0.0
  0
SPLINE
  5
40B
330
17
100
AcDbEntity
  8
ENGRAVE
100
AcDbSpline
 70
0
 71
2
 72
6
 73
3
 74
0
 40
0.0
 40
0.0
 40
0.0
 40
1.0
 40
1.0
 40
1.0
 10
52.671171738998346
 20
46.06895931179196
 30
0.0
 10
53.01619127024835
 20
46.00894954616696
 30
0.0
 10
53.16619127024835
 20
46.06146419460446
 30
0.0
  0
SPLINE
  5
40C
330
17
100
AcDbEntity
  8
ENGRAVE
100
AcDbSpline
 70
0
 71
2
 72
6
 73
3
 74
0
 40
0.0
 40
0.0
 40
0.0
 40
1.0
 40
1.0
 40
1.0
 10
52.23618638743585
 20
49.87896907741696
 30
0.0
 10
52.73118150462335
 20
50.41895931179196
 30
0.0
 10
53.316191270248346
 20
50.61397884304196
 30
0.0
  0
SPLINE
  5
40D
330
17
100
AcDbEntity
  8
ENGRAVE
100
AcDbSpline
 70
0
 71
2
 72
6
 73
3
 74
0
 40
0.0
 40
0.0
 40
0.0
 40
1.0
 40
1.0
 40
1.0
 10
53.76619127024835
 20
49.62393978054196
 30
0.0
 10
53.61619127024835
 20
49.57896907741696
 30
0.0
 10
53.383696153060846
 20
49.36895931179196
 30
0.0
  0
SPLINE
  5
40E
330
17
100
AcDbEntity
  8
ENGRAVE
100
AcDbSpline
 70
0
 71
2
 72
6
 73
3
 74
0
 40
0.0
 40
0.0
 40
0.0
 40
1.0
 40
1.0
 40
1.0
 10
53.16619127024835
 20
46.06146419460446
 30
0.0
 10
53.316191270248346
 20
46.113978843041956
 30
0.0
 10
53.54119127024835
 20
46.218959311791956
 30
0.0
  0
SPLINE
  5
40F
330
17
100
AcDbEntity
  8
ENGRAVE
100
AcDbSpline
 70
0
 71
2
 72
6
 73
3
 74
0
 40
0.0
 40
0.0
 40
0.0
 40
1.0
 40
1.0
 40
1.0
 10
54.29119127024835
 20
47.52393978054196
 30
0.0
 10
54.036161973373346
 20
47.41895931179196
 30
0.0
 10
53.69116685618585
 20
47.38895442897946
 30
0.0
  0
SPLINE
  5
410
330
17
100
AcDbEntity
  8
ENGRAVE
100
AcDbSpline
 70
0
 71
2
 72
6
 73
3
 74
0
 40
0.0
 40
0.0
 40
0.0
 40
1.0
 40
1.0
 40
1.0
 10
53.128691270248346
 20
48.42396419460446
 30
0.0
 10
53.48118150462335
 20
48.37896907741696
 30
0.0
 10
53.70618150462335
 20
48.43897884304196
 30
0.0
  0
SPLINE
  5
411
330
17
100
AcDbEntity
  8
ENGRAVE
100
AcDbSpline
 70
0
 71
2
 72
6
 73
3
 74
0
 40
0.0
 40
0.0
 40
0.0
 40
1.0
 40
1.0
 40
1.0
 10
53.316191270248346
 20
50.61397884304196
 30
0.0
 10
53.52620103587335
 20
50.68897884304196
 30
0.0
 10
53.74368150462335
 20
50.72647884304196
 30
0.0
  0
SPLINE
  5
412
330
17
100
AcDbEntity
  8
ENGRAVE
100
AcDbSpline
 70
0
 71
2
 72
6
 73
3
 74
0
 40
0.0
 40
0.0
 40
0.0
 40
1.0
 40
1.0
 40
1.0
 10
54.32866685618585
 20
49.57894466335446
 30
0.0
 10
54.11116197337335
 20
49.69893978054196
 30
0.0
 10
53.76619127024835
 20
49.62393978054196
 30
0.0
  0
SPLINE
  5
413
330
17
100
AcDbEntity
  8
ENGRAVE
100
AcDbSpline
 70
0
 71
2
 72
6
 73
3
 74
0
 40
0.0
 40
0.0
 40
0.0
 40
1.0
 40
1.0
 40
1.0
 10
53.54119127024835
 20
46.218959311791956
 30
0.0
 10
53.70618150462335
 20
46.323939780541956
 30
0.0
 10
53.88618638743585
 20
46.47393978054196
 30
0.0
  0
SPLINE
  5
414
330
17
100
AcDbEntity
  8
ENGRAVE
100
AcDbSpline
 70
0
 71
2
 72
6
 73
3
 74
0
 40
0.0
 40
0.0
 40
0.0
 40
1.0
 40
1.0
 40
1.0
 10
54.67368638743585
 20
45.72393978054196
 30
0.0
 10
54.35120103587335
 20
45.34893978054196
 30
0.0
 10
53.90120103587335
 20
45.093959311791956
 30
0.0
  0
SPLINE
  5
415
330
17
100
AcDbEntity
  8
ENGRAVE
100
AcDbSpline
 70
0
 71
2
 72
6
 73
3
 74
0
 40
0.0
 40
0.0
 40
0.0
 40
1.0
 40
1.0
 40
1.0
 10
53.70618150462335
 20
48.43897884304196
 30
0.0
 10
53.81116197337335
 20
48.48394954616696
 30
0.0
 10
54.01367662181085
 20
48.64896419460446
 30
0.0
  0
SPLINE
  5
416
330
17
100
AcDbEntity
  8
ENGRAVE
100
AcDbSpline
 70
0
 71
2
 72
6
 73
3
 74
0
 40
0.0
 40
0.0
 40
0.0
 40
1.0
 40
1.0
 40
1.0
 10
53.88618638743585
 20
46.47393978054196
 30
0.0
 10
54.066191270248346
 20
46.62393978054196
 30
0.0
 10
54.18616197337335
 20
46.698939780541956
 30
0.0
  0
SPLINE
  5
417
330
17
100
AcDbEntity
  8
ENGRAVE
100
AcDbSpline
 70
0
 71
2
 72
6
 73
3
 74
0
 40
0.0
 40
0.0
 40
0.0
 40
1.0
 40
1.0
 40
1.0
 10
55.27368638743585
 20
48.348964194604456
 30
0.0
 10
54.92117173899835
 20
47.79395931179196
 30
0.0
 10
54.29119127024835
 20
47.52393978054196
 30
0.0
  0
SPLINE
  5
418
330
17
100
AcDbEntity
  8
ENGRAVE
100
AcDbSpline
 70
0
 71
2
 72
6
 73
3
 74
0
 40
0.0
 40
0.0
 40
0.0
 40
1.0
 40
1.0
 40
1.0
 10
53.74368150462335
 20
50.72647884304196
 30
0.0
 10
53.96116197337335
 20
50.76397884304196
 30
0.0
 10
54.32117173899835
 20
50.73394954616696
 30
0.0
  0
SPLINE
  5
419
330
17
100
AcDbEntity
  8
ENGRAVE
100
AcDbSpline
 70
0
 71
2
 72
6
 73
3
 74
0
 40
0.0
 40
0.0
 40
0.0
 40
1.0
 40
1.0
 40
1.0
 10
54.54617173899835
 20
49.29395931179196
 30
0.0
 10
54.54617173899835
 20
49.458949546166956
 30
0.0
 10
54.32866685618585
 20
49.57894466335446
 30
0.0
  0
SPLINE
  5
41A
330
17
100
AcDbEntity
  8
ENGRAVE
100
AcDbSpline
 70
0
 71
2
 72
6
 73
3
 74
0
 40
0.0
 40
0.0
 40
0.0
 40
1.0
 40
1.0
 40
1.0
 10
54.01367662181085
 20
48.64896419460446
 30
0.0
 10
54.21619127024835
 20
48.81397884304196
 30
0.0
 10
54.38118150462335
 20
49.00147884304196
 30
0.0
  0
SPLINE
  5
41B
330
17
100
AcDbEntity
  8
ENGRAVE
100
AcDbSpline
 70
0
 71
2
 72
6
 73
3
 74
0
 40
0.0
 40
0.0
 40
0.0
 40
1.0
 40
1.0
 40
1.0
 10
54.18616197337335
 20
46.698939780541956
 30
0.0
 10
54.30618150462335
 20
46.78897884304196
 30
0.0
 10
54.48616197337335
 20
46.78897884304196
 30
0.0
  0
SPLINE
  5
41C
330
17
100
AcDbEntity
  8
ENGRAVE
100
AcDbSpline
 70
0
 71
2
 72
6
 73
3
 74
0
 40
0.0
 40
0.0
 40
0.0
 40
1.0
 40
1.0
 40
1.0
 10
54.38118150462335
 20
49.00147884304196
 30
0.0
 10
54.54617173899835
 20
49.18897884304196
 30
0.0
 10
54.54617173899835
 20
49.29395931179196
 30
0.0
  0
SPLINE
  5
41D
330
17
100
AcDbEntity
  8
ENGRAVE
100
AcDbSpline
 70
0
 71
2
 72
6
 73
3
 74
0
 40
0.0
 40
0.0
 40
0.0
 40
1.0
 40
1.0
 40
1.0
 10
54.99617173899835
 20
46.29395931179196
 30
0.0
 10
54.99617173899835
 20
46.09893978054196
 30
0.0
 10
54.67368638743585
 20
45.72393978054196
 30
0.0
  0
SPLINE
  5
41E
330
17
100
AcDbEntity
  8
ENGRAVE
100
AcDbSpline
 70
0
 71
2
 72
6
 73
3
 74
0
 40
0.0
 40
0.0
 40
0.0
 40
1.0
 40
1.0
 40
1.0
 10
54.48616197337335
 20
46.78897884304196
 30
0.0
 10
54.65120103587335
 20
46.77393978054196
 30
0.0
 10
54.80120103587335
 20
46.60894954616696
 30
0.0
  0
SPLINE
  5
41F
330
17
100
AcDbEntity
  8
ENGRAVE
100
AcDbSpline
 70
0
 71
2
 72
6
 73
3
 74
0
 40
0.0
 40
0.0
 40
0.0
 40
1.0
 40
1.0
 40
1.0
 10
54.32117173899835
 20
50.73394954616696
 30
0.0
 10
54.66619127024835
 20
50.68897884304196
 30
0.0
 10
54.93618638743585
 20
50.56146419460446
 30
0.0
  0
SPLINE
  5
420
330
17
100
AcDbEntity
  8
ENGRAVE
100
AcDbSpline
 70
0
 71
2
 72
6
 73
3
 74
0
 40
0.0
 40
0.0
 40
0.0
 40
1.0
 40
1.0
 40
1.0
 10
54.80120103587335
 20
46.60894954616696
 30
0.0
 10
54.95120103587335
 20
46.44395931179196
 30
0.0
 10
54.99617173899835
 20
46.29395931179196
 30
0.0
  0
SPLINE
  5
421
330
17
100
AcDbEntity
  8
ENGRAVE
100
AcDbSpline
 70
0
 71
2
 72
6
 73
3
 74
0
 40
0.0
 40
0.0
 40
0.0
 40
1.0
 40
1.0
 40
1.0
 10
55.70120103587335
 20
49.38394954616696
 30
0.0
 10
55.62620103587335
 20
48.90396907741696
 30
0.0
 10
55.27368638743585
 20
48.348964194604456
 30
0.0
  0
SPLINE
  5
422
330
17
100
AcDbEntity
  8
ENGRAVE
100
AcDbSpline
 70
0
 71
2
 72
6
 73
3
 74
0
 40
0.0
 40
0.0
 40
0.0
 40
1.0
 40
1.0
 40
1.0
 10
54.93618638743585
 20
50.56146419460446
 30
0.0
 10
55.20618150462335
 20
50.43394954616696
 30
0.0
 10
55.32620103587335
 20
50.28394954616696
 30
0.0
  0
SPLINE
  5
423
330
17
100
AcDbEntity
  8
ENGRAVE
100
AcDbSpline
 70
0
 71
2
 72
6
 73
3
 74
0
 40
0.0
 40
0.0
 40
0.0
 40
1.0
 40
1.0
 40
1.0
 10
55.32620103587335
 20
50.28394954616696
 30
0.0
 10
55.56619127024835
 20
50.04395931179196
 30
0.0
 10
55.64119127024835
 20
49.81895931179196
 30
0.0
  0
SPLINE
  5
424
330
17
100
AcDbEntity
  8
ENGRAVE
100
AcDbSpline
 70
0
 71
2
 72
6
 73
3
 74
0
 40
0.0
 40
0.0
 40
0.0
 40
1.0
 40
1.0
 40
1.0
 10
55.64119127024835
 20
49.81895931179196
 30
0.0
 10
55.71619127024835
 20
49.59395931179196
 30
0.0
 10
55.70120103587335
 20
49.38394954616696
 30
0.0
  0
SPLINE
  5
425
330
17
100
AcDbEntity
  8
ENGRAVE
100
AcDbSpline
 70
0
 71
2
 72
6
 73
3
 74
0
 40
0.0
 40
0.0
 40
0.0
 40
1.0
 40
1.0
 40
1.0
 10
56.008696153060846
 20
45.468959311791956
 30
0.0
 10
55.85120103587335
 20
45.63394954616696
 30
0.0
 10
55.89617173899835
 20
45.93394954616696
 30
0.0
  0
SPLINE
  5
426
330
17
100
AcDbEntity
  8
ENGRAVE
100
AcDbSpline
 70
0
 71
2
 72
6
 73
3
 74
0
 40
0.0
 40
0.0
 40
0.0
 40
1.0
 40
1.0
 40
1.0
 10
56.30120103587335
 20
45.198939780541956
 30
0.0
 10
56.16619127024835
 20
45.30396907741696
 30
0.0
 10
56.008696153060846
 20
45.468959311791956
 30
0.0
  0
SPLINE
  5
427
330
17
100
AcDbEntity
  8
ENGRAVE
100
AcDbSpline
 70
0
 71
2
 72
6
 73
3
 74
0
 40
0.0
 40
0.0
 40
0.0
 40
1.0
 40
1.0
 40
1.0
 10
55.89617173899835
 20
45.93394954616696
 30
0.0
 10
55.941191270248346
 20
46.353969077416956
 30
0.0
 10
56.01619127024835
 20
46.67645442897946
 30
0.0
  0
SPLINE
  5
428
330
17
100
AcDbEntity
  8
ENGRAVE
100
AcDbSpline
 70
0
 71
2
 72
6
 73
3
 74
0
 40
0.0
 40
0.0
 40
0.0
 40
1.0
 40
1.0
 40
1.0
 10
56.01619127024835
 20
46.67645442897946
 30
0.0
 10
56.09119127024835
 20
46.99893978054196
 30
0.0
 10
56.19617173899835
 20
47.41895931179196
 30
0.0
  0
SPLINE
  5
429
330
17
100
AcDbEntity
  8
ENGRAVE
100
AcDbSpline
 70
0
 71
2
 72
6
 73
3
 74
0
 40
0.0
 40
0.0
 40
0.0
 40
1.0
 40
1.0
 40
1.0
 10
56.71370103587335
 20
45.01895931179196
 30
0.0
 10
56.54119127024835
 20
44.958949546166956
 30
0.0
 10
56.30120103587335
 20
45.198939780541956
 30
0.0
  0
SPLINE
  5
42A
330
17
100
AcDbEntity
  8
ENGRAVE
100
AcDbSpline
 70
0
 71
2
 72
6
 73
3
 74
0
 40
0.0
 40
0.0
 40
0.0
 40
1.0
 40
1.0
 40
1.0
 10
56.19617173899835
 20
47.41895931179196
 30
0.0
 10
56.22620103587335
 20
47.59893978054196
 30
0.0
 10
56.35369127024835
 20
48.03394954616696
 30
0.0
  0
SPLINE
  5
42B
330
17
100
AcDbEntity
  8
ENGRAVE
100
AcDbSpline
 70
0
 71
2
 72
6
 73
3
 74
0
 40
0.0
 40
0.0
 40
0.0
 40
1.0
 40
1.0
 40
1.0
 10
56.35369127024835
 20
48.03394954616696
 30
0.0
 10
56.48118150462335
 20
48.468959311791956
 30
0.0
 10
56.66118638743585
 20
48.978969077416956
 30
0.0
  0
SPLINE
  5
42C
330
17
100
AcDbEntity
  8
ENGRAVE
100
AcDbSpline
 70
0
 71
2
 72
6
 73
3
 74
0
 40
0.0
 40
0.0
 40
0.0
 40
1.0
 40
1.0
 40
1.0
 10
57.066191270248346
 20
45.31895931179196
 30
0.0
 10
56.88621080149835
 20
45.07896907741696
 30
0.0
 10
56.71370103587335
 20
45.01895931179196
 30
0.0
  0
SPLINE
  5
42D
330
17
100
AcDbEntity
  8
ENGRAVE
100
AcDbSpline
 70
0
 71
2
 72
6
 73
3
 74
0
 40
0.0
 40
0.0
 40
0.0
 40
1.0
 40
1.0
 40
1.0
 10
56.66118638743585
 20
48.978969077416956
 30
0.0
 10
56.84119127024835
 20
49.488978843041956
 30
0.0
 10
57.03618638743585
 20
49.94647396022946
 30
0.0
  0
SPLINE
  5
42E
330
17
100
AcDbEntity
  8
ENGRAVE
100
AcDbSpline
 70
0
 71
2
 72
6
 73
3
 74
0
 40
0.0
 40
0.0
 40
0.0
 40
1.0
 40
1.0
 40
1.0
 10
57.21619127024835
 20
45.59647396022946
 30
0.0
 10
57.171171738998346
 20
45.45396907741696
 30
0.0
 10
57.066191270248346
 20
45.31895931179196
 30
0.0
  0
SPLINE
  5
42F
330
17
100
AcDbEntity
  8
ENGRAVE
100
AcDbSpline
 70
0
 71
2
 72
6
 73
3
 74
0
 40
0.0
 40
0.0
 40
0.0
 40
1.0
 40
1.0
 40
1.0
 10
57.26121080149835
 20
45.738978843041956
 30
0.0
 10
57.26121080149835
 20
45.738978843041956
 30
0.0
 10
57.21619127024835
 20
45.59647396022946
 30
0.0
  0
SPLINE
  5
430
330
17
100
AcDbEntity
  8
ENGRAVE
100
AcDbSpline
 70
0
 71
2
 72
6
 73
3
 74
0
 40
0.0
 40
0.0
 40
0.0
 40
1.0
 40
1.0
 40
1.0
 10
57.31370103587335
 20
46.016444663354456
 30
0.0
 10
57.26121080149835
 20
45.78394954616696
 30
0.0
 10
57.26121080149835
 20
45.738978843041956
 30
0.0
  0
SPLINE
  5
431
330
17
100
AcDbEntity
  8
ENGRAVE
100
AcDbSpline
 70
0
 71
2
 72
6
 73
3
 74
0
 40
0.0
 40
0.0
 40
0.0
 40
1.0
 40
1.0
 40
1.0
 10
57.441191270248346
 20
46.50394466335446
 30
0.0
 10
57.36619127024835
 20
46.24893978054196
 30
0.0
 10
57.31370103587335
 20
46.016444663354456
 30
0.0
  0
SPLINE
  5
432
330
17
100
AcDbEntity
  8
ENGRAVE
100
AcDbSpline
 70
0
 71
2
 72
6
 73
3
 74
0
 40
0.0
 40
0.0
 40
0.0
 40
1.0
 40
1.0
 40
1.0
 10
57.03618638743585
 20
49.94647396022946
 30
0.0
 10
57.23118150462335
 20
50.40396907741696
 30
0.0
 10
57.38118150462335
 20
50.62896907741696
 30
0.0
  0
SPLINE
  5
433
330
17
100
AcDbEntity
  8
ENGRAVE
100
AcDbSpline
 70
0
 71
2
 72
6
 73
3
 74
0
 40
0.0
 40
0.0
 40
0.0
 40
1.0
 40
1.0
 40
1.0
 10
57.59119127024835
 20
46.833949546166956
 30
0.0
 10
57.51619127024835
 20
46.75894954616696
 30
0.0
 10
57.441191270248346
 20
46.50394466335446
 30
0.0
  0
SPLINE
  5
434
330
17
100
AcDbEntity
  8
ENGRAVE
100
AcDbSpline
 70
0
 71
2
 72
6
 73
3
 74
0
 40
0.0
 40
0.0
 40
0.0
 40
1.0
 40
1.0
 40
1.0
 10
57.831205918685846
 20
47.13397396022946
 30
0.0
 10
57.711210801498346
 20
47.02896907741696
 30
0.0
 10
57.59119127024835
 20
46.833949546166956
 30
0.0
  0
SPLINE
  5
435
330
17
100
AcDbEntity
  8
ENGRAVE
100
AcDbSpline
 70
0
 71
2
 72
6
 73
3
 74
0
 40
0.0
 40
0.0
 40
0.0
 40
1.0
 40
1.0
 40
1.0
 10
57.80867173899835
 20
48.76146419460446
 30
0.0
 10
57.69617173899835
 20
48.55894954616696
 30
0.0
 10
57.65117662181085
 20
48.43145931179196
 30
0.0
  0
SPLINE
  5
436
330
17
100
AcDbEntity
  8
ENGRAVE
100
AcDbSpline
 70
0
 71
2
 72
6
 73
3
 74
0
 40
0.0
 40
0.0
 40
0.0
 40
1.0
 40
1.0
 40
1.0
 10
57.65117662181085
 20
48.43145931179196
 30
0.0
 10
57.60618150462335
 20
48.30396907741696
 30
0.0
 10
57.681181504623346
 20
48.31895931179196
 30
0.0
  0
SPLINE
  5
437
330
17
100
AcDbEntity
  8
ENGRAVE
100
AcDbSpline
 70
0
 71
2
 72
6
 73
3
 74
0
 40
0.0
 40
0.0
 40
0.0
 40
1.0
 40
1.0
 40
1.0
 10
57.99617173899835
 20
49.14395931179196
 30
0.0
 10
57.921171738998346
 20
48.96397884304196
 30
0.0
 10
57.80867173899835
 20
48.76146419460446
 30
0.0
  0
SPLINE
  5
438
330
17
100
AcDbEntity
  8
ENGRAVE
100
AcDbSpline
 70
0
 71
2
 72
6
 73
3
 74
0
 40
0.0
 40
0.0
 40
0.0
 40
1.0
 40
1.0
 40
1.0
 10
58.056181504623346
 20
47.35894954616696
 30
0.0
 10
57.951201035873346
 20
47.238978843041956
 30
0.0
 10
57.831205918685846
 20
47.13397396022946
 30
0.0
  0
SPLINE
  5
439
330
17
100
AcDbEntity
  8
ENGRAVE
100
AcDbSpline
 70
0
 71
2
 72
6
 73
3
 74
0
 40
0.0
 40
0.0
 40
0.0
 40
1.0
 40
1.0
 40
1.0
 10
57.38118150462335
 20
50.62896907741696
 30
0.0
 10
57.546171738998346
 20
50.77896907741696
 30
0.0
 10
57.868681504623346
 20
50.77896907741696
 30
0.0
  0
SPLINE
  5
43A
330
17
100
AcDbEntity
  8
ENGRAVE
100
AcDbSpline
 70
0
 71
2
 72
6
 73
3
 74
0
 40
0.0
 40
0.0
 40
0.0
 40
1.0
 40
1.0
 40
1.0
 10
58.41619127024835
 20
50.18643978054196
 30
0.0
 10
58.35618150462335
 20
49.84893978054196
 30
0.0
 10
57.99617173899835
 20
49.14395931179196
 30
0.0
  0
SPLINE
  5
43B
330
17
100
AcDbEntity
  8
ENGRAVE
100
AcDbSpline
 70
0
 71
2
 72
6
 73
3
 74
0
 40
0.0
 40
0.0
 40
0.0
 40
1.0
 40
1.0
 40
1.0
 10
57.681181504623346
 20
48.31895931179196
 30
0.0
 10
57.77117173899835
 20
48.48394954616696
 30
0.0
 10
58.01118638743585
 20
48.70145442897946
 30
0.0
  0
SPLINE
  5
43C
330
17
100
AcDbEntity
  8
ENGRAVE
100
AcDbSpline
 70
0
 71
2
 72
6
 73
3
 74
0
 40
0.0
 40
0.0
 40
0.0
 40
1.0
 40
1.0
 40
1.0
 10
58.99370591868585
 20
48.13895442897946
 30
0.0
 10
58.53621080149835
 20
47.88394954616696
 30
0.0
 10
58.056181504623346
 20
47.35894954616696
 30
0.0
  0
SPLINE
  5
43D
330
17
100
AcDbEntity
  8
ENGRAVE
100
AcDbSpline
 70
0
 71
2
 72
6
 73
3
 74
0
 40
0.0
 40
0.0
 40
0.0
 40
1.0
 40
1.0
 40
1.0
 10
57.868681504623346
 20
50.77896907741696
 30
0.0
 10
58.191191270248346
 20
50.77896907741696
 30
0.0
 10
58.31121080149835
 20
50.65894954616696
 30
0.0
  0
SPLINE
  5
43E
330
17
100
AcDbEntity
  8
ENGRAVE
100
AcDbSpline
 70
0
 71
2
 72
6
 73
3
 74
0
 40
0.0
 40
0.0
 40
0.0
 40
1.0
 40
1.0
 40
1.0
 10
58.31121080149835
 20
50.65894954616696
 30
0.0
 10
58.47620103587335
 20
50.52393978054196
 30
0.0
 10
58.41619127024835
 20
50.18643978054196
 30
0.0
  0
SPLINE
  5
43F
330
17
100
AcDbEntity
  8
ENGRAVE
100
AcDbSpline
 70
0
 71
2
 72
6
 73
3
 74
0
 40
0.0
 40
0.0
 40
0.0
 40
1.0
 40
1.0
 40
1.0
 10
58.01118638743585
 20
48.70145442897946
 30
0.0
 10
58.25120103587335
 20
48.91895931179196
 30
0.0
 10
58.52119615306085
 20
49.12896907741696
 30
0.0
  0
SPLINE
  5
440
330
17
100
AcDbEntity
  8
ENGRAVE
100
AcDbSpline
 70
0
 71
2
 72
6
 73
3
 74
0
 40
0.0
 40
0.0
 40
0.0
 40
1.0
 40
1.0
 40
1.0
 10
60.02117173899835
 20
48.72393978054196
 30
0.0
 10
59.45120103587335
 20
48.39395931179196
 30
0.0
 10
58.99370591868585
 20
48.13895442897946
 30
0.0
  0
SPLINE
  5
441
330
17
100
AcDbEntity
  8
ENGRAVE
100
AcDbSpline
 70
0
 71
2
 72
6
 73
3
 74
0
 40
0.0
 40
0.0
 40
0.0
 40
1.0
 40
1.0
 40
1.0
 10
58.52119615306085
 20
49.12896907741696
 30
0.0
 10
58.79119127024835
 20
49.33897884304196
 30
0.0
 10
59.03118150462335
 20
49.50396907741696
 30
0.0
  0
SPLINE
  5
442
330
17
100
AcDbEntity
  8
ENGRAVE
100
AcDbSpline
 70
0
 71
2
 72
6
 73
3
 74
0
 40
0.0
 40
0.0
 40
0.0
 40
1.0
 40
1.0
 40
1.0
 10
59.03118150462335
 20
49.50396907741696
 30
0.0
 10
59.27117173899835
 20
49.66895931179196
 30
0.0
 10
59.36121080149835
 20
49.71397884304196
 30
0.0
  0
SPLINE
  5
443
330
17
100
AcDbEntity
  8
ENGRAVE
100
AcDbSpline
 70
0
 71
2
 72
6
 73
3
 74
0
 40
0.0
 40
0.0
 40
0.0
 40
1.0
 40
1.0
 40
1.0
 10
59.36121080149835
 20
49.71397884304196
 30
0.0
 10
59.48118150462335
 20
49.78897884304196
 30
0.0
 10
59.63867662181085
 20
49.84146907741696
 30
0.0
  0
SPLINE
  5
444
330
17
100
AcDbEntity
  8
ENGRAVE
100
AcDbSpline
 70
0
 71
2
 72
6
 73
3
 74
0
 40
0.0
 40
0.0
 40
0.0
 40
1.0
 40
1.0
 40
1.0
 10
59.63867662181085
 20
49.84146907741696
 30
0.0
 10
59.79617173899835
 20
49.89395931179196
 30
0.0
 10
59.85618150462335
 20
49.92393978054196
 30
0.0
  0
SPLINE
  5
445
330
17
100
AcDbEntity
  8
ENGRAVE
100
AcDbSpline
 70
0
 71
2
 72
6
 73
3
 74
0
 40
0.0
 40
0.0
 40
0.0
 40
1.0
 40
1.0
 40
1.0
 10
60.38118150462335
 20
48.87396419460446
 30
0.0
 10
60.23118150462335
 20
48.81397884304196
 30
0.0
 10
60.02117173899835
 20
48.72393978054196
 30
0.0
  0
SPLINE
  5
446
330
17
100
AcDbEntity
  8
ENGRAVE
100
AcDbSpline
 70
0
 71
2
 72
6
 73
3
 74
0
 40
0.0
 40
0.0
 40
0.0
 40
1.0
 40
1.0
 40
1.0
 10
60.72620103587335
 20
48.948939780541956
 30
0.0
 10
60.53118150462335
 20
48.93394954616696
 30
0.0
 10
60.38118150462335
 20
48.87396419460446
 30
0.0
  0
SPLINE
  5
447
330
17
100
AcDbEntity
  8
ENGRAVE
100
AcDbSpline
 70
0
 71
2
 72
6
 73
3
 74
0
 40
0.0
 40
0.0
 40
0.0
 40
1.0
 40
1.0
 40
1.0
 10
59.85618150462335
 20
49.92393978054196
 30
0.0
 10
60.20120103587335
 20
50.08897884304196
 30
0.0
 10
60.61370103587335
 20
50.05147884304196
 30
0.0
  0
SPLINE
  5
448
330
17
100
AcDbEntity
  8
ENGRAVE
100
AcDbSpline
 70
0
 71
2
 72
6
 73
3
 74
0
 40
0.0
 40
0.0
 40
0.0
 40
1.0
 40
1.0
 40
1.0
 10
61.16868150462335
 20
49.15897396022946
 30
0.0
 10
60.96619127024835
 20
48.96397884304196
 30
0.0
 10
60.72620103587335
 20
48.948939780541956
 30
0.0
  0
SPLINE
  5
449
330
17
100
AcDbEntity
  8
ENGRAVE
100
AcDbSpline
 70
0
 71
2
 72
6
 73
3
 74
0
 40
0.0
 40
0.0
 40
0.0
 40
1.0
 40
1.0
 40
1.0
 10
60.61370103587335
 20
50.05147884304196
 30
0.0
 10
61.02620103587335
 20
50.01397884304196
 30
0.0
 10
61.11619127024835
 20
49.78897884304196
 30
0.0
  0
SPLINE
  5
44A
330
17
100
AcDbEntity
  8
ENGRAVE
100
AcDbSpline
 70
0
 71
2
 72
6
 73
3
 74
0
 40
0.0
 40
0.0
 40
0.0
 40
1.0
 40
1.0
 40
1.0
 10
61.37117173899835
 20
49.458949546166956
 30
0.0
 10
61.37117173899835
 20
49.353969077416956
 30
0.0
 10
61.16868150462335
 20
49.15897396022946
 30
0.0
  0
SPLINE
  5
44B
330
17
100
AcDbEntity
  8
ENGRAVE
100
AcDbSpline
 70
0
 71
2
 72
6
 73
3
 74
0
 40
0.0
 40
0.0
 40
0.0
 40
1.0
 40
1.0
 40
1.0
 10
61.11619127024835
 20
49.78897884304196
 30
0.0
 10
61.13118150462335
 20
49.66895931179196
 30
0.0
 10
61.21367662181085
 20
49.60894954616696
 30
0.0
  0
SPLINE
  5
44C
330
17
100
AcDbEntity
  8
ENGRAVE
100
AcDbSpline
 70
0
 71
2
 72
6
 73
3
 74
0
 40
0.0
 40
0.0
 40
0.0
 40
1.0
 40
1.0
 40
1.0
 10
61.21367662181085
 20
49.60894954616696
 30
0.0
 10
61.29617173899835
 20
49.54893978054196
 30
0.0
 10
61.29617173899835
 20
49.54893978054196
 30
0.0
  0
SPLINE
  5
44D
330
17
100
AcDbEntity
  8
ENGRAVE
100
AcDbSpline
 70
0
 71
2
 72
6
 73
3
 74
0
 40
0.0
 40
0.0
 40
0.0
 40
1.0
 40
1.0
 40
1.0
 10
61.29617173899835
 20
49.54893978054196
 30
0.0
 10
61.35618150462335
 20
49.54893978054196
 30
0.0
 10
61.36367662181085
 20
49.50394466335446
 30
0.0
  0
SPLINE
  5
44E
330
17
100
AcDbEntity
  8
ENGRAVE
100
AcDbSpline
 70
0
 71
2
 72
6
 73
3
 74
0
 40
0.0
 40
0.0
 40
0.0
 40
1.0
 40
1.0
 40
1.0
 10
61.36367662181085
 20
49.50394466335446
 30
0.0
 10
61.37117173899835
 20
49.458949546166956
 30
0.0
 10
61.37117173899835
 20
49.458949546166956
 30
0.0
  0
SPLINE
  5
44F
330
17
100
AcDbEntity
  8
ENGRAVE
100
AcDbSpline
 70
0
 71
2
 72
6
 73
3
 74
0
 40
0.0
 40
0.0
 40
0.0
 40
1.0
 40
1.0
 40
1.0
 10
61.431181504623346
 20
46.07645442897946
 30
0.0
 10
61.296171738998346
 20
46.50396907741696
 30
0.0
 10
61.38621080149835
 20
47.238978843041956
 30
0.0
  0
SPLINE
  5
450
330
17
100
AcDbEntity
  8
ENGRAVE
100
AcDbSpline
 70
0
 71
2
 72
6
 73
3
 74
0
 40
0.0
 40
0.0
 40
0.0
 40
1.0
 40
1.0
 40
1.0
 10
61.716191270248345
 20
45.45396907741696
 30
0.0
 10
61.566191270248346
 20
45.64893978054196
 30
0.0
 10
61.431181504623346
 20
46.07645442897946
 30
0.0
  0
SPLINE
  5
451
330
17
100
AcDbEntity
  8
ENGRAVE
100
AcDbSpline
 70
0
 71
2
 72
6
 73
3
 74
0
 40
0.0
 40
0.0
 40
0.0
 40
1.0
 40
1.0
 40
1.0
 10
62.42119615306085
 20
44.93646419460446
 30
0.0
 10
61.986210801498345
 20
45.10894954616696
 30
0.0
 10
61.716191270248345
 20
45.45396907741696
 30
0.0
  0
SPLINE
  5
452
330
17
100
AcDbEntity
  8
ENGRAVE
100
AcDbSpline
 70
0
 71
2
 72
6
 73
3
 74
0
 40
0.0
 40
0.0
 40
0.0
 40
1.0
 40
1.0
 40
1.0
 10
61.38621080149835
 20
47.238978843041956
 30
0.0
 10
61.476201035873345
 20
47.92896907741696
 30
0.0
 10
61.81370103587335
 20
48.63397396022946
 30
0.0
  0
SPLINE
  5
453
330
17
100
AcDbEntity
  8
ENGRAVE
100
AcDbSpline
 70
0
 71
2
 72
6
 73
3
 74
0
 40
0.0
 40
0.0
 40
0.0
 40
1.0
 40
1.0
 40
1.0
 10
63.35869615306085
 20
44.801478843041956
 30
0.0
 10
62.85618150462335
 20
44.76397884304196
 30
0.0
 10
62.42119615306085
 20
44.93646419460446
 30
0.0
  0
SPLINE
  5
454
330
17
100
AcDbEntity
  8
ENGRAVE
100
AcDbSpline
 70
0
 71
2
 72
6
 73
3
 74
0
 40
0.0
 40
0.0
 40
0.0
 40
1.0
 40
1.0
 40
1.0
 10
62.68367173899835
 20
47.40396907741696
 30
0.0
 10
62.571171738998345
 20
47.25396907741696
 30
0.0
 10
62.586210801498346
 20
46.81895931179196
 30
0.0
  0
SPLINE
  5
455
330
17
100
AcDbEntity
  8
ENGRAVE
100
AcDbSpline
 70
0
 71
2
 72
6
 73
3
 74
0
 40
0.0
 40
0.0
 40
0.0
 40
1.0
 40
1.0
 40
1.0
 10
61.81370103587335
 20
48.63397396022946
 30
0.0
 10
62.15120103587335
 20
49.33897884304196
 30
0.0
 10
62.64619615306085
 20
49.87896907741696
 30
0.0
  0
SPLINE
  5
456
330
17
100
AcDbEntity
  8
ENGRAVE
100
AcDbSpline
 70
0
 71
2
 72
6
 73
3
 74
0
 40
0.0
 40
0.0
 40
0.0
 40
1.0
 40
1.0
 40
1.0
 10
63.15618150462335
 20
47.478969077416956
 30
0.0
 10
62.796171738998346
 20
47.55396907741696
 30
0.0
 10
62.68367173899835
 20
47.40396907741696
 30
0.0
  0
SPLINE
  5
457
330
17
100
AcDbEntity
  8
ENGRAVE
100
AcDbSpline
 70
0
 71
2
 72
6
 73
3
 74
0
 40
0.0
 40
0.0
 40
0.0
 40
1.0
 40
1.0
 40
1.0
 10
62.586210801498346
 20
46.81895931179196
 30
0.0
 10
62.61619127024835
 20
46.54893978054196
 30
0.0
 10
62.71370103587335
 20
46.34644954616696
 30
0.0
  0
SPLINE
  5
458
330
17
100
AcDbEntity
  8
ENGRAVE
100
AcDbSpline
 70
0
 71
2
 72
6
 73
3
 74
0
 40
0.0
 40
0.0
 40
0.0
 40
1.0
 40
1.0
 40
1.0
 10
62.71370103587335
 20
46.34644954616696
 30
0.0
 10
62.81121080149835
 20
46.14395931179196
 30
0.0
 10
63.081181504623345
 20
46.06895931179196
 30
0.0
  0
SPLINE
  5
459
330
17
100
AcDbEntity
  8
ENGRAVE
100
AcDbSpline
 70
0
 71
2
 72
6
 73
3
 74
0
 40
0.0
 40
0.0
 40
0.0
 40
1.0
 40
1.0
 40
1.0
 10
63.36619127024835
 20
48.92645442897946
 30
0.0
 10
63.171171738998346
 20
48.69395931179196
 30
0.0
 10
63.111210801498345
 20
48.573939780541956
 30
0.0
  0
SPLINE
  5
45A
330
17
100
AcDbEntity
  8
ENGRAVE
100
AcDbSpline
 70
0
 71
2
 72
6
 73
3
 74
0
 40
0.0
 40
0.0
 40
0.0
 40
1.0
 40
1.0
 40
1.0
 10
64.10117662181085
 20
47.38895442897946
 30
0.0
 10
63.75618150462335
 20
47.35894954616696
 30
0.0
 10
63.15618150462335
 20
47.478969077416956
 30
0.0
  0
SPLINE
  5
45B
330
17
100
AcDbEntity
  8
ENGRAVE
100
AcDbSpline
 70
0
 71
2
 72
6
 73
3
 74
0
 40
0.0
 40
0.0
 40
0.0
 40
1.0
 40
1.0
 40
1.0
 10
64.31121080149835
 20
45.093959311791956
 30
0.0
 10
63.861210801498345
 20
44.83897884304196
 30
0.0
 10
63.35869615306085
 20
44.801478843041956
 30
0.0
  0
SPLINE
  5
45C
330
17
100
AcDbEntity
  8
ENGRAVE
100
AcDbSpline
 70
0
 71
2
 72
6
 73
3
 74
0
 40
0.0
 40
0.0
 40
0.0
 40
1.0
 40
1.0
 40
1.0
 10
63.793705918685845
 20
49.36895931179196
 30
0.0
 10
63.56121080149835
 20
49.15894954616696
 30
0.0
 10
63.36619127024835
 20
48.92645442897946
 30
0.0
  0
SPLINE
  5
45D
330
17
100
AcDbEntity
  8
ENGRAVE
100
AcDbSpline
 70
0
 71
2
 72
6
 73
3
 74
0
 40
0.0
 40
0.0
 40
0.0
 40
1.0
 40
1.0
 40
1.0
 10
63.111210801498345
 20
48.573939780541956
 30
0.0
 10
63.18621080149835
 20
48.468959311791956
 30
0.0
 10
63.538701035873345
 20
48.42396419460446
 30
0.0
  0
SPLINE
  5
45E
330
17
100
AcDbEntity
  8
ENGRAVE
100
AcDbSpline
 70
0
 71
2
 72
6
 73
3
 74
0
 40
0.0
 40
0.0
 40
0.0
 40
1.0
 40
1.0
 40
1.0
 10
63.081181504623345
 20
46.06895931179196
 30
0.0
 10
63.42620103587335
 20
46.00894954616696
 30
0.0
 10
63.576201035873346
 20
46.06146419460446
 30
0.0
  0
SPLINE
  5
45F
330
17
100
AcDbEntity
  8
ENGRAVE
100
AcDbSpline
 70
0
 71
2
 72
6
 73
3
 74
0
 40
0.0
 40
0.0
 40
0.0
 40
1.0
 40
1.0
 40
1.0
 10
62.64619615306085
 20
49.87896907741696
 30
0.0
 10
63.14119127024835
 20
50.41895931179196
 30
0.0
 10
63.726201035873345
 20
50.61397884304196
 30
0.0
  0
SPLINE
  5
460
330
17
100
AcDbEntity
  8
ENGRAVE
100
AcDbSpline
 70
0
 71
2
 72
6
 73
3
 74
0
 40
0.0
 40
0.0
 40
0.0
 40
1.0
 40
1.0
 40
1.0
 10
64.17620103587335
 20
49.62393978054196
 30
0.0
 10
64.02620103587334
 20
49.57896907741696
 30
0.0
 10
63.793705918685845
 20
49.36895931179196
 30
0.0
  0
SPLINE
  5
461
330
17
100
AcDbEntity
  8
ENGRAVE
100
AcDbSpline
 70
0
 71
2
 72
6
 73
3
 74
0
 40
0.0
 40
0.0
 40
0.0
 40
1.0
 40
1.0
 40
1.0
 10
63.576201035873346
 20
46.06146419460446
 30
0.0
 10
63.726201035873345
 20
46.113978843041956
 30
0.0
 10
63.951201035873346
 20
46.218959311791956
 30
0.0
  0
SPLINE
  5
462
330
17
100
AcDbEntity
  8
ENGRAVE
100
AcDbSpline
 70
0
 71
2
 72
6
 73
3
 74
0
 40
0.0
 40
0.0
 40
0.0
 40
1.0
 40
1.0
 40
1.0
 10
64.70120103587335
 20
47.52393978054196
 30
0.0
 10
64.44617173899834
 20
47.41895931179196
 30
0.0
 10
64.10117662181085
 20
47.38895442897946
 30
0.0
  0
SPLINE
  5
463
330
17
100
AcDbEntity
  8
ENGRAVE
100
AcDbSpline
 70
0
 71
2
 72
6
 73
3
 74
0
 40
0.0
 40
0.0
 40
0.0
 40
1.0
 40
1.0
 40
1.0
 10
63.538701035873345
 20
48.42396419460446
 30
0.0
 10
63.89119127024835
 20
48.37896907741696
 30
0.0
 10
64.11619127024835
 20
48.43897884304196
 30
0.0
  0
SPLINE
  5
464
330
17
100
AcDbEntity
  8
ENGRAVE
100
AcDbSpline
 70
0
 71
2
 72
6
 73
3
 74
0
 40
0.0
 40
0.0
 40
0.0
 40
1.0
 40
1.0
 40
1.0
 10
63.726201035873345
 20
50.61397884304196
 30
0.0
 10
63.93621080149835
 20
50.68897884304196
 30
0.0
 10
64.15369127024834
 20
50.72647884304196
 30
0.0
  0
SPLINE
  5
465
330
17
100
AcDbEntity
  8
ENGRAVE
100
AcDbSpline
 70
0
 71
2
 72
6
 73
3
 74
0
 40
0.0
 40
0.0
 40
0.0
 40
1.0
 40
1.0
 40
1.0
 10
64.73867662181085
 20
49.57894466335446
 30
0.0
 10
64.52117173899835
 20
49.69893978054196
 30
0.0
 10
64.17620103587335
 20
49.62393978054196
 30
0.0
  0
SPLINE
  5
466
330
17
100
AcDbEntity
  8
ENGRAVE
100
AcDbSpline
 70
0
 71
2
 72
6
 73
3
 74
0
 40
0.0
 40
0.0
 40
0.0
 40
1.0
 40
1.0
 40
1.0
 10
63.951201035873346
 20
46.218959311791956
 30
0.0
 10
64.11619127024835
 20
46.323939780541956
 30
0.0
 10
64.29619615306085
 20
46.47393978054196
 30
0.0
  0
SPLINE
  5
467
330
17
100
AcDbEntity
  8
ENGRAVE
100
AcDbSpline
 70
0
 71
2
 72
6
 73
3
 74
0
 40
0.0
 40
0.0
 40
0.0
 40
1.0
 40
1.0
 40
1.0
 10
65.08369615306084
 20
45.72393978054196
 30
0.0
 10
64.76121080149835
 20
45.34893978054196
 30
0.0
 10
64.31121080149835
 20
45.093959311791956
 30
0.0
  0
SPLINE
  5
468
330
17
100
AcDbEntity
  8
ENGRAVE
100
AcDbSpline
 70
0
 71
2
 72
6
 73
3
 74
0
 40
0.0
 40
0.0
 40
0.0
 40
1.0
 40
1.0
 40
1.0
 10
64.11619127024835
 20
48.43897884304196
 30
0.0
 10
64.22117173899835
 20
48.48394954616696
 30
0.0
 10
64.42368638743585
 20
48.64896419460446
 30
0.0
  0
SPLINE
  5
469
330
17
100
AcDbEntity
  8
ENGRAVE
100
AcDbSpline
 70
0
 71
2
 72
6
 73
3
 74
0
 40
0.0
 40
0.0
 40
0.0
 40
1.0
 40
1.0
 40
1.0
 10
64.29619615306085
 20
46.47393978054196
 30
0.0
 10
64.47620103587334
 20
46.62393978054196
 30
0.0
 10
64.59617173899835
 20
46.698939780541956
 30
0.0
  0
SPLINE
  5
46A
330
17
100
AcDbEntity
  8
ENGRAVE
100
AcDbSpline
 70
0
 71
2
 72
6
 73
3
 74
0
 40
0.0
 40
0.0
 40
0.0
 40
1.0
 40
1.0
 40
1.0
 10
65.68369615306085
 20
48.348964194604456
 30
0.0
 10
65.33118150462334
 20
47.79395931179196
 30
0.0
 10
64.70120103587335
 20
47.52393978054196
 30
0.0
  0
SPLINE
  5
46B
330
17
100
AcDbEntity
  8
ENGRAVE
100
AcDbSpline
 70
0
 71
2
 72
6
 73
3
 74
0
 40
0.0
 40
0.0
 40
0.0
 40
1.0
 40
1.0
 40
1.0
 10
64.15369127024834
 20
50.72647884304196
 30
0.0
 10
64.37117173899834
 20
50.76397884304196
 30
0.0
 10
64.73118150462335
 20
50.73394954616696
 30
0.0
  0
SPLINE
  5
46C
330
17
100
AcDbEntity
  8
ENGRAVE
100
AcDbSpline
 70
0
 71
2
 72
6
 73
3
 74
0
 40
0.0
 40
0.0
 40
0.0
 40
1.0
 40
1.0
 40
1.0
 10
64.95618150462334
 20
49.29395931179196
 30
0.0
 10
64.95618150462334
 20
49.458949546166956
 30
0.0
 10
64.73867662181085
 20
49.57894466335446
 30
0.0
  0
SPLINE
  5
46D
330
17
100
AcDbEntity
  8
ENGRAVE
100
AcDbSpline
 70
0
 71
2
 72
6
 73
3
 74
0
 40
0.0
 40
0.0
 40
0.0
 40
1.0
 40
1.0
 40
1.0
 10
64.42368638743585
 20
48.64896419460446
 30
0.0
 10
64.62620103587335
 20
48.81397884304196
 30
0.0
 10
64.79119127024835
 20
49.00147884304196
 30
0.0
  0
SPLINE
  5
46E
330
17
100
AcDbEntity
  8
ENGRAVE
100
AcDbSpline
 70
0
 71
2
 72
6
 73
3
 74
0
 40
0.0
 40
0.0
 40
0.0
 40
1.0
 40
1.0
 40
1.0
 10
64.59617173899835
 20
46.698939780541956
 30
0.0
 10
64.71619127024834
 20
46.78897884304196
 30
0.0
 10
64.89617173899835
 20
46.78897884304196
 30
0.0
  0
SPLINE
  5
46F
330
17
100
AcDbEntity
  8
ENGRAVE
100
AcDbSpline
 70
0
 71
2
 72
6
 73
3
 74
0
 40
0.0
 40
0.0
 40
0.0
 40
1.0
 40
1.0
 40
1.0
 10
64.79119127024835
 20
49.00147884304196
 30
0.0
 10
64.95618150462334
 20
49.18897884304196
 30
0.0
 10
64.95618150462334
 20
49.29395931179196
 30
0.0
  0
SPLINE
  5
470
330
17
100
AcDbEntity
  8
ENGRAVE
100
AcDbSpline
 70
0
 71
2
 72
6
 73
3
 74
0
 40
0.0
 40
0.0
 40
0.0
 40
1.0
 40
1.0
 40
1.0
 10
65.40618150462335
 20
46.29395931179196
 30
0.0
 10
65.40618150462335
 20
46.09893978054196
 30
0.0
 10
65.08369615306084
 20
45.72393978054196
 30
0.0
  0
SPLINE
  5
471
330
17
100
AcDbEntity
  8
ENGRAVE
100
AcDbSpline
 70
0
 71
2
 72
6
 73
3
 74
0
 40
0.0
 40
0.0
 40
0.0
 40
1.0
 40
1.0
 40
1.0
 10
64.89617173899835
 20
46.78897884304196
 30
0.0
 10
65.06121080149835
 20
46.77393978054196
 30
0.0
 10
65.21121080149835
 20
46.60894954616696
 30
0.0
  0
SPLINE
  5
472
330
17
100
AcDbEntity
  8
ENGRAVE
100
AcDbSpline
 70
0
 71
2
 72
6
 73
3
 74
0
 40
0.0
 40
0.0
 40
0.0
 40
1.0
 40
1.0
 40
1.0
 10
64.73118150462335
 20
50.73394954616696
 30
0.0
 10
65.07620103587335
 20
50.68897884304196
 30
0.0
 10
65.34619615306084
 20
50.56146419460446
 30
0.0
  0
SPLINE
  5
473
330
17
100
AcDbEntity
  8
ENGRAVE
100
AcDbSpline
 70
0
 71
2
 72
6
 73
3
 74
0
 40
0.0
 40
0.0
 40
0.0
 40
1.0
 40
1.0
 40
1.0
 10
65.21121080149835
 20
46.60894954616696
 30
0.0
 10
65.36121080149834
 20
46.44395931179196
 30
0.0
 10
65.40618150462335
 20
46.29395931179196
 30
0.0
  0
SPLINE
  5
474
330
17
100
AcDbEntity
  8
ENGRAVE
100
AcDbSpline
 70
0
 71
2
 72
6
 73
3
 74
0
 40
0.0
 40
0.0
 40
0.0
 40
1.0
 40
1.0
 40
1.0
 10
66.11121080149834
 20
49.38394954616696
 30
0.0
 10
66.03621080149834
 20
48.90396907741696
 30
0.0
 10
65.68369615306085
 20
48.348964194604456
 30
0.0
  0
SPLINE
  5
475
330
17
100
AcDbEntity
  8
ENGRAVE
100
AcDbSpline
 70
0
 71
2
 72
6
 73
3
 74
0
 40
0.0
 40
0.0
 40
0.0
 40
1.0
 40
1.0
 40
1.0
 10
65.34619615306084
 20
50.56146419460446
 30
0.0
 10
65.61619127024835
 20
50.43394954616696
 30
0.0
 10
65.73621080149834
 20
50.28394954616696
 30
0.0
  0
SPLINE
  5
476
330
17
100
AcDbEntity
  8
ENGRAVE
100
AcDbSpline
 70
0
 71
2
 72
6
 73
3
 74
0
 40
0.0
 40
0.0
 40
0.0
 40
1.0
 40
1.0
 40
1.0
 10
65.73621080149834
 20
50.28394954616696
 30
0.0
 10
65.97620103587334
 20
50.04395931179196
 30
0.0
 10
66.05120103587335
 20
49.81895931179196
 30
0.0
  0
SPLINE
  5
477
330
17
100
AcDbEntity
  8
ENGRAVE
100
AcDbSpline
 70
0
 71
2
 72
6
 73
3
 74
0
 40
0.0
 40
0.0
 40
0.0
 40
1.0
 40
1.0
 40
1.0
 10
66.05120103587335
 20
49.81895931179196
 30
0.0
 10
66.12620103587335
 20
49.59395931179196
 30
0.0
 10
66.11121080149834
 20
49.38394954616696
 30
0.0
  0
LINE
  5
478
330
17
100
AcDbEntity
  8
ENGRAVE
100
AcDbLine
 10
-62.99372083912666
 20
46.51895931179196
 30
0.0
 11
-62.99372083912666
 21
46.353969077416956
 31
0.0
  0
LINE
  5
479
330
17
100
AcDbEntity
  8
ENGRAVE
100
AcDbLine
 10
-48.54875013600166
 20
50.22393978054196
 30
0.0
 11
-48.78874037037666
 21
50.20894954616696
 31
0.0
  0
LINE
  5
47A
330
17
100
AcDbEntity
  8
ENGRAVE
100
AcDbLine
 10
-23.093769667251657
 20
50.29893978054196
 30
0.0
 11
-23.123750136001657
 21
50.29893978054196
 31
0.0
  0
LINE
  5
47B
330
17
100
AcDbEntity
  8
ENGRAVE
100
AcDbLine
 10
-20.198750136001657
 20
47.478969077416956
 30
0.0
 11
-20.198750136001657
 21
47.19395931179196
 31
0.0
  0
LINE
  5
47C
330
17
100
AcDbEntity
  8
ENGRAVE
100
AcDbLine
 10
-17.138740370376656
 20
50.16397884304196
 30
0.0
 11
-16.538740370376658
 21
49.99893978054196
 31
0.0
  0
LINE
  5
47D
330
17
100
AcDbEntity
  8
ENGRAVE
100
AcDbLine
 10
-16.538740370376658
 20
49.99893978054196
 30
0.0
 11
-16.943769667251658
 21
49.12896907741696
 31
0.0
  0
LINE
  5
47E
330
17
100
AcDbEntity
  8
ENGRAVE
100
AcDbLine
 10
-4.943769667251656
 20
50.17896907741696
 30
0.0
 11
-5.018769667251656
 21
50.25396907741696
 31
0.0
  0
LINE
  5
47F
330
17
100
AcDbEntity
  8
ENGRAVE
100
AcDbLine
 10
3.8161912702483436
 20
48.78394954616696
 30
0.0
 11
3.9812303327483436
 21
49.18897884304196
 31
0.0
  0
LINE
  5
480
330
17
100
AcDbEntity
  8
ENGRAVE
100
AcDbLine
 10
4.911210801498344
 20
45.54395931179196
 30
0.0
 11
5.061210801498344
 21
45.40894954616696
 31
0.0
  0
LINE
  5
481
330
17
100
AcDbEntity
  8
ENGRAVE
100
AcDbLine
 10
5.106230332748344
 20
47.208949546166956
 30
0.0
 11
4.686210801498344
 21
46.03897884304196
 31
0.0
  0
LINE
  5
482
330
17
100
AcDbEntity
  8
ENGRAVE
100
AcDbLine
 10
15.951249863998344
 20
47.28394954616696
 30
0.0
 11
15.951249863998344
 21
47.208949546166956
 31
0.0
  0
LINE
  5
483
330
17
100
AcDbEntity
  8
ENGRAVE
100
AcDbLine
 10
34.26619127024834
 20
50.22393978054196
 30
0.0
 11
34.02620103587334
 21
50.20894954616696
 31
0.0
  0
LINE
  5
484
330
17
100
AcDbEntity
  8
ENGRAVE
100
AcDbLine
 10
35.75120103587334
 20
50.16397884304196
 30
0.0
 11
36.351201035873345
 21
49.99893978054196
 31
0.0
  0
LINE
  5
485
330
17
100
AcDbEntity
  8
ENGRAVE
100
AcDbLine
 10
36.351201035873345
 20
49.99893978054196
 30
0.0
 11
35.946171738998345
 21
49.12896907741696
 31
0.0
  0
LINE
  5
486
330
17
100
AcDbEntity
  8
ENGRAVE
100
AcDbLine
 10
49.14617173899835
 20
46.66895931179196
 30
0.0
 11
49.28118150462335
 21
47.17896907741696
 31
0.0
  0
LINE
  5
487
330
17
100
AcDbEntity
  8
ENGRAVE
100
AcDbLine
 10
49.266142442123346
 20
46.66895931179196
 30
0.0
 11
49.14617173899835
 21
46.66895931179196
 31
0.0
  0
ENDSEC
  0
SECTION
  2
OBJECTS
  0
DICTIONARY
  5
A
330
0
100
AcDbDictionary
281
1
  3
ACAD_COLOR
350
B
  3
ACAD_GROUP
350
C
  3
ACAD_LAYOUT
350
D
  3
ACAD_MATERIAL
350
E
  3
ACAD_MLEADERSTYLE
350
F
  3
ACAD_MLINESTYLE
350
10
  3
ACAD_PLOTSETTINGS
350
11
  3
ACAD_PLOTSTYLENAME
350
12
  3
ACAD_SCALELIST
350
14
  3
ACAD_TABLESTYLE
350
15
  3
ACAD_VISUALSTYLE
350
16
  3
EZDXF_META
350
2D
  0
DICTIONARY
  5
B
330
A
100
AcDbDictionary
281
1
  0
DICTIONARY
  5
C
330
A
100
AcDbDictionary
281
1
  0
DICTIONARY
  5
D
330
A
100
AcDbDictionary
281
1
  3
Model
350
1A
  3
Layout1
350
1E
  0
DICTIONARY
  5
E
330
A
100
AcDbDictionary
281
1
  3
ByBlock
350
1F
  3
ByLayer
350
20
  3
Global
350
21
  0
DICTIONARY
  5
F
330
A
100
AcDbDictionary
281
1
  3
Standard
350
2C
  0
DICTIONARY
  5
10
330
A
100
AcDbDictionary
281
1
  3
Standard
350
22
  0
DICTIONARY
  5
11
330
A
100
AcDbDictionary
281
1
  0
ACDBDICTIONARYWDFLT
  5
12
330
A
100
AcDbDictionary
281
1
  3
Normal
350
13
100
AcDbDictionaryWithDefault
340
13
  0
ACDBPLACEHOLDER
  5
13
330
12
  0
DICTIONARY
  5
14
330
A
100
AcDbDictionary
281
1
  0
DICTIONARY
  5
15
330
A
100
AcDbDictionary
281
1
  0
DICTIONARY
  5
16
330
A
100
AcDbDictionary
281
1
  0
LAYOUT
  5
1A
330
D
100
AcDbPlotSettings
  1

  4
A3
  6

 40
7.5
 41
20.0
 42
7.5
 43
20.0
 44
420.0
 45
297.0
 46
0.0
 47
0.0
 48
0.0
 49
0.0
140
0.0
141
0.0
142
1.0
143
1.0
 70
1024
 72
1
 73
0
 74
5
  7

 75
16
 76
0
 77
2
 78
300
147
1.0
148
0.0
149
0.0
100
AcDbLayout
  1
Model
 70
1
 71
0
 10
0.0
 20
0.0
 11
420.0
 21
297.0
 12
0.0
 22
0.0
 32
0.0
 14
1e+20
 24
1e+20
 34
1e+20
 15
-1e+20
 25
-1e+20
 35
-1e+20
146
0.0
 13
0.0
 23
0.0
 33
0.0
 16
1.0
 26
0.0
 36
0.0
 17
0.0
 27
1.0
 37
0.0
 76
1
330
17
  0
LAYOUT
  5
1E
330
D
100
AcDbPlotSettings
  1

  4
A3
  6

 40
7.5
 41
20.0
 42
7.5
 43
20.0
 44
420.0
 45
297.0
 46
0.0
 47
0.0
 48
0.0
 49
0.0
140
0.0
141
0.0
142
1.0
143
1.0
 70
0
 72
1
 73
0
 74
5
  7

 75
16
 76
0
 77
2
 78
300
147
1.0
148
0.0
149
0.0
100
AcDbLayout
  1
Layout1
 70
1
 71
1
 10
0.0
 20
0.0
 11
420.0
 21
297.0
 12
0.0
 22
0.0
 32
0.0
 14
1e+20
 24
1e+20
 34
1e+20
 15
-1e+20
 25
-1e+20
 35
-1e+20
146
0.0
 13
0.0
 23
0.0
 33
0.0
 16
1.0
 26
0.0
 36
0.0
 17
0.0
 27
1.0
 37
0.0
 76
1
330
1B
  0
MATERIAL
  5
1F
102
{ACAD_REACTORS
330
E
102
}
330
E
100
AcDbMaterial
  1
ByBlock
  2

 70
0
 40
1.0
 71
1
 41
1.0
 91
-1023410177
 42
1.0
 72
1
  3

 73
1
 74
1
 75
1
 44
0.5
 73
0
 45
1.0
 46
1.0
 77
1
  4

 78
1
 79
1
170
1
 48
1.0
171
1
  6

172
1
173
1
174
1
140
1.0
141
1.0
175
1
  7

176
1
177
1
178
1
143
1.0
179
1
  8

270
1
271
1
272
1
145
1.0
146
1.0
273
1
  9

274
1
275
1
276
1
 42
1.0
 72
1
  3

 73
1
 74
1
 75
1
 94
63
  0
MATERIAL
  5
20
102
{ACAD_REACTORS
330
E
102
}
330
E
100
AcDbMaterial
  1
ByLayer
  2

 70
0
 40
1.0
 71
1
 41
1.0
 91
-1023410177
 42
1.0
 72
1
  3

 73
1
 74
1
 75
1
 44
0.5
 73
0
 45
1.0
 46
1.0
 77
1
  4

 78
1
 79
1
170
1
 48
1.0
171
1
  6

172
1
173
1
174
1
140
1.0
141
1.0
175
1
  7

176
1
177
1
178
1
143
1.0
179
1
  8

270
1
271
1
272
1
145
1.0
146
1.0
273
1
  9

274
1
275
1
276
1
 42
1.0
 72
1
  3

 73
1
 74
1
 75
1
 94
63
  0
MATERIAL
  5
21
102
{ACAD_REACTORS
330
E
102
}
330
E
100
AcDbMaterial
  1
Global
  2

 70
0
 40
1.0
 71
1
 41
1.0
 91
-1023410177
 42
1.0
 72
1
  3

 73
1
 74
1
 75
1
 44
0.5
 73
0
 45
1.0
 46
1.0
 77
1
  4

 78
1
 79
1
170
1
 48
1.0
171
1
  6

172
1
173
1
174
1
140
1.0
141
1.0
175
1
  7

176
1
177
1
178
1
143
1.0
179
1
  8

270
1
271
1
272
1
145
1.0
146
1.0
273
1
  9

274
1
275
1
276
1
 42
1.0
 72
1
  3

 73
1
 74
1
 75
1
 94
63
  0
MLINESTYLE
  5
22
102
{ACAD_REACTORS
330
10
102
}
330
10
100
AcDbMlineStyle
  2
Standard
 70
0
  3

 62
256
 51
90.0
 52
90.0
 71
2
 49
0.5
 62
256
  6
BYLAYER
 49
-0.5
 62
256
  6
BYLAYER
  0
MLEADERSTYLE
  5
2C
102
{ACAD_REACTORS
330
F
102
}
330
F
100
AcDbMLeaderStyle
179
2
170
2
171
1
172
0
 90
2
 40
0.0
 41
0.0
173
1
 91
-1056964608
 92
-2
290
1
 42
2.0
291
1
 43
8.0
  3
Standard
 44
4.0
300

342
29
174
1
175
1
176
0
178
1
 93
-1056964608
 45
4.0
292
0
297
0
 46
4.0
 94
-1056964608
 47
1.0
 49
1.0
140
1.0
294
1
141
0.0
177
0
142
1.0
295
0
296
0
143
3.75
271
0
272
9
273
9
  0
DICTIONARY
  5
2D
330
A
100
AcDbDictionary
280
1
281
1
  3
CREATED_BY_EZDXF
350
2E
  3
WRITTEN_BY_EZDXF
350
48B
  0
DICTIONARYVAR
  5
2E
330
2D
100
DictionaryVariables
280
0
  1
0.0 @ 2000-01-01T00:00:00.000000+00:00
  0
DICTIONARYVAR
  5
48B
330
2D
100
DictionaryVariables
280
0
  1
0.0 @ 2000-01-01T00:00:00.000000+00:00
  0
ENDSEC
  0
EOF
