  0
SECTION
  2
HEADER
  9
$ACADVER
  1
AC1027
  9
$ACADMAINTVER
 70
105
  9
$DWGCODEPAGE
  3
ANSI_1252
  9
$LASTSAVEDBY
  1
ezdxf
  9
$REQUIREDVERSIONS
160
0
  9
$INSBASE
 10
0.0
 20
0.0
 30
0.0
  9
$EXTMIN
 10
1e+20
 20
1e+20
 30
1e+20
  9
$EXTMAX
 10
-1e+20
 20
-1e+20
 30
-1e+20
  9
$LIMMIN
 10
0.0
 20
0.0
  9
$LIMMAX
 10
420.0
 20
297.0
  9
$ORTHOMODE
 70
0
  9
$REGENMODE
 70
1
  9
$FILLMODE
 70
1
  9
$QTEXTMODE
 70
0
  9
$MIRRTEXT
 70
1
  9
$LTSCALE
 40
1.0
  9
$ATTMODE
 70
1
  9
$TEXTSIZE
 40
2.5
  9
$TRACEWID
 40
1.0
  9
$TEXTSTYLE
  7
Standard
  9
$CLAYER
  8
0
  9
$CELTYPE
  6
ByLayer
  9
$CECOLOR
 62
256
  9
$CELTSCALE
 40
1.0
  9
$DISPSILH
 70
0
  9
$DIMSCALE
 40
1.0
  9
$DIMASZ
 40
2.5
  9
$DIMEXO
 40
0.625
  9
$DIMDLI
 40
3.75
  9
$DIMRND
 40
0.0
  9
$DIMDLE
 40
0.0
  9
$DIMEXE
 40
1.25
  9
$DIMTP
 40
0.0
  9
$DIMTM
 40
0.0
  9
$DIMTXT
 40
2.5
  9
$DIMCEN
 40
2.5
  9
$DIMTSZ
 40
0.0
  9
$DIMTOL
 70
0
  9
$DIMLIM
 70
0
  9
$DIMTIH
 70
0
  9
$DIMTOH
 70
0
  9
$DIMSE1
 70
0
  9
$DIMSE2
 70
0
  9
$DIMTAD
 70
1
  9
$DIMZIN
 70
8
  9
$DIMBLK
  1

  9
$DIMASO
 70
1
  9
$DIMSHO
 70
1
  9
$DIMPOST
  1

  9
$DIMAPOST
  1

  9
$DIMALT
 70
0
  9
$DIMALTD
 70
3
  9
$DIMALTF
 40
0.03937007874
  9
$DIMLFAC
 40
1.0
  9
$DIMTOFL
 70
1
  9
$DIMTVP
 40
0.0
  9
$DIMTIX
 70
0
  9
$DIMSOXD
 70
0
  9
$DIMSAH
 70
0
  9
$DIMBLK1
  1

  9
$DIMBLK2
  1

  9
$DIMSTYLE
  2
ISO-25
  9
$DIMCLRD
 70
0
  9
$DIMCLRE
 70
0
  9
$DIMCLRT
 70
0
  9
$DIMTFAC
 40
1.0
  9
$DIMGAP
 40
0.625
  9
$DIMJUST
 70
0
  9
$DIMSD1
 70
0
  9
$DIMSD2
 70
0
  9
$DIMTOLJ
 70
0
  9
$DIMTZIN
 70
8
  9
$DIMALTZ
 70
0
  9
$DIMALTTZ
 70
0
  9
$DIMUPT
 70
0
  9
$DIMDEC
 70
2
  9
$DIMTDEC
 70
2
  9
$DIMALTU
 70
2
  9
$DIMALTTD
 70
3
  9
$DIMTXSTY
  7
Standard
  9
$DIMAUNIT
 70
0
  9
$DIMADEC
 70
0
  9
$DIMALTRND
 40
0.0
  9
$DIMAZIN
 70
0
  9
$DIMDSEP
 70
44
  9
$DIMATFIT
 70
3
  9
$DIMFRAC
 70
0
  9
$DIMLDRBLK
  1

  9
$DIMLUNIT
 70
2
  9
$DIMLWD
 70
-2
  9
$DIMLWE
 70
-2
  9
$DIMTMOVE
 70
0
  9
$DIMFXL
 40
1.0
  9
$DIMFXLON
 70
0
  9
$DIMJOGANG
 40
0.785398163397
  9
$DIMTFILL
 70
0
  9
$DIMTFILLCLR
 70
0
  9
$DIMARCSYM
 70
0
  9
$DIMLTYPE
  6

  9
$DIMLTEX1
  6

  9
$DIMLTEX2
  6

  9
$DIMTXTDIRECTION
 70
0
  9
$LUNITS
 70
2
  9
$LUPREC
 70
4
  9
$SKETCHINC
 40
1.0
  9
$FILLETRAD
 40
10.0
  9
$AUNITS
 70
0
  9
$AUPREC
 70
2
  9
$MENU
  1
.
  9
$ELEVATION
 40
0.0
  9
$PELEVATION
 40
0.0
  9
$THICKNESS
 40
0.0
  9
$LIMCHECK
 70
0
  9
$CHAMFERA
 40
0.0
  9
$CHAMFERB
 40
0.0
  9
$CHAMFERC
 40
0.0
  9
$CHAMFERD
 40
0.0
  9
$SKPOLY
 70
0
  9
$TDCREATE
 40
2451545.0
  9
$TDUCREATE
 40
2451545.0
  9
$TDUPDATE
 40
2451545.0
  9
$TDUUPDATE
 40
2451545.0
  9
$TDINDWG
 40
0.0
  9
$TDUSRTIMER
 40
0.0
  9
$USRTIMER
 70
1
  9
$ANGBASE
 50
0.0
  9
$ANGDIR
 70
0
  9
$PDMODE
 70
0
  9
$PDSIZE
 40
0.0
  9
$PLINEWID
 40
0.0
  9
$SPLFRAME
 70
0
  9
$SPLINETYPE
 70
6
  9
$SPLINESEGS
 70
8
  9
$HANDSEED
  5
734
  9
$SURFTAB1
 70
6
  9
$SURFTAB2
 70
6
  9
$SURFTYPE
 70
6
  9
$SURFU
 70
6
  9
$SURFV
 70
6
  9
$UCSBASE
  2

  9
$UCSNAME
  2

  9
$UCSORG
 10
0.0
 20
0.0
 30
0.0
  9
$UCSXDIR
 10
1.0
 20
0.0
 30
0.0
  9
$UCSYDIR
 10
0.0
 20
1.0
 30
0.0
  9
$UCSORTHOREF
  2

  9
$UCSORTHOVIEW
 70
0
  9
$UCSORGTOP
 10
0.0
 20
0.0
 30
0.0
  9
$UCSORGBOTTOM
 10
0.0
 20
0.0
 30
0.0
  9
$UCSORGLEFT
 10
0.0
 20
0.0
 30
0.0
  9
$UCSORGRIGHT
 10
0.0
 20
0.0
 30
0.0
  9
$UCSORGFRONT
 10
0.0
 20
0.0
 30
0.0
  9
$UCSORGBACK
 10
0.0
 20
0.0
 30
0.0
  9
$PUCSBASE
  2

  9
$PUCSNAME
  2

  9
$PUCSORG
 10
0.0
 20
0.0
 30
0.0
  9
$PUCSXDIR
 10
1.0
 20
0.0
 30
0.0
  9
$PUCSYDIR
 10
0.0
 20
1.0
 30
0.0
  9
$PUCSORTHOREF
  2

  9
$PUCSORTHOVIEW
 70
0
  9
$PUCSORGTOP
 10
0.0
 20
0.0
 30
0.0
  9
$PUCSORGBOTTOM
 10
0.0
 20
0.0
 30
0.0
  9
$PUCSORGLEFT
 10
0.0
 20
0.0
 30
0.0
  9
$PUCSORGRIGHT
 10
0.0
 20
0.0
 30
0.0
  9
$PUCSORGFRONT
 10
0.0
 20
0.0
 30
0.0
  9
$PUCSORGBACK
 10
0.0
 20
0.0
 30
0.0
  9
$USERI1
 70
0
  9
$USERI2
 70
0
  9
$USERI3
 70
0
  9
$USERI4
 70
0
  9
$USERI5
 70
0
  9
$USERR1
 40
0.0
  9
$USERR2
 40
0.0
  9
$USERR3
 40
0.0
  9
$USERR4
 40
0.0
  9
$USERR5
 40
0.0
  9
$WORLDVIEW
 70
1
  9
$SHADEDGE
 70
3
  9
$SHADEDIF
 70
70
  9
$TILEMODE
 70
1
  9
$MAXACTVP
 70
64
  9
$PINSBASE
 10
0.0
 20
0.0
 30
0.0
  9
$PLIMCHECK
 70
0
  9
$PEXTMIN
 10
1e+20
 20
1e+20
 30
1e+20
  9
$PEXTMAX
 10
-1e+20
 20
-1e+20
 30
-1e+20
  9
$PLIMMIN
 10
0.0
 20
0.0
  9
$PLIMMAX
 10
420.0
 20
297.0
  9
$UNITMODE
 70
0
  9
$VISRETAIN
 70
1
  9
$PLINEGEN
 70
0
  9
$PSLTSCALE
 70
1
  9
$TREEDEPTH
 70
3020
  9
$CMLSTYLE
  2
Standard
  9
$CMLJUST
 70
0
  9
$CMLSCALE
 40
20.0
  9
$PROXYGRAPHICS
 70
1
  9
$MEASUREMENT
 70
1
  9
$CELWEIGHT
370
-1
  9
$ENDCAPS
280
0
  9
$JOINSTYLE
280
0
  9
$LWDISPLAY
290
0
  9
$INSUNITS
 70
4
  9
$HYPERLINKBASE
  1

  9
$STYLESHEET
  1

  9
$XEDIT
290
1
  9
$CEPSNTYPE
380
0
  9
$PSTYLEMODE
290
1
  9
$FINGERPRINTGUID
  2
{00000000-0000-0000-0000-000000000000}
  9
$VERSIONGUID
  2
{00000000-0000-0000-0000-000000000000}
  9
$EXTNAMES
290
1
  9
$PSVPSCALE
 40
0.0
  9
$OLESTARTUP
290
0
  9
$SORTENTS
280
127
  9
$INDEXCTL
280
0
  9
$HIDETEXT
280
1
  9
$XCLIPFRAME
280
1
  9
$HALOGAP
280
0
  9
$OBSCOLOR
 70
257
  9
$OBSLTYPE
280
0
  9
$INTERSECTIONDISPLAY
280
0
  9
$INTERSECTIONCOLOR
 70
257
  9
$DIMASSOC
280
2
  9
$PROJECTNAME
  1

  9
$CAMERADISPLAY
290
0
  9
$LENSLENGTH
 40
50.0
  9
$CAMERAHEIGHT
 40
0.0
  9
$STEPSPERSEC
 40
24.0
  9
$STEPSIZE
 40
100.0
  9
$3DDWFPREC
 40
2.0
  9
$PSOLWIDTH
 40
0.005
  9
$PSOLHEIGHT
 40
0.08
  9
$LOFTANG1
 40
1.570796326795
  9
$LOFTANG2
 40
1.570796326795
  9
$LOFTMAG1
 40
0.0
  9
$LOFTMAG2
 40
0.0
  9
$LOFTPARAM
 70
7
  9
$LOFTNORMALS
280
1
  9
$LATITUDE
 40
37.795
  9
$LONGITUDE
 40
-122.394
  9
$NORTHDIRECTION
 40
0.0
  9
$TIMEZONE
 70
-8000
  9
$LIGHTGLYPHDISPLAY
280
1
  9
$TILEMODELIGHTSYNCH
280
1
  9
$CMATERIAL
347
20
  9
$SOLIDHIST
280
0
  9
$SHOWHIST
280
1
  9
$DWFFRAME
280
2
  9
$DGNFRAME
280
2
  9
$REALWORLDSCALE
290
1
  9
$INTERFERECOLOR
 62
256
  9
$CSHADOW
280
0
  9
$SHADOWPLANELOCATION
 40
0.0
  0
ENDSEC
  0
SECTION
  2
CLASSES
  0
CLASS
  1
ACDBDETAILVIEWSTYLE
  2
AcDbDetailViewStyle
  3
ObjectDBX Classes
 90
1025
 91
0
280
0
281
0
  0
CLASS
  1
ACDBDICTIONARYWDFLT
  2
AcDbDictionaryWithDefault
  3
ObjectDBX Classes
 90
0
 91
0
280
0
281
0
  0
CLASS
  1
ACDBPLACEHOLDER
  2
AcDbPlaceHolder
  3
ObjectDBX Classes
 90
0
 91
0
280
0
281
0
  0
CLASS
  1
ACDBSECTIONVIEWSTYLE
  2
AcDbSectionViewStyle
  3
ObjectDBX Classes
 90
1025
 91
0
280
0
281
0
  0
CLASS
  1
CELLSTYLEMAP
  2
AcDbCellStyleMap
  3
ObjectDBX Classes
 90
1152
 91
0
280
0
281
0
  0
CLASS
  1
DICTIONARYVAR
  2
AcDbDictionaryVar
  3
ObjectDBX Classes
 90
0
 91
0
280
0
281
0
  0
CLASS
  1
LAYOUT
  2
AcDbLayout
  3
ObjectDBX Classes
 90
0
 91
0
280
0
281
0
  0
CLASS
  1
MATERIAL
  2
AcDbMaterial
  3
ObjectDBX Classes
 90
1153
 91
0
280
0
281
0
  0
CLASS
  1
MENTALRAYRENDERSETTINGS
  2
AcDbMentalRayRenderSettings
  3
SCENEOE
 90
1024
 91
0
280
0
281
0
  0
CLASS
  1
MLEADERSTYLE
  2
AcDbMLeaderStyle
  3
ACDB_MLEADERSTYLE_CLASS
 90
4095
 91
0
280
0
281
0
  0
CLASS
  1
RASTERVARIABLES
  2
AcDbRasterVariables
  3
ISM
 90
0
 91
0
280
0
281
0
  0
CLASS
  1
SCALE
  2
AcDbScale
  3
ObjectDBX Classes
 90
1153
 91
0
280
0
281
0
  0
CLASS
  1
SUN
  2
AcDbSun
  3
SCENEOE
 90
1153
 91
0
280
0
281
0
  0
CLASS
  1
TABLESTYLE
  2
AcDbTableStyle
  3
ObjectDBX Classes
 90
4095
 91
0
280
0
281
0
  0
CLASS
  1
VISUALSTYLE
  2
AcDbVisualStyle
  3
ObjectDBX Classes
 90
4095
 91
0
280
0
281
0
  0
ENDSEC
  0
SECTION
  2
TABLES
  0
TABLE
  2
VPORT
  5
8
330
0
100
AcDbSymbolTable
 70
1
  0
VPORT
  5
730
330
8
100
AcDbSymbolTableRecord
100
AcDbViewportTableRecord
  2
*Active
 70
0
 10
0.0
 20
0.0
 11
1.0
 21
1.0
 12
196.5
 22
135.0
 13
0.0
 23
0.0
 14
0.5
 24
0.5
 15
0.5
 25
0.5
 16
0.0
 26
0.0
 36
1.0
 17
0.0
 27
0.0
 37
0.0
 40
270.0
 41
1.34
 42
50.0
 43
0.0
 44
0.0
 50
0.0
 51
0.0
 71
0
 72
1000
 73
1
 74
3
 75
0
 76
0
 77
0
 78
0
281
0
 65
1
110
0.0
120
0.0
130
0.0
111
1.0
121
0.0
131
0.0
112
0.0
122
1.0
132
0.0
 79
0
146
0.0
  0
ENDTAB
  0
TABLE
  2
LTYPE
  5
2
330
0
100
AcDbSymbolTable
 70
3
  0
LTYPE
  5
24
330
2
100
AcDbSymbolTableRecord
100
AcDbLinetypeTableRecord
  2
ByBlock
 70
0
  3

 72
65
 73
0
 40
0.0
  0
LTYPE
  5
25
330
2
100
AcDbSymbolTableRecord
100
AcDbLinetypeTableRecord
  2
ByLayer
 70
0
  3

 72
65
 73
0
 40
0.0
  0
LTYPE
  5
26
330
2
100
AcDbSymbolTableRecord
100
AcDbLinetypeTableRecord
  2
Continuous
 70
0
  3

 72
65
 73
0
 40
0.0
  0
ENDTAB
  0
TABLE
  2
LAYER
  5
1
330
0
100
AcDbSymbolTable
 70
4
  0
LAYER
  5
27
330
1
100
AcDbSymbolTableRecord
100
AcDbLayerTableRecord
  2
0
 70
0
 62
7
  6
Continuous
370
-3
390
13
347
21
  0
LAYER
  5
28
330
1
100
AcDbSymbolTableRecord
100
AcDbLayerTableRecord
  2
Defpoints
 70
0
 62
7
  6
Continuous
290
0
370
-3
390
13
347
21
  0
LAYER
  5
2F
330
1
100
AcDbSymbolTableRecord
100
AcDbLayerTableRecord
  2
CUT
 70
0
 62
7
  6
Continuous
370
-3
390
13
347
21
  0
LAYER
  5
94
330
1
100
AcDbSymbolTableRecord
100
AcDbLayerTableRecord
  2
ENGRAVE
 70
0
 62
7
  6
Continuous
370
-3
390
13
347
21
  0
ENDTAB
  0
TABLE
  2
STYLE
  5
5
330
0
100
AcDbSymbolTable
 70
1
  0
STYLE
  5
29
330
5
100
AcDbSymbolTableRecord
100
AcDbTextStyleTableRecord
  2
Standard
 70
0
 40
0.0
 41
1.0
 50
0.0
 71
0
 42
2.5
  3
txt
  4

  0
ENDTAB
  0
TABLE
  2
VIEW
  5
7
330
0
100
AcDbSymbolTable
 70
0
  0
ENDTAB
  0
TABLE
  2
UCS
  5
6
330
0
100
AcDbSymbolTable
 70
0
  0
ENDTAB
  0
TABLE
  2
APPID
  5
3
330
0
100
AcDbSymbolTable
 70
3
  0
APPID
  5
2A
330
3
100
AcDbSymbolTableRecord
100
AcDbRegAppTableRecord
  2
ACAD
 70
0
  0
APPID
  5
731
330
3
100
AcDbSymbolTableRecord
100
AcDbRegAppTableRecord
  2
HATCHBACKGROUNDCOLOR
 70
0
  0
APPID
  5
732
330
3
100
AcDbSymbolTableRecord
100
AcDbRegAppTableRecord
  2
EZDXF
 70
0
  0
ENDTAB
  0
TABLE
  2
DIMSTYLE
  5
4
330
0
100
AcDbSymbolTable
 70
1
100
AcDbDimStyleTable
  0
DIMSTYLE
105
2B
330
4
100
AcDbSymbolTableRecord
100
AcDbDimStyleTableRecord
  2
Standard
 70
0
 40
1.0
 41
2.5
 42
0.625
 43
3.75
 44
1.25
 45
0.0
 46
0.0
 47
0.0
 48
0.0
 49
2.5
140
2.5
141
2.5
142
0.0
143
0.03937007874
144
1.0
145
0.0
146
1.0
147
0.625
148
0.0
 69
0
 70
0
 71
0
 72
0
 73
0
 74
0
 75
0
 76
0
 77
1
 78
8
 79
3
170
0
171
3
172
1
173
0
174
0
175
0
176
0
177
0
178
0
179
2
271
2
272
2
273
2
274
3
275
0
276
0
277
2
278
44
279
0
280
0
281
0
282
0
283
0
284
8
285
0
286
0
288
0
289
3
290
0
371
-2
372
-2
  0
ENDTAB
  0
TABLE
  2
BLOCK_RECORD
  5
9
330
0
100
AcDbSymbolTable
 70
2
  0
BLOCK_RECORD
  5
17
330
9
100
AcDbSymbolTableRecord
100
AcDbBlockTableRecord
  2
*Model_Space
340
1A
 70
0
280
1
281
0
  0
BLOCK_RECORD
  5
1B
330
9
100
AcDbSymbolTableRecord
100
AcDbBlockTableRecord
  2
*Paper_Space
340
1E
 70
0
280
1
281
0
  0
ENDTAB
  0
ENDSEC
  0
SECTION
  2
BLOCKS
  0
BLOCK
  5
18
330
17
100
AcDbEntity
  8
0
100
AcDbBlockBegin
  2
*Model_Space
 70
0
 10
0.0
 20
0.0
 30
0.0
  3
*Model_Space
  1

  0
ENDBLK
  5
19
330
17
100
AcDbEntity
  8
0
100
AcDbBlockEnd
  0
BLOCK
  5
1C
330
1B
100
AcDbEntity
  8
0
100
AcDbBlockBegin
  2
*Paper_Space
 70
0
 10
0.0
 20
0.0
 30
0.0
  3
*Paper_Space
  1

  0
ENDBLK
  5
1D
330
1B
100
AcDbEntity
  8
0
100
AcDbBlockEnd
  0
ENDSEC
  0
SECTION
  2
ENTITIES
  0
ARC
  5
30
330
17
100
AcDbEntity
  8
CUT
100
AcDbCircle
 10
44.999999999999744
 20
212.39999999999998
 30
0.0
 40
16.5
100
AcDbArc
 50
90.0
 51
180.0
  0
ARC
  5
31
330
17
100
AcDbEntity
  8
CUT
100
AcDbCircle
 10
44.999999999999744
 20
54.999999999999986
 30
0.0
 40
16.5
100
AcDbArc
 50
180.0
 51
270.0
  0
ARC
  5
32
330
17
100
AcDbEntity
  8
CUT
100
AcDbCircle
 10
141.79999999439215
 20
212.39999999999998
 30
0.0
 40
16.5
100
AcDbArc
 50
0.0
 51
90.0
  0
ARC
  5
33
330
17
100
AcDbEntity
  8
CUT
100
AcDbCircle
 10
141.79999999439215
 20
54.999999999999986
 30
0.0
 40
16.5
100
AcDbArc
 50
270.0
 51
360.0
  0
ARC
  5
34
330
17
100
AcDbEntity
  8
CUT
100
AcDbCircle
 10
226.5
 20
115.9999999987784
 30
0.0
 40
10.0
100
AcDbArc
 50
450.0
 51
540.0
  0
ARC
  5
35
330
17
100
AcDbEntity
  8
CUT
100
AcDbCircle
 10
226.5
 20
80.99999999999997
 30
0.0
 40
10.0
100
AcDbArc
 50
180.0
 51
270.0
  0
ARC
  5
36
330
17
100
AcDbEntity
  8
CUT
100
AcDbCircle
 10
336.5
 20
115.9999999987784
 30
0.0
 40
10.0
100
AcDbArc
 50
360.0
 51
450.0
  0
ARC
  5
37
330
17
100
AcDbEntity
  8
CUT
100
AcDbCircle
 10
336.5
 20
80.99999999999997
 30
0.0
 40
10.0
100
AcDbArc
 50
270.0
 51
360.0
  0
LINE
  5
38
330
17
100
AcDbEntity
  8
CUT
100
AcDbLine
 10
0.0
 20
0.0
 30
0.0
 11
30.23076923076923
 21
0.0
 31
0.0
  0
LINE
  5
39
330
17
100
AcDbEntity
  8
CUT
100
AcDbLine
 10
0.0
 20
30.0
 30
0.0
 11
0.0
 21
0.0
 31
0.0
  0
LINE
  5
3A
330
17
100
AcDbEntity
  8
CUT
100
AcDbLine
 10
0.0
 20
60.0
 30
0.0
 11
6.0
 21
60.0
 31
0.0
  0
LINE
  5
3B
330
17
100
AcDbEntity
  8
CUT
100
AcDbLine
 10
0.0
 20
90.0
 30
0.0
 11
0.0
 21
60.0
 31
0.0
  0
LINE
  5
3C
330
17
100
AcDbEntity
  8
CUT
100
AcDbLine
 10
0.0
 20
120.0
 30
0.0
 11
6.0
 21
120.0
 31
0.0
  0
LINE
  5
3D
330
17
100
AcDbEntity
  8
CUT
100
AcDbLine
 10
0.0
 20
150.0
 30
0.0
 11
0.0
 21
120.0
 31
0.0
  0
LINE
  5
3E
330
17
100
AcDbEntity
  8
CUT
100
AcDbLine
 10
0.0
 20
180.0
 30
0.0
 11
6.0
 21
180.0
 31
0.0
  0
LINE
  5
3F
330
17
100
AcDbEntity
  8
CUT
100
AcDbLine
 10
0.0
 20
210.0
 30
0.0
 11
0.0
 21
180.0
 31
0.0
  0
LINE
  5
40
330
17
100
AcDbEntity
  8
CUT
100
AcDbLine
 10
0.0
 20
240.0
 30
0.0
 11
6.0
 21
240.0
 31
0.0
  0
LINE
  5
41
330
17
100
AcDbEntity
  8
CUT
100
AcDbLine
 10
0.0
 20
270.0
 30
0.0
 11
0.0
 21
240.0
 31
0.0
  0
LINE
  5
42
330
17
100
AcDbEntity
  8
CUT
100
AcDbLine
 10
6.0
 20
30.0
 30
0.0
 11
0.0
 21
30.0
 31
0.0
  0
LINE
  5
43
330
17
100
AcDbEntity
  8
CUT
100
AcDbLine
 10
6.0
 20
60.0
 30
0.0
 11
6.0
 21
30.0
 31
0.0
  0
LINE
  5
44
330
17
100
AcDbEntity
  8
CUT
100
AcDbLine
 10
6.0
 20
90.0
 30
0.0
 11
0.0
 21
90.0
 31
0.0
  0
LINE
  5
45
330
17
100
AcDbEntity
  8
CUT
100
AcDbLine
 10
6.0
 20
120.0
 30
0.0
 11
6.0
 21
90.0
 31
0.0
  0
LINE
  5
46
330
17
100
AcDbEntity
  8
CUT
100
AcDbLine
 10
6.0
 20
150.0
 30
0.0
 11
0.0
 21
150.0
 31
0.0
  0
LINE
  5
47
330
17
100
AcDbEntity
  8
CUT
100
AcDbLine
 10
6.0
 20
180.0
 30
0.0
 11
6.0
 21
150.0
 31
0.0
  0
LINE
  5
48
330
17
100
AcDbEntity
  8
CUT
100
AcDbLine
 10
6.0
 20
210.0
 30
0.0
 11
0.0
 21
210.0
 31
0.0
  0
LINE
  5
49
330
17
100
AcDbEntity
  8
CUT
100
AcDbLine
 10
6.0
 20
240.0
 30
0.0
 11
6.0
 21
210.0
 31
0.0
  0
LINE
  5
4A
330
17
100
AcDbEntity
  8
CUT
100
AcDbLine
 10
28.500000000000256
 20
54.999999999999986
 30
0.0
 11
28.500000000000256
 21
212.4
 31
0.0
  0
LINE
  5
4B
330
17
100
AcDbEntity
  8
CUT
100
AcDbLine
 10
30.23076923076923
 20
0.0
 30
0.0
 11
30.23076923076923
 21
6.0
 31
0.0
  0
LINE
  5
4C
330
17
100
AcDbEntity
  8
CUT
100
AcDbLine
 10
30.23076923076923
 20
6.0
 30
0.0
 11
60.46153846153846
 21
6.0
 31
0.0
  0
LINE
  5
4D
330
17
100
AcDbEntity
  8
CUT
100
AcDbLine
 10
30.23076923076923
 20
264.0
 30
0.0
 11
30.23076923076923
 21
270.0
 31
0.0
  0
LINE
  5
4E
330
17
100
AcDbEntity
  8
CUT
100
AcDbLine
 10
30.23076923076923
 20
270.0
 30
0.0
 11
0.0
 21
270.0
 31
0.0
  0
LINE
  5
4F
330
17
100
AcDbEntity
  8
CUT
100
AcDbLine
 10
44.999999999999744
 20
228.89999999999998
 30
0.0
 11
141.79999999439215
 21
228.89999999999998
 31
0.0
  0
LINE
  5
50
330
17
100
AcDbEntity
  8
CUT
100
AcDbLine
 10
60.46153846153846
 20
0.0
 30
0.0
 11
90.6923076923077
 21
0.0
 31
0.0
  0
LINE
  5
51
330
17
100
AcDbEntity
  8
CUT
100
AcDbLine
 10
60.46153846153846
 20
6.0
 30
0.0
 11
60.46153846153846
 21
0.0
 31
0.0
  0
LINE
  5
52
330
17
100
AcDbEntity
  8
CUT
100
AcDbLine
 10
60.46153846153846
 20
264.0
 30
0.0
 11
30.23076923076923
 21
264.0
 31
0.0
  0
LINE
  5
53
330
17
100
AcDbEntity
  8
CUT
100
AcDbLine
 10
60.46153846153846
 20
270.0
 30
0.0
 11
60.46153846153846
 21
264.0
 31
0.0
  0
LINE
  5
54
330
17
100
AcDbEntity
  8
CUT
100
AcDbLine
 10
90.6923076923077
 20
0.0
 30
0.0
 11
90.6923076923077
 21
6.0
 31
0.0
  0
LINE
  5
55
330
17
100
AcDbEntity
  8
CUT
100
AcDbLine
 10
90.6923076923077
 20
6.0
 30
0.0
 11
120.92307692307692
 21
6.0
 31
0.0
  0
LINE
  5
56
330
17
100
AcDbEntity
  8
CUT
100
AcDbLine
 10
90.6923076923077
 20
264.0
 30
0.0
 11
90.6923076923077
 21
270.0
 31
0.0
  0
LINE
  5
57
330
17
100
AcDbEntity
  8
CUT
100
AcDbLine
 10
90.6923076923077
 20
270.0
 30
0.0
 11
60.46153846153846
 21
270.0
 31
0.0
  0
LINE
  5
58
330
17
100
AcDbEntity
  8
CUT
100
AcDbLine
 10
120.92307692307692
 20
0.0
 30
0.0
 11
151.15384615384616
 21
0.0
 31
0.0
  0
LINE
  5
59
330
17
100
AcDbEntity
  8
CUT
100
AcDbLine
 10
120.92307692307692
 20
6.0
 30
0.0
 11
120.92307692307692
 21
0.0
 31
0.0
  0
LINE
  5
5A
330
17
100
AcDbEntity
  8
CUT
100
AcDbLine
 10
120.92307692307692
 20
264.0
 30
0.0
 11
90.6923076923077
 21
264.0
 31
0.0
  0
LINE
  5
5B
330
17
100
AcDbEntity
  8
CUT
100
AcDbLine
 10
120.92307692307692
 20
270.0
 30
0.0
 11
120.92307692307692
 21
264.0
 31
0.0
  0
LINE
  5
5C
330
17
100
AcDbEntity
  8
CUT
100
AcDbLine
 10
141.79999999439215
 20
38.499999999999986
 30
0.0
 11
44.999999999999744
 21
38.499999999999986
 31
0.0
  0
LINE
  5
5D
330
17
100
AcDbEntity
  8
CUT
100
AcDbLine
 10
151.15384615384616
 20
0.0
 30
0.0
 11
151.15384615384616
 21
6.0
 31
0.0
  0
LINE
  5
5E
330
17
100
AcDbEntity
  8
CUT
100
AcDbLine
 10
151.15384615384616
 20
6.0
 30
0.0
 11
181.3846153846154
 21
6.0
 31
0.0
  0
LINE
  5
5F
330
17
100
AcDbEntity
  8
CUT
100
AcDbLine
 10
151.15384615384616
 20
264.0
 30
0.0
 11
151.15384615384616
 21
270.0
 31
0.0
  0
LINE
  5
60
330
17
100
AcDbEntity
  8
CUT
100
AcDbLine
 10
151.15384615384616
 20
270.0
 30
0.0
 11
120.92307692307692
 21
270.0
 31
0.0
  0
LINE
  5
61
330
17
100
AcDbEntity
  8
CUT
100
AcDbLine
 10
158.30000000000027
 20
212.4
 30
0.0
 11
158.30000000000027
 21
54.999999999999986
 31
0.0
  0
LINE
  5
62
330
17
100
AcDbEntity
  8
CUT
100
AcDbLine
 10
181.3846153846154
 20
0.0
 30
0.0
 11
211.6153846153846
 21
0.0
 31
0.0
  0
LINE
  5
63
330
17
100
AcDbEntity
  8
CUT
100
AcDbLine
 10
181.3846153846154
 20
6.0
 30
0.0
 11
181.3846153846154
 21
0.0
 31
0.0
  0
LINE
  5
64
330
17
100
AcDbEntity
  8
CUT
100
AcDbLine
 10
181.3846153846154
 20
264.0
 30
0.0
 11
151.15384615384616
 21
264.0
 31
0.0
  0
LINE
  5
65
330
17
100
AcDbEntity
  8
CUT
100
AcDbLine
 10
181.3846153846154
 20
270.0
 30
0.0
 11
181.3846153846154
 21
264.0
 31
0.0
  0
LINE
  5
66
330
17
100
AcDbEntity
  8
CUT
100
AcDbLine
 10
211.6153846153846
 20
0.0
 30
0.0
 11
211.6153846153846
 21
6.0
 31
0.0
  0
LINE
  5
67
330
17
100
AcDbEntity
  8
CUT
100
AcDbLine
 10
211.6153846153846
 20
6.0
 30
0.0
 11
241.84615384615384
 21
6.0
 31
0.0
  0
LINE
  5
68
330
17
100
AcDbEntity
  8
CUT
100
AcDbLine
 10
211.6153846153846
 20
264.0
 30
0.0
 11
211.6153846153846
 21
270.0
 31
0.0
  0
LINE
  5
69
330
17
100
AcDbEntity
  8
CUT
100
AcDbLine
 10
211.6153846153846
 20
270.0
 30
0.0
 11
181.3846153846154
 21
270.0
 31
0.0
  0
LINE
  5
6A
330
17
100
AcDbEntity
  8
CUT
100
AcDbLine
 10
216.5
 20
80.99999999999997
 30
0.0
 11
216.5
 21
115.9999999987784
 31
0.0
  0
LINE
  5
6B
330
17
100
AcDbEntity
  8
CUT
100
AcDbLine
 10
226.5
 20
126.00000000000004
 30
0.0
 11
336.5
 21
126.00000000000004
 31
0.0
  0
LINE
  5
6C
330
17
100
AcDbEntity
  8
CUT
100
AcDbLine
 10
241.84615384615384
 20
0.0
 30
0.0
 11
272.0769230769231
 21
0.0
 31
0.0
  0
LINE
  5
6D
330
17
100
AcDbEntity
  8
CUT
100
AcDbLine
 10
241.84615384615384
 20
6.0
 30
0.0
 11
241.84615384615384
 21
0.0
 31
0.0
  0
LINE
  5
6E
330
17
100
AcDbEntity
  8
CUT
100
AcDbLine
 10
241.84615384615384
 20
264.0
 30
0.0
 11
211.6153846153846
 21
264.0
 31
0.0
  0
LINE
  5
6F
330
17
100
AcDbEntity
  8
CUT
100
AcDbLine
 10
241.84615384615384
 20
270.0
 30
0.0
 11
241.84615384615384
 21
264.0
 31
0.0
  0
LINE
  5
70
330
17
100
AcDbEntity
  8
CUT
100
AcDbLine
 10
272.0769230769231
 20
0.0
 30
0.0
 11
272.0769230769231
 21
6.0
 31
0.0
  0
LINE
  5
71
330
17
100
AcDbEntity
  8
CUT
100
AcDbLine
 10
272.0769230769231
 20
6.0
 30
0.0
 11
302.3076923076923
 21
6.0
 31
0.0
  0
LINE
  5
72
330
17
100
AcDbEntity
  8
CUT
100
AcDbLine
 10
272.0769230769231
 20
264.0
 30
0.0
 11
272.0769230769231
 21
270.0
 31
0.0
  0
LINE
  5
73
330
17
100
AcDbEntity
  8
CUT
100
AcDbLine
 10
272.0769230769231
 20
270.0
 30
0.0
 11
241.84615384615384
 21
270.0
 31
0.0
  0
LINE
  5
74
330
17
100
AcDbEntity
  8
CUT
100
AcDbLine
 10
302.3076923076923
 20
0.0
 30
0.0
 11
332.53846153846155
 21
0.0
 31
0.0
  0
LINE
  5
75
330
17
100
AcDbEntity
  8
CUT
100
AcDbLine
 10
302.3076923076923
 20
6.0
 30
0.0
 11
302.3076923076923
 21
0.0
 31
0.0
  0
LINE
  5
76
330
17
100
AcDbEntity
  8
CUT
100
AcDbLine
 10
302.3076923076923
 20
264.0
 30
0.0
 11
272.0769230769231
 21
264.0
 31
0.0
  0
LINE
  5
77
330
17
100
AcDbEntity
  8
CUT
100
AcDbLine
 10
302.3076923076923
 20
270.0
 30
0.0
 11
302.3076923076923
 21
264.0
 31
0.0
  0
LINE
  5
78
330
17
100
AcDbEntity
  8
CUT
100
AcDbLine
 10
332.53846153846155
 20
0.0
 30
0.0
 11
332.53846153846155
 21
6.0
 31
0.0
  0
LINE
  5
79
330
17
100
AcDbEntity
  8
CUT
100
AcDbLine
 10
332.53846153846155
 20
6.0
 30
0.0
 11
362.7692307692308
 21
6.0
 31
0.0
  0
LINE
  5
7A
330
17
100
AcDbEntity
  8
CUT
100
AcDbLine
 10
332.53846153846155
 20
264.0
 30
0.0
 11
332.53846153846155
 21
270.0
 31
0.0
  0
LINE
  5
7B
330
17
100
AcDbEntity
  8
CUT
100
AcDbLine
 10
332.53846153846155
 20
270.0
 30
0.0
 11
302.3076923076923
 21
270.0
 31
0.0
  0
LINE
  5
7C
330
17
100
AcDbEntity
  8
CUT
100
AcDbLine
 10
336.5
 20
71.00000000000004
 30
0.0
 11
226.5
 21
71.00000000000004
 31
0.0
  0
LINE
  5
7D
330
17
100
AcDbEntity
  8
CUT
100
AcDbLine
 10
346.5
 20
115.9999999987784
 30
0.0
 11
346.5
 21
80.99999999999997
 31
0.0
  0
LINE
  5
7E
330
17
100
AcDbEntity
  8
CUT
100
AcDbLine
 10
362.7692307692308
 20
0.0
 30
0.0
 11
393.0
 21
0.0
 31
0.0
  0
LINE
  5
7F
330
17
100
AcDbEntity
  8
CUT
100
AcDbLine
 10
362.7692307692308
 20
6.0
 30
0.0
 11
362.7692307692308
 21
0.0
 31
0.0
  0
LINE
  5
80
330
17
100
AcDbEntity
  8
CUT
100
AcDbLine
 10
362.7692307692308
 20
264.0
 30
0.0
 11
332.53846153846155
 21
264.0
 31
0.0
  0
LINE
  5
81
330
17
100
AcDbEntity
  8
CUT
100
AcDbLine
 10
362.7692307692308
 20
270.0
 30
0.0
 11
362.7692307692308
 21
264.0
 31
0.0
  0
LINE
  5
82
330
17
100
AcDbEntity
  8
CUT
100
AcDbLine
 10
387.0
 20
30.0
 30
0.0
 11
387.0
 21
60.0
 31
0.0
  0
LINE
  5
83
330
17
100
AcDbEntity
  8
CUT
100
AcDbLine
 10
387.0
 20
60.0
 30
0.0
 11
393.0
 21
60.0
 31
0.0
  0
LINE
  5
84
330
17
100
AcDbEntity
  8
CUT
100
AcDbLine
 10
387.0
 20
90.0
 30
0.0
 11
387.0
 21
120.0
 31
0.0
  0
LINE
  5
85
330
17
100
AcDbEntity
  8
CUT
100
AcDbLine
 10
387.0
 20
120.0
 30
0.0
 11
393.0
 21
120.0
 31
0.0
  0
LINE
  5
86
330
17
100
AcDbEntity
  8
CUT
100
AcDbLine
 10
387.0
 20
150.0
 30
0.0
 11
387.0
 21
180.0
 31
0.0
  0
LINE
  5
87
330
17
100
AcDbEntity
  8
CUT
100
AcDbLine
 10
387.0
 20
180.0
 30
0.0
 11
393.0
 21
180.0
 31
0.0
  0
LINE
  5
88
330
17
100
AcDbEntity
  8
CUT
100
AcDbLine
 10
387.0
 20
210.0
 30
0.0
 11
387.0
 21
240.0
 31
0.0
  0
LINE
  5
89
330
17
100
AcDbEntity
  8
CUT
100
AcDbLine
 10
387.0
 20
240.0
 30
0.0
 11
393.0
 21
240.0
 31
0.0
  0
LINE
  5
8A
330
17
100
AcDbEntity
  8
CUT
100
AcDbLine
 10
393.0
 20
0.0
 30
0.0
 11
393.0
 21
30.0
 31
0.0
  0
LINE
  5
8B
330
17
100
AcDbEntity
  8
CUT
100
AcDbLine
 10
393.0
 20
30.0
 30
0.0
 11
387.0
 21
30.0
 31
0.0
  0
LINE
  5
8C
330
17
100
AcDbEntity
  8
CUT
100
AcDbLine
 10
393.0
 20
60.0
 30
0.0
 11
393.0
 21
90.0
 31
0.0
  0
LINE
  5
8D
330
17
100
AcDbEntity
  8
CUT
100
AcDbLine
 10
393.0
 20
90.0
 30
0.0
 11
387.0
 21
90.0
 31
0.0
  0
LINE
  5
8E
330
17
100
AcDbEntity
  8
CUT
100
AcDbLine
 10
393.0
 20
120.0
 30
0.0
 11
393.0
 21
150.0
 31
0.0
  0
LINE
  5
8F
330
17
100
AcDbEntity
  8
CUT
100
AcDbLine
 10
393.0
 20
150.0
 30
0.0
 11
387.0
 21
150.0
 31
0.0
  0
LINE
  5
90
330
17
100
AcDbEntity
  8
CUT
100
AcDbLine
 10
393.0
 20
180.0
 30
0.0
 11
393.0
 21
210.0
 31
0.0
  0
LINE
  5
91
330
17
100
AcDbEntity
  8
CUT
100
AcDbLine
 10
393.0
 20
210.0
 30
0.0
 11
387.0
 21
210.0
 31
0.0
  0
LINE
  5
92
330
17
100
AcDbEntity
  8
CUT
100
AcDbLine
 10
393.0
 20
240.0
 30
0.0
 11
393.0
 21
270.0
 31
0.0
  0
LINE
  5
93
330
17
100
AcDbEntity
  8
CUT
100
AcDbLine
 10
393.0
 20
270.0
 30
0.0
 11
362.7692307692308
 21
270.0
 31
0.0
  0
SPLINE
  5
95
330
17
100
AcDbEntity
  8
ENGRAVE
100
AcDbSpline
 70
0
 71
2
 72
6
 73
3
 74
0
 40
0.0
 40
0.0
 40
0.0
 40
1.0
 40
1.0
 40
1.0
 10
68.53047238960573
 20
250.6364574871366
 30
0.0
 10
68.32897662137657
 20
250.83795325536576
 30
0.0
 10
68.36795123075157
 20
250.99393632828242
 30
0.0
  0
SPLINE
  5
96
330
17
100
AcDbEntity
  8
ENGRAVE
100
AcDbSpline
 70
0
 71
2
 72
6
 73
3
 74
0
 40
0.0
 40
0.0
 40
0.0
 40
1.0
 40
1.0
 40
1.0
 10
68.36795123075157
 20
250.99393632828242
 30
0.0
 10
68.39397662137658
 20
251.07192786474076
 30
0.0
 10
68.45897662137658
 20
251.13692786474076
 30
0.0
  0
SPLINE
  5
97
330
17
100
AcDbEntity
  8
ENGRAVE
100
AcDbSpline
 70
0
 71
2
 72
6
 73
3
 74
0
 40
0.0
 40
0.0
 40
0.0
 40
1.0
 40
1.0
 40
1.0
 10
69.17397662137657
 20
250.25295325536575
 30
0.0
 10
68.73196815783491
 20
250.43496171890743
 30
0.0
 10
68.53047238960573
 20
250.6364574871366
 30
0.0
  0
SPLINE
  5
98
330
17
100
AcDbEntity
  8
ENGRAVE
100
AcDbSpline
 70
0
 71
2
 72
6
 73
3
 74
0
 40
0.0
 40
0.0
 40
0.0
 40
1.0
 40
1.0
 40
1.0
 10
68.74495969429324
 20
252.74244056005327
 30
0.0
 10
68.6669681578349
 20
252.9959447918241
 30
0.0
 10
68.6669681578349
 20
253.20393632828242
 30
0.0
  0
SPLINE
  5
99
330
17
100
AcDbEntity
  8
ENGRAVE
100
AcDbSpline
 70
0
 71
2
 72
6
 73
3
 74
0
 40
0.0
 40
0.0
 40
0.0
 40
1.0
 40
1.0
 40
1.0
 10
68.91397662137658
 20
252.48893632828242
 30
0.0
 10
68.82295123075157
 20
252.48893632828242
 30
0.0
 10
68.74495969429324
 20
252.74244056005327
 30
0.0
  0
SPLINE
  5
9A
330
17
100
AcDbEntity
  8
ENGRAVE
100
AcDbSpline
 70
0
 71
2
 72
6
 73
3
 74
0
 40
0.0
 40
0.0
 40
0.0
 40
1.0
 40
1.0
 40
1.0
 10
68.45897662137658
 20
251.13692786474076
 30
0.0
 10
68.52397662137658
 20
251.20192786474075
 30
0.0
 10
68.75147662137657
 20
251.19543209651158
 30
0.0
  0
SPLINE
  5
9B
330
17
100
AcDbEntity
  8
ENGRAVE
100
AcDbSpline
 70
0
 71
2
 72
6
 73
3
 74
0
 40
0.0
 40
0.0
 40
0.0
 40
1.0
 40
1.0
 40
1.0
 10
68.6669681578349
 20
253.20393632828242
 30
0.0
 10
68.6669681578349
 20
253.59393632828244
 30
0.0
 10
68.90745969429324
 20
253.97094479182408
 30
0.0
  0
SPLINE
  5
9C
330
17
100
AcDbEntity
  8
ENGRAVE
100
AcDbSpline
 70
0
 71
2
 72
6
 73
3
 74
0
 40
0.0
 40
0.0
 40
0.0
 40
1.0
 40
1.0
 40
1.0
 10
69.09596392606407
 20
252.1509447918241
 30
0.0
 10
68.86196815783491
 20
252.33295325536577
 30
0.0
 10
68.91397662137658
 20
252.42393632828242
 30
0.0
  0
SPLINE
  5
9D
330
17
100
AcDbEntity
  8
ENGRAVE
100
AcDbSpline
 70
0
 71
2
 72
6
 73
3
 74
0
 40
0.0
 40
0.0
 40
0.0
 40
1.0
 40
1.0
 40
1.0
 10
69.6159427672099
 20
251.73496171890744
 30
0.0
 10
69.32995969429324
 20
251.96893632828244
 30
0.0
 10
69.09596392606407
 20
252.1509447918241
 30
0.0
  0
SPLINE
  5
9E
330
17
100
AcDbEntity
  8
ENGRAVE
100
AcDbSpline
 70
0
 71
2
 72
6
 73
3
 74
0
 40
0.0
 40
0.0
 40
0.0
 40
1.0
 40
1.0
 40
1.0
 10
69.77844276720991
 20
250.14244056005327
 30
0.0
 10
69.42094276720991
 20
250.14893632828242
 30
0.0
 10
69.17397662137657
 20
250.25295325536575
 30
0.0
  0
SPLINE
  5
9F
330
17
100
AcDbEntity
  8
ENGRAVE
100
AcDbSpline
 70
0
 71
2
 72
6
 73
3
 74
0
 40
0.0
 40
0.0
 40
0.0
 40
1.0
 40
1.0
 40
1.0
 10
68.90745969429324
 20
253.97094479182408
 30
0.0
 10
69.14795123075157
 20
254.34795325536575
 30
0.0
 10
69.42094276720991
 20
254.63393632828243
 30
0.0
  0
SPLINE
  5
A0
330
17
100
AcDbEntity
  8
ENGRAVE
100
AcDbSpline
 70
0
 71
2
 72
6
 73
3
 74
0
 40
0.0
 40
0.0
 40
0.0
 40
1.0
 40
1.0
 40
1.0
 10
68.75147662137657
 20
251.19543209651158
 30
0.0
 10
68.97897662137657
 20
251.18893632828244
 30
0.0
 10
69.45995969429325
 20
251.07192786474076
 30
0.0
  0
SPLINE
  5
A1
330
17
100
AcDbEntity
  8
ENGRAVE
100
AcDbSpline
 70
0
 71
2
 72
6
 73
3
 74
0
 40
0.0
 40
0.0
 40
0.0
 40
1.0
 40
1.0
 40
1.0
 10
69.81745969429323
 20
251.59192786474077
 30
0.0
 10
69.73295123075158
 20
251.65692786474077
 30
0.0
 10
69.6159427672099
 20
251.73496171890744
 30
0.0
  0
SPLINE
  5
A2
330
17
100
AcDbEntity
  8
ENGRAVE
100
AcDbSpline
 70
0
 71
2
 72
6
 73
3
 74
0
 40
0.0
 40
0.0
 40
0.0
 40
1.0
 40
1.0
 40
1.0
 10
70.4609427672099
 20
250.19444902359493
 30
0.0
 10
70.13594276720991
 20
250.1359447918241
 30
0.0
 10
69.77844276720991
 20
250.14244056005327
 30
0.0
  0
SPLINE
  5
A3
330
17
100
AcDbEntity
  8
ENGRAVE
100
AcDbSpline
 70
0
 71
2
 72
6
 73
3
 74
0
 40
0.0
 40
0.0
 40
0.0
 40
1.0
 40
1.0
 40
1.0
 10
69.83045123075158
 20
253.2884447918241
 30
0.0
 10
69.78495969429324
 20
253.1909447918241
 30
0.0
 10
69.79795123075158
 20
253.08692786474077
 30
0.0
  0
SPLINE
  5
A4
330
17
100
AcDbEntity
  8
ENGRAVE
100
AcDbSpline
 70
0
 71
2
 72
6
 73
3
 74
0
 40
0.0
 40
0.0
 40
0.0
 40
1.0
 40
1.0
 40
1.0
 10
69.92795123075157
 20
251.46192786474077
 30
0.0
 10
69.9019681578349
 20
251.52692786474077
 30
0.0
 10
69.81745969429323
 20
251.59192786474077
 30
0.0
  0
SPLINE
  5
A5
330
17
100
AcDbEntity
  8
ENGRAVE
100
AcDbSpline
 70
0
 71
2
 72
6
 73
3
 74
0
 40
0.0
 40
0.0
 40
0.0
 40
1.0
 40
1.0
 40
1.0
 10
69.88897662137657
 20
253.50295325536575
 30
0.0
 10
69.8759427672099
 20
253.3859447918241
 30
0.0
 10
69.83045123075158
 20
253.2884447918241
 30
0.0
  0
SPLINE
  5
A6
330
17
100
AcDbEntity
  8
ENGRAVE
100
AcDbSpline
 70
0
 71
2
 72
6
 73
3
 74
0
 40
0.0
 40
0.0
 40
0.0
 40
1.0
 40
1.0
 40
1.0
 10
69.45995969429325
 20
251.07192786474076
 30
0.0
 10
69.68094276720991
 20
251.07192786474076
 30
0.0
 10
69.88245969429325
 20
251.09793209651158
 30
0.0
  0
SPLINE
  5
A7
330
17
100
AcDbEntity
  8
ENGRAVE
100
AcDbSpline
 70
0
 71
2
 72
6
 73
3
 74
0
 40
0.0
 40
0.0
 40
0.0
 40
1.0
 40
1.0
 40
1.0
 10
70.09696815783491
 20
253.78893632828243
 30
0.0
 10
69.96696815783491
 20
253.60692786474075
 30
0.0
 10
69.88897662137657
 20
253.50295325536575
 30
0.0
  0
SPLINE
  5
A8
330
17
100
AcDbEntity
  8
ENGRAVE
100
AcDbSpline
 70
0
 71
2
 72
6
 73
3
 74
0
 40
0.0
 40
0.0
 40
0.0
 40
1.0
 40
1.0
 40
1.0
 10
70.1619681578349
 20
251.35795325536577
 30
0.0
 10
70.05795123075157
 20
251.46192786474077
 30
0.0
 10
69.92795123075157
 20
251.46192786474077
 30
0.0
  0
SPLINE
  5
A9
330
17
100
AcDbEntity
  8
ENGRAVE
100
AcDbSpline
 70
0
 71
2
 72
6
 73
3
 74
0
 40
0.0
 40
0.0
 40
0.0
 40
1.0
 40
1.0
 40
1.0
 10
69.79795123075158
 20
253.08692786474077
 30
0.0
 10
69.81094276720991
 20
252.95692786474075
 30
0.0
 10
69.92795123075157
 20
252.83994056005326
 30
0.0
  0
SPLINE
  5
AA
330
17
100
AcDbEntity
  8
ENGRAVE
100
AcDbSpline
 70
0
 71
2
 72
6
 73
3
 74
0
 40
0.0
 40
0.0
 40
0.0
 40
1.0
 40
1.0
 40
1.0
 10
70.33096392606407
 20
254.09444902359493
 30
0.0
 10
70.2269681578349
 20
253.97094479182408
 30
0.0
 10
70.09696815783491
 20
253.78893632828243
 30
0.0
  0
SPLINE
  5
AB
330
17
100
AcDbEntity
  8
ENGRAVE
100
AcDbSpline
 70
0
 71
2
 72
6
 73
3
 74
0
 40
0.0
 40
0.0
 40
0.0
 40
1.0
 40
1.0
 40
1.0
 10
70.25297238960574
 20
251.26045325536577
 30
0.0
 10
70.2269681578349
 20
251.3059447918241
 30
0.0
 10
70.1619681578349
 20
251.35795325536577
 30
0.0
  0
SPLINE
  5
AC
330
17
100
AcDbEntity
  8
ENGRAVE
100
AcDbSpline
 70
0
 71
2
 72
6
 73
3
 74
0
 40
0.0
 40
0.0
 40
0.0
 40
1.0
 40
1.0
 40
1.0
 10
69.88245969429325
 20
251.09793209651158
 30
0.0
 10
70.08397662137658
 20
251.12393632828244
 30
0.0
 10
70.21397662137657
 20
251.18893632828244
 30
0.0
  0
SPLINE
  5
AD
330
17
100
AcDbEntity
  8
ENGRAVE
100
AcDbSpline
 70
0
 71
2
 72
6
 73
3
 74
0
 40
0.0
 40
0.0
 40
0.0
 40
1.0
 40
1.0
 40
1.0
 10
69.42094276720991
 20
254.63393632828243
 30
0.0
 10
69.78495969429324
 20
254.9849617189074
 30
0.0
 10
70.23995969429325
 20
255.30996171890743
 30
0.0
  0
SPLINE
  5
AE
330
17
100
AcDbEntity
  8
ENGRAVE
100
AcDbSpline
 70
0
 71
2
 72
6
 73
3
 74
0
 40
0.0
 40
0.0
 40
0.0
 40
1.0
 40
1.0
 40
1.0
 10
70.21397662137657
 20
251.18893632828244
 30
0.0
 10
70.27897662137657
 20
251.21496171890743
 30
0.0
 10
70.25297238960574
 20
251.26045325536577
 30
0.0
  0
SPLINE
  5
AF
330
17
100
AcDbEntity
  8
ENGRAVE
100
AcDbSpline
 70
0
 71
2
 72
6
 73
3
 74
0
 40
0.0
 40
0.0
 40
0.0
 40
1.0
 40
1.0
 40
1.0
 10
69.92795123075157
 20
252.83994056005326
 30
0.0
 10
70.04495969429324
 20
252.72295325536575
 30
0.0
 10
70.2659427672099
 20
252.5409447918241
 30
0.0
  0
SPLINE
  5
B0
330
17
100
AcDbEntity
  8
ENGRAVE
100
AcDbSpline
 70
0
 71
2
 72
6
 73
3
 74
0
 40
0.0
 40
0.0
 40
0.0
 40
1.0
 40
1.0
 40
1.0
 10
70.43495969429324
 20
254.15295325536576
 30
0.0
 10
70.43495969429324
 20
254.21795325536576
 30
0.0
 10
70.33096392606407
 20
254.09444902359493
 30
0.0
  0
SPLINE
  5
B1
330
17
100
AcDbEntity
  8
ENGRAVE
100
AcDbSpline
 70
0
 71
2
 72
6
 73
3
 74
0
 40
0.0
 40
0.0
 40
0.0
 40
1.0
 40
1.0
 40
1.0
 10
70.50645546252241
 20
254.17895748713659
 30
0.0
 10
70.48696815783491
 20
254.15295325536576
 30
0.0
 10
70.43495969429324
 20
254.15295325536576
 30
0.0
  0
SPLINE
  5
B2
330
17
100
AcDbEntity
  8
ENGRAVE
100
AcDbSpline
 70
0
 71
2
 72
6
 73
3
 74
0
 40
0.0
 40
0.0
 40
0.0
 40
1.0
 40
1.0
 40
1.0
 10
70.91594276720991
 20
250.31795325536575
 30
0.0
 10
70.7859427672099
 20
250.25295325536575
 30
0.0
 10
70.4609427672099
 20
250.19444902359493
 30
0.0
  0
SPLINE
  5
B3
330
17
100
AcDbEntity
  8
ENGRAVE
100
AcDbSpline
 70
0
 71
2
 72
6
 73
3
 74
0
 40
0.0
 40
0.0
 40
0.0
 40
1.0
 40
1.0
 40
1.0
 10
70.57795123075158
 20
254.2959447918241
 30
0.0
 10
70.52594276720991
 20
254.20496171890744
 30
0.0
 10
70.50645546252241
 20
254.17895748713659
 30
0.0
  0
SPLINE
  5
B4
330
17
100
AcDbEntity
  8
ENGRAVE
100
AcDbSpline
 70
0
 71
2
 72
6
 73
3
 74
0
 40
0.0
 40
0.0
 40
0.0
 40
1.0
 40
1.0
 40
1.0
 10
70.94194699898074
 20
254.56244056005326
 30
0.0
 10
70.70795123075158
 20
254.41295325536575
 30
0.0
 10
70.57795123075158
 20
254.2959447918241
 30
0.0
  0
SPLINE
  5
B5
330
17
100
AcDbEntity
  8
ENGRAVE
100
AcDbSpline
 70
0
 71
2
 72
6
 73
3
 74
0
 40
0.0
 40
0.0
 40
0.0
 40
1.0
 40
1.0
 40
1.0
 10
71.43596392606408
 20
250.76643632828242
 30
0.0
 10
71.26696815783491
 20
250.47393632828243
 30
0.0
 10
70.91594276720991
 20
250.31795325536575
 30
0.0
  0
SPLINE
  5
B6
330
17
100
AcDbEntity
  8
ENGRAVE
100
AcDbSpline
 70
0
 71
2
 72
6
 73
3
 74
0
 40
0.0
 40
0.0
 40
0.0
 40
1.0
 40
1.0
 40
1.0
 10
71.39045123075158
 20
254.8159447918241
 30
0.0
 10
71.1759427672099
 20
254.71192786474077
 30
0.0
 10
70.94194699898074
 20
254.56244056005326
 30
0.0
  0
SPLINE
  5
B7
330
17
100
AcDbEntity
  8
ENGRAVE
100
AcDbSpline
 70
0
 71
2
 72
6
 73
3
 74
0
 40
0.0
 40
0.0
 40
0.0
 40
1.0
 40
1.0
 40
1.0
 10
70.2659427672099
 20
252.5409447918241
 30
0.0
 10
70.7209427672099
 20
252.20295325536577
 30
0.0
 10
70.94844276720991
 20
252.00795325536575
 30
0.0
  0
SPLINE
  5
B8
330
17
100
AcDbEntity
  8
ENGRAVE
100
AcDbSpline
 70
0
 71
2
 72
6
 73
3
 74
0
 40
0.0
 40
0.0
 40
0.0
 40
1.0
 40
1.0
 40
1.0
 10
70.94844276720991
 20
252.00795325536575
 30
0.0
 10
71.1759427672099
 20
251.81295325536576
 30
0.0
 10
71.26694699898074
 20
251.6959447918241
 30
0.0
  0
SPLINE
  5
B9
330
17
100
AcDbEntity
  8
ENGRAVE
100
AcDbSpline
 70
0
 71
2
 72
6
 73
3
 74
0
 40
0.0
 40
0.0
 40
0.0
 40
1.0
 40
1.0
 40
1.0
 10
70.23995969429325
 20
255.30996171890743
 30
0.0
 10
70.69495969429325
 20
255.63496171890742
 30
0.0
 10
71.29295123075157
 20
255.7909447918241
 30
0.0
  0
SPLINE
  5
BA
330
17
100
AcDbEntity
  8
ENGRAVE
100
AcDbSpline
 70
0
 71
2
 72
6
 73
3
 74
0
 40
0.0
 40
0.0
 40
0.0
 40
1.0
 40
1.0
 40
1.0
 10
71.33844276720991
 20
253.8084447918241
 30
0.0
 10
71.30594276720991
 20
253.86692786474077
 30
0.0
 10
71.30594276720991
 20
253.91893632828243
 30
0.0
  0
SPLINE
  5
BB
330
17
100
AcDbEntity
  8
ENGRAVE
100
AcDbSpline
 70
0
 71
2
 72
6
 73
3
 74
0
 40
0.0
 40
0.0
 40
0.0
 40
1.0
 40
1.0
 40
1.0
 10
71.37094276720991
 20
253.74996171890743
 30
0.0
 10
71.37094276720991
 20
253.74996171890743
 30
0.0
 10
71.33844276720991
 20
253.8084447918241
 30
0.0
  0
SPLINE
  5
BC
330
17
100
AcDbEntity
  8
ENGRAVE
100
AcDbSpline
 70
0
 71
2
 72
6
 73
3
 74
0
 40
0.0
 40
0.0
 40
0.0
 40
1.0
 40
1.0
 40
1.0
 10
71.30594276720991
 20
253.91893632828243
 30
0.0
 10
71.30594276720991
 20
253.97094479182408
 30
0.0
 10
71.34495969429324
 20
254.01643632828242
 30
0.0
  0
SPLINE
  5
BD
330
17
100
AcDbEntity
  8
ENGRAVE
100
AcDbSpline
 70
0
 71
2
 72
6
 73
3
 74
0
 40
0.0
 40
0.0
 40
0.0
 40
1.0
 40
1.0
 40
1.0
 10
71.48795123075158
 20
253.61994056005327
 30
0.0
 10
71.42295123075158
 20
253.67192786474075
 30
0.0
 10
71.37094276720991
 20
253.74996171890743
 30
0.0
  0
SPLINE
  5
BE
330
17
100
AcDbEntity
  8
ENGRAVE
100
AcDbSpline
 70
0
 71
2
 72
6
 73
3
 74
0
 40
0.0
 40
0.0
 40
0.0
 40
1.0
 40
1.0
 40
1.0
 10
71.26694699898074
 20
251.6959447918241
 30
0.0
 10
71.35795123075158
 20
251.57893632828242
 30
0.0
 10
71.38397662137658
 20
251.46192786474077
 30
0.0
  0
SPLINE
  5
BF
330
17
100
AcDbEntity
  8
ENGRAVE
100
AcDbSpline
 70
0
 71
2
 72
6
 73
3
 74
0
 40
0.0
 40
0.0
 40
0.0
 40
1.0
 40
1.0
 40
1.0
 10
71.34495969429324
 20
254.01643632828242
 30
0.0
 10
71.38397662137658
 20
254.06192786474077
 30
0.0
 10
71.38397662137658
 20
254.06192786474077
 30
0.0
  0
SPLINE
  5
C0
330
17
100
AcDbEntity
  8
ENGRAVE
100
AcDbSpline
 70
0
 71
2
 72
6
 73
3
 74
0
 40
0.0
 40
0.0
 40
0.0
 40
1.0
 40
1.0
 40
1.0
 10
71.66995969429324
 20
254.91996171890742
 30
0.0
 10
71.60495969429324
 20
254.91996171890742
 30
0.0
 10
71.39045123075158
 20
254.8159447918241
 30
0.0
  0
SPLINE
  5
C1
330
17
100
AcDbEntity
  8
ENGRAVE
100
AcDbSpline
 70
0
 71
2
 72
6
 73
3
 74
0
 40
0.0
 40
0.0
 40
0.0
 40
1.0
 40
1.0
 40
1.0
 10
71.38397662137658
 20
251.46192786474077
 30
0.0
 10
71.60495969429324
 20
251.05893632828244
 30
0.0
 10
71.43596392606408
 20
250.76643632828242
 30
0.0
  0
SPLINE
  5
C2
330
17
100
AcDbEntity
  8
ENGRAVE
100
AcDbSpline
 70
0
 71
2
 72
6
 73
3
 74
0
 40
0.0
 40
0.0
 40
0.0
 40
1.0
 40
1.0
 40
1.0
 10
71.6309427672099
 20
253.5159447918241
 30
0.0
 10
71.55295123075157
 20
253.56795325536575
 30
0.0
 10
71.48795123075158
 20
253.61994056005327
 30
0.0
  0
SPLINE
  5
C3
330
17
100
AcDbEntity
  8
ENGRAVE
100
AcDbSpline
 70
0
 71
2
 72
6
 73
3
 74
0
 40
0.0
 40
0.0
 40
0.0
 40
1.0
 40
1.0
 40
1.0
 10
71.9689554625224
 20
253.5289574871366
 30
0.0
 10
71.74795123075157
 20
253.42496171890744
 30
0.0
 10
71.6309427672099
 20
253.5159447918241
 30
0.0
  0
SPLINE
  5
C4
330
17
100
AcDbEntity
  8
ENGRAVE
100
AcDbSpline
 70
0
 71
2
 72
6
 73
3
 74
0
 40
0.0
 40
0.0
 40
0.0
 40
1.0
 40
1.0
 40
1.0
 10
71.83897662137657
 20
254.80295325536576
 30
0.0
 10
71.83897662137657
 20
254.91996171890742
 30
0.0
 10
71.66995969429324
 20
254.91996171890742
 30
0.0
  0
SPLINE
  5
C5
330
17
100
AcDbEntity
  8
ENGRAVE
100
AcDbSpline
 70
0
 71
2
 72
6
 73
3
 74
0
 40
0.0
 40
0.0
 40
0.0
 40
1.0
 40
1.0
 40
1.0
 10
71.29295123075157
 20
255.7909447918241
 30
0.0
 10
71.47495969429325
 20
255.82996171890744
 30
0.0
 10
71.70895546252241
 20
255.82996171890744
 30
0.0
  0
SPLINE
  5
C6
330
17
100
AcDbEntity
  8
ENGRAVE
100
AcDbSpline
 70
0
 71
2
 72
6
 73
3
 74
0
 40
0.0
 40
0.0
 40
0.0
 40
1.0
 40
1.0
 40
1.0
 10
71.38397662137658
 20
254.06192786474077
 30
0.0
 10
71.64397662137658
 20
254.30893632828244
 30
0.0
 10
71.74147662137658
 20
254.5104320965116
 30
0.0
  0
SPLINE
  5
C7
330
17
100
AcDbEntity
  8
ENGRAVE
100
AcDbSpline
 70
0
 71
2
 72
6
 73
3
 74
0
 40
0.0
 40
0.0
 40
0.0
 40
1.0
 40
1.0
 40
1.0
 10
71.74147662137658
 20
254.5104320965116
 30
0.0
 10
71.83897662137657
 20
254.71192786474077
 30
0.0
 10
71.83897662137657
 20
254.80295325536576
 30
0.0
  0
SPLINE
  5
C8
330
17
100
AcDbEntity
  8
ENGRAVE
100
AcDbSpline
 70
0
 71
2
 72
6
 73
3
 74
0
 40
0.0
 40
0.0
 40
0.0
 40
1.0
 40
1.0
 40
1.0
 10
72.43696815783491
 20
253.80192786474078
 30
0.0
 10
72.18995969429324
 20
253.63295325536575
 30
0.0
 10
71.9689554625224
 20
253.5289574871366
 30
0.0
  0
SPLINE
  5
C9
330
17
100
AcDbEntity
  8
ENGRAVE
100
AcDbSpline
 70
0
 71
2
 72
6
 73
3
 74
0
 40
0.0
 40
0.0
 40
0.0
 40
1.0
 40
1.0
 40
1.0
 10
71.70895546252241
 20
255.82996171890744
 30
0.0
 10
71.94295123075158
 20
255.82996171890744
 30
0.0
 10
72.04696815783491
 20
255.76496171890741
 30
0.0
  0
SPLINE
  5
CA
330
17
100
AcDbEntity
  8
ENGRAVE
100
AcDbSpline
 70
0
 71
2
 72
6
 73
3
 74
0
 40
0.0
 40
0.0
 40
0.0
 40
1.0
 40
1.0
 40
1.0
 10
72.04696815783491
 20
255.76496171890741
 30
0.0
 10
72.15094276720991
 20
255.82996171890744
 30
0.0
 10
72.30694699898075
 20
255.73246171890742
 30
0.0
  0
SPLINE
  5
CB
330
17
100
AcDbEntity
  8
ENGRAVE
100
AcDbSpline
 70
0
 71
2
 72
6
 73
3
 74
0
 40
0.0
 40
0.0
 40
0.0
 40
1.0
 40
1.0
 40
1.0
 10
72.6319681578349
 20
254.1009447918241
 30
0.0
 10
72.6319681578349
 20
253.97094479182408
 30
0.0
 10
72.43696815783491
 20
253.80192786474078
 30
0.0
  0
SPLINE
  5
CC
330
17
100
AcDbEntity
  8
ENGRAVE
100
AcDbSpline
 70
0
 71
2
 72
6
 73
3
 74
0
 40
0.0
 40
0.0
 40
0.0
 40
1.0
 40
1.0
 40
1.0
 10
72.30694699898075
 20
255.73246171890742
 30
0.0
 10
72.46295123075157
 20
255.63496171890742
 30
0.0
 10
72.61895546252241
 20
255.46594479182409
 30
0.0
  0
SPLINE
  5
CD
330
17
100
AcDbEntity
  8
ENGRAVE
100
AcDbSpline
 70
0
 71
2
 72
6
 73
3
 74
0
 40
0.0
 40
0.0
 40
0.0
 40
1.0
 40
1.0
 40
1.0
 10
72.6644681578349
 20
254.17244056005327
 30
0.0
 10
72.6319681578349
 20
254.1659447918241
 30
0.0
 10
72.6319681578349
 20
254.1009447918241
 30
0.0
  0
SPLINE
  5
CE
330
17
100
AcDbEntity
  8
ENGRAVE
100
AcDbSpline
 70
0
 71
2
 72
6
 73
3
 74
0
 40
0.0
 40
0.0
 40
0.0
 40
1.0
 40
1.0
 40
1.0
 10
72.6969681578349
 20
254.17893632828242
 30
0.0
 10
72.6969681578349
 20
254.17893632828242
 30
0.0
 10
72.6644681578349
 20
254.17244056005327
 30
0.0
  0
SPLINE
  5
CF
330
17
100
AcDbEntity
  8
ENGRAVE
100
AcDbSpline
 70
0
 71
2
 72
6
 73
3
 74
0
 40
0.0
 40
0.0
 40
0.0
 40
1.0
 40
1.0
 40
1.0
 10
72.81395546252242
 20
254.34793209651158
 30
0.0
 10
72.78795123075157
 20
254.17893632828242
 30
0.0
 10
72.6969681578349
 20
254.17893632828242
 30
0.0
  0
SPLINE
  5
D0
330
17
100
AcDbEntity
  8
ENGRAVE
100
AcDbSpline
 70
0
 71
2
 72
6
 73
3
 74
0
 40
0.0
 40
0.0
 40
0.0
 40
1.0
 40
1.0
 40
1.0
 10
72.84645546252241
 20
254.74442786474077
 30
0.0
 10
72.83995969429324
 20
254.51692786474075
 30
0.0
 10
72.81395546252242
 20
254.34793209651158
 30
0.0
  0
SPLINE
  5
D1
330
17
100
AcDbEntity
  8
ENGRAVE
100
AcDbSpline
 70
0
 71
2
 72
6
 73
3
 74
0
 40
0.0
 40
0.0
 40
0.0
 40
1.0
 40
1.0
 40
1.0
 10
72.85295123075157
 20
255.12795325536575
 30
0.0
 10
72.85295123075157
 20
254.97192786474076
 30
0.0
 10
72.84645546252241
 20
254.74442786474077
 30
0.0
  0
SPLINE
  5
D2
330
17
100
AcDbEntity
  8
ENGRAVE
100
AcDbSpline
 70
0
 71
2
 72
6
 73
3
 74
0
 40
0.0
 40
0.0
 40
0.0
 40
1.0
 40
1.0
 40
1.0
 10
72.61895546252241
 20
255.46594479182409
 30
0.0
 10
72.77495969429324
 20
255.29692786474075
 30
0.0
 10
72.85295123075157
 20
255.12795325536575
 30
0.0
  0
SPLINE
  5
D3
330
17
100
AcDbEntity
  8
ENGRAVE
100
AcDbSpline
 70
0
 71
2
 72
6
 73
3
 74
0
 40
0.0
 40
0.0
 40
0.0
 40
1.0
 40
1.0
 40
1.0
 10
73.04795123075156
 20
251.44244056005326
 30
0.0
 10
72.9309427672099
 20
251.81295325536576
 30
0.0
 10
73.00897662137658
 20
252.44996171890742
 30
0.0
  0
SPLINE
  5
D4
330
17
100
AcDbEntity
  8
ENGRAVE
100
AcDbSpline
 70
0
 71
2
 72
6
 73
3
 74
0
 40
0.0
 40
0.0
 40
0.0
 40
1.0
 40
1.0
 40
1.0
 10
73.29495969429324
 20
250.90295325536576
 30
0.0
 10
73.16495969429324
 20
251.07192786474076
 30
0.0
 10
73.04795123075156
 20
251.44244056005326
 30
0.0
  0
SPLINE
  5
D5
330
17
100
AcDbEntity
  8
ENGRAVE
100
AcDbSpline
 70
0
 71
2
 72
6
 73
3
 74
0
 40
0.0
 40
0.0
 40
0.0
 40
1.0
 40
1.0
 40
1.0
 10
73.90596392606408
 20
250.45444902359492
 30
0.0
 10
73.52897662137657
 20
250.60393632828243
 30
0.0
 10
73.29495969429324
 20
250.90295325536576
 30
0.0
  0
SPLINE
  5
D6
330
17
100
AcDbEntity
  8
ENGRAVE
100
AcDbSpline
 70
0
 71
2
 72
6
 73
3
 74
0
 40
0.0
 40
0.0
 40
0.0
 40
1.0
 40
1.0
 40
1.0
 10
73.00897662137658
 20
252.44996171890742
 30
0.0
 10
73.0869681578349
 20
253.04795325536577
 30
0.0
 10
73.3794681578349
 20
253.6589574871366
 30
0.0
  0
SPLINE
  5
D7
330
17
100
AcDbEntity
  8
ENGRAVE
100
AcDbSpline
 70
0
 71
2
 72
6
 73
3
 74
0
 40
0.0
 40
0.0
 40
0.0
 40
1.0
 40
1.0
 40
1.0
 10
74.71846392606408
 20
250.33746171890743
 30
0.0
 10
74.28295123075156
 20
250.30496171890744
 30
0.0
 10
73.90596392606408
 20
250.45444902359492
 30
0.0
  0
SPLINE
  5
D8
330
17
100
AcDbEntity
  8
ENGRAVE
100
AcDbSpline
 70
0
 71
2
 72
6
 73
3
 74
0
 40
0.0
 40
0.0
 40
0.0
 40
1.0
 40
1.0
 40
1.0
 10
74.1334427672099
 20
252.59295325536576
 30
0.0
 10
74.0359427672099
 20
252.46295325536576
 30
0.0
 10
74.04897662137657
 20
252.0859447918241
 30
0.0
  0
SPLINE
  5
D9
330
17
100
AcDbEntity
  8
ENGRAVE
100
AcDbSpline
 70
0
 71
2
 72
6
 73
3
 74
0
 40
0.0
 40
0.0
 40
0.0
 40
1.0
 40
1.0
 40
1.0
 10
73.3794681578349
 20
253.6589574871366
 30
0.0
 10
73.67196815783491
 20
254.26996171890744
 30
0.0
 10
74.10096392606407
 20
254.73795325536577
 30
0.0
  0
SPLINE
  5
DA
330
17
100
AcDbEntity
  8
ENGRAVE
100
AcDbSpline
 70
0
 71
2
 72
6
 73
3
 74
0
 40
0.0
 40
0.0
 40
0.0
 40
1.0
 40
1.0
 40
1.0
 10
74.54295123075157
 20
252.65795325536575
 30
0.0
 10
74.23094276720991
 20
252.72295325536575
 30
0.0
 10
74.1334427672099
 20
252.59295325536576
 30
0.0
  0
SPLINE
  5
DB
330
17
100
AcDbEntity
  8
ENGRAVE
100
AcDbSpline
 70
0
 71
2
 72
6
 73
3
 74
0
 40
0.0
 40
0.0
 40
0.0
 40
1.0
 40
1.0
 40
1.0
 10
74.04897662137657
 20
252.0859447918241
 30
0.0
 10
74.07495969429324
 20
251.85192786474076
 30
0.0
 10
74.15946815783491
 20
251.67643632828242
 30
0.0
  0
SPLINE
  5
DC
330
17
100
AcDbEntity
  8
ENGRAVE
100
AcDbSpline
 70
0
 71
2
 72
6
 73
3
 74
0
 40
0.0
 40
0.0
 40
0.0
 40
1.0
 40
1.0
 40
1.0
 10
74.15946815783491
 20
251.67643632828242
 30
0.0
 10
74.24397662137658
 20
251.50094479182408
 30
0.0
 10
74.47795123075157
 20
251.43594479182408
 30
0.0
  0
SPLINE
  5
DD
330
17
100
AcDbEntity
  8
ENGRAVE
100
AcDbSpline
 70
0
 71
2
 72
6
 73
3
 74
0
 40
0.0
 40
0.0
 40
0.0
 40
1.0
 40
1.0
 40
1.0
 10
74.72495969429323
 20
253.91244056005326
 30
0.0
 10
74.5559427672099
 20
253.7109447918241
 30
0.0
 10
74.50397662137657
 20
253.60692786474075
 30
0.0
  0
SPLINE
  5
DE
330
17
100
AcDbEntity
  8
ENGRAVE
100
AcDbSpline
 70
0
 71
2
 72
6
 73
3
 74
0
 40
0.0
 40
0.0
 40
0.0
 40
1.0
 40
1.0
 40
1.0
 10
75.36194699898074
 20
252.57994056005327
 30
0.0
 10
75.06295123075157
 20
252.55393632828242
 30
0.0
 10
74.54295123075157
 20
252.65795325536575
 30
0.0
  0
SPLINE
  5
DF
330
17
100
AcDbEntity
  8
ENGRAVE
100
AcDbSpline
 70
0
 71
2
 72
6
 73
3
 74
0
 40
0.0
 40
0.0
 40
0.0
 40
1.0
 40
1.0
 40
1.0
 10
75.54397662137657
 20
250.59094479182409
 30
0.0
 10
75.15397662137657
 20
250.36996171890743
 30
0.0
 10
74.71846392606408
 20
250.33746171890743
 30
0.0
  0
SPLINE
  5
E0
330
17
100
AcDbEntity
  8
ENGRAVE
100
AcDbSpline
 70
0
 71
2
 72
6
 73
3
 74
0
 40
0.0
 40
0.0
 40
0.0
 40
1.0
 40
1.0
 40
1.0
 10
75.09547238960573
 20
254.2959447918241
 30
0.0
 10
74.89397662137657
 20
254.11393632828242
 30
0.0
 10
74.72495969429323
 20
253.91244056005326
 30
0.0
  0
SPLINE
  5
E1
330
17
100
AcDbEntity
  8
ENGRAVE
100
AcDbSpline
 70
0
 71
2
 72
6
 73
3
 74
0
 40
0.0
 40
0.0
 40
0.0
 40
1.0
 40
1.0
 40
1.0
 10
74.50397662137657
 20
253.60692786474075
 30
0.0
 10
74.56897662137658
 20
253.5159447918241
 30
0.0
 10
74.87446815783491
 20
253.47694902359493
 30
0.0
  0
SPLINE
  5
E2
330
17
100
AcDbEntity
  8
ENGRAVE
100
AcDbSpline
 70
0
 71
2
 72
6
 73
3
 74
0
 40
0.0
 40
0.0
 40
0.0
 40
1.0
 40
1.0
 40
1.0
 10
74.47795123075157
 20
251.43594479182408
 30
0.0
 10
74.7769681578349
 20
251.38393632828243
 30
0.0
 10
74.90696815783491
 20
251.42944902359494
 30
0.0
  0
SPLINE
  5
E3
330
17
100
AcDbEntity
  8
ENGRAVE
100
AcDbSpline
 70
0
 71
2
 72
6
 73
3
 74
0
 40
0.0
 40
0.0
 40
0.0
 40
1.0
 40
1.0
 40
1.0
 10
74.10096392606407
 20
254.73795325536577
 30
0.0
 10
74.52995969429324
 20
255.2059447918241
 30
0.0
 10
75.0369681578349
 20
255.37496171890743
 30
0.0
  0
SPLINE
  5
E4
330
17
100
AcDbEntity
  8
ENGRAVE
100
AcDbSpline
 70
0
 71
2
 72
6
 73
3
 74
0
 40
0.0
 40
0.0
 40
0.0
 40
1.0
 40
1.0
 40
1.0
 10
75.4269681578349
 20
254.51692786474075
 30
0.0
 10
75.29696815783491
 20
254.47795325536578
 30
0.0
 10
75.09547238960573
 20
254.2959447918241
 30
0.0
  0
SPLINE
  5
E5
330
17
100
AcDbEntity
  8
ENGRAVE
100
AcDbSpline
 70
0
 71
2
 72
6
 73
3
 74
0
 40
0.0
 40
0.0
 40
0.0
 40
1.0
 40
1.0
 40
1.0
 10
74.90696815783491
 20
251.42944902359494
 30
0.0
 10
75.0369681578349
 20
251.47496171890742
 30
0.0
 10
75.2319681578349
 20
251.5659447918241
 30
0.0
  0
SPLINE
  5
E6
330
17
100
AcDbEntity
  8
ENGRAVE
100
AcDbSpline
 70
0
 71
2
 72
6
 73
3
 74
0
 40
0.0
 40
0.0
 40
0.0
 40
1.0
 40
1.0
 40
1.0
 10
75.8819681578349
 20
252.69692786474076
 30
0.0
 10
75.6609427672099
 20
252.6059447918241
 30
0.0
 10
75.36194699898074
 20
252.57994056005327
 30
0.0
  0
SPLINE
  5
E7
330
17
100
AcDbEntity
  8
ENGRAVE
100
AcDbSpline
 70
0
 71
2
 72
6
 73
3
 74
0
 40
0.0
 40
0.0
 40
0.0
 40
1.0
 40
1.0
 40
1.0
 10
74.87446815783491
 20
253.47694902359493
 30
0.0
 10
75.17995969429325
 20
253.43795325536576
 30
0.0
 10
75.37495969429324
 20
253.48996171890744
 30
0.0
  0
SPLINE
  5
E8
330
17
100
AcDbEntity
  8
ENGRAVE
100
AcDbSpline
 70
0
 71
2
 72
6
 73
3
 74
0
 40
0.0
 40
0.0
 40
0.0
 40
1.0
 40
1.0
 40
1.0
 10
75.0369681578349
 20
255.37496171890743
 30
0.0
 10
75.21897662137657
 20
255.43996171890743
 30
0.0
 10
75.40745969429324
 20
255.47246171890743
 30
0.0
  0
SPLINE
  5
E9
330
17
100
AcDbEntity
  8
ENGRAVE
100
AcDbSpline
 70
0
 71
2
 72
6
 73
3
 74
0
 40
0.0
 40
0.0
 40
0.0
 40
1.0
 40
1.0
 40
1.0
 10
75.91444699898074
 20
254.4779320965116
 30
0.0
 10
75.7259427672099
 20
254.58192786474075
 30
0.0
 10
75.4269681578349
 20
254.51692786474075
 30
0.0
  0
SPLINE
  5
EA
330
17
100
AcDbEntity
  8
ENGRAVE
100
AcDbSpline
 70
0
 71
2
 72
6
 73
3
 74
0
 40
0.0
 40
0.0
 40
0.0
 40
1.0
 40
1.0
 40
1.0
 10
75.2319681578349
 20
251.5659447918241
 30
0.0
 10
75.37495969429324
 20
251.65692786474077
 30
0.0
 10
75.53096392606408
 20
251.78692786474076
 30
0.0
  0
SPLINE
  5
EB
330
17
100
AcDbEntity
  8
ENGRAVE
100
AcDbSpline
 70
0
 71
2
 72
6
 73
3
 74
0
 40
0.0
 40
0.0
 40
0.0
 40
1.0
 40
1.0
 40
1.0
 10
76.21346392606407
 20
251.13692786474076
 30
0.0
 10
75.93397662137657
 20
250.81192786474077
 30
0.0
 10
75.54397662137657
 20
250.59094479182409
 30
0.0
  0
SPLINE
  5
EC
330
17
100
AcDbEntity
  8
ENGRAVE
100
AcDbSpline
 70
0
 71
2
 72
6
 73
3
 74
0
 40
0.0
 40
0.0
 40
0.0
 40
1.0
 40
1.0
 40
1.0
 10
75.37495969429324
 20
253.48996171890744
 30
0.0
 10
75.46594276720991
 20
253.52893632828244
 30
0.0
 10
75.6414554625224
 20
253.67194902359492
 30
0.0
  0
SPLINE
  5
ED
330
17
100
AcDbEntity
  8
ENGRAVE
100
AcDbSpline
 70
0
 71
2
 72
6
 73
3
 74
0
 40
0.0
 40
0.0
 40
0.0
 40
1.0
 40
1.0
 40
1.0
 10
75.53096392606408
 20
251.78692786474076
 30
0.0
 10
75.68696815783491
 20
251.91692786474076
 30
0.0
 10
75.7909427672099
 20
251.98192786474075
 30
0.0
  0
SPLINE
  5
EE
330
17
100
AcDbEntity
  8
ENGRAVE
100
AcDbSpline
 70
0
 71
2
 72
6
 73
3
 74
0
 40
0.0
 40
0.0
 40
0.0
 40
1.0
 40
1.0
 40
1.0
 10
76.73346392606408
 20
253.41194902359493
 30
0.0
 10
76.42795123075157
 20
252.9309447918241
 30
0.0
 10
75.8819681578349
 20
252.69692786474076
 30
0.0
  0
SPLINE
  5
EF
330
17
100
AcDbEntity
  8
ENGRAVE
100
AcDbSpline
 70
0
 71
2
 72
6
 73
3
 74
0
 40
0.0
 40
0.0
 40
0.0
 40
1.0
 40
1.0
 40
1.0
 10
75.40745969429324
 20
255.47246171890743
 30
0.0
 10
75.5959427672099
 20
255.50496171890742
 30
0.0
 10
75.90795123075156
 20
255.47893632828243
 30
0.0
  0
SPLINE
  5
F0
330
17
100
AcDbEntity
  8
ENGRAVE
100
AcDbSpline
 70
0
 71
2
 72
6
 73
3
 74
0
 40
0.0
 40
0.0
 40
0.0
 40
1.0
 40
1.0
 40
1.0
 10
76.10295123075157
 20
254.2309447918241
 30
0.0
 10
76.10295123075157
 20
254.37393632828244
 30
0.0
 10
75.91444699898074
 20
254.4779320965116
 30
0.0
  0
SPLINE
  5
F1
330
17
100
AcDbEntity
  8
ENGRAVE
100
AcDbSpline
 70
0
 71
2
 72
6
 73
3
 74
0
 40
0.0
 40
0.0
 40
0.0
 40
1.0
 40
1.0
 40
1.0
 10
75.6414554625224
 20
253.67194902359492
 30
0.0
 10
75.8169681578349
 20
253.81496171890743
 30
0.0
 10
75.95995969429323
 20
253.97746171890742
 30
0.0
  0
SPLINE
  5
F2
330
17
100
AcDbEntity
  8
ENGRAVE
100
AcDbSpline
 70
0
 71
2
 72
6
 73
3
 74
0
 40
0.0
 40
0.0
 40
0.0
 40
1.0
 40
1.0
 40
1.0
 10
75.7909427672099
 20
251.98192786474075
 30
0.0
 10
75.89495969429323
 20
252.05996171890743
 30
0.0
 10
76.0509427672099
 20
252.05996171890743
 30
0.0
  0
SPLINE
  5
F3
330
17
100
AcDbEntity
  8
ENGRAVE
100
AcDbSpline
 70
0
 71
2
 72
6
 73
3
 74
0
 40
0.0
 40
0.0
 40
0.0
 40
1.0
 40
1.0
 40
1.0
 10
75.95995969429323
 20
253.97746171890742
 30
0.0
 10
76.10295123075157
 20
254.13996171890741
 30
0.0
 10
76.10295123075157
 20
254.2309447918241
 30
0.0
  0
SPLINE
  5
F4
330
17
100
AcDbEntity
  8
ENGRAVE
100
AcDbSpline
 70
0
 71
2
 72
6
 73
3
 74
0
 40
0.0
 40
0.0
 40
0.0
 40
1.0
 40
1.0
 40
1.0
 10
76.49295123075157
 20
251.6309447918241
 30
0.0
 10
76.49295123075157
 20
251.46192786474077
 30
0.0
 10
76.21346392606407
 20
251.13692786474076
 30
0.0
  0
SPLINE
  5
F5
330
17
100
AcDbEntity
  8
ENGRAVE
100
AcDbSpline
 70
0
 71
2
 72
6
 73
3
 74
0
 40
0.0
 40
0.0
 40
0.0
 40
1.0
 40
1.0
 40
1.0
 10
76.0509427672099
 20
252.05996171890743
 30
0.0
 10
76.19397662137658
 20
252.04692786474075
 30
0.0
 10
76.32397662137657
 20
251.90393632828244
 30
0.0
  0
SPLINE
  5
F6
330
17
100
AcDbEntity
  8
ENGRAVE
100
AcDbSpline
 70
0
 71
2
 72
6
 73
3
 74
0
 40
0.0
 40
0.0
 40
0.0
 40
1.0
 40
1.0
 40
1.0
 10
75.90795123075156
 20
255.47893632828243
 30
0.0
 10
76.20696815783491
 20
255.43996171890743
 30
0.0
 10
76.44096392606407
 20
255.32944902359492
 30
0.0
  0
SPLINE
  5
F7
330
17
100
AcDbEntity
  8
ENGRAVE
100
AcDbSpline
 70
0
 71
2
 72
6
 73
3
 74
0
 40
0.0
 40
0.0
 40
0.0
 40
1.0
 40
1.0
 40
1.0
 10
76.32397662137657
 20
251.90393632828244
 30
0.0
 10
76.45397662137657
 20
251.7609447918241
 30
0.0
 10
76.49295123075157
 20
251.6309447918241
 30
0.0
  0
SPLINE
  5
F8
330
17
100
AcDbEntity
  8
ENGRAVE
100
AcDbSpline
 70
0
 71
2
 72
6
 73
3
 74
0
 40
0.0
 40
0.0
 40
0.0
 40
1.0
 40
1.0
 40
1.0
 10
77.10397662137657
 20
254.30893632828244
 30
0.0
 10
77.03897662137658
 20
253.89295325536577
 30
0.0
 10
76.73346392606408
 20
253.41194902359493
 30
0.0
  0
SPLINE
  5
F9
330
17
100
AcDbEntity
  8
ENGRAVE
100
AcDbSpline
 70
0
 71
2
 72
6
 73
3
 74
0
 40
0.0
 40
0.0
 40
0.0
 40
1.0
 40
1.0
 40
1.0
 10
76.44096392606407
 20
255.32944902359492
 30
0.0
 10
76.67495969429324
 20
255.21893632828244
 30
0.0
 10
76.77897662137657
 20
255.08893632828241
 30
0.0
  0
SPLINE
  5
FA
330
17
100
AcDbEntity
  8
ENGRAVE
100
AcDbSpline
 70
0
 71
2
 72
6
 73
3
 74
0
 40
0.0
 40
0.0
 40
0.0
 40
1.0
 40
1.0
 40
1.0
 10
76.77897662137657
 20
255.08893632828241
 30
0.0
 10
76.98696815783491
 20
254.8809447918241
 30
0.0
 10
77.0519681578349
 20
254.68594479182408
 30
0.0
  0
SPLINE
  5
FB
330
17
100
AcDbEntity
  8
ENGRAVE
100
AcDbSpline
 70
0
 71
2
 72
6
 73
3
 74
0
 40
0.0
 40
0.0
 40
0.0
 40
1.0
 40
1.0
 40
1.0
 10
77.0519681578349
 20
254.68594479182408
 30
0.0
 10
77.1169681578349
 20
254.4909447918241
 30
0.0
 10
77.10397662137657
 20
254.30893632828244
 30
0.0
  0
SPLINE
  5
FC
330
17
100
AcDbEntity
  8
ENGRAVE
100
AcDbSpline
 70
0
 71
2
 72
6
 73
3
 74
0
 40
0.0
 40
0.0
 40
0.0
 40
1.0
 40
1.0
 40
1.0
 10
77.48098508491823
 20
250.32444902359492
 30
0.0
 10
77.28598508491824
 20
250.5259447918241
 30
0.0
 10
77.20797238960573
 20
250.9159447918241
 30
0.0
  0
SPLINE
  5
FD
330
17
100
AcDbEntity
  8
ENGRAVE
100
AcDbSpline
 70
0
 71
2
 72
6
 73
3
 74
0
 40
0.0
 40
0.0
 40
0.0
 40
1.0
 40
1.0
 40
1.0
 10
77.20797238960573
 20
250.9159447918241
 30
0.0
 10
77.12995969429323
 20
251.3059447918241
 30
0.0
 10
77.23397662137657
 20
251.78692786474076
 30
0.0
  0
SPLINE
  5
FE
330
17
100
AcDbEntity
  8
ENGRAVE
100
AcDbSpline
 70
0
 71
2
 72
6
 73
3
 74
0
 40
0.0
 40
0.0
 40
0.0
 40
1.0
 40
1.0
 40
1.0
 10
77.23397662137657
 20
251.78692786474076
 30
0.0
 10
77.29897662137657
 20
251.94295325536575
 30
0.0
 10
77.33797238960574
 20
252.09244056005326
 30
0.0
  0
SPLINE
  5
FF
330
17
100
AcDbEntity
  8
ENGRAVE
100
AcDbSpline
 70
0
 71
2
 72
6
 73
3
 74
0
 40
0.0
 40
0.0
 40
0.0
 40
1.0
 40
1.0
 40
1.0
 10
77.33797238960574
 20
252.09244056005326
 30
0.0
 10
77.3769681578349
 20
252.24192786474077
 30
0.0
 10
77.3769681578349
 20
252.33295325536577
 30
0.0
  0
SPLINE
  5
100
330
17
100
AcDbEntity
  8
ENGRAVE
100
AcDbSpline
 70
0
 71
2
 72
6
 73
3
 74
0
 40
0.0
 40
0.0
 40
0.0
 40
1.0
 40
1.0
 40
1.0
 10
77.3769681578349
 20
252.33295325536577
 30
0.0
 10
77.40295123075157
 20
252.46295325536576
 30
0.0
 10
77.48096392606406
 20
252.7164574871366
 30
0.0
  0
SPLINE
  5
101
330
17
100
AcDbEntity
  8
ENGRAVE
100
AcDbSpline
 70
0
 71
2
 72
6
 73
3
 74
0
 40
0.0
 40
0.0
 40
0.0
 40
1.0
 40
1.0
 40
1.0
 10
77.92295123075156
 20
250.18795325536576
 30
0.0
 10
77.67598508491824
 20
250.12295325536576
 30
0.0
 10
77.48098508491823
 20
250.32444902359492
 30
0.0
  0
SPLINE
  5
102
330
17
100
AcDbEntity
  8
ENGRAVE
100
AcDbSpline
 70
0
 71
2
 72
6
 73
3
 74
0
 40
0.0
 40
0.0
 40
0.0
 40
1.0
 40
1.0
 40
1.0
 10
77.48096392606406
 20
252.7164574871366
 30
0.0
 10
77.55897662137656
 20
252.96996171890743
 30
0.0
 10
77.6499808531474
 20
253.24295325536576
 30
0.0
  0
SPLINE
  5
103
330
17
100
AcDbEntity
  8
ENGRAVE
100
AcDbSpline
 70
0
 71
2
 72
6
 73
3
 74
0
 40
0.0
 40
0.0
 40
0.0
 40
1.0
 40
1.0
 40
1.0
 10
77.6499808531474
 20
253.24295325536576
 30
0.0
 10
77.74098508491824
 20
253.5159447918241
 30
0.0
 10
77.82547238960574
 20
253.73045325536577
 30
0.0
  0
SPLINE
  5
104
330
17
100
AcDbEntity
  8
ENGRAVE
100
AcDbSpline
 70
0
 71
2
 72
6
 73
3
 74
0
 40
0.0
 40
0.0
 40
0.0
 40
1.0
 40
1.0
 40
1.0
 10
78.1244681578349
 20
250.4089574871366
 30
0.0
 10
78.0269681578349
 20
250.23996171890744
 30
0.0
 10
77.92295123075156
 20
250.18795325536576
 30
0.0
  0
SPLINE
  5
105
330
17
100
AcDbEntity
  8
ENGRAVE
100
AcDbSpline
 70
0
 71
2
 72
6
 73
3
 74
0
 40
0.0
 40
0.0
 40
0.0
 40
1.0
 40
1.0
 40
1.0
 10
77.82547238960574
 20
253.73045325536577
 30
0.0
 10
77.90995969429324
 20
253.94496171890742
 30
0.0
 10
77.93598508491823
 20
253.99692786474077
 30
0.0
  0
SPLINE
  5
106
330
17
100
AcDbEntity
  8
ENGRAVE
100
AcDbSpline
 70
0
 71
2
 72
6
 73
3
 74
0
 40
0.0
 40
0.0
 40
0.0
 40
1.0
 40
1.0
 40
1.0
 10
77.93598508491823
 20
253.99692786474077
 30
0.0
 10
77.98795123075156
 20
253.99692786474077
 30
0.0
 10
78.0269681578349
 20
254.0879320965116
 30
0.0
  0
SPLINE
  5
107
330
17
100
AcDbEntity
  8
ENGRAVE
100
AcDbSpline
 70
0
 71
2
 72
6
 73
3
 74
0
 40
0.0
 40
0.0
 40
0.0
 40
1.0
 40
1.0
 40
1.0
 10
78.0269681578349
 20
254.0879320965116
 30
0.0
 10
78.06598508491822
 20
254.17893632828242
 30
0.0
 10
78.06598508491822
 20
254.26996171890744
 30
0.0
  0
SPLINE
  5
108
330
17
100
AcDbEntity
  8
ENGRAVE
100
AcDbSpline
 70
0
 71
2
 72
6
 73
3
 74
0
 40
0.0
 40
0.0
 40
0.0
 40
1.0
 40
1.0
 40
1.0
 10
78.06598508491822
 20
254.26996171890744
 30
0.0
 10
78.06598508491822
 20
254.37393632828244
 30
0.0
 10
78.11147662137657
 20
254.50393632828244
 30
0.0
  0
SPLINE
  5
109
330
17
100
AcDbEntity
  8
ENGRAVE
100
AcDbSpline
 70
0
 71
2
 72
6
 73
3
 74
0
 40
0.0
 40
0.0
 40
0.0
 40
1.0
 40
1.0
 40
1.0
 10
78.2219681578349
 20
250.88996171890741
 30
0.0
 10
78.2219681578349
 20
250.57795325536577
 30
0.0
 10
78.1244681578349
 20
250.4089574871366
 30
0.0
  0
SPLINE
  5
10A
330
17
100
AcDbEntity
  8
ENGRAVE
100
AcDbSpline
 70
0
 71
2
 72
6
 73
3
 74
0
 40
0.0
 40
0.0
 40
0.0
 40
1.0
 40
1.0
 40
1.0
 10
78.11147662137657
 20
254.50393632828244
 30
0.0
 10
78.1569681578349
 20
254.63393632828243
 30
0.0
 10
78.20897662137656
 20
254.68594479182408
 30
0.0
  0
SPLINE
  5
10B
330
17
100
AcDbEntity
  8
ENGRAVE
100
AcDbSpline
 70
0
 71
2
 72
6
 73
3
 74
0
 40
0.0
 40
0.0
 40
0.0
 40
1.0
 40
1.0
 40
1.0
 10
78.39745969429323
 20
251.85194902359493
 30
0.0
 10
78.2219681578349
 20
251.25393632828244
 30
0.0
 10
78.2219681578349
 20
250.88996171890741
 30
0.0
  0
SPLINE
  5
10C
330
17
100
AcDbEntity
  8
ENGRAVE
100
AcDbSpline
 70
0
 71
2
 72
6
 73
3
 74
0
 40
0.0
 40
0.0
 40
0.0
 40
1.0
 40
1.0
 40
1.0
 10
78.20897662137656
 20
254.68594479182408
 30
0.0
 10
78.20897662137656
 20
254.75094479182408
 30
0.0
 10
78.24147662137656
 20
254.83545325536576
 30
0.0
  0
SPLINE
  5
10D
330
17
100
AcDbEntity
  8
ENGRAVE
100
AcDbSpline
 70
0
 71
2
 72
6
 73
3
 74
0
 40
0.0
 40
0.0
 40
0.0
 40
1.0
 40
1.0
 40
1.0
 10
78.24147662137656
 20
254.83545325536576
 30
0.0
 10
78.27397662137656
 20
254.91996171890742
 30
0.0
 10
78.27397662137656
 20
254.97192786474076
 30
0.0
  0
SPLINE
  5
10E
330
17
100
AcDbEntity
  8
ENGRAVE
100
AcDbSpline
 70
0
 71
2
 72
6
 73
3
 74
0
 40
0.0
 40
0.0
 40
0.0
 40
1.0
 40
1.0
 40
1.0
 10
78.27397662137656
 20
254.97192786474076
 30
0.0
 10
78.27397662137656
 20
255.02393632828242
 30
0.0
 10
78.30647662137656
 20
255.0759447918241
 30
0.0
  0
SPLINE
  5
10F
330
17
100
AcDbEntity
  8
ENGRAVE
100
AcDbSpline
 70
0
 71
2
 72
6
 73
3
 74
0
 40
0.0
 40
0.0
 40
0.0
 40
1.0
 40
1.0
 40
1.0
 10
78.30647662137656
 20
255.0759447918241
 30
0.0
 10
78.33897662137656
 20
255.12795325536575
 30
0.0
 10
78.33897662137656
 20
255.17996171890744
 30
0.0
  0
SPLINE
  5
110
330
17
100
AcDbEntity
  8
ENGRAVE
100
AcDbSpline
 70
0
 71
2
 72
6
 73
3
 74
0
 40
0.0
 40
0.0
 40
0.0
 40
1.0
 40
1.0
 40
1.0
 10
78.78098508491823
 20
253.16496171890742
 30
0.0
 10
78.57295123075157
 20
252.44996171890742
 30
0.0
 10
78.39745969429323
 20
251.85194902359493
 30
0.0
  0
SPLINE
  5
111
330
17
100
AcDbEntity
  8
ENGRAVE
100
AcDbSpline
 70
0
 71
2
 72
6
 73
3
 74
0
 40
0.0
 40
0.0
 40
0.0
 40
1.0
 40
1.0
 40
1.0
 10
78.33897662137656
 20
255.17996171890744
 30
0.0
 10
78.42995969429323
 20
255.34893632828243
 30
0.0
 10
78.5794681578349
 20
255.71944902359493
 30
0.0
  0
SPLINE
  5
112
330
17
100
AcDbEntity
  8
ENGRAVE
100
AcDbSpline
 70
0
 71
2
 72
6
 73
3
 74
0
 40
0.0
 40
0.0
 40
0.0
 40
1.0
 40
1.0
 40
1.0
 10
78.98897662137657
 20
253.85393632828243
 30
0.0
 10
78.98897662137657
 20
253.72393632828243
 30
0.0
 10
78.78098508491823
 20
253.16496171890742
 30
0.0
  0
SPLINE
  5
113
330
17
100
AcDbEntity
  8
ENGRAVE
100
AcDbSpline
 70
0
 71
2
 72
6
 73
3
 74
0
 40
0.0
 40
0.0
 40
0.0
 40
1.0
 40
1.0
 40
1.0
 10
78.5794681578349
 20
255.71944902359493
 30
0.0
 10
78.72897662137656
 20
256.08996171890743
 30
0.0
 10
78.9044681578349
 20
256.5449617189074
 30
0.0
  0
SPLINE
  5
114
330
17
100
AcDbEntity
  8
ENGRAVE
100
AcDbSpline
 70
0
 71
2
 72
6
 73
3
 74
0
 40
0.0
 40
0.0
 40
0.0
 40
1.0
 40
1.0
 40
1.0
 10
78.99547238960574
 20
253.9254320965116
 30
0.0
 10
78.98897662137657
 20
253.85393632828243
 30
0.0
 10
78.98897662137657
 20
253.85393632828243
 30
0.0
  0
SPLINE
  5
115
330
17
100
AcDbEntity
  8
ENGRAVE
100
AcDbSpline
 70
0
 71
2
 72
6
 73
3
 74
0
 40
0.0
 40
0.0
 40
0.0
 40
1.0
 40
1.0
 40
1.0
 10
79.05397662137656
 20
253.99692786474077
 30
0.0
 10
79.0019681578349
 20
253.99692786474077
 30
0.0
 10
78.99547238960574
 20
253.9254320965116
 30
0.0
  0
SPLINE
  5
116
330
17
100
AcDbEntity
  8
ENGRAVE
100
AcDbSpline
 70
0
 71
2
 72
6
 73
3
 74
0
 40
0.0
 40
0.0
 40
0.0
 40
1.0
 40
1.0
 40
1.0
 10
79.1124808531474
 20
254.1009447918241
 30
0.0
 10
79.10598508491823
 20
254.04893632828242
 30
0.0
 10
79.05397662137656
 20
253.99692786474077
 30
0.0
  0
SPLINE
  5
117
330
17
100
AcDbEntity
  8
ENGRAVE
100
AcDbSpline
 70
0
 71
2
 72
6
 73
3
 74
0
 40
0.0
 40
0.0
 40
0.0
 40
1.0
 40
1.0
 40
1.0
 10
79.11897662137656
 20
254.20496171890744
 30
0.0
 10
79.11897662137656
 20
254.15295325536576
 30
0.0
 10
79.1124808531474
 20
254.1009447918241
 30
0.0
  0
SPLINE
  5
118
330
17
100
AcDbEntity
  8
ENGRAVE
100
AcDbSpline
 70
0
 71
2
 72
6
 73
3
 74
0
 40
0.0
 40
0.0
 40
0.0
 40
1.0
 40
1.0
 40
1.0
 10
79.18397662137656
 20
254.3934447918241
 30
0.0
 10
79.11897662137656
 20
254.2309447918241
 30
0.0
 10
79.11897662137656
 20
254.20496171890744
 30
0.0
  0
SPLINE
  5
119
330
17
100
AcDbEntity
  8
ENGRAVE
100
AcDbSpline
 70
0
 71
2
 72
6
 73
3
 74
0
 40
0.0
 40
0.0
 40
0.0
 40
1.0
 40
1.0
 40
1.0
 10
79.34647662137657
 20
254.78344479182408
 30
0.0
 10
79.24897662137657
 20
254.5559447918241
 30
0.0
 10
79.18397662137656
 20
254.3934447918241
 30
0.0
  0
SPLINE
  5
11A
330
17
100
AcDbEntity
  8
ENGRAVE
100
AcDbSpline
 70
0
 71
2
 72
6
 73
3
 74
0
 40
0.0
 40
0.0
 40
0.0
 40
1.0
 40
1.0
 40
1.0
 10
78.9044681578349
 20
256.5449617189074
 30
0.0
 10
79.07995969429324
 20
256.99996171890746
 30
0.0
 10
79.23596392606406
 20
257.44194902359493
 30
0.0
  0
SPLINE
  5
11B
330
17
100
AcDbEntity
  8
ENGRAVE
100
AcDbSpline
 70
0
 71
2
 72
6
 73
3
 74
0
 40
0.0
 40
0.0
 40
0.0
 40
1.0
 40
1.0
 40
1.0
 10
79.5349808531474
 20
255.21244056005327
 30
0.0
 10
79.44397662137656
 20
255.0109447918241
 30
0.0
 10
79.34647662137657
 20
254.78344479182408
 30
0.0
  0
SPLINE
  5
11C
330
17
100
AcDbEntity
  8
ENGRAVE
100
AcDbSpline
 70
0
 71
2
 72
6
 73
3
 74
0
 40
0.0
 40
0.0
 40
0.0
 40
1.0
 40
1.0
 40
1.0
 10
79.4829935484599
 20
249.26496171890741
 30
0.0
 10
79.39196815783491
 20
249.36893632828242
 30
0.0
 10
79.36598508491824
 20
249.4859447918241
 30
0.0
  0
SPLINE
  5
11D
330
17
100
AcDbEntity
  8
ENGRAVE
100
AcDbSpline
 70
0
 71
2
 72
6
 73
3
 74
0
 40
0.0
 40
0.0
 40
0.0
 40
1.0
 40
1.0
 40
1.0
 10
79.36598508491824
 20
249.4859447918241
 30
0.0
 10
79.34000201200158
 20
249.60295325536575
 30
0.0
 10
79.37897662137658
 20
249.92795325536576
 30
0.0
  0
SPLINE
  5
11E
330
17
100
AcDbEntity
  8
ENGRAVE
100
AcDbSpline
 70
0
 71
2
 72
6
 73
3
 74
0
 40
0.0
 40
0.0
 40
0.0
 40
1.0
 40
1.0
 40
1.0
 10
79.37897662137658
 20
249.92795325536576
 30
0.0
 10
79.43098508491825
 20
250.0709447918241
 30
0.0
 10
79.4374808531474
 20
250.2009447918241
 30
0.0
  0
SPLINE
  5
11F
330
17
100
AcDbEntity
  8
ENGRAVE
100
AcDbSpline
 70
0
 71
2
 72
6
 73
3
 74
0
 40
0.0
 40
0.0
 40
0.0
 40
1.0
 40
1.0
 40
1.0
 10
79.4374808531474
 20
250.2009447918241
 30
0.0
 10
79.44397662137658
 20
250.3309447918241
 30
0.0
 10
79.44397662137658
 20
250.38295325536575
 30
0.0
  0
SPLINE
  5
120
330
17
100
AcDbEntity
  8
ENGRAVE
100
AcDbSpline
 70
0
 71
2
 72
6
 73
3
 74
0
 40
0.0
 40
0.0
 40
0.0
 40
1.0
 40
1.0
 40
1.0
 10
79.93799354845991
 20
248.88143632828243
 30
0.0
 10
79.66500201200158
 20
249.05692786474077
 30
0.0
 10
79.4829935484599
 20
249.26496171890741
 30
0.0
  0
SPLINE
  5
121
330
17
100
AcDbEntity
  8
ENGRAVE
100
AcDbSpline
 70
0
 71
2
 72
6
 73
3
 74
0
 40
0.0
 40
0.0
 40
0.0
 40
1.0
 40
1.0
 40
1.0
 10
79.23596392606406
 20
257.44194902359493
 30
0.0
 10
79.3919681578349
 20
257.8839363282824
 30
0.0
 10
79.48946815783489
 20
258.18944902359493
 30
0.0
  0
SPLINE
  5
122
330
17
100
AcDbEntity
  8
ENGRAVE
100
AcDbSpline
 70
0
 71
2
 72
6
 73
3
 74
0
 40
0.0
 40
0.0
 40
0.0
 40
1.0
 40
1.0
 40
1.0
 10
79.44397662137658
 20
250.38295325536575
 30
0.0
 10
79.44397662137658
 20
250.4609447918241
 30
0.0
 10
79.48948931668907
 20
250.74694902359494
 30
0.0
  0
SPLINE
  5
123
330
17
100
AcDbEntity
  8
ENGRAVE
100
AcDbSpline
 70
0
 71
2
 72
6
 73
3
 74
0
 40
0.0
 40
0.0
 40
0.0
 40
1.0
 40
1.0
 40
1.0
 10
79.67795123075156
 20
255.51795325536577
 30
0.0
 10
79.62598508491823
 20
255.41393632828243
 30
0.0
 10
79.5349808531474
 20
255.21244056005327
 30
0.0
  0
SPLINE
  5
124
330
17
100
AcDbEntity
  8
ENGRAVE
100
AcDbSpline
 70
0
 71
2
 72
6
 73
3
 74
0
 40
0.0
 40
0.0
 40
0.0
 40
1.0
 40
1.0
 40
1.0
 10
79.48946815783489
 20
258.18944902359493
 30
0.0
 10
79.5869681578349
 20
258.4949617189074
 30
0.0
 10
79.5869681578349
 20
258.5599617189074
 30
0.0
  0
SPLINE
  5
125
330
17
100
AcDbEntity
  8
ENGRAVE
100
AcDbSpline
 70
0
 71
2
 72
6
 73
3
 74
0
 40
0.0
 40
0.0
 40
0.0
 40
1.0
 40
1.0
 40
1.0
 10
79.48948931668907
 20
250.74694902359494
 30
0.0
 10
79.53500201200157
 20
251.03295325536575
 30
0.0
 10
79.58698931668907
 20
251.3514574871366
 30
0.0
  0
SPLINE
  5
126
330
17
100
AcDbEntity
  8
ENGRAVE
100
AcDbSpline
 70
0
 71
2
 72
6
 73
3
 74
0
 40
0.0
 40
0.0
 40
0.0
 40
1.0
 40
1.0
 40
1.0
 10
79.5869681578349
 20
258.5599617189074
 30
0.0
 10
79.5869681578349
 20
258.66393632828243
 30
0.0
 10
79.66495969429323
 20
258.7549405600533
 30
0.0
  0
SPLINE
  5
127
330
17
100
AcDbEntity
  8
ENGRAVE
100
AcDbSpline
 70
0
 71
2
 72
6
 73
3
 74
0
 40
0.0
 40
0.0
 40
0.0
 40
1.0
 40
1.0
 40
1.0
 10
79.77547238960574
 20
255.7779320965116
 30
0.0
 10
79.72995969429323
 20
255.67393632828242
 30
0.0
 10
79.67795123075156
 20
255.51795325536577
 30
0.0
  0
SPLINE
  5
128
330
17
100
AcDbEntity
  8
ENGRAVE
100
AcDbSpline
 70
0
 71
2
 72
6
 73
3
 74
0
 40
0.0
 40
0.0
 40
0.0
 40
1.0
 40
1.0
 40
1.0
 10
79.58698931668907
 20
251.3514574871366
 30
0.0
 10
79.63897662137657
 20
251.66996171890742
 30
0.0
 10
79.67799354845991
 20
251.83893632828241
 30
0.0
  0
SPLINE
  5
129
330
17
100
AcDbEntity
  8
ENGRAVE
100
AcDbSpline
 70
0
 71
2
 72
6
 73
3
 74
0
 40
0.0
 40
0.0
 40
0.0
 40
1.0
 40
1.0
 40
1.0
 10
79.67799354845991
 20
251.83893632828241
 30
0.0
 10
79.67799354845991
 20
251.85192786474076
 30
0.0
 10
79.69748085314741
 20
251.92994056005327
 30
0.0
  0
SPLINE
  5
12A
330
17
100
AcDbEntity
  8
ENGRAVE
100
AcDbSpline
 70
0
 71
2
 72
6
 73
3
 74
0
 40
0.0
 40
0.0
 40
0.0
 40
1.0
 40
1.0
 40
1.0
 10
79.69748085314741
 20
251.92994056005327
 30
0.0
 10
79.71696815783491
 20
252.00795325536575
 30
0.0
 10
79.73000201200158
 20
252.04692786474075
 30
0.0
  0
SPLINE
  5
12B
330
17
100
AcDbEntity
  8
ENGRAVE
100
AcDbSpline
 70
0
 71
2
 72
6
 73
3
 74
0
 40
0.0
 40
0.0
 40
0.0
 40
1.0
 40
1.0
 40
1.0
 10
79.82098508491823
 20
255.9339363282824
 30
0.0
 10
79.82098508491823
 20
255.88192786474076
 30
0.0
 10
79.77547238960574
 20
255.7779320965116
 30
0.0
  0
SPLINE
  5
12C
330
17
100
AcDbEntity
  8
ENGRAVE
100
AcDbSpline
 70
0
 71
2
 72
6
 73
3
 74
0
 40
0.0
 40
0.0
 40
0.0
 40
1.0
 40
1.0
 40
1.0
 10
79.73000201200158
 20
252.04692786474075
 30
0.0
 10
79.75598508491824
 20
252.16393632828243
 30
0.0
 10
79.79498085314741
 20
252.3329320965116
 30
0.0
  0
SPLINE
  5
12D
330
17
100
AcDbEntity
  8
ENGRAVE
100
AcDbSpline
 70
0
 71
2
 72
6
 73
3
 74
0
 40
0.0
 40
0.0
 40
0.0
 40
1.0
 40
1.0
 40
1.0
 10
79.93797238960573
 20
256.2134447918241
 30
0.0
 10
79.82098508491823
 20
255.9859447918241
 30
0.0
 10
79.82098508491823
 20
255.9339363282824
 30
0.0
  0
SPLINE
  5
12E
330
17
100
AcDbEntity
  8
ENGRAVE
100
AcDbSpline
 70
0
 71
2
 72
6
 73
3
 74
0
 40
0.0
 40
0.0
 40
0.0
 40
1.0
 40
1.0
 40
1.0
 10
79.66495969429323
 20
258.7549405600533
 30
0.0
 10
79.74295123075156
 20
258.8459447918241
 30
0.0
 10
79.8469681578349
 20
258.8459447918241
 30
0.0
  0
SPLINE
  5
12F
330
17
100
AcDbEntity
  8
ENGRAVE
100
AcDbSpline
 70
0
 71
2
 72
6
 73
3
 74
0
 40
0.0
 40
0.0
 40
0.0
 40
1.0
 40
1.0
 40
1.0
 10
79.79498085314741
 20
252.3329320965116
 30
0.0
 10
79.83397662137658
 20
252.50192786474076
 30
0.0
 10
79.8729935484599
 20
252.78795325536575
 30
0.0
  0
SPLINE
  5
130
330
17
100
AcDbEntity
  8
ENGRAVE
100
AcDbSpline
 70
0
 71
2
 72
6
 73
3
 74
0
 40
0.0
 40
0.0
 40
0.0
 40
1.0
 40
1.0
 40
1.0
 10
80.15897662137657
 20
256.7009447918241
 30
0.0
 10
80.05495969429323
 20
256.4409447918241
 30
0.0
 10
79.93797238960573
 20
256.2134447918241
 30
0.0
  0
SPLINE
  5
131
330
17
100
AcDbEntity
  8
ENGRAVE
100
AcDbSpline
 70
0
 71
2
 72
6
 73
3
 74
0
 40
0.0
 40
0.0
 40
0.0
 40
1.0
 40
1.0
 40
1.0
 10
80.28897662137658
 20
248.75795325536575
 30
0.0
 10
80.21098508491824
 20
248.7059447918241
 30
0.0
 10
79.93799354845991
 20
248.88143632828243
 30
0.0
  0
SPLINE
  5
132
330
17
100
AcDbEntity
  8
ENGRAVE
100
AcDbSpline
 70
0
 71
2
 72
6
 73
3
 74
0
 40
0.0
 40
0.0
 40
0.0
 40
1.0
 40
1.0
 40
1.0
 10
79.8469681578349
 20
258.8459447918241
 30
0.0
 10
79.88598508491823
 20
258.88496171890745
 30
0.0
 10
80.02897662137656
 20
258.9044490235949
 30
0.0
  0
SPLINE
  5
133
330
17
100
AcDbEntity
  8
ENGRAVE
100
AcDbSpline
 70
0
 71
2
 72
6
 73
3
 74
0
 40
0.0
 40
0.0
 40
0.0
 40
1.0
 40
1.0
 40
1.0
 10
79.8729935484599
 20
252.78795325536575
 30
0.0
 10
79.9769681578349
 20
253.11295325536577
 30
0.0
 10
80.04848508491824
 20
253.43145748713658
 30
0.0
  0
SPLINE
  5
134
330
17
100
AcDbEntity
  8
ENGRAVE
100
AcDbSpline
 70
0
 71
2
 72
6
 73
3
 74
0
 40
0.0
 40
0.0
 40
0.0
 40
1.0
 40
1.0
 40
1.0
 10
80.04848508491824
 20
253.43145748713658
 30
0.0
 10
80.12000201200158
 20
253.74996171890743
 30
0.0
 10
80.12000201200158
 20
253.86692786474077
 30
0.0
  0
SPLINE
  5
135
330
17
100
AcDbEntity
  8
ENGRAVE
100
AcDbSpline
 70
0
 71
2
 72
6
 73
3
 74
0
 40
0.0
 40
0.0
 40
0.0
 40
1.0
 40
1.0
 40
1.0
 10
80.52297238960573
 20
257.48744056005324
 30
0.0
 10
80.40598508491823
 20
257.2209447918241
 30
0.0
 10
80.15897662137657
 20
256.7009447918241
 30
0.0
  0
SPLINE
  5
136
330
17
100
AcDbEntity
  8
ENGRAVE
100
AcDbSpline
 70
0
 71
2
 72
6
 73
3
 74
0
 40
0.0
 40
0.0
 40
0.0
 40
1.0
 40
1.0
 40
1.0
 10
80.02897662137656
 20
258.9044490235949
 30
0.0
 10
80.1719681578349
 20
258.9239363282824
 30
0.0
 10
80.22397662137656
 20
258.9239363282824
 30
0.0
  0
SPLINE
  5
137
330
17
100
AcDbEntity
  8
ENGRAVE
100
AcDbSpline
 70
0
 71
2
 72
6
 73
3
 74
0
 40
0.0
 40
0.0
 40
0.0
 40
1.0
 40
1.0
 40
1.0
 10
80.22397662137656
 20
258.9239363282824
 30
0.0
 10
80.22397662137656
 20
258.9239363282824
 30
0.0
 10
80.27596392606407
 20
258.87194902359494
 30
0.0
  0
SPLINE
  5
138
330
17
100
AcDbEntity
  8
ENGRAVE
100
AcDbSpline
 70
0
 71
2
 72
6
 73
3
 74
0
 40
0.0
 40
0.0
 40
0.0
 40
1.0
 40
1.0
 40
1.0
 10
80.38647662137657
 20
248.9464574871366
 30
0.0
 10
80.35397662137657
 20
248.82295325536577
 30
0.0
 10
80.28897662137658
 20
248.75795325536575
 30
0.0
  0
SPLINE
  5
139
330
17
100
AcDbEntity
  8
ENGRAVE
100
AcDbSpline
 70
0
 71
2
 72
6
 73
3
 74
0
 40
0.0
 40
0.0
 40
0.0
 40
1.0
 40
1.0
 40
1.0
 10
80.12000201200158
 20
253.86692786474077
 30
0.0
 10
80.12000201200158
 20
254.1009447918241
 30
0.0
 10
80.3019681578349
 20
254.20496171890744
 30
0.0
  0
SPLINE
  5
13A
330
17
100
AcDbEntity
  8
ENGRAVE
100
AcDbSpline
 70
0
 71
2
 72
6
 73
3
 74
0
 40
0.0
 40
0.0
 40
0.0
 40
1.0
 40
1.0
 40
1.0
 10
80.3019681578349
 20
254.20496171890744
 30
0.0
 10
80.31500201200157
 20
254.26996171890744
 30
0.0
 10
80.38000201200157
 20
254.4064574871366
 30
0.0
  0
SPLINE
  5
13B
330
17
100
AcDbEntity
  8
ENGRAVE
100
AcDbSpline
 70
0
 71
2
 72
6
 73
3
 74
0
 40
0.0
 40
0.0
 40
0.0
 40
1.0
 40
1.0
 40
1.0
 10
80.4319681578349
 20
249.23893632828242
 30
0.0
 10
80.41897662137657
 20
249.06996171890742
 30
0.0
 10
80.38647662137657
 20
248.9464574871366
 30
0.0
  0
SPLINE
  5
13C
330
17
100
AcDbEntity
  8
ENGRAVE
100
AcDbSpline
 70
0
 71
2
 72
6
 73
3
 74
0
 40
0.0
 40
0.0
 40
0.0
 40
1.0
 40
1.0
 40
1.0
 10
80.27596392606407
 20
258.87194902359494
 30
0.0
 10
80.32795123075157
 20
258.81996171890745
 30
0.0
 10
80.4319681578349
 20
258.7159447918241
 30
0.0
  0
SPLINE
  5
13D
330
17
100
AcDbEntity
  8
ENGRAVE
100
AcDbSpline
 70
0
 71
2
 72
6
 73
3
 74
0
 40
0.0
 40
0.0
 40
0.0
 40
1.0
 40
1.0
 40
1.0
 10
80.49049354845991
 20
250.0384447918241
 30
0.0
 10
80.47098508491824
 20
249.82393632828243
 30
0.0
 10
80.47098508491824
 20
249.6159447918241
 30
0.0
  0
SPLINE
  5
13E
330
17
100
AcDbEntity
  8
ENGRAVE
100
AcDbSpline
 70
0
 71
2
 72
6
 73
3
 74
0
 40
0.0
 40
0.0
 40
0.0
 40
1.0
 40
1.0
 40
1.0
 10
80.52299354845991
 20
250.38295325536575
 30
0.0
 10
80.51000201200158
 20
250.25295325536575
 30
0.0
 10
80.49049354845991
 20
250.0384447918241
 30
0.0
  0
SPLINE
  5
13F
330
17
100
AcDbEntity
  8
ENGRAVE
100
AcDbSpline
 70
0
 71
2
 72
6
 73
3
 74
0
 40
0.0
 40
0.0
 40
0.0
 40
1.0
 40
1.0
 40
1.0
 10
80.38000201200157
 20
254.4064574871366
 30
0.0
 10
80.44500201200158
 20
254.54295325536577
 30
0.0
 10
80.49696815783491
 20
254.63393632828243
 30
0.0
  0
SPLINE
  5
140
330
17
100
AcDbEntity
  8
ENGRAVE
100
AcDbSpline
 70
0
 71
2
 72
6
 73
3
 74
0
 40
0.0
 40
0.0
 40
0.0
 40
1.0
 40
1.0
 40
1.0
 10
80.68547238960574
 20
257.90994056005326
 30
0.0
 10
80.63995969429322
 20
257.7539363282824
 30
0.0
 10
80.52297238960573
 20
257.48744056005324
 30
0.0
  0
SPLINE
  5
141
330
17
100
AcDbEntity
  8
ENGRAVE
100
AcDbSpline
 70
0
 71
2
 72
6
 73
3
 74
0
 40
0.0
 40
0.0
 40
0.0
 40
1.0
 40
1.0
 40
1.0
 10
80.53598508491824
 20
250.4609447918241
 30
0.0
 10
80.53598508491824
 20
250.42192786474075
 30
0.0
 10
80.52299354845991
 20
250.38295325536575
 30
0.0
  0
SPLINE
  5
142
330
17
100
AcDbEntity
  8
ENGRAVE
100
AcDbSpline
 70
0
 71
2
 72
6
 73
3
 74
0
 40
0.0
 40
0.0
 40
0.0
 40
1.0
 40
1.0
 40
1.0
 10
80.53598508491824
 20
250.51295325536577
 30
0.0
 10
80.53598508491824
 20
250.49996171890743
 30
0.0
 10
80.53598508491824
 20
250.4609447918241
 30
0.0
  0
SPLINE
  5
143
330
17
100
AcDbEntity
  8
ENGRAVE
100
AcDbSpline
 70
0
 71
2
 72
6
 73
3
 74
0
 40
0.0
 40
0.0
 40
0.0
 40
1.0
 40
1.0
 40
1.0
 10
80.54897662137658
 20
250.64944902359494
 30
0.0
 10
80.53598508491824
 20
250.56496171890743
 30
0.0
 10
80.53598508491824
 20
250.51295325536577
 30
0.0
  0
SPLINE
  5
144
330
17
100
AcDbEntity
  8
ENGRAVE
100
AcDbSpline
 70
0
 71
2
 72
6
 73
3
 74
0
 40
0.0
 40
0.0
 40
0.0
 40
1.0
 40
1.0
 40
1.0
 10
80.61397662137658
 20
250.83795325536576
 30
0.0
 10
80.56196815783491
 20
250.73393632828243
 30
0.0
 10
80.54897662137658
 20
250.64944902359494
 30
0.0
  0
SPLINE
  5
145
330
17
100
AcDbEntity
  8
ENGRAVE
100
AcDbSpline
 70
0
 71
2
 72
6
 73
3
 74
0
 40
0.0
 40
0.0
 40
0.0
 40
1.0
 40
1.0
 40
1.0
 10
80.62698931668908
 20
251.0784447918241
 30
0.0
 10
80.61397662137658
 20
250.94192786474076
 30
0.0
 10
80.61397662137658
 20
250.83795325536576
 30
0.0
  0
SPLINE
  5
146
330
17
100
AcDbEntity
  8
ENGRAVE
100
AcDbSpline
 70
0
 71
2
 72
6
 73
3
 74
0
 40
0.0
 40
0.0
 40
0.0
 40
1.0
 40
1.0
 40
1.0
 10
80.7179935484599
 20
251.3059447918241
 30
0.0
 10
80.64000201200157
 20
251.21496171890743
 30
0.0
 10
80.62698931668908
 20
251.0784447918241
 30
0.0
  0
SPLINE
  5
147
330
17
100
AcDbEntity
  8
ENGRAVE
100
AcDbSpline
 70
0
 71
2
 72
6
 73
3
 74
0
 40
0.0
 40
0.0
 40
0.0
 40
1.0
 40
1.0
 40
1.0
 10
80.4319681578349
 20
258.7159447918241
 30
0.0
 10
80.53598508491824
 20
258.62496171890746
 30
0.0
 10
80.63348508491823
 20
258.50795325536575
 30
0.0
  0
SPLINE
  5
148
330
17
100
AcDbEntity
  8
ENGRAVE
100
AcDbSpline
 70
0
 71
2
 72
6
 73
3
 74
0
 40
0.0
 40
0.0
 40
0.0
 40
1.0
 40
1.0
 40
1.0
 10
80.73098508491823
 20
258.2349617189074
 30
0.0
 10
80.73098508491823
 20
258.0659447918241
 30
0.0
 10
80.68547238960574
 20
257.90994056005326
 30
0.0
  0
SPLINE
  5
149
330
17
100
AcDbEntity
  8
ENGRAVE
100
AcDbSpline
 70
0
 71
2
 72
6
 73
3
 74
0
 40
0.0
 40
0.0
 40
0.0
 40
1.0
 40
1.0
 40
1.0
 10
80.76348508491824
 20
251.62444902359493
 30
0.0
 10
80.7179935484599
 20
251.38393632828243
 30
0.0
 10
80.7179935484599
 20
251.3059447918241
 30
0.0
  0
SPLINE
  5
14A
330
17
100
AcDbEntity
  8
ENGRAVE
100
AcDbSpline
 70
0
 71
2
 72
6
 73
3
 74
0
 40
0.0
 40
0.0
 40
0.0
 40
1.0
 40
1.0
 40
1.0
 10
80.63348508491823
 20
258.50795325536575
 30
0.0
 10
80.73098508491823
 20
258.3909447918241
 30
0.0
 10
80.73098508491823
 20
258.2349617189074
 30
0.0
  0
SPLINE
  5
14B
330
17
100
AcDbEntity
  8
ENGRAVE
100
AcDbSpline
 70
0
 71
2
 72
6
 73
3
 74
0
 40
0.0
 40
0.0
 40
0.0
 40
1.0
 40
1.0
 40
1.0
 10
80.86748085314741
 20
252.14444902359492
 30
0.0
 10
80.80897662137657
 20
251.86496171890744
 30
0.0
 10
80.76348508491824
 20
251.62444902359493
 30
0.0
  0
SPLINE
  5
14C
330
17
100
AcDbEntity
  8
ENGRAVE
100
AcDbSpline
 70
0
 71
2
 72
6
 73
3
 74
0
 40
0.0
 40
0.0
 40
0.0
 40
1.0
 40
1.0
 40
1.0
 10
80.98448931668908
 20
252.66444902359493
 30
0.0
 10
80.92598508491824
 20
252.42393632828242
 30
0.0
 10
80.86748085314741
 20
252.14444902359492
 30
0.0
  0
SPLINE
  5
14D
330
17
100
AcDbEntity
  8
ENGRAVE
100
AcDbSpline
 70
0
 71
2
 72
6
 73
3
 74
0
 40
0.0
 40
0.0
 40
0.0
 40
1.0
 40
1.0
 40
1.0
 10
80.49696815783491
 20
254.63393632828243
 30
0.0
 10
80.7569681578349
 20
255.37496171890743
 30
0.0
 10
80.92598508491824
 20
255.81694902359493
 30
0.0
  0
SPLINE
  5
14E
330
17
100
AcDbEntity
  8
ENGRAVE
100
AcDbSpline
 70
0
 71
2
 72
6
 73
3
 74
0
 40
0.0
 40
0.0
 40
0.0
 40
1.0
 40
1.0
 40
1.0
 10
81.06897662137658
 20
252.98295325536577
 30
0.0
 10
81.0429935484599
 20
252.90496171890743
 30
0.0
 10
80.98448931668908
 20
252.66444902359493
 30
0.0
  0
SPLINE
  5
14F
330
17
100
AcDbEntity
  8
ENGRAVE
100
AcDbSpline
 70
0
 71
2
 72
6
 73
3
 74
0
 40
0.0
 40
0.0
 40
0.0
 40
1.0
 40
1.0
 40
1.0
 10
81.13397662137658
 20
253.2559447918241
 30
0.0
 10
81.13397662137658
 20
253.08692786474077
 30
0.0
 10
81.06897662137658
 20
252.98295325536577
 30
0.0
  0
SPLINE
  5
150
330
17
100
AcDbEntity
  8
ENGRAVE
100
AcDbSpline
 70
0
 71
2
 72
6
 73
3
 74
0
 40
0.0
 40
0.0
 40
0.0
 40
1.0
 40
1.0
 40
1.0
 10
81.16647662137657
 20
253.36645748713659
 30
0.0
 10
81.13397662137658
 20
253.29496171890742
 30
0.0
 10
81.13397662137658
 20
253.2559447918241
 30
0.0
  0
SPLINE
  5
151
330
17
100
AcDbEntity
  8
ENGRAVE
100
AcDbSpline
 70
0
 71
2
 72
6
 73
3
 74
0
 40
0.0
 40
0.0
 40
0.0
 40
1.0
 40
1.0
 40
1.0
 10
81.25098508491824
 20
253.43795325536576
 30
0.0
 10
81.19897662137657
 20
253.43795325536576
 30
0.0
 10
81.16647662137657
 20
253.36645748713659
 30
0.0
  0
SPLINE
  5
152
330
17
100
AcDbEntity
  8
ENGRAVE
100
AcDbSpline
 70
0
 71
2
 72
6
 73
3
 74
0
 40
0.0
 40
0.0
 40
0.0
 40
1.0
 40
1.0
 40
1.0
 10
81.4849808531474
 20
253.5484447918241
 30
0.0
 10
81.26397662137657
 20
253.48996171890744
 30
0.0
 10
81.25098508491824
 20
253.43795325536576
 30
0.0
  0
SPLINE
  5
153
330
17
100
AcDbEntity
  8
ENGRAVE
100
AcDbSpline
 70
0
 71
2
 72
6
 73
3
 74
0
 40
0.0
 40
0.0
 40
0.0
 40
1.0
 40
1.0
 40
1.0
 10
80.92598508491824
 20
255.81694902359493
 30
0.0
 10
81.09500201200157
 20
256.2589363282824
 30
0.0
 10
81.27696815783492
 20
256.58393632828245
 30
0.0
  0
SPLINE
  5
154
330
17
100
AcDbEntity
  8
ENGRAVE
100
AcDbSpline
 70
0
 71
2
 72
6
 73
3
 74
0
 40
0.0
 40
0.0
 40
0.0
 40
1.0
 40
1.0
 40
1.0
 10
81.27696815783492
 20
256.58393632828245
 30
0.0
 10
81.35500201200158
 20
256.8049617189074
 30
0.0
 10
81.45250201200157
 20
257.0389574871366
 30
0.0
  0
SPLINE
  5
155
330
17
100
AcDbEntity
  8
ENGRAVE
100
AcDbSpline
 70
0
 71
2
 72
6
 73
3
 74
0
 40
0.0
 40
0.0
 40
0.0
 40
1.0
 40
1.0
 40
1.0
 10
81.99848508491824
 20
253.6654320965116
 30
0.0
 10
81.70598508491824
 20
253.60692786474075
 30
0.0
 10
81.4849808531474
 20
253.5484447918241
 30
0.0
  0
SPLINE
  5
156
330
17
100
AcDbEntity
  8
ENGRAVE
100
AcDbSpline
 70
0
 71
2
 72
6
 73
3
 74
0
 40
0.0
 40
0.0
 40
0.0
 40
1.0
 40
1.0
 40
1.0
 10
81.69299354845991
 20
254.9459447918241
 30
0.0
 10
81.62799354845991
 20
254.78996171890742
 30
0.0
 10
81.62799354845991
 20
254.76393632828243
 30
0.0
  0
SPLINE
  5
157
330
17
100
AcDbEntity
  8
ENGRAVE
100
AcDbSpline
 70
0
 71
2
 72
6
 73
3
 74
0
 40
0.0
 40
0.0
 40
0.0
 40
1.0
 40
1.0
 40
1.0
 10
81.45250201200157
 20
257.0389574871366
 30
0.0
 10
81.55000201200157
 20
257.27295325536574
 30
0.0
 10
81.65397662137657
 20
257.4029532553658
 30
0.0
  0
SPLINE
  5
158
330
17
100
AcDbEntity
  8
ENGRAVE
100
AcDbSpline
 70
0
 71
2
 72
6
 73
3
 74
0
 40
0.0
 40
0.0
 40
0.0
 40
1.0
 40
1.0
 40
1.0
 10
81.81649778023075
 20
255.25143632828244
 30
0.0
 10
81.75799354845991
 20
255.10192786474076
 30
0.0
 10
81.69299354845991
 20
254.9459447918241
 30
0.0
  0
SPLINE
  5
159
330
17
100
AcDbEntity
  8
ENGRAVE
100
AcDbSpline
 70
0
 71
2
 72
6
 73
3
 74
0
 40
0.0
 40
0.0
 40
0.0
 40
1.0
 40
1.0
 40
1.0
 10
81.87500201200157
 20
255.4009447918241
 30
0.0
 10
81.87500201200157
 20
255.4009447918241
 30
0.0
 10
81.81649778023075
 20
255.25143632828244
 30
0.0
  0
SPLINE
  5
15A
330
17
100
AcDbEntity
  8
ENGRAVE
100
AcDbSpline
 70
0
 71
2
 72
6
 73
3
 74
0
 40
0.0
 40
0.0
 40
0.0
 40
1.0
 40
1.0
 40
1.0
 10
82.10897662137657
 20
255.82996171890744
 30
0.0
 10
81.9919681578349
 20
255.53094479182408
 30
0.0
 10
81.8879935484599
 20
255.42692786474078
 30
0.0
  0
SPLINE
  5
15B
330
17
100
AcDbEntity
  8
ENGRAVE
100
AcDbSpline
 70
0
 71
2
 72
6
 73
3
 74
0
 40
0.0
 40
0.0
 40
0.0
 40
1.0
 40
1.0
 40
1.0
 10
81.62799354845991
 20
254.76393632828243
 30
0.0
 10
81.62799354845991
 20
254.68594479182408
 30
0.0
 10
81.95299354845992
 20
254.72494056005326
 30
0.0
  0
SPLINE
  5
15C
330
17
100
AcDbEntity
  8
ENGRAVE
100
AcDbSpline
 70
0
 71
2
 72
6
 73
3
 74
0
 40
0.0
 40
0.0
 40
0.0
 40
1.0
 40
1.0
 40
1.0
 10
81.65397662137657
 20
257.4029532553658
 30
0.0
 10
81.74500201200158
 20
257.58496171890744
 30
0.0
 10
81.97250201200157
 20
257.8514574871366
 30
0.0
  0
SPLINE
  5
15D
330
17
100
AcDbEntity
  8
ENGRAVE
100
AcDbSpline
 70
0
 71
2
 72
6
 73
3
 74
0
 40
0.0
 40
0.0
 40
0.0
 40
1.0
 40
1.0
 40
1.0
 10
82.52500201200158
 20
253.7759447918241
 30
0.0
 10
82.29098508491825
 20
253.72393632828243
 30
0.0
 10
81.99848508491824
 20
253.6654320965116
 30
0.0
  0
SPLINE
  5
15E
330
17
100
AcDbEntity
  8
ENGRAVE
100
AcDbSpline
 70
0
 71
2
 72
6
 73
3
 74
0
 40
0.0
 40
0.0
 40
0.0
 40
1.0
 40
1.0
 40
1.0
 10
82.25848508491825
 20
256.14192786474075
 30
0.0
 10
82.2129935484599
 20
256.01192786474076
 30
0.0
 10
82.10897662137657
 20
255.82996171890744
 30
0.0
  0
SPLINE
  5
15F
330
17
100
AcDbEntity
  8
ENGRAVE
100
AcDbSpline
 70
0
 71
2
 72
6
 73
3
 74
0
 40
0.0
 40
0.0
 40
0.0
 40
1.0
 40
1.0
 40
1.0
 10
82.30397662137658
 20
256.27192786474075
 30
0.0
 10
82.30397662137658
 20
256.27192786474075
 30
0.0
 10
82.25848508491825
 20
256.14192786474075
 30
0.0
  0
SPLINE
  5
160
330
17
100
AcDbEntity
  8
ENGRAVE
100
AcDbSpline
 70
0
 71
2
 72
6
 73
3
 74
0
 40
0.0
 40
0.0
 40
0.0
 40
1.0
 40
1.0
 40
1.0
 10
82.3819681578349
 20
256.40192786474074
 30
0.0
 10
82.3819681578349
 20
256.27192786474075
 30
0.0
 10
82.30397662137658
 20
256.27192786474075
 30
0.0
  0
SPLINE
  5
161
330
17
100
AcDbEntity
  8
ENGRAVE
100
AcDbSpline
 70
0
 71
2
 72
6
 73
3
 74
0
 40
0.0
 40
0.0
 40
0.0
 40
1.0
 40
1.0
 40
1.0
 10
82.6029935484599
 20
256.8309447918241
 30
0.0
 10
82.3819681578349
 20
256.51893632828245
 30
0.0
 10
82.3819681578349
 20
256.40192786474074
 30
0.0
  0
SPLINE
  5
162
330
17
100
AcDbEntity
  8
ENGRAVE
100
AcDbSpline
 70
0
 71
2
 72
6
 73
3
 74
0
 40
0.0
 40
0.0
 40
0.0
 40
1.0
 40
1.0
 40
1.0
 10
81.97250201200157
 20
257.8514574871366
 30
0.0
 10
82.20000201200158
 20
258.11795325536576
 30
0.0
 10
82.46000201200158
 20
258.36494056005324
 30
0.0
  0
SPLINE
  5
163
330
17
100
AcDbEntity
  8
ENGRAVE
100
AcDbSpline
 70
0
 71
2
 72
6
 73
3
 74
0
 40
0.0
 40
0.0
 40
0.0
 40
1.0
 40
1.0
 40
1.0
 10
83.0774808531474
 20
253.9189574871366
 30
0.0
 10
82.79799354845991
 20
253.82795325536577
 30
0.0
 10
82.52500201200158
 20
253.7759447918241
 30
0.0
  0
SPLINE
  5
164
330
17
100
AcDbEntity
  8
ENGRAVE
100
AcDbSpline
 70
0
 71
2
 72
6
 73
3
 74
0
 40
0.0
 40
0.0
 40
0.0
 40
1.0
 40
1.0
 40
1.0
 10
81.95299354845992
 20
254.72494056005326
 30
0.0
 10
82.2779935484599
 20
254.76393632828243
 30
0.0
 10
82.59000201200158
 20
254.85496171890742
 30
0.0
  0
SPLINE
  5
165
330
17
100
AcDbEntity
  8
ENGRAVE
100
AcDbSpline
 70
0
 71
2
 72
6
 73
3
 74
0
 40
0.0
 40
0.0
 40
0.0
 40
1.0
 40
1.0
 40
1.0
 10
82.8174808531474
 20
257.13645748713657
 30
0.0
 10
82.74598508491825
 20
256.99996171890746
 30
0.0
 10
82.6029935484599
 20
256.8309447918241
 30
0.0
  0
SPLINE
  5
166
330
17
100
AcDbEntity
  8
ENGRAVE
100
AcDbSpline
 70
0
 71
2
 72
6
 73
3
 74
0
 40
0.0
 40
0.0
 40
0.0
 40
1.0
 40
1.0
 40
1.0
 10
82.88897662137657
 20
257.27295325536574
 30
0.0
 10
82.88897662137657
 20
257.27295325536574
 30
0.0
 10
82.8174808531474
 20
257.13645748713657
 30
0.0
  0
SPLINE
  5
167
330
17
100
AcDbEntity
  8
ENGRAVE
100
AcDbSpline
 70
0
 71
2
 72
6
 73
3
 74
0
 40
0.0
 40
0.0
 40
0.0
 40
1.0
 40
1.0
 40
1.0
 10
82.59000201200158
 20
254.85496171890742
 30
0.0
 10
82.7719681578349
 20
254.90692786474077
 30
0.0
 10
82.84998085314741
 20
254.90692786474077
 30
0.0
  0
SPLINE
  5
168
330
17
100
AcDbEntity
  8
ENGRAVE
100
AcDbSpline
 70
0
 71
2
 72
6
 73
3
 74
0
 40
0.0
 40
0.0
 40
0.0
 40
1.0
 40
1.0
 40
1.0
 10
82.46000201200158
 20
258.36494056005324
 30
0.0
 10
82.72000201200157
 20
258.6119278647408
 30
0.0
 10
82.87598508491824
 20
258.72893632828243
 30
0.0
  0
SPLINE
  5
169
330
17
100
AcDbEntity
  8
ENGRAVE
100
AcDbSpline
 70
0
 71
2
 72
6
 73
3
 74
0
 40
0.0
 40
0.0
 40
0.0
 40
1.0
 40
1.0
 40
1.0
 10
83.03848508491825
 20
257.50045325536576
 30
0.0
 10
82.88897662137657
 20
257.3379532553658
 30
0.0
 10
82.88897662137657
 20
257.27295325536574
 30
0.0
  0
SPLINE
  5
16A
330
17
100
AcDbEntity
  8
ENGRAVE
100
AcDbSpline
 70
0
 71
2
 72
6
 73
3
 74
0
 40
0.0
 40
0.0
 40
0.0
 40
1.0
 40
1.0
 40
1.0
 10
83.35698931668908
 20
257.8189574871366
 30
0.0
 10
83.18799354845991
 20
257.6629532553658
 30
0.0
 10
83.03848508491825
 20
257.50045325536576
 30
0.0
  0
SPLINE
  5
16B
330
17
100
AcDbEntity
  8
ENGRAVE
100
AcDbSpline
 70
0
 71
2
 72
6
 73
3
 74
0
 40
0.0
 40
0.0
 40
0.0
 40
1.0
 40
1.0
 40
1.0
 10
83.37000201200158
 20
254.06192786474077
 30
0.0
 10
83.35696815783491
 20
254.00996171890742
 30
0.0
 10
83.0774808531474
 20
253.9189574871366
 30
0.0
  0
SPLINE
  5
16C
330
17
100
AcDbEntity
  8
ENGRAVE
100
AcDbSpline
 70
0
 71
2
 72
6
 73
3
 74
0
 40
0.0
 40
0.0
 40
0.0
 40
1.0
 40
1.0
 40
1.0
 10
82.84998085314741
 20
254.90692786474077
 30
0.0
 10
82.92799354845991
 20
254.90692786474077
 30
0.0
 10
83.09696815783491
 20
254.85496171890742
 30
0.0
  0
SPLINE
  5
16D
330
17
100
AcDbEntity
  8
ENGRAVE
100
AcDbSpline
 70
0
 71
2
 72
6
 73
3
 74
0
 40
0.0
 40
0.0
 40
0.0
 40
1.0
 40
1.0
 40
1.0
 10
83.09696815783491
 20
254.85496171890742
 30
0.0
 10
83.20098508491824
 20
254.78996171890742
 30
0.0
 10
83.26598508491824
 20
254.62746171890743
 30
0.0
  0
SPLINE
  5
16E
330
17
100
AcDbEntity
  8
ENGRAVE
100
AcDbSpline
 70
0
 71
2
 72
6
 73
3
 74
0
 40
0.0
 40
0.0
 40
0.0
 40
1.0
 40
1.0
 40
1.0
 10
83.57799354845992
 20
258.0009447918241
 30
0.0
 10
83.52598508491825
 20
257.9749617189074
 30
0.0
 10
83.35698931668908
 20
257.8189574871366
 30
0.0
  0
SPLINE
  5
16F
330
17
100
AcDbEntity
  8
ENGRAVE
100
AcDbSpline
 70
0
 71
2
 72
6
 73
3
 74
0
 40
0.0
 40
0.0
 40
0.0
 40
1.0
 40
1.0
 40
1.0
 10
83.26598508491824
 20
254.62746171890743
 30
0.0
 10
83.33098508491824
 20
254.46496171890743
 30
0.0
 10
83.36348508491824
 20
254.30246171890744
 30
0.0
  0
SPLINE
  5
170
330
17
100
AcDbEntity
  8
ENGRAVE
100
AcDbSpline
 70
0
 71
2
 72
6
 73
3
 74
0
 40
0.0
 40
0.0
 40
0.0
 40
1.0
 40
1.0
 40
1.0
 10
83.36348508491824
 20
254.30246171890744
 30
0.0
 10
83.39598508491824
 20
254.13996171890741
 30
0.0
 10
83.37000201200158
 20
254.06192786474077
 30
0.0
  0
SPLINE
  5
171
330
17
100
AcDbEntity
  8
ENGRAVE
100
AcDbSpline
 70
0
 71
2
 72
6
 73
3
 74
0
 40
0.0
 40
0.0
 40
0.0
 40
1.0
 40
1.0
 40
1.0
 10
82.87598508491824
 20
258.72893632828243
 30
0.0
 10
83.1619681578349
 20
258.87192786474077
 30
0.0
 10
83.40897662137658
 20
258.9629320965116
 30
0.0
  0
SPLINE
  5
172
330
17
100
AcDbEntity
  8
ENGRAVE
100
AcDbSpline
 70
0
 71
2
 72
6
 73
3
 74
0
 40
0.0
 40
0.0
 40
0.0
 40
1.0
 40
1.0
 40
1.0
 10
83.4804935484599
 20
250.86393632828242
 30
0.0
 10
83.43500201200156
 20
251.07192786474076
 30
0.0
 10
83.4479935484599
 20
251.2734447918241
 30
0.0
  0
SPLINE
  5
173
330
17
100
AcDbEntity
  8
ENGRAVE
100
AcDbSpline
 70
0
 71
2
 72
6
 73
3
 74
0
 40
0.0
 40
0.0
 40
0.0
 40
1.0
 40
1.0
 40
1.0
 10
83.63000201200157
 20
250.55192786474075
 30
0.0
 10
83.52598508491823
 20
250.65594479182408
 30
0.0
 10
83.4804935484599
 20
250.86393632828242
 30
0.0
  0
SPLINE
  5
174
330
17
100
AcDbEntity
  8
ENGRAVE
100
AcDbSpline
 70
0
 71
2
 72
6
 73
3
 74
0
 40
0.0
 40
0.0
 40
0.0
 40
1.0
 40
1.0
 40
1.0
 10
83.4479935484599
 20
251.2734447918241
 30
0.0
 10
83.46098508491824
 20
251.47496171890742
 30
0.0
 10
83.5129935484599
 20
251.57893632828242
 30
0.0
  0
SPLINE
  5
175
330
17
100
AcDbEntity
  8
ENGRAVE
100
AcDbSpline
 70
0
 71
2
 72
6
 73
3
 74
0
 40
0.0
 40
0.0
 40
0.0
 40
1.0
 40
1.0
 40
1.0
 10
83.5129935484599
 20
251.57893632828242
 30
0.0
 10
83.5129935484599
 20
251.68295325536576
 30
0.0
 10
83.5454935484599
 20
251.74145748713659
 30
0.0
  0
SPLINE
  5
176
330
17
100
AcDbEntity
  8
ENGRAVE
100
AcDbSpline
 70
0
 71
2
 72
6
 73
3
 74
0
 40
0.0
 40
0.0
 40
0.0
 40
1.0
 40
1.0
 40
1.0
 10
83.5454935484599
 20
251.74145748713659
 30
0.0
 10
83.5779935484599
 20
251.79996171890744
 30
0.0
 10
83.56500201200157
 20
251.85192786474076
 30
0.0
  0
SPLINE
  5
177
330
17
100
AcDbEntity
  8
ENGRAVE
100
AcDbSpline
 70
0
 71
2
 72
6
 73
3
 74
0
 40
0.0
 40
0.0
 40
0.0
 40
1.0
 40
1.0
 40
1.0
 10
83.90948931668908
 20
257.8709447918241
 30
0.0
 10
83.86397662137658
 20
258.02692786474074
 30
0.0
 10
83.57799354845992
 20
258.0009447918241
 30
0.0
  0
SPLINE
  5
178
330
17
100
AcDbEntity
  8
ENGRAVE
100
AcDbSpline
 70
0
 71
2
 72
6
 73
3
 74
0
 40
0.0
 40
0.0
 40
0.0
 40
1.0
 40
1.0
 40
1.0
 10
83.56500201200157
 20
251.85192786474076
 30
0.0
 10
83.5519681578349
 20
251.90393632828244
 30
0.0
 10
83.59098508491823
 20
252.03393632828244
 30
0.0
  0
SPLINE
  5
179
330
17
100
AcDbEntity
  8
ENGRAVE
100
AcDbSpline
 70
0
 71
2
 72
6
 73
3
 74
0
 40
0.0
 40
0.0
 40
0.0
 40
1.0
 40
1.0
 40
1.0
 10
84.14348508491824
 20
250.3959447918241
 30
0.0
 10
83.85098508491824
 20
250.30496171890744
 30
0.0
 10
83.63000201200157
 20
250.55192786474075
 30
0.0
  0
SPLINE
  5
17A
330
17
100
AcDbEntity
  8
ENGRAVE
100
AcDbSpline
 70
0
 71
2
 72
6
 73
3
 74
0
 40
0.0
 40
0.0
 40
0.0
 40
1.0
 40
1.0
 40
1.0
 10
83.79899778023074
 20
256.54494056005325
 30
0.0
 10
83.63000201200157
 20
256.58393632828245
 30
0.0
 10
83.63000201200157
 20
256.77893632828244
 30
0.0
  0
SPLINE
  5
17B
330
17
100
AcDbEntity
  8
ENGRAVE
100
AcDbSpline
 70
0
 71
2
 72
6
 73
3
 74
0
 40
0.0
 40
0.0
 40
0.0
 40
1.0
 40
1.0
 40
1.0
 10
83.63000201200157
 20
256.77893632828244
 30
0.0
 10
83.63000201200157
 20
256.8699617189074
 30
0.0
 10
83.63649778023074
 20
256.94795325536575
 30
0.0
  0
SPLINE
  5
17C
330
17
100
AcDbEntity
  8
ENGRAVE
100
AcDbSpline
 70
0
 71
2
 72
6
 73
3
 74
0
 40
0.0
 40
0.0
 40
0.0
 40
1.0
 40
1.0
 40
1.0
 10
83.63649778023074
 20
256.94795325536575
 30
0.0
 10
83.64299354845991
 20
257.0259447918241
 30
0.0
 10
83.64299354845991
 20
257.0259447918241
 30
0.0
  0
SPLINE
  5
17D
330
17
100
AcDbEntity
  8
ENGRAVE
100
AcDbSpline
 70
0
 71
2
 72
6
 73
3
 74
0
 40
0.0
 40
0.0
 40
0.0
 40
1.0
 40
1.0
 40
1.0
 10
83.59098508491823
 20
252.03393632828244
 30
0.0
 10
83.63000201200157
 20
252.16393632828243
 30
0.0
 10
83.66897662137657
 20
252.28094479182408
 30
0.0
  0
SPLINE
  5
17E
330
17
100
AcDbEntity
  8
ENGRAVE
100
AcDbSpline
 70
0
 71
2
 72
6
 73
3
 74
0
 40
0.0
 40
0.0
 40
0.0
 40
1.0
 40
1.0
 40
1.0
 10
84.12397662137657
 20
256.59692786474074
 30
0.0
 10
83.9679935484599
 20
256.5059447918241
 30
0.0
 10
83.79899778023074
 20
256.54494056005325
 30
0.0
  0
SPLINE
  5
17F
330
17
100
AcDbEntity
  8
ENGRAVE
100
AcDbSpline
 70
0
 71
2
 72
6
 73
3
 74
0
 40
0.0
 40
0.0
 40
0.0
 40
1.0
 40
1.0
 40
1.0
 10
83.64299354845991
 20
257.0259447918241
 30
0.0
 10
83.72098508491824
 20
257.3509447918241
 30
0.0
 10
83.85098508491824
 20
257.54594479182407
 30
0.0
  0
SPLINE
  5
180
330
17
100
AcDbEntity
  8
ENGRAVE
100
AcDbSpline
 70
0
 71
2
 72
6
 73
3
 74
0
 40
0.0
 40
0.0
 40
0.0
 40
1.0
 40
1.0
 40
1.0
 10
83.66897662137657
 20
252.28094479182408
 30
0.0
 10
83.76000201200156
 20
252.48893632828242
 30
0.0
 10
83.87698931668906
 20
252.82043209651158
 30
0.0
  0
SPLINE
  5
181
330
17
100
AcDbEntity
  8
ENGRAVE
100
AcDbSpline
 70
0
 71
2
 72
6
 73
3
 74
0
 40
0.0
 40
0.0
 40
0.0
 40
1.0
 40
1.0
 40
1.0
 10
83.85098508491824
 20
257.54594479182407
 30
0.0
 10
83.95500201200157
 20
257.71496171890743
 30
0.0
 10
83.90948931668908
 20
257.8709447918241
 30
0.0
  0
SPLINE
  5
182
330
17
100
AcDbEntity
  8
ENGRAVE
100
AcDbSpline
 70
0
 71
2
 72
6
 73
3
 74
0
 40
0.0
 40
0.0
 40
0.0
 40
1.0
 40
1.0
 40
1.0
 10
83.40897662137658
 20
258.9629320965116
 30
0.0
 10
83.65598508491824
 20
259.0539363282824
 30
0.0
 10
83.92897662137658
 20
259.0539363282824
 30
0.0
  0
SPLINE
  5
183
330
17
100
AcDbEntity
  8
ENGRAVE
100
AcDbSpline
 70
0
 71
2
 72
6
 73
3
 74
0
 40
0.0
 40
0.0
 40
0.0
 40
1.0
 40
1.0
 40
1.0
 10
83.87698931668906
 20
252.82043209651158
 30
0.0
 10
83.99397662137656
 20
253.15192786474077
 30
0.0
 10
84.11098508491823
 20
253.49643632828244
 30
0.0
  0
SPLINE
  5
184
330
17
100
AcDbEntity
  8
ENGRAVE
100
AcDbSpline
 70
0
 71
2
 72
6
 73
3
 74
0
 40
0.0
 40
0.0
 40
0.0
 40
1.0
 40
1.0
 40
1.0
 10
84.37098508491825
 20
256.8504532553658
 30
0.0
 10
84.20196815783491
 20
256.6099617189074
 30
0.0
 10
84.12397662137657
 20
256.59692786474074
 30
0.0
  0
SPLINE
  5
185
330
17
100
AcDbEntity
  8
ENGRAVE
100
AcDbSpline
 70
0
 71
2
 72
6
 73
3
 74
0
 40
0.0
 40
0.0
 40
0.0
 40
1.0
 40
1.0
 40
1.0
 10
84.5529935484599
 20
251.01996171890744
 30
0.0
 10
84.43598508491823
 20
250.48692786474075
 30
0.0
 10
84.14348508491824
 20
250.3959447918241
 30
0.0
  0
SPLINE
  5
186
330
17
100
AcDbEntity
  8
ENGRAVE
100
AcDbSpline
 70
0
 71
2
 72
6
 73
3
 74
0
 40
0.0
 40
0.0
 40
0.0
 40
1.0
 40
1.0
 40
1.0
 10
84.11098508491823
 20
253.49643632828244
 30
0.0
 10
84.2279935484599
 20
253.84094479182409
 30
0.0
 10
84.30598508491823
 20
254.09444902359493
 30
0.0
  0
SPLINE
  5
187
330
17
100
AcDbEntity
  8
ENGRAVE
100
AcDbSpline
 70
0
 71
2
 72
6
 73
3
 74
0
 40
0.0
 40
0.0
 40
0.0
 40
1.0
 40
1.0
 40
1.0
 10
83.92897662137658
 20
259.0539363282824
 30
0.0
 10
84.17598508491824
 20
259.0539363282824
 30
0.0
 10
84.36448931668907
 20
258.9434447918241
 30
0.0
  0
SPLINE
  5
188
330
17
100
AcDbEntity
  8
ENGRAVE
100
AcDbSpline
 70
0
 71
2
 72
6
 73
3
 74
0
 40
0.0
 40
0.0
 40
0.0
 40
1.0
 40
1.0
 40
1.0
 10
84.72198931668908
 20
257.39643632828245
 30
0.0
 10
84.54000201200158
 20
257.0909447918241
 30
0.0
 10
84.37098508491825
 20
256.8504532553658
 30
0.0
  0
SPLINE
  5
189
330
17
100
AcDbEntity
  8
ENGRAVE
100
AcDbSpline
 70
0
 71
2
 72
6
 73
3
 74
0
 40
0.0
 40
0.0
 40
0.0
 40
1.0
 40
1.0
 40
1.0
 10
84.30598508491823
 20
254.09444902359493
 30
0.0
 10
84.38397662137656
 20
254.34795325536575
 30
0.0
 10
84.3969681578349
 20
254.39996171890743
 30
0.0
  0
SPLINE
  5
18A
330
17
100
AcDbEntity
  8
ENGRAVE
100
AcDbSpline
 70
0
 71
2
 72
6
 73
3
 74
0
 40
0.0
 40
0.0
 40
0.0
 40
1.0
 40
1.0
 40
1.0
 10
84.65698931668906
 20
251.3059447918241
 30
0.0
 10
84.6179935484599
 20
251.12393632828244
 30
0.0
 10
84.5529935484599
 20
251.01996171890744
 30
0.0
  0
SPLINE
  5
18B
330
17
100
AcDbEntity
  8
ENGRAVE
100
AcDbSpline
 70
0
 71
2
 72
6
 73
3
 74
0
 40
0.0
 40
0.0
 40
0.0
 40
1.0
 40
1.0
 40
1.0
 10
84.3969681578349
 20
254.39996171890743
 30
0.0
 10
84.3969681578349
 20
254.5559447918241
 30
0.0
 10
84.60500201200156
 20
254.56893632828243
 30
0.0
  0
SPLINE
  5
18C
330
17
100
AcDbEntity
  8
ENGRAVE
100
AcDbSpline
 70
0
 71
2
 72
6
 73
3
 74
0
 40
0.0
 40
0.0
 40
0.0
 40
1.0
 40
1.0
 40
1.0
 10
84.72198931668906
 20
251.6634447918241
 30
0.0
 10
84.69598508491823
 20
251.48795325536577
 30
0.0
 10
84.65698931668906
 20
251.3059447918241
 30
0.0
  0
SPLINE
  5
18D
330
17
100
AcDbEntity
  8
ENGRAVE
100
AcDbSpline
 70
0
 71
2
 72
6
 73
3
 74
0
 40
0.0
 40
0.0
 40
0.0
 40
1.0
 40
1.0
 40
1.0
 10
84.77397662137656
 20
251.90393632828244
 30
0.0
 10
84.7479935484599
 20
251.83893632828241
 30
0.0
 10
84.72198931668906
 20
251.6634447918241
 30
0.0
  0
SPLINE
  5
18E
330
17
100
AcDbEntity
  8
ENGRAVE
100
AcDbSpline
 70
0
 71
2
 72
6
 73
3
 74
0
 40
0.0
 40
0.0
 40
0.0
 40
1.0
 40
1.0
 40
1.0
 10
84.99500201200158
 20
257.9099617189074
 30
0.0
 10
84.90397662137657
 20
257.70192786474075
 30
0.0
 10
84.72198931668908
 20
257.39643632828245
 30
0.0
  0
SPLINE
  5
18F
330
17
100
AcDbEntity
  8
ENGRAVE
100
AcDbSpline
 70
0
 71
2
 72
6
 73
3
 74
0
 40
0.0
 40
0.0
 40
0.0
 40
1.0
 40
1.0
 40
1.0
 10
84.7674808531474
 20
256.15494056005326
 30
0.0
 10
84.70897662137656
 20
256.38893632828245
 30
0.0
 10
84.76098508491823
 20
256.42795325536576
 30
0.0
  0
SPLINE
  5
190
330
17
100
AcDbEntity
  8
ENGRAVE
100
AcDbSpline
 70
0
 71
2
 72
6
 73
3
 74
0
 40
0.0
 40
0.0
 40
0.0
 40
1.0
 40
1.0
 40
1.0
 10
85.03397662137657
 20
255.76496171890741
 30
0.0
 10
84.82598508491823
 20
255.9209447918241
 30
0.0
 10
84.7674808531474
 20
256.15494056005326
 30
0.0
  0
SPLINE
  5
191
330
17
100
AcDbEntity
  8
ENGRAVE
100
AcDbSpline
 70
0
 71
2
 72
6
 73
3
 74
0
 40
0.0
 40
0.0
 40
0.0
 40
1.0
 40
1.0
 40
1.0
 10
84.8974808531474
 20
252.2614574871366
 30
0.0
 10
84.82598508491823
 20
252.07295325536577
 30
0.0
 10
84.77397662137656
 20
251.90393632828244
 30
0.0
  0
SPLINE
  5
192
330
17
100
AcDbEntity
  8
ENGRAVE
100
AcDbSpline
 70
0
 71
2
 72
6
 73
3
 74
0
 40
0.0
 40
0.0
 40
0.0
 40
1.0
 40
1.0
 40
1.0
 10
85.02098508491824
 20
252.55393632828242
 30
0.0
 10
84.96897662137657
 20
252.44996171890742
 30
0.0
 10
84.8974808531474
 20
252.2614574871366
 30
0.0
  0
SPLINE
  5
193
330
17
100
AcDbEntity
  8
ENGRAVE
100
AcDbSpline
 70
0
 71
2
 72
6
 73
3
 74
0
 40
0.0
 40
0.0
 40
0.0
 40
1.0
 40
1.0
 40
1.0
 10
84.36448931668907
 20
258.9434447918241
 30
0.0
 10
84.55299354845991
 20
258.83295325536574
 30
0.0
 10
84.93000201200158
 20
258.4949617189074
 30
0.0
  0
SPLINE
  5
194
330
17
100
AcDbEntity
  8
ENGRAVE
100
AcDbSpline
 70
0
 71
2
 72
6
 73
3
 74
0
 40
0.0
 40
0.0
 40
0.0
 40
1.0
 40
1.0
 40
1.0
 10
84.60500201200156
 20
254.56893632828243
 30
0.0
 10
84.76098508491823
 20
254.6209447918241
 30
0.0
 10
84.98198931668907
 20
254.43893632828244
 30
0.0
  0
SPLINE
  5
195
330
17
100
AcDbEntity
  8
ENGRAVE
100
AcDbSpline
 70
0
 71
2
 72
6
 73
3
 74
0
 40
0.0
 40
0.0
 40
0.0
 40
1.0
 40
1.0
 40
1.0
 10
84.76098508491823
 20
256.42795325536576
 30
0.0
 10
84.89098508491823
 20
256.5709447918241
 30
0.0
 10
84.98848508491824
 20
256.80494056005324
 30
0.0
  0
SPLINE
  5
196
330
17
100
AcDbEntity
  8
ENGRAVE
100
AcDbSpline
 70
0
 71
2
 72
6
 73
3
 74
0
 40
0.0
 40
0.0
 40
0.0
 40
1.0
 40
1.0
 40
1.0
 10
85.06000201200158
 20
258.16994056005325
 30
0.0
 10
85.06000201200158
 20
258.01393632828245
 30
0.0
 10
84.99500201200158
 20
257.9099617189074
 30
0.0
  0
SPLINE
  5
197
330
17
100
AcDbEntity
  8
ENGRAVE
100
AcDbSpline
 70
0
 71
2
 72
6
 73
3
 74
0
 40
0.0
 40
0.0
 40
0.0
 40
1.0
 40
1.0
 40
1.0
 10
85.11848508491823
 20
252.95045325536577
 30
0.0
 10
85.0469681578349
 20
252.70996171890744
 30
0.0
 10
85.02098508491824
 20
252.55393632828242
 30
0.0
  0
SPLINE
  5
198
330
17
100
AcDbEntity
  8
ENGRAVE
100
AcDbSpline
 70
0
 71
2
 72
6
 73
3
 74
0
 40
0.0
 40
0.0
 40
0.0
 40
1.0
 40
1.0
 40
1.0
 10
85.5149808531474
 20
255.7064574871366
 30
0.0
 10
85.21598508491823
 20
255.63496171890742
 30
0.0
 10
85.03397662137657
 20
255.76496171890741
 30
0.0
  0
SPLINE
  5
199
330
17
100
AcDbEntity
  8
ENGRAVE
100
AcDbSpline
 70
0
 71
2
 72
6
 73
3
 74
0
 40
0.0
 40
0.0
 40
0.0
 40
1.0
 40
1.0
 40
1.0
 10
84.93000201200158
 20
258.4949617189074
 30
0.0
 10
85.06000201200158
 20
258.3259447918241
 30
0.0
 10
85.06000201200158
 20
258.16994056005325
 30
0.0
  0
SPLINE
  5
19A
330
17
100
AcDbEntity
  8
ENGRAVE
100
AcDbSpline
 70
0
 71
2
 72
6
 73
3
 74
0
 40
0.0
 40
0.0
 40
0.0
 40
1.0
 40
1.0
 40
1.0
 10
85.2419681578349
 20
253.29496171890742
 30
0.0
 10
85.19000201200157
 20
253.1909447918241
 30
0.0
 10
85.11848508491823
 20
252.95045325536577
 30
0.0
  0
SPLINE
  5
19B
330
17
100
AcDbEntity
  8
ENGRAVE
100
AcDbSpline
 70
0
 71
2
 72
6
 73
3
 74
0
 40
0.0
 40
0.0
 40
0.0
 40
1.0
 40
1.0
 40
1.0
 10
84.98848508491824
 20
256.80494056005324
 30
0.0
 10
85.08598508491824
 20
257.03893632828243
 30
0.0
 10
85.2029935484599
 20
257.2339363282824
 30
0.0
  0
SPLINE
  5
19C
330
17
100
AcDbEntity
  8
ENGRAVE
100
AcDbSpline
 70
0
 71
2
 72
6
 73
3
 74
0
 40
0.0
 40
0.0
 40
0.0
 40
1.0
 40
1.0
 40
1.0
 10
85.41098508491824
 20
253.7759447918241
 30
0.0
 10
85.38500201200156
 20
253.60692786474075
 30
0.0
 10
85.2419681578349
 20
253.29496171890742
 30
0.0
  0
SPLINE
  5
19D
330
17
100
AcDbEntity
  8
ENGRAVE
100
AcDbSpline
 70
0
 71
2
 72
6
 73
3
 74
0
 40
0.0
 40
0.0
 40
0.0
 40
1.0
 40
1.0
 40
1.0
 10
85.2029935484599
 20
257.2339363282824
 30
0.0
 10
85.22897662137656
 20
257.27295325536574
 30
0.0
 10
85.27448931668907
 20
257.3444490235949
 30
0.0
  0
SPLINE
  5
19E
330
17
100
AcDbEntity
  8
ENGRAVE
100
AcDbSpline
 70
0
 71
2
 72
6
 73
3
 74
0
 40
0.0
 40
0.0
 40
0.0
 40
1.0
 40
1.0
 40
1.0
 10
84.98198931668907
 20
254.43893632828244
 30
0.0
 10
85.2029935484599
 20
254.25692786474076
 30
0.0
 10
85.3329935484599
 20
254.04893632828242
 30
0.0
  0
SPLINE
  5
19F
330
17
100
AcDbEntity
  8
ENGRAVE
100
AcDbSpline
 70
0
 71
2
 72
6
 73
3
 74
0
 40
0.0
 40
0.0
 40
0.0
 40
1.0
 40
1.0
 40
1.0
 10
85.27448931668907
 20
257.3444490235949
 30
0.0
 10
85.32000201200157
 20
257.4159447918241
 30
0.0
 10
85.3719681578349
 20
257.4289363282824
 30
0.0
  0
SPLINE
  5
1A0
330
17
100
AcDbEntity
  8
ENGRAVE
100
AcDbSpline
 70
0
 71
2
 72
6
 73
3
 74
0
 40
0.0
 40
0.0
 40
0.0
 40
1.0
 40
1.0
 40
1.0
 10
85.3329935484599
 20
254.04893632828242
 30
0.0
 10
85.4369681578349
 20
253.94496171890742
 30
0.0
 10
85.41098508491824
 20
253.7759447918241
 30
0.0
  0
SPLINE
  5
1A1
330
17
100
AcDbEntity
  8
ENGRAVE
100
AcDbSpline
 70
0
 71
2
 72
6
 73
3
 74
0
 40
0.0
 40
0.0
 40
0.0
 40
1.0
 40
1.0
 40
1.0
 10
86.00897662137656
 20
256.0379532553658
 30
0.0
 10
85.81397662137657
 20
255.77795325536576
 30
0.0
 10
85.5149808531474
 20
255.7064574871366
 30
0.0
  0
SPLINE
  5
1A2
330
17
100
AcDbEntity
  8
ENGRAVE
100
AcDbSpline
 70
0
 71
2
 72
6
 73
3
 74
0
 40
0.0
 40
0.0
 40
0.0
 40
1.0
 40
1.0
 40
1.0
 10
85.3719681578349
 20
257.4289363282824
 30
0.0
 10
85.5279935484599
 20
257.5329532553658
 30
0.0
 10
85.8074808531474
 20
257.4159447918241
 30
0.0
  0
SPLINE
  5
1A3
330
17
100
AcDbEntity
  8
ENGRAVE
100
AcDbSpline
 70
0
 71
2
 72
6
 73
3
 74
0
 40
0.0
 40
0.0
 40
0.0
 40
1.0
 40
1.0
 40
1.0
 10
86.2169681578349
 20
257.0909447918241
 30
0.0
 10
86.45098508491823
 20
256.5709447918241
 30
0.0
 10
86.00897662137656
 20
256.0379532553658
 30
0.0
  0
SPLINE
  5
1A4
330
17
100
AcDbEntity
  8
ENGRAVE
100
AcDbSpline
 70
0
 71
2
 72
6
 73
3
 74
0
 40
0.0
 40
0.0
 40
0.0
 40
1.0
 40
1.0
 40
1.0
 10
86.1519681578349
 20
251.44244056005326
 30
0.0
 10
86.03495969429324
 20
251.81295325536576
 30
0.0
 10
86.11299354845991
 20
252.44996171890742
 30
0.0
  0
SPLINE
  5
1A5
330
17
100
AcDbEntity
  8
ENGRAVE
100
AcDbSpline
 70
0
 71
2
 72
6
 73
3
 74
0
 40
0.0
 40
0.0
 40
0.0
 40
1.0
 40
1.0
 40
1.0
 10
86.39897662137658
 20
250.90295325536576
 30
0.0
 10
86.26897662137658
 20
251.07192786474076
 30
0.0
 10
86.1519681578349
 20
251.44244056005326
 30
0.0
  0
SPLINE
  5
1A6
330
17
100
AcDbEntity
  8
ENGRAVE
100
AcDbSpline
 70
0
 71
2
 72
6
 73
3
 74
0
 40
0.0
 40
0.0
 40
0.0
 40
1.0
 40
1.0
 40
1.0
 10
85.8074808531474
 20
257.4159447918241
 30
0.0
 10
86.0869681578349
 20
257.2989363282824
 30
0.0
 10
86.2169681578349
 20
257.0909447918241
 30
0.0
  0
SPLINE
  5
1A7
330
17
100
AcDbEntity
  8
ENGRAVE
100
AcDbSpline
 70
0
 71
2
 72
6
 73
3
 74
0
 40
0.0
 40
0.0
 40
0.0
 40
1.0
 40
1.0
 40
1.0
 10
87.00998085314741
 20
250.45444902359492
 30
0.0
 10
86.63299354845991
 20
250.60393632828243
 30
0.0
 10
86.39897662137658
 20
250.90295325536576
 30
0.0
  0
SPLINE
  5
1A8
330
17
100
AcDbEntity
  8
ENGRAVE
100
AcDbSpline
 70
0
 71
2
 72
6
 73
3
 74
0
 40
0.0
 40
0.0
 40
0.0
 40
1.0
 40
1.0
 40
1.0
 10
86.11299354845991
 20
252.44996171890742
 30
0.0
 10
86.19098508491824
 20
253.04795325536577
 30
0.0
 10
86.48348508491824
 20
253.6589574871366
 30
0.0
  0
SPLINE
  5
1A9
330
17
100
AcDbEntity
  8
ENGRAVE
100
AcDbSpline
 70
0
 71
2
 72
6
 73
3
 74
0
 40
0.0
 40
0.0
 40
0.0
 40
1.0
 40
1.0
 40
1.0
 10
87.82248085314741
 20
250.33746171890743
 30
0.0
 10
87.3869681578349
 20
250.30496171890744
 30
0.0
 10
87.00998085314741
 20
250.45444902359492
 30
0.0
  0
SPLINE
  5
1AA
330
17
100
AcDbEntity
  8
ENGRAVE
100
AcDbSpline
 70
0
 71
2
 72
6
 73
3
 74
0
 40
0.0
 40
0.0
 40
0.0
 40
1.0
 40
1.0
 40
1.0
 10
87.23745969429324
 20
252.59295325536576
 30
0.0
 10
87.13995969429324
 20
252.46295325536576
 30
0.0
 10
87.1529935484599
 20
252.0859447918241
 30
0.0
  0
SPLINE
  5
1AB
330
17
100
AcDbEntity
  8
ENGRAVE
100
AcDbSpline
 70
0
 71
2
 72
6
 73
3
 74
0
 40
0.0
 40
0.0
 40
0.0
 40
1.0
 40
1.0
 40
1.0
 10
86.48348508491824
 20
253.6589574871366
 30
0.0
 10
86.77598508491825
 20
254.26996171890744
 30
0.0
 10
87.2049808531474
 20
254.73795325536577
 30
0.0
  0
SPLINE
  5
1AC
330
17
100
AcDbEntity
  8
ENGRAVE
100
AcDbSpline
 70
0
 71
2
 72
6
 73
3
 74
0
 40
0.0
 40
0.0
 40
0.0
 40
1.0
 40
1.0
 40
1.0
 10
87.6469681578349
 20
252.65795325536575
 30
0.0
 10
87.33495969429325
 20
252.72295325536575
 30
0.0
 10
87.23745969429324
 20
252.59295325536576
 30
0.0
  0
SPLINE
  5
1AD
330
17
100
AcDbEntity
  8
ENGRAVE
100
AcDbSpline
 70
0
 71
2
 72
6
 73
3
 74
0
 40
0.0
 40
0.0
 40
0.0
 40
1.0
 40
1.0
 40
1.0
 10
87.1529935484599
 20
252.0859447918241
 30
0.0
 10
87.17897662137658
 20
251.85192786474076
 30
0.0
 10
87.26348508491824
 20
251.67643632828242
 30
0.0
  0
SPLINE
  5
1AE
330
17
100
AcDbEntity
  8
ENGRAVE
100
AcDbSpline
 70
0
 71
2
 72
6
 73
3
 74
0
 40
0.0
 40
0.0
 40
0.0
 40
1.0
 40
1.0
 40
1.0
 10
87.26348508491824
 20
251.67643632828242
 30
0.0
 10
87.34799354845991
 20
251.50094479182408
 30
0.0
 10
87.58196815783491
 20
251.43594479182408
 30
0.0
  0
SPLINE
  5
1AF
330
17
100
AcDbEntity
  8
ENGRAVE
100
AcDbSpline
 70
0
 71
2
 72
6
 73
3
 74
0
 40
0.0
 40
0.0
 40
0.0
 40
1.0
 40
1.0
 40
1.0
 10
87.82897662137657
 20
253.91244056005326
 30
0.0
 10
87.65995969429324
 20
253.7109447918241
 30
0.0
 10
87.6079935484599
 20
253.60692786474075
 30
0.0
  0
SPLINE
  5
1B0
330
17
100
AcDbEntity
  8
ENGRAVE
100
AcDbSpline
 70
0
 71
2
 72
6
 73
3
 74
0
 40
0.0
 40
0.0
 40
0.0
 40
1.0
 40
1.0
 40
1.0
 10
88.46596392606408
 20
252.57994056005327
 30
0.0
 10
88.1669681578349
 20
252.55393632828242
 30
0.0
 10
87.6469681578349
 20
252.65795325536575
 30
0.0
  0
SPLINE
  5
1B1
330
17
100
AcDbEntity
  8
ENGRAVE
100
AcDbSpline
 70
0
 71
2
 72
6
 73
3
 74
0
 40
0.0
 40
0.0
 40
0.0
 40
1.0
 40
1.0
 40
1.0
 10
88.64799354845991
 20
250.59094479182409
 30
0.0
 10
88.25799354845991
 20
250.36996171890743
 30
0.0
 10
87.82248085314741
 20
250.33746171890743
 30
0.0
  0
SPLINE
  5
1B2
330
17
100
AcDbEntity
  8
ENGRAVE
100
AcDbSpline
 70
0
 71
2
 72
6
 73
3
 74
0
 40
0.0
 40
0.0
 40
0.0
 40
1.0
 40
1.0
 40
1.0
 10
88.19948931668907
 20
254.2959447918241
 30
0.0
 10
87.9979935484599
 20
254.11393632828242
 30
0.0
 10
87.82897662137657
 20
253.91244056005326
 30
0.0
  0
SPLINE
  5
1B3
330
17
100
AcDbEntity
  8
ENGRAVE
100
AcDbSpline
 70
0
 71
2
 72
6
 73
3
 74
0
 40
0.0
 40
0.0
 40
0.0
 40
1.0
 40
1.0
 40
1.0
 10
87.6079935484599
 20
253.60692786474075
 30
0.0
 10
87.67299354845991
 20
253.5159447918241
 30
0.0
 10
87.97848508491825
 20
253.47694902359493
 30
0.0
  0
SPLINE
  5
1B4
330
17
100
AcDbEntity
  8
ENGRAVE
100
AcDbSpline
 70
0
 71
2
 72
6
 73
3
 74
0
 40
0.0
 40
0.0
 40
0.0
 40
1.0
 40
1.0
 40
1.0
 10
87.58196815783491
 20
251.43594479182408
 30
0.0
 10
87.88098508491824
 20
251.38393632828243
 30
0.0
 10
88.01098508491825
 20
251.42944902359494
 30
0.0
  0
SPLINE
  5
1B5
330
17
100
AcDbEntity
  8
ENGRAVE
100
AcDbSpline
 70
0
 71
2
 72
6
 73
3
 74
0
 40
0.0
 40
0.0
 40
0.0
 40
1.0
 40
1.0
 40
1.0
 10
87.2049808531474
 20
254.73795325536577
 30
0.0
 10
87.63397662137658
 20
255.2059447918241
 30
0.0
 10
88.14098508491824
 20
255.37496171890743
 30
0.0
  0
SPLINE
  5
1B6
330
17
100
AcDbEntity
  8
ENGRAVE
100
AcDbSpline
 70
0
 71
2
 72
6
 73
3
 74
0
 40
0.0
 40
0.0
 40
0.0
 40
1.0
 40
1.0
 40
1.0
 10
88.53098508491824
 20
254.51692786474075
 30
0.0
 10
88.40098508491825
 20
254.47795325536578
 30
0.0
 10
88.19948931668907
 20
254.2959447918241
 30
0.0
  0
SPLINE
  5
1B7
330
17
100
AcDbEntity
  8
ENGRAVE
100
AcDbSpline
 70
0
 71
2
 72
6
 73
3
 74
0
 40
0.0
 40
0.0
 40
0.0
 40
1.0
 40
1.0
 40
1.0
 10
88.01098508491825
 20
251.42944902359494
 30
0.0
 10
88.14098508491824
 20
251.47496171890742
 30
0.0
 10
88.33598508491824
 20
251.5659447918241
 30
0.0
  0
SPLINE
  5
1B8
330
17
100
AcDbEntity
  8
ENGRAVE
100
AcDbSpline
 70
0
 71
2
 72
6
 73
3
 74
0
 40
0.0
 40
0.0
 40
0.0
 40
1.0
 40
1.0
 40
1.0
 10
88.98598508491824
 20
252.69692786474076
 30
0.0
 10
88.76495969429324
 20
252.6059447918241
 30
0.0
 10
88.46596392606408
 20
252.57994056005327
 30
0.0
  0
SPLINE
  5
1B9
330
17
100
AcDbEntity
  8
ENGRAVE
100
AcDbSpline
 70
0
 71
2
 72
6
 73
3
 74
0
 40
0.0
 40
0.0
 40
0.0
 40
1.0
 40
1.0
 40
1.0
 10
87.97848508491825
 20
253.47694902359493
 30
0.0
 10
88.28397662137658
 20
253.43795325536576
 30
0.0
 10
88.47897662137657
 20
253.48996171890744
 30
0.0
  0
SPLINE
  5
1BA
330
17
100
AcDbEntity
  8
ENGRAVE
100
AcDbSpline
 70
0
 71
2
 72
6
 73
3
 74
0
 40
0.0
 40
0.0
 40
0.0
 40
1.0
 40
1.0
 40
1.0
 10
88.14098508491824
 20
255.37496171890743
 30
0.0
 10
88.3229935484599
 20
255.43996171890743
 30
0.0
 10
88.51147662137657
 20
255.47246171890743
 30
0.0
  0
SPLINE
  5
1BB
330
17
100
AcDbEntity
  8
ENGRAVE
100
AcDbSpline
 70
0
 71
2
 72
6
 73
3
 74
0
 40
0.0
 40
0.0
 40
0.0
 40
1.0
 40
1.0
 40
1.0
 10
89.01846392606407
 20
254.4779320965116
 30
0.0
 10
88.82995969429324
 20
254.58192786474075
 30
0.0
 10
88.53098508491824
 20
254.51692786474075
 30
0.0
  0
SPLINE
  5
1BC
330
17
100
AcDbEntity
  8
ENGRAVE
100
AcDbSpline
 70
0
 71
2
 72
6
 73
3
 74
0
 40
0.0
 40
0.0
 40
0.0
 40
1.0
 40
1.0
 40
1.0
 10
88.33598508491824
 20
251.5659447918241
 30
0.0
 10
88.47897662137657
 20
251.65692786474077
 30
0.0
 10
88.63498085314741
 20
251.78692786474076
 30
0.0
  0
SPLINE
  5
1BD
330
17
100
AcDbEntity
  8
ENGRAVE
100
AcDbSpline
 70
0
 71
2
 72
6
 73
3
 74
0
 40
0.0
 40
0.0
 40
0.0
 40
1.0
 40
1.0
 40
1.0
 10
89.3174808531474
 20
251.13692786474076
 30
0.0
 10
89.03799354845991
 20
250.81192786474077
 30
0.0
 10
88.64799354845991
 20
250.59094479182409
 30
0.0
  0
SPLINE
  5
1BE
330
17
100
AcDbEntity
  8
ENGRAVE
100
AcDbSpline
 70
0
 71
2
 72
6
 73
3
 74
0
 40
0.0
 40
0.0
 40
0.0
 40
1.0
 40
1.0
 40
1.0
 10
88.47897662137657
 20
253.48996171890744
 30
0.0
 10
88.56995969429325
 20
253.52893632828244
 30
0.0
 10
88.74547238960574
 20
253.67194902359492
 30
0.0
  0
SPLINE
  5
1BF
330
17
100
AcDbEntity
  8
ENGRAVE
100
AcDbSpline
 70
0
 71
2
 72
6
 73
3
 74
0
 40
0.0
 40
0.0
 40
0.0
 40
1.0
 40
1.0
 40
1.0
 10
88.63498085314741
 20
251.78692786474076
 30
0.0
 10
88.79098508491825
 20
251.91692786474076
 30
0.0
 10
88.89495969429323
 20
251.98192786474075
 30
0.0
  0
SPLINE
  5
1C0
330
17
100
AcDbEntity
  8
ENGRAVE
100
AcDbSpline
 70
0
 71
2
 72
6
 73
3
 74
0
 40
0.0
 40
0.0
 40
0.0
 40
1.0
 40
1.0
 40
1.0
 10
89.83748085314741
 20
253.41194902359493
 30
0.0
 10
89.53196815783491
 20
252.9309447918241
 30
0.0
 10
88.98598508491824
 20
252.69692786474076
 30
0.0
  0
SPLINE
  5
1C1
330
17
100
AcDbEntity
  8
ENGRAVE
100
AcDbSpline
 70
0
 71
2
 72
6
 73
3
 74
0
 40
0.0
 40
0.0
 40
0.0
 40
1.0
 40
1.0
 40
1.0
 10
88.51147662137657
 20
255.47246171890743
 30
0.0
 10
88.69995969429324
 20
255.50496171890742
 30
0.0
 10
89.0119681578349
 20
255.47893632828243
 30
0.0
  0
SPLINE
  5
1C2
330
17
100
AcDbEntity
  8
ENGRAVE
100
AcDbSpline
 70
0
 71
2
 72
6
 73
3
 74
0
 40
0.0
 40
0.0
 40
0.0
 40
1.0
 40
1.0
 40
1.0
 10
89.20696815783491
 20
254.2309447918241
 30
0.0
 10
89.20696815783491
 20
254.37393632828244
 30
0.0
 10
89.01846392606407
 20
254.4779320965116
 30
0.0
  0
SPLINE
  5
1C3
330
17
100
AcDbEntity
  8
ENGRAVE
100
AcDbSpline
 70
0
 71
2
 72
6
 73
3
 74
0
 40
0.0
 40
0.0
 40
0.0
 40
1.0
 40
1.0
 40
1.0
 10
88.74547238960574
 20
253.67194902359492
 30
0.0
 10
88.92098508491824
 20
253.81496171890743
 30
0.0
 10
89.06397662137657
 20
253.97746171890742
 30
0.0
  0
SPLINE
  5
1C4
330
17
100
AcDbEntity
  8
ENGRAVE
100
AcDbSpline
 70
0
 71
2
 72
6
 73
3
 74
0
 40
0.0
 40
0.0
 40
0.0
 40
1.0
 40
1.0
 40
1.0
 10
88.89495969429323
 20
251.98192786474075
 30
0.0
 10
88.99897662137657
 20
252.05996171890743
 30
0.0
 10
89.15495969429324
 20
252.05996171890743
 30
0.0
  0
SPLINE
  5
1C5
330
17
100
AcDbEntity
  8
ENGRAVE
100
AcDbSpline
 70
0
 71
2
 72
6
 73
3
 74
0
 40
0.0
 40
0.0
 40
0.0
 40
1.0
 40
1.0
 40
1.0
 10
89.06397662137657
 20
253.97746171890742
 30
0.0
 10
89.20696815783491
 20
254.13996171890741
 30
0.0
 10
89.20696815783491
 20
254.2309447918241
 30
0.0
  0
SPLINE
  5
1C6
330
17
100
AcDbEntity
  8
ENGRAVE
100
AcDbSpline
 70
0
 71
2
 72
6
 73
3
 74
0
 40
0.0
 40
0.0
 40
0.0
 40
1.0
 40
1.0
 40
1.0
 10
89.59696815783491
 20
251.6309447918241
 30
0.0
 10
89.59696815783491
 20
251.46192786474077
 30
0.0
 10
89.3174808531474
 20
251.13692786474076
 30
0.0
  0
SPLINE
  5
1C7
330
17
100
AcDbEntity
  8
ENGRAVE
100
AcDbSpline
 70
0
 71
2
 72
6
 73
3
 74
0
 40
0.0
 40
0.0
 40
0.0
 40
1.0
 40
1.0
 40
1.0
 10
89.15495969429324
 20
252.05996171890743
 30
0.0
 10
89.29799354845991
 20
252.04692786474075
 30
0.0
 10
89.42799354845991
 20
251.90393632828244
 30
0.0
  0
SPLINE
  5
1C8
330
17
100
AcDbEntity
  8
ENGRAVE
100
AcDbSpline
 70
0
 71
2
 72
6
 73
3
 74
0
 40
0.0
 40
0.0
 40
0.0
 40
1.0
 40
1.0
 40
1.0
 10
89.0119681578349
 20
255.47893632828243
 30
0.0
 10
89.31098508491824
 20
255.43996171890743
 30
0.0
 10
89.54498085314741
 20
255.32944902359492
 30
0.0
  0
SPLINE
  5
1C9
330
17
100
AcDbEntity
  8
ENGRAVE
100
AcDbSpline
 70
0
 71
2
 72
6
 73
3
 74
0
 40
0.0
 40
0.0
 40
0.0
 40
1.0
 40
1.0
 40
1.0
 10
89.42799354845991
 20
251.90393632828244
 30
0.0
 10
89.5579935484599
 20
251.7609447918241
 30
0.0
 10
89.59696815783491
 20
251.6309447918241
 30
0.0
  0
SPLINE
  5
1CA
330
17
100
AcDbEntity
  8
ENGRAVE
100
AcDbSpline
 70
0
 71
2
 72
6
 73
3
 74
0
 40
0.0
 40
0.0
 40
0.0
 40
1.0
 40
1.0
 40
1.0
 10
90.20799354845991
 20
254.30893632828244
 30
0.0
 10
90.14299354845991
 20
253.89295325536577
 30
0.0
 10
89.83748085314741
 20
253.41194902359493
 30
0.0
  0
SPLINE
  5
1CB
330
17
100
AcDbEntity
  8
ENGRAVE
100
AcDbSpline
 70
0
 71
2
 72
6
 73
3
 74
0
 40
0.0
 40
0.0
 40
0.0
 40
1.0
 40
1.0
 40
1.0
 10
89.54498085314741
 20
255.32944902359492
 30
0.0
 10
89.77897662137657
 20
255.21893632828244
 30
0.0
 10
89.88299354845991
 20
255.08893632828241
 30
0.0
  0
SPLINE
  5
1CC
330
17
100
AcDbEntity
  8
ENGRAVE
100
AcDbSpline
 70
0
 71
2
 72
6
 73
3
 74
0
 40
0.0
 40
0.0
 40
0.0
 40
1.0
 40
1.0
 40
1.0
 10
89.88299354845991
 20
255.08893632828241
 30
0.0
 10
90.09098508491824
 20
254.8809447918241
 30
0.0
 10
90.15598508491824
 20
254.68594479182408
 30
0.0
  0
SPLINE
  5
1CD
330
17
100
AcDbEntity
  8
ENGRAVE
100
AcDbSpline
 70
0
 71
2
 72
6
 73
3
 74
0
 40
0.0
 40
0.0
 40
0.0
 40
1.0
 40
1.0
 40
1.0
 10
90.15598508491824
 20
254.68594479182408
 30
0.0
 10
90.22098508491824
 20
254.4909447918241
 30
0.0
 10
90.20799354845991
 20
254.30893632828244
 30
0.0
  0
SPLINE
  5
1CE
330
17
100
AcDbEntity
  8
ENGRAVE
100
AcDbSpline
 70
0
 71
2
 72
6
 73
3
 74
0
 40
0.0
 40
0.0
 40
0.0
 40
1.0
 40
1.0
 40
1.0
 10
93.93897662137658
 20
251.94944902359492
 30
0.0
 10
93.86098508491824
 20
252.0209447918241
 30
0.0
 10
93.86098508491824
 20
252.18996171890743
 30
0.0
  0
SPLINE
  5
1CF
330
17
100
AcDbEntity
  8
ENGRAVE
100
AcDbSpline
 70
0
 71
2
 72
6
 73
3
 74
0
 40
0.0
 40
0.0
 40
0.0
 40
1.0
 40
1.0
 40
1.0
 10
94.13397662137658
 20
251.78692786474076
 30
0.0
 10
94.01696815783491
 20
251.87795325536575
 30
0.0
 10
93.93897662137658
 20
251.94944902359492
 30
0.0
  0
SPLINE
  5
1D0
330
17
100
AcDbEntity
  8
ENGRAVE
100
AcDbSpline
 70
0
 71
2
 72
6
 73
3
 74
0
 40
0.0
 40
0.0
 40
0.0
 40
1.0
 40
1.0
 40
1.0
 10
93.86098508491824
 20
252.18996171890743
 30
0.0
 10
93.86098508491824
 20
252.38496171890742
 30
0.0
 10
93.99098508491825
 20
252.85295325536578
 30
0.0
  0
SPLINE
  5
1D1
330
17
100
AcDbEntity
  8
ENGRAVE
100
AcDbSpline
 70
0
 71
2
 72
6
 73
3
 74
0
 40
0.0
 40
0.0
 40
0.0
 40
1.0
 40
1.0
 40
1.0
 10
94.24446815783492
 20
251.5984447918241
 30
0.0
 10
94.15995969429325
 20
251.66996171890742
 30
0.0
 10
94.13397662137658
 20
251.78692786474076
 30
0.0
  0
SPLINE
  5
1D2
330
17
100
AcDbEntity
  8
ENGRAVE
100
AcDbSpline
 70
0
 71
2
 72
6
 73
3
 74
0
 40
0.0
 40
0.0
 40
0.0
 40
1.0
 40
1.0
 40
1.0
 10
93.99098508491825
 20
252.85295325536578
 30
0.0
 10
94.06897662137658
 20
253.1909447918241
 30
0.0
 10
94.15998085314742
 20
253.56143632828244
 30
0.0
  0
SPLINE
  5
1D3
330
17
100
AcDbEntity
  8
ENGRAVE
100
AcDbSpline
 70
0
 71
2
 72
6
 73
3
 74
0
 40
0.0
 40
0.0
 40
0.0
 40
1.0
 40
1.0
 40
1.0
 10
94.38098508491825
 20
251.50094479182408
 30
0.0
 10
94.32897662137658
 20
251.52692786474077
 30
0.0
 10
94.24446815783492
 20
251.5984447918241
 30
0.0
  0
SPLINE
  5
1D4
330
17
100
AcDbEntity
  8
ENGRAVE
100
AcDbSpline
 70
0
 71
2
 72
6
 73
3
 74
0
 40
0.0
 40
0.0
 40
0.0
 40
1.0
 40
1.0
 40
1.0
 10
94.15998085314742
 20
253.56143632828244
 30
0.0
 10
94.25098508491824
 20
253.93192786474077
 30
0.0
 10
94.33547238960574
 20
254.1984447918241
 30
0.0
  0
SPLINE
  5
1D5
330
17
100
AcDbEntity
  8
ENGRAVE
100
AcDbSpline
 70
0
 71
2
 72
6
 73
3
 74
0
 40
0.0
 40
0.0
 40
0.0
 40
1.0
 40
1.0
 40
1.0
 10
94.63446815783492
 20
251.57893632828242
 30
0.0
 10
94.48495969429325
 20
251.50094479182408
 30
0.0
 10
94.38098508491825
 20
251.50094479182408
 30
0.0
  0
SPLINE
  5
1D6
330
17
100
AcDbEntity
  8
ENGRAVE
100
AcDbSpline
 70
0
 71
2
 72
6
 73
3
 74
0
 40
0.0
 40
0.0
 40
0.0
 40
1.0
 40
1.0
 40
1.0
 10
94.33547238960574
 20
254.1984447918241
 30
0.0
 10
94.41995969429324
 20
254.46496171890743
 30
0.0
 10
94.45897662137658
 20
254.4909447918241
 30
0.0
  0
SPLINE
  5
1D7
330
17
100
AcDbEntity
  8
ENGRAVE
100
AcDbSpline
 70
0
 71
2
 72
6
 73
3
 74
0
 40
0.0
 40
0.0
 40
0.0
 40
1.0
 40
1.0
 40
1.0
 10
94.45897662137658
 20
254.4909447918241
 30
0.0
 10
94.45897662137658
 20
254.4909447918241
 30
0.0
 10
94.51096392606408
 20
254.60795325536577
 30
0.0
  0
SPLINE
  5
1D8
330
17
100
AcDbEntity
  8
ENGRAVE
100
AcDbSpline
 70
0
 71
2
 72
6
 73
3
 74
0
 40
0.0
 40
0.0
 40
0.0
 40
1.0
 40
1.0
 40
1.0
 10
94.54346392606408
 20
251.00692786474076
 30
0.0
 10
94.52397662137658
 20
251.07192786474076
 30
0.0
 10
94.5369681578349
 20
251.12393632828244
 30
0.0
  0
SPLINE
  5
1D9
330
17
100
AcDbEntity
  8
ENGRAVE
100
AcDbSpline
 70
0
 71
2
 72
6
 73
3
 74
0
 40
0.0
 40
0.0
 40
0.0
 40
1.0
 40
1.0
 40
1.0
 10
94.66696815783492
 20
250.82496171890742
 30
0.0
 10
94.56295123075158
 20
250.94192786474076
 30
0.0
 10
94.54346392606408
 20
251.00692786474076
 30
0.0
  0
SPLINE
  5
1DA
330
17
100
AcDbEntity
  8
ENGRAVE
100
AcDbSpline
 70
0
 71
2
 72
6
 73
3
 74
0
 40
0.0
 40
0.0
 40
0.0
 40
1.0
 40
1.0
 40
1.0
 10
94.51096392606408
 20
254.60795325536577
 30
0.0
 10
94.56295123075158
 20
254.72496171890742
 30
0.0
 10
94.56295123075158
 20
254.8809447918241
 30
0.0
  0
SPLINE
  5
1DB
330
17
100
AcDbEntity
  8
ENGRAVE
100
AcDbSpline
 70
0
 71
2
 72
6
 73
3
 74
0
 40
0.0
 40
0.0
 40
0.0
 40
1.0
 40
1.0
 40
1.0
 10
94.78397662137658
 20
251.70893632828242
 30
0.0
 10
94.78397662137658
 20
251.65692786474077
 30
0.0
 10
94.63446815783492
 20
251.57893632828242
 30
0.0
  0
SPLINE
  5
1DC
330
17
100
AcDbEntity
  8
ENGRAVE
100
AcDbSpline
 70
0
 71
2
 72
6
 73
3
 74
0
 40
0.0
 40
0.0
 40
0.0
 40
1.0
 40
1.0
 40
1.0
 10
94.56295123075158
 20
254.8809447918241
 30
0.0
 10
94.58897662137657
 20
255.03692786474076
 30
0.0
 10
94.64748085314741
 20
255.15393632828244
 30
0.0
  0
SPLINE
  5
1DD
330
17
100
AcDbEntity
  8
ENGRAVE
100
AcDbSpline
 70
0
 71
2
 72
6
 73
3
 74
0
 40
0.0
 40
0.0
 40
0.0
 40
1.0
 40
1.0
 40
1.0
 10
94.5369681578349
 20
251.12393632828244
 30
0.0
 10
94.60196815783492
 20
251.12393632828244
 30
0.0
 10
94.65397662137659
 20
251.13043209651158
 30
0.0
  0
SPLINE
  5
1DE
330
17
100
AcDbEntity
  8
ENGRAVE
100
AcDbSpline
 70
0
 71
2
 72
6
 73
3
 74
0
 40
0.0
 40
0.0
 40
0.0
 40
1.0
 40
1.0
 40
1.0
 10
94.89446815783491
 20
250.54545325536577
 30
0.0
 10
94.74495969429324
 20
250.65594479182408
 30
0.0
 10
94.66696815783492
 20
250.82496171890742
 30
0.0
  0
SPLINE
  5
1DF
330
17
100
AcDbEntity
  8
ENGRAVE
100
AcDbSpline
 70
0
 71
2
 72
6
 73
3
 74
0
 40
0.0
 40
0.0
 40
0.0
 40
1.0
 40
1.0
 40
1.0
 10
94.64748085314741
 20
255.15393632828244
 30
0.0
 10
94.70598508491824
 20
255.2709447918241
 30
0.0
 10
94.70598508491824
 20
255.32295325536577
 30
0.0
  0
SPLINE
  5
1E0
330
17
100
AcDbEntity
  8
ENGRAVE
100
AcDbSpline
 70
0
 71
2
 72
6
 73
3
 74
0
 40
0.0
 40
0.0
 40
0.0
 40
1.0
 40
1.0
 40
1.0
 10
94.65397662137659
 20
251.13043209651158
 30
0.0
 10
94.70598508491824
 20
251.13692786474076
 30
0.0
 10
94.71897662137658
 20
251.1759447918241
 30
0.0
  0
SPLINE
  5
1E1
330
17
100
AcDbEntity
  8
ENGRAVE
100
AcDbSpline
 70
0
 71
2
 72
6
 73
3
 74
0
 40
0.0
 40
0.0
 40
0.0
 40
1.0
 40
1.0
 40
1.0
 10
94.71897662137658
 20
251.1759447918241
 30
0.0
 10
94.71897662137658
 20
251.21496171890743
 30
0.0
 10
94.76446815783491
 20
251.22795325536575
 30
0.0
  0
SPLINE
  5
1E2
330
17
100
AcDbEntity
  8
ENGRAVE
100
AcDbSpline
 70
0
 71
2
 72
6
 73
3
 74
0
 40
0.0
 40
0.0
 40
0.0
 40
1.0
 40
1.0
 40
1.0
 10
94.96596392606408
 20
251.9234447918241
 30
0.0
 10
94.78397662137658
 20
251.70893632828242
 30
0.0
 10
94.78397662137658
 20
251.70893632828242
 30
0.0
  0
SPLINE
  5
1E3
330
17
100
AcDbEntity
  8
ENGRAVE
100
AcDbSpline
 70
0
 71
2
 72
6
 73
3
 74
0
 40
0.0
 40
0.0
 40
0.0
 40
1.0
 40
1.0
 40
1.0
 10
94.76446815783491
 20
251.22795325536575
 30
0.0
 10
94.80995969429324
 20
251.2409447918241
 30
0.0
 10
94.86196815783491
 20
251.22795325536575
 30
0.0
  0
SPLINE
  5
1E4
330
17
100
AcDbEntity
  8
ENGRAVE
100
AcDbSpline
 70
0
 71
2
 72
6
 73
3
 74
0
 40
0.0
 40
0.0
 40
0.0
 40
1.0
 40
1.0
 40
1.0
 10
94.70598508491824
 20
255.32295325536577
 30
0.0
 10
94.75795123075157
 20
255.36192786474075
 30
0.0
 10
94.86196815783491
 20
255.63494056005325
 30
0.0
  0
SPLINE
  5
1E5
330
17
100
AcDbEntity
  8
ENGRAVE
100
AcDbSpline
 70
0
 71
2
 72
6
 73
3
 74
0
 40
0.0
 40
0.0
 40
0.0
 40
1.0
 40
1.0
 40
1.0
 10
95.30397662137658
 20
250.40893632828244
 30
0.0
 10
95.04397662137657
 20
250.43496171890743
 30
0.0
 10
94.89446815783491
 20
250.54545325536577
 30
0.0
  0
SPLINE
  5
1E6
330
17
100
AcDbEntity
  8
ENGRAVE
100
AcDbSpline
 70
0
 71
2
 72
6
 73
3
 74
0
 40
0.0
 40
0.0
 40
0.0
 40
1.0
 40
1.0
 40
1.0
 10
95.30397662137658
 20
252.34594479182408
 30
0.0
 10
95.14795123075157
 20
252.13795325536577
 30
0.0
 10
94.96596392606408
 20
251.9234447918241
 30
0.0
  0
SPLINE
  5
1E7
330
17
100
AcDbEntity
  8
ENGRAVE
100
AcDbSpline
 70
0
 71
2
 72
6
 73
3
 74
0
 40
0.0
 40
0.0
 40
0.0
 40
1.0
 40
1.0
 40
1.0
 10
94.86196815783491
 20
255.63494056005325
 30
0.0
 10
94.96598508491824
 20
255.90795325536575
 30
0.0
 10
95.12196815783491
 20
256.3499617189074
 30
0.0
  0
SPLINE
  5
1E8
330
17
100
AcDbEntity
  8
ENGRAVE
100
AcDbSpline
 70
0
 71
2
 72
6
 73
3
 74
0
 40
0.0
 40
0.0
 40
0.0
 40
1.0
 40
1.0
 40
1.0
 10
95.12196815783491
 20
256.3499617189074
 30
0.0
 10
95.12196815783491
 20
256.38893632828245
 30
0.0
 10
95.21297238960574
 20
256.6034447918241
 30
0.0
  0
SPLINE
  5
1E9
330
17
100
AcDbEntity
  8
ENGRAVE
100
AcDbSpline
 70
0
 71
2
 72
6
 73
3
 74
0
 40
0.0
 40
0.0
 40
0.0
 40
1.0
 40
1.0
 40
1.0
 10
95.60295123075159
 20
250.46746171890743
 30
0.0
 10
95.40795123075158
 20
250.43496171890743
 30
0.0
 10
95.30397662137658
 20
250.40893632828244
 30
0.0
  0
SPLINE
  5
1EA
330
17
100
AcDbEntity
  8
ENGRAVE
100
AcDbSpline
 70
0
 71
2
 72
6
 73
3
 74
0
 40
0.0
 40
0.0
 40
0.0
 40
1.0
 40
1.0
 40
1.0
 10
95.92797238960574
 20
253.02194902359494
 30
0.0
 10
95.58995969429324
 20
252.72295325536575
 30
0.0
 10
95.30397662137658
 20
252.34594479182408
 30
0.0
  0
SPLINE
  5
1EB
330
17
100
AcDbEntity
  8
ENGRAVE
100
AcDbSpline
 70
0
 71
2
 72
6
 73
3
 74
0
 40
0.0
 40
0.0
 40
0.0
 40
1.0
 40
1.0
 40
1.0
 10
95.62248085314741
 20
254.6209447918241
 30
0.0
 10
95.49897662137658
 20
254.24393632828242
 30
0.0
 10
95.36897662137658
 20
253.90594479182408
 30
0.0
  0
SPLINE
  5
1EC
330
17
100
AcDbEntity
  8
ENGRAVE
100
AcDbSpline
 70
0
 71
2
 72
6
 73
3
 74
0
 40
0.0
 40
0.0
 40
0.0
 40
1.0
 40
1.0
 40
1.0
 10
95.21297238960574
 20
256.6034447918241
 30
0.0
 10
95.30397662137658
 20
256.81795325536575
 30
0.0
 10
95.43397662137657
 20
257.11045325536577
 30
0.0
  0
SPLINE
  5
1ED
330
17
100
AcDbEntity
  8
ENGRAVE
100
AcDbSpline
 70
0
 71
2
 72
6
 73
3
 74
0
 40
0.0
 40
0.0
 40
0.0
 40
1.0
 40
1.0
 40
1.0
 10
94.86196815783491
 20
251.22795325536575
 30
0.0
 10
95.10897662137658
 20
251.21496171890743
 30
0.0
 10
95.46647662137659
 20
251.39694902359494
 30
0.0
  0
SPLINE
  5
1EE
330
17
100
AcDbEntity
  8
ENGRAVE
100
AcDbSpline
 70
0
 71
2
 72
6
 73
3
 74
0
 40
0.0
 40
0.0
 40
0.0
 40
1.0
 40
1.0
 40
1.0
 10
95.90196815783492
 20
250.51295325536577
 30
0.0
 10
95.79795123075158
 20
250.49996171890743
 30
0.0
 10
95.60295123075159
 20
250.46746171890743
 30
0.0
  0
SPLINE
  5
1EF
330
17
100
AcDbEntity
  8
ENGRAVE
100
AcDbSpline
 70
0
 71
2
 72
6
 73
3
 74
0
 40
0.0
 40
0.0
 40
0.0
 40
1.0
 40
1.0
 40
1.0
 10
95.94748085314741
 20
255.51795325536577
 30
0.0
 10
95.74598508491825
 20
254.99795325536576
 30
0.0
 10
95.62248085314741
 20
254.6209447918241
 30
0.0
  0
SPLINE
  5
1F0
330
17
100
AcDbEntity
  8
ENGRAVE
100
AcDbSpline
 70
0
 71
2
 72
6
 73
3
 74
0
 40
0.0
 40
0.0
 40
0.0
 40
1.0
 40
1.0
 40
1.0
 10
95.43397662137657
 20
257.11045325536577
 30
0.0
 10
95.56397662137658
 20
257.4029532553658
 30
0.0
 10
95.70047238960575
 20
257.7214574871366
 30
0.0
  0
SPLINE
  5
1F1
330
17
100
AcDbEntity
  8
ENGRAVE
100
AcDbSpline
 70
0
 71
2
 72
6
 73
3
 74
0
 40
0.0
 40
0.0
 40
0.0
 40
1.0
 40
1.0
 40
1.0
 10
96.4674808531474
 20
250.77944902359494
 30
0.0
 10
96.13598508491825
 20
250.59094479182409
 30
0.0
 10
95.90196815783492
 20
250.51295325536577
 30
0.0
  0
SPLINE
  5
1F2
330
17
100
AcDbEntity
  8
ENGRAVE
100
AcDbSpline
 70
0
 71
2
 72
6
 73
3
 74
0
 40
0.0
 40
0.0
 40
0.0
 40
1.0
 40
1.0
 40
1.0
 10
95.64196815783491
 20
253.99692786474077
 30
0.0
 10
95.77196815783492
 20
254.12692786474076
 30
0.0
 10
95.91495969429324
 20
254.24393632828242
 30
0.0
  0
SPLINE
  5
1F3
330
17
100
AcDbEntity
  8
ENGRAVE
100
AcDbSpline
 70
0
 71
2
 72
6
 73
3
 74
0
 40
0.0
 40
0.0
 40
0.0
 40
1.0
 40
1.0
 40
1.0
 10
95.70047238960575
 20
257.7214574871366
 30
0.0
 10
95.83696815783492
 20
258.0399617189074
 30
0.0
 10
95.92795123075157
 20
258.2869278647408
 30
0.0
  0
SPLINE
  5
1F4
330
17
100
AcDbEntity
  8
ENGRAVE
100
AcDbSpline
 70
0
 71
2
 72
6
 73
3
 74
0
 40
0.0
 40
0.0
 40
0.0
 40
1.0
 40
1.0
 40
1.0
 10
96.82495969429324
 20
253.67192786474075
 30
0.0
 10
96.26598508491824
 20
253.3209447918241
 30
0.0
 10
95.92797238960574
 20
253.02194902359494
 30
0.0
  0
SPLINE
  5
1F5
330
17
100
AcDbEntity
  8
ENGRAVE
100
AcDbSpline
 70
0
 71
2
 72
6
 73
3
 74
0
 40
0.0
 40
0.0
 40
0.0
 40
1.0
 40
1.0
 40
1.0
 10
96.51295123075158
 20
256.81795325536575
 30
0.0
 10
96.14897662137658
 20
256.0379532553658
 30
0.0
 10
95.94748085314741
 20
255.51795325536577
 30
0.0
  0
SPLINE
  5
1F6
330
17
100
AcDbEntity
  8
ENGRAVE
100
AcDbSpline
 70
0
 71
2
 72
6
 73
3
 74
0
 40
0.0
 40
0.0
 40
0.0
 40
1.0
 40
1.0
 40
1.0
 10
95.92795123075157
 20
258.2869278647408
 30
0.0
 10
96.08397662137658
 20
258.50795325536575
 30
0.0
 10
96.19446815783492
 20
258.73545325536577
 30
0.0
  0
SPLINE
  5
1F7
330
17
100
AcDbEntity
  8
ENGRAVE
100
AcDbSpline
 70
0
 71
2
 72
6
 73
3
 74
0
 40
0.0
 40
0.0
 40
0.0
 40
1.0
 40
1.0
 40
1.0
 10
95.91495969429324
 20
254.24393632828242
 30
0.0
 10
96.05795123075158
 20
254.3609447918241
 30
0.0
 10
96.22696815783492
 20
254.47795325536578
 30
0.0
  0
SPLINE
  5
1F8
330
17
100
AcDbEntity
  8
ENGRAVE
100
AcDbSpline
 70
0
 71
2
 72
6
 73
3
 74
0
 40
0.0
 40
0.0
 40
0.0
 40
1.0
 40
1.0
 40
1.0
 10
95.46647662137659
 20
251.39694902359494
 30
0.0
 10
95.82397662137657
 20
251.57893632828242
 30
0.0
 10
96.25297238960574
 20
251.91043209651158
 30
0.0
  0
SPLINE
  5
1F9
330
17
100
AcDbEntity
  8
ENGRAVE
100
AcDbSpline
 70
0
 71
2
 72
6
 73
3
 74
0
 40
0.0
 40
0.0
 40
0.0
 40
1.0
 40
1.0
 40
1.0
 10
96.19446815783492
 20
258.73545325536577
 30
0.0
 10
96.30495969429325
 20
258.96295325536573
 30
0.0
 10
96.39598508491825
 20
259.00192786474076
 30
0.0
  0
SPLINE
  5
1FA
330
17
100
AcDbEntity
  8
ENGRAVE
100
AcDbSpline
 70
0
 71
2
 72
6
 73
3
 74
0
 40
0.0
 40
0.0
 40
0.0
 40
1.0
 40
1.0
 40
1.0
 10
97.13696815783491
 20
251.2084447918241
 30
0.0
 10
96.79897662137658
 20
250.96795325536576
 30
0.0
 10
96.4674808531474
 20
250.77944902359494
 30
0.0
  0
SPLINE
  5
1FB
330
17
100
AcDbEntity
  8
ENGRAVE
100
AcDbSpline
 70
0
 71
2
 72
6
 73
3
 74
0
 40
0.0
 40
0.0
 40
0.0
 40
1.0
 40
1.0
 40
1.0
 10
96.22696815783492
 20
254.47795325536578
 30
0.0
 10
96.33098508491824
 20
254.5559447918241
 30
0.0
 10
96.50647662137658
 20
254.64045325536577
 30
0.0
  0
SPLINE
  5
1FC
330
17
100
AcDbEntity
  8
ENGRAVE
100
AcDbSpline
 70
0
 71
2
 72
6
 73
3
 74
0
 40
0.0
 40
0.0
 40
0.0
 40
1.0
 40
1.0
 40
1.0
 10
96.95498085314742
 20
257.74744056005324
 30
0.0
 10
96.79897662137658
 20
257.4159447918241
 30
0.0
 10
96.51295123075158
 20
256.81795325536575
 30
0.0
  0
SPLINE
  5
1FD
330
17
100
AcDbEntity
  8
ENGRAVE
100
AcDbSpline
 70
0
 71
2
 72
6
 73
3
 74
0
 40
0.0
 40
0.0
 40
0.0
 40
1.0
 40
1.0
 40
1.0
 10
96.39598508491825
 20
259.00192786474076
 30
0.0
 10
96.46098508491825
 20
259.01496171890744
 30
0.0
 10
96.62348508491824
 20
258.94996171890745
 30
0.0
  0
SPLINE
  5
1FE
330
17
100
AcDbEntity
  8
ENGRAVE
100
AcDbSpline
 70
0
 71
2
 72
6
 73
3
 74
0
 40
0.0
 40
0.0
 40
0.0
 40
1.0
 40
1.0
 40
1.0
 10
97.42295123075158
 20
253.93192786474077
 30
0.0
 10
97.22795123075159
 20
253.93192786474077
 30
0.0
 10
96.82495969429324
 20
253.67192786474075
 30
0.0
  0
SPLINE
  5
1FF
330
17
100
AcDbEntity
  8
ENGRAVE
100
AcDbSpline
 70
0
 71
2
 72
6
 73
3
 74
0
 40
0.0
 40
0.0
 40
0.0
 40
1.0
 40
1.0
 40
1.0
 10
96.50647662137658
 20
254.64045325536577
 30
0.0
 10
96.68196815783492
 20
254.72496171890742
 30
0.0
 10
96.85096392606408
 20
254.78996171890742
 30
0.0
  0
SPLINE
  5
200
330
17
100
AcDbEntity
  8
ENGRAVE
100
AcDbSpline
 70
0
 71
2
 72
6
 73
3
 74
0
 40
0.0
 40
0.0
 40
0.0
 40
1.0
 40
1.0
 40
1.0
 10
97.17598508491824
 20
258.2284447918241
 30
0.0
 10
97.11098508491824
 20
258.07893632828245
 30
0.0
 10
96.95498085314742
 20
257.74744056005324
 30
0.0
  0
SPLINE
  5
201
330
17
100
AcDbEntity
  8
ENGRAVE
100
AcDbSpline
 70
0
 71
2
 72
6
 73
3
 74
0
 40
0.0
 40
0.0
 40
0.0
 40
1.0
 40
1.0
 40
1.0
 10
96.62348508491824
 20
258.94996171890745
 30
0.0
 10
96.78598508491825
 20
258.88496171890745
 30
0.0
 10
96.95498085314742
 20
258.7809447918241
 30
0.0
  0
SPLINE
  5
202
330
17
100
AcDbEntity
  8
ENGRAVE
100
AcDbSpline
 70
0
 71
2
 72
6
 73
3
 74
0
 40
0.0
 40
0.0
 40
0.0
 40
1.0
 40
1.0
 40
1.0
 10
96.85096392606408
 20
254.78996171890742
 30
0.0
 10
97.01995969429325
 20
254.85496171890742
 30
0.0
 10
97.09795123075158
 20
254.86795325536576
 30
0.0
  0
SPLINE
  5
203
330
17
100
AcDbEntity
  8
ENGRAVE
100
AcDbSpline
 70
0
 71
2
 72
6
 73
3
 74
0
 40
0.0
 40
0.0
 40
0.0
 40
1.0
 40
1.0
 40
1.0
 10
96.25297238960574
 20
251.91043209651158
 30
0.0
 10
96.68196815783492
 20
252.24192786474077
 30
0.0
 10
97.11098508491824
 20
252.63192786474076
 30
0.0
  0
SPLINE
  5
204
330
17
100
AcDbEntity
  8
ENGRAVE
100
AcDbSpline
 70
0
 71
2
 72
6
 73
3
 74
0
 40
0.0
 40
0.0
 40
0.0
 40
1.0
 40
1.0
 40
1.0
 10
97.70897662137658
 20
251.6959447918241
 30
0.0
 10
97.47495969429325
 20
251.44893632828243
 30
0.0
 10
97.13696815783491
 20
251.2084447918241
 30
0.0
  0
SPLINE
  5
205
330
17
100
AcDbEntity
  8
ENGRAVE
100
AcDbSpline
 70
0
 71
2
 72
6
 73
3
 74
0
 40
0.0
 40
0.0
 40
0.0
 40
1.0
 40
1.0
 40
1.0
 10
97.23446815783491
 20
258.44295325536575
 30
0.0
 10
97.24098508491825
 20
258.37795325536575
 30
0.0
 10
97.17598508491824
 20
258.2284447918241
 30
0.0
  0
SPLINE
  5
206
330
17
100
AcDbEntity
  8
ENGRAVE
100
AcDbSpline
 70
0
 71
2
 72
6
 73
3
 74
0
 40
0.0
 40
0.0
 40
0.0
 40
1.0
 40
1.0
 40
1.0
 10
96.95498085314742
 20
258.7809447918241
 30
0.0
 10
97.12397662137658
 20
258.6769278647408
 30
0.0
 10
97.18897662137658
 20
258.57295325536575
 30
0.0
  0
SPLINE
  5
207
330
17
100
AcDbEntity
  8
ENGRAVE
100
AcDbSpline
 70
0
 71
2
 72
6
 73
3
 74
0
 40
0.0
 40
0.0
 40
0.0
 40
1.0
 40
1.0
 40
1.0
 10
97.18897662137658
 20
258.57295325536575
 30
0.0
 10
97.22795123075159
 20
258.50795325536575
 30
0.0
 10
97.23446815783491
 20
258.44295325536575
 30
0.0
  0
SPLINE
  5
208
330
17
100
AcDbEntity
  8
ENGRAVE
100
AcDbSpline
 70
0
 71
2
 72
6
 73
3
 74
0
 40
0.0
 40
0.0
 40
0.0
 40
1.0
 40
1.0
 40
1.0
 10
97.09795123075158
 20
254.86795325536576
 30
0.0
 10
97.13696815783491
 20
254.8809447918241
 30
0.0
 10
97.3644681578349
 20
254.92643632828242
 30
0.0
  0
SPLINE
  5
209
330
17
100
AcDbEntity
  8
ENGRAVE
100
AcDbSpline
 70
0
 71
2
 72
6
 73
3
 74
0
 40
0.0
 40
0.0
 40
0.0
 40
1.0
 40
1.0
 40
1.0
 10
97.66995969429324
 20
253.82795325536577
 30
0.0
 10
97.61795123075157
 20
253.93192786474077
 30
0.0
 10
97.42295123075158
 20
253.93192786474077
 30
0.0
  0
SPLINE
  5
20A
330
17
100
AcDbEntity
  8
ENGRAVE
100
AcDbSpline
 70
0
 71
2
 72
6
 73
3
 74
0
 40
0.0
 40
0.0
 40
0.0
 40
1.0
 40
1.0
 40
1.0
 10
97.11098508491824
 20
252.63192786474076
 30
0.0
 10
97.44897662137657
 20
253.07393632828243
 30
0.0
 10
97.58547238960574
 20
253.28194902359493
 30
0.0
  0
SPLINE
  5
20B
330
17
100
AcDbEntity
  8
ENGRAVE
100
AcDbSpline
 70
0
 71
2
 72
6
 73
3
 74
0
 40
0.0
 40
0.0
 40
0.0
 40
1.0
 40
1.0
 40
1.0
 10
97.72846392606408
 20
253.60045325536575
 30
0.0
 10
97.73495969429325
 20
253.7109447918241
 30
0.0
 10
97.66995969429324
 20
253.82795325536577
 30
0.0
  0
SPLINE
  5
20C
330
17
100
AcDbEntity
  8
ENGRAVE
100
AcDbSpline
 70
0
 71
2
 72
6
 73
3
 74
0
 40
0.0
 40
0.0
 40
0.0
 40
1.0
 40
1.0
 40
1.0
 10
98.15096392606408
 20
252.22244056005326
 30
0.0
 10
97.92995969429325
 20
251.94295325536575
 30
0.0
 10
97.70897662137658
 20
251.6959447918241
 30
0.0
  0
SPLINE
  5
20D
330
17
100
AcDbEntity
  8
ENGRAVE
100
AcDbSpline
 70
0
 71
2
 72
6
 73
3
 74
0
 40
0.0
 40
0.0
 40
0.0
 40
1.0
 40
1.0
 40
1.0
 10
97.58547238960574
 20
253.28194902359493
 30
0.0
 10
97.72196815783491
 20
253.48996171890744
 30
0.0
 10
97.72846392606408
 20
253.60045325536575
 30
0.0
  0
SPLINE
  5
20E
330
17
100
AcDbEntity
  8
ENGRAVE
100
AcDbSpline
 70
0
 71
2
 72
6
 73
3
 74
0
 40
0.0
 40
0.0
 40
0.0
 40
1.0
 40
1.0
 40
1.0
 10
97.3644681578349
 20
254.92643632828242
 30
0.0
 10
97.59196815783491
 20
254.97192786474076
 30
0.0
 10
97.81295123075158
 20
254.97192786474076
 30
0.0
  0
SPLINE
  5
20F
330
17
100
AcDbEntity
  8
ENGRAVE
100
AcDbSpline
 70
0
 71
2
 72
6
 73
3
 74
0
 40
0.0
 40
0.0
 40
0.0
 40
1.0
 40
1.0
 40
1.0
 10
98.38495969429324
 20
252.59295325536576
 30
0.0
 10
98.37196815783491
 20
252.50192786474076
 30
0.0
 10
98.15096392606408
 20
252.22244056005326
 30
0.0
  0
SPLINE
  5
210
330
17
100
AcDbEntity
  8
ENGRAVE
100
AcDbSpline
 70
0
 71
2
 72
6
 73
3
 74
0
 40
0.0
 40
0.0
 40
0.0
 40
1.0
 40
1.0
 40
1.0
 10
97.81295123075158
 20
254.97192786474076
 30
0.0
 10
98.09897662137658
 20
254.97192786474076
 30
0.0
 10
98.31346392606407
 20
254.7704320965116
 30
0.0
  0
SPLINE
  5
211
330
17
100
AcDbEntity
  8
ENGRAVE
100
AcDbSpline
 70
0
 71
2
 72
6
 73
3
 74
0
 40
0.0
 40
0.0
 40
0.0
 40
1.0
 40
1.0
 40
1.0
 10
98.44995969429324
 20
252.72944902359492
 30
0.0
 10
98.38495969429324
 20
252.64496171890744
 30
0.0
 10
98.38495969429324
 20
252.59295325536576
 30
0.0
  0
SPLINE
  5
212
330
17
100
AcDbEntity
  8
ENGRAVE
100
AcDbSpline
 70
0
 71
2
 72
6
 73
3
 74
0
 40
0.0
 40
0.0
 40
0.0
 40
1.0
 40
1.0
 40
1.0
 10
98.57995969429325
 20
252.8659447918241
 30
0.0
 10
98.51495969429324
 20
252.81393632828244
 30
0.0
 10
98.44995969429324
 20
252.72944902359492
 30
0.0
  0
SPLINE
  5
213
330
17
100
AcDbEntity
  8
ENGRAVE
100
AcDbSpline
 70
0
 71
2
 72
6
 73
3
 74
0
 40
0.0
 40
0.0
 40
0.0
 40
1.0
 40
1.0
 40
1.0
 10
98.80096392606409
 20
253.58746171890743
 30
0.0
 10
98.76196815783491
 20
253.16496171890742
 30
0.0
 10
98.57995969429325
 20
252.8659447918241
 30
0.0
  0
SPLINE
  5
214
330
17
100
AcDbEntity
  8
ENGRAVE
100
AcDbSpline
 70
0
 71
2
 72
6
 73
3
 74
0
 40
0.0
 40
0.0
 40
0.0
 40
1.0
 40
1.0
 40
1.0
 10
98.31346392606407
 20
254.7704320965116
 30
0.0
 10
98.52795123075158
 20
254.56893632828243
 30
0.0
 10
98.69696815783492
 20
254.28295325536575
 30
0.0
  0
SPLINE
  5
215
330
17
100
AcDbEntity
  8
ENGRAVE
100
AcDbSpline
 70
0
 71
2
 72
6
 73
3
 74
0
 40
0.0
 40
0.0
 40
0.0
 40
1.0
 40
1.0
 40
1.0
 10
98.69696815783492
 20
254.28295325536575
 30
0.0
 10
98.83995969429324
 20
254.00996171890742
 30
0.0
 10
98.80096392606409
 20
253.58746171890743
 30
0.0
  0
SPLINE
  5
216
330
17
100
AcDbEntity
  8
ENGRAVE
100
AcDbSpline
 70
0
 71
2
 72
6
 73
3
 74
0
 40
0.0
 40
0.0
 40
0.0
 40
1.0
 40
1.0
 40
1.0
 10
99.29495969429324
 20
252.04692786474075
 30
0.0
 10
99.22995969429324
 20
252.11192786474075
 30
0.0
 10
99.25596392606408
 20
252.13143632828243
 30
0.0
  0
SPLINE
  5
217
330
17
100
AcDbEntity
  8
ENGRAVE
100
AcDbSpline
 70
0
 71
2
 72
6
 73
3
 74
0
 40
0.0
 40
0.0
 40
0.0
 40
1.0
 40
1.0
 40
1.0
 10
99.3794681578349
 20
251.2279320965116
 30
0.0
 10
99.22995969429324
 20
251.52692786474077
 30
0.0
 10
99.26897662137658
 20
251.74795325536576
 30
0.0
  0
SPLINE
  5
218
330
17
100
AcDbEntity
  8
ENGRAVE
100
AcDbSpline
 70
0
 71
2
 72
6
 73
3
 74
0
 40
0.0
 40
0.0
 40
0.0
 40
1.0
 40
1.0
 40
1.0
 10
99.30147662137658
 20
251.94942786474076
 30
0.0
 10
99.29495969429324
 20
252.04692786474075
 30
0.0
 10
99.29495969429324
 20
252.04692786474075
 30
0.0
  0
SPLINE
  5
219
330
17
100
AcDbEntity
  8
ENGRAVE
100
AcDbSpline
 70
0
 71
2
 72
6
 73
3
 74
0
 40
0.0
 40
0.0
 40
0.0
 40
1.0
 40
1.0
 40
1.0
 10
99.26897662137658
 20
251.74795325536576
 30
0.0
 10
99.30799354845992
 20
251.85192786474076
 30
0.0
 10
99.30147662137658
 20
251.94942786474076
 30
0.0
  0
SPLINE
  5
21A
330
17
100
AcDbEntity
  8
ENGRAVE
100
AcDbSpline
 70
0
 71
2
 72
6
 73
3
 74
0
 40
0.0
 40
0.0
 40
0.0
 40
1.0
 40
1.0
 40
1.0
 10
99.25596392606408
 20
252.13143632828243
 30
0.0
 10
99.28196815783491
 20
252.1509447918241
 30
0.0
 10
99.30799354845992
 20
252.20295325536577
 30
0.0
  0
SPLINE
  5
21B
330
17
100
AcDbEntity
  8
ENGRAVE
100
AcDbSpline
 70
0
 71
2
 72
6
 73
3
 74
0
 40
0.0
 40
0.0
 40
0.0
 40
1.0
 40
1.0
 40
1.0
 10
99.30799354845992
 20
252.20295325536577
 30
0.0
 10
99.38598508491825
 20
252.20295325536577
 30
0.0
 10
99.35995969429325
 20
252.34594479182408
 30
0.0
  0
SPLINE
  5
21C
330
17
100
AcDbEntity
  8
ENGRAVE
100
AcDbSpline
 70
0
 71
2
 72
6
 73
3
 74
0
 40
0.0
 40
0.0
 40
0.0
 40
1.0
 40
1.0
 40
1.0
 10
99.77598508491825
 20
250.66893632828243
 30
0.0
 10
99.52897662137659
 20
250.92893632828242
 30
0.0
 10
99.3794681578349
 20
251.2279320965116
 30
0.0
  0
SPLINE
  5
21D
330
17
100
AcDbEntity
  8
ENGRAVE
100
AcDbSpline
 70
0
 71
2
 72
6
 73
3
 74
0
 40
0.0
 40
0.0
 40
0.0
 40
1.0
 40
1.0
 40
1.0
 10
99.35995969429325
 20
252.34594479182408
 30
0.0
 10
99.33397662137658
 20
252.44996171890742
 30
0.0
 10
99.44446815783492
 20
252.79444902359492
 30
0.0
  0
SPLINE
  5
21E
330
17
100
AcDbEntity
  8
ENGRAVE
100
AcDbSpline
 70
0
 71
2
 72
6
 73
3
 74
0
 40
0.0
 40
0.0
 40
0.0
 40
1.0
 40
1.0
 40
1.0
 10
99.44446815783492
 20
252.79444902359492
 30
0.0
 10
99.55495969429325
 20
253.13893632828243
 30
0.0
 10
99.74995969429325
 20
253.4509447918241
 30
0.0
  0
SPLINE
  5
21F
330
17
100
AcDbEntity
  8
ENGRAVE
100
AcDbSpline
 70
0
 71
2
 72
6
 73
3
 74
0
 40
0.0
 40
0.0
 40
0.0
 40
1.0
 40
1.0
 40
1.0
 10
100.01647662137658
 20
250.48692786474075
 30
0.0
 10
99.91897662137657
 20
250.55192786474075
 30
0.0
 10
99.77598508491825
 20
250.66893632828243
 30
0.0
  0
SPLINE
  5
220
330
17
100
AcDbEntity
  8
ENGRAVE
100
AcDbSpline
 70
0
 71
2
 72
6
 73
3
 74
0
 40
0.0
 40
0.0
 40
0.0
 40
1.0
 40
1.0
 40
1.0
 10
99.74995969429325
 20
253.4509447918241
 30
0.0
 10
99.82799354845992
 20
253.5809447918241
 30
0.0
 10
99.98397662137658
 20
253.79545325536577
 30
0.0
  0
SPLINE
  5
221
330
17
100
AcDbEntity
  8
ENGRAVE
100
AcDbSpline
 70
0
 71
2
 72
6
 73
3
 74
0
 40
0.0
 40
0.0
 40
0.0
 40
1.0
 40
1.0
 40
1.0
 10
100.28299354845991
 20
250.42192786474075
 30
0.0
 10
100.11397662137658
 20
250.42192786474075
 30
0.0
 10
100.01647662137658
 20
250.48692786474075
 30
0.0
  0
SPLINE
  5
222
330
17
100
AcDbEntity
  8
ENGRAVE
100
AcDbSpline
 70
0
 71
2
 72
6
 73
3
 74
0
 40
0.0
 40
0.0
 40
0.0
 40
1.0
 40
1.0
 40
1.0
 10
100.89397662137658
 20
250.48694902359492
 30
0.0
 10
100.58196815783491
 20
250.44795325536577
 30
0.0
 10
100.28299354845991
 20
250.42192786474075
 30
0.0
  0
SPLINE
  5
223
330
17
100
AcDbEntity
  8
ENGRAVE
100
AcDbSpline
 70
0
 71
2
 72
6
 73
3
 74
0
 40
0.0
 40
0.0
 40
0.0
 40
1.0
 40
1.0
 40
1.0
 10
99.98397662137658
 20
253.79545325536577
 30
0.0
 10
100.13995969429324
 20
254.00996171890742
 30
0.0
 10
100.32846392606407
 20
254.22444902359493
 30
0.0
  0
SPLINE
  5
224
330
17
100
AcDbEntity
  8
ENGRAVE
100
AcDbSpline
 70
0
 71
2
 72
6
 73
3
 74
0
 40
0.0
 40
0.0
 40
0.0
 40
1.0
 40
1.0
 40
1.0
 10
101.01748085314742
 20
253.19746171890742
 30
0.0
 10
100.68598508491824
 20
252.77496171890743
 30
0.0
 10
100.55598508491825
 20
252.16393632828243
 30
0.0
  0
SPLINE
  5
225
330
17
100
AcDbEntity
  8
ENGRAVE
100
AcDbSpline
 70
0
 71
2
 72
6
 73
3
 74
0
 40
0.0
 40
0.0
 40
0.0
 40
1.0
 40
1.0
 40
1.0
 10
100.32846392606407
 20
254.22444902359493
 30
0.0
 10
100.51696815783491
 20
254.43893632828244
 30
0.0
 10
100.67299354845991
 20
254.56893632828243
 30
0.0
  0
SPLINE
  5
226
330
17
100
AcDbEntity
  8
ENGRAVE
100
AcDbSpline
 70
0
 71
2
 72
6
 73
3
 74
0
 40
0.0
 40
0.0
 40
0.0
 40
1.0
 40
1.0
 40
1.0
 10
100.55598508491825
 20
252.16393632828243
 30
0.0
 10
100.50397662137658
 20
251.68295325536576
 30
0.0
 10
100.77696815783492
 20
251.5789574871366
 30
0.0
  0
SPLINE
  5
227
330
17
100
AcDbEntity
  8
ENGRAVE
100
AcDbSpline
 70
0
 71
2
 72
6
 73
3
 74
0
 40
0.0
 40
0.0
 40
0.0
 40
1.0
 40
1.0
 40
1.0
 10
101.47897662137657
 20
250.70795325536577
 30
0.0
 10
101.20598508491824
 20
250.5259447918241
 30
0.0
 10
100.89397662137658
 20
250.48694902359492
 30
0.0
  0
SPLINE
  5
228
330
17
100
AcDbEntity
  8
ENGRAVE
100
AcDbSpline
 70
0
 71
2
 72
6
 73
3
 74
0
 40
0.0
 40
0.0
 40
0.0
 40
1.0
 40
1.0
 40
1.0
 10
101.73897662137658
 20
253.94496171890742
 30
0.0
 10
101.34897662137658
 20
253.61996171890743
 30
0.0
 10
101.01748085314742
 20
253.19746171890742
 30
0.0
  0
SPLINE
  5
229
330
17
100
AcDbEntity
  8
ENGRAVE
100
AcDbSpline
 70
0
 71
2
 72
6
 73
3
 74
0
 40
0.0
 40
0.0
 40
0.0
 40
1.0
 40
1.0
 40
1.0
 10
100.67299354845991
 20
254.56893632828243
 30
0.0
 10
100.99799354845992
 20
254.84192786474077
 30
0.0
 10
101.27748085314741
 20
255.0109447918241
 30
0.0
  0
SPLINE
  5
22A
330
17
100
AcDbEntity
  8
ENGRAVE
100
AcDbSpline
 70
0
 71
2
 72
6
 73
3
 74
0
 40
0.0
 40
0.0
 40
0.0
 40
1.0
 40
1.0
 40
1.0
 10
102.16797238960575
 20
251.18893632828244
 30
0.0
 10
101.85598508491825
 20
250.92893632828242
 30
0.0
 10
101.47897662137657
 20
250.70795325536577
 30
0.0
  0
SPLINE
  5
22B
330
17
100
AcDbEntity
  8
ENGRAVE
100
AcDbSpline
 70
0
 71
2
 72
6
 73
3
 74
0
 40
0.0
 40
0.0
 40
0.0
 40
1.0
 40
1.0
 40
1.0
 10
100.77696815783492
 20
251.5789574871366
 30
0.0
 10
101.04995969429325
 20
251.47496171890742
 30
0.0
 10
101.60897662137658
 20
252.00795325536575
 30
0.0
  0
SPLINE
  5
22C
330
17
100
AcDbEntity
  8
ENGRAVE
100
AcDbSpline
 70
0
 71
2
 72
6
 73
3
 74
0
 40
0.0
 40
0.0
 40
0.0
 40
1.0
 40
1.0
 40
1.0
 10
102.03797238960574
 20
254.12045325536576
 30
0.0
 10
101.92098508491824
 20
254.07496171890742
 30
0.0
 10
101.73897662137658
 20
253.94496171890742
 30
0.0
  0
SPLINE
  5
22D
330
17
100
AcDbEntity
  8
ENGRAVE
100
AcDbSpline
 70
0
 71
2
 72
6
 73
3
 74
0
 40
0.0
 40
0.0
 40
0.0
 40
1.0
 40
1.0
 40
1.0
 10
101.27748085314741
 20
255.0109447918241
 30
0.0
 10
101.55696815783492
 20
255.17996171890744
 30
0.0
 10
101.84299354845992
 20
255.24496171890743
 30
0.0
  0
SPLINE
  5
22E
330
17
100
AcDbEntity
  8
ENGRAVE
100
AcDbSpline
 70
0
 71
2
 72
6
 73
3
 74
0
 40
0.0
 40
0.0
 40
0.0
 40
1.0
 40
1.0
 40
1.0
 10
101.60897662137658
 20
252.00795325536575
 30
0.0
 10
101.89495969429325
 20
252.25496171890742
 30
0.0
 10
102.01846392606407
 20
252.55395748713659
 30
0.0
  0
SPLINE
  5
22F
330
17
100
AcDbEntity
  8
ENGRAVE
100
AcDbSpline
 70
0
 71
2
 72
6
 73
3
 74
0
 40
0.0
 40
0.0
 40
0.0
 40
1.0
 40
1.0
 40
1.0
 10
102.27196815783492
 20
254.07496171890742
 30
0.0
 10
102.15495969429324
 20
254.1659447918241
 30
0.0
 10
102.03797238960574
 20
254.12045325536576
 30
0.0
  0
SPLINE
  5
230
330
17
100
AcDbEntity
  8
ENGRAVE
100
AcDbSpline
 70
0
 71
2
 72
6
 73
3
 74
0
 40
0.0
 40
0.0
 40
0.0
 40
1.0
 40
1.0
 40
1.0
 10
102.80495969429325
 20
251.91692786474076
 30
0.0
 10
102.47995969429324
 20
251.44893632828243
 30
0.0
 10
102.16797238960575
 20
251.18893632828244
 30
0.0
  0
SPLINE
  5
231
330
17
100
AcDbEntity
  8
ENGRAVE
100
AcDbSpline
 70
0
 71
2
 72
6
 73
3
 74
0
 40
0.0
 40
0.0
 40
0.0
 40
1.0
 40
1.0
 40
1.0
 10
102.36297238960574
 20
253.87344479182408
 30
0.0
 10
102.34995969429325
 20
254.04893632828242
 30
0.0
 10
102.27196815783492
 20
254.07496171890742
 30
0.0
  0
SPLINE
  5
232
330
17
100
AcDbEntity
  8
ENGRAVE
100
AcDbSpline
 70
0
 71
2
 72
6
 73
3
 74
0
 40
0.0
 40
0.0
 40
0.0
 40
1.0
 40
1.0
 40
1.0
 10
102.01846392606407
 20
252.55395748713659
 30
0.0
 10
102.14196815783491
 20
252.85295325536578
 30
0.0
 10
102.28495969429325
 20
253.2559447918241
 30
0.0
  0
SPLINE
  5
233
330
17
100
AcDbEntity
  8
ENGRAVE
100
AcDbSpline
 70
0
 71
2
 72
6
 73
3
 74
0
 40
0.0
 40
0.0
 40
0.0
 40
1.0
 40
1.0
 40
1.0
 10
102.28495969429325
 20
253.2559447918241
 30
0.0
 10
102.33696815783492
 20
253.33393632828242
 30
0.0
 10
102.35647662137657
 20
253.5159447918241
 30
0.0
  0
SPLINE
  5
234
330
17
100
AcDbEntity
  8
ENGRAVE
100
AcDbSpline
 70
0
 71
2
 72
6
 73
3
 74
0
 40
0.0
 40
0.0
 40
0.0
 40
1.0
 40
1.0
 40
1.0
 10
102.35647662137657
 20
253.5159447918241
 30
0.0
 10
102.37598508491824
 20
253.69795325536577
 30
0.0
 10
102.36297238960574
 20
253.87344479182408
 30
0.0
  0
SPLINE
  5
235
330
17
100
AcDbEntity
  8
ENGRAVE
100
AcDbSpline
 70
0
 71
2
 72
6
 73
3
 74
0
 40
0.0
 40
0.0
 40
0.0
 40
1.0
 40
1.0
 40
1.0
 10
101.84299354845992
 20
255.24496171890743
 30
0.0
 10
102.12897662137658
 20
255.30996171890743
 30
0.0
 10
102.43446815783491
 20
255.30996171890743
 30
0.0
  0
SPLINE
  5
236
330
17
100
AcDbEntity
  8
ENGRAVE
100
AcDbSpline
 70
0
 71
2
 72
6
 73
3
 74
0
 40
0.0
 40
0.0
 40
0.0
 40
1.0
 40
1.0
 40
1.0
 10
103.4419681578349
 20
253.2234447918241
 30
0.0
 10
103.32495969429324
 20
252.65795325536575
 30
0.0
 10
102.80495969429325
 20
251.91692786474076
 30
0.0
  0
SPLINE
  5
237
330
17
100
AcDbEntity
  8
ENGRAVE
100
AcDbSpline
 70
0
 71
2
 72
6
 73
3
 74
0
 40
0.0
 40
0.0
 40
0.0
 40
1.0
 40
1.0
 40
1.0
 10
102.43446815783491
 20
255.30996171890743
 30
0.0
 10
102.73995969429325
 20
255.30996171890743
 30
0.0
 10
102.93495969429324
 20
255.10192786474076
 30
0.0
  0
SPLINE
  5
238
330
17
100
AcDbEntity
  8
ENGRAVE
100
AcDbSpline
 70
0
 71
2
 72
6
 73
3
 74
0
 40
0.0
 40
0.0
 40
0.0
 40
1.0
 40
1.0
 40
1.0
 10
102.93495969429324
 20
255.10192786474076
 30
0.0
 10
103.23397662137658
 20
254.97192786474076
 30
0.0
 10
103.35748085314741
 20
254.75094479182408
 30
0.0
  0
SPLINE
  5
239
330
17
100
AcDbEntity
  8
ENGRAVE
100
AcDbSpline
 70
0
 71
2
 72
6
 73
3
 74
0
 40
0.0
 40
0.0
 40
0.0
 40
1.0
 40
1.0
 40
1.0
 10
103.51995969429325
 20
254.17893632828242
 30
0.0
 10
103.55897662137657
 20
253.78893632828243
 30
0.0
 10
103.4419681578349
 20
253.2234447918241
 30
0.0
  0
SPLINE
  5
23A
330
17
100
AcDbEntity
  8
ENGRAVE
100
AcDbSpline
 70
0
 71
2
 72
6
 73
3
 74
0
 40
0.0
 40
0.0
 40
0.0
 40
1.0
 40
1.0
 40
1.0
 10
103.35748085314741
 20
254.75094479182408
 30
0.0
 10
103.48098508491825
 20
254.52996171890743
 30
0.0
 10
103.51995969429325
 20
254.17893632828242
 30
0.0
  0
SPLINE
  5
23B
330
17
100
AcDbEntity
  8
ENGRAVE
100
AcDbSpline
 70
0
 71
2
 72
6
 73
3
 74
0
 40
0.0
 40
0.0
 40
0.0
 40
1.0
 40
1.0
 40
1.0
 10
104.0009427672099
 20
252.04692786474075
 30
0.0
 10
103.93594276720991
 20
252.11192786474075
 30
0.0
 10
103.96194699898075
 20
252.13143632828243
 30
0.0
  0
SPLINE
  5
23C
330
17
100
AcDbEntity
  8
ENGRAVE
100
AcDbSpline
 70
0
 71
2
 72
6
 73
3
 74
0
 40
0.0
 40
0.0
 40
0.0
 40
1.0
 40
1.0
 40
1.0
 10
104.08545123075157
 20
251.2279320965116
 30
0.0
 10
103.93594276720991
 20
251.52692786474077
 30
0.0
 10
103.97495969429325
 20
251.74795325536576
 30
0.0
  0
SPLINE
  5
23D
330
17
100
AcDbEntity
  8
ENGRAVE
100
AcDbSpline
 70
0
 71
2
 72
6
 73
3
 74
0
 40
0.0
 40
0.0
 40
0.0
 40
1.0
 40
1.0
 40
1.0
 10
104.00745969429325
 20
251.94942786474076
 30
0.0
 10
104.0009427672099
 20
252.04692786474075
 30
0.0
 10
104.0009427672099
 20
252.04692786474075
 30
0.0
  0
SPLINE
  5
23E
330
17
100
AcDbEntity
  8
ENGRAVE
100
AcDbSpline
 70
0
 71
2
 72
6
 73
3
 74
0
 40
0.0
 40
0.0
 40
0.0
 40
1.0
 40
1.0
 40
1.0
 10
103.97495969429325
 20
251.74795325536576
 30
0.0
 10
104.01397662137659
 20
251.85192786474076
 30
0.0
 10
104.00745969429325
 20
251.94942786474076
 30
0.0
  0
SPLINE
  5
23F
330
17
100
AcDbEntity
  8
ENGRAVE
100
AcDbSpline
 70
0
 71
2
 72
6
 73
3
 74
0
 40
0.0
 40
0.0
 40
0.0
 40
1.0
 40
1.0
 40
1.0
 10
103.96194699898075
 20
252.13143632828243
 30
0.0
 10
103.98795123075158
 20
252.1509447918241
 30
0.0
 10
104.01397662137659
 20
252.20295325536577
 30
0.0
  0
SPLINE
  5
240
330
17
100
AcDbEntity
  8
ENGRAVE
100
AcDbSpline
 70
0
 71
2
 72
6
 73
3
 74
0
 40
0.0
 40
0.0
 40
0.0
 40
1.0
 40
1.0
 40
1.0
 10
104.01397662137659
 20
252.20295325536577
 30
0.0
 10
104.09196815783491
 20
252.20295325536577
 30
0.0
 10
104.06594276720992
 20
252.34594479182408
 30
0.0
  0
SPLINE
  5
241
330
17
100
AcDbEntity
  8
ENGRAVE
100
AcDbSpline
 70
0
 71
2
 72
6
 73
3
 74
0
 40
0.0
 40
0.0
 40
0.0
 40
1.0
 40
1.0
 40
1.0
 10
104.48196815783491
 20
250.66893632828243
 30
0.0
 10
104.23495969429325
 20
250.92893632828242
 30
0.0
 10
104.08545123075157
 20
251.2279320965116
 30
0.0
  0
SPLINE
  5
242
330
17
100
AcDbEntity
  8
ENGRAVE
100
AcDbSpline
 70
0
 71
2
 72
6
 73
3
 74
0
 40
0.0
 40
0.0
 40
0.0
 40
1.0
 40
1.0
 40
1.0
 10
104.06594276720992
 20
252.34594479182408
 30
0.0
 10
104.03995969429324
 20
252.44996171890742
 30
0.0
 10
104.15045123075159
 20
252.79444902359492
 30
0.0
  0
SPLINE
  5
243
330
17
100
AcDbEntity
  8
ENGRAVE
100
AcDbSpline
 70
0
 71
2
 72
6
 73
3
 74
0
 40
0.0
 40
0.0
 40
0.0
 40
1.0
 40
1.0
 40
1.0
 10
104.15045123075159
 20
252.79444902359492
 30
0.0
 10
104.26094276720991
 20
253.13893632828243
 30
0.0
 10
104.45594276720992
 20
253.4509447918241
 30
0.0
  0
SPLINE
  5
244
330
17
100
AcDbEntity
  8
ENGRAVE
100
AcDbSpline
 70
0
 71
2
 72
6
 73
3
 74
0
 40
0.0
 40
0.0
 40
0.0
 40
1.0
 40
1.0
 40
1.0
 10
104.72245969429325
 20
250.48692786474075
 30
0.0
 10
104.62495969429324
 20
250.55192786474075
 30
0.0
 10
104.48196815783491
 20
250.66893632828243
 30
0.0
  0
SPLINE
  5
245
330
17
100
AcDbEntity
  8
ENGRAVE
100
AcDbSpline
 70
0
 71
2
 72
6
 73
3
 74
0
 40
0.0
 40
0.0
 40
0.0
 40
1.0
 40
1.0
 40
1.0
 10
104.45594276720992
 20
253.4509447918241
 30
0.0
 10
104.53397662137658
 20
253.5809447918241
 30
0.0
 10
104.68995969429325
 20
253.79545325536577
 30
0.0
  0
SPLINE
  5
246
330
17
100
AcDbEntity
  8
ENGRAVE
100
AcDbSpline
 70
0
 71
2
 72
6
 73
3
 74
0
 40
0.0
 40
0.0
 40
0.0
 40
1.0
 40
1.0
 40
1.0
 10
104.98897662137658
 20
250.42192786474075
 30
0.0
 10
104.81995969429325
 20
250.42192786474075
 30
0.0
 10
104.72245969429325
 20
250.48692786474075
 30
0.0
  0
SPLINE
  5
247
330
17
100
AcDbEntity
  8
ENGRAVE
100
AcDbSpline
 70
0
 71
2
 72
6
 73
3
 74
0
 40
0.0
 40
0.0
 40
0.0
 40
1.0
 40
1.0
 40
1.0
 10
105.59995969429325
 20
250.48694902359492
 30
0.0
 10
105.28795123075157
 20
250.44795325536577
 30
0.0
 10
104.98897662137658
 20
250.42192786474075
 30
0.0
  0
SPLINE
  5
248
330
17
100
AcDbEntity
  8
ENGRAVE
100
AcDbSpline
 70
0
 71
2
 72
6
 73
3
 74
0
 40
0.0
 40
0.0
 40
0.0
 40
1.0
 40
1.0
 40
1.0
 10
104.68995969429325
 20
253.79545325536577
 30
0.0
 10
104.8459427672099
 20
254.00996171890742
 30
0.0
 10
105.03444699898074
 20
254.22444902359493
 30
0.0
  0
SPLINE
  5
249
330
17
100
AcDbEntity
  8
ENGRAVE
100
AcDbSpline
 70
0
 71
2
 72
6
 73
3
 74
0
 40
0.0
 40
0.0
 40
0.0
 40
1.0
 40
1.0
 40
1.0
 10
105.72346392606408
 20
253.19746171890742
 30
0.0
 10
105.39196815783491
 20
252.77496171890743
 30
0.0
 10
105.26196815783491
 20
252.16393632828243
 30
0.0
  0
SPLINE
  5
24A
330
17
100
AcDbEntity
  8
ENGRAVE
100
AcDbSpline
 70
0
 71
2
 72
6
 73
3
 74
0
 40
0.0
 40
0.0
 40
0.0
 40
1.0
 40
1.0
 40
1.0
 10
105.03444699898074
 20
254.22444902359493
 30
0.0
 10
105.22295123075158
 20
254.43893632828244
 30
0.0
 10
105.37897662137658
 20
254.56893632828243
 30
0.0
  0
SPLINE
  5
24B
330
17
100
AcDbEntity
  8
ENGRAVE
100
AcDbSpline
 70
0
 71
2
 72
6
 73
3
 74
0
 40
0.0
 40
0.0
 40
0.0
 40
1.0
 40
1.0
 40
1.0
 10
105.26196815783491
 20
252.16393632828243
 30
0.0
 10
105.20995969429325
 20
251.68295325536576
 30
0.0
 10
105.48295123075158
 20
251.5789574871366
 30
0.0
  0
SPLINE
  5
24C
330
17
100
AcDbEntity
  8
ENGRAVE
100
AcDbSpline
 70
0
 71
2
 72
6
 73
3
 74
0
 40
0.0
 40
0.0
 40
0.0
 40
1.0
 40
1.0
 40
1.0
 10
106.18495969429324
 20
250.70795325536577
 30
0.0
 10
105.9119681578349
 20
250.5259447918241
 30
0.0
 10
105.59995969429325
 20
250.48694902359492
 30
0.0
  0
SPLINE
  5
24D
330
17
100
AcDbEntity
  8
ENGRAVE
100
AcDbSpline
 70
0
 71
2
 72
6
 73
3
 74
0
 40
0.0
 40
0.0
 40
0.0
 40
1.0
 40
1.0
 40
1.0
 10
106.44495969429325
 20
253.94496171890742
 30
0.0
 10
106.05495969429325
 20
253.61996171890743
 30
0.0
 10
105.72346392606408
 20
253.19746171890742
 30
0.0
  0
SPLINE
  5
24E
330
17
100
AcDbEntity
  8
ENGRAVE
100
AcDbSpline
 70
0
 71
2
 72
6
 73
3
 74
0
 40
0.0
 40
0.0
 40
0.0
 40
1.0
 40
1.0
 40
1.0
 10
105.37897662137658
 20
254.56893632828243
 30
0.0
 10
105.70397662137658
 20
254.84192786474077
 30
0.0
 10
105.98346392606408
 20
255.0109447918241
 30
0.0
  0
SPLINE
  5
24F
330
17
100
AcDbEntity
  8
ENGRAVE
100
AcDbSpline
 70
0
 71
2
 72
6
 73
3
 74
0
 40
0.0
 40
0.0
 40
0.0
 40
1.0
 40
1.0
 40
1.0
 10
106.87395546252242
 20
251.18893632828244
 30
0.0
 10
106.56196815783491
 20
250.92893632828242
 30
0.0
 10
106.18495969429324
 20
250.70795325536577
 30
0.0
  0
SPLINE
  5
250
330
17
100
AcDbEntity
  8
ENGRAVE
100
AcDbSpline
 70
0
 71
2
 72
6
 73
3
 74
0
 40
0.0
 40
0.0
 40
0.0
 40
1.0
 40
1.0
 40
1.0
 10
105.48295123075158
 20
251.5789574871366
 30
0.0
 10
105.75594276720992
 20
251.47496171890742
 30
0.0
 10
106.31495969429325
 20
252.00795325536575
 30
0.0
  0
SPLINE
  5
251
330
17
100
AcDbEntity
  8
ENGRAVE
100
AcDbSpline
 70
0
 71
2
 72
6
 73
3
 74
0
 40
0.0
 40
0.0
 40
0.0
 40
1.0
 40
1.0
 40
1.0
 10
106.74395546252241
 20
254.12045325536576
 30
0.0
 10
106.62696815783491
 20
254.07496171890742
 30
0.0
 10
106.44495969429325
 20
253.94496171890742
 30
0.0
  0
SPLINE
  5
252
330
17
100
AcDbEntity
  8
ENGRAVE
100
AcDbSpline
 70
0
 71
2
 72
6
 73
3
 74
0
 40
0.0
 40
0.0
 40
0.0
 40
1.0
 40
1.0
 40
1.0
 10
105.98346392606408
 20
255.0109447918241
 30
0.0
 10
106.26295123075158
 20
255.17996171890744
 30
0.0
 10
106.54897662137658
 20
255.24496171890743
 30
0.0
  0
SPLINE
  5
253
330
17
100
AcDbEntity
  8
ENGRAVE
100
AcDbSpline
 70
0
 71
2
 72
6
 73
3
 74
0
 40
0.0
 40
0.0
 40
0.0
 40
1.0
 40
1.0
 40
1.0
 10
106.31495969429325
 20
252.00795325536575
 30
0.0
 10
106.60094276720992
 20
252.25496171890742
 30
0.0
 10
106.72444699898074
 20
252.55395748713659
 30
0.0
  0
SPLINE
  5
254
330
17
100
AcDbEntity
  8
ENGRAVE
100
AcDbSpline
 70
0
 71
2
 72
6
 73
3
 74
0
 40
0.0
 40
0.0
 40
0.0
 40
1.0
 40
1.0
 40
1.0
 10
106.97795123075159
 20
254.07496171890742
 30
0.0
 10
106.8609427672099
 20
254.1659447918241
 30
0.0
 10
106.74395546252241
 20
254.12045325536576
 30
0.0
  0
SPLINE
  5
255
330
17
100
AcDbEntity
  8
ENGRAVE
100
AcDbSpline
 70
0
 71
2
 72
6
 73
3
 74
0
 40
0.0
 40
0.0
 40
0.0
 40
1.0
 40
1.0
 40
1.0
 10
107.51094276720991
 20
251.91692786474076
 30
0.0
 10
107.18594276720991
 20
251.44893632828243
 30
0.0
 10
106.87395546252242
 20
251.18893632828244
 30
0.0
  0
SPLINE
  5
256
330
17
100
AcDbEntity
  8
ENGRAVE
100
AcDbSpline
 70
0
 71
2
 72
6
 73
3
 74
0
 40
0.0
 40
0.0
 40
0.0
 40
1.0
 40
1.0
 40
1.0
 10
107.06895546252241
 20
253.87344479182408
 30
0.0
 10
107.05594276720991
 20
254.04893632828242
 30
0.0
 10
106.97795123075159
 20
254.07496171890742
 30
0.0
  0
SPLINE
  5
257
330
17
100
AcDbEntity
  8
ENGRAVE
100
AcDbSpline
 70
0
 71
2
 72
6
 73
3
 74
0
 40
0.0
 40
0.0
 40
0.0
 40
1.0
 40
1.0
 40
1.0
 10
106.72444699898074
 20
252.55395748713659
 30
0.0
 10
106.84795123075158
 20
252.85295325536578
 30
0.0
 10
106.99094276720992
 20
253.2559447918241
 30
0.0
  0
SPLINE
  5
258
330
17
100
AcDbEntity
  8
ENGRAVE
100
AcDbSpline
 70
0
 71
2
 72
6
 73
3
 74
0
 40
0.0
 40
0.0
 40
0.0
 40
1.0
 40
1.0
 40
1.0
 10
106.99094276720992
 20
253.2559447918241
 30
0.0
 10
107.04295123075158
 20
253.33393632828242
 30
0.0
 10
107.06245969429324
 20
253.5159447918241
 30
0.0
  0
SPLINE
  5
259
330
17
100
AcDbEntity
  8
ENGRAVE
100
AcDbSpline
 70
0
 71
2
 72
6
 73
3
 74
0
 40
0.0
 40
0.0
 40
0.0
 40
1.0
 40
1.0
 40
1.0
 10
107.06245969429324
 20
253.5159447918241
 30
0.0
 10
107.08196815783491
 20
253.69795325536577
 30
0.0
 10
107.06895546252241
 20
253.87344479182408
 30
0.0
  0
SPLINE
  5
25A
330
17
100
AcDbEntity
  8
ENGRAVE
100
AcDbSpline
 70
0
 71
2
 72
6
 73
3
 74
0
 40
0.0
 40
0.0
 40
0.0
 40
1.0
 40
1.0
 40
1.0
 10
106.54897662137658
 20
255.24496171890743
 30
0.0
 10
106.83495969429325
 20
255.30996171890743
 30
0.0
 10
107.14045123075158
 20
255.30996171890743
 30
0.0
  0
SPLINE
  5
25B
330
17
100
AcDbEntity
  8
ENGRAVE
100
AcDbSpline
 70
0
 71
2
 72
6
 73
3
 74
0
 40
0.0
 40
0.0
 40
0.0
 40
1.0
 40
1.0
 40
1.0
 10
108.14795123075157
 20
253.2234447918241
 30
0.0
 10
108.03094276720991
 20
252.65795325536575
 30
0.0
 10
107.51094276720991
 20
251.91692786474076
 30
0.0
  0
SPLINE
  5
25C
330
17
100
AcDbEntity
  8
ENGRAVE
100
AcDbSpline
 70
0
 71
2
 72
6
 73
3
 74
0
 40
0.0
 40
0.0
 40
0.0
 40
1.0
 40
1.0
 40
1.0
 10
107.14045123075158
 20
255.30996171890743
 30
0.0
 10
107.44594276720991
 20
255.30996171890743
 30
0.0
 10
107.6409427672099
 20
255.10192786474076
 30
0.0
  0
SPLINE
  5
25D
330
17
100
AcDbEntity
  8
ENGRAVE
100
AcDbSpline
 70
0
 71
2
 72
6
 73
3
 74
0
 40
0.0
 40
0.0
 40
0.0
 40
1.0
 40
1.0
 40
1.0
 10
107.6409427672099
 20
255.10192786474076
 30
0.0
 10
107.93995969429325
 20
254.97192786474076
 30
0.0
 10
108.06346392606407
 20
254.75094479182408
 30
0.0
  0
SPLINE
  5
25E
330
17
100
AcDbEntity
  8
ENGRAVE
100
AcDbSpline
 70
0
 71
2
 72
6
 73
3
 74
0
 40
0.0
 40
0.0
 40
0.0
 40
1.0
 40
1.0
 40
1.0
 10
108.22594276720992
 20
254.17893632828242
 30
0.0
 10
108.26495969429324
 20
253.78893632828243
 30
0.0
 10
108.14795123075157
 20
253.2234447918241
 30
0.0
  0
SPLINE
  5
25F
330
17
100
AcDbEntity
  8
ENGRAVE
100
AcDbSpline
 70
0
 71
2
 72
6
 73
3
 74
0
 40
0.0
 40
0.0
 40
0.0
 40
1.0
 40
1.0
 40
1.0
 10
108.06346392606407
 20
254.75094479182408
 30
0.0
 10
108.18696815783491
 20
254.52996171890743
 30
0.0
 10
108.22594276720992
 20
254.17893632828242
 30
0.0
  0
SPLINE
  5
260
330
17
100
AcDbEntity
  8
ENGRAVE
100
AcDbSpline
 70
0
 71
2
 72
6
 73
3
 74
0
 40
0.0
 40
0.0
 40
0.0
 40
1.0
 40
1.0
 40
1.0
 10
108.8759427672099
 20
251.25393632828244
 30
0.0
 10
108.82393430366824
 20
251.29295325536577
 30
0.0
 10
108.81743853543908
 20
251.5984447918241
 30
0.0
  0
SPLINE
  5
261
330
17
100
AcDbEntity
  8
ENGRAVE
100
AcDbSpline
 70
0
 71
2
 72
6
 73
3
 74
0
 40
0.0
 40
0.0
 40
0.0
 40
1.0
 40
1.0
 40
1.0
 10
108.81743853543908
 20
251.5984447918241
 30
0.0
 10
108.81094276720991
 20
251.90393632828244
 30
0.0
 10
108.84993853543908
 20
252.28094479182408
 30
0.0
  0
SPLINE
  5
262
330
17
100
AcDbEntity
  8
ENGRAVE
100
AcDbSpline
 70
0
 71
2
 72
6
 73
3
 74
0
 40
0.0
 40
0.0
 40
0.0
 40
1.0
 40
1.0
 40
1.0
 10
108.9084427672099
 20
251.21494056005326
 30
0.0
 10
108.8759427672099
 20
251.25393632828244
 30
0.0
 10
108.8759427672099
 20
251.25393632828244
 30
0.0
  0
SPLINE
  5
263
330
17
100
AcDbEntity
  8
ENGRAVE
100
AcDbSpline
 70
0
 71
2
 72
6
 73
3
 74
0
 40
0.0
 40
0.0
 40
0.0
 40
1.0
 40
1.0
 40
1.0
 10
108.94094276720992
 20
251.14996171890743
 30
0.0
 10
108.94094276720992
 20
251.1759447918241
 30
0.0
 10
108.9084427672099
 20
251.21494056005326
 30
0.0
  0
SPLINE
  5
264
330
17
100
AcDbEntity
  8
ENGRAVE
100
AcDbSpline
 70
0
 71
2
 72
6
 73
3
 74
0
 40
0.0
 40
0.0
 40
0.0
 40
1.0
 40
1.0
 40
1.0
 10
109.11645546252241
 20
250.8314574871366
 30
0.0
 10
108.97995969429324
 20
251.01996171890744
 30
0.0
 10
108.94094276720992
 20
251.14996171890743
 30
0.0
  0
SPLINE
  5
265
330
17
100
AcDbEntity
  8
ENGRAVE
100
AcDbSpline
 70
0
 71
2
 72
6
 73
3
 74
0
 40
0.0
 40
0.0
 40
0.0
 40
1.0
 40
1.0
 40
1.0
 10
108.84993853543908
 20
252.28094479182408
 30
0.0
 10
108.88893430366825
 20
252.65795325536575
 30
0.0
 10
108.94094276720992
 20
252.87893632828244
 30
0.0
  0
SPLINE
  5
266
330
17
100
AcDbEntity
  8
ENGRAVE
100
AcDbSpline
 70
0
 71
2
 72
6
 73
3
 74
0
 40
0.0
 40
0.0
 40
0.0
 40
1.0
 40
1.0
 40
1.0
 10
109.03844276720992
 20
255.08893632828241
 30
0.0
 10
108.97995969429324
 20
255.16692786474076
 30
0.0
 10
108.97995969429324
 20
255.21893632828244
 30
0.0
  0
SPLINE
  5
267
330
17
100
AcDbEntity
  8
ENGRAVE
100
AcDbSpline
 70
0
 71
2
 72
6
 73
3
 74
0
 40
0.0
 40
0.0
 40
0.0
 40
1.0
 40
1.0
 40
1.0
 10
109.18795123075158
 20
254.9849617189074
 30
0.0
 10
109.09692584012657
 20
255.0109447918241
 30
0.0
 10
109.03844276720992
 20
255.08893632828241
 30
0.0
  0
SPLINE
  5
268
330
17
100
AcDbEntity
  8
ENGRAVE
100
AcDbSpline
 70
0
 71
2
 72
6
 73
3
 74
0
 40
0.0
 40
0.0
 40
0.0
 40
1.0
 40
1.0
 40
1.0
 10
108.97995969429324
 20
255.21893632828244
 30
0.0
 10
108.97995969429324
 20
255.32295325536577
 30
0.0
 10
109.09694699898074
 20
255.51795325536577
 30
0.0
  0
SPLINE
  5
269
330
17
100
AcDbEntity
  8
ENGRAVE
100
AcDbSpline
 70
0
 71
2
 72
6
 73
3
 74
0
 40
0.0
 40
0.0
 40
0.0
 40
1.0
 40
1.0
 40
1.0
 10
109.42194699898074
 20
250.4934447918241
 30
0.0
 10
109.25295123075158
 20
250.64295325536577
 30
0.0
 10
109.11645546252241
 20
250.8314574871366
 30
0.0
  0
SPLINE
  5
26A
330
17
100
AcDbEntity
  8
ENGRAVE
100
AcDbSpline
 70
0
 71
2
 72
6
 73
3
 74
0
 40
0.0
 40
0.0
 40
0.0
 40
1.0
 40
1.0
 40
1.0
 10
108.94094276720992
 20
252.87893632828244
 30
0.0
 10
109.00594276720992
 20
253.08692786474077
 30
0.0
 10
109.13594276720991
 20
253.44442786474076
 30
0.0
  0
SPLINE
  5
26B
330
17
100
AcDbEntity
  8
ENGRAVE
100
AcDbSpline
 70
0
 71
2
 72
6
 73
3
 74
0
 40
0.0
 40
0.0
 40
0.0
 40
1.0
 40
1.0
 40
1.0
 10
109.09694699898074
 20
255.51795325536577
 30
0.0
 10
109.21393430366824
 20
255.71295325536576
 30
0.0
 10
109.2659427672099
 20
255.71295325536576
 30
0.0
  0
SPLINE
  5
26C
330
17
100
AcDbEntity
  8
ENGRAVE
100
AcDbSpline
 70
0
 71
2
 72
6
 73
3
 74
0
 40
0.0
 40
0.0
 40
0.0
 40
1.0
 40
1.0
 40
1.0
 10
109.13594276720991
 20
253.44442786474076
 30
0.0
 10
109.2659427672099
 20
253.80192786474078
 30
0.0
 10
109.35692584012658
 20
254.08795325536576
 30
0.0
  0
SPLINE
  5
26D
330
17
100
AcDbEntity
  8
ENGRAVE
100
AcDbSpline
 70
0
 71
2
 72
6
 73
3
 74
0
 40
0.0
 40
0.0
 40
0.0
 40
1.0
 40
1.0
 40
1.0
 10
109.73393430366825
 20
250.31795325536575
 30
0.0
 10
109.59094276720991
 20
250.34393632828244
 30
0.0
 10
109.42194699898074
 20
250.4934447918241
 30
0.0
  0
SPLINE
  5
26E
330
17
100
AcDbEntity
  8
ENGRAVE
100
AcDbSpline
 70
0
 71
2
 72
6
 73
3
 74
0
 40
0.0
 40
0.0
 40
0.0
 40
1.0
 40
1.0
 40
1.0
 10
109.2659427672099
 20
255.71295325536576
 30
0.0
 10
109.3309427672099
 20
255.69996171890742
 30
0.0
 10
109.50643430366824
 20
255.69996171890742
 30
0.0
  0
SPLINE
  5
26F
330
17
100
AcDbEntity
  8
ENGRAVE
100
AcDbSpline
 70
0
 71
2
 72
6
 73
3
 74
0
 40
0.0
 40
0.0
 40
0.0
 40
1.0
 40
1.0
 40
1.0
 10
110.65692584012658
 20
250.3309447918241
 30
0.0
 10
110.07192584012658
 20
250.25295325536575
 30
0.0
 10
109.73393430366825
 20
250.31795325536575
 30
0.0
  0
SPLINE
  5
270
330
17
100
AcDbEntity
  8
ENGRAVE
100
AcDbSpline
 70
0
 71
2
 72
6
 73
3
 74
0
 40
0.0
 40
0.0
 40
0.0
 40
1.0
 40
1.0
 40
1.0
 10
110.06543007189741
 20
252.8334447918241
 30
0.0
 10
109.94192584012657
 20
252.33295325536577
 30
0.0
 10
109.85094276720992
 20
251.83893632828241
 30
0.0
  0
SPLINE
  5
271
330
17
100
AcDbEntity
  8
ENGRAVE
100
AcDbSpline
 70
0
 71
2
 72
6
 73
3
 74
0
 40
0.0
 40
0.0
 40
0.0
 40
1.0
 40
1.0
 40
1.0
 10
109.50643430366824
 20
255.69996171890742
 30
0.0
 10
109.68192584012658
 20
255.69996171890742
 30
0.0
 10
109.85094276720992
 20
255.71295325536576
 30
0.0
  0
SPLINE
  5
272
330
17
100
AcDbEntity
  8
ENGRAVE
100
AcDbSpline
 70
0
 71
2
 72
6
 73
3
 74
0
 40
0.0
 40
0.0
 40
0.0
 40
1.0
 40
1.0
 40
1.0
 10
109.85094276720992
 20
251.83893632828241
 30
0.0
 10
109.81192584012658
 20
251.59192786474077
 30
0.0
 10
109.87043007189742
 20
251.48143632828243
 30
0.0
  0
SPLINE
  5
273
330
17
100
AcDbEntity
  8
ENGRAVE
100
AcDbSpline
 70
0
 71
2
 72
6
 73
3
 74
0
 40
0.0
 40
0.0
 40
0.0
 40
1.0
 40
1.0
 40
1.0
 10
109.85094276720992
 20
255.71295325536576
 30
0.0
 10
110.01995969429325
 20
255.7259447918241
 30
0.0
 10
110.05893430366825
 20
255.73893632828242
 30
0.0
  0
SPLINE
  5
274
330
17
100
AcDbEntity
  8
ENGRAVE
100
AcDbSpline
 70
0
 71
2
 72
6
 73
3
 74
0
 40
0.0
 40
0.0
 40
0.0
 40
1.0
 40
1.0
 40
1.0
 10
110.37094276720991
 20
253.87996171890742
 30
0.0
 10
110.18893430366825
 20
253.33393632828242
 30
0.0
 10
110.06543007189741
 20
252.8334447918241
 30
0.0
  0
SPLINE
  5
275
330
17
100
AcDbEntity
  8
ENGRAVE
100
AcDbSpline
 70
0
 71
2
 72
6
 73
3
 74
0
 40
0.0
 40
0.0
 40
0.0
 40
1.0
 40
1.0
 40
1.0
 10
110.05893430366825
 20
255.73893632828242
 30
0.0
 10
110.1109427672099
 20
255.76496171890741
 30
0.0
 10
110.16295123075157
 20
255.81045325536576
 30
0.0
  0
SPLINE
  5
276
330
17
100
AcDbEntity
  8
ENGRAVE
100
AcDbSpline
 70
0
 71
2
 72
6
 73
3
 74
0
 40
0.0
 40
0.0
 40
0.0
 40
1.0
 40
1.0
 40
1.0
 10
109.87043007189742
 20
251.48143632828243
 30
0.0
 10
109.92893430366824
 20
251.3709447918241
 30
0.0
 10
110.20192584012658
 20
251.34496171890743
 30
0.0
  0
SPLINE
  5
277
330
17
100
AcDbEntity
  8
ENGRAVE
100
AcDbSpline
 70
0
 71
2
 72
6
 73
3
 74
0
 40
0.0
 40
0.0
 40
0.0
 40
1.0
 40
1.0
 40
1.0
 10
110.16295123075157
 20
255.81045325536576
 30
0.0
 10
110.21495969429324
 20
255.8559447918241
 30
0.0
 10
110.24094276720992
 20
255.94692786474076
 30
0.0
  0
SPLINE
  5
278
330
17
100
AcDbEntity
  8
ENGRAVE
100
AcDbSpline
 70
0
 71
2
 72
6
 73
3
 74
0
 40
0.0
 40
0.0
 40
0.0
 40
1.0
 40
1.0
 40
1.0
 10
110.24094276720992
 20
255.94692786474076
 30
0.0
 10
110.30594276720991
 20
256.08996171890743
 30
0.0
 10
110.35795123075158
 20
256.1679532553658
 30
0.0
  0
SPLINE
  5
279
330
17
100
AcDbEntity
  8
ENGRAVE
100
AcDbSpline
 70
0
 71
2
 72
6
 73
3
 74
0
 40
0.0
 40
0.0
 40
0.0
 40
1.0
 40
1.0
 40
1.0
 10
110.63094276720992
 20
254.3609447918241
 30
0.0
 10
110.52692584012658
 20
254.13996171890741
 30
0.0
 10
110.37094276720991
 20
253.87996171890742
 30
0.0
  0
SPLINE
  5
27A
330
17
100
AcDbEntity
  8
ENGRAVE
100
AcDbSpline
 70
0
 71
2
 72
6
 73
3
 74
0
 40
0.0
 40
0.0
 40
0.0
 40
1.0
 40
1.0
 40
1.0
 10
110.35795123075158
 20
256.1679532553658
 30
0.0
 10
110.40995969429325
 20
256.2459447918241
 30
0.0
 10
110.5009427672099
 20
256.40192786474074
 30
0.0
  0
SPLINE
  5
27B
330
17
100
AcDbEntity
  8
ENGRAVE
100
AcDbSpline
 70
0
 71
2
 72
6
 73
3
 74
0
 40
0.0
 40
0.0
 40
0.0
 40
1.0
 40
1.0
 40
1.0
 10
110.20192584012658
 20
251.34496171890743
 30
0.0
 10
110.34495969429325
 20
251.33192786474075
 30
0.0
 10
110.61795123075157
 20
251.35143632828243
 30
0.0
  0
SPLINE
  5
27C
330
17
100
AcDbEntity
  8
ENGRAVE
100
AcDbSpline
 70
0
 71
2
 72
6
 73
3
 74
0
 40
0.0
 40
0.0
 40
0.0
 40
1.0
 40
1.0
 40
1.0
 10
110.78692584012657
 20
254.63393632828243
 30
0.0
 10
110.73495969429325
 20
254.58192786474075
 30
0.0
 10
110.63094276720992
 20
254.3609447918241
 30
0.0
  0
SPLINE
  5
27D
330
17
100
AcDbEntity
  8
ENGRAVE
100
AcDbSpline
 70
0
 71
2
 72
6
 73
3
 74
0
 40
0.0
 40
0.0
 40
0.0
 40
1.0
 40
1.0
 40
1.0
 10
110.5009427672099
 20
256.40192786474074
 30
0.0
 10
110.59192584012658
 20
256.5709447918241
 30
0.0
 10
110.65043007189742
 20
256.68795325536576
 30
0.0
  0
SPLINE
  5
27E
330
17
100
AcDbEntity
  8
ENGRAVE
100
AcDbSpline
 70
0
 71
2
 72
6
 73
3
 74
0
 40
0.0
 40
0.0
 40
0.0
 40
1.0
 40
1.0
 40
1.0
 10
111.82692584012658
 20
250.77295325536576
 30
0.0
 10
111.24192584012658
 20
250.40893632828244
 30
0.0
 10
110.65692584012658
 20
250.3309447918241
 30
0.0
  0
SPLINE
  5
27F
330
17
100
AcDbEntity
  8
ENGRAVE
100
AcDbSpline
 70
0
 71
2
 72
6
 73
3
 74
0
 40
0.0
 40
0.0
 40
0.0
 40
1.0
 40
1.0
 40
1.0
 10
110.88444699898075
 20
254.7964574871366
 30
0.0
 10
110.83893430366824
 20
254.73795325536577
 30
0.0
 10
110.78692584012657
 20
254.63393632828243
 30
0.0
  0
SPLINE
  5
280
330
17
100
AcDbEntity
  8
ENGRAVE
100
AcDbSpline
 70
0
 71
2
 72
6
 73
3
 74
0
 40
0.0
 40
0.0
 40
0.0
 40
1.0
 40
1.0
 40
1.0
 10
110.65043007189742
 20
256.68795325536576
 30
0.0
 10
110.70893430366824
 20
256.8049617189074
 30
0.0
 10
110.83893430366824
 20
257.01295325536574
 30
0.0
  0
SPLINE
  5
281
330
17
100
AcDbEntity
  8
ENGRAVE
100
AcDbSpline
 70
0
 71
2
 72
6
 73
3
 74
0
 40
0.0
 40
0.0
 40
0.0
 40
1.0
 40
1.0
 40
1.0
 10
111.03393430366825
 20
254.8809447918241
 30
0.0
 10
110.92995969429325
 20
254.85496171890742
 30
0.0
 10
110.88444699898075
 20
254.7964574871366
 30
0.0
  0
SPLINE
  5
282
330
17
100
AcDbEntity
  8
ENGRAVE
100
AcDbSpline
 70
0
 71
2
 72
6
 73
3
 74
0
 40
0.0
 40
0.0
 40
0.0
 40
1.0
 40
1.0
 40
1.0
 10
110.83893430366824
 20
257.01295325536574
 30
0.0
 10
110.90393430366825
 20
257.10393632828243
 30
0.0
 10
110.98194699898075
 20
257.2339363282824
 30
0.0
  0
SPLINE
  5
283
330
17
100
AcDbEntity
  8
ENGRAVE
100
AcDbSpline
 70
0
 71
2
 72
6
 73
3
 74
0
 40
0.0
 40
0.0
 40
0.0
 40
1.0
 40
1.0
 40
1.0
 10
111.18993853543908
 20
254.90692786474077
 30
0.0
 10
111.13795123075158
 20
254.90692786474077
 30
0.0
 10
111.03393430366825
 20
254.8809447918241
 30
0.0
  0
SPLINE
  5
284
330
17
100
AcDbEntity
  8
ENGRAVE
100
AcDbSpline
 70
0
 71
2
 72
6
 73
3
 74
0
 40
0.0
 40
0.0
 40
0.0
 40
1.0
 40
1.0
 40
1.0
 10
110.61795123075157
 20
251.35143632828243
 30
0.0
 10
110.8909427672099
 20
251.3709447918241
 30
0.0
 10
111.07295123075158
 20
251.42295325536577
 30
0.0
  0
SPLINE
  5
285
330
17
100
AcDbEntity
  8
ENGRAVE
100
AcDbSpline
 70
0
 71
2
 72
6
 73
3
 74
0
 40
0.0
 40
0.0
 40
0.0
 40
1.0
 40
1.0
 40
1.0
 10
110.98194699898075
 20
257.2339363282824
 30
0.0
 10
111.05995969429324
 20
257.3639363282824
 30
0.0
 10
111.17692584012657
 20
257.45496171890744
 30
0.0
  0
SPLINE
  5
286
330
17
100
AcDbEntity
  8
ENGRAVE
100
AcDbSpline
 70
0
 71
2
 72
6
 73
3
 74
0
 40
0.0
 40
0.0
 40
0.0
 40
1.0
 40
1.0
 40
1.0
 10
111.41094276720992
 20
254.91996171890742
 30
0.0
 10
111.24192584012658
 20
254.90692786474077
 30
0.0
 10
111.18993853543908
 20
254.90692786474077
 30
0.0
  0
SPLINE
  5
287
330
17
100
AcDbEntity
  8
ENGRAVE
100
AcDbSpline
 70
0
 71
2
 72
6
 73
3
 74
0
 40
0.0
 40
0.0
 40
0.0
 40
1.0
 40
1.0
 40
1.0
 10
111.07295123075158
 20
251.42295325536577
 30
0.0
 10
111.21594276720991
 20
251.48795325536577
 30
0.0
 10
111.37194699898075
 20
251.55944902359494
 30
0.0
  0
SPLINE
  5
288
330
17
100
AcDbEntity
  8
ENGRAVE
100
AcDbSpline
 70
0
 71
2
 72
6
 73
3
 74
0
 40
0.0
 40
0.0
 40
0.0
 40
1.0
 40
1.0
 40
1.0
 10
111.7359427672099
 20
254.9264574871366
 30
0.0
 10
111.51495969429324
 20
254.91996171890742
 30
0.0
 10
111.41094276720992
 20
254.91996171890742
 30
0.0
  0
SPLINE
  5
289
330
17
100
AcDbEntity
  8
ENGRAVE
100
AcDbSpline
 70
0
 71
2
 72
6
 73
3
 74
0
 40
0.0
 40
0.0
 40
0.0
 40
1.0
 40
1.0
 40
1.0
 10
111.54094276720991
 20
256.14192786474075
 30
0.0
 10
111.33295123075158
 20
255.8559447918241
 30
0.0
 10
111.46295123075157
 20
255.81694902359493
 30
0.0
  0
SPLINE
  5
28A
330
17
100
AcDbEntity
  8
ENGRAVE
100
AcDbSpline
 70
0
 71
2
 72
6
 73
3
 74
0
 40
0.0
 40
0.0
 40
0.0
 40
1.0
 40
1.0
 40
1.0
 10
111.79444699898075
 20
256.5384447918241
 30
0.0
 10
111.65795123075158
 20
256.36295325536577
 30
0.0
 10
111.54094276720991
 20
256.14192786474075
 30
0.0
  0
SPLINE
  5
28B
330
17
100
AcDbEntity
  8
ENGRAVE
100
AcDbSpline
 70
0
 71
2
 72
6
 73
3
 74
0
 40
0.0
 40
0.0
 40
0.0
 40
1.0
 40
1.0
 40
1.0
 10
111.17692584012657
 20
257.45496171890744
 30
0.0
 10
111.29393430366825
 20
257.5589363282824
 30
0.0
 10
111.56043007189741
 20
257.60444902359495
 30
0.0
  0
SPLINE
  5
28C
330
17
100
AcDbEntity
  8
ENGRAVE
100
AcDbSpline
 70
0
 71
2
 72
6
 73
3
 74
0
 40
0.0
 40
0.0
 40
0.0
 40
1.0
 40
1.0
 40
1.0
 10
111.37194699898075
 20
251.55944902359494
 30
0.0
 10
111.52795123075158
 20
251.6309447918241
 30
0.0
 10
111.65795123075158
 20
251.70893632828242
 30
0.0
  0
SPLINE
  5
28D
330
17
100
AcDbEntity
  8
ENGRAVE
100
AcDbSpline
 70
0
 71
2
 72
6
 73
3
 74
0
 40
0.0
 40
0.0
 40
0.0
 40
1.0
 40
1.0
 40
1.0
 10
112.26893430366825
 20
254.9849617189074
 30
0.0
 10
111.95692584012657
 20
254.93295325536576
 30
0.0
 10
111.7359427672099
 20
254.9264574871366
 30
0.0
  0
SPLINE
  5
28E
330
17
100
AcDbEntity
  8
ENGRAVE
100
AcDbSpline
 70
0
 71
2
 72
6
 73
3
 74
0
 40
0.0
 40
0.0
 40
0.0
 40
1.0
 40
1.0
 40
1.0
 10
112.03495969429325
 20
256.9349617189074
 30
0.0
 10
111.93094276720991
 20
256.71393632828244
 30
0.0
 10
111.79444699898075
 20
256.5384447918241
 30
0.0
  0
SPLINE
  5
28F
330
17
100
AcDbEntity
  8
ENGRAVE
100
AcDbSpline
 70
0
 71
2
 72
6
 73
3
 74
0
 40
0.0
 40
0.0
 40
0.0
 40
1.0
 40
1.0
 40
1.0
 10
112.30795123075158
 20
251.22143632828244
 30
0.0
 10
112.24295123075157
 20
251.00692786474076
 30
0.0
 10
111.82692584012658
 20
250.77295325536576
 30
0.0
  0
SPLINE
  5
290
330
17
100
AcDbEntity
  8
ENGRAVE
100
AcDbSpline
 70
0
 71
2
 72
6
 73
3
 74
0
 40
0.0
 40
0.0
 40
0.0
 40
1.0
 40
1.0
 40
1.0
 10
111.65795123075158
 20
251.70893632828242
 30
0.0
 10
111.77495969429324
 20
251.77393632828242
 30
0.0
 10
111.89194699898074
 20
251.8454320965116
 30
0.0
  0
SPLINE
  5
291
330
17
100
AcDbEntity
  8
ENGRAVE
100
AcDbSpline
 70
0
 71
2
 72
6
 73
3
 74
0
 40
0.0
 40
0.0
 40
0.0
 40
1.0
 40
1.0
 40
1.0
 10
111.89194699898074
 20
251.8454320965116
 30
0.0
 10
112.00893430366824
 20
251.91692786474076
 30
0.0
 10
112.00893430366824
 20
251.91692786474076
 30
0.0
  0
SPLINE
  5
292
330
17
100
AcDbEntity
  8
ENGRAVE
100
AcDbSpline
 70
0
 71
2
 72
6
 73
3
 74
0
 40
0.0
 40
0.0
 40
0.0
 40
1.0
 40
1.0
 40
1.0
 10
111.56043007189741
 20
257.60444902359495
 30
0.0
 10
111.82692584012658
 20
257.64996171890743
 30
0.0
 10
112.02192584012658
 20
257.4809447918241
 30
0.0
  0
SPLINE
  5
293
330
17
100
AcDbEntity
  8
ENGRAVE
100
AcDbSpline
 70
0
 71
2
 72
6
 73
3
 74
0
 40
0.0
 40
0.0
 40
0.0
 40
1.0
 40
1.0
 40
1.0
 10
112.13893430366825
 20
257.2339363282824
 30
0.0
 10
112.15192584012658
 20
257.1169278647408
 30
0.0
 10
112.03495969429325
 20
256.9349617189074
 30
0.0
  0
SPLINE
  5
294
330
17
100
AcDbEntity
  8
ENGRAVE
100
AcDbSpline
 70
0
 71
2
 72
6
 73
3
 74
0
 40
0.0
 40
0.0
 40
0.0
 40
1.0
 40
1.0
 40
1.0
 10
112.02192584012658
 20
257.4809447918241
 30
0.0
 10
112.1259427672099
 20
257.3509447918241
 30
0.0
 10
112.13893430366825
 20
257.2339363282824
 30
0.0
  0
SPLINE
  5
295
330
17
100
AcDbEntity
  8
ENGRAVE
100
AcDbSpline
 70
0
 71
2
 72
6
 73
3
 74
0
 40
0.0
 40
0.0
 40
0.0
 40
1.0
 40
1.0
 40
1.0
 10
111.46295123075157
 20
255.81694902359493
 30
0.0
 10
111.59295123075158
 20
255.77795325536576
 30
0.0
 10
112.19094276720992
 20
255.86893632828242
 30
0.0
  0
SPLINE
  5
296
330
17
100
AcDbEntity
  8
ENGRAVE
100
AcDbSpline
 70
0
 71
2
 72
6
 73
3
 74
0
 40
0.0
 40
0.0
 40
0.0
 40
1.0
 40
1.0
 40
1.0
 10
112.00893430366824
 20
251.91692786474076
 30
0.0
 10
112.07393430366824
 20
252.0209447918241
 30
0.0
 10
112.19743853543908
 20
251.88444902359493
 30
0.0
  0
SPLINE
  5
297
330
17
100
AcDbEntity
  8
ENGRAVE
100
AcDbSpline
 70
0
 71
2
 72
6
 73
3
 74
0
 40
0.0
 40
0.0
 40
0.0
 40
1.0
 40
1.0
 40
1.0
 10
112.86694699898075
 20
255.04996171890744
 30
0.0
 10
112.76295123075158
 20
254.9849617189074
 30
0.0
 10
112.26893430366825
 20
254.9849617189074
 30
0.0
  0
SPLINE
  5
298
330
17
100
AcDbEntity
  8
ENGRAVE
100
AcDbSpline
 70
0
 71
2
 72
6
 73
3
 74
0
 40
0.0
 40
0.0
 40
0.0
 40
1.0
 40
1.0
 40
1.0
 10
112.37295123075158
 20
251.59192786474077
 30
0.0
 10
112.37295123075158
 20
251.43594479182408
 30
0.0
 10
112.30795123075158
 20
251.22143632828244
 30
0.0
  0
SPLINE
  5
299
330
17
100
AcDbEntity
  8
ENGRAVE
100
AcDbSpline
 70
0
 71
2
 72
6
 73
3
 74
0
 40
0.0
 40
0.0
 40
0.0
 40
1.0
 40
1.0
 40
1.0
 10
112.19743853543908
 20
251.88444902359493
 30
0.0
 10
112.32094276720991
 20
251.74795325536576
 30
0.0
 10
112.37295123075158
 20
251.59192786474077
 30
0.0
  0
SPLINE
  5
29A
330
17
100
AcDbEntity
  8
ENGRAVE
100
AcDbSpline
 70
0
 71
2
 72
6
 73
3
 74
0
 40
0.0
 40
0.0
 40
0.0
 40
1.0
 40
1.0
 40
1.0
 10
112.19094276720992
 20
255.86893632828242
 30
0.0
 10
112.56795123075158
 20
255.9339363282824
 30
0.0
 10
112.73694699898074
 20
255.7909447918241
 30
0.0
  0
SPLINE
  5
29B
330
17
100
AcDbEntity
  8
ENGRAVE
100
AcDbSpline
 70
0
 71
2
 72
6
 73
3
 74
0
 40
0.0
 40
0.0
 40
0.0
 40
1.0
 40
1.0
 40
1.0
 10
112.93192584012658
 20
255.42692786474078
 30
0.0
 10
112.9709427672099
 20
255.11496171890744
 30
0.0
 10
112.86694699898075
 20
255.04996171890744
 30
0.0
  0
SPLINE
  5
29C
330
17
100
AcDbEntity
  8
ENGRAVE
100
AcDbSpline
 70
0
 71
2
 72
6
 73
3
 74
0
 40
0.0
 40
0.0
 40
0.0
 40
1.0
 40
1.0
 40
1.0
 10
112.73694699898074
 20
255.7909447918241
 30
0.0
 10
112.90594276720991
 20
255.64795325536576
 30
0.0
 10
112.93192584012658
 20
255.42692786474078
 30
0.0
  0
SPLINE
  5
29D
330
17
100
AcDbEntity
  8
ENGRAVE
100
AcDbSpline
 70
0
 71
2
 72
6
 73
3
 74
0
 40
0.0
 40
0.0
 40
0.0
 40
1.0
 40
1.0
 40
1.0
 10
113.21795123075158
 20
251.0459447918241
 30
0.0
 10
113.02295123075159
 20
251.26692786474075
 30
0.0
 10
112.99694699898075
 20
251.44244056005326
 30
0.0
  0
SPLINE
  5
29E
330
17
100
AcDbEntity
  8
ENGRAVE
100
AcDbSpline
 70
0
 71
2
 72
6
 73
3
 74
0
 40
0.0
 40
0.0
 40
0.0
 40
1.0
 40
1.0
 40
1.0
 10
112.99694699898075
 20
251.44244056005326
 30
0.0
 10
112.97094276720992
 20
251.61795325536576
 30
0.0
 10
113.00991737658491
 20
251.91692786474076
 30
0.0
  0
SPLINE
  5
29F
330
17
100
AcDbEntity
  8
ENGRAVE
100
AcDbSpline
 70
0
 71
2
 72
6
 73
3
 74
0
 40
0.0
 40
0.0
 40
0.0
 40
1.0
 40
1.0
 40
1.0
 10
113.00991737658491
 20
251.91692786474076
 30
0.0
 10
113.07491737658492
 20
252.12496171890743
 30
0.0
 10
113.16592160835575
 20
252.4759447918241
 30
0.0
  0
SPLINE
  5
2A0
330
17
100
AcDbEntity
  8
ENGRAVE
100
AcDbSpline
 70
0
 71
2
 72
6
 73
3
 74
0
 40
0.0
 40
0.0
 40
0.0
 40
1.0
 40
1.0
 40
1.0
 10
113.41942584012658
 20
250.89643632828242
 30
0.0
 10
113.30893430366825
 20
250.9809447918241
 30
0.0
 10
113.21795123075158
 20
251.0459447918241
 30
0.0
  0
SPLINE
  5
2A1
330
17
100
AcDbEntity
  8
ENGRAVE
100
AcDbSpline
 70
0
 71
2
 72
6
 73
3
 74
0
 40
0.0
 40
0.0
 40
0.0
 40
1.0
 40
1.0
 40
1.0
 10
113.16592160835575
 20
252.4759447918241
 30
0.0
 10
113.25692584012658
 20
252.82692786474075
 30
0.0
 10
113.38692584012658
 20
253.22996171890742
 30
0.0
  0
SPLINE
  5
2A2
330
17
100
AcDbEntity
  8
ENGRAVE
100
AcDbSpline
 70
0
 71
2
 72
6
 73
3
 74
0
 40
0.0
 40
0.0
 40
0.0
 40
1.0
 40
1.0
 40
1.0
 10
113.62094276720991
 20
250.82496171890742
 30
0.0
 10
113.52991737658492
 20
250.81192786474077
 30
0.0
 10
113.41942584012658
 20
250.89643632828242
 30
0.0
  0
SPLINE
  5
2A3
330
17
100
AcDbEntity
  8
ENGRAVE
100
AcDbSpline
 70
0
 71
2
 72
6
 73
3
 74
0
 40
0.0
 40
0.0
 40
0.0
 40
1.0
 40
1.0
 40
1.0
 10
113.38692584012658
 20
253.22996171890742
 30
0.0
 10
113.41295123075159
 20
253.3859447918241
 30
0.0
 10
113.48444699898074
 20
253.60045325536575
 30
0.0
  0
SPLINE
  5
2A4
330
17
100
AcDbEntity
  8
ENGRAVE
100
AcDbSpline
 70
0
 71
2
 72
6
 73
3
 74
0
 40
0.0
 40
0.0
 40
0.0
 40
1.0
 40
1.0
 40
1.0
 10
114.06293007189741
 20
251.02645748713658
 30
0.0
 10
113.88094276720992
 20
250.83795325536576
 30
0.0
 10
113.62094276720991
 20
250.82496171890742
 30
0.0
  0
SPLINE
  5
2A5
330
17
100
AcDbEntity
  8
ENGRAVE
100
AcDbSpline
 70
0
 71
2
 72
6
 73
3
 74
0
 40
0.0
 40
0.0
 40
0.0
 40
1.0
 40
1.0
 40
1.0
 10
113.48444699898074
 20
253.60045325536575
 30
0.0
 10
113.55594276720991
 20
253.81496171890743
 30
0.0
 10
113.63393430366824
 20
254.0164574871366
 30
0.0
  0
SPLINE
  5
2A6
330
17
100
AcDbEntity
  8
ENGRAVE
100
AcDbSpline
 70
0
 71
2
 72
6
 73
3
 74
0
 40
0.0
 40
0.0
 40
0.0
 40
1.0
 40
1.0
 40
1.0
 10
113.63393430366824
 20
254.0164574871366
 30
0.0
 10
113.71192584012658
 20
254.21795325536576
 30
0.0
 10
113.75094276720992
 20
254.32192786474076
 30
0.0
  0
SPLINE
  5
2A7
330
17
100
AcDbEntity
  8
ENGRAVE
100
AcDbSpline
 70
0
 71
2
 72
6
 73
3
 74
0
 40
0.0
 40
0.0
 40
0.0
 40
1.0
 40
1.0
 40
1.0
 10
113.75094276720992
 20
254.32192786474076
 30
0.0
 10
113.84192584012658
 20
254.64692786474077
 30
0.0
 10
113.93942584012657
 20
254.9459447918241
 30
0.0
  0
SPLINE
  5
2A8
330
17
100
AcDbEntity
  8
ENGRAVE
100
AcDbSpline
 70
0
 71
2
 72
6
 73
3
 74
0
 40
0.0
 40
0.0
 40
0.0
 40
1.0
 40
1.0
 40
1.0
 10
114.40094276720991
 20
251.40996171890743
 30
0.0
 10
114.24491737658491
 20
251.21496171890743
 30
0.0
 10
114.06293007189741
 20
251.02645748713658
 30
0.0
  0
SPLINE
  5
2A9
330
17
100
AcDbEntity
  8
ENGRAVE
100
AcDbSpline
 70
0
 71
2
 72
6
 73
3
 74
0
 40
0.0
 40
0.0
 40
0.0
 40
1.0
 40
1.0
 40
1.0
 10
113.93942584012657
 20
254.9459447918241
 30
0.0
 10
114.03692584012659
 20
255.24496171890743
 30
0.0
 10
114.17993853543908
 20
255.63496171890742
 30
0.0
  0
SPLINE
  5
2AA
330
17
100
AcDbEntity
  8
ENGRAVE
100
AcDbSpline
 70
0
 71
2
 72
6
 73
3
 74
0
 40
0.0
 40
0.0
 40
0.0
 40
1.0
 40
1.0
 40
1.0
 10
115.16793007189742
 20
252.22244056005326
 30
0.0
 10
114.72594276720992
 20
251.8259447918241
 30
0.0
 10
114.40094276720991
 20
251.40996171890743
 30
0.0
  0
SPLINE
  5
2AB
330
17
100
AcDbEntity
  8
ENGRAVE
100
AcDbSpline
 70
0
 71
2
 72
6
 73
3
 74
0
 40
0.0
 40
0.0
 40
0.0
 40
1.0
 40
1.0
 40
1.0
 10
114.45293007189741
 20
253.03494056005326
 30
0.0
 10
114.42692584012659
 20
252.9309447918241
 30
0.0
 10
114.41393430366824
 20
252.82692786474075
 30
0.0
  0
SPLINE
  5
2AC
330
17
100
AcDbEntity
  8
ENGRAVE
100
AcDbSpline
 70
0
 71
2
 72
6
 73
3
 74
0
 40
0.0
 40
0.0
 40
0.0
 40
1.0
 40
1.0
 40
1.0
 10
114.49192584012658
 20
253.20393632828242
 30
0.0
 10
114.47893430366825
 20
253.13893632828243
 30
0.0
 10
114.45293007189741
 20
253.03494056005326
 30
0.0
  0
SPLINE
  5
2AD
330
17
100
AcDbEntity
  8
ENGRAVE
100
AcDbSpline
 70
0
 71
2
 72
6
 73
3
 74
0
 40
0.0
 40
0.0
 40
0.0
 40
1.0
 40
1.0
 40
1.0
 10
114.56993853543908
 20
253.4509447918241
 30
0.0
 10
114.53094276720991
 20
253.30795325536576
 30
0.0
 10
114.49192584012658
 20
253.20393632828242
 30
0.0
  0
SPLINE
  5
2AE
330
17
100
AcDbEntity
  8
ENGRAVE
100
AcDbSpline
 70
0
 71
2
 72
6
 73
3
 74
0
 40
0.0
 40
0.0
 40
0.0
 40
1.0
 40
1.0
 40
1.0
 10
114.17993853543908
 20
255.63496171890742
 30
0.0
 10
114.32295123075158
 20
256.02496171890743
 30
0.0
 10
114.53094276720991
 20
256.62295325536576
 30
0.0
  0
SPLINE
  5
2AF
330
17
100
AcDbEntity
  8
ENGRAVE
100
AcDbSpline
 70
0
 71
2
 72
6
 73
3
 74
0
 40
0.0
 40
0.0
 40
0.0
 40
1.0
 40
1.0
 40
1.0
 10
114.62192584012658
 20
253.67192786474075
 30
0.0
 10
114.60893430366825
 20
253.59393632828244
 30
0.0
 10
114.56993853543908
 20
253.4509447918241
 30
0.0
  0
SPLINE
  5
2B0
330
17
100
AcDbEntity
  8
ENGRAVE
100
AcDbSpline
 70
0
 71
2
 72
6
 73
3
 74
0
 40
0.0
 40
0.0
 40
0.0
 40
1.0
 40
1.0
 40
1.0
 10
114.41393430366824
 20
252.82692786474075
 30
0.0
 10
114.47893430366825
 20
252.90496171890743
 30
0.0
 10
114.59594276720992
 20
253.01545325536577
 30
0.0
  0
SPLINE
  5
2B1
330
17
100
AcDbEntity
  8
ENGRAVE
100
AcDbSpline
 70
0
 71
2
 72
6
 73
3
 74
0
 40
0.0
 40
0.0
 40
0.0
 40
1.0
 40
1.0
 40
1.0
 10
114.66743853543908
 20
253.7629320965116
 30
0.0
 10
114.62192584012658
 20
253.67192786474075
 30
0.0
 10
114.62192584012658
 20
253.67192786474075
 30
0.0
  0
SPLINE
  5
2B2
330
17
100
AcDbEntity
  8
ENGRAVE
100
AcDbSpline
 70
0
 71
2
 72
6
 73
3
 74
0
 40
0.0
 40
0.0
 40
0.0
 40
1.0
 40
1.0
 40
1.0
 10
114.76491737658492
 20
253.95795325536577
 30
0.0
 10
114.71295123075159
 20
253.85393632828243
 30
0.0
 10
114.66743853543908
 20
253.7629320965116
 30
0.0
  0
SPLINE
  5
2B3
330
17
100
AcDbEntity
  8
ENGRAVE
100
AcDbSpline
 70
0
 71
2
 72
6
 73
3
 74
0
 40
0.0
 40
0.0
 40
0.0
 40
1.0
 40
1.0
 40
1.0
 10
114.88842160835574
 20
254.2179320965116
 30
0.0
 10
114.81692584012659
 20
254.06192786474077
 30
0.0
 10
114.76491737658492
 20
253.95795325536577
 30
0.0
  0
SPLINE
  5
2B4
330
17
100
AcDbEntity
  8
ENGRAVE
100
AcDbSpline
 70
0
 71
2
 72
6
 73
3
 74
0
 40
0.0
 40
0.0
 40
0.0
 40
1.0
 40
1.0
 40
1.0
 10
114.97295123075158
 20
254.43893632828244
 30
0.0
 10
114.95991737658491
 20
254.37393632828244
 30
0.0
 10
114.88842160835574
 20
254.2179320965116
 30
0.0
  0
SPLINE
  5
2B5
330
17
100
AcDbEntity
  8
ENGRAVE
100
AcDbSpline
 70
0
 71
2
 72
6
 73
3
 74
0
 40
0.0
 40
0.0
 40
0.0
 40
1.0
 40
1.0
 40
1.0
 10
114.59594276720992
 20
253.01545325536577
 30
0.0
 10
114.71295123075159
 20
253.12594479182408
 30
0.0
 10
114.89491737658491
 20
253.29496171890742
 30
0.0
  0
SPLINE
  5
2B6
330
17
100
AcDbEntity
  8
ENGRAVE
100
AcDbSpline
 70
0
 71
2
 72
6
 73
3
 74
0
 40
0.0
 40
0.0
 40
0.0
 40
1.0
 40
1.0
 40
1.0
 10
114.53094276720991
 20
256.62295325536576
 30
0.0
 10
114.81692584012659
 20
257.4029532553658
 30
0.0
 10
114.95993853543908
 20
257.7929532553658
 30
0.0
  0
SPLINE
  5
2B7
330
17
100
AcDbEntity
  8
ENGRAVE
100
AcDbSpline
 70
0
 71
2
 72
6
 73
3
 74
0
 40
0.0
 40
0.0
 40
0.0
 40
1.0
 40
1.0
 40
1.0
 10
115.36295123075158
 20
255.49194902359494
 30
0.0
 10
115.16795123075158
 20
254.91996171890742
 30
0.0
 10
114.97295123075158
 20
254.43893632828244
 30
0.0
  0
SPLINE
  5
2B8
330
17
100
AcDbEntity
  8
ENGRAVE
100
AcDbSpline
 70
0
 71
2
 72
6
 73
3
 74
0
 40
0.0
 40
0.0
 40
0.0
 40
1.0
 40
1.0
 40
1.0
 10
116.01942584012659
 20
252.87893632828244
 30
0.0
 10
115.60991737658492
 20
252.61893632828242
 30
0.0
 10
115.16793007189742
 20
252.22244056005326
 30
0.0
  0
SPLINE
  5
2B9
330
17
100
AcDbEntity
  8
ENGRAVE
100
AcDbSpline
 70
0
 71
2
 72
6
 73
3
 74
0
 40
0.0
 40
0.0
 40
0.0
 40
1.0
 40
1.0
 40
1.0
 10
114.95993853543908
 20
257.7929532553658
 30
0.0
 10
115.10295123075159
 20
258.18295325536576
 30
0.0
 10
115.16795123075158
 20
258.35194902359495
 30
0.0
  0
SPLINE
  5
2BA
330
17
100
AcDbEntity
  8
ENGRAVE
100
AcDbSpline
 70
0
 71
2
 72
6
 73
3
 74
0
 40
0.0
 40
0.0
 40
0.0
 40
1.0
 40
1.0
 40
1.0
 10
114.89491737658491
 20
253.29496171890742
 30
0.0
 10
115.10295123075159
 20
253.47692786474076
 30
0.0
 10
115.25893430366824
 20
253.60692786474075
 30
0.0
  0
SPLINE
  5
2BB
330
17
100
AcDbEntity
  8
ENGRAVE
100
AcDbSpline
 70
0
 71
2
 72
6
 73
3
 74
0
 40
0.0
 40
0.0
 40
0.0
 40
1.0
 40
1.0
 40
1.0
 10
115.16795123075158
 20
258.35194902359495
 30
0.0
 10
115.23295123075158
 20
258.5209447918241
 30
0.0
 10
115.25893430366824
 20
258.62496171890746
 30
0.0
  0
SPLINE
  5
2BC
330
17
100
AcDbEntity
  8
ENGRAVE
100
AcDbSpline
 70
0
 71
2
 72
6
 73
3
 74
0
 40
0.0
 40
0.0
 40
0.0
 40
1.0
 40
1.0
 40
1.0
 10
115.75944699898075
 20
256.6424405600533
 30
0.0
 10
115.55795123075158
 20
256.0639363282824
 30
0.0
 10
115.36295123075158
 20
255.49194902359494
 30
0.0
  0
SPLINE
  5
2BD
330
17
100
AcDbEntity
  8
ENGRAVE
100
AcDbSpline
 70
0
 71
2
 72
6
 73
3
 74
0
 40
0.0
 40
0.0
 40
0.0
 40
1.0
 40
1.0
 40
1.0
 10
115.25893430366824
 20
258.62496171890746
 30
0.0
 10
115.25893430366824
 20
258.72893632828243
 30
0.0
 10
115.40844276720992
 20
258.82643632828245
 30
0.0
  0
SPLINE
  5
2BE
330
17
100
AcDbEntity
  8
ENGRAVE
100
AcDbSpline
 70
0
 71
2
 72
6
 73
3
 74
0
 40
0.0
 40
0.0
 40
0.0
 40
1.0
 40
1.0
 40
1.0
 10
115.25893430366824
 20
253.60692786474075
 30
0.0
 10
115.41491737658491
 20
253.73692786474075
 30
0.0
 10
115.57094276720991
 20
253.84094479182409
 30
0.0
  0
SPLINE
  5
2BF
330
17
100
AcDbEntity
  8
ENGRAVE
100
AcDbSpline
 70
0
 71
2
 72
6
 73
3
 74
0
 40
0.0
 40
0.0
 40
0.0
 40
1.0
 40
1.0
 40
1.0
 10
115.40844276720992
 20
258.82643632828245
 30
0.0
 10
115.55795123075158
 20
258.9239363282824
 30
0.0
 10
115.67491737658492
 20
258.9239363282824
 30
0.0
  0
SPLINE
  5
2C0
330
17
100
AcDbEntity
  8
ENGRAVE
100
AcDbSpline
 70
0
 71
2
 72
6
 73
3
 74
0
 40
0.0
 40
0.0
 40
0.0
 40
1.0
 40
1.0
 40
1.0
 10
116.16893430366825
 20
257.6889363282824
 30
0.0
 10
115.96094276720991
 20
257.2209447918241
 30
0.0
 10
115.75944699898075
 20
256.6424405600533
 30
0.0
  0
SPLINE
  5
2C1
330
17
100
AcDbEntity
  8
ENGRAVE
100
AcDbSpline
 70
0
 71
2
 72
6
 73
3
 74
0
 40
0.0
 40
0.0
 40
0.0
 40
1.0
 40
1.0
 40
1.0
 10
115.57094276720991
 20
253.84094479182409
 30
0.0
 10
115.71393430366825
 20
253.94496171890742
 30
0.0
 10
115.83743853543908
 20
254.0359447918241
 30
0.0
  0
SPLINE
  5
2C2
330
17
100
AcDbEntity
  8
ENGRAVE
100
AcDbSpline
 70
0
 71
2
 72
6
 73
3
 74
0
 40
0.0
 40
0.0
 40
0.0
 40
1.0
 40
1.0
 40
1.0
 10
115.83743853543908
 20
254.0359447918241
 30
0.0
 10
115.96094276720991
 20
254.12692786474076
 30
0.0
 10
115.96094276720991
 20
254.12692786474076
 30
0.0
  0
SPLINE
  5
2C3
330
17
100
AcDbEntity
  8
ENGRAVE
100
AcDbSpline
 70
0
 71
2
 72
6
 73
3
 74
0
 40
0.0
 40
0.0
 40
0.0
 40
1.0
 40
1.0
 40
1.0
 10
116.62393430366825
 20
253.13893632828243
 30
0.0
 10
116.42893430366824
 20
253.13893632828243
 30
0.0
 10
116.01942584012659
 20
252.87893632828244
 30
0.0
  0
SPLINE
  5
2C4
330
17
100
AcDbEntity
  8
ENGRAVE
100
AcDbSpline
 70
0
 71
2
 72
6
 73
3
 74
0
 40
0.0
 40
0.0
 40
0.0
 40
1.0
 40
1.0
 40
1.0
 10
115.96094276720991
 20
254.12692786474076
 30
0.0
 10
115.98692584012659
 20
254.1659447918241
 30
0.0
 10
116.01942584012659
 20
254.21795325536576
 30
0.0
  0
SPLINE
  5
2C5
330
17
100
AcDbEntity
  8
ENGRAVE
100
AcDbSpline
 70
0
 71
2
 72
6
 73
3
 74
0
 40
0.0
 40
0.0
 40
0.0
 40
1.0
 40
1.0
 40
1.0
 10
115.67491737658492
 20
258.9239363282824
 30
0.0
 10
115.85692584012658
 20
258.9109447918241
 30
0.0
 10
116.02592160835574
 20
258.7094490235949
 30
0.0
  0
SPLINE
  5
2C6
330
17
100
AcDbEntity
  8
ENGRAVE
100
AcDbSpline
 70
0
 71
2
 72
6
 73
3
 74
0
 40
0.0
 40
0.0
 40
0.0
 40
1.0
 40
1.0
 40
1.0
 10
116.01942584012659
 20
254.21795325536576
 30
0.0
 10
116.05192584012659
 20
254.26996171890744
 30
0.0
 10
116.09094276720991
 20
254.28295325536575
 30
0.0
  0
SPLINE
  5
2C7
330
17
100
AcDbEntity
  8
ENGRAVE
100
AcDbSpline
 70
0
 71
2
 72
6
 73
3
 74
0
 40
0.0
 40
0.0
 40
0.0
 40
1.0
 40
1.0
 40
1.0
 10
116.25991737658491
 20
258.2284447918241
 30
0.0
 10
116.32491737658492
 20
257.94893632828246
 30
0.0
 10
116.16893430366825
 20
257.6889363282824
 30
0.0
  0
SPLINE
  5
2C8
330
17
100
AcDbEntity
  8
ENGRAVE
100
AcDbSpline
 70
0
 71
2
 72
6
 73
3
 74
0
 40
0.0
 40
0.0
 40
0.0
 40
1.0
 40
1.0
 40
1.0
 10
116.09094276720991
 20
254.28295325536575
 30
0.0
 10
116.11692584012658
 20
254.30893632828244
 30
0.0
 10
116.18192584012658
 20
254.35444902359492
 30
0.0
  0
SPLINE
  5
2C9
330
17
100
AcDbEntity
  8
ENGRAVE
100
AcDbSpline
 70
0
 71
2
 72
6
 73
3
 74
0
 40
0.0
 40
0.0
 40
0.0
 40
1.0
 40
1.0
 40
1.0
 10
116.02592160835574
 20
258.7094490235949
 30
0.0
 10
116.19491737658491
 20
258.50795325536575
 30
0.0
 10
116.25991737658491
 20
258.2284447918241
 30
0.0
  0
SPLINE
  5
2CA
330
17
100
AcDbEntity
  8
ENGRAVE
100
AcDbSpline
 70
0
 71
2
 72
6
 73
3
 74
0
 40
0.0
 40
0.0
 40
0.0
 40
1.0
 40
1.0
 40
1.0
 10
116.18192584012658
 20
254.35444902359492
 30
0.0
 10
116.24692584012658
 20
254.39996171890743
 30
0.0
 10
116.31192584012658
 20
254.45192786474075
 30
0.0
  0
SPLINE
  5
2CB
330
17
100
AcDbEntity
  8
ENGRAVE
100
AcDbSpline
 70
0
 71
2
 72
6
 73
3
 74
0
 40
0.0
 40
0.0
 40
0.0
 40
1.0
 40
1.0
 40
1.0
 10
116.75393430366825
 20
252.8854320965116
 30
0.0
 10
116.76692584012658
 20
253.13893632828243
 30
0.0
 10
116.62393430366825
 20
253.13893632828243
 30
0.0
  0
SPLINE
  5
2CC
330
17
100
AcDbEntity
  8
ENGRAVE
100
AcDbSpline
 70
0
 71
2
 72
6
 73
3
 74
0
 40
0.0
 40
0.0
 40
0.0
 40
1.0
 40
1.0
 40
1.0
 10
116.76043007189742
 20
251.4229320965116
 30
0.0
 10
116.67594276720992
 20
251.65692786474077
 30
0.0
 10
116.68893430366825
 20
252.05996171890743
 30
0.0
  0
SPLINE
  5
2CD
330
17
100
AcDbEntity
  8
ENGRAVE
100
AcDbSpline
 70
0
 71
2
 72
6
 73
3
 74
0
 40
0.0
 40
0.0
 40
0.0
 40
1.0
 40
1.0
 40
1.0
 10
116.68893430366825
 20
252.05996171890743
 30
0.0
 10
116.74094276720992
 20
252.63192786474076
 30
0.0
 10
116.75393430366825
 20
252.8854320965116
 30
0.0
  0
SPLINE
  5
2CE
330
17
100
AcDbEntity
  8
ENGRAVE
100
AcDbSpline
 70
0
 71
2
 72
6
 73
3
 74
0
 40
0.0
 40
0.0
 40
0.0
 40
1.0
 40
1.0
 40
1.0
 10
117.09192584012658
 20
251.01996171890744
 30
0.0
 10
116.84491737658492
 20
251.18893632828244
 30
0.0
 10
116.76043007189742
 20
251.4229320965116
 30
0.0
  0
SPLINE
  5
2CF
330
17
100
AcDbEntity
  8
ENGRAVE
100
AcDbSpline
 70
0
 71
2
 72
6
 73
3
 74
0
 40
0.0
 40
0.0
 40
0.0
 40
1.0
 40
1.0
 40
1.0
 10
117.59243853543909
 20
250.92893632828242
 30
0.0
 10
117.35192584012658
 20
250.87692786474076
 30
0.0
 10
117.09192584012658
 20
251.01996171890744
 30
0.0
  0
SPLINE
  5
2D0
330
17
100
AcDbEntity
  8
ENGRAVE
100
AcDbSpline
 70
0
 71
2
 72
6
 73
3
 74
0
 40
0.0
 40
0.0
 40
0.0
 40
1.0
 40
1.0
 40
1.0
 10
116.31192584012658
 20
254.45192786474075
 30
0.0
 10
116.67594276720992
 20
254.68594479182408
 30
0.0
 10
117.10491737658492
 20
254.68594479182408
 30
0.0
  0
SPLINE
  5
2D1
330
17
100
AcDbEntity
  8
ENGRAVE
100
AcDbSpline
 70
0
 71
2
 72
6
 73
3
 74
0
 40
0.0
 40
0.0
 40
0.0
 40
1.0
 40
1.0
 40
1.0
 10
117.10491737658492
 20
254.68594479182408
 30
0.0
 10
117.26094276720991
 20
254.68594479182408
 30
0.0
 10
117.42993853543908
 20
254.56244056005326
 30
0.0
  0
SPLINE
  5
2D2
330
17
100
AcDbEntity
  8
ENGRAVE
100
AcDbSpline
 70
0
 71
2
 72
6
 73
3
 74
0
 40
0.0
 40
0.0
 40
0.0
 40
1.0
 40
1.0
 40
1.0
 10
118.14491737658491
 20
251.18893632828244
 30
0.0
 10
117.83295123075158
 20
250.9809447918241
 30
0.0
 10
117.59243853543909
 20
250.92893632828242
 30
0.0
  0
SPLINE
  5
2D3
330
17
100
AcDbEntity
  8
ENGRAVE
100
AcDbSpline
 70
0
 71
2
 72
6
 73
3
 74
0
 40
0.0
 40
0.0
 40
0.0
 40
1.0
 40
1.0
 40
1.0
 10
117.42993853543908
 20
254.56244056005326
 30
0.0
 10
117.59893430366824
 20
254.43893632828244
 30
0.0
 10
117.74192584012658
 20
254.21795325536576
 30
0.0
  0
SPLINE
  5
2D4
330
17
100
AcDbEntity
  8
ENGRAVE
100
AcDbSpline
 70
0
 71
2
 72
6
 73
3
 74
0
 40
0.0
 40
0.0
 40
0.0
 40
1.0
 40
1.0
 40
1.0
 10
117.85243853543908
 20
252.82694902359492
 30
0.0
 10
117.79393430366825
 20
252.5409447918241
 30
0.0
 10
117.76795123075158
 20
252.39795325536576
 30
0.0
  0
SPLINE
  5
2D5
330
17
100
AcDbEntity
  8
ENGRAVE
100
AcDbSpline
 70
0
 71
2
 72
6
 73
3
 74
0
 40
0.0
 40
0.0
 40
0.0
 40
1.0
 40
1.0
 40
1.0
 10
117.91094276720992
 20
253.21692786474077
 30
0.0
 10
117.91094276720992
 20
253.11295325536577
 30
0.0
 10
117.85243853543908
 20
252.82694902359492
 30
0.0
  0
SPLINE
  5
2D6
330
17
100
AcDbEntity
  8
ENGRAVE
100
AcDbSpline
 70
0
 71
2
 72
6
 73
3
 74
0
 40
0.0
 40
0.0
 40
0.0
 40
1.0
 40
1.0
 40
1.0
 10
117.74192584012658
 20
254.21795325536576
 30
0.0
 10
117.96295123075159
 20
253.90594479182408
 30
0.0
 10
117.91094276720992
 20
253.21692786474077
 30
0.0
  0
SPLINE
  5
2D7
330
17
100
AcDbEntity
  8
ENGRAVE
100
AcDbSpline
 70
0
 71
2
 72
6
 73
3
 74
0
 40
0.0
 40
0.0
 40
0.0
 40
1.0
 40
1.0
 40
1.0
 10
117.75491737658491
 20
251.9559447918241
 30
0.0
 10
117.89795123075159
 20
252.00795325536575
 30
0.0
 10
118.03444699898074
 20
251.9689574871366
 30
0.0
  0
SPLINE
  5
2D8
330
17
100
AcDbEntity
  8
ENGRAVE
100
AcDbSpline
 70
0
 71
2
 72
6
 73
3
 74
0
 40
0.0
 40
0.0
 40
0.0
 40
1.0
 40
1.0
 40
1.0
 10
118.37893430366825
 20
251.46192786474077
 30
0.0
 10
118.27491737658491
 20
251.26692786474075
 30
0.0
 10
118.14491737658491
 20
251.18893632828244
 30
0.0
  0
SPLINE
  5
2D9
330
17
100
AcDbEntity
  8
ENGRAVE
100
AcDbSpline
 70
0
 71
2
 72
6
 73
3
 74
0
 40
0.0
 40
0.0
 40
0.0
 40
1.0
 40
1.0
 40
1.0
 10
118.03444699898074
 20
251.9689574871366
 30
0.0
 10
118.17094276720991
 20
251.92996171890744
 30
0.0
 10
118.17094276720991
 20
251.92996171890744
 30
0.0
  0
SPLINE
  5
2DA
330
17
100
AcDbEntity
  8
ENGRAVE
100
AcDbSpline
 70
0
 71
2
 72
6
 73
3
 74
0
 40
0.0
 40
0.0
 40
0.0
 40
1.0
 40
1.0
 40
1.0
 10
118.17094276720991
 20
251.92996171890744
 30
0.0
 10
118.23594276720992
 20
251.8909447918241
 30
0.0
 10
118.29444699898075
 20
251.83893632828241
 30
0.0
  0
SPLINE
  5
2DB
330
17
100
AcDbEntity
  8
ENGRAVE
100
AcDbSpline
 70
0
 71
2
 72
6
 73
3
 74
0
 40
0.0
 40
0.0
 40
0.0
 40
1.0
 40
1.0
 40
1.0
 10
118.40491737658492
 20
251.7609447918241
 30
0.0
 10
118.48295123075158
 20
251.65692786474077
 30
0.0
 10
118.37893430366825
 20
251.46192786474077
 30
0.0
  0
SPLINE
  5
2DC
330
17
100
AcDbEntity
  8
ENGRAVE
100
AcDbSpline
 70
0
 71
2
 72
6
 73
3
 74
0
 40
0.0
 40
0.0
 40
0.0
 40
1.0
 40
1.0
 40
1.0
 10
118.29444699898075
 20
251.83893632828241
 30
0.0
 10
118.35295123075159
 20
251.78692786474076
 30
0.0
 10
118.40491737658492
 20
251.7609447918241
 30
0.0
  0
SPLINE
  5
2DD
330
17
100
AcDbEntity
  8
ENGRAVE
100
AcDbSpline
 70
0
 71
2
 72
6
 73
3
 74
0
 40
0.0
 40
0.0
 40
0.0
 40
1.0
 40
1.0
 40
1.0
 10
242.3525629784399
 20
206.71621284924476
 30
0.0
 10
242.28855256177323
 20
206.7642336825781
 30
0.0
 10
242.28055777010655
 20
207.14022326591143
 30
0.0
  0
SPLINE
  5
2DE
330
17
100
AcDbEntity
  8
ENGRAVE
100
AcDbSpline
 70
0
 71
2
 72
6
 73
3
 74
0
 40
0.0
 40
0.0
 40
0.0
 40
1.0
 40
1.0
 40
1.0
 10
242.28055777010655
 20
207.14022326591143
 30
0.0
 10
242.27256297843988
 20
207.51621284924477
 30
0.0
 10
242.32055777010655
 20
207.98022326591143
 30
0.0
  0
SPLINE
  5
2DF
330
17
100
AcDbEntity
  8
ENGRAVE
100
AcDbSpline
 70
0
 71
2
 72
6
 73
3
 74
0
 40
0.0
 40
0.0
 40
0.0
 40
1.0
 40
1.0
 40
1.0
 10
242.39256297843988
 20
206.6682180575781
 30
0.0
 10
242.3525629784399
 20
206.71621284924476
 30
0.0
 10
242.3525629784399
 20
206.71621284924476
 30
0.0
  0
SPLINE
  5
2E0
330
17
100
AcDbEntity
  8
ENGRAVE
100
AcDbSpline
 70
0
 71
2
 72
6
 73
3
 74
0
 40
0.0
 40
0.0
 40
0.0
 40
1.0
 40
1.0
 40
1.0
 10
242.43256297843988
 20
206.58824409924478
 30
0.0
 10
242.43256297843988
 20
206.62022326591142
 30
0.0
 10
242.39256297843988
 20
206.6682180575781
 30
0.0
  0
SPLINE
  5
2E1
330
17
100
AcDbEntity
  8
ENGRAVE
100
AcDbSpline
 70
0
 71
2
 72
6
 73
3
 74
0
 40
0.0
 40
0.0
 40
0.0
 40
1.0
 40
1.0
 40
1.0
 10
242.6485786034399
 20
206.19623889091142
 30
0.0
 10
242.48058381177322
 20
206.42824409924475
 30
0.0
 10
242.43256297843988
 20
206.58824409924478
 30
0.0
  0
SPLINE
  5
2E2
330
17
100
AcDbEntity
  8
ENGRAVE
100
AcDbSpline
 70
0
 71
2
 72
6
 73
3
 74
0
 40
0.0
 40
0.0
 40
0.0
 40
1.0
 40
1.0
 40
1.0
 10
242.32055777010655
 20
207.98022326591143
 30
0.0
 10
242.3685525617732
 20
208.4442336825781
 30
0.0
 10
242.43256297843988
 20
208.71621284924476
 30
0.0
  0
SPLINE
  5
2E3
330
17
100
AcDbEntity
  8
ENGRAVE
100
AcDbSpline
 70
0
 71
2
 72
6
 73
3
 74
0
 40
0.0
 40
0.0
 40
0.0
 40
1.0
 40
1.0
 40
1.0
 10
242.55256297843988
 20
211.43621284924475
 30
0.0
 10
242.48058381177322
 20
211.5322024325781
 30
0.0
 10
242.48058381177322
 20
211.59621284924475
 30
0.0
  0
SPLINE
  5
2E4
330
17
100
AcDbEntity
  8
ENGRAVE
100
AcDbSpline
 70
0
 71
2
 72
6
 73
3
 74
0
 40
0.0
 40
0.0
 40
0.0
 40
1.0
 40
1.0
 40
1.0
 10
242.73657339510655
 20
211.30824409924477
 30
0.0
 10
242.62454214510655
 20
211.34022326591142
 30
0.0
 10
242.55256297843988
 20
211.43621284924475
 30
0.0
  0
SPLINE
  5
2E5
330
17
100
AcDbEntity
  8
ENGRAVE
100
AcDbSpline
 70
0
 71
2
 72
6
 73
3
 74
0
 40
0.0
 40
0.0
 40
0.0
 40
1.0
 40
1.0
 40
1.0
 10
242.48058381177322
 20
211.59621284924475
 30
0.0
 10
242.48058381177322
 20
211.7242336825781
 30
0.0
 10
242.62456818677322
 20
211.96423368257808
 30
0.0
  0
SPLINE
  5
2E6
330
17
100
AcDbEntity
  8
ENGRAVE
100
AcDbSpline
 70
0
 71
2
 72
6
 73
3
 74
0
 40
0.0
 40
0.0
 40
0.0
 40
1.0
 40
1.0
 40
1.0
 10
243.02456818677322
 20
205.78022326591142
 30
0.0
 10
242.81657339510656
 20
205.96423368257808
 30
0.0
 10
242.6485786034399
 20
206.19623889091142
 30
0.0
  0
SPLINE
  5
2E7
330
17
100
AcDbEntity
  8
ENGRAVE
100
AcDbSpline
 70
0
 71
2
 72
6
 73
3
 74
0
 40
0.0
 40
0.0
 40
0.0
 40
1.0
 40
1.0
 40
1.0
 10
242.43256297843988
 20
208.71621284924476
 30
0.0
 10
242.5125629784399
 20
208.9722024325781
 30
0.0
 10
242.67256297843988
 20
209.41220243257808
 30
0.0
  0
SPLINE
  5
2E8
330
17
100
AcDbEntity
  8
ENGRAVE
100
AcDbSpline
 70
0
 71
2
 72
6
 73
3
 74
0
 40
0.0
 40
0.0
 40
0.0
 40
1.0
 40
1.0
 40
1.0
 10
242.62456818677322
 20
211.96423368257808
 30
0.0
 10
242.76855256177322
 20
212.2042336825781
 30
0.0
 10
242.83256297843988
 20
212.2042336825781
 30
0.0
  0
SPLINE
  5
2E9
330
17
100
AcDbEntity
  8
ENGRAVE
100
AcDbSpline
 70
0
 71
2
 72
6
 73
3
 74
0
 40
0.0
 40
0.0
 40
0.0
 40
1.0
 40
1.0
 40
1.0
 10
242.67256297843988
 20
209.41220243257808
 30
0.0
 10
242.83256297843988
 20
209.85220243257808
 30
0.0
 10
242.94454214510654
 20
210.2042336825781
 30
0.0
  0
SPLINE
  5
2EA
330
17
100
AcDbEntity
  8
ENGRAVE
100
AcDbSpline
 70
0
 71
2
 72
6
 73
3
 74
0
 40
0.0
 40
0.0
 40
0.0
 40
1.0
 40
1.0
 40
1.0
 10
243.4085525617732
 20
205.5642336825781
 30
0.0
 10
243.2325629784399
 20
205.59621284924475
 30
0.0
 10
243.02456818677322
 20
205.78022326591142
 30
0.0
  0
SPLINE
  5
2EB
330
17
100
AcDbEntity
  8
ENGRAVE
100
AcDbSpline
 70
0
 71
2
 72
6
 73
3
 74
0
 40
0.0
 40
0.0
 40
0.0
 40
1.0
 40
1.0
 40
1.0
 10
242.83256297843988
 20
212.2042336825781
 30
0.0
 10
242.9125629784399
 20
212.18824409924477
 30
0.0
 10
243.1285525617732
 20
212.18824409924477
 30
0.0
  0
SPLINE
  5
2EC
330
17
100
AcDbEntity
  8
ENGRAVE
100
AcDbSpline
 70
0
 71
2
 72
6
 73
3
 74
0
 40
0.0
 40
0.0
 40
0.0
 40
1.0
 40
1.0
 40
1.0
 10
244.54454214510656
 20
205.58022326591143
 30
0.0
 10
243.82454214510656
 20
205.4842336825781
 30
0.0
 10
243.4085525617732
 20
205.5642336825781
 30
0.0
  0
SPLINE
  5
2ED
330
17
100
AcDbEntity
  8
ENGRAVE
100
AcDbSpline
 70
0
 71
2
 72
6
 73
3
 74
0
 40
0.0
 40
0.0
 40
0.0
 40
1.0
 40
1.0
 40
1.0
 10
243.8165473534399
 20
208.66022326591144
 30
0.0
 10
243.66454214510657
 20
208.0442336825781
 30
0.0
 10
243.55256297843988
 20
207.43621284924475
 30
0.0
  0
SPLINE
  5
2EE
330
17
100
AcDbEntity
  8
ENGRAVE
100
AcDbSpline
 70
0
 71
2
 72
6
 73
3
 74
0
 40
0.0
 40
0.0
 40
0.0
 40
1.0
 40
1.0
 40
1.0
 10
243.1285525617732
 20
212.18824409924477
 30
0.0
 10
243.34454214510654
 20
212.18824409924477
 30
0.0
 10
243.55256297843988
 20
212.2042336825781
 30
0.0
  0
SPLINE
  5
2EF
330
17
100
AcDbEntity
  8
ENGRAVE
100
AcDbSpline
 70
0
 71
2
 72
6
 73
3
 74
0
 40
0.0
 40
0.0
 40
0.0
 40
1.0
 40
1.0
 40
1.0
 10
243.55256297843988
 20
207.43621284924475
 30
0.0
 10
243.50454214510654
 20
207.13220243257808
 30
0.0
 10
243.57654735343988
 20
206.99621284924476
 30
0.0
  0
SPLINE
  5
2F0
330
17
100
AcDbEntity
  8
ENGRAVE
100
AcDbSpline
 70
0
 71
2
 72
6
 73
3
 74
0
 40
0.0
 40
0.0
 40
0.0
 40
1.0
 40
1.0
 40
1.0
 10
243.55256297843988
 20
212.2042336825781
 30
0.0
 10
243.76058381177322
 20
212.22022326591144
 30
0.0
 10
243.8085525617732
 20
212.23621284924477
 30
0.0
  0
SPLINE
  5
2F1
330
17
100
AcDbEntity
  8
ENGRAVE
100
AcDbSpline
 70
0
 71
2
 72
6
 73
3
 74
0
 40
0.0
 40
0.0
 40
0.0
 40
1.0
 40
1.0
 40
1.0
 10
244.1925629784399
 20
209.94824409924476
 30
0.0
 10
243.9685525617732
 20
209.27621284924476
 30
0.0
 10
243.8165473534399
 20
208.66022326591144
 30
0.0
  0
SPLINE
  5
2F2
330
17
100
AcDbEntity
  8
ENGRAVE
100
AcDbSpline
 70
0
 71
2
 72
6
 73
3
 74
0
 40
0.0
 40
0.0
 40
0.0
 40
1.0
 40
1.0
 40
1.0
 10
243.8085525617732
 20
212.23621284924477
 30
0.0
 10
243.87256297843987
 20
212.26824409924475
 30
0.0
 10
243.93657339510656
 20
212.3242336825781
 30
0.0
  0
SPLINE
  5
2F3
330
17
100
AcDbEntity
  8
ENGRAVE
100
AcDbSpline
 70
0
 71
2
 72
6
 73
3
 74
0
 40
0.0
 40
0.0
 40
0.0
 40
1.0
 40
1.0
 40
1.0
 10
243.57654735343988
 20
206.99621284924476
 30
0.0
 10
243.64855256177322
 20
206.86022326591143
 30
0.0
 10
243.98454214510656
 20
206.82824409924476
 30
0.0
  0
SPLINE
  5
2F4
330
17
100
AcDbEntity
  8
ENGRAVE
100
AcDbSpline
 70
0
 71
2
 72
6
 73
3
 74
0
 40
0.0
 40
0.0
 40
0.0
 40
1.0
 40
1.0
 40
1.0
 10
243.93657339510656
 20
212.3242336825781
 30
0.0
 10
244.00058381177323
 20
212.38022326591144
 30
0.0
 10
244.0325629784399
 20
212.4922024325781
 30
0.0
  0
SPLINE
  5
2F5
330
17
100
AcDbEntity
  8
ENGRAVE
100
AcDbSpline
 70
0
 71
2
 72
6
 73
3
 74
0
 40
0.0
 40
0.0
 40
0.0
 40
1.0
 40
1.0
 40
1.0
 10
244.0325629784399
 20
212.4922024325781
 30
0.0
 10
244.11256297843988
 20
212.66824409924476
 30
0.0
 10
244.17657339510654
 20
212.7642336825781
 30
0.0
  0
SPLINE
  5
2F6
330
17
100
AcDbEntity
  8
ENGRAVE
100
AcDbSpline
 70
0
 71
2
 72
6
 73
3
 74
0
 40
0.0
 40
0.0
 40
0.0
 40
1.0
 40
1.0
 40
1.0
 10
244.5125629784399
 20
210.54022326591144
 30
0.0
 10
244.38454214510656
 20
210.26824409924475
 30
0.0
 10
244.1925629784399
 20
209.94824409924476
 30
0.0
  0
SPLINE
  5
2F7
330
17
100
AcDbEntity
  8
ENGRAVE
100
AcDbSpline
 70
0
 71
2
 72
6
 73
3
 74
0
 40
0.0
 40
0.0
 40
0.0
 40
1.0
 40
1.0
 40
1.0
 10
244.17657339510654
 20
212.7642336825781
 30
0.0
 10
244.2405838117732
 20
212.86022326591143
 30
0.0
 10
244.3525629784399
 20
213.0522024325781
 30
0.0
  0
SPLINE
  5
2F8
330
17
100
AcDbEntity
  8
ENGRAVE
100
AcDbSpline
 70
0
 71
2
 72
6
 73
3
 74
0
 40
0.0
 40
0.0
 40
0.0
 40
1.0
 40
1.0
 40
1.0
 10
243.98454214510656
 20
206.82824409924476
 30
0.0
 10
244.16058381177322
 20
206.8122024325781
 30
0.0
 10
244.49657339510657
 20
206.83621284924476
 30
0.0
  0
SPLINE
  5
2F9
330
17
100
AcDbEntity
  8
ENGRAVE
100
AcDbSpline
 70
0
 71
2
 72
6
 73
3
 74
0
 40
0.0
 40
0.0
 40
0.0
 40
1.0
 40
1.0
 40
1.0
 10
244.70454214510656
 20
210.87621284924475
 30
0.0
 10
244.6405838117732
 20
210.8122024325781
 30
0.0
 10
244.5125629784399
 20
210.54022326591144
 30
0.0
  0
SPLINE
  5
2FA
330
17
100
AcDbEntity
  8
ENGRAVE
100
AcDbSpline
 70
0
 71
2
 72
6
 73
3
 74
0
 40
0.0
 40
0.0
 40
0.0
 40
1.0
 40
1.0
 40
1.0
 10
244.3525629784399
 20
213.0522024325781
 30
0.0
 10
244.46454214510655
 20
213.26022326591143
 30
0.0
 10
244.5365473534399
 20
213.40423368257808
 30
0.0
  0
SPLINE
  5
2FB
330
17
100
AcDbEntity
  8
ENGRAVE
100
AcDbSpline
 70
0
 71
2
 72
6
 73
3
 74
0
 40
0.0
 40
0.0
 40
0.0
 40
1.0
 40
1.0
 40
1.0
 10
245.98454214510656
 20
206.1242336825781
 30
0.0
 10
245.26454214510656
 20
205.67621284924476
 30
0.0
 10
244.54454214510656
 20
205.58022326591143
 30
0.0
  0
SPLINE
  5
2FC
330
17
100
AcDbEntity
  8
ENGRAVE
100
AcDbSpline
 70
0
 71
2
 72
6
 73
3
 74
0
 40
0.0
 40
0.0
 40
0.0
 40
1.0
 40
1.0
 40
1.0
 10
244.8245681867732
 20
211.07623889091144
 30
0.0
 10
244.76855256177322
 20
211.0042336825781
 30
0.0
 10
244.70454214510656
 20
210.87621284924475
 30
0.0
  0
SPLINE
  5
2FD
330
17
100
AcDbEntity
  8
ENGRAVE
100
AcDbSpline
 70
0
 71
2
 72
6
 73
3
 74
0
 40
0.0
 40
0.0
 40
0.0
 40
1.0
 40
1.0
 40
1.0
 10
244.5365473534399
 20
213.40423368257808
 30
0.0
 10
244.60855256177322
 20
213.54824409924476
 30
0.0
 10
244.76855256177322
 20
213.8042336825781
 30
0.0
  0
SPLINE
  5
2FE
330
17
100
AcDbEntity
  8
ENGRAVE
100
AcDbSpline
 70
0
 71
2
 72
6
 73
3
 74
0
 40
0.0
 40
0.0
 40
0.0
 40
1.0
 40
1.0
 40
1.0
 10
245.00855256177323
 20
211.18022326591142
 30
0.0
 10
244.88058381177322
 20
211.14824409924475
 30
0.0
 10
244.8245681867732
 20
211.07623889091144
 30
0.0
  0
SPLINE
  5
2FF
330
17
100
AcDbEntity
  8
ENGRAVE
100
AcDbSpline
 70
0
 71
2
 72
6
 73
3
 74
0
 40
0.0
 40
0.0
 40
0.0
 40
1.0
 40
1.0
 40
1.0
 10
244.76855256177322
 20
213.8042336825781
 30
0.0
 10
244.84855256177323
 20
213.91621284924477
 30
0.0
 10
244.9445681867732
 20
214.07621284924477
 30
0.0
  0
SPLINE
  5
300
330
17
100
AcDbEntity
  8
ENGRAVE
100
AcDbSpline
 70
0
 71
2
 72
6
 73
3
 74
0
 40
0.0
 40
0.0
 40
0.0
 40
1.0
 40
1.0
 40
1.0
 10
245.20055777010654
 20
211.2122024325781
 30
0.0
 10
245.13657339510655
 20
211.2122024325781
 30
0.0
 10
245.00855256177323
 20
211.18022326591142
 30
0.0
  0
SPLINE
  5
301
330
17
100
AcDbEntity
  8
ENGRAVE
100
AcDbSpline
 70
0
 71
2
 72
6
 73
3
 74
0
 40
0.0
 40
0.0
 40
0.0
 40
1.0
 40
1.0
 40
1.0
 10
244.49657339510657
 20
206.83621284924476
 30
0.0
 10
244.83256297843988
 20
206.86022326591143
 30
0.0
 10
245.05657339510654
 20
206.9242336825781
 30
0.0
  0
SPLINE
  5
302
330
17
100
AcDbEntity
  8
ENGRAVE
100
AcDbSpline
 70
0
 71
2
 72
6
 73
3
 74
0
 40
0.0
 40
0.0
 40
0.0
 40
1.0
 40
1.0
 40
1.0
 10
244.9445681867732
 20
214.07621284924477
 30
0.0
 10
245.04058381177322
 20
214.23621284924477
 30
0.0
 10
245.18454214510655
 20
214.34824409924477
 30
0.0
  0
SPLINE
  5
303
330
17
100
AcDbEntity
  8
ENGRAVE
100
AcDbSpline
 70
0
 71
2
 72
6
 73
3
 74
0
 40
0.0
 40
0.0
 40
0.0
 40
1.0
 40
1.0
 40
1.0
 10
245.4725629784399
 20
211.22824409924476
 30
0.0
 10
245.26454214510656
 20
211.2122024325781
 30
0.0
 10
245.20055777010654
 20
211.2122024325781
 30
0.0
  0
SPLINE
  5
304
330
17
100
AcDbEntity
  8
ENGRAVE
100
AcDbSpline
 70
0
 71
2
 72
6
 73
3
 74
0
 40
0.0
 40
0.0
 40
0.0
 40
1.0
 40
1.0
 40
1.0
 10
245.05657339510654
 20
206.9242336825781
 30
0.0
 10
245.2325629784399
 20
207.0042336825781
 30
0.0
 10
245.42456818677323
 20
207.09222847424476
 30
0.0
  0
SPLINE
  5
305
330
17
100
AcDbEntity
  8
ENGRAVE
100
AcDbSpline
 70
0
 71
2
 72
6
 73
3
 74
0
 40
0.0
 40
0.0
 40
0.0
 40
1.0
 40
1.0
 40
1.0
 10
245.87256297843987
 20
211.23623889091144
 30
0.0
 10
245.60058381177322
 20
211.22824409924476
 30
0.0
 10
245.4725629784399
 20
211.22824409924476
 30
0.0
  0
SPLINE
  5
306
330
17
100
AcDbEntity
  8
ENGRAVE
100
AcDbSpline
 70
0
 71
2
 72
6
 73
3
 74
0
 40
0.0
 40
0.0
 40
0.0
 40
1.0
 40
1.0
 40
1.0
 10
245.6325629784399
 20
212.7322024325781
 30
0.0
 10
245.37657339510656
 20
212.38022326591144
 30
0.0
 10
245.53657339510656
 20
212.33222847424477
 30
0.0
  0
SPLINE
  5
307
330
17
100
AcDbEntity
  8
ENGRAVE
100
AcDbSpline
 70
0
 71
2
 72
6
 73
3
 74
0
 40
0.0
 40
0.0
 40
0.0
 40
1.0
 40
1.0
 40
1.0
 10
245.9445681867732
 20
213.22022326591144
 30
0.0
 10
245.77657339510654
 20
213.0042336825781
 30
0.0
 10
245.6325629784399
 20
212.7322024325781
 30
0.0
  0
SPLINE
  5
308
330
17
100
AcDbEntity
  8
ENGRAVE
100
AcDbSpline
 70
0
 71
2
 72
6
 73
3
 74
0
 40
0.0
 40
0.0
 40
0.0
 40
1.0
 40
1.0
 40
1.0
 10
245.18454214510655
 20
214.34824409924477
 30
0.0
 10
245.32855256177322
 20
214.47621284924477
 30
0.0
 10
245.6565473534399
 20
214.53222847424476
 30
0.0
  0
SPLINE
  5
309
330
17
100
AcDbEntity
  8
ENGRAVE
100
AcDbSpline
 70
0
 71
2
 72
6
 73
3
 74
0
 40
0.0
 40
0.0
 40
0.0
 40
1.0
 40
1.0
 40
1.0
 10
245.42456818677323
 20
207.09222847424476
 30
0.0
 10
245.61657339510654
 20
207.18022326591142
 30
0.0
 10
245.77657339510654
 20
207.27621284924476
 30
0.0
  0
SPLINE
  5
30A
330
17
100
AcDbEntity
  8
ENGRAVE
100
AcDbSpline
 70
0
 71
2
 72
6
 73
3
 74
0
 40
0.0
 40
0.0
 40
0.0
 40
1.0
 40
1.0
 40
1.0
 10
246.5285525617732
 20
211.30824409924477
 30
0.0
 10
246.14454214510656
 20
211.24423368257808
 30
0.0
 10
245.87256297843987
 20
211.23623889091144
 30
0.0
  0
SPLINE
  5
30B
330
17
100
AcDbEntity
  8
ENGRAVE
100
AcDbSpline
 70
0
 71
2
 72
6
 73
3
 74
0
 40
0.0
 40
0.0
 40
0.0
 40
1.0
 40
1.0
 40
1.0
 10
246.2405838117732
 20
213.70824409924475
 30
0.0
 10
246.11256297843988
 20
213.43621284924475
 30
0.0
 10
245.9445681867732
 20
213.22022326591144
 30
0.0
  0
SPLINE
  5
30C
330
17
100
AcDbEntity
  8
ENGRAVE
100
AcDbSpline
 70
0
 71
2
 72
6
 73
3
 74
0
 40
0.0
 40
0.0
 40
0.0
 40
1.0
 40
1.0
 40
1.0
 10
246.57657339510655
 20
206.67621284924476
 30
0.0
 10
246.49657339510657
 20
206.41220243257808
 30
0.0
 10
245.98454214510656
 20
206.1242336825781
 30
0.0
  0
SPLINE
  5
30D
330
17
100
AcDbEntity
  8
ENGRAVE
100
AcDbSpline
 70
0
 71
2
 72
6
 73
3
 74
0
 40
0.0
 40
0.0
 40
0.0
 40
1.0
 40
1.0
 40
1.0
 10
245.77657339510654
 20
207.27621284924476
 30
0.0
 10
245.9205838117732
 20
207.35621284924477
 30
0.0
 10
246.06456818677322
 20
207.44420764091143
 30
0.0
  0
SPLINE
  5
30E
330
17
100
AcDbEntity
  8
ENGRAVE
100
AcDbSpline
 70
0
 71
2
 72
6
 73
3
 74
0
 40
0.0
 40
0.0
 40
0.0
 40
1.0
 40
1.0
 40
1.0
 10
246.06456818677322
 20
207.44420764091143
 30
0.0
 10
246.20855256177322
 20
207.5322024325781
 30
0.0
 10
246.20855256177322
 20
207.5322024325781
 30
0.0
  0
SPLINE
  5
30F
330
17
100
AcDbEntity
  8
ENGRAVE
100
AcDbSpline
 70
0
 71
2
 72
6
 73
3
 74
0
 40
0.0
 40
0.0
 40
0.0
 40
1.0
 40
1.0
 40
1.0
 10
245.6565473534399
 20
214.53222847424476
 30
0.0
 10
245.98454214510656
 20
214.58824409924478
 30
0.0
 10
246.22454214510654
 20
214.38022326591144
 30
0.0
  0
SPLINE
  5
310
330
17
100
AcDbEntity
  8
ENGRAVE
100
AcDbSpline
 70
0
 71
2
 72
6
 73
3
 74
0
 40
0.0
 40
0.0
 40
0.0
 40
1.0
 40
1.0
 40
1.0
 10
246.3685525617732
 20
214.07621284924477
 30
0.0
 10
246.38454214510656
 20
213.9322024325781
 30
0.0
 10
246.2405838117732
 20
213.70824409924475
 30
0.0
  0
SPLINE
  5
311
330
17
100
AcDbEntity
  8
ENGRAVE
100
AcDbSpline
 70
0
 71
2
 72
6
 73
3
 74
0
 40
0.0
 40
0.0
 40
0.0
 40
1.0
 40
1.0
 40
1.0
 10
246.22454214510654
 20
214.38022326591144
 30
0.0
 10
246.3525629784399
 20
214.22022326591144
 30
0.0
 10
246.3685525617732
 20
214.07621284924477
 30
0.0
  0
SPLINE
  5
312
330
17
100
AcDbEntity
  8
ENGRAVE
100
AcDbSpline
 70
0
 71
2
 72
6
 73
3
 74
0
 40
0.0
 40
0.0
 40
0.0
 40
1.0
 40
1.0
 40
1.0
 10
245.53657339510656
 20
212.33222847424477
 30
0.0
 10
245.69657339510655
 20
212.2842336825781
 30
0.0
 10
246.43256297843988
 20
212.39621284924476
 30
0.0
  0
SPLINE
  5
313
330
17
100
AcDbEntity
  8
ENGRAVE
100
AcDbSpline
 70
0
 71
2
 72
6
 73
3
 74
0
 40
0.0
 40
0.0
 40
0.0
 40
1.0
 40
1.0
 40
1.0
 10
246.20855256177322
 20
207.5322024325781
 30
0.0
 10
246.28855256177323
 20
207.66022326591144
 30
0.0
 10
246.44055777010655
 20
207.49222847424477
 30
0.0
  0
SPLINE
  5
314
330
17
100
AcDbEntity
  8
ENGRAVE
100
AcDbSpline
 70
0
 71
2
 72
6
 73
3
 74
0
 40
0.0
 40
0.0
 40
0.0
 40
1.0
 40
1.0
 40
1.0
 10
247.26456818677323
 20
211.38824409924476
 30
0.0
 10
247.13657339510655
 20
211.30824409924477
 30
0.0
 10
246.5285525617732
 20
211.30824409924477
 30
0.0
  0
SPLINE
  5
315
330
17
100
AcDbEntity
  8
ENGRAVE
100
AcDbSpline
 70
0
 71
2
 72
6
 73
3
 74
0
 40
0.0
 40
0.0
 40
0.0
 40
1.0
 40
1.0
 40
1.0
 10
246.65657339510656
 20
207.13220243257808
 30
0.0
 10
246.65657339510656
 20
206.94022326591144
 30
0.0
 10
246.57657339510655
 20
206.67621284924476
 30
0.0
  0
SPLINE
  5
316
330
17
100
AcDbEntity
  8
ENGRAVE
100
AcDbSpline
 70
0
 71
2
 72
6
 73
3
 74
0
 40
0.0
 40
0.0
 40
0.0
 40
1.0
 40
1.0
 40
1.0
 10
246.44055777010655
 20
207.49222847424477
 30
0.0
 10
246.59256297843987
 20
207.3242336825781
 30
0.0
 10
246.65657339510656
 20
207.13220243257808
 30
0.0
  0
SPLINE
  5
317
330
17
100
AcDbEntity
  8
ENGRAVE
100
AcDbSpline
 70
0
 71
2
 72
6
 73
3
 74
0
 40
0.0
 40
0.0
 40
0.0
 40
1.0
 40
1.0
 40
1.0
 10
246.43256297843988
 20
212.39621284924476
 30
0.0
 10
246.89657339510654
 20
212.47621284924477
 30
0.0
 10
247.1045681867732
 20
212.30022326591143
 30
0.0
  0
SPLINE
  5
318
330
17
100
AcDbEntity
  8
ENGRAVE
100
AcDbSpline
 70
0
 71
2
 72
6
 73
3
 74
0
 40
0.0
 40
0.0
 40
0.0
 40
1.0
 40
1.0
 40
1.0
 10
247.38456818677324
 20
206.5642336825781
 30
0.0
 10
247.3125629784399
 20
206.70022326591143
 30
0.0
 10
247.24855256177324
 20
206.7642336825781
 30
0.0
  0
SPLINE
  5
319
330
17
100
AcDbEntity
  8
ENGRAVE
100
AcDbSpline
 70
0
 71
2
 72
6
 73
3
 74
0
 40
0.0
 40
0.0
 40
0.0
 40
1.0
 40
1.0
 40
1.0
 10
247.34454214510654
 20
211.85220243257808
 30
0.0
 10
247.39256297843988
 20
211.46824409924477
 30
0.0
 10
247.26456818677323
 20
211.38824409924476
 30
0.0
  0
SPLINE
  5
31A
330
17
100
AcDbEntity
  8
ENGRAVE
100
AcDbSpline
 70
0
 71
2
 72
6
 73
3
 74
0
 40
0.0
 40
0.0
 40
0.0
 40
1.0
 40
1.0
 40
1.0
 10
247.24855256177324
 20
206.7642336825781
 30
0.0
 10
247.16855256177323
 20
206.86022326591143
 30
0.0
 10
247.2965473534399
 20
207.23621284924477
 30
0.0
  0
SPLINE
  5
31B
330
17
100
AcDbEntity
  8
ENGRAVE
100
AcDbSpline
 70
0
 71
2
 72
6
 73
3
 74
0
 40
0.0
 40
0.0
 40
0.0
 40
1.0
 40
1.0
 40
1.0
 10
247.1045681867732
 20
212.30022326591143
 30
0.0
 10
247.31256297843987
 20
212.1242336825781
 30
0.0
 10
247.34454214510654
 20
211.85220243257808
 30
0.0
  0
SPLINE
  5
31C
330
17
100
AcDbEntity
  8
ENGRAVE
100
AcDbSpline
 70
0
 71
2
 72
6
 73
3
 74
0
 40
0.0
 40
0.0
 40
0.0
 40
1.0
 40
1.0
 40
1.0
 10
247.45657339510657
 20
206.3642336825781
 30
0.0
 10
247.45657339510657
 20
206.42824409924475
 30
0.0
 10
247.38456818677324
 20
206.5642336825781
 30
0.0
  0
SPLINE
  5
31D
330
17
100
AcDbEntity
  8
ENGRAVE
100
AcDbSpline
 70
0
 71
2
 72
6
 73
3
 74
0
 40
0.0
 40
0.0
 40
0.0
 40
1.0
 40
1.0
 40
1.0
 10
247.6725629784399
 20
206.17222847424478
 30
0.0
 10
247.45657339510657
 20
206.30022326591143
 30
0.0
 10
247.45657339510657
 20
206.3642336825781
 30
0.0
  0
SPLINE
  5
31E
330
17
100
AcDbEntity
  8
ENGRAVE
100
AcDbSpline
 70
0
 71
2
 72
6
 73
3
 74
0
 40
0.0
 40
0.0
 40
0.0
 40
1.0
 40
1.0
 40
1.0
 10
247.95256297843991
 20
205.91621284924477
 30
0.0
 10
247.88855256177322
 20
206.0442336825781
 30
0.0
 10
247.6725629784399
 20
206.17222847424478
 30
0.0
  0
SPLINE
  5
31F
330
17
100
AcDbEntity
  8
ENGRAVE
100
AcDbSpline
 70
0
 71
2
 72
6
 73
3
 74
0
 40
0.0
 40
0.0
 40
0.0
 40
1.0
 40
1.0
 40
1.0
 10
247.2965473534399
 20
207.23621284924477
 30
0.0
 10
247.42454214510656
 20
207.6122024325781
 30
0.0
 10
247.68055777010656
 20
208.15621284924475
 30
0.0
  0
SPLINE
  5
320
330
17
100
AcDbEntity
  8
ENGRAVE
100
AcDbSpline
 70
0
 71
2
 72
6
 73
3
 74
0
 40
0.0
 40
0.0
 40
0.0
 40
1.0
 40
1.0
 40
1.0
 10
249.30456818677322
 20
205.9082180575781
 30
0.0
 10
248.49657339510657
 20
205.5642336825781
 30
0.0
 10
247.95256297843991
 20
205.91621284924477
 30
0.0
  0
SPLINE
  5
321
330
17
100
AcDbEntity
  8
ENGRAVE
100
AcDbSpline
 70
0
 71
2
 72
6
 73
3
 74
0
 40
0.0
 40
0.0
 40
0.0
 40
1.0
 40
1.0
 40
1.0
 10
247.68055777010656
 20
208.15621284924475
 30
0.0
 10
247.93657339510656
 20
208.70022326591143
 30
0.0
 10
248.2405317284399
 20
209.26022326591143
 30
0.0
  0
SPLINE
  5
322
330
17
100
AcDbEntity
  8
ENGRAVE
100
AcDbSpline
 70
0
 71
2
 72
6
 73
3
 74
0
 40
0.0
 40
0.0
 40
0.0
 40
1.0
 40
1.0
 40
1.0
 10
248.2405317284399
 20
209.26022326591143
 30
0.0
 10
248.36855256177324
 20
209.38824409924476
 30
0.0
 10
248.4965473534399
 20
209.59623889091142
 30
0.0
  0
SPLINE
  5
323
330
17
100
AcDbEntity
  8
ENGRAVE
100
AcDbSpline
 70
0
 71
2
 72
6
 73
3
 74
0
 40
0.0
 40
0.0
 40
0.0
 40
1.0
 40
1.0
 40
1.0
 10
248.4965473534399
 20
209.59623889091142
 30
0.0
 10
248.62454214510657
 20
209.8042336825781
 30
0.0
 10
248.68855256177324
 20
209.86824409924475
 30
0.0
  0
SPLINE
  5
324
330
17
100
AcDbEntity
  8
ENGRAVE
100
AcDbSpline
 70
0
 71
2
 72
6
 73
3
 74
0
 40
0.0
 40
0.0
 40
0.0
 40
1.0
 40
1.0
 40
1.0
 10
248.68855256177324
 20
209.86824409924475
 30
0.0
 10
248.68855256177324
 20
209.9322024325781
 30
0.0
 10
248.7365473534399
 20
209.98821805757808
 30
0.0
  0
SPLINE
  5
325
330
17
100
AcDbEntity
  8
ENGRAVE
100
AcDbSpline
 70
0
 71
2
 72
6
 73
3
 74
0
 40
0.0
 40
0.0
 40
0.0
 40
1.0
 40
1.0
 40
1.0
 10
248.94456818677324
 20
207.57222847424475
 30
0.0
 10
248.8325629784399
 20
207.24423368257808
 30
0.0
 10
248.8325629784399
 20
207.24423368257808
 30
0.0
  0
SPLINE
  5
326
330
17
100
AcDbEntity
  8
ENGRAVE
100
AcDbSpline
 70
0
 71
2
 72
6
 73
3
 74
0
 40
0.0
 40
0.0
 40
0.0
 40
1.0
 40
1.0
 40
1.0
 10
248.7365473534399
 20
209.98821805757808
 30
0.0
 10
248.78454214510657
 20
210.0442336825781
 30
0.0
 10
248.84855256177323
 20
210.0442336825781
 30
0.0
  0
SPLINE
  5
327
330
17
100
AcDbEntity
  8
ENGRAVE
100
AcDbSpline
 70
0
 71
2
 72
6
 73
3
 74
0
 40
0.0
 40
0.0
 40
0.0
 40
1.0
 40
1.0
 40
1.0
 10
249.26454214510656
 20
208.2522024325781
 30
0.0
 10
249.05657339510657
 20
207.90022326591142
 30
0.0
 10
248.94456818677324
 20
207.57222847424475
 30
0.0
  0
SPLINE
  5
328
330
17
100
AcDbEntity
  8
ENGRAVE
100
AcDbSpline
 70
0
 71
2
 72
6
 73
3
 74
0
 40
0.0
 40
0.0
 40
0.0
 40
1.0
 40
1.0
 40
1.0
 10
248.97657339510658
 20
210.30022326591143
 30
0.0
 10
249.00855256177323
 20
210.3642336825781
 30
0.0
 10
249.1765473534399
 20
210.55623889091143
 30
0.0
  0
SPLINE
  5
329
330
17
100
AcDbEntity
  8
ENGRAVE
100
AcDbSpline
 70
0
 71
2
 72
6
 73
3
 74
0
 40
0.0
 40
0.0
 40
0.0
 40
1.0
 40
1.0
 40
1.0
 10
248.8325629784399
 20
207.24423368257808
 30
0.0
 10
248.94454214510657
 20
207.22824409924476
 30
0.0
 10
249.18454214510658
 20
207.3642336825781
 30
0.0
  0
SPLINE
  5
32A
330
17
100
AcDbEntity
  8
ENGRAVE
100
AcDbSpline
 70
0
 71
2
 72
6
 73
3
 74
0
 40
0.0
 40
0.0
 40
0.0
 40
1.0
 40
1.0
 40
1.0
 10
250.40855256177323
 20
209.95621284924476
 30
0.0
 10
249.9205317284399
 20
209.3722024325781
 30
0.0
 10
249.26454214510656
 20
208.2522024325781
 30
0.0
  0
SPLINE
  5
32B
330
17
100
AcDbEntity
  8
ENGRAVE
100
AcDbSpline
 70
0
 71
2
 72
6
 73
3
 74
0
 40
0.0
 40
0.0
 40
0.0
 40
1.0
 40
1.0
 40
1.0
 10
251.24855256177324
 20
207.40423368257808
 30
0.0
 10
250.1125629784399
 20
206.2522024325781
 30
0.0
 10
249.30456818677322
 20
205.9082180575781
 30
0.0
  0
SPLINE
  5
32C
330
17
100
AcDbEntity
  8
ENGRAVE
100
AcDbSpline
 70
0
 71
2
 72
6
 73
3
 74
0
 40
0.0
 40
0.0
 40
0.0
 40
1.0
 40
1.0
 40
1.0
 10
249.1765473534399
 20
210.55623889091143
 30
0.0
 10
249.34454214510657
 20
210.74824409924477
 30
0.0
 10
249.58454214510658
 20
210.98022326591143
 30
0.0
  0
SPLINE
  5
32D
330
17
100
AcDbEntity
  8
ENGRAVE
100
AcDbSpline
 70
0
 71
2
 72
6
 73
3
 74
0
 40
0.0
 40
0.0
 40
0.0
 40
1.0
 40
1.0
 40
1.0
 10
249.18454214510658
 20
207.3642336825781
 30
0.0
 10
249.42454214510656
 20
207.50022326591142
 30
0.0
 10
249.82454214510656
 20
207.82022326591144
 30
0.0
  0
SPLINE
  5
32E
330
17
100
AcDbEntity
  8
ENGRAVE
100
AcDbSpline
 70
0
 71
2
 72
6
 73
3
 74
0
 40
0.0
 40
0.0
 40
0.0
 40
1.0
 40
1.0
 40
1.0
 10
249.58454214510658
 20
210.98022326591143
 30
0.0
 10
249.82454214510656
 20
211.2122024325781
 30
0.0
 10
250.07253693677325
 20
211.42022326591143
 30
0.0
  0
SPLINE
  5
32F
330
17
100
AcDbEntity
  8
ENGRAVE
100
AcDbSpline
 70
0
 71
2
 72
6
 73
3
 74
0
 40
0.0
 40
0.0
 40
0.0
 40
1.0
 40
1.0
 40
1.0
 10
251.21657339510656
 20
210.54022326591144
 30
0.0
 10
250.89657339510657
 20
210.54022326591144
 30
0.0
 10
250.40855256177323
 20
209.95621284924476
 30
0.0
  0
SPLINE
  5
330
330
17
100
AcDbEntity
  8
ENGRAVE
100
AcDbSpline
 70
0
 71
2
 72
6
 73
3
 74
0
 40
0.0
 40
0.0
 40
0.0
 40
1.0
 40
1.0
 40
1.0
 10
250.07253693677325
 20
211.42022326591143
 30
0.0
 10
250.3205317284399
 20
211.62824409924477
 30
0.0
 10
250.4805317284399
 20
211.7242336825781
 30
0.0
  0
SPLINE
  5
331
330
17
100
AcDbEntity
  8
ENGRAVE
100
AcDbSpline
 70
0
 71
2
 72
6
 73
3
 74
0
 40
0.0
 40
0.0
 40
0.0
 40
1.0
 40
1.0
 40
1.0
 10
249.82454214510656
 20
207.82022326591144
 30
0.0
 10
250.36855256177324
 20
208.2842336825781
 30
0.0
 10
250.72055777010658
 20
208.5882180575781
 30
0.0
  0
SPLINE
  5
332
330
17
100
AcDbEntity
  8
ENGRAVE
100
AcDbSpline
 70
0
 71
2
 72
6
 73
3
 74
0
 40
0.0
 40
0.0
 40
0.0
 40
1.0
 40
1.0
 40
1.0
 10
250.4805317284399
 20
211.7242336825781
 30
0.0
 10
250.81657339510656
 20
211.94824409924476
 30
0.0
 10
251.17657339510657
 20
211.93222847424477
 30
0.0
  0
SPLINE
  5
333
330
17
100
AcDbEntity
  8
ENGRAVE
100
AcDbSpline
 70
0
 71
2
 72
6
 73
3
 74
0
 40
0.0
 40
0.0
 40
0.0
 40
1.0
 40
1.0
 40
1.0
 10
251.47253693677322
 20
210.4282180575781
 30
0.0
 10
251.34454214510657
 20
210.54022326591144
 30
0.0
 10
251.21657339510656
 20
210.54022326591144
 30
0.0
  0
SPLINE
  5
334
330
17
100
AcDbEntity
  8
ENGRAVE
100
AcDbSpline
 70
0
 71
2
 72
6
 73
3
 74
0
 40
0.0
 40
0.0
 40
0.0
 40
1.0
 40
1.0
 40
1.0
 10
251.44855256177323
 20
207.62022326591142
 30
0.0
 10
251.34454214510657
 20
207.50022326591142
 30
0.0
 10
251.24855256177324
 20
207.40423368257808
 30
0.0
  0
SPLINE
  5
335
330
17
100
AcDbEntity
  8
ENGRAVE
100
AcDbSpline
 70
0
 71
2
 72
6
 73
3
 74
0
 40
0.0
 40
0.0
 40
0.0
 40
1.0
 40
1.0
 40
1.0
 10
250.72055777010658
 20
208.5882180575781
 30
0.0
 10
251.0725629784399
 20
208.8922024325781
 30
0.0
 10
251.40855256177323
 20
209.3722024325781
 30
0.0
  0
SPLINE
  5
336
330
17
100
AcDbEntity
  8
ENGRAVE
100
AcDbSpline
 70
0
 71
2
 72
6
 73
3
 74
0
 40
0.0
 40
0.0
 40
0.0
 40
1.0
 40
1.0
 40
1.0
 10
251.61657339510657
 20
207.82022326591144
 30
0.0
 10
251.5525629784399
 20
207.74022326591142
 30
0.0
 10
251.44855256177323
 20
207.62022326591142
 30
0.0
  0
SPLINE
  5
337
330
17
100
AcDbEntity
  8
ENGRAVE
100
AcDbSpline
 70
0
 71
2
 72
6
 73
3
 74
0
 40
0.0
 40
0.0
 40
0.0
 40
1.0
 40
1.0
 40
1.0
 10
251.7605317284399
 20
209.94824409924476
 30
0.0
 10
251.6005317284399
 20
210.31621284924475
 30
0.0
 10
251.47253693677322
 20
210.4282180575781
 30
0.0
  0
SPLINE
  5
338
330
17
100
AcDbEntity
  8
ENGRAVE
100
AcDbSpline
 70
0
 71
2
 72
6
 73
3
 74
0
 40
0.0
 40
0.0
 40
0.0
 40
1.0
 40
1.0
 40
1.0
 10
251.7365473534399
 20
207.47621284924477
 30
0.0
 10
251.6325629784399
 20
207.74022326591142
 30
0.0
 10
251.61657339510657
 20
207.82022326591144
 30
0.0
  0
SPLINE
  5
339
330
17
100
AcDbEntity
  8
ENGRAVE
100
AcDbSpline
 70
0
 71
2
 72
6
 73
3
 74
0
 40
0.0
 40
0.0
 40
0.0
 40
1.0
 40
1.0
 40
1.0
 10
251.90454214510657
 20
207.11621284924476
 30
0.0
 10
251.8405317284399
 20
207.2122024325781
 30
0.0
 10
251.7365473534399
 20
207.47621284924477
 30
0.0
  0
SPLINE
  5
33A
330
17
100
AcDbEntity
  8
ENGRAVE
100
AcDbSpline
 70
0
 71
2
 72
6
 73
3
 74
0
 40
0.0
 40
0.0
 40
0.0
 40
1.0
 40
1.0
 40
1.0
 10
251.17657339510657
 20
211.93222847424477
 30
0.0
 10
251.53657339510656
 20
211.91621284924477
 30
0.0
 10
251.7925629784399
 20
211.70824409924475
 30
0.0
  0
SPLINE
  5
33B
330
17
100
AcDbEntity
  8
ENGRAVE
100
AcDbSpline
 70
0
 71
2
 72
6
 73
3
 74
0
 40
0.0
 40
0.0
 40
0.0
 40
1.0
 40
1.0
 40
1.0
 10
252.76855256177325
 20
206.2042336825781
 30
0.0
 10
252.28855256177323
 20
206.38022326591144
 30
0.0
 10
251.90454214510657
 20
207.11621284924476
 30
0.0
  0
SPLINE
  5
33C
330
17
100
AcDbEntity
  8
ENGRAVE
100
AcDbSpline
 70
0
 71
2
 72
6
 73
3
 74
0
 40
0.0
 40
0.0
 40
0.0
 40
1.0
 40
1.0
 40
1.0
 10
251.7925629784399
 20
211.70824409924475
 30
0.0
 10
251.8405317284399
 20
211.66022326591144
 30
0.0
 10
252.00855256177323
 20
211.51621284924477
 30
0.0
  0
SPLINE
  5
33D
330
17
100
AcDbEntity
  8
ENGRAVE
100
AcDbSpline
 70
0
 71
2
 72
6
 73
3
 74
0
 40
0.0
 40
0.0
 40
0.0
 40
1.0
 40
1.0
 40
1.0
 10
252.00855256177323
 20
211.51621284924477
 30
0.0
 10
252.17657339510657
 20
211.3722024325781
 30
0.0
 10
252.3925629784399
 20
211.19621284924477
 30
0.0
  0
SPLINE
  5
33E
330
17
100
AcDbEntity
  8
ENGRAVE
100
AcDbSpline
 70
0
 71
2
 72
6
 73
3
 74
0
 40
0.0
 40
0.0
 40
0.0
 40
1.0
 40
1.0
 40
1.0
 10
253.77657339510657
 20
206.0922024325781
 30
0.0
 10
253.24855256177324
 20
206.02824409924477
 30
0.0
 10
252.76855256177325
 20
206.2042336825781
 30
0.0
  0
SPLINE
  5
33F
330
17
100
AcDbEntity
  8
ENGRAVE
100
AcDbSpline
 70
0
 71
2
 72
6
 73
3
 74
0
 40
0.0
 40
0.0
 40
0.0
 40
1.0
 40
1.0
 40
1.0
 10
252.3925629784399
 20
211.19621284924477
 30
0.0
 10
252.60855256177325
 20
211.02022326591143
 30
0.0
 10
252.76855256177325
 20
210.87621284924475
 30
0.0
  0
SPLINE
  5
340
330
17
100
AcDbEntity
  8
ENGRAVE
100
AcDbSpline
 70
0
 71
2
 72
6
 73
3
 74
0
 40
0.0
 40
0.0
 40
0.0
 40
1.0
 40
1.0
 40
1.0
 10
253.08855256177324
 20
209.54824409924476
 30
0.0
 10
252.8805317284399
 20
208.90824409924477
 30
0.0
 10
252.9765473534399
 20
208.42824409924475
 30
0.0
  0
SPLINE
  5
341
330
17
100
AcDbEntity
  8
ENGRAVE
100
AcDbSpline
 70
0
 71
2
 72
6
 73
3
 74
0
 40
0.0
 40
0.0
 40
0.0
 40
1.0
 40
1.0
 40
1.0
 10
252.9765473534399
 20
208.42824409924475
 30
0.0
 10
253.0725629784399
 20
207.94824409924476
 30
0.0
 10
253.2805317284399
 20
207.59621284924475
 30
0.0
  0
SPLINE
  5
342
330
17
100
AcDbEntity
  8
ENGRAVE
100
AcDbSpline
 70
0
 71
2
 72
6
 73
3
 74
0
 40
0.0
 40
0.0
 40
0.0
 40
1.0
 40
1.0
 40
1.0
 10
253.50454214510657
 20
202.29222847424475
 30
0.0
 10
253.37652131177322
 20
202.52423368257809
 30
0.0
 10
253.45652131177323
 20
202.94022326591144
 30
0.0
  0
SPLINE
  5
343
330
17
100
AcDbEntity
  8
ENGRAVE
100
AcDbSpline
 70
0
 71
2
 72
6
 73
3
 74
0
 40
0.0
 40
0.0
 40
0.0
 40
1.0
 40
1.0
 40
1.0
 10
253.69652131177324
 20
201.98022326591143
 30
0.0
 10
253.6325629784399
 20
202.06022326591142
 30
0.0
 10
253.50454214510657
 20
202.29222847424475
 30
0.0
  0
SPLINE
  5
344
330
17
100
AcDbEntity
  8
ENGRAVE
100
AcDbSpline
 70
0
 71
2
 72
6
 73
3
 74
0
 40
0.0
 40
0.0
 40
0.0
 40
1.0
 40
1.0
 40
1.0
 10
253.45652131177323
 20
202.94022326591144
 30
0.0
 10
253.53652131177324
 20
203.2122024325781
 30
0.0
 10
253.58454214510655
 20
203.47621284924477
 30
0.0
  0
SPLINE
  5
345
330
17
100
AcDbEntity
  8
ENGRAVE
100
AcDbSpline
 70
0
 71
2
 72
6
 73
3
 74
0
 40
0.0
 40
0.0
 40
0.0
 40
1.0
 40
1.0
 40
1.0
 10
253.58454214510655
 20
203.47621284924477
 30
0.0
 10
253.6325629784399
 20
203.74022326591142
 30
0.0
 10
253.6325629784399
 20
203.86824409924475
 30
0.0
  0
SPLINE
  5
346
330
17
100
AcDbEntity
  8
ENGRAVE
100
AcDbSpline
 70
0
 71
2
 72
6
 73
3
 74
0
 40
0.0
 40
0.0
 40
0.0
 40
1.0
 40
1.0
 40
1.0
 10
253.6325629784399
 20
203.86824409924475
 30
0.0
 10
253.6325629784399
 20
203.9322024325781
 30
0.0
 10
253.67256297843988
 20
204.11621284924476
 30
0.0
  0
SPLINE
  5
347
330
17
100
AcDbEntity
  8
ENGRAVE
100
AcDbSpline
 70
0
 71
2
 72
6
 73
3
 74
0
 40
0.0
 40
0.0
 40
0.0
 40
1.0
 40
1.0
 40
1.0
 10
253.89652131177323
 20
201.84420764091143
 30
0.0
 10
253.77652131177322
 20
201.83621284924476
 30
0.0
 10
253.69652131177324
 20
201.98022326591143
 30
0.0
  0
SPLINE
  5
348
330
17
100
AcDbEntity
  8
ENGRAVE
100
AcDbSpline
 70
0
 71
2
 72
6
 73
3
 74
0
 40
0.0
 40
0.0
 40
0.0
 40
1.0
 40
1.0
 40
1.0
 10
253.67256297843988
 20
204.11621284924476
 30
0.0
 10
253.7125629784399
 20
204.30022326591143
 30
0.0
 10
253.7125629784399
 20
204.38022326591144
 30
0.0
  0
SPLINE
  5
349
330
17
100
AcDbEntity
  8
ENGRAVE
100
AcDbSpline
 70
0
 71
2
 72
6
 73
3
 74
0
 40
0.0
 40
0.0
 40
0.0
 40
1.0
 40
1.0
 40
1.0
 10
254.07256297843992
 20
206.29222847424475
 30
0.0
 10
253.93657339510656
 20
206.1242336825781
 30
0.0
 10
253.77657339510657
 20
206.0922024325781
 30
0.0
  0
SPLINE
  5
34A
330
17
100
AcDbEntity
  8
ENGRAVE
100
AcDbSpline
 70
0
 71
2
 72
6
 73
3
 74
0
 40
0.0
 40
0.0
 40
0.0
 40
1.0
 40
1.0
 40
1.0
 10
253.7125629784399
 20
204.38022326591144
 30
0.0
 10
253.7925629784399
 20
204.50824409924476
 30
0.0
 10
253.84055777010656
 20
204.73222847424475
 30
0.0
  0
SPLINE
  5
34B
330
17
100
AcDbEntity
  8
ENGRAVE
100
AcDbSpline
 70
0
 71
2
 72
6
 73
3
 74
0
 40
0.0
 40
0.0
 40
0.0
 40
1.0
 40
1.0
 40
1.0
 10
253.2805317284399
 20
207.59621284924475
 30
0.0
 10
253.4405317284399
 20
207.26022326591143
 30
0.0
 10
253.85657339510658
 20
207.19621284924477
 30
0.0
  0
SPLINE
  5
34C
330
17
100
AcDbEntity
  8
ENGRAVE
100
AcDbSpline
 70
0
 71
2
 72
6
 73
3
 74
0
 40
0.0
 40
0.0
 40
0.0
 40
1.0
 40
1.0
 40
1.0
 10
253.84055777010656
 20
204.73222847424475
 30
0.0
 10
253.88855256177322
 20
204.95621284924476
 30
0.0
 10
253.88855256177322
 20
205.13220243257808
 30
0.0
  0
SPLINE
  5
34D
330
17
100
AcDbEntity
  8
ENGRAVE
100
AcDbSpline
 70
0
 71
2
 72
6
 73
3
 74
0
 40
0.0
 40
0.0
 40
0.0
 40
1.0
 40
1.0
 40
1.0
 10
254.0805317284399
 20
201.85220243257808
 30
0.0
 10
254.01652131177323
 20
201.85220243257808
 30
0.0
 10
253.89652131177323
 20
201.84420764091143
 30
0.0
  0
SPLINE
  5
34E
330
17
100
AcDbEntity
  8
ENGRAVE
100
AcDbSpline
 70
0
 71
2
 72
6
 73
3
 74
0
 40
0.0
 40
0.0
 40
0.0
 40
1.0
 40
1.0
 40
1.0
 10
254.20855256177325
 20
206.8442336825781
 30
0.0
 10
254.20855256177325
 20
206.46022326591142
 30
0.0
 10
254.07256297843992
 20
206.29222847424475
 30
0.0
  0
SPLINE
  5
34F
330
17
100
AcDbEntity
  8
ENGRAVE
100
AcDbSpline
 70
0
 71
2
 72
6
 73
3
 74
0
 40
0.0
 40
0.0
 40
0.0
 40
1.0
 40
1.0
 40
1.0
 10
254.5125629784399
 20
202.1482180575781
 30
0.0
 10
254.2725629784399
 20
201.85220243257808
 30
0.0
 10
254.0805317284399
 20
201.85220243257808
 30
0.0
  0
SPLINE
  5
350
330
17
100
AcDbEntity
  8
ENGRAVE
100
AcDbSpline
 70
0
 71
2
 72
6
 73
3
 74
0
 40
0.0
 40
0.0
 40
0.0
 40
1.0
 40
1.0
 40
1.0
 10
253.88855256177322
 20
205.13220243257808
 30
0.0
 10
253.88855256177322
 20
205.3242336825781
 30
0.0
 10
254.0805317284399
 20
205.4842336825781
 30
0.0
  0
SPLINE
  5
351
330
17
100
AcDbEntity
  8
ENGRAVE
100
AcDbSpline
 70
0
 71
2
 72
6
 73
3
 74
0
 40
0.0
 40
0.0
 40
0.0
 40
1.0
 40
1.0
 40
1.0
 10
253.85657339510658
 20
207.19621284924477
 30
0.0
 10
253.98454214510656
 20
207.18022326591142
 30
0.0
 10
254.09654735343992
 20
207.10022326591144
 30
0.0
  0
SPLINE
  5
352
330
17
100
AcDbEntity
  8
ENGRAVE
100
AcDbSpline
 70
0
 71
2
 72
6
 73
3
 74
0
 40
0.0
 40
0.0
 40
0.0
 40
1.0
 40
1.0
 40
1.0
 10
254.0805317284399
 20
205.4842336825781
 30
0.0
 10
254.0805317284399
 20
205.6122024325781
 30
0.0
 10
254.1365473534399
 20
205.80420764091141
 30
0.0
  0
SPLINE
  5
353
330
17
100
AcDbEntity
  8
ENGRAVE
100
AcDbSpline
 70
0
 71
2
 72
6
 73
3
 74
0
 40
0.0
 40
0.0
 40
0.0
 40
1.0
 40
1.0
 40
1.0
 10
254.1365473534399
 20
205.80420764091141
 30
0.0
 10
254.1925629784399
 20
205.99621284924476
 30
0.0
 10
254.1925629784399
 20
206.06022326591142
 30
0.0
  0
SPLINE
  5
354
330
17
100
AcDbEntity
  8
ENGRAVE
100
AcDbSpline
 70
0
 71
2
 72
6
 73
3
 74
0
 40
0.0
 40
0.0
 40
0.0
 40
1.0
 40
1.0
 40
1.0
 10
254.09654735343992
 20
207.10022326591144
 30
0.0
 10
254.20855256177325
 20
207.02022326591143
 30
0.0
 10
254.20855256177325
 20
206.8442336825781
 30
0.0
  0
SPLINE
  5
355
330
17
100
AcDbEntity
  8
ENGRAVE
100
AcDbSpline
 70
0
 71
2
 72
6
 73
3
 74
0
 40
0.0
 40
0.0
 40
0.0
 40
1.0
 40
1.0
 40
1.0
 10
254.1925629784399
 20
206.06022326591142
 30
0.0
 10
254.2405317284399
 20
206.2842336825781
 30
0.0
 10
254.40852652010656
 20
206.85222847424475
 30
0.0
  0
SPLINE
  5
356
330
17
100
AcDbEntity
  8
ENGRAVE
100
AcDbSpline
 70
0
 71
2
 72
6
 73
3
 74
0
 40
0.0
 40
0.0
 40
0.0
 40
1.0
 40
1.0
 40
1.0
 10
254.76855256177322
 20
202.8442336825781
 30
0.0
 10
254.7525629784399
 20
202.4442336825781
 30
0.0
 10
254.5125629784399
 20
202.1482180575781
 30
0.0
  0
SPLINE
  5
357
330
17
100
AcDbEntity
  8
ENGRAVE
100
AcDbSpline
 70
0
 71
2
 72
6
 73
3
 74
0
 40
0.0
 40
0.0
 40
0.0
 40
1.0
 40
1.0
 40
1.0
 10
254.78454214510657
 20
203.10821805757809
 30
0.0
 10
254.76855256177322
 20
202.9242336825781
 30
0.0
 10
254.76855256177322
 20
202.8442336825781
 30
0.0
  0
SPLINE
  5
358
330
17
100
AcDbEntity
  8
ENGRAVE
100
AcDbSpline
 70
0
 71
2
 72
6
 73
3
 74
0
 40
0.0
 40
0.0
 40
0.0
 40
1.0
 40
1.0
 40
1.0
 10
254.86454214510655
 20
203.30824409924477
 30
0.0
 10
254.8005317284399
 20
203.2922024325781
 30
0.0
 10
254.78454214510657
 20
203.10821805757809
 30
0.0
  0
SPLINE
  5
359
330
17
100
AcDbEntity
  8
ENGRAVE
100
AcDbSpline
 70
0
 71
2
 72
6
 73
3
 74
0
 40
0.0
 40
0.0
 40
0.0
 40
1.0
 40
1.0
 40
1.0
 10
254.40852652010656
 20
206.85222847424475
 30
0.0
 10
254.57652131177323
 20
207.42022326591143
 30
0.0
 10
254.82454214510656
 20
208.14022326591143
 30
0.0
  0
SPLINE
  5
35A
330
17
100
AcDbEntity
  8
ENGRAVE
100
AcDbSpline
 70
0
 71
2
 72
6
 73
3
 74
0
 40
0.0
 40
0.0
 40
0.0
 40
1.0
 40
1.0
 40
1.0
 10
254.98454214510656
 20
203.49222847424477
 30
0.0
 10
254.92855256177324
 20
203.30824409924477
 30
0.0
 10
254.86454214510655
 20
203.30824409924477
 30
0.0
  0
SPLINE
  5
35B
330
17
100
AcDbEntity
  8
ENGRAVE
100
AcDbSpline
 70
0
 71
2
 72
6
 73
3
 74
0
 40
0.0
 40
0.0
 40
0.0
 40
1.0
 40
1.0
 40
1.0
 10
255.0405317284399
 20
203.86824409924475
 30
0.0
 10
255.0405317284399
 20
203.67621284924476
 30
0.0
 10
254.98454214510656
 20
203.49222847424477
 30
0.0
  0
SPLINE
  5
35C
330
17
100
AcDbEntity
  8
ENGRAVE
100
AcDbSpline
 70
0
 71
2
 72
6
 73
3
 74
0
 40
0.0
 40
0.0
 40
0.0
 40
1.0
 40
1.0
 40
1.0
 10
255.15253693677323
 20
204.25222847424476
 30
0.0
 10
255.10454214510656
 20
203.99621284924476
 30
0.0
 10
255.0405317284399
 20
203.86824409924475
 30
0.0
  0
SPLINE
  5
35D
330
17
100
AcDbEntity
  8
ENGRAVE
100
AcDbSpline
 70
0
 71
2
 72
6
 73
3
 74
0
 40
0.0
 40
0.0
 40
0.0
 40
1.0
 40
1.0
 40
1.0
 10
255.2005317284399
 20
204.63621284924477
 30
0.0
 10
255.2005317284399
 20
204.50824409924476
 30
0.0
 10
255.15253693677323
 20
204.25222847424476
 30
0.0
  0
SPLINE
  5
35E
330
17
100
AcDbEntity
  8
ENGRAVE
100
AcDbSpline
 70
0
 71
2
 72
6
 73
3
 74
0
 40
0.0
 40
0.0
 40
0.0
 40
1.0
 40
1.0
 40
1.0
 10
255.28852652010656
 20
204.9482180575781
 30
0.0
 10
255.2805317284399
 20
204.7642336825781
 30
0.0
 10
255.2005317284399
 20
204.63621284924477
 30
0.0
  0
SPLINE
  5
35F
330
17
100
AcDbEntity
  8
ENGRAVE
100
AcDbSpline
 70
0
 71
2
 72
6
 73
3
 74
0
 40
0.0
 40
0.0
 40
0.0
 40
1.0
 40
1.0
 40
1.0
 10
255.29652131177323
 20
205.30824409924477
 30
0.0
 10
255.29652131177323
 20
205.30824409924477
 30
0.0
 10
255.26454214510656
 20
205.26022326591143
 30
0.0
  0
SPLINE
  5
360
330
17
100
AcDbEntity
  8
ENGRAVE
100
AcDbSpline
 70
0
 71
2
 72
6
 73
3
 74
0
 40
0.0
 40
0.0
 40
0.0
 40
1.0
 40
1.0
 40
1.0
 10
255.29652131177323
 20
205.13220243257808
 30
0.0
 10
255.29652131177323
 20
205.13220243257808
 30
0.0
 10
255.28852652010656
 20
204.9482180575781
 30
0.0
  0
SPLINE
  5
361
330
17
100
AcDbEntity
  8
ENGRAVE
100
AcDbSpline
 70
0
 71
2
 72
6
 73
3
 74
0
 40
0.0
 40
0.0
 40
0.0
 40
1.0
 40
1.0
 40
1.0
 10
255.26454214510656
 20
205.26022326591143
 30
0.0
 10
255.2325629784399
 20
205.2122024325781
 30
0.0
 10
255.29652131177323
 20
205.13220243257808
 30
0.0
  0
SPLINE
  5
362
330
17
100
AcDbEntity
  8
ENGRAVE
100
AcDbSpline
 70
0
 71
2
 72
6
 73
3
 74
0
 40
0.0
 40
0.0
 40
0.0
 40
1.0
 40
1.0
 40
1.0
 10
255.47253693677322
 20
205.47623889091142
 30
0.0
 10
255.37652131177322
 20
205.30824409924477
 30
0.0
 10
255.29652131177323
 20
205.30824409924477
 30
0.0
  0
SPLINE
  5
363
330
17
100
AcDbEntity
  8
ENGRAVE
100
AcDbSpline
 70
0
 71
2
 72
6
 73
3
 74
0
 40
0.0
 40
0.0
 40
0.0
 40
1.0
 40
1.0
 40
1.0
 10
254.82454214510656
 20
208.14022326591143
 30
0.0
 10
255.0725629784399
 20
208.86022326591143
 30
0.0
 10
255.3125629784399
 20
209.54821805757808
 30
0.0
  0
SPLINE
  5
364
330
17
100
AcDbEntity
  8
ENGRAVE
100
AcDbSpline
 70
0
 71
2
 72
6
 73
3
 74
0
 40
0.0
 40
0.0
 40
0.0
 40
1.0
 40
1.0
 40
1.0
 10
255.64055777010657
 20
205.85222847424475
 30
0.0
 10
255.56855256177323
 20
205.6442336825781
 30
0.0
 10
255.47253693677322
 20
205.47623889091142
 30
0.0
  0
SPLINE
  5
365
330
17
100
AcDbEntity
  8
ENGRAVE
100
AcDbSpline
 70
0
 71
2
 72
6
 73
3
 74
0
 40
0.0
 40
0.0
 40
0.0
 40
1.0
 40
1.0
 40
1.0
 10
255.7125629784399
 20
206.15621284924475
 30
0.0
 10
255.7125629784399
 20
206.06022326591142
 30
0.0
 10
255.64055777010657
 20
205.85222847424475
 30
0.0
  0
SPLINE
  5
366
330
17
100
AcDbEntity
  8
ENGRAVE
100
AcDbSpline
 70
0
 71
2
 72
6
 73
3
 74
0
 40
0.0
 40
0.0
 40
0.0
 40
1.0
 40
1.0
 40
1.0
 10
255.7525629784399
 20
206.26821805757808
 30
0.0
 10
255.7125629784399
 20
206.2042336825781
 30
0.0
 10
255.7125629784399
 20
206.15621284924475
 30
0.0
  0
SPLINE
  5
367
330
17
100
AcDbEntity
  8
ENGRAVE
100
AcDbSpline
 70
0
 71
2
 72
6
 73
3
 74
0
 40
0.0
 40
0.0
 40
0.0
 40
1.0
 40
1.0
 40
1.0
 10
255.3125629784399
 20
209.54821805757808
 30
0.0
 10
255.5525629784399
 20
210.23621284924477
 30
0.0
 10
255.74454214510655
 20
210.71621284924476
 30
0.0
  0
SPLINE
  5
368
330
17
100
AcDbEntity
  8
ENGRAVE
100
AcDbSpline
 70
0
 71
2
 72
6
 73
3
 74
0
 40
0.0
 40
0.0
 40
0.0
 40
1.0
 40
1.0
 40
1.0
 10
255.82454214510656
 20
206.3642336825781
 30
0.0
 10
255.7925629784399
 20
206.3322024325781
 30
0.0
 10
255.7525629784399
 20
206.26821805757808
 30
0.0
  0
SPLINE
  5
369
330
17
100
AcDbEntity
  8
ENGRAVE
100
AcDbSpline
 70
0
 71
2
 72
6
 73
3
 74
0
 40
0.0
 40
0.0
 40
0.0
 40
1.0
 40
1.0
 40
1.0
 10
256.30454214510655
 20
206.23621284924477
 30
0.0
 10
255.96855256177324
 20
206.23621284924477
 30
0.0
 10
255.82454214510656
 20
206.3642336825781
 30
0.0
  0
SPLINE
  5
36A
330
17
100
AcDbEntity
  8
ENGRAVE
100
AcDbSpline
 70
0
 71
2
 72
6
 73
3
 74
0
 40
0.0
 40
0.0
 40
0.0
 40
1.0
 40
1.0
 40
1.0
 10
256.31256297843987
 20
208.40423368257808
 30
0.0
 10
256.1125629784399
 20
208.02824409924477
 30
0.0
 10
256.04855256177325
 20
207.74022326591142
 30
0.0
  0
SPLINE
  5
36B
330
17
100
AcDbEntity
  8
ENGRAVE
100
AcDbSpline
 70
0
 71
2
 72
6
 73
3
 74
0
 40
0.0
 40
0.0
 40
0.0
 40
1.0
 40
1.0
 40
1.0
 10
255.74454214510655
 20
210.71621284924476
 30
0.0
 10
255.93652131177322
 20
211.1642336825781
 30
0.0
 10
256.06454214510654
 20
211.54821805757808
 30
0.0
  0
SPLINE
  5
36C
330
17
100
AcDbEntity
  8
ENGRAVE
100
AcDbSpline
 70
0
 71
2
 72
6
 73
3
 74
0
 40
0.0
 40
0.0
 40
0.0
 40
1.0
 40
1.0
 40
1.0
 10
256.25006888333536
 20
182.8537748342125
 30
0.0
 10
256.178063675002
 20
182.9897644175458
 30
0.0
 10
256.11405325833533
 20
183.05377483421248
 30
0.0
  0
SPLINE
  5
36D
330
17
100
AcDbEntity
  8
ENGRAVE
100
AcDbSpline
 70
0
 71
2
 72
6
 73
3
 74
0
 40
0.0
 40
0.0
 40
0.0
 40
1.0
 40
1.0
 40
1.0
 10
256.04855256177325
 20
207.74022326591142
 30
0.0
 10
255.98454214510656
 20
207.4522024325781
 30
0.0
 10
256.12855256177323
 20
207.4522024325781
 30
0.0
  0
SPLINE
  5
36E
330
17
100
AcDbEntity
  8
ENGRAVE
100
AcDbSpline
 70
0
 71
2
 72
6
 73
3
 74
0
 40
0.0
 40
0.0
 40
0.0
 40
1.0
 40
1.0
 40
1.0
 10
256.11405325833533
 20
183.05377483421248
 30
0.0
 10
256.03405325833535
 20
183.1497644175458
 30
0.0
 10
256.162048050002
 20
183.52575400087915
 30
0.0
  0
SPLINE
  5
36F
330
17
100
AcDbEntity
  8
ENGRAVE
100
AcDbSpline
 70
0
 71
2
 72
6
 73
3
 74
0
 40
0.0
 40
0.0
 40
0.0
 40
1.0
 40
1.0
 40
1.0
 10
256.06454214510654
 20
211.54821805757808
 30
0.0
 10
256.1925629784399
 20
211.9322024325781
 30
0.0
 10
256.1925629784399
 20
212.0922024325781
 30
0.0
  0
SPLINE
  5
370
330
17
100
AcDbEntity
  8
ENGRAVE
100
AcDbSpline
 70
0
 71
2
 72
6
 73
3
 74
0
 40
0.0
 40
0.0
 40
0.0
 40
1.0
 40
1.0
 40
1.0
 10
256.1925629784399
 20
212.0922024325781
 30
0.0
 10
256.1925629784399
 20
212.15621284924475
 30
0.0
 10
256.22454214510657
 20
212.19621284924477
 30
0.0
  0
SPLINE
  5
371
330
17
100
AcDbEntity
  8
ENGRAVE
100
AcDbSpline
 70
0
 71
2
 72
6
 73
3
 74
0
 40
0.0
 40
0.0
 40
0.0
 40
1.0
 40
1.0
 40
1.0
 10
256.3220740916687
 20
182.65377483421247
 30
0.0
 10
256.3220740916687
 20
182.71778525087913
 30
0.0
 10
256.25006888333536
 20
182.8537748342125
 30
0.0
  0
SPLINE
  5
372
330
17
100
AcDbEntity
  8
ENGRAVE
100
AcDbSpline
 70
0
 71
2
 72
6
 73
3
 74
0
 40
0.0
 40
0.0
 40
0.0
 40
1.0
 40
1.0
 40
1.0
 10
256.86454214510655
 20
206.31621284924475
 30
0.0
 10
256.5605317284399
 20
206.23621284924477
 30
0.0
 10
256.30454214510655
 20
206.23621284924477
 30
0.0
  0
SPLINE
  5
373
330
17
100
AcDbEntity
  8
ENGRAVE
100
AcDbSpline
 70
0
 71
2
 72
6
 73
3
 74
0
 40
0.0
 40
0.0
 40
0.0
 40
1.0
 40
1.0
 40
1.0
 10
256.7685525617732
 20
209.0522024325781
 30
0.0
 10
256.5125629784399
 20
208.78022326591142
 30
0.0
 10
256.31256297843987
 20
208.40423368257808
 30
0.0
  0
SPLINE
  5
374
330
17
100
AcDbEntity
  8
ENGRAVE
100
AcDbSpline
 70
0
 71
2
 72
6
 73
3
 74
0
 40
0.0
 40
0.0
 40
0.0
 40
1.0
 40
1.0
 40
1.0
 10
256.53806367500204
 20
182.46176962587916
 30
0.0
 10
256.3220740916687
 20
182.5897644175458
 30
0.0
 10
256.3220740916687
 20
182.65377483421247
 30
0.0
  0
SPLINE
  5
375
330
17
100
AcDbEntity
  8
ENGRAVE
100
AcDbSpline
 70
0
 71
2
 72
6
 73
3
 74
0
 40
0.0
 40
0.0
 40
0.0
 40
1.0
 40
1.0
 40
1.0
 10
256.22454214510657
 20
212.19621284924477
 30
0.0
 10
256.2565213117732
 20
212.23621284924477
 30
0.0
 10
256.36855256177324
 20
212.3642336825781
 30
0.0
  0
SPLINE
  5
376
330
17
100
AcDbEntity
  8
ENGRAVE
100
AcDbSpline
 70
0
 71
2
 72
6
 73
3
 74
0
 40
0.0
 40
0.0
 40
0.0
 40
1.0
 40
1.0
 40
1.0
 10
256.818063675002
 20
182.20575400087915
 30
0.0
 10
256.7540532583354
 20
182.33377483421248
 30
0.0
 10
256.53806367500204
 20
182.46176962587916
 30
0.0
  0
SPLINE
  5
377
330
17
100
AcDbEntity
  8
ENGRAVE
100
AcDbSpline
 70
0
 71
2
 72
6
 73
3
 74
0
 40
0.0
 40
0.0
 40
0.0
 40
1.0
 40
1.0
 40
1.0
 10
256.162048050002
 20
183.52575400087915
 30
0.0
 10
256.2900428416687
 20
183.90174358421248
 30
0.0
 10
256.5460584666687
 20
184.44575400087913
 30
0.0
  0
SPLINE
  5
378
330
17
100
AcDbEntity
  8
ENGRAVE
100
AcDbSpline
 70
0
 71
2
 72
6
 73
3
 74
0
 40
0.0
 40
0.0
 40
0.0
 40
1.0
 40
1.0
 40
1.0
 10
256.12855256177323
 20
207.4522024325781
 30
0.0
 10
256.2565213117732
 20
207.4522024325781
 30
0.0
 10
256.59253693677323
 20
207.56420764091143
 30
0.0
  0
SPLINE
  5
379
330
17
100
AcDbEntity
  8
ENGRAVE
100
AcDbSpline
 70
0
 71
2
 72
6
 73
3
 74
0
 40
0.0
 40
0.0
 40
0.0
 40
1.0
 40
1.0
 40
1.0
 10
257.7765473534399
 20
209.7882180575781
 30
0.0
 10
257.2805317284399
 20
209.5642336825781
 30
0.0
 10
256.7685525617732
 20
209.0522024325781
 30
0.0
  0
SPLINE
  5
37A
330
17
100
AcDbEntity
  8
ENGRAVE
100
AcDbSpline
 70
0
 71
2
 72
6
 73
3
 74
0
 40
0.0
 40
0.0
 40
0.0
 40
1.0
 40
1.0
 40
1.0
 10
256.36855256177324
 20
212.3642336825781
 30
0.0
 10
256.5285525617732
 20
212.52423368257809
 30
0.0
 10
256.7925369367732
 20
212.4842336825781
 30
0.0
  0
SPLINE
  5
37B
330
17
100
AcDbEntity
  8
ENGRAVE
100
AcDbSpline
 70
0
 71
2
 72
6
 73
3
 74
0
 40
0.0
 40
0.0
 40
0.0
 40
1.0
 40
1.0
 40
1.0
 10
258.1700688833354
 20
182.19775920921248
 30
0.0
 10
257.3620740916687
 20
181.8537748342125
 30
0.0
 10
256.818063675002
 20
182.20575400087915
 30
0.0
  0
SPLINE
  5
37C
330
17
100
AcDbEntity
  8
ENGRAVE
100
AcDbSpline
 70
0
 71
2
 72
6
 73
3
 74
0
 40
0.0
 40
0.0
 40
0.0
 40
1.0
 40
1.0
 40
1.0
 10
257.39253693677324
 20
206.49222847424477
 30
0.0
 10
257.16855256177325
 20
206.39621284924476
 30
0.0
 10
256.86454214510655
 20
206.31621284924475
 30
0.0
  0
SPLINE
  5
37D
330
17
100
AcDbEntity
  8
ENGRAVE
100
AcDbSpline
 70
0
 71
2
 72
6
 73
3
 74
0
 40
0.0
 40
0.0
 40
0.0
 40
1.0
 40
1.0
 40
1.0
 10
257.0965473534399
 20
210.66022326591144
 30
0.0
 10
257.00855256177323
 20
210.54022326591144
 30
0.0
 10
257.0405317284399
 20
210.55621284924476
 30
0.0
  0
SPLINE
  5
37E
330
17
100
AcDbEntity
  8
ENGRAVE
100
AcDbSpline
 70
0
 71
2
 72
6
 73
3
 74
0
 40
0.0
 40
0.0
 40
0.0
 40
1.0
 40
1.0
 40
1.0
 10
257.2965473534399
 20
210.98022326591143
 30
0.0
 10
257.18454214510655
 20
210.78022326591142
 30
0.0
 10
257.0965473534399
 20
210.66022326591144
 30
0.0
  0
SPLINE
  5
37F
330
17
100
AcDbEntity
  8
ENGRAVE
100
AcDbSpline
 70
0
 71
2
 72
6
 73
3
 74
0
 40
0.0
 40
0.0
 40
0.0
 40
1.0
 40
1.0
 40
1.0
 10
256.5460584666687
 20
184.44575400087913
 30
0.0
 10
256.8020740916687
 20
184.9897644175458
 30
0.0
 10
257.106032425002
 20
185.54976441754582
 30
0.0
  0
SPLINE
  5
380
330
17
100
AcDbEntity
  8
ENGRAVE
100
AcDbSpline
 70
0
 71
2
 72
6
 73
3
 74
0
 40
0.0
 40
0.0
 40
0.0
 40
1.0
 40
1.0
 40
1.0
 10
256.7925369367732
 20
212.4842336825781
 30
0.0
 10
257.0565213117732
 20
212.4442336825781
 30
0.0
 10
257.2325629784399
 20
212.31621284924475
 30
0.0
  0
SPLINE
  5
381
330
17
100
AcDbEntity
  8
ENGRAVE
100
AcDbSpline
 70
0
 71
2
 72
6
 73
3
 74
0
 40
0.0
 40
0.0
 40
0.0
 40
1.0
 40
1.0
 40
1.0
 10
256.59253693677323
 20
207.56420764091143
 30
0.0
 10
256.92855256177324
 20
207.67621284924476
 30
0.0
 10
257.2965473534399
 20
207.84420764091143
 30
0.0
  0
SPLINE
  5
382
330
17
100
AcDbEntity
  8
ENGRAVE
100
AcDbSpline
 70
0
 71
2
 72
6
 73
3
 74
0
 40
0.0
 40
0.0
 40
0.0
 40
1.0
 40
1.0
 40
1.0
 10
257.4085525617732
 20
211.42022326591143
 30
0.0
 10
257.4085525617732
 20
211.18022326591142
 30
0.0
 10
257.2965473534399
 20
210.98022326591143
 30
0.0
  0
SPLINE
  5
383
330
17
100
AcDbEntity
  8
ENGRAVE
100
AcDbSpline
 70
0
 71
2
 72
6
 73
3
 74
0
 40
0.0
 40
0.0
 40
0.0
 40
1.0
 40
1.0
 40
1.0
 10
257.106032425002
 20
185.54976441754582
 30
0.0
 10
257.23405325833534
 20
185.67778525087914
 30
0.0
 10
257.36204805000204
 20
185.8857800425458
 30
0.0
  0
SPLINE
  5
384
330
17
100
AcDbEntity
  8
ENGRAVE
100
AcDbSpline
 70
0
 71
2
 72
6
 73
3
 74
0
 40
0.0
 40
0.0
 40
0.0
 40
1.0
 40
1.0
 40
1.0
 10
257.6165213117732
 20
206.62022326591142
 30
0.0
 10
257.6165213117732
 20
206.58824409924478
 30
0.0
 10
257.39253693677324
 20
206.49222847424477
 30
0.0
  0
SPLINE
  5
385
330
17
100
AcDbEntity
  8
ENGRAVE
100
AcDbSpline
 70
0
 71
2
 72
6
 73
3
 74
0
 40
0.0
 40
0.0
 40
0.0
 40
1.0
 40
1.0
 40
1.0
 10
257.4165473534399
 20
211.94022326591144
 30
0.0
 10
257.4725629784399
 20
211.7722024325781
 30
0.0
 10
257.4085525617732
 20
211.42022326591143
 30
0.0
  0
SPLINE
  5
386
330
17
100
AcDbEntity
  8
ENGRAVE
100
AcDbSpline
 70
0
 71
2
 72
6
 73
3
 74
0
 40
0.0
 40
0.0
 40
0.0
 40
1.0
 40
1.0
 40
1.0
 10
257.2325629784399
 20
212.31621284924475
 30
0.0
 10
257.3605317284399
 20
212.10824409924476
 30
0.0
 10
257.4165473534399
 20
211.94022326591144
 30
0.0
  0
SPLINE
  5
387
330
17
100
AcDbEntity
  8
ENGRAVE
100
AcDbSpline
 70
0
 71
2
 72
6
 73
3
 74
0
 40
0.0
 40
0.0
 40
0.0
 40
1.0
 40
1.0
 40
1.0
 10
257.36204805000204
 20
185.8857800425458
 30
0.0
 10
257.4900428416687
 20
186.09377483421247
 30
0.0
 10
257.5540532583354
 20
186.15778525087913
 30
0.0
  0
SPLINE
  5
388
330
17
100
AcDbEntity
  8
ENGRAVE
100
AcDbSpline
 70
0
 71
2
 72
6
 73
3
 74
0
 40
0.0
 40
0.0
 40
0.0
 40
1.0
 40
1.0
 40
1.0
 10
257.5540532583354
 20
186.15778525087913
 30
0.0
 10
257.5540532583354
 20
186.22174358421248
 30
0.0
 10
257.60204805000205
 20
186.2777592092125
 30
0.0
  0
SPLINE
  5
389
330
17
100
AcDbEntity
  8
ENGRAVE
100
AcDbSpline
 70
0
 71
2
 72
6
 73
3
 74
0
 40
0.0
 40
0.0
 40
0.0
 40
1.0
 40
1.0
 40
1.0
 10
257.65652131177325
 20
206.73222847424475
 30
0.0
 10
257.6165213117732
 20
206.70022326591143
 30
0.0
 10
257.6165213117732
 20
206.62022326591142
 30
0.0
  0
SPLINE
  5
38A
330
17
100
AcDbEntity
  8
ENGRAVE
100
AcDbSpline
 70
0
 71
2
 72
6
 73
3
 74
0
 40
0.0
 40
0.0
 40
0.0
 40
1.0
 40
1.0
 40
1.0
 10
257.6965213117732
 20
206.7642336825781
 30
0.0
 10
257.6965213117732
 20
206.7642336825781
 30
0.0
 10
257.65652131177325
 20
206.73222847424475
 30
0.0
  0
SPLINE
  5
38B
330
17
100
AcDbEntity
  8
ENGRAVE
100
AcDbSpline
 70
0
 71
2
 72
6
 73
3
 74
0
 40
0.0
 40
0.0
 40
0.0
 40
1.0
 40
1.0
 40
1.0
 10
258.12855256177323
 20
206.83621284924476
 30
0.0
 10
257.8245421451066
 20
206.71621284924476
 30
0.0
 10
257.6965213117732
 20
206.7642336825781
 30
0.0
  0
SPLINE
  5
38C
330
17
100
AcDbEntity
  8
ENGRAVE
100
AcDbSpline
 70
0
 71
2
 72
6
 73
3
 74
0
 40
0.0
 40
0.0
 40
0.0
 40
1.0
 40
1.0
 40
1.0
 10
257.81006888333536
 20
183.86176962587913
 30
0.0
 10
257.698063675002
 20
183.53377483421247
 30
0.0
 10
257.698063675002
 20
183.53377483421247
 30
0.0
  0
SPLINE
  5
38D
330
17
100
AcDbEntity
  8
ENGRAVE
100
AcDbSpline
 70
0
 71
2
 72
6
 73
3
 74
0
 40
0.0
 40
0.0
 40
0.0
 40
1.0
 40
1.0
 40
1.0
 10
257.60204805000205
 20
186.2777592092125
 30
0.0
 10
257.65004284166866
 20
186.33377483421248
 30
0.0
 10
257.71405325833535
 20
186.33377483421248
 30
0.0
  0
SPLINE
  5
38E
330
17
100
AcDbEntity
  8
ENGRAVE
100
AcDbSpline
 70
0
 71
2
 72
6
 73
3
 74
0
 40
0.0
 40
0.0
 40
0.0
 40
1.0
 40
1.0
 40
1.0
 10
258.48053172843987
 20
209.69220243257809
 30
0.0
 10
258.2725629784399
 20
210.0122024325781
 30
0.0
 10
257.7765473534399
 20
209.7882180575781
 30
0.0
  0
SPLINE
  5
38F
330
17
100
AcDbEntity
  8
ENGRAVE
100
AcDbSpline
 70
0
 71
2
 72
6
 73
3
 74
0
 40
0.0
 40
0.0
 40
0.0
 40
1.0
 40
1.0
 40
1.0
 10
258.1300428416687
 20
184.54174358421247
 30
0.0
 10
257.9220740916687
 20
184.1897644175458
 30
0.0
 10
257.81006888333536
 20
183.86176962587913
 30
0.0
  0
SPLINE
  5
390
330
17
100
AcDbEntity
  8
ENGRAVE
100
AcDbSpline
 70
0
 71
2
 72
6
 73
3
 74
0
 40
0.0
 40
0.0
 40
0.0
 40
1.0
 40
1.0
 40
1.0
 10
257.2965473534399
 20
207.84420764091143
 30
0.0
 10
257.66454214510657
 20
208.0122024325781
 30
0.0
 10
257.8725629784399
 20
208.18824409924477
 30
0.0
  0
SPLINE
  5
391
330
17
100
AcDbEntity
  8
ENGRAVE
100
AcDbSpline
 70
0
 71
2
 72
6
 73
3
 74
0
 40
0.0
 40
0.0
 40
0.0
 40
1.0
 40
1.0
 40
1.0
 10
257.8420740916687
 20
186.5897644175458
 30
0.0
 10
257.8740532583354
 20
186.65377483421247
 30
0.0
 10
258.04204805000205
 20
186.8457800425458
 30
0.0
  0
SPLINE
  5
392
330
17
100
AcDbEntity
  8
ENGRAVE
100
AcDbSpline
 70
0
 71
2
 72
6
 73
3
 74
0
 40
0.0
 40
0.0
 40
0.0
 40
1.0
 40
1.0
 40
1.0
 10
257.698063675002
 20
183.53377483421247
 30
0.0
 10
257.8100428416687
 20
183.51778525087914
 30
0.0
 10
258.0500428416687
 20
183.65377483421247
 30
0.0
  0
SPLINE
  5
393
330
17
100
AcDbEntity
  8
ENGRAVE
100
AcDbSpline
 70
0
 71
2
 72
6
 73
3
 74
0
 40
0.0
 40
0.0
 40
0.0
 40
1.0
 40
1.0
 40
1.0
 10
258.72855256177326
 20
207.15621284924475
 30
0.0
 10
258.4325629784399
 20
206.95621284924476
 30
0.0
 10
258.12855256177323
 20
206.83621284924476
 30
0.0
  0
SPLINE
  5
394
330
17
100
AcDbEntity
  8
ENGRAVE
100
AcDbSpline
 70
0
 71
2
 72
6
 73
3
 74
0
 40
0.0
 40
0.0
 40
0.0
 40
1.0
 40
1.0
 40
1.0
 10
259.27405325833536
 20
186.24575400087915
 30
0.0
 10
258.786032425002
 20
185.66174358421247
 30
0.0
 10
258.1300428416687
 20
184.54174358421247
 30
0.0
  0
SPLINE
  5
395
330
17
100
AcDbEntity
  8
ENGRAVE
100
AcDbSpline
 70
0
 71
2
 72
6
 73
3
 74
0
 40
0.0
 40
0.0
 40
0.0
 40
1.0
 40
1.0
 40
1.0
 10
260.11405325833533
 20
183.6937748342125
 30
0.0
 10
258.97806367500203
 20
182.54174358421247
 30
0.0
 10
258.1700688833354
 20
182.19775920921248
 30
0.0
  0
SPLINE
  5
396
330
17
100
AcDbEntity
  8
ENGRAVE
100
AcDbSpline
 70
0
 71
2
 72
6
 73
3
 74
0
 40
0.0
 40
0.0
 40
0.0
 40
1.0
 40
1.0
 40
1.0
 10
257.0405317284399
 20
210.55621284924476
 30
0.0
 10
257.74454214510655
 20
210.98824409924475
 30
0.0
 10
258.31253693677326
 20
211.02824409924477
 30
0.0
  0
SPLINE
  5
397
330
17
100
AcDbEntity
  8
ENGRAVE
100
AcDbSpline
 70
0
 71
2
 72
6
 73
3
 74
0
 40
0.0
 40
0.0
 40
0.0
 40
1.0
 40
1.0
 40
1.0
 10
258.04204805000205
 20
186.8457800425458
 30
0.0
 10
258.21004284166867
 20
187.03778525087915
 30
0.0
 10
258.4500428416687
 20
187.26976441754582
 30
0.0
  0
SPLINE
  5
398
330
17
100
AcDbEntity
  8
ENGRAVE
100
AcDbSpline
 70
0
 71
2
 72
6
 73
3
 74
0
 40
0.0
 40
0.0
 40
0.0
 40
1.0
 40
1.0
 40
1.0
 10
258.52055777010656
 20
208.9082180575781
 30
0.0
 10
258.75256297843987
 20
209.26022326591143
 30
0.0
 10
258.48053172843987
 20
209.69220243257809
 30
0.0
  0
SPLINE
  5
399
330
17
100
AcDbEntity
  8
ENGRAVE
100
AcDbSpline
 70
0
 71
2
 72
6
 73
3
 74
0
 40
0.0
 40
0.0
 40
0.0
 40
1.0
 40
1.0
 40
1.0
 10
257.8725629784399
 20
208.18824409924477
 30
0.0
 10
258.28855256177326
 20
208.55621284924476
 30
0.0
 10
258.52055777010656
 20
208.9082180575781
 30
0.0
  0
SPLINE
  5
39A
330
17
100
AcDbEntity
  8
ENGRAVE
100
AcDbSpline
 70
0
 71
2
 72
6
 73
3
 74
0
 40
0.0
 40
0.0
 40
0.0
 40
1.0
 40
1.0
 40
1.0
 10
258.0500428416687
 20
183.65377483421247
 30
0.0
 10
258.2900428416687
 20
183.7897644175458
 30
0.0
 10
258.6900428416687
 20
184.10976441754582
 30
0.0
  0
SPLINE
  5
39B
330
17
100
AcDbEntity
  8
ENGRAVE
100
AcDbSpline
 70
0
 71
2
 72
6
 73
3
 74
0
 40
0.0
 40
0.0
 40
0.0
 40
1.0
 40
1.0
 40
1.0
 10
259.1525629784399
 20
207.51621284924477
 30
0.0
 10
259.0245421451066
 20
207.35621284924477
 30
0.0
 10
258.72855256177326
 20
207.15621284924475
 30
0.0
  0
SPLINE
  5
39C
330
17
100
AcDbEntity
  8
ENGRAVE
100
AcDbSpline
 70
0
 71
2
 72
6
 73
3
 74
0
 40
0.0
 40
0.0
 40
0.0
 40
1.0
 40
1.0
 40
1.0
 10
258.4500428416687
 20
187.26976441754582
 30
0.0
 10
258.6900428416687
 20
187.50174358421248
 30
0.0
 10
258.93803763333534
 20
187.7097644175458
 30
0.0
  0
SPLINE
  5
39D
330
17
100
AcDbEntity
  8
ENGRAVE
100
AcDbSpline
 70
0
 71
2
 72
6
 73
3
 74
0
 40
0.0
 40
0.0
 40
0.0
 40
1.0
 40
1.0
 40
1.0
 10
259.2805317284399
 20
207.7482180575781
 30
0.0
 10
259.21652131177325
 20
207.6442336825781
 30
0.0
 10
259.1525629784399
 20
207.51621284924477
 30
0.0
  0
SPLINE
  5
39E
330
17
100
AcDbEntity
  8
ENGRAVE
100
AcDbSpline
 70
0
 71
2
 72
6
 73
3
 74
0
 40
0.0
 40
0.0
 40
0.0
 40
1.0
 40
1.0
 40
1.0
 10
258.31253693677326
 20
211.02824409924477
 30
0.0
 10
258.8805317284399
 20
211.06824409924477
 30
0.0
 10
259.27253693677324
 20
210.83623889091143
 30
0.0
  0
SPLINE
  5
39F
330
17
100
AcDbEntity
  8
ENGRAVE
100
AcDbSpline
 70
0
 71
2
 72
6
 73
3
 74
0
 40
0.0
 40
0.0
 40
0.0
 40
1.0
 40
1.0
 40
1.0
 10
260.0820740916687
 20
186.82976441754582
 30
0.0
 10
259.7620740916687
 20
186.82976441754582
 30
0.0
 10
259.27405325833536
 20
186.24575400087915
 30
0.0
  0
SPLINE
  5
3A0
330
17
100
AcDbEntity
  8
ENGRAVE
100
AcDbSpline
 70
0
 71
2
 72
6
 73
3
 74
0
 40
0.0
 40
0.0
 40
0.0
 40
1.0
 40
1.0
 40
1.0
 10
259.4085525617732
 20
207.85220243257808
 30
0.0
 10
259.3445421451066
 20
207.85220243257808
 30
0.0
 10
259.2805317284399
 20
207.7482180575781
 30
0.0
  0
SPLINE
  5
3A1
330
17
100
AcDbEntity
  8
ENGRAVE
100
AcDbSpline
 70
0
 71
2
 72
6
 73
3
 74
0
 40
0.0
 40
0.0
 40
0.0
 40
1.0
 40
1.0
 40
1.0
 10
258.93803763333534
 20
187.7097644175458
 30
0.0
 10
259.18603242500205
 20
187.91778525087915
 30
0.0
 10
259.346032425002
 20
188.01377483421248
 30
0.0
  0
SPLINE
  5
3A2
330
17
100
AcDbEntity
  8
ENGRAVE
100
AcDbSpline
 70
0
 71
2
 72
6
 73
3
 74
0
 40
0.0
 40
0.0
 40
0.0
 40
1.0
 40
1.0
 40
1.0
 10
259.66454214510657
 20
208.22824409924476
 30
0.0
 10
259.50454214510654
 20
207.94824409924476
 30
0.0
 10
259.4085525617732
 20
207.85220243257808
 30
0.0
  0
SPLINE
  5
3A3
330
17
100
AcDbEntity
  8
ENGRAVE
100
AcDbSpline
 70
0
 71
2
 72
6
 73
3
 74
0
 40
0.0
 40
0.0
 40
0.0
 40
1.0
 40
1.0
 40
1.0
 10
258.6900428416687
 20
184.10976441754582
 30
0.0
 10
259.23405325833534
 20
184.5737748342125
 30
0.0
 10
259.5860584666687
 20
184.87775920921248
 30
0.0
  0
SPLINE
  5
3A4
330
17
100
AcDbEntity
  8
ENGRAVE
100
AcDbSpline
 70
0
 71
2
 72
6
 73
3
 74
0
 40
0.0
 40
0.0
 40
0.0
 40
1.0
 40
1.0
 40
1.0
 10
259.95253693677324
 20
208.82824409924476
 30
0.0
 10
259.8245421451066
 20
208.50824409924476
 30
0.0
 10
259.66454214510657
 20
208.22824409924476
 30
0.0
  0
SPLINE
  5
3A5
330
17
100
AcDbEntity
  8
ENGRAVE
100
AcDbSpline
 70
0
 71
2
 72
6
 73
3
 74
0
 40
0.0
 40
0.0
 40
0.0
 40
1.0
 40
1.0
 40
1.0
 10
259.27253693677324
 20
210.83623889091143
 30
0.0
 10
259.66454214510657
 20
210.6042336825781
 30
0.0
 10
259.87253693677326
 20
210.2042336825781
 30
0.0
  0
SPLINE
  5
3A6
330
17
100
AcDbEntity
  8
ENGRAVE
100
AcDbSpline
 70
0
 71
2
 72
6
 73
3
 74
0
 40
0.0
 40
0.0
 40
0.0
 40
1.0
 40
1.0
 40
1.0
 10
260.0805317284399
 20
209.34022326591142
 30
0.0
 10
260.0805317284399
 20
209.14824409924475
 30
0.0
 10
259.95253693677324
 20
208.82824409924476
 30
0.0
  0
SPLINE
  5
3A7
330
17
100
AcDbEntity
  8
ENGRAVE
100
AcDbSpline
 70
0
 71
2
 72
6
 73
3
 74
0
 40
0.0
 40
0.0
 40
0.0
 40
1.0
 40
1.0
 40
1.0
 10
259.346032425002
 20
188.01377483421248
 30
0.0
 10
259.6820740916687
 20
188.23778525087914
 30
0.0
 10
260.04207409166867
 20
188.22176962587915
 30
0.0
  0
SPLINE
  5
3A8
330
17
100
AcDbEntity
  8
ENGRAVE
100
AcDbSpline
 70
0
 71
2
 72
6
 73
3
 74
0
 40
0.0
 40
0.0
 40
0.0
 40
1.0
 40
1.0
 40
1.0
 10
259.87253693677326
 20
210.2042336825781
 30
0.0
 10
260.0805317284399
 20
209.8042336825781
 30
0.0
 10
260.0805317284399
 20
209.34022326591142
 30
0.0
  0
SPLINE
  5
3A9
330
17
100
AcDbEntity
  8
ENGRAVE
100
AcDbSpline
 70
0
 71
2
 72
6
 73
3
 74
0
 40
0.0
 40
0.0
 40
0.0
 40
1.0
 40
1.0
 40
1.0
 10
260.3380376333354
 20
186.7177592092125
 30
0.0
 10
260.21004284166867
 20
186.82976441754582
 30
0.0
 10
260.0820740916687
 20
186.82976441754582
 30
0.0
  0
SPLINE
  5
3AA
330
17
100
AcDbEntity
  8
ENGRAVE
100
AcDbSpline
 70
0
 71
2
 72
6
 73
3
 74
0
 40
0.0
 40
0.0
 40
0.0
 40
1.0
 40
1.0
 40
1.0
 10
260.3140532583354
 20
183.9097644175458
 30
0.0
 10
260.21004284166867
 20
183.7897644175458
 30
0.0
 10
260.11405325833533
 20
183.6937748342125
 30
0.0
  0
SPLINE
  5
3AB
330
17
100
AcDbEntity
  8
ENGRAVE
100
AcDbSpline
 70
0
 71
2
 72
6
 73
3
 74
0
 40
0.0
 40
0.0
 40
0.0
 40
1.0
 40
1.0
 40
1.0
 10
259.5860584666687
 20
184.87775920921248
 30
0.0
 10
259.938063675002
 20
185.18174358421248
 30
0.0
 10
260.27405325833536
 20
185.66174358421247
 30
0.0
  0
SPLINE
  5
3AC
330
17
100
AcDbEntity
  8
ENGRAVE
100
AcDbSpline
 70
0
 71
2
 72
6
 73
3
 74
0
 40
0.0
 40
0.0
 40
0.0
 40
1.0
 40
1.0
 40
1.0
 10
260.48207409166866
 20
184.10976441754582
 30
0.0
 10
260.41806367500203
 20
184.0297644175458
 30
0.0
 10
260.3140532583354
 20
183.9097644175458
 30
0.0
  0
SPLINE
  5
3AD
330
17
100
AcDbEntity
  8
ENGRAVE
100
AcDbSpline
 70
0
 71
2
 72
6
 73
3
 74
0
 40
0.0
 40
0.0
 40
0.0
 40
1.0
 40
1.0
 40
1.0
 10
260.62603242500205
 20
186.23778525087914
 30
0.0
 10
260.466032425002
 20
186.60575400087913
 30
0.0
 10
260.3380376333354
 20
186.7177592092125
 30
0.0
  0
SPLINE
  5
3AE
330
17
100
AcDbEntity
  8
ENGRAVE
100
AcDbSpline
 70
0
 71
2
 72
6
 73
3
 74
0
 40
0.0
 40
0.0
 40
0.0
 40
1.0
 40
1.0
 40
1.0
 10
260.60204805000205
 20
183.76575400087916
 30
0.0
 10
260.498063675002
 20
184.0297644175458
 30
0.0
 10
260.48207409166866
 20
184.10976441754582
 30
0.0
  0
SPLINE
  5
3AF
330
17
100
AcDbEntity
  8
ENGRAVE
100
AcDbSpline
 70
0
 71
2
 72
6
 73
3
 74
0
 40
0.0
 40
0.0
 40
0.0
 40
1.0
 40
1.0
 40
1.0
 10
260.77004284166867
 20
183.40575400087914
 30
0.0
 10
260.70603242500204
 20
183.50174358421248
 30
0.0
 10
260.60204805000205
 20
183.76575400087916
 30
0.0
  0
SPLINE
  5
3B0
330
17
100
AcDbEntity
  8
ENGRAVE
100
AcDbSpline
 70
0
 71
2
 72
6
 73
3
 74
0
 40
0.0
 40
0.0
 40
0.0
 40
1.0
 40
1.0
 40
1.0
 10
260.04207409166867
 20
188.22176962587915
 30
0.0
 10
260.4020740916687
 20
188.20575400087915
 30
0.0
 10
260.65806367500204
 20
187.99778525087913
 30
0.0
  0
SPLINE
  5
3B1
330
17
100
AcDbEntity
  8
ENGRAVE
100
AcDbSpline
 70
0
 71
2
 72
6
 73
3
 74
0
 40
0.0
 40
0.0
 40
0.0
 40
1.0
 40
1.0
 40
1.0
 10
261.63405325833537
 20
182.49377483421247
 30
0.0
 10
261.15405325833535
 20
182.66976441754582
 30
0.0
 10
260.77004284166867
 20
183.40575400087914
 30
0.0
  0
SPLINE
  5
3B2
330
17
100
AcDbEntity
  8
ENGRAVE
100
AcDbSpline
 70
0
 71
2
 72
6
 73
3
 74
0
 40
0.0
 40
0.0
 40
0.0
 40
1.0
 40
1.0
 40
1.0
 10
260.65806367500204
 20
187.99778525087913
 30
0.0
 10
260.70603242500204
 20
187.94976441754582
 30
0.0
 10
260.8740532583354
 20
187.80575400087915
 30
0.0
  0
SPLINE
  5
3B3
330
17
100
AcDbEntity
  8
ENGRAVE
100
AcDbSpline
 70
0
 71
2
 72
6
 73
3
 74
0
 40
0.0
 40
0.0
 40
0.0
 40
1.0
 40
1.0
 40
1.0
 10
260.8740532583354
 20
187.80575400087915
 30
0.0
 10
261.04207409166867
 20
187.66174358421247
 30
0.0
 10
261.258063675002
 20
187.48575400087915
 30
0.0
  0
SPLINE
  5
3B4
330
17
100
AcDbEntity
  8
ENGRAVE
100
AcDbSpline
 70
0
 71
2
 72
6
 73
3
 74
0
 40
0.0
 40
0.0
 40
0.0
 40
1.0
 40
1.0
 40
1.0
 10
262.6420740916687
 20
182.38174358421247
 30
0.0
 10
262.11405325833533
 20
182.31778525087915
 30
0.0
 10
261.63405325833537
 20
182.49377483421247
 30
0.0
  0
SPLINE
  5
3B5
330
17
100
AcDbEntity
  8
ENGRAVE
100
AcDbSpline
 70
0
 71
2
 72
6
 73
3
 74
0
 40
0.0
 40
0.0
 40
0.0
 40
1.0
 40
1.0
 40
1.0
 10
261.258063675002
 20
187.48575400087915
 30
0.0
 10
261.47405325833535
 20
187.3097644175458
 30
0.0
 10
261.63405325833537
 20
187.16575400087913
 30
0.0
  0
SPLINE
  5
3B6
330
17
100
AcDbEntity
  8
ENGRAVE
100
AcDbSpline
 70
0
 71
2
 72
6
 73
3
 74
0
 40
0.0
 40
0.0
 40
0.0
 40
1.0
 40
1.0
 40
1.0
 10
261.95405325833536
 20
185.83778525087914
 30
0.0
 10
261.746032425002
 20
185.19778525087915
 30
0.0
 10
261.842048050002
 20
184.71778525087913
 30
0.0
  0
SPLINE
  5
3B7
330
17
100
AcDbEntity
  8
ENGRAVE
100
AcDbSpline
 70
0
 71
2
 72
6
 73
3
 74
0
 40
0.0
 40
0.0
 40
0.0
 40
1.0
 40
1.0
 40
1.0
 10
261.842048050002
 20
184.71778525087913
 30
0.0
 10
261.938063675002
 20
184.23778525087914
 30
0.0
 10
262.14603242500203
 20
183.88575400087913
 30
0.0
  0
SPLINE
  5
3B8
330
17
100
AcDbEntity
  8
ENGRAVE
100
AcDbSpline
 70
0
 71
2
 72
6
 73
3
 74
0
 40
0.0
 40
0.0
 40
0.0
 40
1.0
 40
1.0
 40
1.0
 10
262.938063675002
 20
182.58176962587913
 30
0.0
 10
262.8020740916687
 20
182.4137748342125
 30
0.0
 10
262.6420740916687
 20
182.38174358421247
 30
0.0
  0
SPLINE
  5
3B9
330
17
100
AcDbEntity
  8
ENGRAVE
100
AcDbSpline
 70
0
 71
2
 72
6
 73
3
 74
0
 40
0.0
 40
0.0
 40
0.0
 40
1.0
 40
1.0
 40
1.0
 10
262.14603242500203
 20
183.88575400087913
 30
0.0
 10
262.306032425002
 20
183.54976441754582
 30
0.0
 10
262.7220740916687
 20
183.48575400087915
 30
0.0
  0
SPLINE
  5
3BA
330
17
100
AcDbEntity
  8
ENGRAVE
100
AcDbSpline
 70
0
 71
2
 72
6
 73
3
 74
0
 40
0.0
 40
0.0
 40
0.0
 40
1.0
 40
1.0
 40
1.0
 10
263.07405325833537
 20
183.1337748342125
 30
0.0
 10
263.07405325833537
 20
182.7497644175458
 30
0.0
 10
262.938063675002
 20
182.58176962587913
 30
0.0
  0
SPLINE
  5
3BB
330
17
100
AcDbEntity
  8
ENGRAVE
100
AcDbSpline
 70
0
 71
2
 72
6
 73
3
 74
0
 40
0.0
 40
0.0
 40
0.0
 40
1.0
 40
1.0
 40
1.0
 10
262.7220740916687
 20
183.48575400087915
 30
0.0
 10
262.8500428416687
 20
183.4697644175458
 30
0.0
 10
262.962048050002
 20
183.38976441754582
 30
0.0
  0
SPLINE
  5
3BC
330
17
100
AcDbEntity
  8
ENGRAVE
100
AcDbSpline
 70
0
 71
2
 72
6
 73
3
 74
0
 40
0.0
 40
0.0
 40
0.0
 40
1.0
 40
1.0
 40
1.0
 10
262.962048050002
 20
183.38976441754582
 30
0.0
 10
263.07405325833537
 20
183.3097644175458
 30
0.0
 10
263.07405325833537
 20
183.1337748342125
 30
0.0
  0
SPLINE
  5
3BD
330
17
100
AcDbEntity
  8
ENGRAVE
100
AcDbSpline
 70
0
 71
2
 72
6
 73
3
 74
0
 40
0.0
 40
0.0
 40
0.0
 40
1.0
 40
1.0
 40
1.0
 10
263.5780376333354
 20
182.96575400087914
 30
0.0
 10
263.42603242500206
 20
183.16575400087913
 30
0.0
 10
263.39405325833536
 20
183.22976441754582
 30
0.0
  0
SPLINE
  5
3BE
330
17
100
AcDbEntity
  8
ENGRAVE
100
AcDbSpline
 70
0
 71
2
 72
6
 73
3
 74
0
 40
0.0
 40
0.0
 40
0.0
 40
1.0
 40
1.0
 40
1.0
 10
263.39405325833536
 20
183.22976441754582
 30
0.0
 10
263.39405325833536
 20
183.61377483421248
 30
0.0
 10
263.4900428416687
 20
183.90176962587915
 30
0.0
  0
SPLINE
  5
3BF
330
17
100
AcDbEntity
  8
ENGRAVE
100
AcDbSpline
 70
0
 71
2
 72
6
 73
3
 74
0
 40
0.0
 40
0.0
 40
0.0
 40
1.0
 40
1.0
 40
1.0
 10
263.8420220083354
 20
182.63778525087915
 30
0.0
 10
263.7300428416687
 20
182.76575400087916
 30
0.0
 10
263.5780376333354
 20
182.96575400087914
 30
0.0
  0
SPLINE
  5
3C0
330
17
100
AcDbEntity
  8
ENGRAVE
100
AcDbSpline
 70
0
 71
2
 72
6
 73
3
 74
0
 40
0.0
 40
0.0
 40
0.0
 40
1.0
 40
1.0
 40
1.0
 10
263.4900428416687
 20
183.90176962587915
 30
0.0
 10
263.58603242500203
 20
184.1897644175458
 30
0.0
 10
263.77806367500204
 20
184.63778525087915
 30
0.0
  0
SPLINE
  5
3C1
330
17
100
AcDbEntity
  8
ENGRAVE
100
AcDbSpline
 70
0
 71
2
 72
6
 73
3
 74
0
 40
0.0
 40
0.0
 40
0.0
 40
1.0
 40
1.0
 40
1.0
 10
264.14603242500203
 20
182.4137748342125
 30
0.0
 10
264.00202200833536
 20
182.5097644175458
 30
0.0
 10
263.8420220083354
 20
182.63778525087915
 30
0.0
  0
SPLINE
  5
3C2
330
17
100
AcDbEntity
  8
ENGRAVE
100
AcDbSpline
 70
0
 71
2
 72
6
 73
3
 74
0
 40
0.0
 40
0.0
 40
0.0
 40
1.0
 40
1.0
 40
1.0
 10
263.77806367500204
 20
184.63778525087915
 30
0.0
 10
263.8420220083354
 20
184.7497644175458
 30
0.0
 10
263.8980376333354
 20
184.8697644175458
 30
0.0
  0
SPLINE
  5
3C3
330
17
100
AcDbEntity
  8
ENGRAVE
100
AcDbSpline
 70
0
 71
2
 72
6
 73
3
 74
0
 40
0.0
 40
0.0
 40
0.0
 40
1.0
 40
1.0
 40
1.0
 10
263.8980376333354
 20
184.8697644175458
 30
0.0
 10
263.95405325833536
 20
184.9897644175458
 30
0.0
 10
264.0340532583354
 20
185.1337748342125
 30
0.0
  0
SPLINE
  5
3C4
330
17
100
AcDbEntity
  8
ENGRAVE
100
AcDbSpline
 70
0
 71
2
 72
6
 73
3
 74
0
 40
0.0
 40
0.0
 40
0.0
 40
1.0
 40
1.0
 40
1.0
 10
264.41806367500203
 20
182.38174358421247
 30
0.0
 10
264.2900428416687
 20
182.31778525087915
 30
0.0
 10
264.14603242500203
 20
182.4137748342125
 30
0.0
  0
SPLINE
  5
3C5
330
17
100
AcDbEntity
  8
ENGRAVE
100
AcDbSpline
 70
0
 71
2
 72
6
 73
3
 74
0
 40
0.0
 40
0.0
 40
0.0
 40
1.0
 40
1.0
 40
1.0
 10
264.0340532583354
 20
185.1337748342125
 30
0.0
 10
264.09806367500204
 20
185.35778525087915
 30
0.0
 10
264.21806367500204
 20
185.64578004254582
 30
0.0
  0
SPLINE
  5
3C6
330
17
100
AcDbEntity
  8
ENGRAVE
100
AcDbSpline
 70
0
 71
2
 72
6
 73
3
 74
0
 40
0.0
 40
0.0
 40
0.0
 40
1.0
 40
1.0
 40
1.0
 10
264.762048050002
 20
182.62174358421248
 30
0.0
 10
264.5940532583354
 20
182.38174358421247
 30
0.0
 10
264.41806367500203
 20
182.38174358421247
 30
0.0
  0
SPLINE
  5
3C7
330
17
100
AcDbEntity
  8
ENGRAVE
100
AcDbSpline
 70
0
 71
2
 72
6
 73
3
 74
0
 40
0.0
 40
0.0
 40
0.0
 40
1.0
 40
1.0
 40
1.0
 10
264.21806367500204
 20
185.64578004254582
 30
0.0
 10
264.33806367500205
 20
185.93377483421247
 30
0.0
 10
264.45004284166873
 20
186.1897644175458
 30
0.0
  0
SPLINE
  5
3C8
330
17
100
AcDbEntity
  8
ENGRAVE
100
AcDbSpline
 70
0
 71
2
 72
6
 73
3
 74
0
 40
0.0
 40
0.0
 40
0.0
 40
1.0
 40
1.0
 40
1.0
 10
264.7045421451066
 20
206.71621284924476
 30
0.0
 10
264.6405317284399
 20
206.7642336825781
 30
0.0
 10
264.63253693677325
 20
207.14022326591143
 30
0.0
  0
SPLINE
  5
3C9
330
17
100
AcDbEntity
  8
ENGRAVE
100
AcDbSpline
 70
0
 71
2
 72
6
 73
3
 74
0
 40
0.0
 40
0.0
 40
0.0
 40
1.0
 40
1.0
 40
1.0
 10
264.63253693677325
 20
207.14022326591143
 30
0.0
 10
264.6245421451066
 20
207.51621284924477
 30
0.0
 10
264.67253693677327
 20
207.98022326591143
 30
0.0
  0
SPLINE
  5
3CA
330
17
100
AcDbEntity
  8
ENGRAVE
100
AcDbSpline
 70
0
 71
2
 72
6
 73
3
 74
0
 40
0.0
 40
0.0
 40
0.0
 40
1.0
 40
1.0
 40
1.0
 10
264.7445421451066
 20
206.6682180575781
 30
0.0
 10
264.7045421451066
 20
206.71621284924476
 30
0.0
 10
264.7045421451066
 20
206.71621284924476
 30
0.0
  0
SPLINE
  5
3CB
330
17
100
AcDbEntity
  8
ENGRAVE
100
AcDbSpline
 70
0
 71
2
 72
6
 73
3
 74
0
 40
0.0
 40
0.0
 40
0.0
 40
1.0
 40
1.0
 40
1.0
 10
264.45004284166873
 20
186.1897644175458
 30
0.0
 10
264.62603242500205
 20
186.60575400087913
 30
0.0
 10
264.72204805000206
 20
186.9097644175458
 30
0.0
  0
SPLINE
  5
3CC
330
17
100
AcDbEntity
  8
ENGRAVE
100
AcDbSpline
 70
0
 71
2
 72
6
 73
3
 74
0
 40
0.0
 40
0.0
 40
0.0
 40
1.0
 40
1.0
 40
1.0
 10
264.78454214510657
 20
206.58824409924478
 30
0.0
 10
264.78454214510657
 20
206.62022326591142
 30
0.0
 10
264.7445421451066
 20
206.6682180575781
 30
0.0
  0
SPLINE
  5
3CD
330
17
100
AcDbEntity
  8
ENGRAVE
100
AcDbSpline
 70
0
 71
2
 72
6
 73
3
 74
0
 40
0.0
 40
0.0
 40
0.0
 40
1.0
 40
1.0
 40
1.0
 10
265.2820220083354
 20
183.24575400087915
 30
0.0
 10
264.9300428416687
 20
182.86174358421246
 30
0.0
 10
264.762048050002
 20
182.62174358421248
 30
0.0
  0
SPLINE
  5
3CE
330
17
100
AcDbEntity
  8
ENGRAVE
100
AcDbSpline
 70
0
 71
2
 72
6
 73
3
 74
0
 40
0.0
 40
0.0
 40
0.0
 40
1.0
 40
1.0
 40
1.0
 10
265.0005577701066
 20
206.19623889091142
 30
0.0
 10
264.8325629784399
 20
206.42824409924475
 30
0.0
 10
264.78454214510657
 20
206.58824409924478
 30
0.0
  0
SPLINE
  5
3CF
330
17
100
AcDbEntity
  8
ENGRAVE
100
AcDbSpline
 70
0
 71
2
 72
6
 73
3
 74
0
 40
0.0
 40
0.0
 40
0.0
 40
1.0
 40
1.0
 40
1.0
 10
264.67253693677327
 20
207.98022326591143
 30
0.0
 10
264.72053172843994
 20
208.4442336825781
 30
0.0
 10
264.78454214510657
 20
208.71621284924476
 30
0.0
  0
SPLINE
  5
3D0
330
17
100
AcDbEntity
  8
ENGRAVE
100
AcDbSpline
 70
0
 71
2
 72
6
 73
3
 74
0
 40
0.0
 40
0.0
 40
0.0
 40
1.0
 40
1.0
 40
1.0
 10
264.9045421451066
 20
211.43621284924475
 30
0.0
 10
264.8325629784399
 20
211.5322024325781
 30
0.0
 10
264.8325629784399
 20
211.59621284924475
 30
0.0
  0
SPLINE
  5
3D1
330
17
100
AcDbEntity
  8
ENGRAVE
100
AcDbSpline
 70
0
 71
2
 72
6
 73
3
 74
0
 40
0.0
 40
0.0
 40
0.0
 40
1.0
 40
1.0
 40
1.0
 10
264.72204805000206
 20
186.9097644175458
 30
0.0
 10
264.81806367500207
 20
187.21377483421247
 30
0.0
 10
264.88202200833535
 20
187.56575400087914
 30
0.0
  0
SPLINE
  5
3D2
330
17
100
AcDbEntity
  8
ENGRAVE
100
AcDbSpline
 70
0
 71
2
 72
6
 73
3
 74
0
 40
0.0
 40
0.0
 40
0.0
 40
1.0
 40
1.0
 40
1.0
 10
264.88202200833535
 20
187.56575400087914
 30
0.0
 10
264.86603242500206
 20
187.59778525087916
 30
0.0
 10
264.8980376333354
 20
187.66176962587915
 30
0.0
  0
SPLINE
  5
3D3
330
17
100
AcDbEntity
  8
ENGRAVE
100
AcDbSpline
 70
0
 71
2
 72
6
 73
3
 74
0
 40
0.0
 40
0.0
 40
0.0
 40
1.0
 40
1.0
 40
1.0
 10
265.08855256177327
 20
211.30824409924477
 30
0.0
 10
264.97652131177324
 20
211.34022326591142
 30
0.0
 10
264.9045421451066
 20
211.43621284924475
 30
0.0
  0
SPLINE
  5
3D4
330
17
100
AcDbEntity
  8
ENGRAVE
100
AcDbSpline
 70
0
 71
2
 72
6
 73
3
 74
0
 40
0.0
 40
0.0
 40
0.0
 40
1.0
 40
1.0
 40
1.0
 10
264.8325629784399
 20
211.59621284924475
 30
0.0
 10
264.8325629784399
 20
211.7242336825781
 30
0.0
 10
264.9765473534399
 20
211.96423368257808
 30
0.0
  0
SPLINE
  5
3D5
330
17
100
AcDbEntity
  8
ENGRAVE
100
AcDbSpline
 70
0
 71
2
 72
6
 73
3
 74
0
 40
0.0
 40
0.0
 40
0.0
 40
1.0
 40
1.0
 40
1.0
 10
264.8980376333354
 20
187.66176962587915
 30
0.0
 10
264.9300428416687
 20
187.72575400087914
 30
0.0
 10
264.9940532583354
 20
187.7417435842125
 30
0.0
  0
SPLINE
  5
3D6
330
17
100
AcDbEntity
  8
ENGRAVE
100
AcDbSpline
 70
0
 71
2
 72
6
 73
3
 74
0
 40
0.0
 40
0.0
 40
0.0
 40
1.0
 40
1.0
 40
1.0
 10
265.3765473534399
 20
205.78022326591142
 30
0.0
 10
265.16855256177325
 20
205.96423368257808
 30
0.0
 10
265.0005577701066
 20
206.19623889091142
 30
0.0
  0
SPLINE
  5
3D7
330
17
100
AcDbEntity
  8
ENGRAVE
100
AcDbSpline
 70
0
 71
2
 72
6
 73
3
 74
0
 40
0.0
 40
0.0
 40
0.0
 40
1.0
 40
1.0
 40
1.0
 10
264.78454214510657
 20
208.71621284924476
 30
0.0
 10
264.86454214510655
 20
208.9722024325781
 30
0.0
 10
265.0245421451066
 20
209.41220243257808
 30
0.0
  0
SPLINE
  5
3D8
330
17
100
AcDbEntity
  8
ENGRAVE
100
AcDbSpline
 70
0
 71
2
 72
6
 73
3
 74
0
 40
0.0
 40
0.0
 40
0.0
 40
1.0
 40
1.0
 40
1.0
 10
264.9765473534399
 20
211.96423368257808
 30
0.0
 10
265.1205317284399
 20
212.2042336825781
 30
0.0
 10
265.1845421451066
 20
212.2042336825781
 30
0.0
  0
SPLINE
  5
3D9
330
17
100
AcDbEntity
  8
ENGRAVE
100
AcDbSpline
 70
0
 71
2
 72
6
 73
3
 74
0
 40
0.0
 40
0.0
 40
0.0
 40
1.0
 40
1.0
 40
1.0
 10
266.56204805000203
 20
184.2937487925458
 30
0.0
 10
265.93806367500207
 20
183.82174358421247
 30
0.0
 10
265.2820220083354
 20
183.24575400087915
 30
0.0
  0
SPLINE
  5
3DA
330
17
100
AcDbEntity
  8
ENGRAVE
100
AcDbSpline
 70
0
 71
2
 72
6
 73
3
 74
0
 40
0.0
 40
0.0
 40
0.0
 40
1.0
 40
1.0
 40
1.0
 10
265.0245421451066
 20
209.41220243257808
 30
0.0
 10
265.1845421451066
 20
209.85220243257808
 30
0.0
 10
265.29652131177323
 20
210.2042336825781
 30
0.0
  0
SPLINE
  5
3DB
330
17
100
AcDbEntity
  8
ENGRAVE
100
AcDbSpline
 70
0
 71
2
 72
6
 73
3
 74
0
 40
0.0
 40
0.0
 40
0.0
 40
1.0
 40
1.0
 40
1.0
 10
265.7605317284399
 20
205.5642336825781
 30
0.0
 10
265.5845421451066
 20
205.59621284924475
 30
0.0
 10
265.3765473534399
 20
205.78022326591142
 30
0.0
  0
SPLINE
  5
3DC
330
17
100
AcDbEntity
  8
ENGRAVE
100
AcDbSpline
 70
0
 71
2
 72
6
 73
3
 74
0
 40
0.0
 40
0.0
 40
0.0
 40
1.0
 40
1.0
 40
1.0
 10
265.5300428416687
 20
185.14176962587914
 30
0.0
 10
265.4100428416687
 20
184.92575400087915
 30
0.0
 10
265.4100428416687
 20
184.84575400087914
 30
0.0
  0
SPLINE
  5
3DD
330
17
100
AcDbEntity
  8
ENGRAVE
100
AcDbSpline
 70
0
 71
2
 72
6
 73
3
 74
0
 40
0.0
 40
0.0
 40
0.0
 40
1.0
 40
1.0
 40
1.0
 10
265.02603242500203
 20
187.7417435842125
 30
0.0
 10
265.13806367500206
 20
187.82174358421247
 30
0.0
 10
265.45004284166873
 20
187.76575400087916
 30
0.0
  0
SPLINE
  5
3DE
330
17
100
AcDbEntity
  8
ENGRAVE
100
AcDbSpline
 70
0
 71
2
 72
6
 73
3
 74
0
 40
0.0
 40
0.0
 40
0.0
 40
1.0
 40
1.0
 40
1.0
 10
265.1845421451066
 20
212.2042336825781
 30
0.0
 10
265.2645421451066
 20
212.18824409924477
 30
0.0
 10
265.4805317284399
 20
212.18824409924477
 30
0.0
  0
SPLINE
  5
3DF
330
17
100
AcDbEntity
  8
ENGRAVE
100
AcDbSpline
 70
0
 71
2
 72
6
 73
3
 74
0
 40
0.0
 40
0.0
 40
0.0
 40
1.0
 40
1.0
 40
1.0
 10
265.7620220083354
 20
185.61377483421248
 30
0.0
 10
265.6500428416687
 20
185.35778525087915
 30
0.0
 10
265.5300428416687
 20
185.14176962587914
 30
0.0
  0
SPLINE
  5
3E0
330
17
100
AcDbEntity
  8
ENGRAVE
100
AcDbSpline
 70
0
 71
2
 72
6
 73
3
 74
0
 40
0.0
 40
0.0
 40
0.0
 40
1.0
 40
1.0
 40
1.0
 10
265.4100428416687
 20
184.84575400087914
 30
0.0
 10
265.4100428416687
 20
184.84575400087914
 30
0.0
 10
265.53803763333536
 20
184.94176962587915
 30
0.0
  0
SPLINE
  5
3E1
330
17
100
AcDbEntity
  8
ENGRAVE
100
AcDbSpline
 70
0
 71
2
 72
6
 73
3
 74
0
 40
0.0
 40
0.0
 40
0.0
 40
1.0
 40
1.0
 40
1.0
 10
266.89652131177326
 20
205.58022326591143
 30
0.0
 10
266.17652131177323
 20
205.4842336825781
 30
0.0
 10
265.7605317284399
 20
205.5642336825781
 30
0.0
  0
SPLINE
  5
3E2
330
17
100
AcDbEntity
  8
ENGRAVE
100
AcDbSpline
 70
0
 71
2
 72
6
 73
3
 74
0
 40
0.0
 40
0.0
 40
0.0
 40
1.0
 40
1.0
 40
1.0
 10
266.24204805000204
 20
186.82976441754582
 30
0.0
 10
266.2260324250021
 20
186.36575400087915
 30
0.0
 10
265.7620220083354
 20
185.61377483421248
 30
0.0
  0
SPLINE
  5
3E3
330
17
100
AcDbEntity
  8
ENGRAVE
100
AcDbSpline
 70
0
 71
2
 72
6
 73
3
 74
0
 40
0.0
 40
0.0
 40
0.0
 40
1.0
 40
1.0
 40
1.0
 10
265.53803763333536
 20
184.94176962587915
 30
0.0
 10
265.6660324250021
 20
185.03778525087915
 30
0.0
 10
265.84204805000206
 20
185.17377483421248
 30
0.0
  0
SPLINE
  5
3E4
330
17
100
AcDbEntity
  8
ENGRAVE
100
AcDbSpline
 70
0
 71
2
 72
6
 73
3
 74
0
 40
0.0
 40
0.0
 40
0.0
 40
1.0
 40
1.0
 40
1.0
 10
266.1685265201066
 20
208.66022326591144
 30
0.0
 10
266.01652131177326
 20
208.0442336825781
 30
0.0
 10
265.9045421451066
 20
207.43621284924475
 30
0.0
  0
SPLINE
  5
3E5
330
17
100
AcDbEntity
  8
ENGRAVE
100
AcDbSpline
 70
0
 71
2
 72
6
 73
3
 74
0
 40
0.0
 40
0.0
 40
0.0
 40
1.0
 40
1.0
 40
1.0
 10
265.4805317284399
 20
212.18824409924477
 30
0.0
 10
265.69652131177327
 20
212.18824409924477
 30
0.0
 10
265.9045421451066
 20
212.2042336825781
 30
0.0
  0
SPLINE
  5
3E6
330
17
100
AcDbEntity
  8
ENGRAVE
100
AcDbSpline
 70
0
 71
2
 72
6
 73
3
 74
0
 40
0.0
 40
0.0
 40
0.0
 40
1.0
 40
1.0
 40
1.0
 10
265.45004284166873
 20
187.76575400087916
 30
0.0
 10
265.7620220083354
 20
187.7097644175458
 30
0.0
 10
265.9220220083354
 20
187.5817435842125
 30
0.0
  0
SPLINE
  5
3E7
330
17
100
AcDbEntity
  8
ENGRAVE
100
AcDbSpline
 70
0
 71
2
 72
6
 73
3
 74
0
 40
0.0
 40
0.0
 40
0.0
 40
1.0
 40
1.0
 40
1.0
 10
265.9045421451066
 20
207.43621284924475
 30
0.0
 10
265.85652131177324
 20
207.13220243257808
 30
0.0
 10
265.9285265201066
 20
206.99621284924476
 30
0.0
  0
SPLINE
  5
3E8
330
17
100
AcDbEntity
  8
ENGRAVE
100
AcDbSpline
 70
0
 71
2
 72
6
 73
3
 74
0
 40
0.0
 40
0.0
 40
0.0
 40
1.0
 40
1.0
 40
1.0
 10
265.84204805000206
 20
185.17377483421248
 30
0.0
 10
266.01806367500205
 20
185.3097644175458
 30
0.0
 10
266.14603242500203
 20
185.38976441754582
 30
0.0
  0
SPLINE
  5
3E9
330
17
100
AcDbEntity
  8
ENGRAVE
100
AcDbSpline
 70
0
 71
2
 72
6
 73
3
 74
0
 40
0.0
 40
0.0
 40
0.0
 40
1.0
 40
1.0
 40
1.0
 10
265.9045421451066
 20
212.2042336825781
 30
0.0
 10
266.11256297843994
 20
212.22022326591144
 30
0.0
 10
266.16053172843993
 20
212.23621284924477
 30
0.0
  0
SPLINE
  5
3EA
330
17
100
AcDbEntity
  8
ENGRAVE
100
AcDbSpline
 70
0
 71
2
 72
6
 73
3
 74
0
 40
0.0
 40
0.0
 40
0.0
 40
1.0
 40
1.0
 40
1.0
 10
266.54454214510656
 20
209.94824409924476
 30
0.0
 10
266.3205317284399
 20
209.27621284924476
 30
0.0
 10
266.1685265201066
 20
208.66022326591144
 30
0.0
  0
SPLINE
  5
3EB
330
17
100
AcDbEntity
  8
ENGRAVE
100
AcDbSpline
 70
0
 71
2
 72
6
 73
3
 74
0
 40
0.0
 40
0.0
 40
0.0
 40
1.0
 40
1.0
 40
1.0
 10
265.9220220083354
 20
187.5817435842125
 30
0.0
 10
266.25806367500206
 20
187.29377483421248
 30
0.0
 10
266.24204805000204
 20
186.82976441754582
 30
0.0
  0
SPLINE
  5
3EC
330
17
100
AcDbEntity
  8
ENGRAVE
100
AcDbSpline
 70
0
 71
2
 72
6
 73
3
 74
0
 40
0.0
 40
0.0
 40
0.0
 40
1.0
 40
1.0
 40
1.0
 10
266.16053172843993
 20
212.23621284924477
 30
0.0
 10
266.22454214510657
 20
212.26824409924475
 30
0.0
 10
266.28855256177326
 20
212.3242336825781
 30
0.0
  0
SPLINE
  5
3ED
330
17
100
AcDbEntity
  8
ENGRAVE
100
AcDbSpline
 70
0
 71
2
 72
6
 73
3
 74
0
 40
0.0
 40
0.0
 40
0.0
 40
1.0
 40
1.0
 40
1.0
 10
265.9285265201066
 20
206.99621284924476
 30
0.0
 10
266.0005317284399
 20
206.86022326591143
 30
0.0
 10
266.33652131177325
 20
206.82824409924476
 30
0.0
  0
SPLINE
  5
3EE
330
17
100
AcDbEntity
  8
ENGRAVE
100
AcDbSpline
 70
0
 71
2
 72
6
 73
3
 74
0
 40
0.0
 40
0.0
 40
0.0
 40
1.0
 40
1.0
 40
1.0
 10
266.28855256177326
 20
212.3242336825781
 30
0.0
 10
266.3525629784399
 20
212.38022326591144
 30
0.0
 10
266.3845421451066
 20
212.4922024325781
 30
0.0
  0
SPLINE
  5
3EF
330
17
100
AcDbEntity
  8
ENGRAVE
100
AcDbSpline
 70
0
 71
2
 72
6
 73
3
 74
0
 40
0.0
 40
0.0
 40
0.0
 40
1.0
 40
1.0
 40
1.0
 10
266.14603242500203
 20
185.38976441754582
 30
0.0
 10
266.2260324250021
 20
185.4697644175458
 30
0.0
 10
266.4980376333354
 20
185.68575400087914
 30
0.0
  0
SPLINE
  5
3F0
330
17
100
AcDbEntity
  8
ENGRAVE
100
AcDbSpline
 70
0
 71
2
 72
6
 73
3
 74
0
 40
0.0
 40
0.0
 40
0.0
 40
1.0
 40
1.0
 40
1.0
 10
266.3845421451066
 20
212.4922024325781
 30
0.0
 10
266.4645421451066
 20
212.66824409924476
 30
0.0
 10
266.52855256177327
 20
212.7642336825781
 30
0.0
  0
SPLINE
  5
3F1
330
17
100
AcDbEntity
  8
ENGRAVE
100
AcDbSpline
 70
0
 71
2
 72
6
 73
3
 74
0
 40
0.0
 40
0.0
 40
0.0
 40
1.0
 40
1.0
 40
1.0
 10
266.86454214510655
 20
210.54022326591144
 30
0.0
 10
266.73652131177323
 20
210.26824409924475
 30
0.0
 10
266.54454214510656
 20
209.94824409924476
 30
0.0
  0
SPLINE
  5
3F2
330
17
100
AcDbEntity
  8
ENGRAVE
100
AcDbSpline
 70
0
 71
2
 72
6
 73
3
 74
0
 40
0.0
 40
0.0
 40
0.0
 40
1.0
 40
1.0
 40
1.0
 10
267.69806367500206
 20
185.00575400087914
 30
0.0
 10
267.18603242500205
 20
184.76575400087916
 30
0.0
 10
266.56204805000203
 20
184.2937487925458
 30
0.0
  0
SPLINE
  5
3F3
330
17
100
AcDbEntity
  8
ENGRAVE
100
AcDbSpline
 70
0
 71
2
 72
6
 73
3
 74
0
 40
0.0
 40
0.0
 40
0.0
 40
1.0
 40
1.0
 40
1.0
 10
266.52855256177327
 20
212.7642336825781
 30
0.0
 10
266.5925629784399
 20
212.86022326591143
 30
0.0
 10
266.7045421451066
 20
213.0522024325781
 30
0.0
  0
SPLINE
  5
3F4
330
17
100
AcDbEntity
  8
ENGRAVE
100
AcDbSpline
 70
0
 71
2
 72
6
 73
3
 74
0
 40
0.0
 40
0.0
 40
0.0
 40
1.0
 40
1.0
 40
1.0
 10
266.33652131177325
 20
206.82824409924476
 30
0.0
 10
266.5125629784399
 20
206.8122024325781
 30
0.0
 10
266.84855256177326
 20
206.83621284924476
 30
0.0
  0
SPLINE
  5
3F5
330
17
100
AcDbEntity
  8
ENGRAVE
100
AcDbSpline
 70
0
 71
2
 72
6
 73
3
 74
0
 40
0.0
 40
0.0
 40
0.0
 40
1.0
 40
1.0
 40
1.0
 10
267.0565213117732
 20
210.87621284924475
 30
0.0
 10
266.99256297843993
 20
210.8122024325781
 30
0.0
 10
266.86454214510655
 20
210.54022326591144
 30
0.0
  0
SPLINE
  5
3F6
330
17
100
AcDbEntity
  8
ENGRAVE
100
AcDbSpline
 70
0
 71
2
 72
6
 73
3
 74
0
 40
0.0
 40
0.0
 40
0.0
 40
1.0
 40
1.0
 40
1.0
 10
266.7045421451066
 20
213.0522024325781
 30
0.0
 10
266.8165213117733
 20
213.26022326591143
 30
0.0
 10
266.88852652010655
 20
213.40423368257808
 30
0.0
  0
SPLINE
  5
3F7
330
17
100
AcDbEntity
  8
ENGRAVE
100
AcDbSpline
 70
0
 71
2
 72
6
 73
3
 74
0
 40
0.0
 40
0.0
 40
0.0
 40
1.0
 40
1.0
 40
1.0
 10
268.33652131177325
 20
206.1242336825781
 30
0.0
 10
267.6165213117732
 20
205.67621284924476
 30
0.0
 10
266.89652131177326
 20
205.58022326591143
 30
0.0
  0
SPLINE
  5
3F8
330
17
100
AcDbEntity
  8
ENGRAVE
100
AcDbSpline
 70
0
 71
2
 72
6
 73
3
 74
0
 40
0.0
 40
0.0
 40
0.0
 40
1.0
 40
1.0
 40
1.0
 10
267.1765473534399
 20
211.07623889091144
 30
0.0
 10
267.1205317284399
 20
211.0042336825781
 30
0.0
 10
267.0565213117732
 20
210.87621284924475
 30
0.0
  0
SPLINE
  5
3F9
330
17
100
AcDbEntity
  8
ENGRAVE
100
AcDbSpline
 70
0
 71
2
 72
6
 73
3
 74
0
 40
0.0
 40
0.0
 40
0.0
 40
1.0
 40
1.0
 40
1.0
 10
266.4980376333354
 20
185.68575400087914
 30
0.0
 10
266.7700428416687
 20
185.90174358421248
 30
0.0
 10
267.0900428416687
 20
186.14174358421246
 30
0.0
  0
SPLINE
  5
3FA
330
17
100
AcDbEntity
  8
ENGRAVE
100
AcDbSpline
 70
0
 71
2
 72
6
 73
3
 74
0
 40
0.0
 40
0.0
 40
0.0
 40
1.0
 40
1.0
 40
1.0
 10
266.88852652010655
 20
213.40423368257808
 30
0.0
 10
266.9605317284399
 20
213.54824409924476
 30
0.0
 10
267.1205317284399
 20
213.8042336825781
 30
0.0
  0
SPLINE
  5
3FB
330
17
100
AcDbEntity
  8
ENGRAVE
100
AcDbSpline
 70
0
 71
2
 72
6
 73
3
 74
0
 40
0.0
 40
0.0
 40
0.0
 40
1.0
 40
1.0
 40
1.0
 10
267.3605317284399
 20
211.18022326591142
 30
0.0
 10
267.2325629784399
 20
211.14824409924475
 30
0.0
 10
267.1765473534399
 20
211.07623889091144
 30
0.0
  0
SPLINE
  5
3FC
330
17
100
AcDbEntity
  8
ENGRAVE
100
AcDbSpline
 70
0
 71
2
 72
6
 73
3
 74
0
 40
0.0
 40
0.0
 40
0.0
 40
1.0
 40
1.0
 40
1.0
 10
267.1205317284399
 20
213.8042336825781
 30
0.0
 10
267.2005317284399
 20
213.91621284924477
 30
0.0
 10
267.2965473534399
 20
214.07621284924477
 30
0.0
  0
SPLINE
  5
3FD
330
17
100
AcDbEntity
  8
ENGRAVE
100
AcDbSpline
 70
0
 71
2
 72
6
 73
3
 74
0
 40
0.0
 40
0.0
 40
0.0
 40
1.0
 40
1.0
 40
1.0
 10
267.55253693677327
 20
211.2122024325781
 30
0.0
 10
267.48855256177325
 20
211.2122024325781
 30
0.0
 10
267.3605317284399
 20
211.18022326591142
 30
0.0
  0
SPLINE
  5
3FE
330
17
100
AcDbEntity
  8
ENGRAVE
100
AcDbSpline
 70
0
 71
2
 72
6
 73
3
 74
0
 40
0.0
 40
0.0
 40
0.0
 40
1.0
 40
1.0
 40
1.0
 10
266.84855256177326
 20
206.83621284924476
 30
0.0
 10
267.1845421451066
 20
206.86022326591143
 30
0.0
 10
267.40855256177326
 20
206.9242336825781
 30
0.0
  0
SPLINE
  5
3FF
330
17
100
AcDbEntity
  8
ENGRAVE
100
AcDbSpline
 70
0
 71
2
 72
6
 73
3
 74
0
 40
0.0
 40
0.0
 40
0.0
 40
1.0
 40
1.0
 40
1.0
 10
267.2965473534399
 20
214.07621284924477
 30
0.0
 10
267.3925629784399
 20
214.23621284924477
 30
0.0
 10
267.53652131177324
 20
214.34824409924477
 30
0.0
  0
SPLINE
  5
400
330
17
100
AcDbEntity
  8
ENGRAVE
100
AcDbSpline
 70
0
 71
2
 72
6
 73
3
 74
0
 40
0.0
 40
0.0
 40
0.0
 40
1.0
 40
1.0
 40
1.0
 10
267.8245421451066
 20
211.22824409924476
 30
0.0
 10
267.6165213117732
 20
211.2122024325781
 30
0.0
 10
267.55253693677327
 20
211.2122024325781
 30
0.0
  0
SPLINE
  5
401
330
17
100
AcDbEntity
  8
ENGRAVE
100
AcDbSpline
 70
0
 71
2
 72
6
 73
3
 74
0
 40
0.0
 40
0.0
 40
0.0
 40
1.0
 40
1.0
 40
1.0
 10
267.0900428416687
 20
186.14174358421246
 30
0.0
 10
267.4100428416687
 20
186.38174358421247
 30
0.0
 10
267.6020220083354
 20
186.5097644175458
 30
0.0
  0
SPLINE
  5
402
330
17
100
AcDbEntity
  8
ENGRAVE
100
AcDbSpline
 70
0
 71
2
 72
6
 73
3
 74
0
 40
0.0
 40
0.0
 40
0.0
 40
1.0
 40
1.0
 40
1.0
 10
267.9940272166687
 20
185.0297644175458
 30
0.0
 10
267.906032425002
 20
185.08575400087915
 30
0.0
 10
267.69806367500206
 20
185.00575400087914
 30
0.0
  0
SPLINE
  5
403
330
17
100
AcDbEntity
  8
ENGRAVE
100
AcDbSpline
 70
0
 71
2
 72
6
 73
3
 74
0
 40
0.0
 40
0.0
 40
0.0
 40
1.0
 40
1.0
 40
1.0
 10
267.40855256177326
 20
206.9242336825781
 30
0.0
 10
267.5845421451066
 20
207.0042336825781
 30
0.0
 10
267.7765473534399
 20
207.09222847424476
 30
0.0
  0
SPLINE
  5
404
330
17
100
AcDbEntity
  8
ENGRAVE
100
AcDbSpline
 70
0
 71
2
 72
6
 73
3
 74
0
 40
0.0
 40
0.0
 40
0.0
 40
1.0
 40
1.0
 40
1.0
 10
268.22454214510657
 20
211.23623889091144
 30
0.0
 10
267.9525629784399
 20
211.22824409924476
 30
0.0
 10
267.8245421451066
 20
211.22824409924476
 30
0.0
  0
SPLINE
  5
405
330
17
100
AcDbEntity
  8
ENGRAVE
100
AcDbSpline
 70
0
 71
2
 72
6
 73
3
 74
0
 40
0.0
 40
0.0
 40
0.0
 40
1.0
 40
1.0
 40
1.0
 10
267.98454214510656
 20
212.7322024325781
 30
0.0
 10
267.72855256177326
 20
212.38022326591144
 30
0.0
 10
267.8885525617732
 20
212.33222847424477
 30
0.0
  0
SPLINE
  5
406
330
17
100
AcDbEntity
  8
ENGRAVE
100
AcDbSpline
 70
0
 71
2
 72
6
 73
3
 74
0
 40
0.0
 40
0.0
 40
0.0
 40
1.0
 40
1.0
 40
1.0
 10
268.2965473534399
 20
213.22022326591144
 30
0.0
 10
268.12855256177323
 20
213.0042336825781
 30
0.0
 10
267.98454214510656
 20
212.7322024325781
 30
0.0
  0
SPLINE
  5
407
330
17
100
AcDbEntity
  8
ENGRAVE
100
AcDbSpline
 70
0
 71
2
 72
6
 73
3
 74
0
 40
0.0
 40
0.0
 40
0.0
 40
1.0
 40
1.0
 40
1.0
 10
268.1140532583354
 20
184.73377483421248
 30
0.0
 10
268.0820220083354
 20
184.97377483421246
 30
0.0
 10
267.9940272166687
 20
185.0297644175458
 30
0.0
  0
SPLINE
  5
408
330
17
100
AcDbEntity
  8
ENGRAVE
100
AcDbSpline
 70
0
 71
2
 72
6
 73
3
 74
0
 40
0.0
 40
0.0
 40
0.0
 40
1.0
 40
1.0
 40
1.0
 10
267.53652131177324
 20
214.34824409924477
 30
0.0
 10
267.6805317284399
 20
214.47621284924477
 30
0.0
 10
268.00852652010656
 20
214.53222847424476
 30
0.0
  0
SPLINE
  5
409
330
17
100
AcDbEntity
  8
ENGRAVE
100
AcDbSpline
 70
0
 71
2
 72
6
 73
3
 74
0
 40
0.0
 40
0.0
 40
0.0
 40
1.0
 40
1.0
 40
1.0
 10
268.09806367500204
 20
182.89377483421248
 30
0.0
 10
268.00202200833536
 20
183.26174358421247
 30
0.0
 10
268.0500428416687
 20
183.70174358421247
 30
0.0
  0
SPLINE
  5
40A
330
17
100
AcDbEntity
  8
ENGRAVE
100
AcDbSpline
 70
0
 71
2
 72
6
 73
3
 74
0
 40
0.0
 40
0.0
 40
0.0
 40
1.0
 40
1.0
 40
1.0
 10
267.6020220083354
 20
186.5097644175458
 30
0.0
 10
267.77806367500204
 20
186.63778525087915
 30
0.0
 10
268.0500428416687
 20
186.77377483421247
 30
0.0
  0
SPLINE
  5
40B
330
17
100
AcDbEntity
  8
ENGRAVE
100
AcDbSpline
 70
0
 71
2
 72
6
 73
3
 74
0
 40
0.0
 40
0.0
 40
0.0
 40
1.0
 40
1.0
 40
1.0
 10
268.47402721666873
 20
182.40575400087914
 30
0.0
 10
268.24202200833537
 20
182.52575400087915
 30
0.0
 10
268.09806367500204
 20
182.89377483421248
 30
0.0
  0
SPLINE
  5
40C
330
17
100
AcDbEntity
  8
ENGRAVE
100
AcDbSpline
 70
0
 71
2
 72
6
 73
3
 74
0
 40
0.0
 40
0.0
 40
0.0
 40
1.0
 40
1.0
 40
1.0
 10
268.0500428416687
 20
183.70174358421247
 30
0.0
 10
268.09806367500204
 20
184.14174358421246
 30
0.0
 10
268.1140532583354
 20
184.4297644175458
 30
0.0
  0
SPLINE
  5
40D
330
17
100
AcDbEntity
  8
ENGRAVE
100
AcDbSpline
 70
0
 71
2
 72
6
 73
3
 74
0
 40
0.0
 40
0.0
 40
0.0
 40
1.0
 40
1.0
 40
1.0
 10
267.7765473534399
 20
207.09222847424476
 30
0.0
 10
267.96855256177327
 20
207.18022326591142
 30
0.0
 10
268.12855256177323
 20
207.27621284924476
 30
0.0
  0
SPLINE
  5
40E
330
17
100
AcDbEntity
  8
ENGRAVE
100
AcDbSpline
 70
0
 71
2
 72
6
 73
3
 74
0
 40
0.0
 40
0.0
 40
0.0
 40
1.0
 40
1.0
 40
1.0
 10
268.8805317284399
 20
211.30824409924477
 30
0.0
 10
268.4965213117732
 20
211.24423368257808
 30
0.0
 10
268.22454214510657
 20
211.23623889091144
 30
0.0
  0
SPLINE
  5
40F
330
17
100
AcDbEntity
  8
ENGRAVE
100
AcDbSpline
 70
0
 71
2
 72
6
 73
3
 74
0
 40
0.0
 40
0.0
 40
0.0
 40
1.0
 40
1.0
 40
1.0
 10
268.5925629784399
 20
213.70824409924475
 30
0.0
 10
268.4645421451066
 20
213.43621284924475
 30
0.0
 10
268.2965473534399
 20
213.22022326591144
 30
0.0
  0
SPLINE
  5
410
330
17
100
AcDbEntity
  8
ENGRAVE
100
AcDbSpline
 70
0
 71
2
 72
6
 73
3
 74
0
 40
0.0
 40
0.0
 40
0.0
 40
1.0
 40
1.0
 40
1.0
 10
268.92855256177324
 20
206.67621284924476
 30
0.0
 10
268.84855256177326
 20
206.41220243257808
 30
0.0
 10
268.33652131177325
 20
206.1242336825781
 30
0.0
  0
SPLINE
  5
411
330
17
100
AcDbEntity
  8
ENGRAVE
100
AcDbSpline
 70
0
 71
2
 72
6
 73
3
 74
0
 40
0.0
 40
0.0
 40
0.0
 40
1.0
 40
1.0
 40
1.0
 10
268.0500428416687
 20
186.77377483421247
 30
0.0
 10
268.3220220083354
 20
186.9097644175458
 30
0.0
 10
268.38603242500204
 20
186.9097644175458
 30
0.0
  0
SPLINE
  5
412
330
17
100
AcDbEntity
  8
ENGRAVE
100
AcDbSpline
 70
0
 71
2
 72
6
 73
3
 74
0
 40
0.0
 40
0.0
 40
0.0
 40
1.0
 40
1.0
 40
1.0
 10
268.12855256177323
 20
207.27621284924476
 30
0.0
 10
268.2725629784399
 20
207.35621284924477
 30
0.0
 10
268.4165473534399
 20
207.44420764091143
 30
0.0
  0
SPLINE
  5
413
330
17
100
AcDbEntity
  8
ENGRAVE
100
AcDbSpline
 70
0
 71
2
 72
6
 73
3
 74
0
 40
0.0
 40
0.0
 40
0.0
 40
1.0
 40
1.0
 40
1.0
 10
269.0580636750021
 20
182.25377483421246
 30
0.0
 10
268.70603242500204
 20
182.28575400087914
 30
0.0
 10
268.47402721666873
 20
182.40575400087914
 30
0.0
  0
SPLINE
  5
414
330
17
100
AcDbEntity
  8
ENGRAVE
100
AcDbSpline
 70
0
 71
2
 72
6
 73
3
 74
0
 40
0.0
 40
0.0
 40
0.0
 40
1.0
 40
1.0
 40
1.0
 10
268.4165473534399
 20
207.44420764091143
 30
0.0
 10
268.5605317284399
 20
207.5322024325781
 30
0.0
 10
268.5605317284399
 20
207.5322024325781
 30
0.0
  0
SPLINE
  5
415
330
17
100
AcDbEntity
  8
ENGRAVE
100
AcDbSpline
 70
0
 71
2
 72
6
 73
3
 74
0
 40
0.0
 40
0.0
 40
0.0
 40
1.0
 40
1.0
 40
1.0
 10
268.00852652010656
 20
214.53222847424476
 30
0.0
 10
268.33652131177325
 20
214.58824409924478
 30
0.0
 10
268.57652131177326
 20
214.38022326591144
 30
0.0
  0
SPLINE
  5
416
330
17
100
AcDbEntity
  8
ENGRAVE
100
AcDbSpline
 70
0
 71
2
 72
6
 73
3
 74
0
 40
0.0
 40
0.0
 40
0.0
 40
1.0
 40
1.0
 40
1.0
 10
268.72053172843994
 20
214.07621284924477
 30
0.0
 10
268.73652131177323
 20
213.9322024325781
 30
0.0
 10
268.5925629784399
 20
213.70824409924475
 30
0.0
  0
SPLINE
  5
417
330
17
100
AcDbEntity
  8
ENGRAVE
100
AcDbSpline
 70
0
 71
2
 72
6
 73
3
 74
0
 40
0.0
 40
0.0
 40
0.0
 40
1.0
 40
1.0
 40
1.0
 10
268.57652131177326
 20
214.38022326591144
 30
0.0
 10
268.7045421451066
 20
214.22022326591144
 30
0.0
 10
268.72053172843994
 20
214.07621284924477
 30
0.0
  0
SPLINE
  5
418
330
17
100
AcDbEntity
  8
ENGRAVE
100
AcDbSpline
 70
0
 71
2
 72
6
 73
3
 74
0
 40
0.0
 40
0.0
 40
0.0
 40
1.0
 40
1.0
 40
1.0
 10
268.38603242500204
 20
186.9097644175458
 30
0.0
 10
268.54603242500207
 20
186.9097644175458
 30
0.0
 10
268.7780376333354
 20
186.79775920921247
 30
0.0
  0
SPLINE
  5
419
330
17
100
AcDbEntity
  8
ENGRAVE
100
AcDbSpline
 70
0
 71
2
 72
6
 73
3
 74
0
 40
0.0
 40
0.0
 40
0.0
 40
1.0
 40
1.0
 40
1.0
 10
267.8885525617732
 20
212.33222847424477
 30
0.0
 10
268.04855256177325
 20
212.2842336825781
 30
0.0
 10
268.78454214510657
 20
212.39621284924476
 30
0.0
  0
SPLINE
  5
41A
330
17
100
AcDbEntity
  8
ENGRAVE
100
AcDbSpline
 70
0
 71
2
 72
6
 73
3
 74
0
 40
0.0
 40
0.0
 40
0.0
 40
1.0
 40
1.0
 40
1.0
 10
268.5605317284399
 20
207.5322024325781
 30
0.0
 10
268.6405317284399
 20
207.66022326591144
 30
0.0
 10
268.7925369367733
 20
207.49222847424477
 30
0.0
  0
SPLINE
  5
41B
330
17
100
AcDbEntity
  8
ENGRAVE
100
AcDbSpline
 70
0
 71
2
 72
6
 73
3
 74
0
 40
0.0
 40
0.0
 40
0.0
 40
1.0
 40
1.0
 40
1.0
 10
269.6165473534399
 20
211.38824409924476
 30
0.0
 10
269.48855256177325
 20
211.30824409924477
 30
0.0
 10
268.8805317284399
 20
211.30824409924477
 30
0.0
  0
SPLINE
  5
41C
330
17
100
AcDbEntity
  8
ENGRAVE
100
AcDbSpline
 70
0
 71
2
 72
6
 73
3
 74
0
 40
0.0
 40
0.0
 40
0.0
 40
1.0
 40
1.0
 40
1.0
 10
269.00855256177323
 20
207.13220243257808
 30
0.0
 10
269.00855256177323
 20
206.94022326591144
 30
0.0
 10
268.92855256177324
 20
206.67621284924476
 30
0.0
  0
SPLINE
  5
41D
330
17
100
AcDbEntity
  8
ENGRAVE
100
AcDbSpline
 70
0
 71
2
 72
6
 73
3
 74
0
 40
0.0
 40
0.0
 40
0.0
 40
1.0
 40
1.0
 40
1.0
 10
268.7925369367733
 20
207.49222847424477
 30
0.0
 10
268.9445421451066
 20
207.3242336825781
 30
0.0
 10
269.00855256177323
 20
207.13220243257808
 30
0.0
  0
SPLINE
  5
41E
330
17
100
AcDbEntity
  8
ENGRAVE
100
AcDbSpline
 70
0
 71
2
 72
6
 73
3
 74
0
 40
0.0
 40
0.0
 40
0.0
 40
1.0
 40
1.0
 40
1.0
 10
269.48204805000205
 20
182.50174358421248
 30
0.0
 10
269.26603242500204
 20
182.3017435842125
 30
0.0
 10
269.0580636750021
 20
182.25377483421246
 30
0.0
  0
SPLINE
  5
41F
330
17
100
AcDbEntity
  8
ENGRAVE
100
AcDbSpline
 70
0
 71
2
 72
6
 73
3
 74
0
 40
0.0
 40
0.0
 40
0.0
 40
1.0
 40
1.0
 40
1.0
 10
268.7780376333354
 20
186.79775920921247
 30
0.0
 10
269.01004284166874
 20
186.68575400087914
 30
0.0
 10
269.2100428416687
 20
186.53374879254582
 30
0.0
  0
SPLINE
  5
420
330
17
100
AcDbEntity
  8
ENGRAVE
100
AcDbSpline
 70
0
 71
2
 72
6
 73
3
 74
0
 40
0.0
 40
0.0
 40
0.0
 40
1.0
 40
1.0
 40
1.0
 10
269.4100428416687
 20
184.9257800425458
 30
0.0
 10
269.44202200833536
 20
184.33377483421248
 30
0.0
 10
269.346032425002
 20
183.91778525087915
 30
0.0
  0
SPLINE
  5
421
330
17
100
AcDbEntity
  8
ENGRAVE
100
AcDbSpline
 70
0
 71
2
 72
6
 73
3
 74
0
 40
0.0
 40
0.0
 40
0.0
 40
1.0
 40
1.0
 40
1.0
 10
269.346032425002
 20
183.91778525087915
 30
0.0
 10
269.346032425002
 20
183.91778525087915
 30
0.0
 10
269.36204805000204
 20
183.89377483421248
 30
0.0
  0
SPLINE
  5
422
330
17
100
AcDbEntity
  8
ENGRAVE
100
AcDbSpline
 70
0
 71
2
 72
6
 73
3
 74
0
 40
0.0
 40
0.0
 40
0.0
 40
1.0
 40
1.0
 40
1.0
 10
269.39405325833536
 20
183.82174358421247
 30
0.0
 10
269.37806367500207
 20
183.80575400087915
 30
0.0
 10
269.3860584666687
 20
183.76575400087916
 30
0.0
  0
SPLINE
  5
423
330
17
100
AcDbEntity
  8
ENGRAVE
100
AcDbSpline
 70
0
 71
2
 72
6
 73
3
 74
0
 40
0.0
 40
0.0
 40
0.0
 40
1.0
 40
1.0
 40
1.0
 10
269.3860584666687
 20
183.76575400087916
 30
0.0
 10
269.39405325833536
 20
183.72575400087914
 30
0.0
 10
269.39405325833536
 20
183.72575400087914
 30
0.0
  0
SPLINE
  5
424
330
17
100
AcDbEntity
  8
ENGRAVE
100
AcDbSpline
 70
0
 71
2
 72
6
 73
3
 74
0
 40
0.0
 40
0.0
 40
0.0
 40
1.0
 40
1.0
 40
1.0
 10
269.36204805000204
 20
183.89377483421248
 30
0.0
 10
269.37806367500207
 20
183.8697644175458
 30
0.0
 10
269.39405325833536
 20
183.82174358421247
 30
0.0
  0
SPLINE
  5
425
330
17
100
AcDbEntity
  8
ENGRAVE
100
AcDbSpline
 70
0
 71
2
 72
6
 73
3
 74
0
 40
0.0
 40
0.0
 40
0.0
 40
1.0
 40
1.0
 40
1.0
 10
269.4100428416687
 20
185.90174358421248
 30
0.0
 10
269.37806367500207
 20
185.51778525087914
 30
0.0
 10
269.4100428416687
 20
184.9257800425458
 30
0.0
  0
SPLINE
  5
426
330
17
100
AcDbEntity
  8
ENGRAVE
100
AcDbSpline
 70
0
 71
2
 72
6
 73
3
 74
0
 40
0.0
 40
0.0
 40
0.0
 40
1.0
 40
1.0
 40
1.0
 10
269.42603242500206
 20
186.08575400087915
 30
0.0
 10
269.4100428416687
 20
185.98174358421247
 30
0.0
 10
269.4100428416687
 20
185.90174358421248
 30
0.0
  0
SPLINE
  5
427
330
17
100
AcDbEntity
  8
ENGRAVE
100
AcDbSpline
 70
0
 71
2
 72
6
 73
3
 74
0
 40
0.0
 40
0.0
 40
0.0
 40
1.0
 40
1.0
 40
1.0
 10
269.44202200833536
 20
186.25377483421246
 30
0.0
 10
269.44202200833536
 20
186.1897644175458
 30
0.0
 10
269.42603242500206
 20
186.08575400087915
 30
0.0
  0
SPLINE
  5
428
330
17
100
AcDbEntity
  8
ENGRAVE
100
AcDbSpline
 70
0
 71
2
 72
6
 73
3
 74
0
 40
0.0
 40
0.0
 40
0.0
 40
1.0
 40
1.0
 40
1.0
 10
269.2100428416687
 20
186.53374879254582
 30
0.0
 10
269.4100428416687
 20
186.38174358421247
 30
0.0
 10
269.44202200833536
 20
186.25377483421246
 30
0.0
  0
SPLINE
  5
429
330
17
100
AcDbEntity
  8
ENGRAVE
100
AcDbSpline
 70
0
 71
2
 72
6
 73
3
 74
0
 40
0.0
 40
0.0
 40
0.0
 40
1.0
 40
1.0
 40
1.0
 10
268.78454214510657
 20
212.39621284924476
 30
0.0
 10
269.24855256177324
 20
212.47621284924477
 30
0.0
 10
269.45654735343993
 20
212.30022326591143
 30
0.0
  0
SPLINE
  5
42A
330
17
100
AcDbEntity
  8
ENGRAVE
100
AcDbSpline
 70
0
 71
2
 72
6
 73
3
 74
0
 40
0.0
 40
0.0
 40
0.0
 40
1.0
 40
1.0
 40
1.0
 10
269.71405325833535
 20
182.9097644175458
 30
0.0
 10
269.69806367500206
 20
182.70174358421247
 30
0.0
 10
269.48204805000205
 20
182.50174358421248
 30
0.0
  0
SPLINE
  5
42B
330
17
100
AcDbEntity
  8
ENGRAVE
100
AcDbSpline
 70
0
 71
2
 72
6
 73
3
 74
0
 40
0.0
 40
0.0
 40
0.0
 40
1.0
 40
1.0
 40
1.0
 10
269.39405325833536
 20
183.72575400087914
 30
0.0
 10
269.42603242500206
 20
183.56575400087914
 30
0.0
 10
269.50603242500205
 20
183.38976441754582
 30
0.0
  0
SPLINE
  5
42C
330
17
100
AcDbEntity
  8
ENGRAVE
100
AcDbSpline
 70
0
 71
2
 72
6
 73
3
 74
0
 40
0.0
 40
0.0
 40
0.0
 40
1.0
 40
1.0
 40
1.0
 10
269.69652131177327
 20
211.85220243257808
 30
0.0
 10
269.7445421451066
 20
211.46824409924477
 30
0.0
 10
269.6165473534399
 20
211.38824409924476
 30
0.0
  0
SPLINE
  5
42D
330
17
100
AcDbEntity
  8
ENGRAVE
100
AcDbSpline
 70
0
 71
2
 72
6
 73
3
 74
0
 40
0.0
 40
0.0
 40
0.0
 40
1.0
 40
1.0
 40
1.0
 10
269.45654735343993
 20
212.30022326591143
 30
0.0
 10
269.66454214510657
 20
212.1242336825781
 30
0.0
 10
269.69652131177327
 20
211.85220243257808
 30
0.0
  0
SPLINE
  5
42E
330
17
100
AcDbEntity
  8
ENGRAVE
100
AcDbSpline
 70
0
 71
2
 72
6
 73
3
 74
0
 40
0.0
 40
0.0
 40
0.0
 40
1.0
 40
1.0
 40
1.0
 10
269.50603242500205
 20
183.38976441754582
 30
0.0
 10
269.58603242500203
 20
183.21377483421247
 30
0.0
 10
269.71405325833535
 20
182.9097644175458
 30
0.0
  0
SPLINE
  5
42F
330
17
100
AcDbEntity
  8
ENGRAVE
100
AcDbSpline
 70
0
 71
2
 72
6
 73
3
 74
0
 40
0.0
 40
0.0
 40
0.0
 40
1.0
 40
1.0
 40
1.0
 10
270.04855256177325
 20
206.46022326591142
 30
0.0
 10
269.80855256177324
 20
206.7322024325781
 30
0.0
 10
269.7765473534399
 20
206.9482180575781
 30
0.0
  0
SPLINE
  5
430
330
17
100
AcDbEntity
  8
ENGRAVE
100
AcDbSpline
 70
0
 71
2
 72
6
 73
3
 74
0
 40
0.0
 40
0.0
 40
0.0
 40
1.0
 40
1.0
 40
1.0
 10
269.7765473534399
 20
206.9482180575781
 30
0.0
 10
269.74454214510655
 20
207.1642336825781
 30
0.0
 10
269.79251089510655
 20
207.5322024325781
 30
0.0
  0
SPLINE
  5
431
330
17
100
AcDbEntity
  8
ENGRAVE
100
AcDbSpline
 70
0
 71
2
 72
6
 73
3
 74
0
 40
0.0
 40
0.0
 40
0.0
 40
1.0
 40
1.0
 40
1.0
 10
269.79251089510655
 20
207.5322024325781
 30
0.0
 10
269.8725108951066
 20
207.78824409924476
 30
0.0
 10
269.9845161034399
 20
208.22022326591141
 30
0.0
  0
SPLINE
  5
432
330
17
100
AcDbEntity
  8
ENGRAVE
100
AcDbSpline
 70
0
 71
2
 72
6
 73
3
 74
0
 40
0.0
 40
0.0
 40
0.0
 40
1.0
 40
1.0
 40
1.0
 10
270.29652131177323
 20
206.27621284924476
 30
0.0
 10
270.1605317284399
 20
206.38022326591144
 30
0.0
 10
270.04855256177325
 20
206.46022326591142
 30
0.0
  0
SPLINE
  5
433
330
17
100
AcDbEntity
  8
ENGRAVE
100
AcDbSpline
 70
0
 71
2
 72
6
 73
3
 74
0
 40
0.0
 40
0.0
 40
0.0
 40
1.0
 40
1.0
 40
1.0
 10
269.9845161034399
 20
208.22022326591141
 30
0.0
 10
270.09652131177324
 20
208.6522024325781
 30
0.0
 10
270.2565213117732
 20
209.14824409924475
 30
0.0
  0
SPLINE
  5
434
330
17
100
AcDbEntity
  8
ENGRAVE
100
AcDbSpline
 70
0
 71
2
 72
6
 73
3
 74
0
 40
0.0
 40
0.0
 40
0.0
 40
1.0
 40
1.0
 40
1.0
 10
270.54454214510656
 20
206.18824409924477
 30
0.0
 10
270.4325108951066
 20
206.1722024325781
 30
0.0
 10
270.29652131177323
 20
206.27621284924476
 30
0.0
  0
SPLINE
  5
435
330
17
100
AcDbEntity
  8
ENGRAVE
100
AcDbSpline
 70
0
 71
2
 72
6
 73
3
 74
0
 40
0.0
 40
0.0
 40
0.0
 40
1.0
 40
1.0
 40
1.0
 10
270.2565213117732
 20
209.14824409924475
 30
0.0
 10
270.28855256177326
 20
209.34022326591142
 30
0.0
 10
270.3765473534399
 20
209.6042336825781
 30
0.0
  0
SPLINE
  5
436
330
17
100
AcDbEntity
  8
ENGRAVE
100
AcDbSpline
 70
0
 71
2
 72
6
 73
3
 74
0
 40
0.0
 40
0.0
 40
0.0
 40
1.0
 40
1.0
 40
1.0
 10
271.0885265201066
 20
206.43623889091143
 30
0.0
 10
270.86454214510655
 20
206.2042336825781
 30
0.0
 10
270.54454214510656
 20
206.18824409924477
 30
0.0
  0
SPLINE
  5
437
330
17
100
AcDbEntity
  8
ENGRAVE
100
AcDbSpline
 70
0
 71
2
 72
6
 73
3
 74
0
 40
0.0
 40
0.0
 40
0.0
 40
1.0
 40
1.0
 40
1.0
 10
270.3765473534399
 20
209.6042336825781
 30
0.0
 10
270.4645421451066
 20
209.86824409924475
 30
0.0
 10
270.5605317284399
 20
210.11623889091143
 30
0.0
  0
SPLINE
  5
438
330
17
100
AcDbEntity
  8
ENGRAVE
100
AcDbSpline
 70
0
 71
2
 72
6
 73
3
 74
0
 40
0.0
 40
0.0
 40
0.0
 40
1.0
 40
1.0
 40
1.0
 10
270.7540532583354
 20
183.11778525087914
 30
0.0
 10
270.65806367500204
 20
183.34174358421248
 30
0.0
 10
270.69806367500206
 20
183.7417435842125
 30
0.0
  0
SPLINE
  5
439
330
17
100
AcDbEntity
  8
ENGRAVE
100
AcDbSpline
 70
0
 71
2
 72
6
 73
3
 74
0
 40
0.0
 40
0.0
 40
0.0
 40
1.0
 40
1.0
 40
1.0
 10
270.5605317284399
 20
210.11623889091143
 30
0.0
 10
270.65652131177325
 20
210.3642336825781
 30
0.0
 10
270.7045421451066
 20
210.4922024325781
 30
0.0
  0
SPLINE
  5
43A
330
17
100
AcDbEntity
  8
ENGRAVE
100
AcDbSpline
 70
0
 71
2
 72
6
 73
3
 74
0
 40
0.0
 40
0.0
 40
0.0
 40
1.0
 40
1.0
 40
1.0
 10
271.0340532583354
 20
182.7097644175458
 30
0.0
 10
270.83405325833536
 20
182.95778525087914
 30
0.0
 10
270.7540532583354
 20
183.11778525087914
 30
0.0
  0
SPLINE
  5
43B
330
17
100
AcDbEntity
  8
ENGRAVE
100
AcDbSpline
 70
0
 71
2
 72
6
 73
3
 74
0
 40
0.0
 40
0.0
 40
0.0
 40
1.0
 40
1.0
 40
1.0
 10
270.69806367500206
 20
183.7417435842125
 30
0.0
 10
270.738063675002
 20
184.14174358421246
 30
0.0
 10
270.8900688833354
 20
184.62174358421248
 30
0.0
  0
SPLINE
  5
43C
330
17
100
AcDbEntity
  8
ENGRAVE
100
AcDbSpline
 70
0
 71
2
 72
6
 73
3
 74
0
 40
0.0
 40
0.0
 40
0.0
 40
1.0
 40
1.0
 40
1.0
 10
270.7045421451066
 20
210.4922024325781
 30
0.0
 10
270.8165213117732
 20
210.8922024325781
 30
0.0
 10
270.9365213117732
 20
211.26022326591143
 30
0.0
  0
SPLINE
  5
43D
330
17
100
AcDbEntity
  8
ENGRAVE
100
AcDbSpline
 70
0
 71
2
 72
6
 73
3
 74
0
 40
0.0
 40
0.0
 40
0.0
 40
1.0
 40
1.0
 40
1.0
 10
271.48204805000205
 20
182.26174358421247
 30
0.0
 10
271.2340532583354
 20
182.46174358421248
 30
0.0
 10
271.0340532583354
 20
182.7097644175458
 30
0.0
  0
SPLINE
  5
43E
330
17
100
AcDbEntity
  8
ENGRAVE
100
AcDbSpline
 70
0
 71
2
 72
6
 73
3
 74
0
 40
0.0
 40
0.0
 40
0.0
 40
1.0
 40
1.0
 40
1.0
 10
271.5045421451066
 20
206.90824409924477
 30
0.0
 10
271.3125108951066
 20
206.66824409924476
 30
0.0
 10
271.0885265201066
 20
206.43623889091143
 30
0.0
  0
SPLINE
  5
43F
330
17
100
AcDbEntity
  8
ENGRAVE
100
AcDbSpline
 70
0
 71
2
 72
6
 73
3
 74
0
 40
0.0
 40
0.0
 40
0.0
 40
1.0
 40
1.0
 40
1.0
 10
270.9365213117732
 20
211.26022326591143
 30
0.0
 10
271.0565213117732
 20
211.62824409924477
 30
0.0
 10
271.2325369367732
 20
212.10824409924476
 30
0.0
  0
SPLINE
  5
440
330
17
100
AcDbEntity
  8
ENGRAVE
100
AcDbSpline
 70
0
 71
2
 72
6
 73
3
 74
0
 40
0.0
 40
0.0
 40
0.0
 40
1.0
 40
1.0
 40
1.0
 10
270.8900688833354
 20
184.62174358421248
 30
0.0
 10
271.0420740916687
 20
185.10174358421247
 30
0.0
 10
271.27405325833536
 20
185.56575400087914
 30
0.0
  0
SPLINE
  5
441
330
17
100
AcDbEntity
  8
ENGRAVE
100
AcDbSpline
 70
0
 71
2
 72
6
 73
3
 74
0
 40
0.0
 40
0.0
 40
0.0
 40
1.0
 40
1.0
 40
1.0
 10
271.906032425002
 20
182.0297644175458
 30
0.0
 10
271.7300428416687
 20
182.06174358421248
 30
0.0
 10
271.48204805000205
 20
182.26174358421247
 30
0.0
  0
SPLINE
  5
442
330
17
100
AcDbEntity
  8
ENGRAVE
100
AcDbSpline
 70
0
 71
2
 72
6
 73
3
 74
0
 40
0.0
 40
0.0
 40
0.0
 40
1.0
 40
1.0
 40
1.0
 10
272.44852652010655
 20
207.9082180575781
 30
0.0
 10
271.9045421451066
 20
207.42022326591143
 30
0.0
 10
271.5045421451066
 20
206.90824409924477
 30
0.0
  0
SPLINE
  5
443
330
17
100
AcDbEntity
  8
ENGRAVE
100
AcDbSpline
 70
0
 71
2
 72
6
 73
3
 74
0
 40
0.0
 40
0.0
 40
0.0
 40
1.0
 40
1.0
 40
1.0
 10
271.56852652010656
 20
208.9082180575781
 30
0.0
 10
271.53652131177324
 20
208.78022326591142
 30
0.0
 10
271.5205317284399
 20
208.6522024325781
 30
0.0
  0
SPLINE
  5
444
330
17
100
AcDbEntity
  8
ENGRAVE
100
AcDbSpline
 70
0
 71
2
 72
6
 73
3
 74
0
 40
0.0
 40
0.0
 40
0.0
 40
1.0
 40
1.0
 40
1.0
 10
271.6165213117732
 20
209.11621284924476
 30
0.0
 10
271.6005317284399
 20
209.03621284924475
 30
0.0
 10
271.56852652010656
 20
208.9082180575781
 30
0.0
  0
SPLINE
  5
445
330
17
100
AcDbEntity
  8
ENGRAVE
100
AcDbSpline
 70
0
 71
2
 72
6
 73
3
 74
0
 40
0.0
 40
0.0
 40
0.0
 40
1.0
 40
1.0
 40
1.0
 10
271.71253693677323
 20
209.42022326591143
 30
0.0
 10
271.66454214510657
 20
209.24423368257808
 30
0.0
 10
271.6165213117732
 20
209.11621284924476
 30
0.0
  0
SPLINE
  5
446
330
17
100
AcDbEntity
  8
ENGRAVE
100
AcDbSpline
 70
0
 71
2
 72
6
 73
3
 74
0
 40
0.0
 40
0.0
 40
0.0
 40
1.0
 40
1.0
 40
1.0
 10
271.2325369367732
 20
212.10824409924476
 30
0.0
 10
271.40855256177326
 20
212.58824409924478
 30
0.0
 10
271.66454214510657
 20
213.3242336825781
 30
0.0
  0
SPLINE
  5
447
330
17
100
AcDbEntity
  8
ENGRAVE
100
AcDbSpline
 70
0
 71
2
 72
6
 73
3
 74
0
 40
0.0
 40
0.0
 40
0.0
 40
1.0
 40
1.0
 40
1.0
 10
271.77652131177325
 20
209.69220243257809
 30
0.0
 10
271.7605317284399
 20
209.59621284924475
 30
0.0
 10
271.71253693677323
 20
209.42022326591143
 30
0.0
  0
SPLINE
  5
448
330
17
100
AcDbEntity
  8
ENGRAVE
100
AcDbSpline
 70
0
 71
2
 72
6
 73
3
 74
0
 40
0.0
 40
0.0
 40
0.0
 40
1.0
 40
1.0
 40
1.0
 10
271.5205317284399
 20
208.6522024325781
 30
0.0
 10
271.6005317284399
 20
208.74824409924477
 30
0.0
 10
271.74454214510655
 20
208.8842336825781
 30
0.0
  0
SPLINE
  5
449
330
17
100
AcDbEntity
  8
ENGRAVE
100
AcDbSpline
 70
0
 71
2
 72
6
 73
3
 74
0
 40
0.0
 40
0.0
 40
0.0
 40
1.0
 40
1.0
 40
1.0
 10
271.83253693677324
 20
209.80420764091144
 30
0.0
 10
271.77652131177325
 20
209.69220243257809
 30
0.0
 10
271.77652131177325
 20
209.69220243257809
 30
0.0
  0
SPLINE
  5
44A
330
17
100
AcDbEntity
  8
ENGRAVE
100
AcDbSpline
 70
0
 71
2
 72
6
 73
3
 74
0
 40
0.0
 40
0.0
 40
0.0
 40
1.0
 40
1.0
 40
1.0
 10
271.27405325833536
 20
185.56575400087914
 30
0.0
 10
271.50603242500205
 20
186.0297644175458
 30
0.0
 10
271.8100428416687
 20
186.36575400087915
 30
0.0
  0
SPLINE
  5
44B
330
17
100
AcDbEntity
  8
ENGRAVE
100
AcDbSpline
 70
0
 71
2
 72
6
 73
3
 74
0
 40
0.0
 40
0.0
 40
0.0
 40
1.0
 40
1.0
 40
1.0
 10
271.95251089510657
 20
210.0442336825781
 30
0.0
 10
271.8885525617732
 20
209.91621284924477
 30
0.0
 10
271.83253693677324
 20
209.80420764091144
 30
0.0
  0
SPLINE
  5
44C
330
17
100
AcDbEntity
  8
ENGRAVE
100
AcDbSpline
 70
0
 71
2
 72
6
 73
3
 74
0
 40
0.0
 40
0.0
 40
0.0
 40
1.0
 40
1.0
 40
1.0
 10
272.762048050002
 20
182.24575400087915
 30
0.0
 10
272.2900428416687
 20
182.0297644175458
 30
0.0
 10
271.906032425002
 20
182.0297644175458
 30
0.0
  0
SPLINE
  5
44D
330
17
100
AcDbEntity
  8
ENGRAVE
100
AcDbSpline
 70
0
 71
2
 72
6
 73
3
 74
0
 40
0.0
 40
0.0
 40
0.0
 40
1.0
 40
1.0
 40
1.0
 10
272.1045161034399
 20
210.36420764091142
 30
0.0
 10
272.01652131177326
 20
210.1722024325781
 30
0.0
 10
271.95251089510657
 20
210.0442336825781
 30
0.0
  0
SPLINE
  5
44E
330
17
100
AcDbEntity
  8
ENGRAVE
100
AcDbSpline
 70
0
 71
2
 72
6
 73
3
 74
0
 40
0.0
 40
0.0
 40
0.0
 40
1.0
 40
1.0
 40
1.0
 10
272.5460584666687
 20
185.00575400087914
 30
0.0
 10
272.27405325833536
 20
184.54174358421247
 30
0.0
 10
272.09806367500204
 20
183.67778525087914
 30
0.0
  0
SPLINE
  5
44F
330
17
100
AcDbEntity
  8
ENGRAVE
100
AcDbSpline
 70
0
 71
2
 72
6
 73
3
 74
0
 40
0.0
 40
0.0
 40
0.0
 40
1.0
 40
1.0
 40
1.0
 10
272.2085525617732
 20
210.63621284924477
 30
0.0
 10
272.1925108951066
 20
210.55621284924476
 30
0.0
 10
272.1045161034399
 20
210.36420764091142
 30
0.0
  0
SPLINE
  5
450
330
17
100
AcDbEntity
  8
ENGRAVE
100
AcDbSpline
 70
0
 71
2
 72
6
 73
3
 74
0
 40
0.0
 40
0.0
 40
0.0
 40
1.0
 40
1.0
 40
1.0
 10
271.74454214510655
 20
208.8842336825781
 30
0.0
 10
271.8885525617732
 20
209.02022326591143
 30
0.0
 10
272.1125108951066
 20
209.22824409924476
 30
0.0
  0
SPLINE
  5
451
330
17
100
AcDbEntity
  8
ENGRAVE
100
AcDbSpline
 70
0
 71
2
 72
6
 73
3
 74
0
 40
0.0
 40
0.0
 40
0.0
 40
1.0
 40
1.0
 40
1.0
 10
271.66454214510657
 20
213.3242336825781
 30
0.0
 10
272.01652131177326
 20
214.2842336825781
 30
0.0
 10
272.19253693677325
 20
214.7642336825781
 30
0.0
  0
SPLINE
  5
452
330
17
100
AcDbEntity
  8
ENGRAVE
100
AcDbSpline
 70
0
 71
2
 72
6
 73
3
 74
0
 40
0.0
 40
0.0
 40
0.0
 40
1.0
 40
1.0
 40
1.0
 10
272.68855256177324
 20
211.93222847424477
 30
0.0
 10
272.4485525617732
 20
211.22824409924476
 30
0.0
 10
272.2085525617732
 20
210.63621284924477
 30
0.0
  0
SPLINE
  5
453
330
17
100
AcDbEntity
  8
ENGRAVE
100
AcDbSpline
 70
0
 71
2
 72
6
 73
3
 74
0
 40
0.0
 40
0.0
 40
0.0
 40
1.0
 40
1.0
 40
1.0
 10
272.09806367500204
 20
183.67778525087914
 30
0.0
 10
272.06603242500205
 20
183.51778525087914
 30
0.0
 10
272.2100428416687
 20
183.45377483421248
 30
0.0
  0
SPLINE
  5
454
330
17
100
AcDbEntity
  8
ENGRAVE
100
AcDbSpline
 70
0
 71
2
 72
6
 73
3
 74
0
 40
0.0
 40
0.0
 40
0.0
 40
1.0
 40
1.0
 40
1.0
 10
273.4965213117732
 20
208.71621284924476
 30
0.0
 10
272.9925108951066
 20
208.39621284924476
 30
0.0
 10
272.44852652010655
 20
207.9082180575781
 30
0.0
  0
SPLINE
  5
455
330
17
100
AcDbEntity
  8
ENGRAVE
100
AcDbSpline
 70
0
 71
2
 72
6
 73
3
 74
0
 40
0.0
 40
0.0
 40
0.0
 40
1.0
 40
1.0
 40
1.0
 10
272.19253693677325
 20
214.7642336825781
 30
0.0
 10
272.36855256177324
 20
215.24423368257808
 30
0.0
 10
272.4485525617732
 20
215.45222847424475
 30
0.0
  0
SPLINE
  5
456
330
17
100
AcDbEntity
  8
ENGRAVE
100
AcDbSpline
 70
0
 71
2
 72
6
 73
3
 74
0
 40
0.0
 40
0.0
 40
0.0
 40
1.0
 40
1.0
 40
1.0
 10
273.2020740916687
 20
185.82174358421247
 30
0.0
 10
272.81806367500207
 20
185.4697644175458
 30
0.0
 10
272.5460584666687
 20
185.00575400087914
 30
0.0
  0
SPLINE
  5
457
330
17
100
AcDbEntity
  8
ENGRAVE
100
AcDbSpline
 70
0
 71
2
 72
6
 73
3
 74
0
 40
0.0
 40
0.0
 40
0.0
 40
1.0
 40
1.0
 40
1.0
 10
272.1125108951066
 20
209.22824409924476
 30
0.0
 10
272.36855256177324
 20
209.4522024325781
 30
0.0
 10
272.5605317284399
 20
209.6122024325781
 30
0.0
  0
SPLINE
  5
458
330
17
100
AcDbEntity
  8
ENGRAVE
100
AcDbSpline
 70
0
 71
2
 72
6
 73
3
 74
0
 40
0.0
 40
0.0
 40
0.0
 40
1.0
 40
1.0
 40
1.0
 10
272.4485525617732
 20
215.45222847424475
 30
0.0
 10
272.5285525617732
 20
215.66022326591144
 30
0.0
 10
272.5605317284399
 20
215.78824409924476
 30
0.0
  0
SPLINE
  5
459
330
17
100
AcDbEntity
  8
ENGRAVE
100
AcDbSpline
 70
0
 71
2
 72
6
 73
3
 74
0
 40
0.0
 40
0.0
 40
0.0
 40
1.0
 40
1.0
 40
1.0
 10
272.2100428416687
 20
183.45377483421248
 30
0.0
 10
272.3540532583354
 20
183.38976441754582
 30
0.0
 10
272.65806367500204
 20
183.50174358421248
 30
0.0
  0
SPLINE
  5
45A
330
17
100
AcDbEntity
  8
ENGRAVE
100
AcDbSpline
 70
0
 71
2
 72
6
 73
3
 74
0
 40
0.0
 40
0.0
 40
0.0
 40
1.0
 40
1.0
 40
1.0
 10
273.1765473534399
 20
213.3482180575781
 30
0.0
 10
272.92855256177324
 20
212.63621284924477
 30
0.0
 10
272.68855256177324
 20
211.93222847424477
 30
0.0
  0
SPLINE
  5
45B
330
17
100
AcDbEntity
  8
ENGRAVE
100
AcDbSpline
 70
0
 71
2
 72
6
 73
3
 74
0
 40
0.0
 40
0.0
 40
0.0
 40
1.0
 40
1.0
 40
1.0
 10
272.5605317284399
 20
215.78824409924476
 30
0.0
 10
272.5605317284399
 20
215.91621284924477
 30
0.0
 10
272.74454214510655
 20
216.03621284924475
 30
0.0
  0
SPLINE
  5
45C
330
17
100
AcDbEntity
  8
ENGRAVE
100
AcDbSpline
 70
0
 71
2
 72
6
 73
3
 74
0
 40
0.0
 40
0.0
 40
0.0
 40
1.0
 40
1.0
 40
1.0
 10
273.77806367500204
 20
182.97377483421246
 30
0.0
 10
273.2340532583354
 20
182.46174358421248
 30
0.0
 10
272.762048050002
 20
182.24575400087915
 30
0.0
  0
SPLINE
  5
45D
330
17
100
AcDbEntity
  8
ENGRAVE
100
AcDbSpline
 70
0
 71
2
 72
6
 73
3
 74
0
 40
0.0
 40
0.0
 40
0.0
 40
1.0
 40
1.0
 40
1.0
 10
272.5605317284399
 20
209.6122024325781
 30
0.0
 10
272.7525108951066
 20
209.7722024325781
 30
0.0
 10
272.9445421451066
 20
209.90022326591142
 30
0.0
  0
SPLINE
  5
45E
330
17
100
AcDbEntity
  8
ENGRAVE
100
AcDbSpline
 70
0
 71
2
 72
6
 73
3
 74
0
 40
0.0
 40
0.0
 40
0.0
 40
1.0
 40
1.0
 40
1.0
 10
272.65806367500204
 20
183.50174358421248
 30
0.0
 10
272.8820740916687
 20
183.5817435842125
 30
0.0
 10
273.058063675002
 20
183.69374879254582
 30
0.0
  0
SPLINE
  5
45F
330
17
100
AcDbEntity
  8
ENGRAVE
100
AcDbSpline
 70
0
 71
2
 72
6
 73
3
 74
0
 40
0.0
 40
0.0
 40
0.0
 40
1.0
 40
1.0
 40
1.0
 10
272.74454214510655
 20
216.03621284924475
 30
0.0
 10
272.92855256177324
 20
216.15621284924475
 30
0.0
 10
273.0725108951066
 20
216.15621284924475
 30
0.0
  0
SPLINE
  5
460
330
17
100
AcDbEntity
  8
ENGRAVE
100
AcDbSpline
 70
0
 71
2
 72
6
 73
3
 74
0
 40
0.0
 40
0.0
 40
0.0
 40
1.0
 40
1.0
 40
1.0
 10
271.8100428416687
 20
186.36575400087915
 30
0.0
 10
272.33806367500205
 20
187.16575400087913
 30
0.0
 10
273.12204805000204
 20
187.36575400087915
 30
0.0
  0
SPLINE
  5
461
330
17
100
AcDbEntity
  8
ENGRAVE
100
AcDbSpline
 70
0
 71
2
 72
6
 73
3
 74
0
 40
0.0
 40
0.0
 40
0.0
 40
1.0
 40
1.0
 40
1.0
 10
273.6805317284399
 20
214.63621284924477
 30
0.0
 10
273.42454214510656
 20
214.06022326591142
 30
0.0
 10
273.1765473534399
 20
213.3482180575781
 30
0.0
  0
SPLINE
  5
462
330
17
100
AcDbEntity
  8
ENGRAVE
100
AcDbSpline
 70
0
 71
2
 72
6
 73
3
 74
0
 40
0.0
 40
0.0
 40
0.0
 40
1.0
 40
1.0
 40
1.0
 10
273.8260584666687
 20
186.16575400087913
 30
0.0
 10
273.5540532583354
 20
186.14174358421246
 30
0.0
 10
273.2020740916687
 20
185.82174358421247
 30
0.0
  0
SPLINE
  5
463
330
17
100
AcDbEntity
  8
ENGRAVE
100
AcDbSpline
 70
0
 71
2
 72
6
 73
3
 74
0
 40
0.0
 40
0.0
 40
0.0
 40
1.0
 40
1.0
 40
1.0
 10
272.9445421451066
 20
209.90022326591142
 30
0.0
 10
273.1205317284399
 20
210.02824409924477
 30
0.0
 10
273.27253693677324
 20
210.14022326591143
 30
0.0
  0
SPLINE
  5
464
330
17
100
AcDbEntity
  8
ENGRAVE
100
AcDbSpline
 70
0
 71
2
 72
6
 73
3
 74
0
 40
0.0
 40
0.0
 40
0.0
 40
1.0
 40
1.0
 40
1.0
 10
273.27253693677324
 20
210.14022326591143
 30
0.0
 10
273.42454214510656
 20
210.2522024325781
 30
0.0
 10
273.42454214510656
 20
210.2522024325781
 30
0.0
  0
SPLINE
  5
465
330
17
100
AcDbEntity
  8
ENGRAVE
100
AcDbSpline
 70
0
 71
2
 72
6
 73
3
 74
0
 40
0.0
 40
0.0
 40
0.0
 40
1.0
 40
1.0
 40
1.0
 10
273.058063675002
 20
183.69374879254582
 30
0.0
 10
273.2340532583354
 20
183.80575400087915
 30
0.0
 10
273.4740532583354
 20
183.98174358421247
 30
0.0
  0
SPLINE
  5
466
330
17
100
AcDbEntity
  8
ENGRAVE
100
AcDbSpline
 70
0
 71
2
 72
6
 73
3
 74
0
 40
0.0
 40
0.0
 40
0.0
 40
1.0
 40
1.0
 40
1.0
 10
274.2405317284399
 20
209.03621284924475
 30
0.0
 10
274.0005317284399
 20
209.03621284924475
 30
0.0
 10
273.4965213117732
 20
208.71621284924476
 30
0.0
  0
SPLINE
  5
467
330
17
100
AcDbEntity
  8
ENGRAVE
100
AcDbSpline
 70
0
 71
2
 72
6
 73
3
 74
0
 40
0.0
 40
0.0
 40
0.0
 40
1.0
 40
1.0
 40
1.0
 10
273.42454214510656
 20
210.2522024325781
 30
0.0
 10
273.45652131177326
 20
210.30022326591143
 30
0.0
 10
273.4965213117732
 20
210.3642336825781
 30
0.0
  0
SPLINE
  5
468
330
17
100
AcDbEntity
  8
ENGRAVE
100
AcDbSpline
 70
0
 71
2
 72
6
 73
3
 74
0
 40
0.0
 40
0.0
 40
0.0
 40
1.0
 40
1.0
 40
1.0
 10
273.0725108951066
 20
216.15621284924475
 30
0.0
 10
273.29652131177323
 20
216.14022326591143
 30
0.0
 10
273.5045161034399
 20
215.89222847424477
 30
0.0
  0
SPLINE
  5
469
330
17
100
AcDbEntity
  8
ENGRAVE
100
AcDbSpline
 70
0
 71
2
 72
6
 73
3
 74
0
 40
0.0
 40
0.0
 40
0.0
 40
1.0
 40
1.0
 40
1.0
 10
273.4965213117732
 20
210.3642336825781
 30
0.0
 10
273.53652131177324
 20
210.42824409924475
 30
0.0
 10
273.5845421451066
 20
210.4442336825781
 30
0.0
  0
SPLINE
  5
46A
330
17
100
AcDbEntity
  8
ENGRAVE
100
AcDbSpline
 70
0
 71
2
 72
6
 73
3
 74
0
 40
0.0
 40
0.0
 40
0.0
 40
1.0
 40
1.0
 40
1.0
 10
273.79251089510655
 20
215.30022326591143
 30
0.0
 10
273.8725108951066
 20
214.95621284924476
 30
0.0
 10
273.6805317284399
 20
214.63621284924477
 30
0.0
  0
SPLINE
  5
46B
330
17
100
AcDbEntity
  8
ENGRAVE
100
AcDbSpline
 70
0
 71
2
 72
6
 73
3
 74
0
 40
0.0
 40
0.0
 40
0.0
 40
1.0
 40
1.0
 40
1.0
 10
273.5845421451066
 20
210.4442336825781
 30
0.0
 10
273.6165213117732
 20
210.47621284924477
 30
0.0
 10
273.6965213117732
 20
210.53222847424476
 30
0.0
  0
SPLINE
  5
46C
330
17
100
AcDbEntity
  8
ENGRAVE
100
AcDbSpline
 70
0
 71
2
 72
6
 73
3
 74
0
 40
0.0
 40
0.0
 40
0.0
 40
1.0
 40
1.0
 40
1.0
 10
273.5045161034399
 20
215.89222847424477
 30
0.0
 10
273.71251089510656
 20
215.6442336825781
 30
0.0
 10
273.79251089510655
 20
215.30022326591143
 30
0.0
  0
SPLINE
  5
46D
330
17
100
AcDbEntity
  8
ENGRAVE
100
AcDbSpline
 70
0
 71
2
 72
6
 73
3
 74
0
 40
0.0
 40
0.0
 40
0.0
 40
1.0
 40
1.0
 40
1.0
 10
274.27405325833536
 20
186.04575400087916
 30
0.0
 10
274.09806367500204
 20
186.1897644175458
 30
0.0
 10
273.8260584666687
 20
186.16575400087913
 30
0.0
  0
SPLINE
  5
46E
330
17
100
AcDbEntity
  8
ENGRAVE
100
AcDbSpline
 70
0
 71
2
 72
6
 73
3
 74
0
 40
0.0
 40
0.0
 40
0.0
 40
1.0
 40
1.0
 40
1.0
 10
273.6965213117732
 20
210.53222847424476
 30
0.0
 10
273.77652131177325
 20
210.58824409924478
 30
0.0
 10
273.85652131177324
 20
210.6522024325781
 30
0.0
  0
SPLINE
  5
46F
330
17
100
AcDbEntity
  8
ENGRAVE
100
AcDbSpline
 70
0
 71
2
 72
6
 73
3
 74
0
 40
0.0
 40
0.0
 40
0.0
 40
1.0
 40
1.0
 40
1.0
 10
273.4740532583354
 20
183.98174358421247
 30
0.0
 10
273.95405325833536
 20
184.3497644175458
 30
0.0
 10
274.1700428416687
 20
184.62176962587915
 30
0.0
  0
SPLINE
  5
470
330
17
100
AcDbEntity
  8
ENGRAVE
100
AcDbSpline
 70
0
 71
2
 72
6
 73
3
 74
0
 40
0.0
 40
0.0
 40
0.0
 40
1.0
 40
1.0
 40
1.0
 10
274.4005317284399
 20
208.72420764091143
 30
0.0
 10
274.41652131177324
 20
209.03621284924475
 30
0.0
 10
274.2405317284399
 20
209.03621284924475
 30
0.0
  0
SPLINE
  5
471
330
17
100
AcDbEntity
  8
ENGRAVE
100
AcDbSpline
 70
0
 71
2
 72
6
 73
3
 74
0
 40
0.0
 40
0.0
 40
0.0
 40
1.0
 40
1.0
 40
1.0
 10
274.51405325833537
 20
185.29377483421248
 30
0.0
 10
274.6420740916687
 20
185.72575400087914
 30
0.0
 10
274.27405325833536
 20
186.04575400087916
 30
0.0
  0
SPLINE
  5
472
330
17
100
AcDbEntity
  8
ENGRAVE
100
AcDbSpline
 70
0
 71
2
 72
6
 73
3
 74
0
 40
0.0
 40
0.0
 40
0.0
 40
1.0
 40
1.0
 40
1.0
 10
274.4085265201066
 20
206.92420764091142
 30
0.0
 10
274.30454214510655
 20
207.2122024325781
 30
0.0
 10
274.3205317284399
 20
207.70824409924475
 30
0.0
  0
SPLINE
  5
473
330
17
100
AcDbEntity
  8
ENGRAVE
100
AcDbSpline
 70
0
 71
2
 72
6
 73
3
 74
0
 40
0.0
 40
0.0
 40
0.0
 40
1.0
 40
1.0
 40
1.0
 10
274.3205317284399
 20
207.70824409924475
 30
0.0
 10
274.3845421451066
 20
208.41220243257808
 30
0.0
 10
274.4005317284399
 20
208.72420764091143
 30
0.0
  0
SPLINE
  5
474
330
17
100
AcDbEntity
  8
ENGRAVE
100
AcDbSpline
 70
0
 71
2
 72
6
 73
3
 74
0
 40
0.0
 40
0.0
 40
0.0
 40
1.0
 40
1.0
 40
1.0
 10
274.8165213117732
 20
206.42824409924475
 30
0.0
 10
274.5125108951066
 20
206.63621284924477
 30
0.0
 10
274.4085265201066
 20
206.92420764091142
 30
0.0
  0
SPLINE
  5
475
330
17
100
AcDbEntity
  8
ENGRAVE
100
AcDbSpline
 70
0
 71
2
 72
6
 73
3
 74
0
 40
0.0
 40
0.0
 40
0.0
 40
1.0
 40
1.0
 40
1.0
 10
274.4900428416687
 20
182.4857800425458
 30
0.0
 10
274.466032425002
 20
182.71778525087913
 30
0.0
 10
274.45004284166873
 20
183.0217435842125
 30
0.0
  0
SPLINE
  5
476
330
17
100
AcDbEntity
  8
ENGRAVE
100
AcDbSpline
 70
0
 71
2
 72
6
 73
3
 74
0
 40
0.0
 40
0.0
 40
0.0
 40
1.0
 40
1.0
 40
1.0
 10
274.6100428416687
 20
181.99778525087913
 30
0.0
 10
274.51405325833537
 20
182.25377483421246
 30
0.0
 10
274.4900428416687
 20
182.4857800425458
 30
0.0
  0
SPLINE
  5
477
330
17
100
AcDbEntity
  8
ENGRAVE
100
AcDbSpline
 70
0
 71
2
 72
6
 73
3
 74
0
 40
0.0
 40
0.0
 40
0.0
 40
1.0
 40
1.0
 40
1.0
 10
274.1700428416687
 20
184.62176962587915
 30
0.0
 10
274.38603242500204
 20
184.89377483421248
 30
0.0
 10
274.51405325833537
 20
185.29377483421248
 30
0.0
  0
SPLINE
  5
478
330
17
100
AcDbEntity
  8
ENGRAVE
100
AcDbSpline
 70
0
 71
2
 72
6
 73
3
 74
0
 40
0.0
 40
0.0
 40
0.0
 40
1.0
 40
1.0
 40
1.0
 10
273.12204805000204
 20
187.36575400087915
 30
0.0
 10
273.906032425002
 20
187.56575400087914
 30
0.0
 10
274.51405325833537
 20
187.22976441754582
 30
0.0
  0
SPLINE
  5
479
330
17
100
AcDbEntity
  8
ENGRAVE
100
AcDbSpline
 70
0
 71
2
 72
6
 73
3
 74
0
 40
0.0
 40
0.0
 40
0.0
 40
1.0
 40
1.0
 40
1.0
 10
274.89004284166873
 20
181.66976441754582
 30
0.0
 10
274.6900428416687
 20
181.82174358421247
 30
0.0
 10
274.6100428416687
 20
181.99778525087913
 30
0.0
  0
SPLINE
  5
47A
330
17
100
AcDbEntity
  8
ENGRAVE
100
AcDbSpline
 70
0
 71
2
 72
6
 73
3
 74
0
 40
0.0
 40
0.0
 40
0.0
 40
1.0
 40
1.0
 40
1.0
 10
275.43253693677326
 20
206.31621284924475
 30
0.0
 10
275.1365213117732
 20
206.2522024325781
 30
0.0
 10
274.8165213117732
 20
206.42824409924475
 30
0.0
  0
SPLINE
  5
47B
330
17
100
AcDbEntity
  8
ENGRAVE
100
AcDbSpline
 70
0
 71
2
 72
6
 73
3
 74
0
 40
0.0
 40
0.0
 40
0.0
 40
1.0
 40
1.0
 40
1.0
 10
273.85652131177324
 20
210.6522024325781
 30
0.0
 10
274.30454214510655
 20
210.94022326591144
 30
0.0
 10
274.83251089510657
 20
210.94022326591144
 30
0.0
  0
SPLINE
  5
47C
330
17
100
AcDbEntity
  8
ENGRAVE
100
AcDbSpline
 70
0
 71
2
 72
6
 73
3
 74
0
 40
0.0
 40
0.0
 40
0.0
 40
1.0
 40
1.0
 40
1.0
 10
275.298063675002
 20
181.56575400087914
 30
0.0
 10
275.0900428416687
 20
181.51778525087914
 30
0.0
 10
274.89004284166873
 20
181.66976441754582
 30
0.0
  0
SPLINE
  5
47D
330
17
100
AcDbEntity
  8
ENGRAVE
100
AcDbSpline
 70
0
 71
2
 72
6
 73
3
 74
0
 40
0.0
 40
0.0
 40
0.0
 40
1.0
 40
1.0
 40
1.0
 10
274.51405325833537
 20
187.22976441754582
 30
0.0
 10
274.8020740916687
 20
187.08575400087915
 30
0.0
 10
274.93006888333537
 20
187.11775920921247
 30
0.0
  0
SPLINE
  5
47E
330
17
100
AcDbEntity
  8
ENGRAVE
100
AcDbSpline
 70
0
 71
2
 72
6
 73
3
 74
0
 40
0.0
 40
0.0
 40
0.0
 40
1.0
 40
1.0
 40
1.0
 10
274.93006888333537
 20
187.11775920921247
 30
0.0
 10
275.058063675002
 20
187.1497644175458
 30
0.0
 10
275.0900428416687
 20
187.32575400087913
 30
0.0
  0
SPLINE
  5
47F
330
17
100
AcDbEntity
  8
ENGRAVE
100
AcDbSpline
 70
0
 71
2
 72
6
 73
3
 74
0
 40
0.0
 40
0.0
 40
0.0
 40
1.0
 40
1.0
 40
1.0
 10
274.83251089510657
 20
210.94022326591144
 30
0.0
 10
275.0245421451066
 20
210.94022326591144
 30
0.0
 10
275.2325369367732
 20
210.7882180575781
 30
0.0
  0
SPLINE
  5
480
330
17
100
AcDbEntity
  8
ENGRAVE
100
AcDbSpline
 70
0
 71
2
 72
6
 73
3
 74
0
 40
0.0
 40
0.0
 40
0.0
 40
1.0
 40
1.0
 40
1.0
 10
275.0900428416687
 20
187.32575400087913
 30
0.0
 10
275.15405325833535
 20
187.5817435842125
 30
0.0
 10
275.2340532583354
 20
187.80575400087915
 30
0.0
  0
SPLINE
  5
481
330
17
100
AcDbEntity
  8
ENGRAVE
100
AcDbSpline
 70
0
 71
2
 72
6
 73
3
 74
0
 40
0.0
 40
0.0
 40
0.0
 40
1.0
 40
1.0
 40
1.0
 10
275.6500428416687
 20
181.63775920921248
 30
0.0
 10
275.4740532583354
 20
181.5817435842125
 30
0.0
 10
275.298063675002
 20
181.56575400087914
 30
0.0
  0
SPLINE
  5
482
330
17
100
AcDbEntity
  8
ENGRAVE
100
AcDbSpline
 70
0
 71
2
 72
6
 73
3
 74
0
 40
0.0
 40
0.0
 40
0.0
 40
1.0
 40
1.0
 40
1.0
 10
276.1125108951066
 20
206.63621284924477
 30
0.0
 10
275.72855256177326
 20
206.38022326591144
 30
0.0
 10
275.43253693677326
 20
206.31621284924475
 30
0.0
  0
SPLINE
  5
483
330
17
100
AcDbEntity
  8
ENGRAVE
100
AcDbSpline
 70
0
 71
2
 72
6
 73
3
 74
0
 40
0.0
 40
0.0
 40
0.0
 40
1.0
 40
1.0
 40
1.0
 10
275.2340532583354
 20
187.80575400087915
 30
0.0
 10
275.3140532583354
 20
188.0297644175458
 30
0.0
 10
275.45806367500205
 20
188.47778525087915
 30
0.0
  0
SPLINE
  5
484
330
17
100
AcDbEntity
  8
ENGRAVE
100
AcDbSpline
 70
0
 71
2
 72
6
 73
3
 74
0
 40
0.0
 40
0.0
 40
0.0
 40
1.0
 40
1.0
 40
1.0
 10
275.2325369367732
 20
210.7882180575781
 30
0.0
 10
275.4405317284399
 20
210.63621284924477
 30
0.0
 10
275.6165213117732
 20
210.3642336825781
 30
0.0
  0
SPLINE
  5
485
330
17
100
AcDbEntity
  8
ENGRAVE
100
AcDbSpline
 70
0
 71
2
 72
6
 73
3
 74
0
 40
0.0
 40
0.0
 40
0.0
 40
1.0
 40
1.0
 40
1.0
 10
275.75253693677325
 20
208.65222847424477
 30
0.0
 10
275.6805317284399
 20
208.30022326591143
 30
0.0
 10
275.6485525617732
 20
208.1242336825781
 30
0.0
  0
SPLINE
  5
486
330
17
100
AcDbEntity
  8
ENGRAVE
100
AcDbSpline
 70
0
 71
2
 72
6
 73
3
 74
0
 40
0.0
 40
0.0
 40
0.0
 40
1.0
 40
1.0
 40
1.0
 10
275.92204805000205
 20
181.8537748342125
 30
0.0
 10
275.82603242500204
 20
181.69377483421246
 30
0.0
 10
275.6500428416687
 20
181.63775920921248
 30
0.0
  0
SPLINE
  5
487
330
17
100
AcDbEntity
  8
ENGRAVE
100
AcDbSpline
 70
0
 71
2
 72
6
 73
3
 74
0
 40
0.0
 40
0.0
 40
0.0
 40
1.0
 40
1.0
 40
1.0
 10
275.8245421451066
 20
209.13220243257808
 30
0.0
 10
275.8245421451066
 20
209.0042336825781
 30
0.0
 10
275.75253693677325
 20
208.65222847424477
 30
0.0
  0
SPLINE
  5
488
330
17
100
AcDbEntity
  8
ENGRAVE
100
AcDbSpline
 70
0
 71
2
 72
6
 73
3
 74
0
 40
0.0
 40
0.0
 40
0.0
 40
1.0
 40
1.0
 40
1.0
 10
275.6165213117732
 20
210.3642336825781
 30
0.0
 10
275.8885525617732
 20
209.98022326591143
 30
0.0
 10
275.8245421451066
 20
209.13220243257808
 30
0.0
  0
SPLINE
  5
489
330
17
100
AcDbEntity
  8
ENGRAVE
100
AcDbSpline
 70
0
 71
2
 72
6
 73
3
 74
0
 40
0.0
 40
0.0
 40
0.0
 40
1.0
 40
1.0
 40
1.0
 10
275.882048050002
 20
183.9097644175458
 30
0.0
 10
275.85806367500203
 20
183.34174358421248
 30
0.0
 10
275.8740532583354
 20
182.90174358421248
 30
0.0
  0
SPLINE
  5
48A
330
17
100
AcDbEntity
  8
ENGRAVE
100
AcDbSpline
 70
0
 71
2
 72
6
 73
3
 74
0
 40
0.0
 40
0.0
 40
0.0
 40
1.0
 40
1.0
 40
1.0
 10
275.96204805000207
 20
185.02176962587913
 30
0.0
 10
275.906032425002
 20
184.47778525087915
 30
0.0
 10
275.882048050002
 20
183.9097644175458
 30
0.0
  0
SPLINE
  5
48B
330
17
100
AcDbEntity
  8
ENGRAVE
100
AcDbSpline
 70
0
 71
2
 72
6
 73
3
 74
0
 40
0.0
 40
0.0
 40
0.0
 40
1.0
 40
1.0
 40
1.0
 10
275.9220740916687
 20
182.33377483421248
 30
0.0
 10
276.01806367500205
 20
182.01377483421248
 30
0.0
 10
275.92204805000205
 20
181.8537748342125
 30
0.0
  0
SPLINE
  5
48C
330
17
100
AcDbEntity
  8
ENGRAVE
100
AcDbSpline
 70
0
 71
2
 72
6
 73
3
 74
0
 40
0.0
 40
0.0
 40
0.0
 40
1.0
 40
1.0
 40
1.0
 10
275.8740532583354
 20
182.90174358421248
 30
0.0
 10
275.89004284166873
 20
182.46174358421248
 30
0.0
 10
275.9220740916687
 20
182.33377483421248
 30
0.0
  0
SPLINE
  5
48D
330
17
100
AcDbEntity
  8
ENGRAVE
100
AcDbSpline
 70
0
 71
2
 72
6
 73
3
 74
0
 40
0.0
 40
0.0
 40
0.0
 40
1.0
 40
1.0
 40
1.0
 10
276.1140532583354
 20
185.91778525087915
 30
0.0
 10
276.01806367500205
 20
185.56575400087914
 30
0.0
 10
275.96204805000207
 20
185.02176962587913
 30
0.0
  0
SPLINE
  5
48E
330
17
100
AcDbEntity
  8
ENGRAVE
100
AcDbSpline
 70
0
 71
2
 72
6
 73
3
 74
0
 40
0.0
 40
0.0
 40
0.0
 40
1.0
 40
1.0
 40
1.0
 10
275.6325108951066
 20
207.58022326591143
 30
0.0
 10
275.80855256177324
 20
207.6442336825781
 30
0.0
 10
275.9765473534399
 20
207.59623889091142
 30
0.0
  0
SPLINE
  5
48F
330
17
100
AcDbEntity
  8
ENGRAVE
100
AcDbSpline
 70
0
 71
2
 72
6
 73
3
 74
0
 40
0.0
 40
0.0
 40
0.0
 40
1.0
 40
1.0
 40
1.0
 10
276.4005317284399
 20
206.9722024325781
 30
0.0
 10
276.27251089510656
 20
206.7322024325781
 30
0.0
 10
276.1125108951066
 20
206.63621284924477
 30
0.0
  0
SPLINE
  5
490
330
17
100
AcDbEntity
  8
ENGRAVE
100
AcDbSpline
 70
0
 71
2
 72
6
 73
3
 74
0
 40
0.0
 40
0.0
 40
0.0
 40
1.0
 40
1.0
 40
1.0
 10
276.51405325833537
 20
187.21377483421247
 30
0.0
 10
276.27405325833536
 20
186.47778525087915
 30
0.0
 10
276.1140532583354
 20
185.91778525087915
 30
0.0
  0
SPLINE
  5
491
330
17
100
AcDbEntity
  8
ENGRAVE
100
AcDbSpline
 70
0
 71
2
 72
6
 73
3
 74
0
 40
0.0
 40
0.0
 40
0.0
 40
1.0
 40
1.0
 40
1.0
 10
275.9765473534399
 20
207.59623889091142
 30
0.0
 10
276.1445421451066
 20
207.54824409924476
 30
0.0
 10
276.1445421451066
 20
207.54824409924476
 30
0.0
  0
SPLINE
  5
492
330
17
100
AcDbEntity
  8
ENGRAVE
100
AcDbSpline
 70
0
 71
2
 72
6
 73
3
 74
0
 40
0.0
 40
0.0
 40
0.0
 40
1.0
 40
1.0
 40
1.0
 10
275.45806367500205
 20
188.47778525087915
 30
0.0
 10
275.85806367500203
 20
189.6937748342125
 30
0.0
 10
276.15405325833535
 20
190.38176962587914
 30
0.0
  0
SPLINE
  5
493
330
17
100
AcDbEntity
  8
ENGRAVE
100
AcDbSpline
 70
0
 71
2
 72
6
 73
3
 74
0
 40
0.0
 40
0.0
 40
0.0
 40
1.0
 40
1.0
 40
1.0
 10
276.1445421451066
 20
207.54824409924476
 30
0.0
 10
276.22454214510657
 20
207.50022326591142
 30
0.0
 10
276.2965473534399
 20
207.43621284924475
 30
0.0
  0
SPLINE
  5
494
330
17
100
AcDbEntity
  8
ENGRAVE
100
AcDbSpline
 70
0
 71
2
 72
6
 73
3
 74
0
 40
0.0
 40
0.0
 40
0.0
 40
1.0
 40
1.0
 40
1.0
 10
276.4325108951066
 20
207.34022326591142
 30
0.0
 10
276.5285525617732
 20
207.2122024325781
 30
0.0
 10
276.4005317284399
 20
206.9722024325781
 30
0.0
  0
SPLINE
  5
495
330
17
100
AcDbEntity
  8
ENGRAVE
100
AcDbSpline
 70
0
 71
2
 72
6
 73
3
 74
0
 40
0.0
 40
0.0
 40
0.0
 40
1.0
 40
1.0
 40
1.0
 10
276.2965473534399
 20
207.43621284924475
 30
0.0
 10
276.36855256177324
 20
207.3722024325781
 30
0.0
 10
276.4325108951066
 20
207.34022326591142
 30
0.0
  0
SPLINE
  5
496
330
17
100
AcDbEntity
  8
ENGRAVE
100
AcDbSpline
 70
0
 71
2
 72
6
 73
3
 74
0
 40
0.0
 40
0.0
 40
0.0
 40
1.0
 40
1.0
 40
1.0
 10
277.0340532583354
 20
188.70176962587914
 30
0.0
 10
276.7540532583354
 20
187.94976441754582
 30
0.0
 10
276.51405325833537
 20
187.21377483421247
 30
0.0
  0
SPLINE
  5
497
330
17
100
AcDbEntity
  8
ENGRAVE
100
AcDbSpline
 70
0
 71
2
 72
6
 73
3
 74
0
 40
0.0
 40
0.0
 40
0.0
 40
1.0
 40
1.0
 40
1.0
 10
276.15405325833535
 20
190.38176962587914
 30
0.0
 10
276.45004284166873
 20
191.0697644175458
 30
0.0
 10
276.6900428416687
 20
191.5817435842125
 30
0.0
  0
SPLINE
  5
498
330
17
100
AcDbEntity
  8
ENGRAVE
100
AcDbSpline
 70
0
 71
2
 72
6
 73
3
 74
0
 40
0.0
 40
0.0
 40
0.0
 40
1.0
 40
1.0
 40
1.0
 10
277.5940532583354
 20
190.08578004254582
 30
0.0
 10
277.3140532583354
 20
189.45377483421248
 30
0.0
 10
277.0340532583354
 20
188.70176962587914
 30
0.0
  0
SPLINE
  5
499
330
17
100
AcDbEntity
  8
ENGRAVE
100
AcDbSpline
 70
0
 71
2
 72
6
 73
3
 74
0
 40
0.0
 40
0.0
 40
0.0
 40
1.0
 40
1.0
 40
1.0
 10
276.6900428416687
 20
191.5817435842125
 30
0.0
 10
276.86603242500206
 20
191.94976441754582
 30
0.0
 10
277.04204805000205
 20
192.09377483421247
 30
0.0
  0
SPLINE
  5
49A
330
17
100
AcDbEntity
  8
ENGRAVE
100
AcDbSpline
 70
0
 71
2
 72
6
 73
3
 74
0
 40
0.0
 40
0.0
 40
0.0
 40
1.0
 40
1.0
 40
1.0
 10
277.04204805000205
 20
192.09377483421247
 30
0.0
 10
277.21806367500204
 20
192.23778525087914
 30
0.0
 10
277.346032425002
 20
192.22174358421248
 30
0.0
  0
SPLINE
  5
49B
330
17
100
AcDbEntity
  8
ENGRAVE
100
AcDbSpline
 70
0
 71
2
 72
6
 73
3
 74
0
 40
0.0
 40
0.0
 40
0.0
 40
1.0
 40
1.0
 40
1.0
 10
277.50454214510654
 20
206.9482180575781
 30
0.0
 10
277.36053172843987
 20
207.40423368257808
 30
0.0
 10
277.45657339510655
 20
208.18824409924477
 30
0.0
  0
SPLINE
  5
49C
330
17
100
AcDbEntity
  8
ENGRAVE
100
AcDbSpline
 70
0
 71
2
 72
6
 73
3
 74
0
 40
0.0
 40
0.0
 40
0.0
 40
1.0
 40
1.0
 40
1.0
 10
277.80855256177324
 20
206.2842336825781
 30
0.0
 10
277.6485525617732
 20
206.4922024325781
 30
0.0
 10
277.50454214510654
 20
206.9482180575781
 30
0.0
  0
SPLINE
  5
49D
330
17
100
AcDbEntity
  8
ENGRAVE
100
AcDbSpline
 70
0
 71
2
 72
6
 73
3
 74
0
 40
0.0
 40
0.0
 40
0.0
 40
1.0
 40
1.0
 40
1.0
 10
278.0820740916687
 20
191.10174358421247
 30
0.0
 10
277.8740532583354
 20
190.71778525087913
 30
0.0
 10
277.5940532583354
 20
190.08578004254582
 30
0.0
  0
SPLINE
  5
49E
330
17
100
AcDbEntity
  8
ENGRAVE
100
AcDbSpline
 70
0
 71
2
 72
6
 73
3
 74
0
 40
0.0
 40
0.0
 40
0.0
 40
1.0
 40
1.0
 40
1.0
 10
277.346032425002
 20
192.22174358421248
 30
0.0
 10
277.5220740916687
 20
192.22174358421248
 30
0.0
 10
277.7860584666687
 20
192.0937487925458
 30
0.0
  0
SPLINE
  5
49F
330
17
100
AcDbEntity
  8
ENGRAVE
100
AcDbSpline
 70
0
 71
2
 72
6
 73
3
 74
0
 40
0.0
 40
0.0
 40
0.0
 40
1.0
 40
1.0
 40
1.0
 10
278.5605577701066
 20
205.73222847424475
 30
0.0
 10
278.09657339510653
 20
205.91621284924477
 30
0.0
 10
277.80855256177324
 20
206.2842336825781
 30
0.0
  0
SPLINE
  5
4A0
330
17
100
AcDbEntity
  8
ENGRAVE
100
AcDbSpline
 70
0
 71
2
 72
6
 73
3
 74
0
 40
0.0
 40
0.0
 40
0.0
 40
1.0
 40
1.0
 40
1.0
 10
277.45657339510655
 20
208.18824409924477
 30
0.0
 10
277.5525629784399
 20
208.9242336825781
 30
0.0
 10
277.9125629784399
 20
209.67623889091143
 30
0.0
  0
SPLINE
  5
4A1
330
17
100
AcDbEntity
  8
ENGRAVE
100
AcDbSpline
 70
0
 71
2
 72
6
 73
3
 74
0
 40
0.0
 40
0.0
 40
0.0
 40
1.0
 40
1.0
 40
1.0
 10
278.1300428416687
 20
191.7417435842125
 30
0.0
 10
278.25806367500206
 20
191.42174358421246
 30
0.0
 10
278.0820740916687
 20
191.10174358421247
 30
0.0
  0
SPLINE
  5
4A2
330
17
100
AcDbEntity
  8
ENGRAVE
100
AcDbSpline
 70
0
 71
2
 72
6
 73
3
 74
0
 40
0.0
 40
0.0
 40
0.0
 40
1.0
 40
1.0
 40
1.0
 10
277.7860584666687
 20
192.0937487925458
 30
0.0
 10
278.0500428416687
 20
191.96575400087914
 30
0.0
 10
278.1300428416687
 20
191.7417435842125
 30
0.0
  0
SPLINE
  5
4A3
330
17
100
AcDbEntity
  8
ENGRAVE
100
AcDbSpline
 70
0
 71
2
 72
6
 73
3
 74
0
 40
0.0
 40
0.0
 40
0.0
 40
1.0
 40
1.0
 40
1.0
 10
279.5605577701066
 20
205.58824409924478
 30
0.0
 10
279.0245421451066
 20
205.54824409924476
 30
0.0
 10
278.5605577701066
 20
205.73222847424475
 30
0.0
  0
SPLINE
  5
4A4
330
17
100
AcDbEntity
  8
ENGRAVE
100
AcDbSpline
 70
0
 71
2
 72
6
 73
3
 74
0
 40
0.0
 40
0.0
 40
0.0
 40
1.0
 40
1.0
 40
1.0
 10
278.8405317284399
 20
208.3642336825781
 30
0.0
 10
278.7205317284399
 20
208.2042336825781
 30
0.0
 10
278.7365733951066
 20
207.74022326591142
 30
0.0
  0
SPLINE
  5
4A5
330
17
100
AcDbEntity
  8
ENGRAVE
100
AcDbSpline
 70
0
 71
2
 72
6
 73
3
 74
0
 40
0.0
 40
0.0
 40
0.0
 40
1.0
 40
1.0
 40
1.0
 10
277.9125629784399
 20
209.67623889091143
 30
0.0
 10
278.2725629784399
 20
210.42824409924475
 30
0.0
 10
278.80055777010654
 20
211.0042336825781
 30
0.0
  0
SPLINE
  5
4A6
330
17
100
AcDbEntity
  8
ENGRAVE
100
AcDbSpline
 70
0
 71
2
 72
6
 73
3
 74
0
 40
0.0
 40
0.0
 40
0.0
 40
1.0
 40
1.0
 40
1.0
 10
279.3445421451066
 20
208.4442336825781
 30
0.0
 10
278.9605317284399
 20
208.52423368257809
 30
0.0
 10
278.8405317284399
 20
208.3642336825781
 30
0.0
  0
SPLINE
  5
4A7
330
17
100
AcDbEntity
  8
ENGRAVE
100
AcDbSpline
 70
0
 71
2
 72
6
 73
3
 74
0
 40
0.0
 40
0.0
 40
0.0
 40
1.0
 40
1.0
 40
1.0
 10
278.7365733951066
 20
207.74022326591142
 30
0.0
 10
278.7685525617732
 20
207.4522024325781
 30
0.0
 10
278.8725629784399
 20
207.23621284924477
 30
0.0
  0
SPLINE
  5
4A8
330
17
100
AcDbEntity
  8
ENGRAVE
100
AcDbSpline
 70
0
 71
2
 72
6
 73
3
 74
0
 40
0.0
 40
0.0
 40
0.0
 40
1.0
 40
1.0
 40
1.0
 10
278.8725629784399
 20
207.23621284924477
 30
0.0
 10
278.9765733951066
 20
207.02022326591143
 30
0.0
 10
279.26454214510653
 20
206.94022326591144
 30
0.0
  0
SPLINE
  5
4A9
330
17
100
AcDbEntity
  8
ENGRAVE
100
AcDbSpline
 70
0
 71
2
 72
6
 73
3
 74
0
 40
0.0
 40
0.0
 40
0.0
 40
1.0
 40
1.0
 40
1.0
 10
279.56855256177323
 20
209.98821805757808
 30
0.0
 10
279.36053172843987
 20
209.74022326591142
 30
0.0
 10
279.2965733951066
 20
209.6122024325781
 30
0.0
  0
SPLINE
  5
4AA
330
17
100
AcDbEntity
  8
ENGRAVE
100
AcDbSpline
 70
0
 71
2
 72
6
 73
3
 74
0
 40
0.0
 40
0.0
 40
0.0
 40
1.0
 40
1.0
 40
1.0
 10
280.3525369367732
 20
208.3482180575781
 30
0.0
 10
279.98454214510656
 20
208.31621284924475
 30
0.0
 10
279.3445421451066
 20
208.4442336825781
 30
0.0
  0
SPLINE
  5
4AB
330
17
100
AcDbEntity
  8
ENGRAVE
100
AcDbSpline
 70
0
 71
2
 72
6
 73
3
 74
0
 40
0.0
 40
0.0
 40
0.0
 40
1.0
 40
1.0
 40
1.0
 10
280.57657339510655
 20
205.90022326591142
 30
0.0
 10
280.09657339510653
 20
205.62824409924477
 30
0.0
 10
279.5605577701066
 20
205.58824409924478
 30
0.0
  0
SPLINE
  5
4AC
330
17
100
AcDbEntity
  8
ENGRAVE
100
AcDbSpline
 70
0
 71
2
 72
6
 73
3
 74
0
 40
0.0
 40
0.0
 40
0.0
 40
1.0
 40
1.0
 40
1.0
 10
280.02456818677325
 20
210.46022326591142
 30
0.0
 10
279.77657339510654
 20
210.23621284924477
 30
0.0
 10
279.56855256177323
 20
209.98821805757808
 30
0.0
  0
SPLINE
  5
4AD
330
17
100
AcDbEntity
  8
ENGRAVE
100
AcDbSpline
 70
0
 71
2
 72
6
 73
3
 74
0
 40
0.0
 40
0.0
 40
0.0
 40
1.0
 40
1.0
 40
1.0
 10
279.2965733951066
 20
209.6122024325781
 30
0.0
 10
279.37657339510656
 20
209.50022326591142
 30
0.0
 10
279.75256297843987
 20
209.45222847424475
 30
0.0
  0
SPLINE
  5
4AE
330
17
100
AcDbEntity
  8
ENGRAVE
100
AcDbSpline
 70
0
 71
2
 72
6
 73
3
 74
0
 40
0.0
 40
0.0
 40
0.0
 40
1.0
 40
1.0
 40
1.0
 10
279.26454214510653
 20
206.94022326591144
 30
0.0
 10
279.63256297843986
 20
206.87621284924475
 30
0.0
 10
279.7925629784399
 20
206.93222847424477
 30
0.0
  0
SPLINE
  5
4AF
330
17
100
AcDbEntity
  8
ENGRAVE
100
AcDbSpline
 70
0
 71
2
 72
6
 73
3
 74
0
 40
0.0
 40
0.0
 40
0.0
 40
1.0
 40
1.0
 40
1.0
 10
278.80055777010654
 20
211.0042336825781
 30
0.0
 10
279.3285525617732
 20
211.58022326591143
 30
0.0
 10
279.9525629784399
 20
211.78824409924476
 30
0.0
  0
SPLINE
  5
4B0
330
17
100
AcDbEntity
  8
ENGRAVE
100
AcDbSpline
 70
0
 71
2
 72
6
 73
3
 74
0
 40
0.0
 40
0.0
 40
0.0
 40
1.0
 40
1.0
 40
1.0
 10
280.4325629784399
 20
210.7322024325781
 30
0.0
 10
280.2725629784399
 20
210.68423368257808
 30
0.0
 10
280.02456818677325
 20
210.46022326591142
 30
0.0
  0
SPLINE
  5
4B1
330
17
100
AcDbEntity
  8
ENGRAVE
100
AcDbSpline
 70
0
 71
2
 72
6
 73
3
 74
0
 40
0.0
 40
0.0
 40
0.0
 40
1.0
 40
1.0
 40
1.0
 10
279.7925629784399
 20
206.93222847424477
 30
0.0
 10
279.9525629784399
 20
206.98824409924475
 30
0.0
 10
280.19256297843987
 20
207.10022326591144
 30
0.0
  0
SPLINE
  5
4B2
330
17
100
AcDbEntity
  8
ENGRAVE
100
AcDbSpline
 70
0
 71
2
 72
6
 73
3
 74
0
 40
0.0
 40
0.0
 40
0.0
 40
1.0
 40
1.0
 40
1.0
 10
280.9925629784399
 20
208.4922024325781
 30
0.0
 10
280.7205317284399
 20
208.38022326591144
 30
0.0
 10
280.3525369367732
 20
208.3482180575781
 30
0.0
  0
SPLINE
  5
4B3
330
17
100
AcDbEntity
  8
ENGRAVE
100
AcDbSpline
 70
0
 71
2
 72
6
 73
3
 74
0
 40
0.0
 40
0.0
 40
0.0
 40
1.0
 40
1.0
 40
1.0
 10
279.75256297843987
 20
209.45222847424475
 30
0.0
 10
280.12855256177323
 20
209.40423368257808
 30
0.0
 10
280.36855256177324
 20
209.46824409924477
 30
0.0
  0
SPLINE
  5
4B4
330
17
100
AcDbEntity
  8
ENGRAVE
100
AcDbSpline
 70
0
 71
2
 72
6
 73
3
 74
0
 40
0.0
 40
0.0
 40
0.0
 40
1.0
 40
1.0
 40
1.0
 10
279.9525629784399
 20
211.78824409924476
 30
0.0
 10
280.1765733951066
 20
211.86824409924475
 30
0.0
 10
280.4085525617732
 20
211.90824409924477
 30
0.0
  0
SPLINE
  5
4B5
330
17
100
AcDbEntity
  8
ENGRAVE
100
AcDbSpline
 70
0
 71
2
 72
6
 73
3
 74
0
 40
0.0
 40
0.0
 40
0.0
 40
1.0
 40
1.0
 40
1.0
 10
281.0325369367732
 20
210.68420764091144
 30
0.0
 10
280.80053172843986
 20
210.8122024325781
 30
0.0
 10
280.4325629784399
 20
210.7322024325781
 30
0.0
  0
SPLINE
  5
4B6
330
17
100
AcDbEntity
  8
ENGRAVE
100
AcDbSpline
 70
0
 71
2
 72
6
 73
3
 74
0
 40
0.0
 40
0.0
 40
0.0
 40
1.0
 40
1.0
 40
1.0
 10
280.19256297843987
 20
207.10022326591144
 30
0.0
 10
280.36855256177324
 20
207.2122024325781
 30
0.0
 10
280.5605577701066
 20
207.3722024325781
 30
0.0
  0
SPLINE
  5
4B7
330
17
100
AcDbEntity
  8
ENGRAVE
100
AcDbSpline
 70
0
 71
2
 72
6
 73
3
 74
0
 40
0.0
 40
0.0
 40
0.0
 40
1.0
 40
1.0
 40
1.0
 10
281.40055777010656
 20
206.57220243257808
 30
0.0
 10
281.05657339510657
 20
206.1722024325781
 30
0.0
 10
280.57657339510655
 20
205.90022326591142
 30
0.0
  0
SPLINE
  5
4B8
330
17
100
AcDbEntity
  8
ENGRAVE
100
AcDbSpline
 70
0
 71
2
 72
6
 73
3
 74
0
 40
0.0
 40
0.0
 40
0.0
 40
1.0
 40
1.0
 40
1.0
 10
280.36855256177324
 20
209.46824409924477
 30
0.0
 10
280.48053172843987
 20
209.51621284924477
 30
0.0
 10
280.6965473534399
 20
209.69222847424476
 30
0.0
  0
SPLINE
  5
4B9
330
17
100
AcDbEntity
  8
ENGRAVE
100
AcDbSpline
 70
0
 71
2
 72
6
 73
3
 74
0
 40
0.0
 40
0.0
 40
0.0
 40
1.0
 40
1.0
 40
1.0
 10
280.5605577701066
 20
207.3722024325781
 30
0.0
 10
280.75256297843987
 20
207.5322024325781
 30
0.0
 10
280.8805317284399
 20
207.6122024325781
 30
0.0
  0
SPLINE
  5
4BA
330
17
100
AcDbEntity
  8
ENGRAVE
100
AcDbSpline
 70
0
 71
2
 72
6
 73
3
 74
0
 40
0.0
 40
0.0
 40
0.0
 40
1.0
 40
1.0
 40
1.0
 10
282.04055777010655
 20
209.37222847424476
 30
0.0
 10
281.66454214510657
 20
208.78022326591142
 30
0.0
 10
280.9925629784399
 20
208.4922024325781
 30
0.0
  0
SPLINE
  5
4BB
330
17
100
AcDbEntity
  8
ENGRAVE
100
AcDbSpline
 70
0
 71
2
 72
6
 73
3
 74
0
 40
0.0
 40
0.0
 40
0.0
 40
1.0
 40
1.0
 40
1.0
 10
280.4085525617732
 20
211.90824409924477
 30
0.0
 10
280.6405317284399
 20
211.94824409924476
 30
0.0
 10
281.0245421451066
 20
211.91621284924477
 30
0.0
  0
SPLINE
  5
4BC
330
17
100
AcDbEntity
  8
ENGRAVE
100
AcDbSpline
 70
0
 71
2
 72
6
 73
3
 74
0
 40
0.0
 40
0.0
 40
0.0
 40
1.0
 40
1.0
 40
1.0
 10
281.26454214510653
 20
210.38022326591144
 30
0.0
 10
281.26454214510653
 20
210.55621284924476
 30
0.0
 10
281.0325369367732
 20
210.68420764091144
 30
0.0
  0
SPLINE
  5
4BD
330
17
100
AcDbEntity
  8
ENGRAVE
100
AcDbSpline
 70
0
 71
2
 72
6
 73
3
 74
0
 40
0.0
 40
0.0
 40
0.0
 40
1.0
 40
1.0
 40
1.0
 10
281.27402721666874
 20
182.24578004254582
 30
0.0
 10
281.0260324250021
 20
182.49377483421247
 30
0.0
 10
281.0740011750021
 20
182.68575400087914
 30
0.0
  0
SPLINE
  5
4BE
330
17
100
AcDbEntity
  8
ENGRAVE
100
AcDbSpline
 70
0
 71
2
 72
6
 73
3
 74
0
 40
0.0
 40
0.0
 40
0.0
 40
1.0
 40
1.0
 40
1.0
 10
280.6965473534399
 20
209.69222847424476
 30
0.0
 10
280.9125629784399
 20
209.86824409924475
 30
0.0
 10
281.0885525617732
 20
210.06824409924477
 30
0.0
  0
SPLINE
  5
4BF
330
17
100
AcDbEntity
  8
ENGRAVE
100
AcDbSpline
 70
0
 71
2
 72
6
 73
3
 74
0
 40
0.0
 40
0.0
 40
0.0
 40
1.0
 40
1.0
 40
1.0
 10
281.0740011750021
 20
182.68575400087914
 30
0.0
 10
281.10603242500207
 20
182.78174358421248
 30
0.0
 10
281.18603242500205
 20
182.86174358421246
 30
0.0
  0
SPLINE
  5
4C0
330
17
100
AcDbEntity
  8
ENGRAVE
100
AcDbSpline
 70
0
 71
2
 72
6
 73
3
 74
0
 40
0.0
 40
0.0
 40
0.0
 40
1.0
 40
1.0
 40
1.0
 10
280.8805317284399
 20
207.6122024325781
 30
0.0
 10
281.00855256177323
 20
207.70824409924475
 30
0.0
 10
281.2005317284399
 20
207.70824409924475
 30
0.0
  0
SPLINE
  5
4C1
330
17
100
AcDbEntity
  8
ENGRAVE
100
AcDbSpline
 70
0
 71
2
 72
6
 73
3
 74
0
 40
0.0
 40
0.0
 40
0.0
 40
1.0
 40
1.0
 40
1.0
 10
281.0885525617732
 20
210.06824409924477
 30
0.0
 10
281.26454214510653
 20
210.26824409924475
 30
0.0
 10
281.26454214510653
 20
210.38022326591144
 30
0.0
  0
SPLINE
  5
4C2
330
17
100
AcDbEntity
  8
ENGRAVE
100
AcDbSpline
 70
0
 71
2
 72
6
 73
3
 74
0
 40
0.0
 40
0.0
 40
0.0
 40
1.0
 40
1.0
 40
1.0
 10
282.06603242500205
 20
181.77377483421247
 30
0.0
 10
281.5220220083354
 20
181.99778525087913
 30
0.0
 10
281.27402721666874
 20
182.24578004254582
 30
0.0
  0
SPLINE
  5
4C3
330
17
100
AcDbEntity
  8
ENGRAVE
100
AcDbSpline
 70
0
 71
2
 72
6
 73
3
 74
0
 40
0.0
 40
0.0
 40
0.0
 40
1.0
 40
1.0
 40
1.0
 10
281.74454214510655
 20
207.18022326591142
 30
0.0
 10
281.74454214510655
 20
206.9722024325781
 30
0.0
 10
281.40055777010656
 20
206.57220243257808
 30
0.0
  0
SPLINE
  5
4C4
330
17
100
AcDbEntity
  8
ENGRAVE
100
AcDbSpline
 70
0
 71
2
 72
6
 73
3
 74
0
 40
0.0
 40
0.0
 40
0.0
 40
1.0
 40
1.0
 40
1.0
 10
281.53801159166875
 20
184.83775920921246
 30
0.0
 10
281.4420220083354
 20
185.1497644175458
 30
0.0
 10
281.4420220083354
 20
185.40575400087914
 30
0.0
  0
SPLINE
  5
4C5
330
17
100
AcDbEntity
  8
ENGRAVE
100
AcDbSpline
 70
0
 71
2
 72
6
 73
3
 74
0
 40
0.0
 40
0.0
 40
0.0
 40
1.0
 40
1.0
 40
1.0
 10
281.2005317284399
 20
207.70824409924475
 30
0.0
 10
281.37657339510656
 20
207.69220243257809
 30
0.0
 10
281.53657339510653
 20
207.51621284924477
 30
0.0
  0
SPLINE
  5
4C6
330
17
100
AcDbEntity
  8
ENGRAVE
100
AcDbSpline
 70
0
 71
2
 72
6
 73
3
 74
0
 40
0.0
 40
0.0
 40
0.0
 40
1.0
 40
1.0
 40
1.0
 10
281.74603242500206
 20
184.52575400087915
 30
0.0
 10
281.6340011750021
 20
184.52575400087915
 30
0.0
 10
281.53801159166875
 20
184.83775920921246
 30
0.0
  0
SPLINE
  5
4C7
330
17
100
AcDbEntity
  8
ENGRAVE
100
AcDbSpline
 70
0
 71
2
 72
6
 73
3
 74
0
 40
0.0
 40
0.0
 40
0.0
 40
1.0
 40
1.0
 40
1.0
 10
281.18603242500205
 20
182.86174358421246
 30
0.0
 10
281.26603242500204
 20
182.94174358421247
 30
0.0
 10
281.54603242500207
 20
182.9337487925458
 30
0.0
  0
SPLINE
  5
4C8
330
17
100
AcDbEntity
  8
ENGRAVE
100
AcDbSpline
 70
0
 71
2
 72
6
 73
3
 74
0
 40
0.0
 40
0.0
 40
0.0
 40
1.0
 40
1.0
 40
1.0
 10
281.0245421451066
 20
211.91621284924477
 30
0.0
 10
281.3925629784399
 20
211.86824409924475
 30
0.0
 10
281.68055777010653
 20
211.73222847424475
 30
0.0
  0
SPLINE
  5
4C9
330
17
100
AcDbEntity
  8
ENGRAVE
100
AcDbSpline
 70
0
 71
2
 72
6
 73
3
 74
0
 40
0.0
 40
0.0
 40
0.0
 40
1.0
 40
1.0
 40
1.0
 10
281.4420220083354
 20
185.40575400087914
 30
0.0
 10
281.4420220083354
 20
185.88575400087913
 30
0.0
 10
281.73801159166874
 20
186.3497644175458
 30
0.0
  0
SPLINE
  5
4CA
330
17
100
AcDbEntity
  8
ENGRAVE
100
AcDbSpline
 70
0
 71
2
 72
6
 73
3
 74
0
 40
0.0
 40
0.0
 40
0.0
 40
1.0
 40
1.0
 40
1.0
 10
281.53657339510653
 20
207.51621284924477
 30
0.0
 10
281.69657339510655
 20
207.34022326591142
 30
0.0
 10
281.74454214510655
 20
207.18022326591142
 30
0.0
  0
SPLINE
  5
4CB
330
17
100
AcDbEntity
  8
ENGRAVE
100
AcDbSpline
 70
0
 71
2
 72
6
 73
3
 74
0
 40
0.0
 40
0.0
 40
0.0
 40
1.0
 40
1.0
 40
1.0
 10
281.97001680000204
 20
184.10976441754582
 30
0.0
 10
281.6820220083354
 20
184.33377483421248
 30
0.0
 10
281.74603242500206
 20
184.44575400087913
 30
0.0
  0
SPLINE
  5
4CC
330
17
100
AcDbEntity
  8
ENGRAVE
100
AcDbSpline
 70
0
 71
2
 72
6
 73
3
 74
0
 40
0.0
 40
0.0
 40
0.0
 40
1.0
 40
1.0
 40
1.0
 10
282.6099907583354
 20
183.59778525087916
 30
0.0
 10
282.2580115916687
 20
183.88575400087913
 30
0.0
 10
281.97001680000204
 20
184.10976441754582
 30
0.0
  0
SPLINE
  5
4CD
330
17
100
AcDbEntity
  8
ENGRAVE
100
AcDbSpline
 70
0
 71
2
 72
6
 73
3
 74
0
 40
0.0
 40
0.0
 40
0.0
 40
1.0
 40
1.0
 40
1.0
 10
282.49657339510657
 20
210.47621284924477
 30
0.0
 10
282.4165733951066
 20
209.96423368257808
 30
0.0
 10
282.04055777010655
 20
209.37222847424476
 30
0.0
  0
SPLINE
  5
4CE
330
17
100
AcDbEntity
  8
ENGRAVE
100
AcDbSpline
 70
0
 71
2
 72
6
 73
3
 74
0
 40
0.0
 40
0.0
 40
0.0
 40
1.0
 40
1.0
 40
1.0
 10
282.8099907583354
 20
181.63775920921248
 30
0.0
 10
282.3699907583354
 20
181.64575400087915
 30
0.0
 10
282.06603242500205
 20
181.77377483421247
 30
0.0
  0
SPLINE
  5
4CF
330
17
100
AcDbEntity
  8
ENGRAVE
100
AcDbSpline
 70
0
 71
2
 72
6
 73
3
 74
0
 40
0.0
 40
0.0
 40
0.0
 40
1.0
 40
1.0
 40
1.0
 10
281.68055777010653
 20
211.73222847424475
 30
0.0
 10
281.9685525617732
 20
211.59621284924475
 30
0.0
 10
282.09657339510653
 20
211.43621284924475
 30
0.0
  0
SPLINE
  5
4D0
330
17
100
AcDbEntity
  8
ENGRAVE
100
AcDbSpline
 70
0
 71
2
 72
6
 73
3
 74
0
 40
0.0
 40
0.0
 40
0.0
 40
1.0
 40
1.0
 40
1.0
 10
281.73801159166874
 20
186.3497644175458
 30
0.0
 10
282.03400117500206
 20
186.81377483421247
 30
0.0
 10
282.3699907583354
 20
187.16575400087913
 30
0.0
  0
SPLINE
  5
4D1
330
17
100
AcDbEntity
  8
ENGRAVE
100
AcDbSpline
 70
0
 71
2
 72
6
 73
3
 74
0
 40
0.0
 40
0.0
 40
0.0
 40
1.0
 40
1.0
 40
1.0
 10
281.54603242500207
 20
182.9337487925458
 30
0.0
 10
281.82603242500204
 20
182.92575400087915
 30
0.0
 10
282.41801159166874
 20
182.78174358421248
 30
0.0
  0
SPLINE
  5
4D2
330
17
100
AcDbEntity
  8
ENGRAVE
100
AcDbSpline
 70
0
 71
2
 72
6
 73
3
 74
0
 40
0.0
 40
0.0
 40
0.0
 40
1.0
 40
1.0
 40
1.0
 10
282.09657339510653
 20
211.43621284924475
 30
0.0
 10
282.3525629784399
 20
211.18022326591142
 30
0.0
 10
282.4325629784399
 20
210.94022326591144
 30
0.0
  0
SPLINE
  5
4D3
330
17
100
AcDbEntity
  8
ENGRAVE
100
AcDbSpline
 70
0
 71
2
 72
6
 73
3
 74
0
 40
0.0
 40
0.0
 40
0.0
 40
1.0
 40
1.0
 40
1.0
 10
282.4325629784399
 20
210.94022326591144
 30
0.0
 10
282.5125629784399
 20
210.70022326591143
 30
0.0
 10
282.49657339510657
 20
210.47621284924477
 30
0.0
  0
SPLINE
  5
4D4
330
17
100
AcDbEntity
  8
ENGRAVE
100
AcDbSpline
 70
0
 71
2
 72
6
 73
3
 74
0
 40
0.0
 40
0.0
 40
0.0
 40
1.0
 40
1.0
 40
1.0
 10
282.85801159166874
 20
183.42174358421246
 30
0.0
 10
282.7540011750021
 20
183.50174358421248
 30
0.0
 10
282.6099907583354
 20
183.59778525087916
 30
0.0
  0
SPLINE
  5
4D5
330
17
100
AcDbEntity
  8
ENGRAVE
100
AcDbSpline
 70
0
 71
2
 72
6
 73
3
 74
0
 40
0.0
 40
0.0
 40
0.0
 40
1.0
 40
1.0
 40
1.0
 10
283.6499907583354
 20
181.70176962587914
 30
0.0
 10
283.2499907583354
 20
181.6297644175458
 30
0.0
 10
282.8099907583354
 20
181.63775920921248
 30
0.0
  0
SPLINE
  5
4D6
330
17
100
AcDbEntity
  8
ENGRAVE
100
AcDbSpline
 70
0
 71
2
 72
6
 73
3
 74
0
 40
0.0
 40
0.0
 40
0.0
 40
1.0
 40
1.0
 40
1.0
 10
282.8740011750021
 20
185.5097644175458
 30
0.0
 10
282.8180115916687
 20
185.38976441754582
 30
0.0
 10
282.8340011750021
 20
185.26174358421247
 30
0.0
  0
SPLINE
  5
4D7
330
17
100
AcDbEntity
  8
ENGRAVE
100
AcDbSpline
 70
0
 71
2
 72
6
 73
3
 74
0
 40
0.0
 40
0.0
 40
0.0
 40
1.0
 40
1.0
 40
1.0
 10
282.99400117500204
 20
183.26174358421247
 30
0.0
 10
282.9620220083354
 20
183.34174358421248
 30
0.0
 10
282.85801159166874
 20
183.42174358421246
 30
0.0
  0
SPLINE
  5
4D8
330
17
100
AcDbEntity
  8
ENGRAVE
100
AcDbSpline
 70
0
 71
2
 72
6
 73
3
 74
0
 40
0.0
 40
0.0
 40
0.0
 40
1.0
 40
1.0
 40
1.0
 10
282.94603242500204
 20
185.77377483421247
 30
0.0
 10
282.9299907583354
 20
185.6297644175458
 30
0.0
 10
282.8740011750021
 20
185.5097644175458
 30
0.0
  0
SPLINE
  5
4D9
330
17
100
AcDbEntity
  8
ENGRAVE
100
AcDbSpline
 70
0
 71
2
 72
6
 73
3
 74
0
 40
0.0
 40
0.0
 40
0.0
 40
1.0
 40
1.0
 40
1.0
 10
282.41801159166874
 20
182.78174358421248
 30
0.0
 10
282.6899907583354
 20
182.78174358421248
 30
0.0
 10
282.9380115916687
 20
182.81374879254582
 30
0.0
  0
SPLINE
  5
4DA
330
17
100
AcDbEntity
  8
ENGRAVE
100
AcDbSpline
 70
0
 71
2
 72
6
 73
3
 74
0
 40
0.0
 40
0.0
 40
0.0
 40
1.0
 40
1.0
 40
1.0
 10
283.2020220083354
 20
186.12575400087914
 30
0.0
 10
283.0420220083354
 20
185.90174358421248
 30
0.0
 10
282.94603242500204
 20
185.77377483421247
 30
0.0
  0
SPLINE
  5
4DB
330
17
100
AcDbEntity
  8
ENGRAVE
100
AcDbSpline
 70
0
 71
2
 72
6
 73
3
 74
0
 40
0.0
 40
0.0
 40
0.0
 40
1.0
 40
1.0
 40
1.0
 10
283.2820220083354
 20
183.1337748342125
 30
0.0
 10
283.15400117500207
 20
183.26174358421247
 30
0.0
 10
282.99400117500204
 20
183.26174358421247
 30
0.0
  0
SPLINE
  5
4DC
330
17
100
AcDbEntity
  8
ENGRAVE
100
AcDbSpline
 70
0
 71
2
 72
6
 73
3
 74
0
 40
0.0
 40
0.0
 40
0.0
 40
1.0
 40
1.0
 40
1.0
 10
282.8340011750021
 20
185.26174358421247
 30
0.0
 10
282.8499907583354
 20
185.10174358421247
 30
0.0
 10
282.99400117500204
 20
184.95775920921247
 30
0.0
  0
SPLINE
  5
4DD
330
17
100
AcDbEntity
  8
ENGRAVE
100
AcDbSpline
 70
0
 71
2
 72
6
 73
3
 74
0
 40
0.0
 40
0.0
 40
0.0
 40
1.0
 40
1.0
 40
1.0
 10
283.4900168000021
 20
186.50176962587915
 30
0.0
 10
283.3620220083354
 20
186.3497644175458
 30
0.0
 10
283.2020220083354
 20
186.12575400087914
 30
0.0
  0
SPLINE
  5
4DE
330
17
100
AcDbEntity
  8
ENGRAVE
100
AcDbSpline
 70
0
 71
2
 72
6
 73
3
 74
0
 40
0.0
 40
0.0
 40
0.0
 40
1.0
 40
1.0
 40
1.0
 10
283.39402721666875
 20
183.01377483421248
 30
0.0
 10
283.3620220083354
 20
183.0697644175458
 30
0.0
 10
283.2820220083354
 20
183.1337748342125
 30
0.0
  0
SPLINE
  5
4DF
330
17
100
AcDbEntity
  8
ENGRAVE
100
AcDbSpline
 70
0
 71
2
 72
6
 73
3
 74
0
 40
0.0
 40
0.0
 40
0.0
 40
1.0
 40
1.0
 40
1.0
 10
282.9380115916687
 20
182.81374879254582
 30
0.0
 10
283.18603242500205
 20
182.84575400087914
 30
0.0
 10
283.3460324250021
 20
182.92575400087915
 30
0.0
  0
SPLINE
  5
4E0
330
17
100
AcDbEntity
  8
ENGRAVE
100
AcDbSpline
 70
0
 71
2
 72
6
 73
3
 74
0
 40
0.0
 40
0.0
 40
0.0
 40
1.0
 40
1.0
 40
1.0
 10
282.3699907583354
 20
187.16575400087913
 30
0.0
 10
282.8180115916687
 20
187.59778525087916
 30
0.0
 10
283.3780115916687
 20
187.99778525087913
 30
0.0
  0
SPLINE
  5
4E1
330
17
100
AcDbEntity
  8
ENGRAVE
100
AcDbSpline
 70
0
 71
2
 72
6
 73
3
 74
0
 40
0.0
 40
0.0
 40
0.0
 40
1.0
 40
1.0
 40
1.0
 10
283.3460324250021
 20
182.92575400087915
 30
0.0
 10
283.42603242500206
 20
182.95778525087914
 30
0.0
 10
283.39402721666875
 20
183.01377483421248
 30
0.0
  0
SPLINE
  5
4E2
330
17
100
AcDbEntity
  8
ENGRAVE
100
AcDbSpline
 70
0
 71
2
 72
6
 73
3
 74
0
 40
0.0
 40
0.0
 40
0.0
 40
1.0
 40
1.0
 40
1.0
 10
282.99400117500204
 20
184.95775920921247
 30
0.0
 10
283.1380115916687
 20
184.81377483421247
 30
0.0
 10
283.4099907583354
 20
184.5897644175458
 30
0.0
  0
SPLINE
  5
4E3
330
17
100
AcDbEntity
  8
ENGRAVE
100
AcDbSpline
 70
0
 71
2
 72
6
 73
3
 74
0
 40
0.0
 40
0.0
 40
0.0
 40
1.0
 40
1.0
 40
1.0
 10
283.61801159166873
 20
186.5737748342125
 30
0.0
 10
283.61801159166873
 20
186.65377483421247
 30
0.0
 10
283.4900168000021
 20
186.50176962587915
 30
0.0
  0
SPLINE
  5
4E4
330
17
100
AcDbEntity
  8
ENGRAVE
100
AcDbSpline
 70
0
 71
2
 72
6
 73
3
 74
0
 40
0.0
 40
0.0
 40
0.0
 40
1.0
 40
1.0
 40
1.0
 10
283.7060063833354
 20
186.6057800425458
 30
0.0
 10
283.6820220083354
 20
186.5737748342125
 30
0.0
 10
283.61801159166873
 20
186.5737748342125
 30
0.0
  0
SPLINE
  5
4E5
330
17
100
AcDbEntity
  8
ENGRAVE
100
AcDbSpline
 70
0
 71
2
 72
6
 73
3
 74
0
 40
0.0
 40
0.0
 40
0.0
 40
1.0
 40
1.0
 40
1.0
 10
284.2099907583354
 20
181.8537748342125
 30
0.0
 10
284.0499907583354
 20
181.77377483421247
 30
0.0
 10
283.6499907583354
 20
181.70176962587914
 30
0.0
  0
SPLINE
  5
4E6
330
17
100
AcDbEntity
  8
ENGRAVE
100
AcDbSpline
 70
0
 71
2
 72
6
 73
3
 74
0
 40
0.0
 40
0.0
 40
0.0
 40
1.0
 40
1.0
 40
1.0
 10
283.79400117500205
 20
186.7497644175458
 30
0.0
 10
283.7299907583354
 20
186.63778525087915
 30
0.0
 10
283.7060063833354
 20
186.6057800425458
 30
0.0
  0
SPLINE
  5
4E7
330
17
100
AcDbEntity
  8
ENGRAVE
100
AcDbSpline
 70
0
 71
2
 72
6
 73
3
 74
0
 40
0.0
 40
0.0
 40
0.0
 40
1.0
 40
1.0
 40
1.0
 10
284.24199596666875
 20
187.07775920921247
 30
0.0
 10
283.9540011750021
 20
186.89377483421248
 30
0.0
 10
283.79400117500205
 20
186.7497644175458
 30
0.0
  0
SPLINE
  5
4E8
330
17
100
AcDbEntity
  8
ENGRAVE
100
AcDbSpline
 70
0
 71
2
 72
6
 73
3
 74
0
 40
0.0
 40
0.0
 40
0.0
 40
1.0
 40
1.0
 40
1.0
 10
284.8500168000021
 20
182.40575400087914
 30
0.0
 10
284.6420220083354
 20
182.04575400087916
 30
0.0
 10
284.2099907583354
 20
181.8537748342125
 30
0.0
  0
SPLINE
  5
4E9
330
17
100
AcDbEntity
  8
ENGRAVE
100
AcDbSpline
 70
0
 71
2
 72
6
 73
3
 74
0
 40
0.0
 40
0.0
 40
0.0
 40
1.0
 40
1.0
 40
1.0
 10
284.79400117500205
 20
187.38976441754582
 30
0.0
 10
284.5299907583354
 20
187.26174358421247
 30
0.0
 10
284.24199596666875
 20
187.07775920921247
 30
0.0
  0
SPLINE
  5
4EA
330
17
100
AcDbEntity
  8
ENGRAVE
100
AcDbSpline
 70
0
 71
2
 72
6
 73
3
 74
0
 40
0.0
 40
0.0
 40
0.0
 40
1.0
 40
1.0
 40
1.0
 10
283.4099907583354
 20
184.5897644175458
 30
0.0
 10
283.9699907583354
 20
184.17377483421248
 30
0.0
 10
284.2499907583354
 20
183.93377483421247
 30
0.0
  0
SPLINE
  5
4EB
330
17
100
AcDbEntity
  8
ENGRAVE
100
AcDbSpline
 70
0
 71
2
 72
6
 73
3
 74
0
 40
0.0
 40
0.0
 40
0.0
 40
1.0
 40
1.0
 40
1.0
 10
284.2499907583354
 20
183.93377483421247
 30
0.0
 10
284.5299907583354
 20
183.6937748342125
 30
0.0
 10
284.64199596666873
 20
183.54976441754582
 30
0.0
  0
SPLINE
  5
4EC
330
17
100
AcDbEntity
  8
ENGRAVE
100
AcDbSpline
 70
0
 71
2
 72
6
 73
3
 74
0
 40
0.0
 40
0.0
 40
0.0
 40
1.0
 40
1.0
 40
1.0
 10
283.3780115916687
 20
187.99778525087913
 30
0.0
 10
283.9380115916687
 20
188.39778525087914
 30
0.0
 10
284.67400117500205
 20
188.5897644175458
 30
0.0
  0
SPLINE
  5
4ED
330
17
100
AcDbEntity
  8
ENGRAVE
100
AcDbSpline
 70
0
 71
2
 72
6
 73
3
 74
0
 40
0.0
 40
0.0
 40
0.0
 40
1.0
 40
1.0
 40
1.0
 10
284.7299907583354
 20
186.1497644175458
 30
0.0
 10
284.6899907583354
 20
186.22174358421248
 30
0.0
 10
284.6899907583354
 20
186.28575400087914
 30
0.0
  0
SPLINE
  5
4EE
330
17
100
AcDbEntity
  8
ENGRAVE
100
AcDbSpline
 70
0
 71
2
 72
6
 73
3
 74
0
 40
0.0
 40
0.0
 40
0.0
 40
1.0
 40
1.0
 40
1.0
 10
284.7699907583354
 20
186.07778525087915
 30
0.0
 10
284.7699907583354
 20
186.07778525087915
 30
0.0
 10
284.7299907583354
 20
186.1497644175458
 30
0.0
  0
SPLINE
  5
4EF
330
17
100
AcDbEntity
  8
ENGRAVE
100
AcDbSpline
 70
0
 71
2
 72
6
 73
3
 74
0
 40
0.0
 40
0.0
 40
0.0
 40
1.0
 40
1.0
 40
1.0
 10
284.6899907583354
 20
186.28575400087914
 30
0.0
 10
284.6899907583354
 20
186.3497644175458
 30
0.0
 10
284.73801159166874
 20
186.40575400087914
 30
0.0
  0
SPLINE
  5
4F0
330
17
100
AcDbEntity
  8
ENGRAVE
100
AcDbSpline
 70
0
 71
2
 72
6
 73
3
 74
0
 40
0.0
 40
0.0
 40
0.0
 40
1.0
 40
1.0
 40
1.0
 10
284.91400117500206
 20
185.91775920921248
 30
0.0
 10
284.8340011750021
 20
185.98174358421247
 30
0.0
 10
284.7699907583354
 20
186.07778525087915
 30
0.0
  0
SPLINE
  5
4F1
330
17
100
AcDbEntity
  8
ENGRAVE
100
AcDbSpline
 70
0
 71
2
 72
6
 73
3
 74
0
 40
0.0
 40
0.0
 40
0.0
 40
1.0
 40
1.0
 40
1.0
 10
284.64199596666873
 20
183.54976441754582
 30
0.0
 10
284.7540011750021
 20
183.40575400087914
 30
0.0
 10
284.7860324250021
 20
183.26174358421247
 30
0.0
  0
SPLINE
  5
4F2
330
17
100
AcDbEntity
  8
ENGRAVE
100
AcDbSpline
 70
0
 71
2
 72
6
 73
3
 74
0
 40
0.0
 40
0.0
 40
0.0
 40
1.0
 40
1.0
 40
1.0
 10
284.73801159166874
 20
186.40575400087914
 30
0.0
 10
284.7860324250021
 20
186.46174358421248
 30
0.0
 10
284.7860324250021
 20
186.46174358421248
 30
0.0
  0
SPLINE
  5
4F3
330
17
100
AcDbEntity
  8
ENGRAVE
100
AcDbSpline
 70
0
 71
2
 72
6
 73
3
 74
0
 40
0.0
 40
0.0
 40
0.0
 40
1.0
 40
1.0
 40
1.0
 10
285.1380115916687
 20
187.51778525087914
 30
0.0
 10
285.05801159166873
 20
187.51778525087914
 30
0.0
 10
284.79400117500205
 20
187.38976441754582
 30
0.0
  0
SPLINE
  5
4F4
330
17
100
AcDbEntity
  8
ENGRAVE
100
AcDbSpline
 70
0
 71
2
 72
6
 73
3
 74
0
 40
0.0
 40
0.0
 40
0.0
 40
1.0
 40
1.0
 40
1.0
 10
284.7860324250021
 20
183.26174358421247
 30
0.0
 10
285.05801159166873
 20
182.76575400087916
 30
0.0
 10
284.8500168000021
 20
182.40575400087914
 30
0.0
  0
SPLINE
  5
4F5
330
17
100
AcDbEntity
  8
ENGRAVE
100
AcDbSpline
 70
0
 71
2
 72
6
 73
3
 74
0
 40
0.0
 40
0.0
 40
0.0
 40
1.0
 40
1.0
 40
1.0
 10
285.0899907583354
 20
185.7897644175458
 30
0.0
 10
284.99400117500204
 20
185.8537748342125
 30
0.0
 10
284.91400117500206
 20
185.91775920921248
 30
0.0
  0
SPLINE
  5
4F6
330
17
100
AcDbEntity
  8
ENGRAVE
100
AcDbSpline
 70
0
 71
2
 72
6
 73
3
 74
0
 40
0.0
 40
0.0
 40
0.0
 40
1.0
 40
1.0
 40
1.0
 10
285.5060063833354
 20
185.80578004254582
 30
0.0
 10
285.23400117500205
 20
185.67778525087914
 30
0.0
 10
285.0899907583354
 20
185.7897644175458
 30
0.0
  0
SPLINE
  5
4F7
330
17
100
AcDbEntity
  8
ENGRAVE
100
AcDbSpline
 70
0
 71
2
 72
6
 73
3
 74
0
 40
0.0
 40
0.0
 40
0.0
 40
1.0
 40
1.0
 40
1.0
 10
285.3460324250021
 20
187.37377483421247
 30
0.0
 10
285.3460324250021
 20
187.51778525087914
 30
0.0
 10
285.1380115916687
 20
187.51778525087914
 30
0.0
  0
SPLINE
  5
4F8
330
17
100
AcDbEntity
  8
ENGRAVE
100
AcDbSpline
 70
0
 71
2
 72
6
 73
3
 74
0
 40
0.0
 40
0.0
 40
0.0
 40
1.0
 40
1.0
 40
1.0
 10
284.67400117500205
 20
188.5897644175458
 30
0.0
 10
284.8980115916687
 20
188.63778525087915
 30
0.0
 10
285.1860063833354
 20
188.63778525087915
 30
0.0
  0
SPLINE
  5
4F9
330
17
100
AcDbEntity
  8
ENGRAVE
100
AcDbSpline
 70
0
 71
2
 72
6
 73
3
 74
0
 40
0.0
 40
0.0
 40
0.0
 40
1.0
 40
1.0
 40
1.0
 10
284.7860324250021
 20
186.46174358421248
 30
0.0
 10
285.10603242500207
 20
186.76575400087916
 30
0.0
 10
285.2260324250021
 20
187.0137487925458
 30
0.0
  0
SPLINE
  5
4FA
330
17
100
AcDbEntity
  8
ENGRAVE
100
AcDbSpline
 70
0
 71
2
 72
6
 73
3
 74
0
 40
0.0
 40
0.0
 40
0.0
 40
1.0
 40
1.0
 40
1.0
 10
285.2260324250021
 20
187.0137487925458
 30
0.0
 10
285.3460324250021
 20
187.26174358421247
 30
0.0
 10
285.3460324250021
 20
187.37377483421247
 30
0.0
  0
SPLINE
  5
4FB
330
17
100
AcDbEntity
  8
ENGRAVE
100
AcDbSpline
 70
0
 71
2
 72
6
 73
3
 74
0
 40
0.0
 40
0.0
 40
0.0
 40
1.0
 40
1.0
 40
1.0
 10
286.0820220083354
 20
186.14174358421246
 30
0.0
 10
285.77801159166876
 20
185.93377483421247
 30
0.0
 10
285.5060063833354
 20
185.80578004254582
 30
0.0
  0
SPLINE
  5
4FC
330
17
100
AcDbEntity
  8
ENGRAVE
100
AcDbSpline
 70
0
 71
2
 72
6
 73
3
 74
0
 40
0.0
 40
0.0
 40
0.0
 40
1.0
 40
1.0
 40
1.0
 10
285.1860063833354
 20
188.63778525087915
 30
0.0
 10
285.47400117500206
 20
188.63778525087915
 30
0.0
 10
285.6020220083354
 20
188.55778525087914
 30
0.0
  0
SPLINE
  5
4FD
330
17
100
AcDbEntity
  8
ENGRAVE
100
AcDbSpline
 70
0
 71
2
 72
6
 73
3
 74
0
 40
0.0
 40
0.0
 40
0.0
 40
1.0
 40
1.0
 40
1.0
 10
285.6020220083354
 20
188.55778525087914
 30
0.0
 10
285.7299907583354
 20
188.63778525087915
 30
0.0
 10
285.92199596666876
 20
188.51778525087914
 30
0.0
  0
SPLINE
  5
4FE
330
17
100
AcDbEntity
  8
ENGRAVE
100
AcDbSpline
 70
0
 71
2
 72
6
 73
3
 74
0
 40
0.0
 40
0.0
 40
0.0
 40
1.0
 40
1.0
 40
1.0
 10
286.3220220083354
 20
186.5097644175458
 30
0.0
 10
286.3220220083354
 20
186.3497644175458
 30
0.0
 10
286.0820220083354
 20
186.14174358421246
 30
0.0
  0
SPLINE
  5
4FF
330
17
100
AcDbEntity
  8
ENGRAVE
100
AcDbSpline
 70
0
 71
2
 72
6
 73
3
 74
0
 40
0.0
 40
0.0
 40
0.0
 40
1.0
 40
1.0
 40
1.0
 10
285.92199596666876
 20
188.51778525087914
 30
0.0
 10
286.11400117500204
 20
188.39778525087914
 30
0.0
 10
286.3060063833354
 20
188.1897644175458
 30
0.0
  0
SPLINE
  5
500
330
17
100
AcDbEntity
  8
ENGRAVE
100
AcDbSpline
 70
0
 71
2
 72
6
 73
3
 74
0
 40
0.0
 40
0.0
 40
0.0
 40
1.0
 40
1.0
 40
1.0
 10
286.3620220083354
 20
186.59775920921248
 30
0.0
 10
286.3220220083354
 20
186.5897644175458
 30
0.0
 10
286.3220220083354
 20
186.5097644175458
 30
0.0
  0
SPLINE
  5
501
330
17
100
AcDbEntity
  8
ENGRAVE
100
AcDbSpline
 70
0
 71
2
 72
6
 73
3
 74
0
 40
0.0
 40
0.0
 40
0.0
 40
1.0
 40
1.0
 40
1.0
 10
286.4020220083354
 20
186.60575400087913
 30
0.0
 10
286.4020220083354
 20
186.60575400087913
 30
0.0
 10
286.3620220083354
 20
186.59775920921248
 30
0.0
  0
SPLINE
  5
502
330
17
100
AcDbEntity
  8
ENGRAVE
100
AcDbSpline
 70
0
 71
2
 72
6
 73
3
 74
0
 40
0.0
 40
0.0
 40
0.0
 40
1.0
 40
1.0
 40
1.0
 10
286.5460063833354
 20
186.81374879254582
 30
0.0
 10
286.5140011750021
 20
186.60575400087913
 30
0.0
 10
286.4020220083354
 20
186.60575400087913
 30
0.0
  0
SPLINE
  5
503
330
17
100
AcDbEntity
  8
ENGRAVE
100
AcDbSpline
 70
0
 71
2
 72
6
 73
3
 74
0
 40
0.0
 40
0.0
 40
0.0
 40
1.0
 40
1.0
 40
1.0
 10
286.5860063833354
 20
187.3017435842125
 30
0.0
 10
286.5780115916687
 20
187.0217435842125
 30
0.0
 10
286.5460063833354
 20
186.81374879254582
 30
0.0
  0
SPLINE
  5
504
330
17
100
AcDbEntity
  8
ENGRAVE
100
AcDbSpline
 70
0
 71
2
 72
6
 73
3
 74
0
 40
0.0
 40
0.0
 40
0.0
 40
1.0
 40
1.0
 40
1.0
 10
286.7605577701066
 20
205.95623889091144
 30
0.0
 10
286.5125629784399
 20
206.2042336825781
 30
0.0
 10
286.5605317284399
 20
206.39621284924476
 30
0.0
  0
SPLINE
  5
505
330
17
100
AcDbEntity
  8
ENGRAVE
100
AcDbSpline
 70
0
 71
2
 72
6
 73
3
 74
0
 40
0.0
 40
0.0
 40
0.0
 40
1.0
 40
1.0
 40
1.0
 10
286.59400117500206
 20
187.77377483421247
 30
0.0
 10
286.59400117500206
 20
187.5817435842125
 30
0.0
 10
286.5860063833354
 20
187.3017435842125
 30
0.0
  0
SPLINE
  5
506
330
17
100
AcDbEntity
  8
ENGRAVE
100
AcDbSpline
 70
0
 71
2
 72
6
 73
3
 74
0
 40
0.0
 40
0.0
 40
0.0
 40
1.0
 40
1.0
 40
1.0
 10
286.3060063833354
 20
188.1897644175458
 30
0.0
 10
286.4980115916687
 20
187.98174358421247
 30
0.0
 10
286.59400117500206
 20
187.77377483421247
 30
0.0
  0
SPLINE
  5
507
330
17
100
AcDbEntity
  8
ENGRAVE
100
AcDbSpline
 70
0
 71
2
 72
6
 73
3
 74
0
 40
0.0
 40
0.0
 40
0.0
 40
1.0
 40
1.0
 40
1.0
 10
286.5605317284399
 20
206.39621284924476
 30
0.0
 10
286.5925629784399
 20
206.4922024325781
 30
0.0
 10
286.6725629784399
 20
206.57220243257808
 30
0.0
  0
SPLINE
  5
508
330
17
100
AcDbEntity
  8
ENGRAVE
100
AcDbSpline
 70
0
 71
2
 72
6
 73
3
 74
0
 40
0.0
 40
0.0
 40
0.0
 40
1.0
 40
1.0
 40
1.0
 10
286.68999075833534
 20
182.92575400087915
 30
0.0
 10
286.594001175002
 20
183.10174358421247
 30
0.0
 10
286.67400117500205
 20
183.5737487925458
 30
0.0
  0
SPLINE
  5
509
330
17
100
AcDbEntity
  8
ENGRAVE
100
AcDbSpline
 70
0
 71
2
 72
6
 73
3
 74
0
 40
0.0
 40
0.0
 40
0.0
 40
1.0
 40
1.0
 40
1.0
 10
287.0019959666687
 20
182.49377483421247
 30
0.0
 10
286.7699907583354
 20
182.66976441754582
 30
0.0
 10
286.68999075833534
 20
182.92575400087915
 30
0.0
  0
SPLINE
  5
50A
330
17
100
AcDbEntity
  8
ENGRAVE
100
AcDbSpline
 70
0
 71
2
 72
6
 73
3
 74
0
 40
0.0
 40
0.0
 40
0.0
 40
1.0
 40
1.0
 40
1.0
 10
287.5525629784399
 20
205.4842336825781
 30
0.0
 10
287.00855256177323
 20
205.70824409924475
 30
0.0
 10
286.7605577701066
 20
205.95623889091144
 30
0.0
  0
SPLINE
  5
50B
330
17
100
AcDbEntity
  8
ENGRAVE
100
AcDbSpline
 70
0
 71
2
 72
6
 73
3
 74
0
 40
0.0
 40
0.0
 40
0.0
 40
1.0
 40
1.0
 40
1.0
 10
287.0245421451066
 20
208.54821805757808
 30
0.0
 10
286.92855256177324
 20
208.86022326591143
 30
0.0
 10
286.92855256177324
 20
209.11621284924476
 30
0.0
  0
SPLINE
  5
50C
330
17
100
AcDbEntity
  8
ENGRAVE
100
AcDbSpline
 70
0
 71
2
 72
6
 73
3
 74
0
 40
0.0
 40
0.0
 40
0.0
 40
1.0
 40
1.0
 40
1.0
 10
286.67400117500205
 20
183.5737487925458
 30
0.0
 10
286.75400117500203
 20
184.04575400087916
 30
0.0
 10
286.9780115916687
 20
185.08575400087915
 30
0.0
  0
SPLINE
  5
50D
330
17
100
AcDbEntity
  8
ENGRAVE
100
AcDbSpline
 70
0
 71
2
 72
6
 73
3
 74
0
 40
0.0
 40
0.0
 40
0.0
 40
1.0
 40
1.0
 40
1.0
 10
287.52202200833534
 20
182.3017435842125
 30
0.0
 10
287.23400117500205
 20
182.31778525087915
 30
0.0
 10
287.0019959666687
 20
182.49377483421247
 30
0.0
  0
SPLINE
  5
50E
330
17
100
AcDbEntity
  8
ENGRAVE
100
AcDbSpline
 70
0
 71
2
 72
6
 73
3
 74
0
 40
0.0
 40
0.0
 40
0.0
 40
1.0
 40
1.0
 40
1.0
 10
287.2325629784399
 20
208.23621284924477
 30
0.0
 10
287.1205317284399
 20
208.23621284924477
 30
0.0
 10
287.0245421451066
 20
208.54821805757808
 30
0.0
  0
SPLINE
  5
50F
330
17
100
AcDbEntity
  8
ENGRAVE
100
AcDbSpline
 70
0
 71
2
 72
6
 73
3
 74
0
 40
0.0
 40
0.0
 40
0.0
 40
1.0
 40
1.0
 40
1.0
 10
286.6725629784399
 20
206.57220243257808
 30
0.0
 10
286.75256297843987
 20
206.6522024325781
 30
0.0
 10
287.0325629784399
 20
206.64420764091142
 30
0.0
  0
SPLINE
  5
510
330
17
100
AcDbEntity
  8
ENGRAVE
100
AcDbSpline
 70
0
 71
2
 72
6
 73
3
 74
0
 40
0.0
 40
0.0
 40
0.0
 40
1.0
 40
1.0
 40
1.0
 10
286.9780115916687
 20
185.08575400087915
 30
0.0
 10
287.0580115916687
 20
185.40575400087914
 30
0.0
 10
287.130016800002
 20
185.62176962587915
 30
0.0
  0
SPLINE
  5
511
330
17
100
AcDbEntity
  8
ENGRAVE
100
AcDbSpline
 70
0
 71
2
 72
6
 73
3
 74
0
 40
0.0
 40
0.0
 40
0.0
 40
1.0
 40
1.0
 40
1.0
 10
286.92855256177324
 20
209.11621284924476
 30
0.0
 10
286.92855256177324
 20
209.59621284924475
 30
0.0
 10
287.22454214510657
 20
210.06022326591142
 30
0.0
  0
SPLINE
  5
512
330
17
100
AcDbEntity
  8
ENGRAVE
100
AcDbSpline
 70
0
 71
2
 72
6
 73
3
 74
0
 40
0.0
 40
0.0
 40
0.0
 40
1.0
 40
1.0
 40
1.0
 10
287.4565473534399
 20
207.82022326591144
 30
0.0
 10
287.16855256177325
 20
208.0442336825781
 30
0.0
 10
287.2325629784399
 20
208.15621284924475
 30
0.0
  0
SPLINE
  5
513
330
17
100
AcDbEntity
  8
ENGRAVE
100
AcDbSpline
 70
0
 71
2
 72
6
 73
3
 74
0
 40
0.0
 40
0.0
 40
0.0
 40
1.0
 40
1.0
 40
1.0
 10
287.130016800002
 20
185.62176962587915
 30
0.0
 10
287.20202200833535
 20
185.83778525087914
 30
0.0
 10
287.3140272166687
 20
186.10176962587914
 30
0.0
  0
SPLINE
  5
514
330
17
100
AcDbEntity
  8
ENGRAVE
100
AcDbSpline
 70
0
 71
2
 72
6
 73
3
 74
0
 40
0.0
 40
0.0
 40
0.0
 40
1.0
 40
1.0
 40
1.0
 10
288.09652131177324
 20
207.30824409924477
 30
0.0
 10
287.74454214510655
 20
207.59621284924475
 30
0.0
 10
287.4565473534399
 20
207.82022326591144
 30
0.0
  0
SPLINE
  5
515
330
17
100
AcDbEntity
  8
ENGRAVE
100
AcDbSpline
 70
0
 71
2
 72
6
 73
3
 74
0
 40
0.0
 40
0.0
 40
0.0
 40
1.0
 40
1.0
 40
1.0
 10
287.7780115916687
 20
182.55775920921246
 30
0.0
 10
287.5699907583354
 20
182.3017435842125
 30
0.0
 10
287.52202200833534
 20
182.3017435842125
 30
0.0
  0
SPLINE
  5
516
330
17
100
AcDbEntity
  8
ENGRAVE
100
AcDbSpline
 70
0
 71
2
 72
6
 73
3
 74
0
 40
0.0
 40
0.0
 40
0.0
 40
1.0
 40
1.0
 40
1.0
 10
288.29652131177323
 20
205.3482180575781
 30
0.0
 10
287.85652131177324
 20
205.35621284924477
 30
0.0
 10
287.5525629784399
 20
205.4842336825781
 30
0.0
  0
SPLINE
  5
517
330
17
100
AcDbEntity
  8
ENGRAVE
100
AcDbSpline
 70
0
 71
2
 72
6
 73
3
 74
0
 40
0.0
 40
0.0
 40
0.0
 40
1.0
 40
1.0
 40
1.0
 10
287.3140272166687
 20
186.10176962587914
 30
0.0
 10
287.426032425002
 20
186.36575400087915
 30
0.0
 10
287.6020220083354
 20
186.79778525087914
 30
0.0
  0
SPLINE
  5
518
330
17
100
AcDbEntity
  8
ENGRAVE
100
AcDbSpline
 70
0
 71
2
 72
6
 73
3
 74
0
 40
0.0
 40
0.0
 40
0.0
 40
1.0
 40
1.0
 40
1.0
 10
287.66600638333534
 20
187.22174358421248
 30
0.0
 10
287.6499907583354
 20
187.42174358421246
 30
0.0
 10
287.634001175002
 20
187.54976441754582
 30
0.0
  0
SPLINE
  5
519
330
17
100
AcDbEntity
  8
ENGRAVE
100
AcDbSpline
 70
0
 71
2
 72
6
 73
3
 74
0
 40
0.0
 40
0.0
 40
0.0
 40
1.0
 40
1.0
 40
1.0
 10
287.6020220083354
 20
186.79778525087914
 30
0.0
 10
287.68202200833537
 20
187.0217435842125
 30
0.0
 10
287.66600638333534
 20
187.22174358421248
 30
0.0
  0
SPLINE
  5
51A
330
17
100
AcDbEntity
  8
ENGRAVE
100
AcDbSpline
 70
0
 71
2
 72
6
 73
3
 74
0
 40
0.0
 40
0.0
 40
0.0
 40
1.0
 40
1.0
 40
1.0
 10
288.2580115916687
 20
183.1337748342125
 30
0.0
 10
287.986032425002
 20
182.81377483421247
 30
0.0
 10
287.7780115916687
 20
182.55775920921246
 30
0.0
  0
SPLINE
  5
51B
330
17
100
AcDbEntity
  8
ENGRAVE
100
AcDbSpline
 70
0
 71
2
 72
6
 73
3
 74
0
 40
0.0
 40
0.0
 40
0.0
 40
1.0
 40
1.0
 40
1.0
 10
287.634001175002
 20
187.54976441754582
 30
0.0
 10
287.634001175002
 20
187.7897644175458
 30
0.0
 10
287.78600638333535
 20
187.93377483421247
 30
0.0
  0
SPLINE
  5
51C
330
17
100
AcDbEntity
  8
ENGRAVE
100
AcDbSpline
 70
0
 71
2
 72
6
 73
3
 74
0
 40
0.0
 40
0.0
 40
0.0
 40
1.0
 40
1.0
 40
1.0
 10
287.22454214510657
 20
210.06022326591142
 30
0.0
 10
287.5205317284399
 20
210.52423368257809
 30
0.0
 10
287.85652131177324
 20
210.87621284924475
 30
0.0
  0
SPLINE
  5
51D
330
17
100
AcDbEntity
  8
ENGRAVE
100
AcDbSpline
 70
0
 71
2
 72
6
 73
3
 74
0
 40
0.0
 40
0.0
 40
0.0
 40
1.0
 40
1.0
 40
1.0
 10
287.0325629784399
 20
206.64420764091142
 30
0.0
 10
287.31256297843987
 20
206.63621284924477
 30
0.0
 10
287.9045421451066
 20
206.4922024325781
 30
0.0
  0
SPLINE
  5
51E
330
17
100
AcDbEntity
  8
ENGRAVE
100
AcDbSpline
 70
0
 71
2
 72
6
 73
3
 74
0
 40
0.0
 40
0.0
 40
0.0
 40
1.0
 40
1.0
 40
1.0
 10
288.3445421451066
 20
207.13220243257808
 30
0.0
 10
288.2405317284399
 20
207.2122024325781
 30
0.0
 10
288.09652131177324
 20
207.30824409924477
 30
0.0
  0
SPLINE
  5
51F
330
17
100
AcDbEntity
  8
ENGRAVE
100
AcDbSpline
 70
0
 71
2
 72
6
 73
3
 74
0
 40
0.0
 40
0.0
 40
0.0
 40
1.0
 40
1.0
 40
1.0
 10
287.78600638333535
 20
187.93377483421247
 30
0.0
 10
287.9380115916687
 20
188.07778525087915
 30
0.0
 10
288.130016800002
 20
188.1337748342125
 30
0.0
  0
SPLINE
  5
520
330
17
100
AcDbEntity
  8
ENGRAVE
100
AcDbSpline
 70
0
 71
2
 72
6
 73
3
 74
0
 40
0.0
 40
0.0
 40
0.0
 40
1.0
 40
1.0
 40
1.0
 10
288.7380115916687
 20
183.64575400087915
 30
0.0
 10
288.5299907583354
 20
183.45377483421248
 30
0.0
 10
288.2580115916687
 20
183.1337748342125
 30
0.0
  0
SPLINE
  5
521
330
17
100
AcDbEntity
  8
ENGRAVE
100
AcDbSpline
 70
0
 71
2
 72
6
 73
3
 74
0
 40
0.0
 40
0.0
 40
0.0
 40
1.0
 40
1.0
 40
1.0
 10
289.1365213117732
 20
205.41222847424476
 30
0.0
 10
288.73652131177323
 20
205.34022326591142
 30
0.0
 10
288.29652131177323
 20
205.3482180575781
 30
0.0
  0
SPLINE
  5
522
330
17
100
AcDbEntity
  8
ENGRAVE
100
AcDbSpline
 70
0
 71
2
 72
6
 73
3
 74
0
 40
0.0
 40
0.0
 40
0.0
 40
1.0
 40
1.0
 40
1.0
 10
288.3605317284399
 20
209.22022326591141
 30
0.0
 10
288.30454214510655
 20
209.10022326591144
 30
0.0
 10
288.3205317284399
 20
208.9722024325781
 30
0.0
  0
SPLINE
  5
523
330
17
100
AcDbEntity
  8
ENGRAVE
100
AcDbSpline
 70
0
 71
2
 72
6
 73
3
 74
0
 40
0.0
 40
0.0
 40
0.0
 40
1.0
 40
1.0
 40
1.0
 10
288.48053172843987
 20
206.9722024325781
 30
0.0
 10
288.4485525617732
 20
207.0522024325781
 30
0.0
 10
288.3445421451066
 20
207.13220243257808
 30
0.0
  0
SPLINE
  5
524
330
17
100
AcDbEntity
  8
ENGRAVE
100
AcDbSpline
 70
0
 71
2
 72
6
 73
3
 74
0
 40
0.0
 40
0.0
 40
0.0
 40
1.0
 40
1.0
 40
1.0
 10
288.4325629784399
 20
209.4842336825781
 30
0.0
 10
288.41652131177324
 20
209.34022326591142
 30
0.0
 10
288.3605317284399
 20
209.22022326591141
 30
0.0
  0
SPLINE
  5
525
330
17
100
AcDbEntity
  8
ENGRAVE
100
AcDbSpline
 70
0
 71
2
 72
6
 73
3
 74
0
 40
0.0
 40
0.0
 40
0.0
 40
1.0
 40
1.0
 40
1.0
 10
287.9045421451066
 20
206.4922024325781
 30
0.0
 10
288.17652131177323
 20
206.4922024325781
 30
0.0
 10
288.42454214510656
 20
206.52420764091144
 30
0.0
  0
SPLINE
  5
526
330
17
100
AcDbEntity
  8
ENGRAVE
100
AcDbSpline
 70
0
 71
2
 72
6
 73
3
 74
0
 40
0.0
 40
0.0
 40
0.0
 40
1.0
 40
1.0
 40
1.0
 10
288.68855256177324
 20
209.83621284924476
 30
0.0
 10
288.5285525617732
 20
209.6122024325781
 30
0.0
 10
288.4325629784399
 20
209.4842336825781
 30
0.0
  0
SPLINE
  5
527
330
17
100
AcDbEntity
  8
ENGRAVE
100
AcDbSpline
 70
0
 71
2
 72
6
 73
3
 74
0
 40
0.0
 40
0.0
 40
0.0
 40
1.0
 40
1.0
 40
1.0
 10
288.130016800002
 20
188.1337748342125
 30
0.0
 10
288.32202200833535
 20
188.1897644175458
 30
0.0
 10
288.43400117500204
 20
188.15778525087913
 30
0.0
  0
SPLINE
  5
528
330
17
100
AcDbEntity
  8
ENGRAVE
100
AcDbSpline
 70
0
 71
2
 72
6
 73
3
 74
0
 40
0.0
 40
0.0
 40
0.0
 40
1.0
 40
1.0
 40
1.0
 10
288.7685525617732
 20
206.8442336825781
 30
0.0
 10
288.6405317284399
 20
206.9722024325781
 30
0.0
 10
288.48053172843987
 20
206.9722024325781
 30
0.0
  0
SPLINE
  5
529
330
17
100
AcDbEntity
  8
ENGRAVE
100
AcDbSpline
 70
0
 71
2
 72
6
 73
3
 74
0
 40
0.0
 40
0.0
 40
0.0
 40
1.0
 40
1.0
 40
1.0
 10
288.3205317284399
 20
208.9722024325781
 30
0.0
 10
288.33652131177325
 20
208.8122024325781
 30
0.0
 10
288.48053172843987
 20
208.6682180575781
 30
0.0
  0
SPLINE
  5
52A
330
17
100
AcDbEntity
  8
ENGRAVE
100
AcDbSpline
 70
0
 71
2
 72
6
 73
3
 74
0
 40
0.0
 40
0.0
 40
0.0
 40
1.0
 40
1.0
 40
1.0
 10
288.5619959666687
 20
185.4537487925458
 30
0.0
 10
288.5299907583354
 20
185.32575400087913
 30
0.0
 10
288.5299907583354
 20
185.26174358421247
 30
0.0
  0
SPLINE
  5
52B
330
17
100
AcDbEntity
  8
ENGRAVE
100
AcDbSpline
 70
0
 71
2
 72
6
 73
3
 74
0
 40
0.0
 40
0.0
 40
0.0
 40
1.0
 40
1.0
 40
1.0
 10
288.84999075833537
 20
186.12575400087914
 30
0.0
 10
288.594001175002
 20
185.5817435842125
 30
0.0
 10
288.5619959666687
 20
185.4537487925458
 30
0.0
  0
SPLINE
  5
52C
330
17
100
AcDbEntity
  8
ENGRAVE
100
AcDbSpline
 70
0
 71
2
 72
6
 73
3
 74
0
 40
0.0
 40
0.0
 40
0.0
 40
1.0
 40
1.0
 40
1.0
 10
288.5299907583354
 20
185.26174358421247
 30
0.0
 10
288.546032425002
 20
185.21377483421247
 30
0.0
 10
288.6740272166687
 20
185.3097644175458
 30
0.0
  0
SPLINE
  5
52D
330
17
100
AcDbEntity
  8
ENGRAVE
100
AcDbSpline
 70
0
 71
2
 72
6
 73
3
 74
0
 40
0.0
 40
0.0
 40
0.0
 40
1.0
 40
1.0
 40
1.0
 10
288.9765473534399
 20
210.21222847424477
 30
0.0
 10
288.8485525617732
 20
210.06022326591142
 30
0.0
 10
288.68855256177324
 20
209.83621284924476
 30
0.0
  0
SPLINE
  5
52E
330
17
100
AcDbEntity
  8
ENGRAVE
100
AcDbSpline
 70
0
 71
2
 72
6
 73
3
 74
0
 40
0.0
 40
0.0
 40
0.0
 40
1.0
 40
1.0
 40
1.0
 10
289.24999075833534
 20
184.19775920921248
 30
0.0
 10
289.0099907583354
 20
183.93377483421247
 30
0.0
 10
288.7380115916687
 20
183.64575400087915
 30
0.0
  0
SPLINE
  5
52F
330
17
100
AcDbEntity
  8
ENGRAVE
100
AcDbSpline
 70
0
 71
2
 72
6
 73
3
 74
0
 40
0.0
 40
0.0
 40
0.0
 40
1.0
 40
1.0
 40
1.0
 10
288.8805577701066
 20
206.7242336825781
 30
0.0
 10
288.8485525617732
 20
206.78022326591142
 30
0.0
 10
288.7685525617732
 20
206.8442336825781
 30
0.0
  0
SPLINE
  5
530
330
17
100
AcDbEntity
  8
ENGRAVE
100
AcDbSpline
 70
0
 71
2
 72
6
 73
3
 74
0
 40
0.0
 40
0.0
 40
0.0
 40
1.0
 40
1.0
 40
1.0
 10
288.42454214510656
 20
206.52420764091144
 30
0.0
 10
288.6725629784399
 20
206.55621284924476
 30
0.0
 10
288.8325629784399
 20
206.63621284924477
 30
0.0
  0
SPLINE
  5
531
330
17
100
AcDbEntity
  8
ENGRAVE
100
AcDbSpline
 70
0
 71
2
 72
6
 73
3
 74
0
 40
0.0
 40
0.0
 40
0.0
 40
1.0
 40
1.0
 40
1.0
 10
287.85652131177324
 20
210.87621284924475
 30
0.0
 10
288.30454214510655
 20
211.30824409924477
 30
0.0
 10
288.86454214510655
 20
211.70824409924475
 30
0.0
  0
SPLINE
  5
532
330
17
100
AcDbEntity
  8
ENGRAVE
100
AcDbSpline
 70
0
 71
2
 72
6
 73
3
 74
0
 40
0.0
 40
0.0
 40
0.0
 40
1.0
 40
1.0
 40
1.0
 10
288.8325629784399
 20
206.63621284924477
 30
0.0
 10
288.9125629784399
 20
206.66824409924476
 30
0.0
 10
288.8805577701066
 20
206.7242336825781
 30
0.0
  0
SPLINE
  5
533
330
17
100
AcDbEntity
  8
ENGRAVE
100
AcDbSpline
 70
0
 71
2
 72
6
 73
3
 74
0
 40
0.0
 40
0.0
 40
0.0
 40
1.0
 40
1.0
 40
1.0
 10
288.48053172843987
 20
208.6682180575781
 30
0.0
 10
288.62454214510655
 20
208.52423368257809
 30
0.0
 10
288.89652131177326
 20
208.30022326591143
 30
0.0
  0
SPLINE
  5
534
330
17
100
AcDbEntity
  8
ENGRAVE
100
AcDbSpline
 70
0
 71
2
 72
6
 73
3
 74
0
 40
0.0
 40
0.0
 40
0.0
 40
1.0
 40
1.0
 40
1.0
 10
289.10454214510656
 20
210.2842336825781
 30
0.0
 10
289.10454214510656
 20
210.3642336825781
 30
0.0
 10
288.9765473534399
 20
210.21222847424477
 30
0.0
  0
SPLINE
  5
535
330
17
100
AcDbEntity
  8
ENGRAVE
100
AcDbSpline
 70
0
 71
2
 72
6
 73
3
 74
0
 40
0.0
 40
0.0
 40
0.0
 40
1.0
 40
1.0
 40
1.0
 10
288.6740272166687
 20
185.3097644175458
 30
0.0
 10
288.80202200833537
 20
185.40575400087914
 30
0.0
 10
288.9860063833354
 20
185.5737487925458
 30
0.0
  0
SPLINE
  5
536
330
17
100
AcDbEntity
  8
ENGRAVE
100
AcDbSpline
 70
0
 71
2
 72
6
 73
3
 74
0
 40
0.0
 40
0.0
 40
0.0
 40
1.0
 40
1.0
 40
1.0
 10
289.154001175002
 20
186.87775920921248
 30
0.0
 10
289.074001175002
 20
186.68575400087914
 30
0.0
 10
289.02603242500203
 20
186.55778525087914
 30
0.0
  0
SPLINE
  5
537
330
17
100
AcDbEntity
  8
ENGRAVE
100
AcDbSpline
 70
0
 71
2
 72
6
 73
3
 74
0
 40
0.0
 40
0.0
 40
0.0
 40
1.0
 40
1.0
 40
1.0
 10
288.43400117500204
 20
188.15778525087913
 30
0.0
 10
288.88202200833535
 20
188.10976441754582
 30
0.0
 10
289.0420220083354
 20
187.83775920921246
 30
0.0
  0
SPLINE
  5
538
330
17
100
AcDbEntity
  8
ENGRAVE
100
AcDbSpline
 70
0
 71
2
 72
6
 73
3
 74
0
 40
0.0
 40
0.0
 40
0.0
 40
1.0
 40
1.0
 40
1.0
 10
289.19253693677325
 20
210.31623889091142
 30
0.0
 10
289.16855256177325
 20
210.2842336825781
 30
0.0
 10
289.10454214510656
 20
210.2842336825781
 30
0.0
  0
SPLINE
  5
539
330
17
100
AcDbEntity
  8
ENGRAVE
100
AcDbSpline
 70
0
 71
2
 72
6
 73
3
 74
0
 40
0.0
 40
0.0
 40
0.0
 40
1.0
 40
1.0
 40
1.0
 10
289.6965213117732
 20
205.5642336825781
 30
0.0
 10
289.53652131177324
 20
205.4842336825781
 30
0.0
 10
289.1365213117732
 20
205.41222847424476
 30
0.0
  0
SPLINE
  5
53A
330
17
100
AcDbEntity
  8
ENGRAVE
100
AcDbSpline
 70
0
 71
2
 72
6
 73
3
 74
0
 40
0.0
 40
0.0
 40
0.0
 40
1.0
 40
1.0
 40
1.0
 10
289.2180115916687
 20
187.3097644175458
 30
0.0
 10
289.23400117500205
 20
187.0697644175458
 30
0.0
 10
289.154001175002
 20
186.87775920921248
 30
0.0
  0
SPLINE
  5
53B
330
17
100
AcDbEntity
  8
ENGRAVE
100
AcDbSpline
 70
0
 71
2
 72
6
 73
3
 74
0
 40
0.0
 40
0.0
 40
0.0
 40
1.0
 40
1.0
 40
1.0
 10
289.2805317284399
 20
210.46022326591142
 30
0.0
 10
289.21652131177325
 20
210.34824409924477
 30
0.0
 10
289.19253693677325
 20
210.31623889091142
 30
0.0
  0
SPLINE
  5
53C
330
17
100
AcDbEntity
  8
ENGRAVE
100
AcDbSpline
 70
0
 71
2
 72
6
 73
3
 74
0
 40
0.0
 40
0.0
 40
0.0
 40
1.0
 40
1.0
 40
1.0
 10
289.0420220083354
 20
187.83775920921246
 30
0.0
 10
289.20202200833535
 20
187.56575400087914
 30
0.0
 10
289.2180115916687
 20
187.3097644175458
 30
0.0
  0
SPLINE
  5
53D
330
17
100
AcDbEntity
  8
ENGRAVE
100
AcDbSpline
 70
0
 71
2
 72
6
 73
3
 74
0
 40
0.0
 40
0.0
 40
0.0
 40
1.0
 40
1.0
 40
1.0
 10
289.58603242500203
 20
184.55778525087914
 30
0.0
 10
289.48999075833535
 20
184.46174358421248
 30
0.0
 10
289.24999075833534
 20
184.19775920921248
 30
0.0
  0
SPLINE
  5
53E
330
17
100
AcDbEntity
  8
ENGRAVE
100
AcDbSpline
 70
0
 71
2
 72
6
 73
3
 74
0
 40
0.0
 40
0.0
 40
0.0
 40
1.0
 40
1.0
 40
1.0
 10
289.7285265201066
 20
210.7882180575781
 30
0.0
 10
289.4405317284399
 20
210.6042336825781
 30
0.0
 10
289.2805317284399
 20
210.46022326591142
 30
0.0
  0
SPLINE
  5
53F
330
17
100
AcDbEntity
  8
ENGRAVE
100
AcDbSpline
 70
0
 71
2
 72
6
 73
3
 74
0
 40
0.0
 40
0.0
 40
0.0
 40
1.0
 40
1.0
 40
1.0
 10
288.9860063833354
 20
185.5737487925458
 30
0.0
 10
289.16999075833536
 20
185.7417435842125
 30
0.0
 10
289.3299907583354
 20
185.8697644175458
 30
0.0
  0
SPLINE
  5
540
330
17
100
AcDbEntity
  8
ENGRAVE
100
AcDbSpline
 70
0
 71
2
 72
6
 73
3
 74
0
 40
0.0
 40
0.0
 40
0.0
 40
1.0
 40
1.0
 40
1.0
 10
289.78600638333535
 20
184.78176962587915
 30
0.0
 10
289.68202200833537
 20
184.65377483421247
 30
0.0
 10
289.58603242500203
 20
184.55778525087914
 30
0.0
  0
SPLINE
  5
541
330
17
100
AcDbEntity
  8
ENGRAVE
100
AcDbSpline
 70
0
 71
2
 72
6
 73
3
 74
0
 40
0.0
 40
0.0
 40
0.0
 40
1.0
 40
1.0
 40
1.0
 10
290.33654735343987
 20
206.11621284924476
 30
0.0
 10
290.12855256177323
 20
205.75621284924478
 30
0.0
 10
289.6965213117732
 20
205.5642336825781
 30
0.0
  0
SPLINE
  5
542
330
17
100
AcDbEntity
  8
ENGRAVE
100
AcDbSpline
 70
0
 71
2
 72
6
 73
3
 74
0
 40
0.0
 40
0.0
 40
0.0
 40
1.0
 40
1.0
 40
1.0
 10
290.2805317284399
 20
211.10022326591144
 30
0.0
 10
290.0165213117732
 20
210.9722024325781
 30
0.0
 10
289.7285265201066
 20
210.7882180575781
 30
0.0
  0
SPLINE
  5
543
330
17
100
AcDbEntity
  8
ENGRAVE
100
AcDbSpline
 70
0
 71
2
 72
6
 73
3
 74
0
 40
0.0
 40
0.0
 40
0.0
 40
1.0
 40
1.0
 40
1.0
 10
288.89652131177326
 20
208.30022326591143
 30
0.0
 10
289.45652131177326
 20
207.8842336825781
 30
0.0
 10
289.73652131177323
 20
207.6442336825781
 30
0.0
  0
SPLINE
  5
544
330
17
100
AcDbEntity
  8
ENGRAVE
100
AcDbSpline
 70
0
 71
2
 72
6
 73
3
 74
0
 40
0.0
 40
0.0
 40
0.0
 40
1.0
 40
1.0
 40
1.0
 10
289.82603242500204
 20
182.92575400087915
 30
0.0
 10
289.74603242500206
 20
183.08575400087915
 30
0.0
 10
289.7780115916687
 20
183.19778525087915
 30
0.0
  0
SPLINE
  5
545
330
17
100
AcDbEntity
  8
ENGRAVE
100
AcDbSpline
 70
0
 71
2
 72
6
 73
3
 74
0
 40
0.0
 40
0.0
 40
0.0
 40
1.0
 40
1.0
 40
1.0
 10
289.954001175002
 20
184.9097644175458
 30
0.0
 10
289.8899907583354
 20
184.9097644175458
 30
0.0
 10
289.78600638333535
 20
184.78176962587915
 30
0.0
  0
SPLINE
  5
546
330
17
100
AcDbEntity
  8
ENGRAVE
100
AcDbSpline
 70
0
 71
2
 72
6
 73
3
 74
0
 40
0.0
 40
0.0
 40
0.0
 40
1.0
 40
1.0
 40
1.0
 10
290.0180115916687
 20
182.66976441754582
 30
0.0
 10
289.906032425002
 20
182.76575400087916
 30
0.0
 10
289.82603242500204
 20
182.92575400087915
 30
0.0
  0
SPLINE
  5
547
330
17
100
AcDbEntity
  8
ENGRAVE
100
AcDbSpline
 70
0
 71
2
 72
6
 73
3
 74
0
 40
0.0
 40
0.0
 40
0.0
 40
1.0
 40
1.0
 40
1.0
 10
290.19400117500203
 20
185.1577592092125
 30
0.0
 10
290.0180115916687
 20
185.00575400087914
 30
0.0
 10
289.954001175002
 20
184.9097644175458
 30
0.0
  0
SPLINE
  5
548
330
17
100
AcDbEntity
  8
ENGRAVE
100
AcDbSpline
 70
0
 71
2
 72
6
 73
3
 74
0
 40
0.0
 40
0.0
 40
0.0
 40
1.0
 40
1.0
 40
1.0
 10
289.73652131177323
 20
207.6442336825781
 30
0.0
 10
290.0165213117732
 20
207.40423368257808
 30
0.0
 10
290.12852652010656
 20
207.26022326591143
 30
0.0
  0
SPLINE
  5
549
330
17
100
AcDbEntity
  8
ENGRAVE
100
AcDbSpline
 70
0
 71
2
 72
6
 73
3
 74
0
 40
0.0
 40
0.0
 40
0.0
 40
1.0
 40
1.0
 40
1.0
 10
288.86454214510655
 20
211.70824409924475
 30
0.0
 10
289.42454214510656
 20
212.10824409924476
 30
0.0
 10
290.1605317284399
 20
212.30022326591143
 30
0.0
  0
SPLINE
  5
54A
330
17
100
AcDbEntity
  8
ENGRAVE
100
AcDbSpline
 70
0
 71
2
 72
6
 73
3
 74
0
 40
0.0
 40
0.0
 40
0.0
 40
1.0
 40
1.0
 40
1.0
 10
290.21652131177325
 20
209.86022326591143
 30
0.0
 10
290.17652131177323
 20
209.9322024325781
 30
0.0
 10
290.17652131177323
 20
209.99621284924476
 30
0.0
  0
SPLINE
  5
54B
330
17
100
AcDbEntity
  8
ENGRAVE
100
AcDbSpline
 70
0
 71
2
 72
6
 73
3
 74
0
 40
0.0
 40
0.0
 40
0.0
 40
1.0
 40
1.0
 40
1.0
 10
290.58600638333536
 20
182.47775920921248
 30
0.0
 10
290.35400117500205
 20
182.36575400087915
 30
0.0
 10
290.1780115916687
 20
182.52575400087915
 30
0.0
  0
SPLINE
  5
54C
330
17
100
AcDbEntity
  8
ENGRAVE
100
AcDbSpline
 70
0
 71
2
 72
6
 73
3
 74
0
 40
0.0
 40
0.0
 40
0.0
 40
1.0
 40
1.0
 40
1.0
 10
290.466032425002
 20
185.32575400087913
 30
0.0
 10
290.36999075833535
 20
185.3097644175458
 30
0.0
 10
290.19400117500203
 20
185.1577592092125
 30
0.0
  0
SPLINE
  5
54D
330
17
100
AcDbEntity
  8
ENGRAVE
100
AcDbSpline
 70
0
 71
2
 72
6
 73
3
 74
0
 40
0.0
 40
0.0
 40
0.0
 40
1.0
 40
1.0
 40
1.0
 10
290.2565213117732
 20
209.78824409924476
 30
0.0
 10
290.2565213117732
 20
209.78824409924476
 30
0.0
 10
290.21652131177325
 20
209.86022326591143
 30
0.0
  0
SPLINE
  5
54E
330
17
100
AcDbEntity
  8
ENGRAVE
100
AcDbSpline
 70
0
 71
2
 72
6
 73
3
 74
0
 40
0.0
 40
0.0
 40
0.0
 40
1.0
 40
1.0
 40
1.0
 10
290.17652131177323
 20
209.99621284924476
 30
0.0
 10
290.17652131177323
 20
210.06022326591142
 30
0.0
 10
290.22454214510657
 20
210.11621284924476
 30
0.0
  0
SPLINE
  5
54F
330
17
100
AcDbEntity
  8
ENGRAVE
100
AcDbSpline
 70
0
 71
2
 72
6
 73
3
 74
0
 40
0.0
 40
0.0
 40
0.0
 40
1.0
 40
1.0
 40
1.0
 10
290.4005317284399
 20
209.6282180575781
 30
0.0
 10
290.3205317284399
 20
209.69220243257809
 30
0.0
 10
290.2565213117732
 20
209.78824409924476
 30
0.0
  0
SPLINE
  5
550
330
17
100
AcDbEntity
  8
ENGRAVE
100
AcDbSpline
 70
0
 71
2
 72
6
 73
3
 74
0
 40
0.0
 40
0.0
 40
0.0
 40
1.0
 40
1.0
 40
1.0
 10
290.12852652010656
 20
207.26022326591143
 30
0.0
 10
290.2405317284399
 20
207.11621284924476
 30
0.0
 10
290.2725629784399
 20
206.9722024325781
 30
0.0
  0
SPLINE
  5
551
330
17
100
AcDbEntity
  8
ENGRAVE
100
AcDbSpline
 70
0
 71
2
 72
6
 73
3
 74
0
 40
0.0
 40
0.0
 40
0.0
 40
1.0
 40
1.0
 40
1.0
 10
290.22454214510657
 20
210.11621284924476
 30
0.0
 10
290.2725629784399
 20
210.1722024325781
 30
0.0
 10
290.2725629784399
 20
210.1722024325781
 30
0.0
  0
SPLINE
  5
552
330
17
100
AcDbEntity
  8
ENGRAVE
100
AcDbSpline
 70
0
 71
2
 72
6
 73
3
 74
0
 40
0.0
 40
0.0
 40
0.0
 40
1.0
 40
1.0
 40
1.0
 10
289.3299907583354
 20
185.8697644175458
 30
0.0
 10
289.74603242500206
 20
186.23778525087914
 30
0.0
 10
290.2740272166687
 20
186.59778525087916
 30
0.0
  0
SPLINE
  5
553
330
17
100
AcDbEntity
  8
ENGRAVE
100
AcDbSpline
 70
0
 71
2
 72
6
 73
3
 74
0
 40
0.0
 40
0.0
 40
0.0
 40
1.0
 40
1.0
 40
1.0
 10
290.62454214510655
 20
211.22824409924476
 30
0.0
 10
290.54454214510656
 20
211.22824409924476
 30
0.0
 10
290.2805317284399
 20
211.10022326591144
 30
0.0
  0
SPLINE
  5
554
330
17
100
AcDbEntity
  8
ENGRAVE
100
AcDbSpline
 70
0
 71
2
 72
6
 73
3
 74
0
 40
0.0
 40
0.0
 40
0.0
 40
1.0
 40
1.0
 40
1.0
 10
290.2725629784399
 20
206.9722024325781
 30
0.0
 10
290.54454214510656
 20
206.47621284924477
 30
0.0
 10
290.33654735343987
 20
206.11621284924476
 30
0.0
  0
SPLINE
  5
555
330
17
100
AcDbEntity
  8
ENGRAVE
100
AcDbSpline
 70
0
 71
2
 72
6
 73
3
 74
0
 40
0.0
 40
0.0
 40
0.0
 40
1.0
 40
1.0
 40
1.0
 10
290.5765213117732
 20
209.50022326591142
 30
0.0
 10
290.48053172843987
 20
209.5642336825781
 30
0.0
 10
290.4005317284399
 20
209.6282180575781
 30
0.0
  0
SPLINE
  5
556
330
17
100
AcDbEntity
  8
ENGRAVE
100
AcDbSpline
 70
0
 71
2
 72
6
 73
3
 74
0
 40
0.0
 40
0.0
 40
0.0
 40
1.0
 40
1.0
 40
1.0
 10
290.5380115916687
 20
185.2057800425458
 30
0.0
 10
290.5780115916687
 20
185.35778525087915
 30
0.0
 10
290.466032425002
 20
185.32575400087913
 30
0.0
  0
SPLINE
  5
557
330
17
100
AcDbEntity
  8
ENGRAVE
100
AcDbSpline
 70
0
 71
2
 72
6
 73
3
 74
0
 40
0.0
 40
0.0
 40
0.0
 40
1.0
 40
1.0
 40
1.0
 10
290.226032425002
 20
184.44575400087913
 30
0.0
 10
290.49801159166867
 20
185.05377483421248
 30
0.0
 10
290.5380115916687
 20
185.2057800425458
 30
0.0
  0
SPLINE
  5
558
330
17
100
AcDbEntity
  8
ENGRAVE
100
AcDbSpline
 70
0
 71
2
 72
6
 73
3
 74
0
 40
0.0
 40
0.0
 40
0.0
 40
1.0
 40
1.0
 40
1.0
 10
290.9925369367732
 20
209.51623889091144
 30
0.0
 10
290.7205317284399
 20
209.38824409924476
 30
0.0
 10
290.5765213117732
 20
209.50022326591142
 30
0.0
  0
SPLINE
  5
559
330
17
100
AcDbEntity
  8
ENGRAVE
100
AcDbSpline
 70
0
 71
2
 72
6
 73
3
 74
0
 40
0.0
 40
0.0
 40
0.0
 40
1.0
 40
1.0
 40
1.0
 10
291.050016800002
 20
182.82176962587914
 30
0.0
 10
290.8180115916687
 20
182.5897644175458
 30
0.0
 10
290.58600638333536
 20
182.47775920921248
 30
0.0
  0
SPLINE
  5
55A
330
17
100
AcDbEntity
  8
ENGRAVE
100
AcDbSpline
 70
0
 71
2
 72
6
 73
3
 74
0
 40
0.0
 40
0.0
 40
0.0
 40
1.0
 40
1.0
 40
1.0
 10
290.8325629784399
 20
211.0842336825781
 30
0.0
 10
290.8325629784399
 20
211.22824409924476
 30
0.0
 10
290.62454214510655
 20
211.22824409924476
 30
0.0
  0
SPLINE
  5
55B
330
17
100
AcDbEntity
  8
ENGRAVE
100
AcDbSpline
 70
0
 71
2
 72
6
 73
3
 74
0
 40
0.0
 40
0.0
 40
0.0
 40
1.0
 40
1.0
 40
1.0
 10
290.1605317284399
 20
212.30022326591143
 30
0.0
 10
290.38454214510654
 20
212.34824409924477
 30
0.0
 10
290.6725369367732
 20
212.34824409924477
 30
0.0
  0
SPLINE
  5
55C
330
17
100
AcDbEntity
  8
ENGRAVE
100
AcDbSpline
 70
0
 71
2
 72
6
 73
3
 74
0
 40
0.0
 40
0.0
 40
0.0
 40
1.0
 40
1.0
 40
1.0
 10
290.2725629784399
 20
210.1722024325781
 30
0.0
 10
290.5925629784399
 20
210.47621284924477
 30
0.0
 10
290.7125629784399
 20
210.72420764091143
 30
0.0
  0
SPLINE
  5
55D
330
17
100
AcDbEntity
  8
ENGRAVE
100
AcDbSpline
 70
0
 71
2
 72
6
 73
3
 74
0
 40
0.0
 40
0.0
 40
0.0
 40
1.0
 40
1.0
 40
1.0
 10
290.7125629784399
 20
210.72420764091143
 30
0.0
 10
290.8325629784399
 20
210.9722024325781
 30
0.0
 10
290.8325629784399
 20
211.0842336825781
 30
0.0
  0
SPLINE
  5
55E
330
17
100
AcDbEntity
  8
ENGRAVE
100
AcDbSpline
 70
0
 71
2
 72
6
 73
3
 74
0
 40
0.0
 40
0.0
 40
0.0
 40
1.0
 40
1.0
 40
1.0
 10
291.56855256177323
 20
209.85220243257808
 30
0.0
 10
291.2645421451066
 20
209.6442336825781
 30
0.0
 10
290.9925369367732
 20
209.51623889091144
 30
0.0
  0
SPLINE
  5
55F
330
17
100
AcDbEntity
  8
ENGRAVE
100
AcDbSpline
 70
0
 71
2
 72
6
 73
3
 74
0
 40
0.0
 40
0.0
 40
0.0
 40
1.0
 40
1.0
 40
1.0
 10
291.47400117500206
 20
183.21377483421247
 30
0.0
 10
291.2820220083354
 20
183.05377483421248
 30
0.0
 10
291.050016800002
 20
182.82176962587914
 30
0.0
  0
SPLINE
  5
560
330
17
100
AcDbEntity
  8
ENGRAVE
100
AcDbSpline
 70
0
 71
2
 72
6
 73
3
 74
0
 40
0.0
 40
0.0
 40
0.0
 40
1.0
 40
1.0
 40
1.0
 10
290.6725369367732
 20
212.34824409924477
 30
0.0
 10
290.9605317284399
 20
212.34824409924477
 30
0.0
 10
291.0885525617732
 20
212.26824409924475
 30
0.0
  0
SPLINE
  5
561
330
17
100
AcDbEntity
  8
ENGRAVE
100
AcDbSpline
 70
0
 71
2
 72
6
 73
3
 74
0
 40
0.0
 40
0.0
 40
0.0
 40
1.0
 40
1.0
 40
1.0
 10
290.2740272166687
 20
186.59778525087916
 30
0.0
 10
290.80202200833537
 20
186.95778525087914
 30
0.0
 10
291.12202200833536
 20
187.05377483421248
 30
0.0
  0
SPLINE
  5
562
330
17
100
AcDbEntity
  8
ENGRAVE
100
AcDbSpline
 70
0
 71
2
 72
6
 73
3
 74
0
 40
0.0
 40
0.0
 40
0.0
 40
1.0
 40
1.0
 40
1.0
 10
291.0885525617732
 20
212.26824409924475
 30
0.0
 10
291.21652131177325
 20
212.34824409924477
 30
0.0
 10
291.4085265201066
 20
212.22824409924476
 30
0.0
  0
SPLINE
  5
563
330
17
100
AcDbEntity
  8
ENGRAVE
100
AcDbSpline
 70
0
 71
2
 72
6
 73
3
 74
0
 40
0.0
 40
0.0
 40
0.0
 40
1.0
 40
1.0
 40
1.0
 10
292.7460063833354
 20
184.4377592092125
 30
0.0
 10
292.274001175002
 20
184.06174358421248
 30
0.0
 10
291.47400117500206
 20
183.21377483421247
 30
0.0
  0
SPLINE
  5
564
330
17
100
AcDbEntity
  8
ENGRAVE
100
AcDbSpline
 70
0
 71
2
 72
6
 73
3
 74
0
 40
0.0
 40
0.0
 40
0.0
 40
1.0
 40
1.0
 40
1.0
 10
291.80855256177324
 20
210.22022326591144
 30
0.0
 10
291.80855256177324
 20
210.06022326591142
 30
0.0
 10
291.56855256177323
 20
209.85220243257808
 30
0.0
  0
SPLINE
  5
565
330
17
100
AcDbEntity
  8
ENGRAVE
100
AcDbSpline
 70
0
 71
2
 72
6
 73
3
 74
0
 40
0.0
 40
0.0
 40
0.0
 40
1.0
 40
1.0
 40
1.0
 10
291.12202200833536
 20
187.05377483421248
 30
0.0
 10
291.394001175002
 20
187.00575400087914
 30
0.0
 10
291.6260063833354
 20
186.78176962587915
 30
0.0
  0
SPLINE
  5
566
330
17
100
AcDbEntity
  8
ENGRAVE
100
AcDbSpline
 70
0
 71
2
 72
6
 73
3
 74
0
 40
0.0
 40
0.0
 40
0.0
 40
1.0
 40
1.0
 40
1.0
 10
291.6980115916687
 20
185.0457800425458
 30
0.0
 10
291.6499907583354
 20
184.89377483421248
 30
0.0
 10
291.6499907583354
 20
184.89377483421248
 30
0.0
  0
SPLINE
  5
567
330
17
100
AcDbEntity
  8
ENGRAVE
100
AcDbSpline
 70
0
 71
2
 72
6
 73
3
 74
0
 40
0.0
 40
0.0
 40
0.0
 40
1.0
 40
1.0
 40
1.0
 10
291.7940272166687
 20
185.37377483421247
 30
0.0
 10
291.74603242500206
 20
185.19778525087915
 30
0.0
 10
291.6980115916687
 20
185.0457800425458
 30
0.0
  0
SPLINE
  5
568
330
17
100
AcDbEntity
  8
ENGRAVE
100
AcDbSpline
 70
0
 71
2
 72
6
 73
3
 74
0
 40
0.0
 40
0.0
 40
0.0
 40
1.0
 40
1.0
 40
1.0
 10
291.4085265201066
 20
212.22824409924476
 30
0.0
 10
291.6005317284399
 20
212.10824409924476
 30
0.0
 10
291.7925369367732
 20
211.90022326591142
 30
0.0
  0
SPLINE
  5
569
330
17
100
AcDbEntity
  8
ENGRAVE
100
AcDbSpline
 70
0
 71
2
 72
6
 73
3
 74
0
 40
0.0
 40
0.0
 40
0.0
 40
1.0
 40
1.0
 40
1.0
 10
291.8580115916687
 20
185.61377483421248
 30
0.0
 10
291.8420220083354
 20
185.54976441754582
 30
0.0
 10
291.7940272166687
 20
185.37377483421247
 30
0.0
  0
SPLINE
  5
56A
330
17
100
AcDbEntity
  8
ENGRAVE
100
AcDbSpline
 70
0
 71
2
 72
6
 73
3
 74
0
 40
0.0
 40
0.0
 40
0.0
 40
1.0
 40
1.0
 40
1.0
 10
291.8485525617732
 20
210.3082180575781
 30
0.0
 10
291.80855256177324
 20
210.30022326591143
 30
0.0
 10
291.80855256177324
 20
210.22022326591144
 30
0.0
  0
SPLINE
  5
56B
330
17
100
AcDbEntity
  8
ENGRAVE
100
AcDbSpline
 70
0
 71
2
 72
6
 73
3
 74
0
 40
0.0
 40
0.0
 40
0.0
 40
1.0
 40
1.0
 40
1.0
 10
291.8885525617732
 20
210.31621284924475
 30
0.0
 10
291.8885525617732
 20
210.31621284924475
 30
0.0
 10
291.8485525617732
 20
210.3082180575781
 30
0.0
  0
SPLINE
  5
56C
330
17
100
AcDbEntity
  8
ENGRAVE
100
AcDbSpline
 70
0
 71
2
 72
6
 73
3
 74
0
 40
0.0
 40
0.0
 40
0.0
 40
1.0
 40
1.0
 40
1.0
 10
291.6499907583354
 20
184.89377483421248
 30
0.0
 10
291.6499907583354
 20
184.89377483421248
 30
0.0
 10
291.8580115916687
 20
185.10176962587914
 30
0.0
  0
SPLINE
  5
56D
330
17
100
AcDbEntity
  8
ENGRAVE
100
AcDbSpline
 70
0
 71
2
 72
6
 73
3
 74
0
 40
0.0
 40
0.0
 40
0.0
 40
1.0
 40
1.0
 40
1.0
 10
291.9460063833354
 20
185.96578004254582
 30
0.0
 10
291.8899907583354
 20
185.77377483421247
 30
0.0
 10
291.8580115916687
 20
185.61377483421248
 30
0.0
  0
SPLINE
  5
56E
330
17
100
AcDbEntity
  8
ENGRAVE
100
AcDbSpline
 70
0
 71
2
 72
6
 73
3
 74
0
 40
0.0
 40
0.0
 40
0.0
 40
1.0
 40
1.0
 40
1.0
 10
292.0325369367732
 20
210.52420764091144
 30
0.0
 10
292.0005317284399
 20
210.31621284924475
 30
0.0
 10
291.8885525617732
 20
210.31621284924475
 30
0.0
  0
SPLINE
  5
56F
330
17
100
AcDbEntity
  8
ENGRAVE
100
AcDbSpline
 70
0
 71
2
 72
6
 73
3
 74
0
 40
0.0
 40
0.0
 40
0.0
 40
1.0
 40
1.0
 40
1.0
 10
291.6260063833354
 20
186.78176962587915
 30
0.0
 10
291.8580115916687
 20
186.55778525087914
 30
0.0
 10
291.9220220083354
 20
186.39778525087914
 30
0.0
  0
SPLINE
  5
570
330
17
100
AcDbEntity
  8
ENGRAVE
100
AcDbSpline
 70
0
 71
2
 72
6
 73
3
 74
0
 40
0.0
 40
0.0
 40
0.0
 40
1.0
 40
1.0
 40
1.0
 10
291.9220220083354
 20
186.39778525087914
 30
0.0
 10
292.00202200833536
 20
186.15778525087913
 30
0.0
 10
291.9460063833354
 20
185.96578004254582
 30
0.0
  0
SPLINE
  5
571
330
17
100
AcDbEntity
  8
ENGRAVE
100
AcDbSpline
 70
0
 71
2
 72
6
 73
3
 74
0
 40
0.0
 40
0.0
 40
0.0
 40
1.0
 40
1.0
 40
1.0
 10
292.07253693677325
 20
211.0122024325781
 30
0.0
 10
292.06454214510654
 20
210.7322024325781
 30
0.0
 10
292.0325369367732
 20
210.52420764091144
 30
0.0
  0
SPLINE
  5
572
330
17
100
AcDbEntity
  8
ENGRAVE
100
AcDbSpline
 70
0
 71
2
 72
6
 73
3
 74
0
 40
0.0
 40
0.0
 40
0.0
 40
1.0
 40
1.0
 40
1.0
 10
292.0805317284399
 20
211.4842336825781
 30
0.0
 10
292.0805317284399
 20
211.2922024325781
 30
0.0
 10
292.07253693677325
 20
211.0122024325781
 30
0.0
  0
SPLINE
  5
573
330
17
100
AcDbEntity
  8
ENGRAVE
100
AcDbSpline
 70
0
 71
2
 72
6
 73
3
 74
0
 40
0.0
 40
0.0
 40
0.0
 40
1.0
 40
1.0
 40
1.0
 10
291.7925369367732
 20
211.90022326591142
 30
0.0
 10
291.98454214510656
 20
211.69220243257809
 30
0.0
 10
292.0805317284399
 20
211.4842336825781
 30
0.0
  0
SPLINE
  5
574
330
17
100
AcDbEntity
  8
ENGRAVE
100
AcDbSpline
 70
0
 71
2
 72
6
 73
3
 74
0
 40
0.0
 40
0.0
 40
0.0
 40
1.0
 40
1.0
 40
1.0
 10
292.56855256177323
 20
206.11621284924476
 30
0.0
 10
292.2725629784399
 20
206.47621284924477
 30
0.0
 10
292.2725629784399
 20
206.98824409924475
 30
0.0
  0
SPLINE
  5
575
330
17
100
AcDbEntity
  8
ENGRAVE
100
AcDbSpline
 70
0
 71
2
 72
6
 73
3
 74
0
 40
0.0
 40
0.0
 40
0.0
 40
1.0
 40
1.0
 40
1.0
 10
291.8580115916687
 20
185.10176962587914
 30
0.0
 10
292.06603242500205
 20
185.3097644175458
 30
0.0
 10
292.32202200833535
 20
185.4697644175458
 30
0.0
  0
SPLINE
  5
576
330
17
100
AcDbEntity
  8
ENGRAVE
100
AcDbSpline
 70
0
 71
2
 72
6
 73
3
 74
0
 40
0.0
 40
0.0
 40
0.0
 40
1.0
 40
1.0
 40
1.0
 10
292.2725629784399
 20
206.98824409924475
 30
0.0
 10
292.22454214510657
 20
207.46824409924477
 30
0.0
 10
292.3605317284399
 20
208.13222847424476
 30
0.0
  0
SPLINE
  5
577
330
17
100
AcDbEntity
  8
ENGRAVE
100
AcDbSpline
 70
0
 71
2
 72
6
 73
3
 74
0
 40
0.0
 40
0.0
 40
0.0
 40
1.0
 40
1.0
 40
1.0
 10
293.3205317284399
 20
205.59621284924475
 30
0.0
 10
292.8645421451066
 20
205.75621284924478
 30
0.0
 10
292.56855256177323
 20
206.11621284924476
 30
0.0
  0
SPLINE
  5
578
330
17
100
AcDbEntity
  8
ENGRAVE
100
AcDbSpline
 70
0
 71
2
 72
6
 73
3
 74
0
 40
0.0
 40
0.0
 40
0.0
 40
1.0
 40
1.0
 40
1.0
 10
293.346032425002
 20
184.79778525087914
 30
0.0
 10
293.2180115916687
 20
184.81377483421247
 30
0.0
 10
292.7460063833354
 20
184.4377592092125
 30
0.0
  0
SPLINE
  5
579
330
17
100
AcDbEntity
  8
ENGRAVE
100
AcDbSpline
 70
0
 71
2
 72
6
 73
3
 74
0
 40
0.0
 40
0.0
 40
0.0
 40
1.0
 40
1.0
 40
1.0
 10
292.3605317284399
 20
208.13222847424476
 30
0.0
 10
292.4965213117733
 20
208.79621284924477
 30
0.0
 10
292.77652131177325
 20
209.4682180575781
 30
0.0
  0
SPLINE
  5
57A
330
17
100
AcDbEntity
  8
ENGRAVE
100
AcDbSpline
 70
0
 71
2
 72
6
 73
3
 74
0
 40
0.0
 40
0.0
 40
0.0
 40
1.0
 40
1.0
 40
1.0
 10
294.2405317284399
 20
205.51621284924477
 30
0.0
 10
293.77652131177325
 20
205.43621284924475
 30
0.0
 10
293.3205317284399
 20
205.59621284924475
 30
0.0
  0
SPLINE
  5
57B
330
17
100
AcDbEntity
  8
ENGRAVE
100
AcDbSpline
 70
0
 71
2
 72
6
 73
3
 74
0
 40
0.0
 40
0.0
 40
0.0
 40
1.0
 40
1.0
 40
1.0
 10
293.4980115916687
 20
182.9897644175458
 30
0.0
 10
293.31400117500203
 20
183.34174358421248
 30
0.0
 10
293.3299907583354
 20
183.90174358421248
 30
0.0
  0
SPLINE
  5
57C
330
17
100
AcDbEntity
  8
ENGRAVE
100
AcDbSpline
 70
0
 71
2
 72
6
 73
3
 74
0
 40
0.0
 40
0.0
 40
0.0
 40
1.0
 40
1.0
 40
1.0
 10
293.4020220083354
 20
184.5817435842125
 30
0.0
 10
293.4580115916687
 20
184.78174358421248
 30
0.0
 10
293.346032425002
 20
184.79778525087914
 30
0.0
  0
SPLINE
  5
57D
330
17
100
AcDbEntity
  8
ENGRAVE
100
AcDbSpline
 70
0
 71
2
 72
6
 73
3
 74
0
 40
0.0
 40
0.0
 40
0.0
 40
1.0
 40
1.0
 40
1.0
 10
293.3299907583354
 20
183.90174358421248
 30
0.0
 10
293.346032425002
 20
184.38174358421247
 30
0.0
 10
293.4020220083354
 20
184.5817435842125
 30
0.0
  0
SPLINE
  5
57E
330
17
100
AcDbEntity
  8
ENGRAVE
100
AcDbSpline
 70
0
 71
2
 72
6
 73
3
 74
0
 40
0.0
 40
0.0
 40
0.0
 40
1.0
 40
1.0
 40
1.0
 10
292.77652131177325
 20
209.4682180575781
 30
0.0
 10
293.0565213117733
 20
210.14022326591143
 30
0.0
 10
293.4245421451066
 20
210.6042336825781
 30
0.0
  0
SPLINE
  5
57F
330
17
100
AcDbEntity
  8
ENGRAVE
100
AcDbSpline
 70
0
 71
2
 72
6
 73
3
 74
0
 40
0.0
 40
0.0
 40
0.0
 40
1.0
 40
1.0
 40
1.0
 10
293.9220220083354
 20
182.46176962587916
 30
0.0
 10
293.68202200833537
 20
182.63778525087915
 30
0.0
 10
293.4980115916687
 20
182.9897644175458
 30
0.0
  0
SPLINE
  5
580
330
17
100
AcDbEntity
  8
ENGRAVE
100
AcDbSpline
 70
0
 71
2
 72
6
 73
3
 74
0
 40
0.0
 40
0.0
 40
0.0
 40
1.0
 40
1.0
 40
1.0
 10
292.32202200833535
 20
185.4697644175458
 30
0.0
 10
293.12202200833536
 20
186.07778525087915
 30
0.0
 10
293.5940272166687
 20
186.24578004254582
 30
0.0
  0
SPLINE
  5
581
330
17
100
AcDbEntity
  8
ENGRAVE
100
AcDbSpline
 70
0
 71
2
 72
6
 73
3
 74
0
 40
0.0
 40
0.0
 40
0.0
 40
1.0
 40
1.0
 40
1.0
 10
293.69652131177327
 20
207.74022326591142
 30
0.0
 10
293.60053172843993
 20
207.3722024325781
 30
0.0
 10
293.67253693677327
 20
207.16420764091143
 30
0.0
  0
SPLINE
  5
582
330
17
100
AcDbEntity
  8
ENGRAVE
100
AcDbSpline
 70
0
 71
2
 72
6
 73
3
 74
0
 40
0.0
 40
0.0
 40
0.0
 40
1.0
 40
1.0
 40
1.0
 10
294.13652131177327
 20
209.21222847424477
 30
0.0
 10
293.9365213117733
 20
208.68423368257808
 30
0.0
 10
293.69652131177327
 20
207.74022326591142
 30
0.0
  0
SPLINE
  5
583
330
17
100
AcDbEntity
  8
ENGRAVE
100
AcDbSpline
 70
0
 71
2
 72
6
 73
3
 74
0
 40
0.0
 40
0.0
 40
0.0
 40
1.0
 40
1.0
 40
1.0
 10
293.67253693677327
 20
207.16420764091143
 30
0.0
 10
293.7445421451066
 20
206.95621284924476
 30
0.0
 10
293.79256297843995
 20
206.94022326591144
 30
0.0
  0
SPLINE
  5
584
330
17
100
AcDbEntity
  8
ENGRAVE
100
AcDbSpline
 70
0
 71
2
 72
6
 73
3
 74
0
 40
0.0
 40
0.0
 40
0.0
 40
1.0
 40
1.0
 40
1.0
 10
294.274001175002
 20
182.25377483421246
 30
0.0
 10
294.1620220083354
 20
182.28575400087914
 30
0.0
 10
293.9220220083354
 20
182.46176962587916
 30
0.0
  0
SPLINE
  5
585
330
17
100
AcDbEntity
  8
ENGRAVE
100
AcDbSpline
 70
0
 71
2
 72
6
 73
3
 74
0
 40
0.0
 40
0.0
 40
0.0
 40
1.0
 40
1.0
 40
1.0
 10
293.4245421451066
 20
210.6042336825781
 30
0.0
 10
293.7445421451066
 20
210.98824409924475
 30
0.0
 10
294.0645421451066
 20
211.30824409924477
 30
0.0
  0
SPLINE
  5
586
330
17
100
AcDbEntity
  8
ENGRAVE
100
AcDbSpline
 70
0
 71
2
 72
6
 73
3
 74
0
 40
0.0
 40
0.0
 40
0.0
 40
1.0
 40
1.0
 40
1.0
 10
294.59253693677323
 20
210.03621284924475
 30
0.0
 10
294.33652131177325
 20
209.74022326591142
 30
0.0
 10
294.13652131177327
 20
209.21222847424477
 30
0.0
  0
SPLINE
  5
587
330
17
100
AcDbEntity
  8
ENGRAVE
100
AcDbSpline
 70
0
 71
2
 72
6
 73
3
 74
0
 40
0.0
 40
0.0
 40
0.0
 40
1.0
 40
1.0
 40
1.0
 10
294.7605317284399
 20
205.69222847424476
 30
0.0
 10
294.4645421451066
 20
205.5642336825781
 30
0.0
 10
294.2405317284399
 20
205.51621284924477
 30
0.0
  0
SPLINE
  5
588
330
17
100
AcDbEntity
  8
ENGRAVE
100
AcDbSpline
 70
0
 71
2
 72
6
 73
3
 74
0
 40
0.0
 40
0.0
 40
0.0
 40
1.0
 40
1.0
 40
1.0
 10
294.810016800002
 20
182.26976441754582
 30
0.0
 10
294.546032425002
 20
182.23778525087914
 30
0.0
 10
294.274001175002
 20
182.25377483421246
 30
0.0
  0
SPLINE
  5
589
330
17
100
AcDbEntity
  8
ENGRAVE
100
AcDbSpline
 70
0
 71
2
 72
6
 73
3
 74
0
 40
0.0
 40
0.0
 40
0.0
 40
1.0
 40
1.0
 40
1.0
 10
293.79256297843995
 20
206.94022326591144
 30
0.0
 10
294.01652131177326
 20
206.87621284924475
 30
0.0
 10
294.28053172843994
 20
206.91621284924477
 30
0.0
  0
SPLINE
  5
58A
330
17
100
AcDbEntity
  8
ENGRAVE
100
AcDbSpline
 70
0
 71
2
 72
6
 73
3
 74
0
 40
0.0
 40
0.0
 40
0.0
 40
1.0
 40
1.0
 40
1.0
 10
293.5940272166687
 20
186.24578004254582
 30
0.0
 10
294.06603242500205
 20
186.4137748342125
 30
0.0
 10
294.4020220083354
 20
185.96575400087914
 30
0.0
  0
SPLINE
  5
58B
330
17
100
AcDbEntity
  8
ENGRAVE
100
AcDbSpline
 70
0
 71
2
 72
6
 73
3
 74
0
 40
0.0
 40
0.0
 40
0.0
 40
1.0
 40
1.0
 40
1.0
 10
295.24855256177324
 20
210.55621284924476
 30
0.0
 10
294.84855256177326
 20
210.3322024325781
 30
0.0
 10
294.59253693677323
 20
210.03621284924475
 30
0.0
  0
SPLINE
  5
58C
330
17
100
AcDbEntity
  8
ENGRAVE
100
AcDbSpline
 70
0
 71
2
 72
6
 73
3
 74
0
 40
0.0
 40
0.0
 40
0.0
 40
1.0
 40
1.0
 40
1.0
 10
294.0645421451066
 20
211.30824409924477
 30
0.0
 10
294.3845421451066
 20
211.62824409924477
 30
0.0
 10
294.6405317284399
 20
211.74022326591142
 30
0.0
  0
SPLINE
  5
58D
330
17
100
AcDbEntity
  8
ENGRAVE
100
AcDbSpline
 70
0
 71
2
 72
6
 73
3
 74
0
 40
0.0
 40
0.0
 40
0.0
 40
1.0
 40
1.0
 40
1.0
 10
294.4020220083354
 20
185.96575400087914
 30
0.0
 10
294.594001175002
 20
185.7897644175458
 30
0.0
 10
294.65001680000205
 20
185.48575400087915
 30
0.0
  0
SPLINE
  5
58E
330
17
100
AcDbEntity
  8
ENGRAVE
100
AcDbSpline
 70
0
 71
2
 72
6
 73
3
 74
0
 40
0.0
 40
0.0
 40
0.0
 40
1.0
 40
1.0
 40
1.0
 10
294.65001680000205
 20
185.48575400087915
 30
0.0
 10
294.70603242500204
 20
185.18174358421248
 30
0.0
 10
294.70603242500204
 20
184.66976441754582
 30
0.0
  0
SPLINE
  5
58F
330
17
100
AcDbEntity
  8
ENGRAVE
100
AcDbSpline
 70
0
 71
2
 72
6
 73
3
 74
0
 40
0.0
 40
0.0
 40
0.0
 40
1.0
 40
1.0
 40
1.0
 10
294.28053172843994
 20
206.91621284924477
 30
0.0
 10
294.54454214510656
 20
206.95621284924476
 30
0.0
 10
294.72053172843994
 20
207.0522024325781
 30
0.0
  0
SPLINE
  5
590
330
17
100
AcDbEntity
  8
ENGRAVE
100
AcDbSpline
 70
0
 71
2
 72
6
 73
3
 74
0
 40
0.0
 40
0.0
 40
0.0
 40
1.0
 40
1.0
 40
1.0
 10
295.2885265201066
 20
205.9482180575781
 30
0.0
 10
295.0565213117733
 20
205.82022326591144
 30
0.0
 10
294.7605317284399
 20
205.69222847424476
 30
0.0
  0
SPLINE
  5
591
330
17
100
AcDbEntity
  8
ENGRAVE
100
AcDbSpline
 70
0
 71
2
 72
6
 73
3
 74
0
 40
0.0
 40
0.0
 40
0.0
 40
1.0
 40
1.0
 40
1.0
 10
294.70603242500204
 20
184.66976441754582
 30
0.0
 10
294.7380115916687
 20
184.3497644175458
 30
0.0
 10
294.7780115916687
 20
183.97377483421246
 30
0.0
  0
SPLINE
  5
592
330
17
100
AcDbEntity
  8
ENGRAVE
100
AcDbSpline
 70
0
 71
2
 72
6
 73
3
 74
0
 40
0.0
 40
0.0
 40
0.0
 40
1.0
 40
1.0
 40
1.0
 10
295.31400117500203
 20
182.44575400087913
 30
0.0
 10
295.074001175002
 20
182.3017435842125
 30
0.0
 10
294.810016800002
 20
182.26976441754582
 30
0.0
  0
SPLINE
  5
593
330
17
100
AcDbEntity
  8
ENGRAVE
100
AcDbSpline
 70
0
 71
2
 72
6
 73
3
 74
0
 40
0.0
 40
0.0
 40
0.0
 40
1.0
 40
1.0
 40
1.0
 10
294.7780115916687
 20
183.97377483421246
 30
0.0
 10
294.8180115916687
 20
183.59778525087916
 30
0.0
 10
294.88202200833535
 20
183.51778525087914
 30
0.0
  0
SPLINE
  5
594
330
17
100
AcDbEntity
  8
ENGRAVE
100
AcDbSpline
 70
0
 71
2
 72
6
 73
3
 74
0
 40
0.0
 40
0.0
 40
0.0
 40
1.0
 40
1.0
 40
1.0
 10
294.88202200833535
 20
183.51778525087914
 30
0.0
 10
294.92999075833535
 20
183.45377483421248
 30
0.0
 10
295.0580115916687
 20
183.39775920921247
 30
0.0
  0
SPLINE
  5
595
330
17
100
AcDbEntity
  8
ENGRAVE
100
AcDbSpline
 70
0
 71
2
 72
6
 73
3
 74
0
 40
0.0
 40
0.0
 40
0.0
 40
1.0
 40
1.0
 40
1.0
 10
294.72053172843994
 20
207.0522024325781
 30
0.0
 10
294.97652131177324
 20
207.18022326591142
 30
0.0
 10
295.17652131177323
 20
207.33222847424477
 30
0.0
  0
SPLINE
  5
596
330
17
100
AcDbEntity
  8
ENGRAVE
100
AcDbSpline
 70
0
 71
2
 72
6
 73
3
 74
0
 40
0.0
 40
0.0
 40
0.0
 40
1.0
 40
1.0
 40
1.0
 10
294.6405317284399
 20
211.74022326591142
 30
0.0
 10
294.8645421451066
 20
211.83621284924476
 30
0.0
 10
295.19253693677325
 20
211.89222847424477
 30
0.0
  0
SPLINE
  5
597
330
17
100
AcDbEntity
  8
ENGRAVE
100
AcDbSpline
 70
0
 71
2
 72
6
 73
3
 74
0
 40
0.0
 40
0.0
 40
0.0
 40
1.0
 40
1.0
 40
1.0
 10
295.6485525617733
 20
210.53222847424476
 30
0.0
 10
295.56855256177323
 20
210.68423368257808
 30
0.0
 10
295.24855256177324
 20
210.55621284924476
 30
0.0
  0
SPLINE
  5
598
330
17
100
AcDbEntity
  8
ENGRAVE
100
AcDbSpline
 70
0
 71
2
 72
6
 73
3
 74
0
 40
0.0
 40
0.0
 40
0.0
 40
1.0
 40
1.0
 40
1.0
 10
295.5205317284399
 20
206.10824409924476
 30
0.0
 10
295.5205317284399
 20
206.07621284924477
 30
0.0
 10
295.2885265201066
 20
205.9482180575781
 30
0.0
  0
SPLINE
  5
599
330
17
100
AcDbEntity
  8
ENGRAVE
100
AcDbSpline
 70
0
 71
2
 72
6
 73
3
 74
0
 40
0.0
 40
0.0
 40
0.0
 40
1.0
 40
1.0
 40
1.0
 10
295.0580115916687
 20
183.39775920921247
 30
0.0
 10
295.18603242500205
 20
183.34174358421248
 30
0.0
 10
295.2980115916687
 20
183.3097644175458
 30
0.0
  0
SPLINE
  5
59A
330
17
100
AcDbEntity
  8
ENGRAVE
100
AcDbSpline
 70
0
 71
2
 72
6
 73
3
 74
0
 40
0.0
 40
0.0
 40
0.0
 40
1.0
 40
1.0
 40
1.0
 10
295.54600638333534
 20
182.90176962587915
 30
0.0
 10
295.5699907583354
 20
182.60575400087913
 30
0.0
 10
295.31400117500203
 20
182.44575400087913
 30
0.0
  0
SPLINE
  5
59B
330
17
100
AcDbEntity
  8
ENGRAVE
100
AcDbSpline
 70
0
 71
2
 72
6
 73
3
 74
0
 40
0.0
 40
0.0
 40
0.0
 40
1.0
 40
1.0
 40
1.0
 10
295.72855256177326
 20
209.10022326591144
 30
0.0
 10
295.55256297843994
 20
209.1642336825781
 30
0.0
 10
295.5045421451066
 20
209.2922024325781
 30
0.0
  0
SPLINE
  5
59C
330
17
100
AcDbEntity
  8
ENGRAVE
100
AcDbSpline
 70
0
 71
2
 72
6
 73
3
 74
0
 40
0.0
 40
0.0
 40
0.0
 40
1.0
 40
1.0
 40
1.0
 10
295.6805317284399
 20
206.2042336825781
 30
0.0
 10
295.5205317284399
 20
206.2042336825781
 30
0.0
 10
295.5205317284399
 20
206.10824409924476
 30
0.0
  0
SPLINE
  5
59D
330
17
100
AcDbEntity
  8
ENGRAVE
100
AcDbSpline
 70
0
 71
2
 72
6
 73
3
 74
0
 40
0.0
 40
0.0
 40
0.0
 40
1.0
 40
1.0
 40
1.0
 10
295.2980115916687
 20
183.3097644175458
 30
0.0
 10
295.52202200833534
 20
183.19778525087915
 30
0.0
 10
295.54600638333534
 20
182.90176962587915
 30
0.0
  0
SPLINE
  5
59E
330
17
100
AcDbEntity
  8
ENGRAVE
100
AcDbSpline
 70
0
 71
2
 72
6
 73
3
 74
0
 40
0.0
 40
0.0
 40
0.0
 40
1.0
 40
1.0
 40
1.0
 10
295.17652131177323
 20
207.33222847424477
 30
0.0
 10
295.3765213117733
 20
207.4842336825781
 30
0.0
 10
295.6165213117732
 20
207.66022326591144
 30
0.0
  0
SPLINE
  5
59F
330
17
100
AcDbEntity
  8
ENGRAVE
100
AcDbSpline
 70
0
 71
2
 72
6
 73
3
 74
0
 40
0.0
 40
0.0
 40
0.0
 40
1.0
 40
1.0
 40
1.0
 10
295.5045421451066
 20
209.2922024325781
 30
0.0
 10
295.5045421451066
 20
209.3722024325781
 30
0.0
 10
295.6325629784399
 20
209.9322024325781
 30
0.0
  0
SPLINE
  5
5A0
330
17
100
AcDbEntity
  8
ENGRAVE
100
AcDbSpline
 70
0
 71
2
 72
6
 73
3
 74
0
 40
0.0
 40
0.0
 40
0.0
 40
1.0
 40
1.0
 40
1.0
 10
295.6325629784399
 20
209.9322024325781
 30
0.0
 10
295.72855256177326
 20
210.38022326591144
 30
0.0
 10
295.6485525617733
 20
210.53222847424476
 30
0.0
  0
SPLINE
  5
5A1
330
17
100
AcDbEntity
  8
ENGRAVE
100
AcDbSpline
 70
0
 71
2
 72
6
 73
3
 74
0
 40
0.0
 40
0.0
 40
0.0
 40
1.0
 40
1.0
 40
1.0
 10
295.19253693677325
 20
211.89222847424477
 30
0.0
 10
295.5205317284399
 20
211.94824409924476
 30
0.0
 10
295.6485525617733
 20
211.94824409924476
 30
0.0
  0
SPLINE
  5
5A2
330
17
100
AcDbEntity
  8
ENGRAVE
100
AcDbSpline
 70
0
 71
2
 72
6
 73
3
 74
0
 40
0.0
 40
0.0
 40
0.0
 40
1.0
 40
1.0
 40
1.0
 10
296.0085265201066
 20
206.3882180575781
 30
0.0
 10
295.77652131177325
 20
206.2042336825781
 30
0.0
 10
295.6805317284399
 20
206.2042336825781
 30
0.0
  0
SPLINE
  5
5A3
330
17
100
AcDbEntity
  8
ENGRAVE
100
AcDbSpline
 70
0
 71
2
 72
6
 73
3
 74
0
 40
0.0
 40
0.0
 40
0.0
 40
1.0
 40
1.0
 40
1.0
 10
296.07253693677325
 20
209.03621284924475
 30
0.0
 10
295.9045421451066
 20
209.03621284924475
 30
0.0
 10
295.72855256177326
 20
209.10022326591144
 30
0.0
  0
SPLINE
  5
5A4
330
17
100
AcDbEntity
  8
ENGRAVE
100
AcDbSpline
 70
0
 71
2
 72
6
 73
3
 74
0
 40
0.0
 40
0.0
 40
0.0
 40
1.0
 40
1.0
 40
1.0
 10
295.786032425002
 20
182.52575400087915
 30
0.0
 10
295.7300428416687
 20
182.78174358421248
 30
0.0
 10
295.746032425002
 20
183.0297644175458
 30
0.0
  0
SPLINE
  5
5A5
330
17
100
AcDbEntity
  8
ENGRAVE
100
AcDbSpline
 70
0
 71
2
 72
6
 73
3
 74
0
 40
0.0
 40
0.0
 40
0.0
 40
1.0
 40
1.0
 40
1.0
 10
295.6165213117732
 20
207.66022326591144
 30
0.0
 10
295.69652131177327
 20
207.70824409924475
 30
0.0
 10
295.7605317284399
 20
207.8442336825781
 30
0.0
  0
SPLINE
  5
5A6
330
17
100
AcDbEntity
  8
ENGRAVE
100
AcDbSpline
 70
0
 71
2
 72
6
 73
3
 74
0
 40
0.0
 40
0.0
 40
0.0
 40
1.0
 40
1.0
 40
1.0
 10
295.97004284166866
 20
182.14174358421246
 30
0.0
 10
295.84202200833533
 20
182.26976441754582
 30
0.0
 10
295.786032425002
 20
182.52575400087915
 30
0.0
  0
SPLINE
  5
5A7
330
17
100
AcDbEntity
  8
ENGRAVE
100
AcDbSpline
 70
0
 71
2
 72
6
 73
3
 74
0
 40
0.0
 40
0.0
 40
0.0
 40
1.0
 40
1.0
 40
1.0
 10
295.746032425002
 20
183.0297644175458
 30
0.0
 10
295.76202200833535
 20
183.27778525087913
 30
0.0
 10
295.82603242500204
 20
183.40575400087914
 30
0.0
  0
SPLINE
  5
5A8
330
17
100
AcDbEntity
  8
ENGRAVE
100
AcDbSpline
 70
0
 71
2
 72
6
 73
3
 74
0
 40
0.0
 40
0.0
 40
0.0
 40
1.0
 40
1.0
 40
1.0
 10
295.82603242500204
 20
183.40575400087914
 30
0.0
 10
295.82603242500204
 20
183.53377483421247
 30
0.0
 10
295.866032425002
 20
183.6057800425458
 30
0.0
  0
SPLINE
  5
5A9
330
17
100
AcDbEntity
  8
ENGRAVE
100
AcDbSpline
 70
0
 71
2
 72
6
 73
3
 74
0
 40
0.0
 40
0.0
 40
0.0
 40
1.0
 40
1.0
 40
1.0
 10
295.866032425002
 20
183.6057800425458
 30
0.0
 10
295.906032425002
 20
183.67778525087914
 30
0.0
 10
295.8900428416687
 20
183.7417435842125
 30
0.0
  0
SPLINE
  5
5AA
330
17
100
AcDbEntity
  8
ENGRAVE
100
AcDbSpline
 70
0
 71
2
 72
6
 73
3
 74
0
 40
0.0
 40
0.0
 40
0.0
 40
1.0
 40
1.0
 40
1.0
 10
295.8900428416687
 20
183.7417435842125
 30
0.0
 10
295.87400117500204
 20
183.80575400087915
 30
0.0
 10
295.9220220083354
 20
183.96575400087914
 30
0.0
  0
SPLINE
  5
5AB
330
17
100
AcDbEntity
  8
ENGRAVE
100
AcDbSpline
 70
0
 71
2
 72
6
 73
3
 74
0
 40
0.0
 40
0.0
 40
0.0
 40
1.0
 40
1.0
 40
1.0
 10
295.7605317284399
 20
207.8442336825781
 30
0.0
 10
295.8245421451066
 20
207.98022326591143
 30
0.0
 10
295.9525629784399
 20
208.0442336825781
 30
0.0
  0
SPLINE
  5
5AC
330
17
100
AcDbEntity
  8
ENGRAVE
100
AcDbSpline
 70
0
 71
2
 72
6
 73
3
 74
0
 40
0.0
 40
0.0
 40
0.0
 40
1.0
 40
1.0
 40
1.0
 10
296.6020220083353
 20
181.94976441754582
 30
0.0
 10
296.24202200833537
 20
181.83778525087914
 30
0.0
 10
295.97004284166866
 20
182.14174358421246
 30
0.0
  0
SPLINE
  5
5AD
330
17
100
AcDbEntity
  8
ENGRAVE
100
AcDbSpline
 70
0
 71
2
 72
6
 73
3
 74
0
 40
0.0
 40
0.0
 40
0.0
 40
1.0
 40
1.0
 40
1.0
 10
296.4965473534399
 20
206.82821805757808
 30
0.0
 10
296.2405317284399
 20
206.57220243257808
 30
0.0
 10
296.0085265201066
 20
206.3882180575781
 30
0.0
  0
SPLINE
  5
5AE
330
17
100
AcDbEntity
  8
ENGRAVE
100
AcDbSpline
 70
0
 71
2
 72
6
 73
3
 74
0
 40
0.0
 40
0.0
 40
0.0
 40
1.0
 40
1.0
 40
1.0
 10
295.9220220083354
 20
183.96575400087914
 30
0.0
 10
295.97004284166866
 20
184.12575400087914
 30
0.0
 10
296.0180115916687
 20
184.26976441754582
 30
0.0
  0
SPLINE
  5
5AF
330
17
100
AcDbEntity
  8
ENGRAVE
100
AcDbSpline
 70
0
 71
2
 72
6
 73
3
 74
0
 40
0.0
 40
0.0
 40
0.0
 40
1.0
 40
1.0
 40
1.0
 10
296.2405317284399
 20
209.11621284924476
 30
0.0
 10
296.2405317284399
 20
209.03621284924475
 30
0.0
 10
296.07253693677325
 20
209.03621284924475
 30
0.0
  0
SPLINE
  5
5B0
330
17
100
AcDbEntity
  8
ENGRAVE
100
AcDbSpline
 70
0
 71
2
 72
6
 73
3
 74
0
 40
0.0
 40
0.0
 40
0.0
 40
1.0
 40
1.0
 40
1.0
 10
295.6485525617733
 20
211.94824409924476
 30
0.0
 10
295.9045421451066
 20
211.8842336825781
 30
0.0
 10
296.2165473534399
 20
211.74022326591142
 30
0.0
  0
SPLINE
  5
5B1
330
17
100
AcDbEntity
  8
ENGRAVE
100
AcDbSpline
 70
0
 71
2
 72
6
 73
3
 74
0
 40
0.0
 40
0.0
 40
0.0
 40
1.0
 40
1.0
 40
1.0
 10
296.2965473534399
 20
209.20420764091142
 30
0.0
 10
296.2405317284399
 20
209.19621284924477
 30
0.0
 10
296.2405317284399
 20
209.11621284924476
 30
0.0
  0
SPLINE
  5
5B2
330
17
100
AcDbEntity
  8
ENGRAVE
100
AcDbSpline
 70
0
 71
2
 72
6
 73
3
 74
0
 40
0.0
 40
0.0
 40
0.0
 40
1.0
 40
1.0
 40
1.0
 10
296.0180115916687
 20
184.26976441754582
 30
0.0
 10
296.1300428416687
 20
184.52575400087915
 30
0.0
 10
296.2740272166687
 20
184.9337487925458
 30
0.0
  0
SPLINE
  5
5B3
330
17
100
AcDbEntity
  8
ENGRAVE
100
AcDbSpline
 70
0
 71
2
 72
6
 73
3
 74
0
 40
0.0
 40
0.0
 40
0.0
 40
1.0
 40
1.0
 40
1.0
 10
295.9525629784399
 20
208.0442336825781
 30
0.0
 10
296.0805317284399
 20
208.23621284924477
 30
0.0
 10
296.28053172843994
 20
208.24420764091144
 30
0.0
  0
SPLINE
  5
5B4
330
17
100
AcDbEntity
  8
ENGRAVE
100
AcDbSpline
 70
0
 71
2
 72
6
 73
3
 74
0
 40
0.0
 40
0.0
 40
0.0
 40
1.0
 40
1.0
 40
1.0
 10
296.41652131177324
 20
209.2122024325781
 30
0.0
 10
296.3525629784399
 20
209.2122024325781
 30
0.0
 10
296.2965473534399
 20
209.20420764091142
 30
0.0
  0
SPLINE
  5
5B5
330
17
100
AcDbEntity
  8
ENGRAVE
100
AcDbSpline
 70
0
 71
2
 72
6
 73
3
 74
0
 40
0.0
 40
0.0
 40
0.0
 40
1.0
 40
1.0
 40
1.0
 10
296.72855256177326
 20
209.50022326591142
 30
0.0
 10
296.54454214510656
 20
209.2122024325781
 30
0.0
 10
296.41652131177324
 20
209.2122024325781
 30
0.0
  0
SPLINE
  5
5B6
330
17
100
AcDbEntity
  8
ENGRAVE
100
AcDbSpline
 70
0
 71
2
 72
6
 73
3
 74
0
 40
0.0
 40
0.0
 40
0.0
 40
1.0
 40
1.0
 40
1.0
 10
296.9205577701066
 20
207.3082180575781
 30
0.0
 10
296.7525629784399
 20
207.0842336825781
 30
0.0
 10
296.4965473534399
 20
206.82821805757808
 30
0.0
  0
SPLINE
  5
5B7
330
17
100
AcDbEntity
  8
ENGRAVE
100
AcDbSpline
 70
0
 71
2
 72
6
 73
3
 74
0
 40
0.0
 40
0.0
 40
0.0
 40
1.0
 40
1.0
 40
1.0
 10
296.2165473534399
 20
211.74022326591142
 30
0.0
 10
296.52855256177327
 20
211.59621284924475
 30
0.0
 10
296.52855256177327
 20
211.40423368257808
 30
0.0
  0
SPLINE
  5
5B8
330
17
100
AcDbEntity
  8
ENGRAVE
100
AcDbSpline
 70
0
 71
2
 72
6
 73
3
 74
0
 40
0.0
 40
0.0
 40
0.0
 40
1.0
 40
1.0
 40
1.0
 10
296.2740272166687
 20
184.9337487925458
 30
0.0
 10
296.4180115916687
 20
185.34174358421248
 30
0.0
 10
296.56202200833536
 20
185.76575400087916
 30
0.0
  0
SPLINE
  5
5B9
330
17
100
AcDbEntity
  8
ENGRAVE
100
AcDbSpline
 70
0
 71
2
 72
6
 73
3
 74
0
 40
0.0
 40
0.0
 40
0.0
 40
1.0
 40
1.0
 40
1.0
 10
297.106032425002
 20
182.71778525087913
 30
0.0
 10
296.96202200833534
 20
182.06174358421248
 30
0.0
 10
296.6020220083353
 20
181.94976441754582
 30
0.0
  0
SPLINE
  5
5BA
330
17
100
AcDbEntity
  8
ENGRAVE
100
AcDbSpline
 70
0
 71
2
 72
6
 73
3
 74
0
 40
0.0
 40
0.0
 40
0.0
 40
1.0
 40
1.0
 40
1.0
 10
296.28053172843994
 20
208.24420764091144
 30
0.0
 10
296.4805317284399
 20
208.2522024325781
 30
0.0
 10
296.67256297843994
 20
208.2522024325781
 30
0.0
  0
SPLINE
  5
5BB
330
17
100
AcDbEntity
  8
ENGRAVE
100
AcDbSpline
 70
0
 71
2
 72
6
 73
3
 74
0
 40
0.0
 40
0.0
 40
0.0
 40
1.0
 40
1.0
 40
1.0
 10
296.97652131177324
 20
210.0922024325781
 30
0.0
 10
296.9125629784399
 20
209.78824409924476
 30
0.0
 10
296.72855256177326
 20
209.50022326591142
 30
0.0
  0
SPLINE
  5
5BC
330
17
100
AcDbEntity
  8
ENGRAVE
100
AcDbSpline
 70
0
 71
2
 72
6
 73
3
 74
0
 40
0.0
 40
0.0
 40
0.0
 40
1.0
 40
1.0
 40
1.0
 10
296.56202200833536
 20
185.76575400087916
 30
0.0
 10
296.70603242500204
 20
186.1897644175458
 30
0.0
 10
296.80202200833537
 20
186.50176962587915
 30
0.0
  0
SPLINE
  5
5BD
330
17
100
AcDbEntity
  8
ENGRAVE
100
AcDbSpline
 70
0
 71
2
 72
6
 73
3
 74
0
 40
0.0
 40
0.0
 40
0.0
 40
1.0
 40
1.0
 40
1.0
 10
296.60855256177325
 20
211.3242336825781
 30
0.0
 10
296.7045421451066
 20
211.3242336825781
 30
0.0
 10
296.8245421451066
 20
211.09222847424476
 30
0.0
  0
SPLINE
  5
5BE
330
17
100
AcDbEntity
  8
ENGRAVE
100
AcDbSpline
 70
0
 71
2
 72
6
 73
3
 74
0
 40
0.0
 40
0.0
 40
0.0
 40
1.0
 40
1.0
 40
1.0
 10
296.80202200833537
 20
186.50176962587915
 30
0.0
 10
296.8980115916687
 20
186.81377483421247
 30
0.0
 10
296.914001175002
 20
186.87778525087916
 30
0.0
  0
SPLINE
  5
5BF
330
17
100
AcDbEntity
  8
ENGRAVE
100
AcDbSpline
 70
0
 71
2
 72
6
 73
3
 74
0
 40
0.0
 40
0.0
 40
0.0
 40
1.0
 40
1.0
 40
1.0
 10
297.0565213117733
 20
207.59621284924475
 30
0.0
 10
297.08855256177327
 20
207.5322024325781
 30
0.0
 10
296.9205577701066
 20
207.3082180575781
 30
0.0
  0
SPLINE
  5
5C0
330
17
100
AcDbEntity
  8
ENGRAVE
100
AcDbSpline
 70
0
 71
2
 72
6
 73
3
 74
0
 40
0.0
 40
0.0
 40
0.0
 40
1.0
 40
1.0
 40
1.0
 10
296.67256297843994
 20
208.2522024325781
 30
0.0
 10
296.8005317284399
 20
208.22022326591141
 30
0.0
 10
296.9445421451066
 20
208.09222847424476
 30
0.0
  0
SPLINE
  5
5C1
330
17
100
AcDbEntity
  8
ENGRAVE
100
AcDbSpline
 70
0
 71
2
 72
6
 73
3
 74
0
 40
0.0
 40
0.0
 40
0.0
 40
1.0
 40
1.0
 40
1.0
 10
297.00855256177323
 20
210.5642336825781
 30
0.0
 10
297.0725629784399
 20
210.26824409924475
 30
0.0
 10
296.97652131177324
 20
210.0922024325781
 30
0.0
  0
SPLINE
  5
5C2
330
17
100
AcDbEntity
  8
ENGRAVE
100
AcDbSpline
 70
0
 71
2
 72
6
 73
3
 74
0
 40
0.0
 40
0.0
 40
0.0
 40
1.0
 40
1.0
 40
1.0
 10
296.8245421451066
 20
211.09222847424476
 30
0.0
 10
296.9445421451066
 20
210.86022326591143
 30
0.0
 10
297.00855256177323
 20
210.5642336825781
 30
0.0
  0
SPLINE
  5
5C3
330
17
100
AcDbEntity
  8
ENGRAVE
100
AcDbSpline
 70
0
 71
2
 72
6
 73
3
 74
0
 40
0.0
 40
0.0
 40
0.0
 40
1.0
 40
1.0
 40
1.0
 10
297.0645421451066
 20
207.63621284924477
 30
0.0
 10
297.0565213117733
 20
207.59621284924475
 30
0.0
 10
297.0565213117733
 20
207.59621284924475
 30
0.0
  0
SPLINE
  5
5C4
330
17
100
AcDbEntity
  8
ENGRAVE
100
AcDbSpline
 70
0
 71
2
 72
6
 73
3
 74
0
 40
0.0
 40
0.0
 40
0.0
 40
1.0
 40
1.0
 40
1.0
 10
297.13652131177327
 20
207.67621284924476
 30
0.0
 10
297.0725629784399
 20
207.67621284924476
 30
0.0
 10
297.0645421451066
 20
207.63621284924477
 30
0.0
  0
SPLINE
  5
5C5
330
17
100
AcDbEntity
  8
ENGRAVE
100
AcDbSpline
 70
0
 71
2
 72
6
 73
3
 74
0
 40
0.0
 40
0.0
 40
0.0
 40
1.0
 40
1.0
 40
1.0
 10
297.23402721666866
 20
183.0697644175458
 30
0.0
 10
297.186032425002
 20
182.84575400087914
 30
0.0
 10
297.106032425002
 20
182.71778525087913
 30
0.0
  0
SPLINE
  5
5C6
330
17
100
AcDbEntity
  8
ENGRAVE
100
AcDbSpline
 70
0
 71
2
 72
6
 73
3
 74
0
 40
0.0
 40
0.0
 40
0.0
 40
1.0
 40
1.0
 40
1.0
 10
297.1605577701066
 20
207.8442336825781
 30
0.0
 10
297.23256297843994
 20
207.7242336825781
 30
0.0
 10
297.13652131177327
 20
207.67621284924476
 30
0.0
  0
SPLINE
  5
5C7
330
17
100
AcDbEntity
  8
ENGRAVE
100
AcDbSpline
 70
0
 71
2
 72
6
 73
3
 74
0
 40
0.0
 40
0.0
 40
0.0
 40
1.0
 40
1.0
 40
1.0
 10
296.9445421451066
 20
208.09222847424476
 30
0.0
 10
297.08855256177327
 20
207.96423368257808
 30
0.0
 10
297.1605577701066
 20
207.8442336825781
 30
0.0
  0
SPLINE
  5
5C8
330
17
100
AcDbEntity
  8
ENGRAVE
100
AcDbSpline
 70
0
 71
2
 72
6
 73
3
 74
0
 40
0.0
 40
0.0
 40
0.0
 40
1.0
 40
1.0
 40
1.0
 10
296.914001175002
 20
186.87778525087916
 30
0.0
 10
296.914001175002
 20
187.0697644175458
 30
0.0
 10
297.1700428416687
 20
187.08575400087915
 30
0.0
  0
SPLINE
  5
5C9
330
17
100
AcDbEntity
  8
ENGRAVE
100
AcDbSpline
 70
0
 71
2
 72
6
 73
3
 74
0
 40
0.0
 40
0.0
 40
0.0
 40
1.0
 40
1.0
 40
1.0
 10
297.3140272166687
 20
183.5097644175458
 30
0.0
 10
297.28202200833533
 20
183.29377483421248
 30
0.0
 10
297.23402721666866
 20
183.0697644175458
 30
0.0
  0
SPLINE
  5
5CA
330
17
100
AcDbEntity
  8
ENGRAVE
100
AcDbSpline
 70
0
 71
2
 72
6
 73
3
 74
0
 40
0.0
 40
0.0
 40
0.0
 40
1.0
 40
1.0
 40
1.0
 10
297.37801159166867
 20
183.80575400087915
 30
0.0
 10
297.346032425002
 20
183.72575400087914
 30
0.0
 10
297.3140272166687
 20
183.5097644175458
 30
0.0
  0
SPLINE
  5
5CB
330
17
100
AcDbEntity
  8
ENGRAVE
100
AcDbSpline
 70
0
 71
2
 72
6
 73
3
 74
0
 40
0.0
 40
0.0
 40
0.0
 40
1.0
 40
1.0
 40
1.0
 10
297.370016800002
 20
189.03775920921248
 30
0.0
 10
297.2980115916687
 20
189.32575400087913
 30
0.0
 10
297.3620220083354
 20
189.37377483421247
 30
0.0
  0
SPLINE
  5
5CC
330
17
100
AcDbEntity
  8
ENGRAVE
100
AcDbSpline
 70
0
 71
2
 72
6
 73
3
 74
0
 40
0.0
 40
0.0
 40
0.0
 40
1.0
 40
1.0
 40
1.0
 10
297.69801159166866
 20
188.55778525087914
 30
0.0
 10
297.44202200833536
 20
188.7497644175458
 30
0.0
 10
297.370016800002
 20
189.03775920921248
 30
0.0
  0
SPLINE
  5
5CD
330
17
100
AcDbEntity
  8
ENGRAVE
100
AcDbSpline
 70
0
 71
2
 72
6
 73
3
 74
0
 40
0.0
 40
0.0
 40
0.0
 40
1.0
 40
1.0
 40
1.0
 10
297.53001680000204
 20
184.24578004254582
 30
0.0
 10
297.44202200833536
 20
184.01377483421248
 30
0.0
 10
297.37801159166867
 20
183.80575400087915
 30
0.0
  0
SPLINE
  5
5CE
330
17
100
AcDbEntity
  8
ENGRAVE
100
AcDbSpline
 70
0
 71
2
 72
6
 73
3
 74
0
 40
0.0
 40
0.0
 40
0.0
 40
1.0
 40
1.0
 40
1.0
 10
297.68202200833537
 20
184.60575400087913
 30
0.0
 10
297.6180115916687
 20
184.47778525087915
 30
0.0
 10
297.53001680000204
 20
184.24578004254582
 30
0.0
  0
SPLINE
  5
5CF
330
17
100
AcDbEntity
  8
ENGRAVE
100
AcDbSpline
 70
0
 71
2
 72
6
 73
3
 74
0
 40
0.0
 40
0.0
 40
0.0
 40
1.0
 40
1.0
 40
1.0
 10
297.1700428416687
 20
187.08575400087915
 30
0.0
 10
297.3620220083354
 20
187.1497644175458
 30
0.0
 10
297.6340272166687
 20
186.92575400087915
 30
0.0
  0
SPLINE
  5
5D0
330
17
100
AcDbEntity
  8
ENGRAVE
100
AcDbSpline
 70
0
 71
2
 72
6
 73
3
 74
0
 40
0.0
 40
0.0
 40
0.0
 40
1.0
 40
1.0
 40
1.0
 10
297.3620220083354
 20
189.37377483421247
 30
0.0
 10
297.52202200833534
 20
189.54976441754582
 30
0.0
 10
297.64202200833535
 20
189.83775920921246
 30
0.0
  0
SPLINE
  5
5D1
330
17
100
AcDbEntity
  8
ENGRAVE
100
AcDbSpline
 70
0
 71
2
 72
6
 73
3
 74
0
 40
0.0
 40
0.0
 40
0.0
 40
1.0
 40
1.0
 40
1.0
 10
297.80202200833537
 20
185.09377483421247
 30
0.0
 10
297.714001175002
 20
184.79778525087914
 30
0.0
 10
297.68202200833537
 20
184.60575400087913
 30
0.0
  0
SPLINE
  5
5D2
330
17
100
AcDbEntity
  8
ENGRAVE
100
AcDbSpline
 70
0
 71
2
 72
6
 73
3
 74
0
 40
0.0
 40
0.0
 40
0.0
 40
1.0
 40
1.0
 40
1.0
 10
298.29001680000204
 20
188.4857800425458
 30
0.0
 10
297.9220220083354
 20
188.39778525087914
 30
0.0
 10
297.69801159166866
 20
188.55778525087914
 30
0.0
  0
SPLINE
  5
5D3
330
17
100
AcDbEntity
  8
ENGRAVE
100
AcDbSpline
 70
0
 71
2
 72
6
 73
3
 74
0
 40
0.0
 40
0.0
 40
0.0
 40
1.0
 40
1.0
 40
1.0
 10
297.954001175002
 20
185.51778525087914
 30
0.0
 10
297.8900428416687
 20
185.38976441754582
 30
0.0
 10
297.80202200833537
 20
185.09377483421247
 30
0.0
  0
SPLINE
  5
5D4
330
17
100
AcDbEntity
  8
ENGRAVE
100
AcDbSpline
 70
0
 71
2
 72
6
 73
3
 74
0
 40
0.0
 40
0.0
 40
0.0
 40
1.0
 40
1.0
 40
1.0
 10
297.64202200833535
 20
189.83775920921246
 30
0.0
 10
297.76202200833535
 20
190.12575400087914
 30
0.0
 10
297.906032425002
 20
190.36575400087915
 30
0.0
  0
SPLINE
  5
5D5
330
17
100
AcDbEntity
  8
ENGRAVE
100
AcDbSpline
 70
0
 71
2
 72
6
 73
3
 74
0
 40
0.0
 40
0.0
 40
0.0
 40
1.0
 40
1.0
 40
1.0
 10
298.1620220083353
 20
186.10976441754582
 30
0.0
 10
298.1300428416687
 20
185.90174358421248
 30
0.0
 10
297.954001175002
 20
185.51778525087914
 30
0.0
  0
SPLINE
  5
5D6
330
17
100
AcDbEntity
  8
ENGRAVE
100
AcDbSpline
 70
0
 71
2
 72
6
 73
3
 74
0
 40
0.0
 40
0.0
 40
0.0
 40
1.0
 40
1.0
 40
1.0
 10
297.906032425002
 20
190.36575400087915
 30
0.0
 10
297.93801159166867
 20
190.4137748342125
 30
0.0
 10
297.9940272166687
 20
190.50176962587915
 30
0.0
  0
SPLINE
  5
5D7
330
17
100
AcDbEntity
  8
ENGRAVE
100
AcDbSpline
 70
0
 71
2
 72
6
 73
3
 74
0
 40
0.0
 40
0.0
 40
0.0
 40
1.0
 40
1.0
 40
1.0
 10
298.12055777010653
 20
206.30022326591143
 30
0.0
 10
297.95256297843986
 20
206.47621284924477
 30
0.0
 10
298.00053172843985
 20
206.79621284924477
 30
0.0
  0
SPLINE
  5
5D8
330
17
100
AcDbEntity
  8
ENGRAVE
100
AcDbSpline
 70
0
 71
2
 72
6
 73
3
 74
0
 40
0.0
 40
0.0
 40
0.0
 40
1.0
 40
1.0
 40
1.0
 10
297.6340272166687
 20
186.92575400087915
 30
0.0
 10
297.906032425002
 20
186.70174358421247
 30
0.0
 10
298.066032425002
 20
186.44575400087913
 30
0.0
  0
SPLINE
  5
5D9
330
17
100
AcDbEntity
  8
ENGRAVE
100
AcDbSpline
 70
0
 71
2
 72
6
 73
3
 74
0
 40
0.0
 40
0.0
 40
0.0
 40
1.0
 40
1.0
 40
1.0
 10
297.9940272166687
 20
190.50176962587915
 30
0.0
 10
298.0500428416687
 20
190.5897644175458
 30
0.0
 10
298.11400117500204
 20
190.60575400087913
 30
0.0
  0
SPLINE
  5
5DA
330
17
100
AcDbEntity
  8
ENGRAVE
100
AcDbSpline
 70
0
 71
2
 72
6
 73
3
 74
0
 40
0.0
 40
0.0
 40
0.0
 40
1.0
 40
1.0
 40
1.0
 10
298.4325629784399
 20
206.0122024325781
 30
0.0
 10
298.2885525617732
 20
206.1242336825781
 30
0.0
 10
298.12055777010653
 20
206.30022326591143
 30
0.0
  0
SPLINE
  5
5DB
330
17
100
AcDbEntity
  8
ENGRAVE
100
AcDbSpline
 70
0
 71
2
 72
6
 73
3
 74
0
 40
0.0
 40
0.0
 40
0.0
 40
1.0
 40
1.0
 40
1.0
 10
298.00053172843985
 20
206.79621284924477
 30
0.0
 10
298.0485525617732
 20
207.24423368257808
 30
0.0
 10
298.12855256177323
 20
207.5882180575781
 30
0.0
  0
SPLINE
  5
5DC
330
17
100
AcDbEntity
  8
ENGRAVE
100
AcDbSpline
 70
0
 71
2
 72
6
 73
3
 74
0
 40
0.0
 40
0.0
 40
0.0
 40
1.0
 40
1.0
 40
1.0
 10
298.066032425002
 20
186.44575400087913
 30
0.0
 10
298.19400117500203
 20
186.31778525087915
 30
0.0
 10
298.1620220083353
 20
186.10976441754582
 30
0.0
  0
SPLINE
  5
5DD
330
17
100
AcDbEntity
  8
ENGRAVE
100
AcDbSpline
 70
0
 71
2
 72
6
 73
3
 74
0
 40
0.0
 40
0.0
 40
0.0
 40
1.0
 40
1.0
 40
1.0
 10
298.8980115916687
 20
188.89377483421248
 30
0.0
 10
298.6580115916687
 20
188.5737748342125
 30
0.0
 10
298.29001680000204
 20
188.4857800425458
 30
0.0
  0
SPLINE
  5
5DE
330
17
100
AcDbEntity
  8
ENGRAVE
100
AcDbSpline
 70
0
 71
2
 72
6
 73
3
 74
0
 40
0.0
 40
0.0
 40
0.0
 40
1.0
 40
1.0
 40
1.0
 10
298.12855256177323
 20
207.5882180575781
 30
0.0
 10
298.2085525617732
 20
207.9322024325781
 30
0.0
 10
298.3205317284399
 20
208.38022326591144
 30
0.0
  0
SPLINE
  5
5DF
330
17
100
AcDbEntity
  8
ENGRAVE
100
AcDbSpline
 70
0
 71
2
 72
6
 73
3
 74
0
 40
0.0
 40
0.0
 40
0.0
 40
1.0
 40
1.0
 40
1.0
 10
298.8725629784399
 20
205.82022326591144
 30
0.0
 10
298.68855256177324
 20
205.75621284924478
 30
0.0
 10
298.4325629784399
 20
206.0122024325781
 30
0.0
  0
SPLINE
  5
5E0
330
17
100
AcDbEntity
  8
ENGRAVE
100
AcDbSpline
 70
0
 71
2
 72
6
 73
3
 74
0
 40
0.0
 40
0.0
 40
0.0
 40
1.0
 40
1.0
 40
1.0
 10
298.3205317284399
 20
208.38022326591144
 30
0.0
 10
298.3525629784399
 20
208.57220243257808
 30
0.0
 10
298.4885525617732
 20
209.03621284924475
 30
0.0
  0
SPLINE
  5
5E1
330
17
100
AcDbEntity
  8
ENGRAVE
100
AcDbSpline
 70
0
 71
2
 72
6
 73
3
 74
0
 40
0.0
 40
0.0
 40
0.0
 40
1.0
 40
1.0
 40
1.0
 10
298.11400117500204
 20
190.60575400087913
 30
0.0
 10
298.306032425002
 20
190.73377483421248
 30
0.0
 10
298.650016800002
 20
190.5897644175458
 30
0.0
  0
SPLINE
  5
5E2
330
17
100
AcDbEntity
  8
ENGRAVE
100
AcDbSpline
 70
0
 71
2
 72
6
 73
3
 74
0
 40
0.0
 40
0.0
 40
0.0
 40
1.0
 40
1.0
 40
1.0
 10
298.4885525617732
 20
209.03621284924475
 30
0.0
 10
298.62454214510655
 20
209.50022326591142
 30
0.0
 10
298.8165473534399
 20
210.0442336825781
 30
0.0
  0
SPLINE
  5
5E3
330
17
100
AcDbEntity
  8
ENGRAVE
100
AcDbSpline
 70
0
 71
2
 72
6
 73
3
 74
0
 40
0.0
 40
0.0
 40
0.0
 40
1.0
 40
1.0
 40
1.0
 10
299.18603242500205
 20
181.86176962587913
 30
0.0
 10
298.94603242500204
 20
182.10976441754582
 30
0.0
 10
298.85001680000204
 20
182.5897644175458
 30
0.0
  0
SPLINE
  5
5E4
330
17
100
AcDbEntity
  8
ENGRAVE
100
AcDbSpline
 70
0
 71
2
 72
6
 73
3
 74
0
 40
0.0
 40
0.0
 40
0.0
 40
1.0
 40
1.0
 40
1.0
 10
299.24855256177324
 20
206.14022326591143
 30
0.0
 10
299.05657339510657
 20
205.8842336825781
 30
0.0
 10
298.8725629784399
 20
205.82022326591144
 30
0.0
  0
SPLINE
  5
5E5
330
17
100
AcDbEntity
  8
ENGRAVE
100
AcDbSpline
 70
0
 71
2
 72
6
 73
3
 74
0
 40
0.0
 40
0.0
 40
0.0
 40
1.0
 40
1.0
 40
1.0
 10
298.85001680000204
 20
182.5897644175458
 30
0.0
 10
298.75400117500203
 20
183.0697644175458
 30
0.0
 10
298.88202200833535
 20
183.66174358421247
 30
0.0
  0
SPLINE
  5
5E6
330
17
100
AcDbEntity
  8
ENGRAVE
100
AcDbSpline
 70
0
 71
2
 72
6
 73
3
 74
0
 40
0.0
 40
0.0
 40
0.0
 40
1.0
 40
1.0
 40
1.0
 10
299.154001175002
 20
190.1897644175458
 30
0.0
 10
299.44202200833536
 20
189.54976441754582
 30
0.0
 10
298.8980115916687
 20
188.89377483421248
 30
0.0
  0
SPLINE
  5
5E7
330
17
100
AcDbEntity
  8
ENGRAVE
100
AcDbSpline
 70
0
 71
2
 72
6
 73
3
 74
0
 40
0.0
 40
0.0
 40
0.0
 40
1.0
 40
1.0
 40
1.0
 10
298.88202200833535
 20
183.66174358421247
 30
0.0
 10
298.9620220083354
 20
183.8537748342125
 30
0.0
 10
299.01001680000206
 20
184.03775920921248
 30
0.0
  0
SPLINE
  5
5E8
330
17
100
AcDbEntity
  8
ENGRAVE
100
AcDbSpline
 70
0
 71
2
 72
6
 73
3
 74
0
 40
0.0
 40
0.0
 40
0.0
 40
1.0
 40
1.0
 40
1.0
 10
299.01001680000206
 20
184.03775920921248
 30
0.0
 10
299.05801159166873
 20
184.22174358421248
 30
0.0
 10
299.05801159166873
 20
184.33377483421248
 30
0.0
  0
SPLINE
  5
5E9
330
17
100
AcDbEntity
  8
ENGRAVE
100
AcDbSpline
 70
0
 71
2
 72
6
 73
3
 74
0
 40
0.0
 40
0.0
 40
0.0
 40
1.0
 40
1.0
 40
1.0
 10
298.650016800002
 20
190.5897644175458
 30
0.0
 10
298.99400117500204
 20
190.44575400087913
 30
0.0
 10
299.154001175002
 20
190.1897644175458
 30
0.0
  0
SPLINE
  5
5EA
330
17
100
AcDbEntity
  8
ENGRAVE
100
AcDbSpline
 70
0
 71
2
 72
6
 73
3
 74
0
 40
0.0
 40
0.0
 40
0.0
 40
1.0
 40
1.0
 40
1.0
 10
299.05801159166873
 20
184.33377483421248
 30
0.0
 10
299.0899907583354
 20
184.49377483421247
 30
0.0
 10
299.1860063833354
 20
184.80578004254582
 30
0.0
  0
SPLINE
  5
5EB
330
17
100
AcDbEntity
  8
ENGRAVE
100
AcDbSpline
 70
0
 71
2
 72
6
 73
3
 74
0
 40
0.0
 40
0.0
 40
0.0
 40
1.0
 40
1.0
 40
1.0
 10
299.72999075833536
 20
181.69377483421246
 30
0.0
 10
299.42603242500206
 20
181.61377483421248
 30
0.0
 10
299.18603242500205
 20
181.86176962587913
 30
0.0
  0
SPLINE
  5
5EC
330
17
100
AcDbEntity
  8
ENGRAVE
100
AcDbSpline
 70
0
 71
2
 72
6
 73
3
 74
0
 40
0.0
 40
0.0
 40
0.0
 40
1.0
 40
1.0
 40
1.0
 10
298.8165473534399
 20
210.0442336825781
 30
0.0
 10
299.00855256177323
 20
210.58824409924478
 30
0.0
 10
299.21654735343986
 20
211.07623889091144
 30
0.0
  0
SPLINE
  5
5ED
330
17
100
AcDbEntity
  8
ENGRAVE
100
AcDbSpline
 70
0
 71
2
 72
6
 73
3
 74
0
 40
0.0
 40
0.0
 40
0.0
 40
1.0
 40
1.0
 40
1.0
 10
299.4085525617732
 20
206.43623889091143
 30
0.0
 10
299.36053172843987
 20
206.2842336825781
 30
0.0
 10
299.24855256177324
 20
206.14022326591143
 30
0.0
  0
SPLINE
  5
5EE
330
17
100
AcDbEntity
  8
ENGRAVE
100
AcDbSpline
 70
0
 71
2
 72
6
 73
3
 74
0
 40
0.0
 40
0.0
 40
0.0
 40
1.0
 40
1.0
 40
1.0
 10
299.1860063833354
 20
184.80578004254582
 30
0.0
 10
299.2820220083354
 20
185.11778525087914
 30
0.0
 10
299.3940272166687
 20
185.45377483421248
 30
0.0
  0
SPLINE
  5
5EF
330
17
100
AcDbEntity
  8
ENGRAVE
100
AcDbSpline
 70
0
 71
2
 72
6
 73
3
 74
0
 40
0.0
 40
0.0
 40
0.0
 40
1.0
 40
1.0
 40
1.0
 10
299.45657339510655
 20
206.58824409924478
 30
0.0
 10
299.45657339510655
 20
206.58824409924478
 30
0.0
 10
299.4085525617732
 20
206.43623889091143
 30
0.0
  0
SPLINE
  5
5F0
330
17
100
AcDbEntity
  8
ENGRAVE
100
AcDbSpline
 70
0
 71
2
 72
6
 73
3
 74
0
 40
0.0
 40
0.0
 40
0.0
 40
1.0
 40
1.0
 40
1.0
 10
299.51256297843986
 20
206.88420764091143
 30
0.0
 10
299.45657339510655
 20
206.63621284924477
 30
0.0
 10
299.45657339510655
 20
206.58824409924478
 30
0.0
  0
SPLINE
  5
5F1
330
17
100
AcDbEntity
  8
ENGRAVE
100
AcDbSpline
 70
0
 71
2
 72
6
 73
3
 74
0
 40
0.0
 40
0.0
 40
0.0
 40
1.0
 40
1.0
 40
1.0
 10
299.6485525617732
 20
207.40420764091144
 30
0.0
 10
299.56855256177323
 20
207.13220243257808
 30
0.0
 10
299.51256297843986
 20
206.88420764091143
 30
0.0
  0
SPLINE
  5
5F2
330
17
100
AcDbEntity
  8
ENGRAVE
100
AcDbSpline
 70
0
 71
2
 72
6
 73
3
 74
0
 40
0.0
 40
0.0
 40
0.0
 40
1.0
 40
1.0
 40
1.0
 10
299.21654735343986
 20
211.07623889091144
 30
0.0
 10
299.42454214510656
 20
211.5642336825781
 30
0.0
 10
299.5845421451065
 20
211.8042336825781
 30
0.0
  0
SPLINE
  5
5F3
330
17
100
AcDbEntity
  8
ENGRAVE
100
AcDbSpline
 70
0
 71
2
 72
6
 73
3
 74
0
 40
0.0
 40
0.0
 40
0.0
 40
1.0
 40
1.0
 40
1.0
 10
299.3940272166687
 20
185.45377483421248
 30
0.0
 10
299.50603242500205
 20
185.7897644175458
 30
0.0
 10
299.61001680000203
 20
186.05377483421248
 30
0.0
  0
SPLINE
  5
5F4
330
17
100
AcDbEntity
  8
ENGRAVE
100
AcDbSpline
 70
0
 71
2
 72
6
 73
3
 74
0
 40
0.0
 40
0.0
 40
0.0
 40
1.0
 40
1.0
 40
1.0
 10
299.8085525617732
 20
207.75621284924478
 30
0.0
 10
299.7285525617732
 20
207.67621284924476
 30
0.0
 10
299.6485525617732
 20
207.40420764091144
 30
0.0
  0
SPLINE
  5
5F5
330
17
100
AcDbEntity
  8
ENGRAVE
100
AcDbSpline
 70
0
 71
2
 72
6
 73
3
 74
0
 40
0.0
 40
0.0
 40
0.0
 40
1.0
 40
1.0
 40
1.0
 10
299.9780115916687
 20
181.96578004254582
 30
0.0
 10
299.8580115916687
 20
181.75778525087915
 30
0.0
 10
299.72999075833536
 20
181.69377483421246
 30
0.0
  0
SPLINE
  5
5F6
330
17
100
AcDbEntity
  8
ENGRAVE
100
AcDbSpline
 70
0
 71
2
 72
6
 73
3
 74
0
 40
0.0
 40
0.0
 40
0.0
 40
1.0
 40
1.0
 40
1.0
 10
299.61001680000203
 20
186.05377483421248
 30
0.0
 10
299.71400117500207
 20
186.31778525087915
 30
0.0
 10
299.74603242500206
 20
186.38174358421247
 30
0.0
  0
SPLINE
  5
5F7
330
17
100
AcDbEntity
  8
ENGRAVE
100
AcDbSpline
 70
0
 71
2
 72
6
 73
3
 74
0
 40
0.0
 40
0.0
 40
0.0
 40
1.0
 40
1.0
 40
1.0
 10
300.0645681867732
 20
208.07623889091144
 30
0.0
 10
299.93657339510656
 20
207.96423368257808
 30
0.0
 10
299.8085525617732
 20
207.75621284924478
 30
0.0
  0
SPLINE
  5
5F8
330
17
100
AcDbEntity
  8
ENGRAVE
100
AcDbSpline
 70
0
 71
2
 72
6
 73
3
 74
0
 40
0.0
 40
0.0
 40
0.0
 40
1.0
 40
1.0
 40
1.0
 10
299.74603242500206
 20
186.38174358421247
 30
0.0
 10
299.8099907583354
 20
186.38174358421247
 30
0.0
 10
299.8580115916687
 20
186.4937487925458
 30
0.0
  0
SPLINE
  5
5F9
330
17
100
AcDbEntity
  8
ENGRAVE
100
AcDbSpline
 70
0
 71
2
 72
6
 73
3
 74
0
 40
0.0
 40
0.0
 40
0.0
 40
1.0
 40
1.0
 40
1.0
 10
300.0405317284399
 20
209.81222847424476
 30
0.0
 10
299.92053172843987
 20
209.59621284924475
 30
0.0
 10
299.8725369367732
 20
209.46022326591142
 30
0.0
  0
SPLINE
  5
5FA
330
17
100
AcDbEntity
  8
ENGRAVE
100
AcDbSpline
 70
0
 71
2
 72
6
 73
3
 74
0
 40
0.0
 40
0.0
 40
0.0
 40
1.0
 40
1.0
 40
1.0
 10
299.8725369367732
 20
209.46022326591142
 30
0.0
 10
299.82454214510653
 20
209.3242336825781
 30
0.0
 10
299.9045421451065
 20
209.34022326591142
 30
0.0
  0
SPLINE
  5
5FB
330
17
100
AcDbEntity
  8
ENGRAVE
100
AcDbSpline
 70
0
 71
2
 72
6
 73
3
 74
0
 40
0.0
 40
0.0
 40
0.0
 40
1.0
 40
1.0
 40
1.0
 10
299.8580115916687
 20
186.4937487925458
 30
0.0
 10
299.906032425002
 20
186.60575400087913
 30
0.0
 10
299.906032425002
 20
186.71778525087913
 30
0.0
  0
SPLINE
  5
5FC
330
17
100
AcDbEntity
  8
ENGRAVE
100
AcDbSpline
 70
0
 71
2
 72
6
 73
3
 74
0
 40
0.0
 40
0.0
 40
0.0
 40
1.0
 40
1.0
 40
1.0
 10
299.906032425002
 20
186.71778525087913
 30
0.0
 10
299.906032425002
 20
186.84575400087914
 30
0.0
 10
299.9620220083354
 20
187.00575400087914
 30
0.0
  0
SPLINE
  5
5FD
330
17
100
AcDbEntity
  8
ENGRAVE
100
AcDbSpline
 70
0
 71
2
 72
6
 73
3
 74
0
 40
0.0
 40
0.0
 40
0.0
 40
1.0
 40
1.0
 40
1.0
 10
300.0980115916687
 20
182.55778525087914
 30
0.0
 10
300.0980115916687
 20
182.17377483421248
 30
0.0
 10
299.9780115916687
 20
181.96578004254582
 30
0.0
  0
SPLINE
  5
5FE
330
17
100
AcDbEntity
  8
ENGRAVE
100
AcDbSpline
 70
0
 71
2
 72
6
 73
3
 74
0
 40
0.0
 40
0.0
 40
0.0
 40
1.0
 40
1.0
 40
1.0
 10
300.24053172843986
 20
210.22022326591144
 30
0.0
 10
300.1605317284399
 20
210.02824409924477
 30
0.0
 10
300.0405317284399
 20
209.81222847424476
 30
0.0
  0
SPLINE
  5
5FF
330
17
100
AcDbEntity
  8
ENGRAVE
100
AcDbSpline
 70
0
 71
2
 72
6
 73
3
 74
0
 40
0.0
 40
0.0
 40
0.0
 40
1.0
 40
1.0
 40
1.0
 10
300.30454214510655
 20
208.31621284924475
 30
0.0
 10
300.19256297843987
 20
208.18824409924477
 30
0.0
 10
300.0645681867732
 20
208.07623889091144
 30
0.0
  0
SPLINE
  5
600
330
17
100
AcDbEntity
  8
ENGRAVE
100
AcDbSpline
 70
0
 71
2
 72
6
 73
3
 74
0
 40
0.0
 40
0.0
 40
0.0
 40
1.0
 40
1.0
 40
1.0
 10
299.9620220083354
 20
187.00575400087914
 30
0.0
 10
300.0180115916687
 20
187.16575400087913
 30
0.0
 10
300.0820220083354
 20
187.22976441754582
 30
0.0
  0
SPLINE
  5
601
330
17
100
AcDbEntity
  8
ENGRAVE
100
AcDbSpline
 70
0
 71
2
 72
6
 73
3
 74
0
 40
0.0
 40
0.0
 40
0.0
 40
1.0
 40
1.0
 40
1.0
 10
300.31400117500203
 20
183.74176962587913
 30
0.0
 10
300.0980115916687
 20
183.00575400087914
 30
0.0
 10
300.0980115916687
 20
182.55778525087914
 30
0.0
  0
SPLINE
  5
602
330
17
100
AcDbEntity
  8
ENGRAVE
100
AcDbSpline
 70
0
 71
2
 72
6
 73
3
 74
0
 40
0.0
 40
0.0
 40
0.0
 40
1.0
 40
1.0
 40
1.0
 10
299.5845421451065
 20
211.8042336825781
 30
0.0
 10
299.7605317284399
 20
211.96423368257808
 30
0.0
 10
300.10454214510656
 20
211.96423368257808
 30
0.0
  0
SPLINE
  5
603
330
17
100
AcDbEntity
  8
ENGRAVE
100
AcDbSpline
 70
0
 71
2
 72
6
 73
3
 74
0
 40
0.0
 40
0.0
 40
0.0
 40
1.0
 40
1.0
 40
1.0
 10
300.0820220083354
 20
187.22976441754582
 30
0.0
 10
300.0820220083354
 20
187.3097644175458
 30
0.0
 10
300.12202200833536
 20
187.4137748342125
 30
0.0
  0
SPLINE
  5
604
330
17
100
AcDbEntity
  8
ENGRAVE
100
AcDbSpline
 70
0
 71
2
 72
6
 73
3
 74
0
 40
0.0
 40
0.0
 40
0.0
 40
1.0
 40
1.0
 40
1.0
 10
300.12202200833536
 20
187.4137748342125
 30
0.0
 10
300.1620220083354
 20
187.51778525087914
 30
0.0
 10
300.1620220083354
 20
187.5817435842125
 30
0.0
  0
SPLINE
  5
605
330
17
100
AcDbEntity
  8
ENGRAVE
100
AcDbSpline
 70
0
 71
2
 72
6
 73
3
 74
0
 40
0.0
 40
0.0
 40
0.0
 40
1.0
 40
1.0
 40
1.0
 10
300.1620220083354
 20
187.5817435842125
 30
0.0
 10
300.1620220083354
 20
187.64575400087915
 30
0.0
 10
300.20202200833535
 20
187.7097644175458
 30
0.0
  0
SPLINE
  5
606
330
17
100
AcDbEntity
  8
ENGRAVE
100
AcDbSpline
 70
0
 71
2
 72
6
 73
3
 74
0
 40
0.0
 40
0.0
 40
0.0
 40
1.0
 40
1.0
 40
1.0
 10
300.68855256177324
 20
211.3322024325781
 30
0.0
 10
300.62454214510655
 20
210.9722024325781
 30
0.0
 10
300.24053172843986
 20
210.22022326591144
 30
0.0
  0
SPLINE
  5
607
330
17
100
AcDbEntity
  8
ENGRAVE
100
AcDbSpline
 70
0
 71
2
 72
6
 73
3
 74
0
 40
0.0
 40
0.0
 40
0.0
 40
1.0
 40
1.0
 40
1.0
 10
300.20202200833535
 20
187.7097644175458
 30
0.0
 10
300.24202200833537
 20
187.77377483421247
 30
0.0
 10
300.24202200833537
 20
187.83778525087914
 30
0.0
  0
SPLINE
  5
608
330
17
100
AcDbEntity
  8
ENGRAVE
100
AcDbSpline
 70
0
 71
2
 72
6
 73
3
 74
0
 40
0.0
 40
0.0
 40
0.0
 40
1.0
 40
1.0
 40
1.0
 10
299.9045421451065
 20
209.34022326591142
 30
0.0
 10
300.00053172843985
 20
209.51621284924477
 30
0.0
 10
300.2565473534399
 20
209.7482180575781
 30
0.0
  0
SPLINE
  5
609
330
17
100
AcDbEntity
  8
ENGRAVE
100
AcDbSpline
 70
0
 71
2
 72
6
 73
3
 74
0
 40
0.0
 40
0.0
 40
0.0
 40
1.0
 40
1.0
 40
1.0
 10
301.3045681867732
 20
209.1482180575781
 30
0.0
 10
300.81657339510656
 20
208.87621284924475
 30
0.0
 10
300.30454214510655
 20
208.31621284924475
 30
0.0
  0
SPLINE
  5
60A
330
17
100
AcDbEntity
  8
ENGRAVE
100
AcDbSpline
 70
0
 71
2
 72
6
 73
3
 74
0
 40
0.0
 40
0.0
 40
0.0
 40
1.0
 40
1.0
 40
1.0
 10
300.786032425002
 20
185.35778525087915
 30
0.0
 10
300.5299907583354
 20
184.47778525087915
 30
0.0
 10
300.31400117500203
 20
183.74176962587913
 30
0.0
  0
SPLINE
  5
60B
330
17
100
AcDbEntity
  8
ENGRAVE
100
AcDbSpline
 70
0
 71
2
 72
6
 73
3
 74
0
 40
0.0
 40
0.0
 40
0.0
 40
1.0
 40
1.0
 40
1.0
 10
300.24202200833537
 20
187.83778525087914
 30
0.0
 10
300.35400117500205
 20
188.04575400087916
 30
0.0
 10
300.5380115916687
 20
188.50176962587915
 30
0.0
  0
SPLINE
  5
60C
330
17
100
AcDbEntity
  8
ENGRAVE
100
AcDbSpline
 70
0
 71
2
 72
6
 73
3
 74
0
 40
0.0
 40
0.0
 40
0.0
 40
1.0
 40
1.0
 40
1.0
 10
300.10454214510656
 20
211.96423368257808
 30
0.0
 10
300.4485525617732
 20
211.96423368257808
 30
0.0
 10
300.57657339510655
 20
211.83621284924476
 30
0.0
  0
SPLINE
  5
60D
330
17
100
AcDbEntity
  8
ENGRAVE
100
AcDbSpline
 70
0
 71
2
 72
6
 73
3
 74
0
 40
0.0
 40
0.0
 40
0.0
 40
1.0
 40
1.0
 40
1.0
 10
300.57657339510655
 20
211.83621284924476
 30
0.0
 10
300.75256297843987
 20
211.69220243257809
 30
0.0
 10
300.68855256177324
 20
211.3322024325781
 30
0.0
  0
SPLINE
  5
60E
330
17
100
AcDbEntity
  8
ENGRAVE
100
AcDbSpline
 70
0
 71
2
 72
6
 73
3
 74
0
 40
0.0
 40
0.0
 40
0.0
 40
1.0
 40
1.0
 40
1.0
 10
301.0420220083354
 20
186.20575400087915
 30
0.0
 10
301.0420220083354
 20
186.04575400087916
 30
0.0
 10
300.786032425002
 20
185.35778525087915
 30
0.0
  0
SPLINE
  5
60F
330
17
100
AcDbEntity
  8
ENGRAVE
100
AcDbSpline
 70
0
 71
2
 72
6
 73
3
 74
0
 40
0.0
 40
0.0
 40
0.0
 40
1.0
 40
1.0
 40
1.0
 10
300.2565473534399
 20
209.7482180575781
 30
0.0
 10
300.51256297843986
 20
209.98022326591143
 30
0.0
 10
300.80055777010654
 20
210.2042336825781
 30
0.0
  0
SPLINE
  5
610
330
17
100
AcDbEntity
  8
ENGRAVE
100
AcDbSpline
 70
0
 71
2
 72
6
 73
3
 74
0
 40
0.0
 40
0.0
 40
0.0
 40
1.0
 40
1.0
 40
1.0
 10
300.5380115916687
 20
188.50176962587915
 30
0.0
 10
300.7220220083354
 20
188.95778525087914
 30
0.0
 10
300.9380115916687
 20
189.51778525087914
 30
0.0
  0
SPLINE
  5
611
330
17
100
AcDbEntity
  8
ENGRAVE
100
AcDbSpline
 70
0
 71
2
 72
6
 73
3
 74
0
 40
0.0
 40
0.0
 40
0.0
 40
1.0
 40
1.0
 40
1.0
 10
301.050016800002
 20
186.2937487925458
 30
0.0
 10
301.0420220083354
 20
186.20575400087915
 30
0.0
 10
301.0420220083354
 20
186.20575400087915
 30
0.0
  0
SPLINE
  5
612
330
17
100
AcDbEntity
  8
ENGRAVE
100
AcDbSpline
 70
0
 71
2
 72
6
 73
3
 74
0
 40
0.0
 40
0.0
 40
0.0
 40
1.0
 40
1.0
 40
1.0
 10
301.12202200833536
 20
186.38174358421247
 30
0.0
 10
301.05801159166873
 20
186.38174358421247
 30
0.0
 10
301.050016800002
 20
186.2937487925458
 30
0.0
  0
SPLINE
  5
613
330
17
100
AcDbEntity
  8
ENGRAVE
100
AcDbSpline
 70
0
 71
2
 72
6
 73
3
 74
0
 40
0.0
 40
0.0
 40
0.0
 40
1.0
 40
1.0
 40
1.0
 10
301.1940272166687
 20
186.5097644175458
 30
0.0
 10
301.18603242500205
 20
186.44575400087913
 30
0.0
 10
301.12202200833536
 20
186.38174358421247
 30
0.0
  0
SPLINE
  5
614
330
17
100
AcDbEntity
  8
ENGRAVE
100
AcDbSpline
 70
0
 71
2
 72
6
 73
3
 74
0
 40
0.0
 40
0.0
 40
0.0
 40
1.0
 40
1.0
 40
1.0
 10
301.20202200833535
 20
186.63778525087915
 30
0.0
 10
301.20202200833535
 20
186.5737748342125
 30
0.0
 10
301.1940272166687
 20
186.5097644175458
 30
0.0
  0
SPLINE
  5
615
330
17
100
AcDbEntity
  8
ENGRAVE
100
AcDbSpline
 70
0
 71
2
 72
6
 73
3
 74
0
 40
0.0
 40
0.0
 40
0.0
 40
1.0
 40
1.0
 40
1.0
 10
301.2820220083354
 20
186.8697644175458
 30
0.0
 10
301.20202200833535
 20
186.66976441754582
 30
0.0
 10
301.20202200833535
 20
186.63778525087915
 30
0.0
  0
SPLINE
  5
616
330
17
100
AcDbEntity
  8
ENGRAVE
100
AcDbSpline
 70
0
 71
2
 72
6
 73
3
 74
0
 40
0.0
 40
0.0
 40
0.0
 40
1.0
 40
1.0
 40
1.0
 10
301.4820220083354
 20
187.3497644175458
 30
0.0
 10
301.3620220083354
 20
187.0697644175458
 30
0.0
 10
301.2820220083354
 20
186.8697644175458
 30
0.0
  0
SPLINE
  5
617
330
17
100
AcDbEntity
  8
ENGRAVE
100
AcDbSpline
 70
0
 71
2
 72
6
 73
3
 74
0
 40
0.0
 40
0.0
 40
0.0
 40
1.0
 40
1.0
 40
1.0
 10
302.4005317284399
 20
209.7722024325781
 30
0.0
 10
301.7925629784399
 20
209.42022326591143
 30
0.0
 10
301.3045681867732
 20
209.1482180575781
 30
0.0
  0
SPLINE
  5
618
330
17
100
AcDbEntity
  8
ENGRAVE
100
AcDbSpline
 70
0
 71
2
 72
6
 73
3
 74
0
 40
0.0
 40
0.0
 40
0.0
 40
1.0
 40
1.0
 40
1.0
 10
300.80055777010654
 20
210.2042336825781
 30
0.0
 10
301.0885525617732
 20
210.42824409924475
 30
0.0
 10
301.3445421451065
 20
210.6042336825781
 30
0.0
  0
SPLINE
  5
619
330
17
100
AcDbEntity
  8
ENGRAVE
100
AcDbSpline
 70
0
 71
2
 72
6
 73
3
 74
0
 40
0.0
 40
0.0
 40
0.0
 40
1.0
 40
1.0
 40
1.0
 10
300.9380115916687
 20
189.51778525087914
 30
0.0
 10
301.15400117500207
 20
190.07778525087915
 30
0.0
 10
301.34600638333535
 20
190.62176962587915
 30
0.0
  0
SPLINE
  5
61A
330
17
100
AcDbEntity
  8
ENGRAVE
100
AcDbSpline
 70
0
 71
2
 72
6
 73
3
 74
0
 40
0.0
 40
0.0
 40
0.0
 40
1.0
 40
1.0
 40
1.0
 10
301.7140272166687
 20
187.87775920921248
 30
0.0
 10
301.6020220083354
 20
187.6297644175458
 30
0.0
 10
301.4820220083354
 20
187.3497644175458
 30
0.0
  0
SPLINE
  5
61B
330
17
100
AcDbEntity
  8
ENGRAVE
100
AcDbSpline
 70
0
 71
2
 72
6
 73
3
 74
0
 40
0.0
 40
0.0
 40
0.0
 40
1.0
 40
1.0
 40
1.0
 10
301.34600638333535
 20
190.62176962587915
 30
0.0
 10
301.5380115916687
 20
191.16575400087913
 30
0.0
 10
301.6580115916687
 20
191.54176962587914
 30
0.0
  0
SPLINE
  5
61C
330
17
100
AcDbEntity
  8
ENGRAVE
100
AcDbSpline
 70
0
 71
2
 72
6
 73
3
 74
0
 40
0.0
 40
0.0
 40
0.0
 40
1.0
 40
1.0
 40
1.0
 10
301.3445421451065
 20
210.6042336825781
 30
0.0
 10
301.6005317284399
 20
210.78022326591142
 30
0.0
 10
301.69657339510655
 20
210.82824409924476
 30
0.0
  0
SPLINE
  5
61D
330
17
100
AcDbEntity
  8
ENGRAVE
100
AcDbSpline
 70
0
 71
2
 72
6
 73
3
 74
0
 40
0.0
 40
0.0
 40
0.0
 40
1.0
 40
1.0
 40
1.0
 10
301.8899907583354
 20
188.25377483421246
 30
0.0
 10
301.82603242500204
 20
188.12575400087914
 30
0.0
 10
301.7140272166687
 20
187.87775920921248
 30
0.0
  0
SPLINE
  5
61E
330
17
100
AcDbEntity
  8
ENGRAVE
100
AcDbSpline
 70
0
 71
2
 72
6
 73
3
 74
0
 40
0.0
 40
0.0
 40
0.0
 40
1.0
 40
1.0
 40
1.0
 10
301.6580115916687
 20
191.54176962587914
 30
0.0
 10
301.7780115916687
 20
191.91778525087915
 30
0.0
 10
301.7780115916687
 20
191.99778525087913
 30
0.0
  0
SPLINE
  5
61F
330
17
100
AcDbEntity
  8
ENGRAVE
100
AcDbSpline
 70
0
 71
2
 72
6
 73
3
 74
0
 40
0.0
 40
0.0
 40
0.0
 40
1.0
 40
1.0
 40
1.0
 10
301.7780115916687
 20
191.99778525087913
 30
0.0
 10
301.7780115916687
 20
192.12575400087914
 30
0.0
 10
301.87400117500204
 20
192.23775920921247
 30
0.0
  0
SPLINE
  5
620
330
17
100
AcDbEntity
  8
ENGRAVE
100
AcDbSpline
 70
0
 71
2
 72
6
 73
3
 74
0
 40
0.0
 40
0.0
 40
0.0
 40
1.0
 40
1.0
 40
1.0
 10
301.9220220083354
 20
183.23775920921247
 30
0.0
 10
301.7780115916687
 20
183.6937748342125
 30
0.0
 10
301.8740532583354
 20
184.47778525087915
 30
0.0
  0
SPLINE
  5
621
330
17
100
AcDbEntity
  8
ENGRAVE
100
AcDbSpline
 70
0
 71
2
 72
6
 73
3
 74
0
 40
0.0
 40
0.0
 40
0.0
 40
1.0
 40
1.0
 40
1.0
 10
302.01001680000206
 20
188.5737487925458
 30
0.0
 10
301.954001175002
 20
188.44575400087913
 30
0.0
 10
301.8899907583354
 20
188.25377483421246
 30
0.0
  0
SPLINE
  5
622
330
17
100
AcDbEntity
  8
ENGRAVE
100
AcDbSpline
 70
0
 71
2
 72
6
 73
3
 74
0
 40
0.0
 40
0.0
 40
0.0
 40
1.0
 40
1.0
 40
1.0
 10
302.2260324250021
 20
182.5737748342125
 30
0.0
 10
302.06603242500205
 20
182.78174358421248
 30
0.0
 10
301.9220220083354
 20
183.23775920921247
 30
0.0
  0
SPLINE
  5
623
330
17
100
AcDbEntity
  8
ENGRAVE
100
AcDbSpline
 70
0
 71
2
 72
6
 73
3
 74
0
 40
0.0
 40
0.0
 40
0.0
 40
1.0
 40
1.0
 40
1.0
 10
301.69657339510655
 20
210.82824409924476
 30
0.0
 10
301.82454214510653
 20
210.90824409924477
 30
0.0
 10
301.9925369367732
 20
210.96423368257808
 30
0.0
  0
SPLINE
  5
624
330
17
100
AcDbEntity
  8
ENGRAVE
100
AcDbSpline
 70
0
 71
2
 72
6
 73
3
 74
0
 40
0.0
 40
0.0
 40
0.0
 40
1.0
 40
1.0
 40
1.0
 10
302.06603242500205
 20
188.76575400087916
 30
0.0
 10
302.06603242500205
 20
188.70174358421247
 30
0.0
 10
302.01001680000206
 20
188.5737487925458
 30
0.0
  0
SPLINE
  5
625
330
17
100
AcDbEntity
  8
ENGRAVE
100
AcDbSpline
 70
0
 71
2
 72
6
 73
3
 74
0
 40
0.0
 40
0.0
 40
0.0
 40
1.0
 40
1.0
 40
1.0
 10
302.21001680000205
 20
189.10976441754582
 30
0.0
 10
302.06603242500205
 20
188.82976441754582
 30
0.0
 10
302.06603242500205
 20
188.76575400087916
 30
0.0
  0
SPLINE
  5
626
330
17
100
AcDbEntity
  8
ENGRAVE
100
AcDbSpline
 70
0
 71
2
 72
6
 73
3
 74
0
 40
0.0
 40
0.0
 40
0.0
 40
1.0
 40
1.0
 40
1.0
 10
301.87400117500204
 20
192.23775920921247
 30
0.0
 10
301.96999075833537
 20
192.3497644175458
 30
0.0
 10
302.0980115916687
 20
192.3497644175458
 30
0.0
  0
SPLINE
  5
627
330
17
100
AcDbEntity
  8
ENGRAVE
100
AcDbSpline
 70
0
 71
2
 72
6
 73
3
 74
0
 40
0.0
 40
0.0
 40
0.0
 40
1.0
 40
1.0
 40
1.0
 10
302.4820220083354
 20
189.7097644175458
 30
0.0
 10
302.35400117500205
 20
189.38976441754582
 30
0.0
 10
302.21001680000205
 20
189.10976441754582
 30
0.0
  0
SPLINE
  5
628
330
17
100
AcDbEntity
  8
ENGRAVE
100
AcDbSpline
 70
0
 71
2
 72
6
 73
3
 74
0
 40
0.0
 40
0.0
 40
0.0
 40
1.0
 40
1.0
 40
1.0
 10
301.9925369367732
 20
210.96423368257808
 30
0.0
 10
302.1605317284399
 20
211.02022326591143
 30
0.0
 10
302.22454214510657
 20
211.0522024325781
 30
0.0
  0
SPLINE
  5
629
330
17
100
AcDbEntity
  8
ENGRAVE
100
AcDbSpline
 70
0
 71
2
 72
6
 73
3
 74
0
 40
0.0
 40
0.0
 40
0.0
 40
1.0
 40
1.0
 40
1.0
 10
302.9780376333354
 20
182.02176962587913
 30
0.0
 10
302.51405325833537
 20
182.20575400087915
 30
0.0
 10
302.2260324250021
 20
182.5737748342125
 30
0.0
  0
SPLINE
  5
62A
330
17
100
AcDbEntity
  8
ENGRAVE
100
AcDbSpline
 70
0
 71
2
 72
6
 73
3
 74
0
 40
0.0
 40
0.0
 40
0.0
 40
1.0
 40
1.0
 40
1.0
 10
302.0980115916687
 20
192.3497644175458
 30
0.0
 10
302.14603242500203
 20
192.39778525087914
 30
0.0
 10
302.32202200833535
 20
192.42176962587914
 30
0.0
  0
SPLINE
  5
62B
330
17
100
AcDbEntity
  8
ENGRAVE
100
AcDbSpline
 70
0
 71
2
 72
6
 73
3
 74
0
 40
0.0
 40
0.0
 40
0.0
 40
1.0
 40
1.0
 40
1.0
 10
301.8740532583354
 20
184.47778525087915
 30
0.0
 10
301.9700428416687
 20
185.21377483421247
 30
0.0
 10
302.3300428416687
 20
185.96578004254582
 30
0.0
  0
SPLINE
  5
62C
330
17
100
AcDbEntity
  8
ENGRAVE
100
AcDbSpline
 70
0
 71
2
 72
6
 73
3
 74
0
 40
0.0
 40
0.0
 40
0.0
 40
1.0
 40
1.0
 40
1.0
 10
302.78454214510657
 20
209.93222847424477
 30
0.0
 10
302.62454214510655
 20
209.86824409924475
 30
0.0
 10
302.4005317284399
 20
209.7722024325781
 30
0.0
  0
SPLINE
  5
62D
330
17
100
AcDbEntity
  8
ENGRAVE
100
AcDbSpline
 70
0
 71
2
 72
6
 73
3
 74
0
 40
0.0
 40
0.0
 40
0.0
 40
1.0
 40
1.0
 40
1.0
 10
302.930016800002
 20
190.67775920921247
 30
0.0
 10
302.786032425002
 20
190.3497644175458
 30
0.0
 10
302.4820220083354
 20
189.7097644175458
 30
0.0
  0
SPLINE
  5
62E
330
17
100
AcDbEntity
  8
ENGRAVE
100
AcDbSpline
 70
0
 71
2
 72
6
 73
3
 74
0
 40
0.0
 40
0.0
 40
0.0
 40
1.0
 40
1.0
 40
1.0
 10
302.32202200833535
 20
192.42176962587914
 30
0.0
 10
302.4980115916687
 20
192.44575400087913
 30
0.0
 10
302.56202200833536
 20
192.44575400087913
 30
0.0
  0
SPLINE
  5
62F
330
17
100
AcDbEntity
  8
ENGRAVE
100
AcDbSpline
 70
0
 71
2
 72
6
 73
3
 74
0
 40
0.0
 40
0.0
 40
0.0
 40
1.0
 40
1.0
 40
1.0
 10
302.56202200833536
 20
192.44575400087913
 30
0.0
 10
302.56202200833536
 20
192.44575400087913
 30
0.0
 10
302.6260063833354
 20
192.38176962587914
 30
0.0
  0
SPLINE
  5
630
330
17
100
AcDbEntity
  8
ENGRAVE
100
AcDbSpline
 70
0
 71
2
 72
6
 73
3
 74
0
 40
0.0
 40
0.0
 40
0.0
 40
1.0
 40
1.0
 40
1.0
 10
303.1525629784399
 20
210.0122024325781
 30
0.0
 10
302.94454214510654
 20
209.99621284924476
 30
0.0
 10
302.78454214510657
 20
209.93222847424477
 30
0.0
  0
SPLINE
  5
631
330
17
100
AcDbEntity
  8
ENGRAVE
100
AcDbSpline
 70
0
 71
2
 72
6
 73
3
 74
0
 40
0.0
 40
0.0
 40
0.0
 40
1.0
 40
1.0
 40
1.0
 10
302.6260063833354
 20
192.38176962587914
 30
0.0
 10
302.6899907583354
 20
192.31778525087915
 30
0.0
 10
302.8180115916687
 20
192.1897644175458
 30
0.0
  0
SPLINE
  5
632
330
17
100
AcDbEntity
  8
ENGRAVE
100
AcDbSpline
 70
0
 71
2
 72
6
 73
3
 74
0
 40
0.0
 40
0.0
 40
0.0
 40
1.0
 40
1.0
 40
1.0
 10
303.13001680000207
 20
191.19775920921248
 30
0.0
 10
303.074001175002
 20
191.00575400087914
 30
0.0
 10
302.930016800002
 20
190.67775920921247
 30
0.0
  0
SPLINE
  5
633
330
17
100
AcDbEntity
  8
ENGRAVE
100
AcDbSpline
 70
0
 71
2
 72
6
 73
3
 74
0
 40
0.0
 40
0.0
 40
0.0
 40
1.0
 40
1.0
 40
1.0
 10
303.9780376333354
 20
181.87778525087916
 30
0.0
 10
303.4420220083354
 20
181.83778525087914
 30
0.0
 10
302.9780376333354
 20
182.02176962587913
 30
0.0
  0
SPLINE
  5
634
330
17
100
AcDbEntity
  8
ENGRAVE
100
AcDbSpline
 70
0
 71
2
 72
6
 73
3
 74
0
 40
0.0
 40
0.0
 40
0.0
 40
1.0
 40
1.0
 40
1.0
 10
302.22454214510657
 20
211.0522024325781
 30
0.0
 10
302.5925629784399
 20
211.22824409924476
 30
0.0
 10
303.0325629784399
 20
211.18824409924477
 30
0.0
  0
SPLINE
  5
635
330
17
100
AcDbEntity
  8
ENGRAVE
100
AcDbSpline
 70
0
 71
2
 72
6
 73
3
 74
0
 40
0.0
 40
0.0
 40
0.0
 40
1.0
 40
1.0
 40
1.0
 10
302.8180115916687
 20
192.1897644175458
 30
0.0
 10
302.94603242500204
 20
192.07778525087915
 30
0.0
 10
303.06603242500205
 20
191.93377483421247
 30
0.0
  0
SPLINE
  5
636
330
17
100
AcDbEntity
  8
ENGRAVE
100
AcDbSpline
 70
0
 71
2
 72
6
 73
3
 74
0
 40
0.0
 40
0.0
 40
0.0
 40
1.0
 40
1.0
 40
1.0
 10
303.18603242500205
 20
191.59778525087916
 30
0.0
 10
303.18603242500205
 20
191.38976441754582
 30
0.0
 10
303.13001680000207
 20
191.19775920921248
 30
0.0
  0
SPLINE
  5
637
330
17
100
AcDbEntity
  8
ENGRAVE
100
AcDbSpline
 70
0
 71
2
 72
6
 73
3
 74
0
 40
0.0
 40
0.0
 40
0.0
 40
1.0
 40
1.0
 40
1.0
 10
303.62454214510655
 20
210.23623889091144
 30
0.0
 10
303.4085525617732
 20
210.02824409924477
 30
0.0
 10
303.1525629784399
 20
210.0122024325781
 30
0.0
  0
SPLINE
  5
638
330
17
100
AcDbEntity
  8
ENGRAVE
100
AcDbSpline
 70
0
 71
2
 72
6
 73
3
 74
0
 40
0.0
 40
0.0
 40
0.0
 40
1.0
 40
1.0
 40
1.0
 10
303.2580115916687
 20
184.65377483421247
 30
0.0
 10
303.1380115916687
 20
184.49377483421247
 30
0.0
 10
303.1540532583354
 20
184.0297644175458
 30
0.0
  0
SPLINE
  5
639
330
17
100
AcDbEntity
  8
ENGRAVE
100
AcDbSpline
 70
0
 71
2
 72
6
 73
3
 74
0
 40
0.0
 40
0.0
 40
0.0
 40
1.0
 40
1.0
 40
1.0
 10
303.06603242500205
 20
191.93377483421247
 30
0.0
 10
303.18603242500205
 20
191.7897644175458
 30
0.0
 10
303.18603242500205
 20
191.59778525087916
 30
0.0
  0
SPLINE
  5
63A
330
17
100
AcDbEntity
  8
ENGRAVE
100
AcDbSpline
 70
0
 71
2
 72
6
 73
3
 74
0
 40
0.0
 40
0.0
 40
0.0
 40
1.0
 40
1.0
 40
1.0
 10
302.3300428416687
 20
185.96578004254582
 30
0.0
 10
302.69004284166874
 20
186.71778525087913
 30
0.0
 10
303.21803763333537
 20
187.29377483421248
 30
0.0
  0
SPLINE
  5
63B
330
17
100
AcDbEntity
  8
ENGRAVE
100
AcDbSpline
 70
0
 71
2
 72
6
 73
3
 74
0
 40
0.0
 40
0.0
 40
0.0
 40
1.0
 40
1.0
 40
1.0
 10
303.7620220083354
 20
184.73377483421248
 30
0.0
 10
303.3780115916687
 20
184.81377483421247
 30
0.0
 10
303.2580115916687
 20
184.65377483421247
 30
0.0
  0
SPLINE
  5
63C
330
17
100
AcDbEntity
  8
ENGRAVE
100
AcDbSpline
 70
0
 71
2
 72
6
 73
3
 74
0
 40
0.0
 40
0.0
 40
0.0
 40
1.0
 40
1.0
 40
1.0
 10
303.1540532583354
 20
184.0297644175458
 30
0.0
 10
303.18603242500205
 20
183.7417435842125
 30
0.0
 10
303.2900428416687
 20
183.52575400087915
 30
0.0
  0
SPLINE
  5
63D
330
17
100
AcDbEntity
  8
ENGRAVE
100
AcDbSpline
 70
0
 71
2
 72
6
 73
3
 74
0
 40
0.0
 40
0.0
 40
0.0
 40
1.0
 40
1.0
 40
1.0
 10
303.0325629784399
 20
211.18824409924477
 30
0.0
 10
303.4725629784399
 20
211.14824409924475
 30
0.0
 10
303.56855256177323
 20
210.90824409924477
 30
0.0
  0
SPLINE
  5
63E
330
17
100
AcDbEntity
  8
ENGRAVE
100
AcDbSpline
 70
0
 71
2
 72
6
 73
3
 74
0
 40
0.0
 40
0.0
 40
0.0
 40
1.0
 40
1.0
 40
1.0
 10
303.8405317284399
 20
210.55621284924476
 30
0.0
 10
303.8405317284399
 20
210.4442336825781
 30
0.0
 10
303.62454214510655
 20
210.23623889091144
 30
0.0
  0
SPLINE
  5
63F
330
17
100
AcDbEntity
  8
ENGRAVE
100
AcDbSpline
 70
0
 71
2
 72
6
 73
3
 74
0
 40
0.0
 40
0.0
 40
0.0
 40
1.0
 40
1.0
 40
1.0
 10
303.56855256177323
 20
210.90824409924477
 30
0.0
 10
303.5845421451065
 20
210.78022326591142
 30
0.0
 10
303.6725369367732
 20
210.71621284924476
 30
0.0
  0
SPLINE
  5
640
330
17
100
AcDbEntity
  8
ENGRAVE
100
AcDbSpline
 70
0
 71
2
 72
6
 73
3
 74
0
 40
0.0
 40
0.0
 40
0.0
 40
1.0
 40
1.0
 40
1.0
 10
303.2900428416687
 20
183.52575400087915
 30
0.0
 10
303.3940532583354
 20
183.3097644175458
 30
0.0
 10
303.68202200833537
 20
183.22976441754582
 30
0.0
  0
SPLINE
  5
641
330
17
100
AcDbEntity
  8
ENGRAVE
100
AcDbSpline
 70
0
 71
2
 72
6
 73
3
 74
0
 40
0.0
 40
0.0
 40
0.0
 40
1.0
 40
1.0
 40
1.0
 10
303.98603242500207
 20
186.2777592092125
 30
0.0
 10
303.7780115916687
 20
186.0297644175458
 30
0.0
 10
303.7140532583354
 20
185.90174358421248
 30
0.0
  0
SPLINE
  5
642
330
17
100
AcDbEntity
  8
ENGRAVE
100
AcDbSpline
 70
0
 71
2
 72
6
 73
3
 74
0
 40
0.0
 40
0.0
 40
0.0
 40
1.0
 40
1.0
 40
1.0
 10
303.6725369367732
 20
210.71621284924476
 30
0.0
 10
303.7605317284399
 20
210.6522024325781
 30
0.0
 10
303.7605317284399
 20
210.6522024325781
 30
0.0
  0
SPLINE
  5
643
330
17
100
AcDbEntity
  8
ENGRAVE
100
AcDbSpline
 70
0
 71
2
 72
6
 73
3
 74
0
 40
0.0
 40
0.0
 40
0.0
 40
1.0
 40
1.0
 40
1.0
 10
304.77001680000205
 20
184.63775920921248
 30
0.0
 10
304.4020220083354
 20
184.60575400087913
 30
0.0
 10
303.7620220083354
 20
184.73377483421248
 30
0.0
  0
SPLINE
  5
644
330
17
100
AcDbEntity
  8
ENGRAVE
100
AcDbSpline
 70
0
 71
2
 72
6
 73
3
 74
0
 40
0.0
 40
0.0
 40
0.0
 40
1.0
 40
1.0
 40
1.0
 10
303.7605317284399
 20
210.6522024325781
 30
0.0
 10
303.82454214510653
 20
210.6522024325781
 30
0.0
 10
303.83253693677324
 20
210.60420764091143
 30
0.0
  0
SPLINE
  5
645
330
17
100
AcDbEntity
  8
ENGRAVE
100
AcDbSpline
 70
0
 71
2
 72
6
 73
3
 74
0
 40
0.0
 40
0.0
 40
0.0
 40
1.0
 40
1.0
 40
1.0
 10
303.83253693677324
 20
210.60420764091143
 30
0.0
 10
303.8405317284399
 20
210.55621284924476
 30
0.0
 10
303.8405317284399
 20
210.55621284924476
 30
0.0
  0
SPLINE
  5
646
330
17
100
AcDbEntity
  8
ENGRAVE
100
AcDbSpline
 70
0
 71
2
 72
6
 73
3
 74
0
 40
0.0
 40
0.0
 40
0.0
 40
1.0
 40
1.0
 40
1.0
 10
303.9045421451066
 20
206.9482180575781
 30
0.0
 10
303.7605317284399
 20
207.40423368257808
 30
0.0
 10
303.8565733951066
 20
208.18824409924477
 30
0.0
  0
SPLINE
  5
647
330
17
100
AcDbEntity
  8
ENGRAVE
100
AcDbSpline
 70
0
 71
2
 72
6
 73
3
 74
0
 40
0.0
 40
0.0
 40
0.0
 40
1.0
 40
1.0
 40
1.0
 10
304.2085525617733
 20
206.2842336825781
 30
0.0
 10
304.04855256177325
 20
206.4922024325781
 30
0.0
 10
303.9045421451066
 20
206.9482180575781
 30
0.0
  0
SPLINE
  5
648
330
17
100
AcDbEntity
  8
ENGRAVE
100
AcDbSpline
 70
0
 71
2
 72
6
 73
3
 74
0
 40
0.0
 40
0.0
 40
0.0
 40
1.0
 40
1.0
 40
1.0
 10
304.9940532583354
 20
182.1897644175458
 30
0.0
 10
304.51405325833537
 20
181.91778525087915
 30
0.0
 10
303.9780376333354
 20
181.87778525087916
 30
0.0
  0
SPLINE
  5
649
330
17
100
AcDbEntity
  8
ENGRAVE
100
AcDbSpline
 70
0
 71
2
 72
6
 73
3
 74
0
 40
0.0
 40
0.0
 40
0.0
 40
1.0
 40
1.0
 40
1.0
 10
304.4420480500021
 20
186.7497644175458
 30
0.0
 10
304.1940532583354
 20
186.52575400087915
 30
0.0
 10
303.98603242500207
 20
186.2777592092125
 30
0.0
  0
SPLINE
  5
64A
330
17
100
AcDbEntity
  8
ENGRAVE
100
AcDbSpline
 70
0
 71
2
 72
6
 73
3
 74
0
 40
0.0
 40
0.0
 40
0.0
 40
1.0
 40
1.0
 40
1.0
 10
303.7140532583354
 20
185.90174358421248
 30
0.0
 10
303.7940532583354
 20
185.7897644175458
 30
0.0
 10
304.1700428416687
 20
185.74176962587913
 30
0.0
  0
SPLINE
  5
64B
330
17
100
AcDbEntity
  8
ENGRAVE
100
AcDbSpline
 70
0
 71
2
 72
6
 73
3
 74
0
 40
0.0
 40
0.0
 40
0.0
 40
1.0
 40
1.0
 40
1.0
 10
304.9605577701066
 20
205.73222847424475
 30
0.0
 10
304.49657339510657
 20
205.91621284924477
 30
0.0
 10
304.2085525617733
 20
206.2842336825781
 30
0.0
  0
SPLINE
  5
64C
330
17
100
AcDbEntity
  8
ENGRAVE
100
AcDbSpline
 70
0
 71
2
 72
6
 73
3
 74
0
 40
0.0
 40
0.0
 40
0.0
 40
1.0
 40
1.0
 40
1.0
 10
303.68202200833537
 20
183.22976441754582
 30
0.0
 10
304.0500428416687
 20
183.16575400087913
 30
0.0
 10
304.2100428416687
 20
183.22176962587915
 30
0.0
  0
SPLINE
  5
64D
330
17
100
AcDbEntity
  8
ENGRAVE
100
AcDbSpline
 70
0
 71
2
 72
6
 73
3
 74
0
 40
0.0
 40
0.0
 40
0.0
 40
1.0
 40
1.0
 40
1.0
 10
303.8565733951066
 20
208.18824409924477
 30
0.0
 10
303.9525629784399
 20
208.9242336825781
 30
0.0
 10
304.3125629784399
 20
209.67623889091143
 30
0.0
  0
SPLINE
  5
64E
330
17
100
AcDbEntity
  8
ENGRAVE
100
AcDbSpline
 70
0
 71
2
 72
6
 73
3
 74
0
 40
0.0
 40
0.0
 40
0.0
 40
1.0
 40
1.0
 40
1.0
 10
303.21803763333537
 20
187.29377483421248
 30
0.0
 10
303.74603242500206
 20
187.8697644175458
 30
0.0
 10
304.37004284166875
 20
188.07778525087915
 30
0.0
  0
SPLINE
  5
64F
330
17
100
AcDbEntity
  8
ENGRAVE
100
AcDbSpline
 70
0
 71
2
 72
6
 73
3
 74
0
 40
0.0
 40
0.0
 40
0.0
 40
1.0
 40
1.0
 40
1.0
 10
304.8500428416687
 20
187.0217435842125
 30
0.0
 10
304.69004284166874
 20
186.97377483421246
 30
0.0
 10
304.4420480500021
 20
186.7497644175458
 30
0.0
  0
SPLINE
  5
650
330
17
100
AcDbEntity
  8
ENGRAVE
100
AcDbSpline
 70
0
 71
2
 72
6
 73
3
 74
0
 40
0.0
 40
0.0
 40
0.0
 40
1.0
 40
1.0
 40
1.0
 10
304.2100428416687
 20
183.22176962587915
 30
0.0
 10
304.37004284166875
 20
183.27778525087913
 30
0.0
 10
304.6100428416687
 20
183.38976441754582
 30
0.0
  0
SPLINE
  5
651
330
17
100
AcDbEntity
  8
ENGRAVE
100
AcDbSpline
 70
0
 71
2
 72
6
 73
3
 74
0
 40
0.0
 40
0.0
 40
0.0
 40
1.0
 40
1.0
 40
1.0
 10
305.4100428416687
 20
184.78174358421248
 30
0.0
 10
305.1380115916687
 20
184.66976441754582
 30
0.0
 10
304.77001680000205
 20
184.63775920921248
 30
0.0
  0
SPLINE
  5
652
330
17
100
AcDbEntity
  8
ENGRAVE
100
AcDbSpline
 70
0
 71
2
 72
6
 73
3
 74
0
 40
0.0
 40
0.0
 40
0.0
 40
1.0
 40
1.0
 40
1.0
 10
304.1700428416687
 20
185.74176962587913
 30
0.0
 10
304.54603242500207
 20
185.6937748342125
 30
0.0
 10
304.7860324250021
 20
185.75778525087915
 30
0.0
  0
SPLINE
  5
653
330
17
100
AcDbEntity
  8
ENGRAVE
100
AcDbSpline
 70
0
 71
2
 72
6
 73
3
 74
0
 40
0.0
 40
0.0
 40
0.0
 40
1.0
 40
1.0
 40
1.0
 10
304.37004284166875
 20
188.07778525087915
 30
0.0
 10
304.5940532583354
 20
188.15778525087913
 30
0.0
 10
304.82603242500204
 20
188.19778525087915
 30
0.0
  0
SPLINE
  5
654
330
17
100
AcDbEntity
  8
ENGRAVE
100
AcDbSpline
 70
0
 71
2
 72
6
 73
3
 74
0
 40
0.0
 40
0.0
 40
0.0
 40
1.0
 40
1.0
 40
1.0
 10
305.45001680000206
 20
186.97374879254582
 30
0.0
 10
305.2180115916687
 20
187.10174358421247
 30
0.0
 10
304.8500428416687
 20
187.0217435842125
 30
0.0
  0
SPLINE
  5
655
330
17
100
AcDbEntity
  8
ENGRAVE
100
AcDbSpline
 70
0
 71
2
 72
6
 73
3
 74
0
 40
0.0
 40
0.0
 40
0.0
 40
1.0
 40
1.0
 40
1.0
 10
305.9605577701066
 20
205.58824409924478
 30
0.0
 10
305.4245421451066
 20
205.54824409924476
 30
0.0
 10
304.9605577701066
 20
205.73222847424475
 30
0.0
  0
SPLINE
  5
656
330
17
100
AcDbEntity
  8
ENGRAVE
100
AcDbSpline
 70
0
 71
2
 72
6
 73
3
 74
0
 40
0.0
 40
0.0
 40
0.0
 40
1.0
 40
1.0
 40
1.0
 10
304.6100428416687
 20
183.38976441754582
 30
0.0
 10
304.7860324250021
 20
183.50174358421248
 30
0.0
 10
304.9780376333354
 20
183.66174358421247
 30
0.0
  0
SPLINE
  5
657
330
17
100
AcDbEntity
  8
ENGRAVE
100
AcDbSpline
 70
0
 71
2
 72
6
 73
3
 74
0
 40
0.0
 40
0.0
 40
0.0
 40
1.0
 40
1.0
 40
1.0
 10
305.8180376333354
 20
182.86174358421246
 30
0.0
 10
305.4740532583354
 20
182.46174358421248
 30
0.0
 10
304.9940532583354
 20
182.1897644175458
 30
0.0
  0
SPLINE
  5
658
330
17
100
AcDbEntity
  8
ENGRAVE
100
AcDbSpline
 70
0
 71
2
 72
6
 73
3
 74
0
 40
0.0
 40
0.0
 40
0.0
 40
1.0
 40
1.0
 40
1.0
 10
304.7860324250021
 20
185.75778525087915
 30
0.0
 10
304.8980115916687
 20
185.80575400087915
 30
0.0
 10
305.1140272166687
 20
185.98176962587914
 30
0.0
  0
SPLINE
  5
659
330
17
100
AcDbEntity
  8
ENGRAVE
100
AcDbSpline
 70
0
 71
2
 72
6
 73
3
 74
0
 40
0.0
 40
0.0
 40
0.0
 40
1.0
 40
1.0
 40
1.0
 10
305.2405317284399
 20
208.3642336825781
 30
0.0
 10
305.1205317284399
 20
208.2042336825781
 30
0.0
 10
305.1365733951066
 20
207.74022326591142
 30
0.0
  0
SPLINE
  5
65A
330
17
100
AcDbEntity
  8
ENGRAVE
100
AcDbSpline
 70
0
 71
2
 72
6
 73
3
 74
0
 40
0.0
 40
0.0
 40
0.0
 40
1.0
 40
1.0
 40
1.0
 10
304.3125629784399
 20
209.67623889091143
 30
0.0
 10
304.67256297843994
 20
210.42824409924475
 30
0.0
 10
305.20055777010657
 20
211.0042336825781
 30
0.0
  0
SPLINE
  5
65B
330
17
100
AcDbEntity
  8
ENGRAVE
100
AcDbSpline
 70
0
 71
2
 72
6
 73
3
 74
0
 40
0.0
 40
0.0
 40
0.0
 40
1.0
 40
1.0
 40
1.0
 10
305.7445421451066
 20
208.4442336825781
 30
0.0
 10
305.3605317284399
 20
208.52423368257809
 30
0.0
 10
305.2405317284399
 20
208.3642336825781
 30
0.0
  0
SPLINE
  5
65C
330
17
100
AcDbEntity
  8
ENGRAVE
100
AcDbSpline
 70
0
 71
2
 72
6
 73
3
 74
0
 40
0.0
 40
0.0
 40
0.0
 40
1.0
 40
1.0
 40
1.0
 10
305.1365733951066
 20
207.74022326591142
 30
0.0
 10
305.16855256177325
 20
207.4522024325781
 30
0.0
 10
305.2725629784399
 20
207.23621284924477
 30
0.0
  0
SPLINE
  5
65D
330
17
100
AcDbEntity
  8
ENGRAVE
100
AcDbSpline
 70
0
 71
2
 72
6
 73
3
 74
0
 40
0.0
 40
0.0
 40
0.0
 40
1.0
 40
1.0
 40
1.0
 10
304.9780376333354
 20
183.66174358421247
 30
0.0
 10
305.1700428416687
 20
183.82174358421247
 30
0.0
 10
305.29801159166874
 20
183.90174358421248
 30
0.0
  0
SPLINE
  5
65E
330
17
100
AcDbEntity
  8
ENGRAVE
100
AcDbSpline
 70
0
 71
2
 72
6
 73
3
 74
0
 40
0.0
 40
0.0
 40
0.0
 40
1.0
 40
1.0
 40
1.0
 10
306.4580376333354
 20
185.66176962587915
 30
0.0
 10
306.0820220083354
 20
185.0697644175458
 30
0.0
 10
305.4100428416687
 20
184.78174358421248
 30
0.0
  0
SPLINE
  5
65F
330
17
100
AcDbEntity
  8
ENGRAVE
100
AcDbSpline
 70
0
 71
2
 72
6
 73
3
 74
0
 40
0.0
 40
0.0
 40
0.0
 40
1.0
 40
1.0
 40
1.0
 10
304.82603242500204
 20
188.19778525087915
 30
0.0
 10
305.05801159166873
 20
188.23778525087914
 30
0.0
 10
305.4420220083354
 20
188.20575400087915
 30
0.0
  0
SPLINE
  5
660
330
17
100
AcDbEntity
  8
ENGRAVE
100
AcDbSpline
 70
0
 71
2
 72
6
 73
3
 74
0
 40
0.0
 40
0.0
 40
0.0
 40
1.0
 40
1.0
 40
1.0
 10
305.68202200833537
 20
186.66976441754582
 30
0.0
 10
305.68202200833537
 20
186.84575400087914
 30
0.0
 10
305.45001680000206
 20
186.97374879254582
 30
0.0
  0
SPLINE
  5
661
330
17
100
AcDbEntity
  8
ENGRAVE
100
AcDbSpline
 70
0
 71
2
 72
6
 73
3
 74
0
 40
0.0
 40
0.0
 40
0.0
 40
1.0
 40
1.0
 40
1.0
 10
305.1140272166687
 20
185.98176962587914
 30
0.0
 10
305.3300428416687
 20
186.15778525087913
 30
0.0
 10
305.50603242500205
 20
186.35778525087915
 30
0.0
  0
SPLINE
  5
662
330
17
100
AcDbEntity
  8
ENGRAVE
100
AcDbSpline
 70
0
 71
2
 72
6
 73
3
 74
0
 40
0.0
 40
0.0
 40
0.0
 40
1.0
 40
1.0
 40
1.0
 10
305.29801159166874
 20
183.90174358421248
 30
0.0
 10
305.42603242500206
 20
183.99778525087913
 30
0.0
 10
305.61801159166873
 20
183.99778525087913
 30
0.0
  0
SPLINE
  5
663
330
17
100
AcDbEntity
  8
ENGRAVE
100
AcDbSpline
 70
0
 71
2
 72
6
 73
3
 74
0
 40
0.0
 40
0.0
 40
0.0
 40
1.0
 40
1.0
 40
1.0
 10
305.2725629784399
 20
207.23621284924477
 30
0.0
 10
305.3765733951066
 20
207.02022326591143
 30
0.0
 10
305.66454214510657
 20
206.94022326591144
 30
0.0
  0
SPLINE
  5
664
330
17
100
AcDbEntity
  8
ENGRAVE
100
AcDbSpline
 70
0
 71
2
 72
6
 73
3
 74
0
 40
0.0
 40
0.0
 40
0.0
 40
1.0
 40
1.0
 40
1.0
 10
305.50603242500205
 20
186.35778525087915
 30
0.0
 10
305.68202200833537
 20
186.55778525087914
 30
0.0
 10
305.68202200833537
 20
186.66976441754582
 30
0.0
  0
SPLINE
  5
665
330
17
100
AcDbEntity
  8
ENGRAVE
100
AcDbSpline
 70
0
 71
2
 72
6
 73
3
 74
0
 40
0.0
 40
0.0
 40
0.0
 40
1.0
 40
1.0
 40
1.0
 10
305.96855256177327
 20
209.98821805757808
 30
0.0
 10
305.7605317284399
 20
209.74022326591142
 30
0.0
 10
305.6965733951066
 20
209.6122024325781
 30
0.0
  0
SPLINE
  5
666
330
17
100
AcDbEntity
  8
ENGRAVE
100
AcDbSpline
 70
0
 71
2
 72
6
 73
3
 74
0
 40
0.0
 40
0.0
 40
0.0
 40
1.0
 40
1.0
 40
1.0
 10
306.75253693677325
 20
208.3482180575781
 30
0.0
 10
306.3845421451066
 20
208.31621284924475
 30
0.0
 10
305.7445421451066
 20
208.4442336825781
 30
0.0
  0
SPLINE
  5
667
330
17
100
AcDbEntity
  8
ENGRAVE
100
AcDbSpline
 70
0
 71
2
 72
6
 73
3
 74
0
 40
0.0
 40
0.0
 40
0.0
 40
1.0
 40
1.0
 40
1.0
 10
306.1620220083354
 20
183.4697644175458
 30
0.0
 10
306.1620220083354
 20
183.26174358421247
 30
0.0
 10
305.8180376333354
 20
182.86174358421246
 30
0.0
  0
SPLINE
  5
668
330
17
100
AcDbEntity
  8
ENGRAVE
100
AcDbSpline
 70
0
 71
2
 72
6
 73
3
 74
0
 40
0.0
 40
0.0
 40
0.0
 40
1.0
 40
1.0
 40
1.0
 10
305.61801159166873
 20
183.99778525087913
 30
0.0
 10
305.7940532583354
 20
183.98174358421247
 30
0.0
 10
305.9540532583354
 20
183.80575400087915
 30
0.0
  0
SPLINE
  5
669
330
17
100
AcDbEntity
  8
ENGRAVE
100
AcDbSpline
 70
0
 71
2
 72
6
 73
3
 74
0
 40
0.0
 40
0.0
 40
0.0
 40
1.0
 40
1.0
 40
1.0
 10
306.9765733951066
 20
205.90022326591142
 30
0.0
 10
306.49657339510657
 20
205.62824409924477
 30
0.0
 10
305.9605577701066
 20
205.58824409924478
 30
0.0
  0
SPLINE
  5
66A
330
17
100
AcDbEntity
  8
ENGRAVE
100
AcDbSpline
 70
0
 71
2
 72
6
 73
3
 74
0
 40
0.0
 40
0.0
 40
0.0
 40
1.0
 40
1.0
 40
1.0
 10
306.4245681867733
 20
210.46022326591142
 30
0.0
 10
306.1765733951066
 20
210.23621284924477
 30
0.0
 10
305.96855256177327
 20
209.98821805757808
 30
0.0
  0
SPLINE
  5
66B
330
17
100
AcDbEntity
  8
ENGRAVE
100
AcDbSpline
 70
0
 71
2
 72
6
 73
3
 74
0
 40
0.0
 40
0.0
 40
0.0
 40
1.0
 40
1.0
 40
1.0
 10
305.4420220083354
 20
188.20575400087915
 30
0.0
 10
305.81004284166875
 20
188.15778525087913
 30
0.0
 10
306.09803763333537
 20
188.02176962587913
 30
0.0
  0
SPLINE
  5
66C
330
17
100
AcDbEntity
  8
ENGRAVE
100
AcDbSpline
 70
0
 71
2
 72
6
 73
3
 74
0
 40
0.0
 40
0.0
 40
0.0
 40
1.0
 40
1.0
 40
1.0
 10
305.6965733951066
 20
209.6122024325781
 30
0.0
 10
305.7765733951066
 20
209.50022326591142
 30
0.0
 10
306.1525629784399
 20
209.45222847424475
 30
0.0
  0
SPLINE
  5
66D
330
17
100
AcDbEntity
  8
ENGRAVE
100
AcDbSpline
 70
0
 71
2
 72
6
 73
3
 74
0
 40
0.0
 40
0.0
 40
0.0
 40
1.0
 40
1.0
 40
1.0
 10
305.9540532583354
 20
183.80575400087915
 30
0.0
 10
306.1140532583354
 20
183.6297644175458
 30
0.0
 10
306.1620220083354
 20
183.4697644175458
 30
0.0
  0
SPLINE
  5
66E
330
17
100
AcDbEntity
  8
ENGRAVE
100
AcDbSpline
 70
0
 71
2
 72
6
 73
3
 74
0
 40
0.0
 40
0.0
 40
0.0
 40
1.0
 40
1.0
 40
1.0
 10
305.66454214510657
 20
206.94022326591144
 30
0.0
 10
306.0325629784399
 20
206.87621284924475
 30
0.0
 10
306.1925629784399
 20
206.93222847424477
 30
0.0
  0
SPLINE
  5
66F
330
17
100
AcDbEntity
  8
ENGRAVE
100
AcDbSpline
 70
0
 71
2
 72
6
 73
3
 74
0
 40
0.0
 40
0.0
 40
0.0
 40
1.0
 40
1.0
 40
1.0
 10
305.20055777010657
 20
211.0042336825781
 30
0.0
 10
305.72855256177326
 20
211.58022326591143
 30
0.0
 10
306.35256297843995
 20
211.78824409924476
 30
0.0
  0
SPLINE
  5
670
330
17
100
AcDbEntity
  8
ENGRAVE
100
AcDbSpline
 70
0
 71
2
 72
6
 73
3
 74
0
 40
0.0
 40
0.0
 40
0.0
 40
1.0
 40
1.0
 40
1.0
 10
306.8325629784399
 20
210.7322024325781
 30
0.0
 10
306.67256297843994
 20
210.68423368257808
 30
0.0
 10
306.4245681867733
 20
210.46022326591142
 30
0.0
  0
SPLINE
  5
671
330
17
100
AcDbEntity
  8
ENGRAVE
100
AcDbSpline
 70
0
 71
2
 72
6
 73
3
 74
0
 40
0.0
 40
0.0
 40
0.0
 40
1.0
 40
1.0
 40
1.0
 10
306.9140532583354
 20
186.76575400087916
 30
0.0
 10
306.8340532583354
 20
186.25377483421246
 30
0.0
 10
306.4580376333354
 20
185.66176962587915
 30
0.0
  0
SPLINE
  5
672
330
17
100
AcDbEntity
  8
ENGRAVE
100
AcDbSpline
 70
0
 71
2
 72
6
 73
3
 74
0
 40
0.0
 40
0.0
 40
0.0
 40
1.0
 40
1.0
 40
1.0
 10
306.09803763333537
 20
188.02176962587913
 30
0.0
 10
306.38603242500204
 20
187.88575400087913
 30
0.0
 10
306.51405325833537
 20
187.72575400087914
 30
0.0
  0
SPLINE
  5
673
330
17
100
AcDbEntity
  8
ENGRAVE
100
AcDbSpline
 70
0
 71
2
 72
6
 73
3
 74
0
 40
0.0
 40
0.0
 40
0.0
 40
1.0
 40
1.0
 40
1.0
 10
306.1925629784399
 20
206.93222847424477
 30
0.0
 10
306.35256297843995
 20
206.98824409924475
 30
0.0
 10
306.5925629784399
 20
207.10022326591144
 30
0.0
  0
SPLINE
  5
674
330
17
100
AcDbEntity
  8
ENGRAVE
100
AcDbSpline
 70
0
 71
2
 72
6
 73
3
 74
0
 40
0.0
 40
0.0
 40
0.0
 40
1.0
 40
1.0
 40
1.0
 10
307.3925629784399
 20
208.4922024325781
 30
0.0
 10
307.1205317284399
 20
208.38022326591144
 30
0.0
 10
306.75253693677325
 20
208.3482180575781
 30
0.0
  0
SPLINE
  5
675
330
17
100
AcDbEntity
  8
ENGRAVE
100
AcDbSpline
 70
0
 71
2
 72
6
 73
3
 74
0
 40
0.0
 40
0.0
 40
0.0
 40
1.0
 40
1.0
 40
1.0
 10
306.1525629784399
 20
209.45222847424475
 30
0.0
 10
306.52855256177327
 20
209.40423368257808
 30
0.0
 10
306.7685525617733
 20
209.46824409924477
 30
0.0
  0
SPLINE
  5
676
330
17
100
AcDbEntity
  8
ENGRAVE
100
AcDbSpline
 70
0
 71
2
 72
6
 73
3
 74
0
 40
0.0
 40
0.0
 40
0.0
 40
1.0
 40
1.0
 40
1.0
 10
306.35256297843995
 20
211.78824409924476
 30
0.0
 10
306.5765733951066
 20
211.86824409924475
 30
0.0
 10
306.80855256177324
 20
211.90824409924477
 30
0.0
  0
SPLINE
  5
677
330
17
100
AcDbEntity
  8
ENGRAVE
100
AcDbSpline
 70
0
 71
2
 72
6
 73
3
 74
0
 40
0.0
 40
0.0
 40
0.0
 40
1.0
 40
1.0
 40
1.0
 10
307.43253693677326
 20
210.68420764091144
 30
0.0
 10
307.2005317284399
 20
210.8122024325781
 30
0.0
 10
306.8325629784399
 20
210.7322024325781
 30
0.0
  0
SPLINE
  5
678
330
17
100
AcDbEntity
  8
ENGRAVE
100
AcDbSpline
 70
0
 71
2
 72
6
 73
3
 74
0
 40
0.0
 40
0.0
 40
0.0
 40
1.0
 40
1.0
 40
1.0
 10
306.51405325833537
 20
187.72575400087914
 30
0.0
 10
306.7700428416687
 20
187.4697644175458
 30
0.0
 10
306.8500428416687
 20
187.22976441754582
 30
0.0
  0
SPLINE
  5
679
330
17
100
AcDbEntity
  8
ENGRAVE
100
AcDbSpline
 70
0
 71
2
 72
6
 73
3
 74
0
 40
0.0
 40
0.0
 40
0.0
 40
1.0
 40
1.0
 40
1.0
 10
306.8500428416687
 20
187.22976441754582
 30
0.0
 10
306.93004284166875
 20
186.9897644175458
 30
0.0
 10
306.9140532583354
 20
186.76575400087916
 30
0.0
  0
SPLINE
  5
67A
330
17
100
AcDbEntity
  8
ENGRAVE
100
AcDbSpline
 70
0
 71
2
 72
6
 73
3
 74
0
 40
0.0
 40
0.0
 40
0.0
 40
1.0
 40
1.0
 40
1.0
 10
306.5925629784399
 20
207.10022326591144
 30
0.0
 10
306.7685525617733
 20
207.2122024325781
 30
0.0
 10
306.9605577701066
 20
207.3722024325781
 30
0.0
  0
SPLINE
  5
67B
330
17
100
AcDbEntity
  8
ENGRAVE
100
AcDbSpline
 70
0
 71
2
 72
6
 73
3
 74
0
 40
0.0
 40
0.0
 40
0.0
 40
1.0
 40
1.0
 40
1.0
 10
307.8005577701066
 20
206.57220243257808
 30
0.0
 10
307.4565733951066
 20
206.1722024325781
 30
0.0
 10
306.9765733951066
 20
205.90022326591142
 30
0.0
  0
SPLINE
  5
67C
330
17
100
AcDbEntity
  8
ENGRAVE
100
AcDbSpline
 70
0
 71
2
 72
6
 73
3
 74
0
 40
0.0
 40
0.0
 40
0.0
 40
1.0
 40
1.0
 40
1.0
 10
306.7685525617733
 20
209.46824409924477
 30
0.0
 10
306.8805317284399
 20
209.51621284924477
 30
0.0
 10
307.0965473534399
 20
209.69222847424476
 30
0.0
  0
SPLINE
  5
67D
330
17
100
AcDbEntity
  8
ENGRAVE
100
AcDbSpline
 70
0
 71
2
 72
6
 73
3
 74
0
 40
0.0
 40
0.0
 40
0.0
 40
1.0
 40
1.0
 40
1.0
 10
306.9605577701066
 20
207.3722024325781
 30
0.0
 10
307.1525629784399
 20
207.5322024325781
 30
0.0
 10
307.28053172843994
 20
207.6122024325781
 30
0.0
  0
SPLINE
  5
67E
330
17
100
AcDbEntity
  8
ENGRAVE
100
AcDbSpline
 70
0
 71
2
 72
6
 73
3
 74
0
 40
0.0
 40
0.0
 40
0.0
 40
1.0
 40
1.0
 40
1.0
 10
308.4405577701066
 20
209.37222847424476
 30
0.0
 10
308.0645421451066
 20
208.78022326591142
 30
0.0
 10
307.3925629784399
 20
208.4922024325781
 30
0.0
  0
SPLINE
  5
67F
330
17
100
AcDbEntity
  8
ENGRAVE
100
AcDbSpline
 70
0
 71
2
 72
6
 73
3
 74
0
 40
0.0
 40
0.0
 40
0.0
 40
1.0
 40
1.0
 40
1.0
 10
306.80855256177324
 20
211.90824409924477
 30
0.0
 10
307.04053172843993
 20
211.94824409924476
 30
0.0
 10
307.4245421451066
 20
211.91621284924477
 30
0.0
  0
SPLINE
  5
680
330
17
100
AcDbEntity
  8
ENGRAVE
100
AcDbSpline
 70
0
 71
2
 72
6
 73
3
 74
0
 40
0.0
 40
0.0
 40
0.0
 40
1.0
 40
1.0
 40
1.0
 10
307.66454214510657
 20
210.38022326591144
 30
0.0
 10
307.66454214510657
 20
210.55621284924476
 30
0.0
 10
307.43253693677326
 20
210.68420764091144
 30
0.0
  0
SPLINE
  5
681
330
17
100
AcDbEntity
  8
ENGRAVE
100
AcDbSpline
 70
0
 71
2
 72
6
 73
3
 74
0
 40
0.0
 40
0.0
 40
0.0
 40
1.0
 40
1.0
 40
1.0
 10
307.0965473534399
 20
209.69222847424476
 30
0.0
 10
307.3125629784399
 20
209.86824409924475
 30
0.0
 10
307.48855256177325
 20
210.06824409924477
 30
0.0
  0
SPLINE
  5
682
330
17
100
AcDbEntity
  8
ENGRAVE
100
AcDbSpline
 70
0
 71
2
 72
6
 73
3
 74
0
 40
0.0
 40
0.0
 40
0.0
 40
1.0
 40
1.0
 40
1.0
 10
307.28053172843994
 20
207.6122024325781
 30
0.0
 10
307.40855256177326
 20
207.70824409924475
 30
0.0
 10
307.60053172843993
 20
207.70824409924475
 30
0.0
  0
SPLINE
  5
683
330
17
100
AcDbEntity
  8
ENGRAVE
100
AcDbSpline
 70
0
 71
2
 72
6
 73
3
 74
0
 40
0.0
 40
0.0
 40
0.0
 40
1.0
 40
1.0
 40
1.0
 10
307.48855256177325
 20
210.06824409924477
 30
0.0
 10
307.66454214510657
 20
210.26824409924475
 30
0.0
 10
307.66454214510657
 20
210.38022326591144
 30
0.0
  0
SPLINE
  5
684
330
17
100
AcDbEntity
  8
ENGRAVE
100
AcDbSpline
 70
0
 71
2
 72
6
 73
3
 74
0
 40
0.0
 40
0.0
 40
0.0
 40
1.0
 40
1.0
 40
1.0
 10
308.1445421451066
 20
207.18022326591142
 30
0.0
 10
308.1445421451066
 20
206.9722024325781
 30
0.0
 10
307.8005577701066
 20
206.57220243257808
 30
0.0
  0
SPLINE
  5
685
330
17
100
AcDbEntity
  8
ENGRAVE
100
AcDbSpline
 70
0
 71
2
 72
6
 73
3
 74
0
 40
0.0
 40
0.0
 40
0.0
 40
1.0
 40
1.0
 40
1.0
 10
307.60053172843993
 20
207.70824409924475
 30
0.0
 10
307.7765733951066
 20
207.69220243257809
 30
0.0
 10
307.9365733951066
 20
207.51621284924477
 30
0.0
  0
SPLINE
  5
686
330
17
100
AcDbEntity
  8
ENGRAVE
100
AcDbSpline
 70
0
 71
2
 72
6
 73
3
 74
0
 40
0.0
 40
0.0
 40
0.0
 40
1.0
 40
1.0
 40
1.0
 10
307.4245421451066
 20
211.91621284924477
 30
0.0
 10
307.79256297843995
 20
211.86824409924475
 30
0.0
 10
308.08055777010657
 20
211.73222847424475
 30
0.0
  0
SPLINE
  5
687
330
17
100
AcDbEntity
  8
ENGRAVE
100
AcDbSpline
 70
0
 71
2
 72
6
 73
3
 74
0
 40
0.0
 40
0.0
 40
0.0
 40
1.0
 40
1.0
 40
1.0
 10
307.9365733951066
 20
207.51621284924477
 30
0.0
 10
308.0965733951066
 20
207.34022326591142
 30
0.0
 10
308.1445421451066
 20
207.18022326591142
 30
0.0
  0
SPLINE
  5
688
330
17
100
AcDbEntity
  8
ENGRAVE
100
AcDbSpline
 70
0
 71
2
 72
6
 73
3
 74
0
 40
0.0
 40
0.0
 40
0.0
 40
1.0
 40
1.0
 40
1.0
 10
308.8965733951066
 20
210.47621284924477
 30
0.0
 10
308.8165733951066
 20
209.96423368257808
 30
0.0
 10
308.4405577701066
 20
209.37222847424476
 30
0.0
  0
SPLINE
  5
689
330
17
100
AcDbEntity
  8
ENGRAVE
100
AcDbSpline
 70
0
 71
2
 72
6
 73
3
 74
0
 40
0.0
 40
0.0
 40
0.0
 40
1.0
 40
1.0
 40
1.0
 10
308.08055777010657
 20
211.73222847424475
 30
0.0
 10
308.36855256177324
 20
211.59621284924475
 30
0.0
 10
308.49657339510657
 20
211.43621284924475
 30
0.0
  0
SPLINE
  5
68A
330
17
100
AcDbEntity
  8
ENGRAVE
100
AcDbSpline
 70
0
 71
2
 72
6
 73
3
 74
0
 40
0.0
 40
0.0
 40
0.0
 40
1.0
 40
1.0
 40
1.0
 10
308.49657339510657
 20
211.43621284924475
 30
0.0
 10
308.7525629784399
 20
211.18022326591142
 30
0.0
 10
308.8325629784399
 20
210.94022326591144
 30
0.0
  0
SPLINE
  5
68B
330
17
100
AcDbEntity
  8
ENGRAVE
100
AcDbSpline
 70
0
 71
2
 72
6
 73
3
 74
0
 40
0.0
 40
0.0
 40
0.0
 40
1.0
 40
1.0
 40
1.0
 10
308.8325629784399
 20
210.94022326591144
 30
0.0
 10
308.91256297843995
 20
210.70022326591143
 30
0.0
 10
308.8965733951066
 20
210.47621284924477
 30
0.0
  0
SPLINE
  5
68C
330
17
100
AcDbEntity
  8
ENGRAVE
100
AcDbSpline
 70
0
 71
2
 72
6
 73
3
 74
0
 40
0.0
 40
0.0
 40
0.0
 40
1.0
 40
1.0
 40
1.0
 10
309.24855256177324
 20
206.9482180575781
 30
0.0
 10
309.10454214510656
 20
207.40423368257808
 30
0.0
 10
309.20058381177324
 20
208.18824409924477
 30
0.0
  0
SPLINE
  5
68D
330
17
100
AcDbEntity
  8
ENGRAVE
100
AcDbSpline
 70
0
 71
2
 72
6
 73
3
 74
0
 40
0.0
 40
0.0
 40
0.0
 40
1.0
 40
1.0
 40
1.0
 10
309.55256297843994
 20
206.2842336825781
 30
0.0
 10
309.3925629784399
 20
206.4922024325781
 30
0.0
 10
309.24855256177324
 20
206.9482180575781
 30
0.0
  0
SPLINE
  5
68E
330
17
100
AcDbEntity
  8
ENGRAVE
100
AcDbSpline
 70
0
 71
2
 72
6
 73
3
 74
0
 40
0.0
 40
0.0
 40
0.0
 40
1.0
 40
1.0
 40
1.0
 10
310.3045681867733
 20
205.73222847424475
 30
0.0
 10
309.84058381177323
 20
205.91621284924477
 30
0.0
 10
309.55256297843994
 20
206.2842336825781
 30
0.0
  0
SPLINE
  5
68F
330
17
100
AcDbEntity
  8
ENGRAVE
100
AcDbSpline
 70
0
 71
2
 72
6
 73
3
 74
0
 40
0.0
 40
0.0
 40
0.0
 40
1.0
 40
1.0
 40
1.0
 10
309.20058381177324
 20
208.18824409924477
 30
0.0
 10
309.2965733951066
 20
208.9242336825781
 30
0.0
 10
309.6565733951066
 20
209.67623889091143
 30
0.0
  0
SPLINE
  5
690
330
17
100
AcDbEntity
  8
ENGRAVE
100
AcDbSpline
 70
0
 71
2
 72
6
 73
3
 74
0
 40
0.0
 40
0.0
 40
0.0
 40
1.0
 40
1.0
 40
1.0
 10
311.3045681867733
 20
205.58824409924478
 30
0.0
 10
310.7685525617733
 20
205.54824409924476
 30
0.0
 10
310.3045681867733
 20
205.73222847424475
 30
0.0
  0
SPLINE
  5
691
330
17
100
AcDbEntity
  8
ENGRAVE
100
AcDbSpline
 70
0
 71
2
 72
6
 73
3
 74
0
 40
0.0
 40
0.0
 40
0.0
 40
1.0
 40
1.0
 40
1.0
 10
310.5845421451066
 20
208.3642336825781
 30
0.0
 10
310.4645421451066
 20
208.2042336825781
 30
0.0
 10
310.4805838117733
 20
207.74022326591142
 30
0.0
  0
SPLINE
  5
692
330
17
100
AcDbEntity
  8
ENGRAVE
100
AcDbSpline
 70
0
 71
2
 72
6
 73
3
 74
0
 40
0.0
 40
0.0
 40
0.0
 40
1.0
 40
1.0
 40
1.0
 10
309.6565733951066
 20
209.67623889091143
 30
0.0
 10
310.0165733951066
 20
210.42824409924475
 30
0.0
 10
310.54456818677323
 20
211.0042336825781
 30
0.0
  0
SPLINE
  5
693
330
17
100
AcDbEntity
  8
ENGRAVE
100
AcDbSpline
 70
0
 71
2
 72
6
 73
3
 74
0
 40
0.0
 40
0.0
 40
0.0
 40
1.0
 40
1.0
 40
1.0
 10
311.08855256177327
 20
208.4442336825781
 30
0.0
 10
310.7045421451066
 20
208.52423368257809
 30
0.0
 10
310.5845421451066
 20
208.3642336825781
 30
0.0
  0
SPLINE
  5
694
330
17
100
AcDbEntity
  8
ENGRAVE
100
AcDbSpline
 70
0
 71
2
 72
6
 73
3
 74
0
 40
0.0
 40
0.0
 40
0.0
 40
1.0
 40
1.0
 40
1.0
 10
310.4805838117733
 20
207.74022326591142
 30
0.0
 10
310.5125629784399
 20
207.4522024325781
 30
0.0
 10
310.61657339510657
 20
207.23621284924477
 30
0.0
  0
SPLINE
  5
695
330
17
100
AcDbEntity
  8
ENGRAVE
100
AcDbSpline
 70
0
 71
2
 72
6
 73
3
 74
0
 40
0.0
 40
0.0
 40
0.0
 40
1.0
 40
1.0
 40
1.0
 10
310.61657339510657
 20
207.23621284924477
 30
0.0
 10
310.7205838117733
 20
207.02022326591143
 30
0.0
 10
311.00855256177323
 20
206.94022326591144
 30
0.0
  0
SPLINE
  5
696
330
17
100
AcDbEntity
  8
ENGRAVE
100
AcDbSpline
 70
0
 71
2
 72
6
 73
3
 74
0
 40
0.0
 40
0.0
 40
0.0
 40
1.0
 40
1.0
 40
1.0
 10
311.3125629784399
 20
209.98821805757808
 30
0.0
 10
311.10454214510656
 20
209.74022326591142
 30
0.0
 10
311.0405838117733
 20
209.6122024325781
 30
0.0
  0
SPLINE
  5
697
330
17
100
AcDbEntity
  8
ENGRAVE
100
AcDbSpline
 70
0
 71
2
 72
6
 73
3
 74
0
 40
0.0
 40
0.0
 40
0.0
 40
1.0
 40
1.0
 40
1.0
 10
312.0965473534399
 20
208.3482180575781
 30
0.0
 10
311.72855256177326
 20
208.31621284924475
 30
0.0
 10
311.08855256177327
 20
208.4442336825781
 30
0.0
  0
SPLINE
  5
698
330
17
100
AcDbEntity
  8
ENGRAVE
100
AcDbSpline
 70
0
 71
2
 72
6
 73
3
 74
0
 40
0.0
 40
0.0
 40
0.0
 40
1.0
 40
1.0
 40
1.0
 10
312.32058381177325
 20
205.90022326591142
 30
0.0
 10
311.84058381177323
 20
205.62824409924477
 30
0.0
 10
311.3045681867733
 20
205.58824409924478
 30
0.0
  0
SPLINE
  5
699
330
17
100
AcDbEntity
  8
ENGRAVE
100
AcDbSpline
 70
0
 71
2
 72
6
 73
3
 74
0
 40
0.0
 40
0.0
 40
0.0
 40
1.0
 40
1.0
 40
1.0
 10
311.76857860343995
 20
210.46022326591142
 30
0.0
 10
311.52058381177324
 20
210.23621284924477
 30
0.0
 10
311.3125629784399
 20
209.98821805757808
 30
0.0
  0
SPLINE
  5
69A
330
17
100
AcDbEntity
  8
ENGRAVE
100
AcDbSpline
 70
0
 71
2
 72
6
 73
3
 74
0
 40
0.0
 40
0.0
 40
0.0
 40
1.0
 40
1.0
 40
1.0
 10
311.0405838117733
 20
209.6122024325781
 30
0.0
 10
311.12058381177326
 20
209.50022326591142
 30
0.0
 10
311.49657339510657
 20
209.45222847424475
 30
0.0
  0
SPLINE
  5
69B
330
17
100
AcDbEntity
  8
ENGRAVE
100
AcDbSpline
 70
0
 71
2
 72
6
 73
3
 74
0
 40
0.0
 40
0.0
 40
0.0
 40
1.0
 40
1.0
 40
1.0
 10
311.00855256177323
 20
206.94022326591144
 30
0.0
 10
311.37657339510656
 20
206.87621284924475
 30
0.0
 10
311.5365733951066
 20
206.93222847424477
 30
0.0
  0
SPLINE
  5
69C
330
17
100
AcDbEntity
  8
ENGRAVE
100
AcDbSpline
 70
0
 71
2
 72
6
 73
3
 74
0
 40
0.0
 40
0.0
 40
0.0
 40
1.0
 40
1.0
 40
1.0
 10
310.54456818677323
 20
211.0042336825781
 30
0.0
 10
311.0725629784399
 20
211.58022326591143
 30
0.0
 10
311.6965733951066
 20
211.78824409924476
 30
0.0
  0
SPLINE
  5
69D
330
17
100
AcDbEntity
  8
ENGRAVE
100
AcDbSpline
 70
0
 71
2
 72
6
 73
3
 74
0
 40
0.0
 40
0.0
 40
0.0
 40
1.0
 40
1.0
 40
1.0
 10
312.1765733951066
 20
210.7322024325781
 30
0.0
 10
312.0165733951066
 20
210.68423368257808
 30
0.0
 10
311.76857860343995
 20
210.46022326591142
 30
0.0
  0
SPLINE
  5
69E
330
17
100
AcDbEntity
  8
ENGRAVE
100
AcDbSpline
 70
0
 71
2
 72
6
 73
3
 74
0
 40
0.0
 40
0.0
 40
0.0
 40
1.0
 40
1.0
 40
1.0
 10
311.5365733951066
 20
206.93222847424477
 30
0.0
 10
311.6965733951066
 20
206.98824409924475
 30
0.0
 10
311.93657339510656
 20
207.10022326591144
 30
0.0
  0
SPLINE
  5
69F
330
17
100
AcDbEntity
  8
ENGRAVE
100
AcDbSpline
 70
0
 71
2
 72
6
 73
3
 74
0
 40
0.0
 40
0.0
 40
0.0
 40
1.0
 40
1.0
 40
1.0
 10
312.7365733951066
 20
208.4922024325781
 30
0.0
 10
312.4645421451066
 20
208.38022326591144
 30
0.0
 10
312.0965473534399
 20
208.3482180575781
 30
0.0
  0
SPLINE
  5
6A0
330
17
100
AcDbEntity
  8
ENGRAVE
100
AcDbSpline
 70
0
 71
2
 72
6
 73
3
 74
0
 40
0.0
 40
0.0
 40
0.0
 40
1.0
 40
1.0
 40
1.0
 10
311.49657339510657
 20
209.45222847424475
 30
0.0
 10
311.87256297843993
 20
209.40423368257808
 30
0.0
 10
312.11256297843994
 20
209.46824409924477
 30
0.0
  0
SPLINE
  5
6A1
330
17
100
AcDbEntity
  8
ENGRAVE
100
AcDbSpline
 70
0
 71
2
 72
6
 73
3
 74
0
 40
0.0
 40
0.0
 40
0.0
 40
1.0
 40
1.0
 40
1.0
 10
311.6965733951066
 20
211.78824409924476
 30
0.0
 10
311.92058381177327
 20
211.86824409924475
 30
0.0
 10
312.1525629784399
 20
211.90824409924477
 30
0.0
  0
SPLINE
  5
6A2
330
17
100
AcDbEntity
  8
ENGRAVE
100
AcDbSpline
 70
0
 71
2
 72
6
 73
3
 74
0
 40
0.0
 40
0.0
 40
0.0
 40
1.0
 40
1.0
 40
1.0
 10
312.7765473534399
 20
210.68420764091144
 30
0.0
 10
312.54454214510656
 20
210.8122024325781
 30
0.0
 10
312.1765733951066
 20
210.7322024325781
 30
0.0
  0
SPLINE
  5
6A3
330
17
100
AcDbEntity
  8
ENGRAVE
100
AcDbSpline
 70
0
 71
2
 72
6
 73
3
 74
0
 40
0.0
 40
0.0
 40
0.0
 40
1.0
 40
1.0
 40
1.0
 10
311.93657339510656
 20
207.10022326591144
 30
0.0
 10
312.11256297843994
 20
207.2122024325781
 30
0.0
 10
312.3045681867733
 20
207.3722024325781
 30
0.0
  0
SPLINE
  5
6A4
330
17
100
AcDbEntity
  8
ENGRAVE
100
AcDbSpline
 70
0
 71
2
 72
6
 73
3
 74
0
 40
0.0
 40
0.0
 40
0.0
 40
1.0
 40
1.0
 40
1.0
 10
313.14456818677326
 20
206.57220243257808
 30
0.0
 10
312.80058381177327
 20
206.1722024325781
 30
0.0
 10
312.32058381177325
 20
205.90022326591142
 30
0.0
  0
SPLINE
  5
6A5
330
17
100
AcDbEntity
  8
ENGRAVE
100
AcDbSpline
 70
0
 71
2
 72
6
 73
3
 74
0
 40
0.0
 40
0.0
 40
0.0
 40
1.0
 40
1.0
 40
1.0
 10
312.11256297843994
 20
209.46824409924477
 30
0.0
 10
312.22454214510657
 20
209.51621284924477
 30
0.0
 10
312.4405577701066
 20
209.69222847424476
 30
0.0
  0
SPLINE
  5
6A6
330
17
100
AcDbEntity
  8
ENGRAVE
100
AcDbSpline
 70
0
 71
2
 72
6
 73
3
 74
0
 40
0.0
 40
0.0
 40
0.0
 40
1.0
 40
1.0
 40
1.0
 10
312.3045681867733
 20
207.3722024325781
 30
0.0
 10
312.49657339510657
 20
207.5322024325781
 30
0.0
 10
312.6245421451066
 20
207.6122024325781
 30
0.0
  0
SPLINE
  5
6A7
330
17
100
AcDbEntity
  8
ENGRAVE
100
AcDbSpline
 70
0
 71
2
 72
6
 73
3
 74
0
 40
0.0
 40
0.0
 40
0.0
 40
1.0
 40
1.0
 40
1.0
 10
313.78456818677324
 20
209.37222847424476
 30
0.0
 10
313.40855256177326
 20
208.78022326591142
 30
0.0
 10
312.7365733951066
 20
208.4922024325781
 30
0.0
  0
SPLINE
  5
6A8
330
17
100
AcDbEntity
  8
ENGRAVE
100
AcDbSpline
 70
0
 71
2
 72
6
 73
3
 74
0
 40
0.0
 40
0.0
 40
0.0
 40
1.0
 40
1.0
 40
1.0
 10
312.1525629784399
 20
211.90824409924477
 30
0.0
 10
312.3845421451066
 20
211.94824409924476
 30
0.0
 10
312.7685525617733
 20
211.91621284924477
 30
0.0
  0
SPLINE
  5
6A9
330
17
100
AcDbEntity
  8
ENGRAVE
100
AcDbSpline
 70
0
 71
2
 72
6
 73
3
 74
0
 40
0.0
 40
0.0
 40
0.0
 40
1.0
 40
1.0
 40
1.0
 10
313.00855256177323
 20
210.38022326591144
 30
0.0
 10
313.00855256177323
 20
210.55621284924476
 30
0.0
 10
312.7765473534399
 20
210.68420764091144
 30
0.0
  0
SPLINE
  5
6AA
330
17
100
AcDbEntity
  8
ENGRAVE
100
AcDbSpline
 70
0
 71
2
 72
6
 73
3
 74
0
 40
0.0
 40
0.0
 40
0.0
 40
1.0
 40
1.0
 40
1.0
 10
312.4405577701066
 20
209.69222847424476
 30
0.0
 10
312.6565733951066
 20
209.86824409924475
 30
0.0
 10
312.8325629784399
 20
210.06824409924477
 30
0.0
  0
SPLINE
  5
6AB
330
17
100
AcDbEntity
  8
ENGRAVE
100
AcDbSpline
 70
0
 71
2
 72
6
 73
3
 74
0
 40
0.0
 40
0.0
 40
0.0
 40
1.0
 40
1.0
 40
1.0
 10
312.6245421451066
 20
207.6122024325781
 30
0.0
 10
312.7525629784399
 20
207.70824409924475
 30
0.0
 10
312.9445421451066
 20
207.70824409924475
 30
0.0
  0
SPLINE
  5
6AC
330
17
100
AcDbEntity
  8
ENGRAVE
100
AcDbSpline
 70
0
 71
2
 72
6
 73
3
 74
0
 40
0.0
 40
0.0
 40
0.0
 40
1.0
 40
1.0
 40
1.0
 10
312.8325629784399
 20
210.06824409924477
 30
0.0
 10
313.00855256177323
 20
210.26824409924475
 30
0.0
 10
313.00855256177323
 20
210.38022326591144
 30
0.0
  0
SPLINE
  5
6AD
330
17
100
AcDbEntity
  8
ENGRAVE
100
AcDbSpline
 70
0
 71
2
 72
6
 73
3
 74
0
 40
0.0
 40
0.0
 40
0.0
 40
1.0
 40
1.0
 40
1.0
 10
313.48855256177325
 20
207.18022326591142
 30
0.0
 10
313.48855256177325
 20
206.9722024325781
 30
0.0
 10
313.14456818677326
 20
206.57220243257808
 30
0.0
  0
SPLINE
  5
6AE
330
17
100
AcDbEntity
  8
ENGRAVE
100
AcDbSpline
 70
0
 71
2
 72
6
 73
3
 74
0
 40
0.0
 40
0.0
 40
0.0
 40
1.0
 40
1.0
 40
1.0
 10
312.9445421451066
 20
207.70824409924475
 30
0.0
 10
313.12058381177326
 20
207.69220243257809
 30
0.0
 10
313.2805838117732
 20
207.51621284924477
 30
0.0
  0
SPLINE
  5
6AF
330
17
100
AcDbEntity
  8
ENGRAVE
100
AcDbSpline
 70
0
 71
2
 72
6
 73
3
 74
0
 40
0.0
 40
0.0
 40
0.0
 40
1.0
 40
1.0
 40
1.0
 10
312.7685525617733
 20
211.91621284924477
 30
0.0
 10
313.1365733951066
 20
211.86824409924475
 30
0.0
 10
313.42456818677323
 20
211.73222847424475
 30
0.0
  0
SPLINE
  5
6B0
330
17
100
AcDbEntity
  8
ENGRAVE
100
AcDbSpline
 70
0
 71
2
 72
6
 73
3
 74
0
 40
0.0
 40
0.0
 40
0.0
 40
1.0
 40
1.0
 40
1.0
 10
313.2805838117732
 20
207.51621284924477
 30
0.0
 10
313.44058381177325
 20
207.34022326591142
 30
0.0
 10
313.48855256177325
 20
207.18022326591142
 30
0.0
  0
SPLINE
  5
6B1
330
17
100
AcDbEntity
  8
ENGRAVE
100
AcDbSpline
 70
0
 71
2
 72
6
 73
3
 74
0
 40
0.0
 40
0.0
 40
0.0
 40
1.0
 40
1.0
 40
1.0
 10
314.24058381177326
 20
210.47621284924477
 30
0.0
 10
314.1605838117733
 20
209.96423368257808
 30
0.0
 10
313.78456818677324
 20
209.37222847424476
 30
0.0
  0
SPLINE
  5
6B2
330
17
100
AcDbEntity
  8
ENGRAVE
100
AcDbSpline
 70
0
 71
2
 72
6
 73
3
 74
0
 40
0.0
 40
0.0
 40
0.0
 40
1.0
 40
1.0
 40
1.0
 10
313.42456818677323
 20
211.73222847424475
 30
0.0
 10
313.7125629784399
 20
211.59621284924475
 30
0.0
 10
313.84058381177323
 20
211.43621284924475
 30
0.0
  0
SPLINE
  5
6B3
330
17
100
AcDbEntity
  8
ENGRAVE
100
AcDbSpline
 70
0
 71
2
 72
6
 73
3
 74
0
 40
0.0
 40
0.0
 40
0.0
 40
1.0
 40
1.0
 40
1.0
 10
313.84058381177323
 20
211.43621284924475
 30
0.0
 10
314.0965733951066
 20
211.18022326591142
 30
0.0
 10
314.1765733951066
 20
210.94022326591144
 30
0.0
  0
SPLINE
  5
6B4
330
17
100
AcDbEntity
  8
ENGRAVE
100
AcDbSpline
 70
0
 71
2
 72
6
 73
3
 74
0
 40
0.0
 40
0.0
 40
0.0
 40
1.0
 40
1.0
 40
1.0
 10
314.1765733951066
 20
210.94022326591144
 30
0.0
 10
314.2565733951066
 20
210.70022326591143
 30
0.0
 10
314.24058381177326
 20
210.47621284924477
 30
0.0
  0
SPLINE
  5
6B5
330
17
100
AcDbEntity
  8
ENGRAVE
100
AcDbSpline
 70
0
 71
2
 72
6
 73
3
 74
0
 40
0.0
 40
0.0
 40
0.0
 40
1.0
 40
1.0
 40
1.0
 10
314.58456818677325
 20
206.67621284924476
 30
0.0
 10
314.43256297843993
 20
206.87621284924475
 30
0.0
 10
314.40058381177323
 20
206.94022326591144
 30
0.0
  0
SPLINE
  5
6B6
330
17
100
AcDbEntity
  8
ENGRAVE
100
AcDbSpline
 70
0
 71
2
 72
6
 73
3
 74
0
 40
0.0
 40
0.0
 40
0.0
 40
1.0
 40
1.0
 40
1.0
 10
314.40058381177323
 20
206.94022326591144
 30
0.0
 10
314.40058381177323
 20
207.3242336825781
 30
0.0
 10
314.49657339510657
 20
207.61222847424477
 30
0.0
  0
SPLINE
  5
6B7
330
17
100
AcDbEntity
  8
ENGRAVE
100
AcDbSpline
 70
0
 71
2
 72
6
 73
3
 74
0
 40
0.0
 40
0.0
 40
0.0
 40
1.0
 40
1.0
 40
1.0
 10
314.84855256177326
 20
206.34824409924477
 30
0.0
 10
314.7365733951066
 20
206.47621284924477
 30
0.0
 10
314.58456818677325
 20
206.67621284924476
 30
0.0
  0
SPLINE
  5
6B8
330
17
100
AcDbEntity
  8
ENGRAVE
100
AcDbSpline
 70
0
 71
2
 72
6
 73
3
 74
0
 40
0.0
 40
0.0
 40
0.0
 40
1.0
 40
1.0
 40
1.0
 10
314.49657339510657
 20
207.61222847424477
 30
0.0
 10
314.5925629784399
 20
207.90022326591142
 30
0.0
 10
314.7845942284399
 20
208.34824409924477
 30
0.0
  0
SPLINE
  5
6B9
330
17
100
AcDbEntity
  8
ENGRAVE
100
AcDbSpline
 70
0
 71
2
 72
6
 73
3
 74
0
 40
0.0
 40
0.0
 40
0.0
 40
1.0
 40
1.0
 40
1.0
 10
315.1525629784399
 20
206.1242336825781
 30
0.0
 10
315.00855256177323
 20
206.22022326591141
 30
0.0
 10
314.84855256177326
 20
206.34824409924477
 30
0.0
  0
SPLINE
  5
6BA
330
17
100
AcDbEntity
  8
ENGRAVE
100
AcDbSpline
 70
0
 71
2
 72
6
 73
3
 74
0
 40
0.0
 40
0.0
 40
0.0
 40
1.0
 40
1.0
 40
1.0
 10
314.7845942284399
 20
208.34824409924477
 30
0.0
 10
314.84855256177326
 20
208.46022326591142
 30
0.0
 10
314.90456818677325
 20
208.58022326591143
 30
0.0
  0
SPLINE
  5
6BB
330
17
100
AcDbEntity
  8
ENGRAVE
100
AcDbSpline
 70
0
 71
2
 72
6
 73
3
 74
0
 40
0.0
 40
0.0
 40
0.0
 40
1.0
 40
1.0
 40
1.0
 10
314.90456818677325
 20
208.58022326591143
 30
0.0
 10
314.96058381177323
 20
208.70022326591143
 30
0.0
 10
315.0405838117733
 20
208.8442336825781
 30
0.0
  0
SPLINE
  5
6BC
330
17
100
AcDbEntity
  8
ENGRAVE
100
AcDbSpline
 70
0
 71
2
 72
6
 73
3
 74
0
 40
0.0
 40
0.0
 40
0.0
 40
1.0
 40
1.0
 40
1.0
 10
315.4245942284399
 20
206.0922024325781
 30
0.0
 10
315.2965733951066
 20
206.02824409924477
 30
0.0
 10
315.1525629784399
 20
206.1242336825781
 30
0.0
  0
SPLINE
  5
6BD
330
17
100
AcDbEntity
  8
ENGRAVE
100
AcDbSpline
 70
0
 71
2
 72
6
 73
3
 74
0
 40
0.0
 40
0.0
 40
0.0
 40
1.0
 40
1.0
 40
1.0
 10
315.0405838117733
 20
208.8442336825781
 30
0.0
 10
315.1045942284399
 20
209.06824409924477
 30
0.0
 10
315.2245942284399
 20
209.35623889091144
 30
0.0
  0
SPLINE
  5
6BE
330
17
100
AcDbEntity
  8
ENGRAVE
100
AcDbSpline
 70
0
 71
2
 72
6
 73
3
 74
0
 40
0.0
 40
0.0
 40
0.0
 40
1.0
 40
1.0
 40
1.0
 10
315.7685786034399
 20
206.3322024325781
 30
0.0
 10
315.6005838117733
 20
206.0922024325781
 30
0.0
 10
315.4245942284399
 20
206.0922024325781
 30
0.0
  0
SPLINE
  5
6BF
330
17
100
AcDbEntity
  8
ENGRAVE
100
AcDbSpline
 70
0
 71
2
 72
6
 73
3
 74
0
 40
0.0
 40
0.0
 40
0.0
 40
1.0
 40
1.0
 40
1.0
 10
315.2245942284399
 20
209.35623889091144
 30
0.0
 10
315.3445942284399
 20
209.6442336825781
 30
0.0
 10
315.4565733951066
 20
209.90022326591142
 30
0.0
  0
SPLINE
  5
6C0
330
17
100
AcDbEntity
  8
ENGRAVE
100
AcDbSpline
 70
0
 71
2
 72
6
 73
3
 74
0
 40
0.0
 40
0.0
 40
0.0
 40
1.0
 40
1.0
 40
1.0
 10
315.4565733951066
 20
209.90022326591142
 30
0.0
 10
315.6325629784399
 20
210.31621284924475
 30
0.0
 10
315.7285786034399
 20
210.62022326591142
 30
0.0
  0
SPLINE
  5
6C1
330
17
100
AcDbEntity
  8
ENGRAVE
100
AcDbSpline
 70
0
 71
2
 72
6
 73
3
 74
0
 40
0.0
 40
0.0
 40
0.0
 40
1.0
 40
1.0
 40
1.0
 10
316.28855256177326
 20
206.95621284924476
 30
0.0
 10
315.93657339510656
 20
206.57220243257808
 30
0.0
 10
315.7685786034399
 20
206.3322024325781
 30
0.0
  0
SPLINE
  5
6C2
330
17
100
AcDbEntity
  8
ENGRAVE
100
AcDbSpline
 70
0
 71
2
 72
6
 73
3
 74
0
 40
0.0
 40
0.0
 40
0.0
 40
1.0
 40
1.0
 40
1.0
 10
315.7285786034399
 20
210.62022326591142
 30
0.0
 10
315.82459422843993
 20
210.9242336825781
 30
0.0
 10
315.8885525617732
 20
211.27621284924476
 30
0.0
  0
SPLINE
  5
6C3
330
17
100
AcDbEntity
  8
ENGRAVE
100
AcDbSpline
 70
0
 71
2
 72
6
 73
3
 74
0
 40
0.0
 40
0.0
 40
0.0
 40
1.0
 40
1.0
 40
1.0
 10
315.8885525617732
 20
211.27621284924476
 30
0.0
 10
315.87256297843993
 20
211.30824409924477
 30
0.0
 10
315.90456818677325
 20
211.37222847424476
 30
0.0
  0
SPLINE
  5
6C4
330
17
100
AcDbEntity
  8
ENGRAVE
100
AcDbSpline
 70
0
 71
2
 72
6
 73
3
 74
0
 40
0.0
 40
0.0
 40
0.0
 40
1.0
 40
1.0
 40
1.0
 10
315.90456818677325
 20
211.37222847424476
 30
0.0
 10
315.93657339510656
 20
211.43621284924475
 30
0.0
 10
316.00058381177325
 20
211.4522024325781
 30
0.0
  0
SPLINE
  5
6C5
330
17
100
AcDbEntity
  8
ENGRAVE
100
AcDbSpline
 70
0
 71
2
 72
6
 73
3
 74
0
 40
0.0
 40
0.0
 40
0.0
 40
1.0
 40
1.0
 40
1.0
 10
317.5685786034399
 20
208.00420764091143
 30
0.0
 10
316.94459422843994
 20
207.5322024325781
 30
0.0
 10
316.28855256177326
 20
206.95621284924476
 30
0.0
  0
SPLINE
  5
6C6
330
17
100
AcDbEntity
  8
ENGRAVE
100
AcDbSpline
 70
0
 71
2
 72
6
 73
3
 74
0
 40
0.0
 40
0.0
 40
0.0
 40
1.0
 40
1.0
 40
1.0
 10
316.5365733951066
 20
208.85222847424475
 30
0.0
 10
316.4165733951066
 20
208.63621284924477
 30
0.0
 10
316.4165733951066
 20
208.55621284924476
 30
0.0
  0
SPLINE
  5
6C7
330
17
100
AcDbEntity
  8
ENGRAVE
100
AcDbSpline
 70
0
 71
2
 72
6
 73
3
 74
0
 40
0.0
 40
0.0
 40
0.0
 40
1.0
 40
1.0
 40
1.0
 10
316.0325629784399
 20
211.4522024325781
 30
0.0
 10
316.1445942284399
 20
211.5322024325781
 30
0.0
 10
316.4565733951066
 20
211.47621284924477
 30
0.0
  0
SPLINE
  5
6C8
330
17
100
AcDbEntity
  8
ENGRAVE
100
AcDbSpline
 70
0
 71
2
 72
6
 73
3
 74
0
 40
0.0
 40
0.0
 40
0.0
 40
1.0
 40
1.0
 40
1.0
 10
316.7685525617733
 20
209.3242336825781
 30
0.0
 10
316.6565733951066
 20
209.06824409924477
 30
0.0
 10
316.5365733951066
 20
208.85222847424475
 30
0.0
  0
SPLINE
  5
6C9
330
17
100
AcDbEntity
  8
ENGRAVE
100
AcDbSpline
 70
0
 71
2
 72
6
 73
3
 74
0
 40
0.0
 40
0.0
 40
0.0
 40
1.0
 40
1.0
 40
1.0
 10
316.4165733951066
 20
208.55621284924476
 30
0.0
 10
316.4165733951066
 20
208.55621284924476
 30
0.0
 10
316.54456818677323
 20
208.65222847424477
 30
0.0
  0
SPLINE
  5
6CA
330
17
100
AcDbEntity
  8
ENGRAVE
100
AcDbSpline
 70
0
 71
2
 72
6
 73
3
 74
0
 40
0.0
 40
0.0
 40
0.0
 40
1.0
 40
1.0
 40
1.0
 10
317.2485786034399
 20
210.54022326591144
 30
0.0
 10
317.23256297843994
 20
210.07621284924477
 30
0.0
 10
316.7685525617733
 20
209.3242336825781
 30
0.0
  0
SPLINE
  5
6CB
330
17
100
AcDbEntity
  8
ENGRAVE
100
AcDbSpline
 70
0
 71
2
 72
6
 73
3
 74
0
 40
0.0
 40
0.0
 40
0.0
 40
1.0
 40
1.0
 40
1.0
 10
316.54456818677323
 20
208.65222847424477
 30
0.0
 10
316.67256297843994
 20
208.74824409924477
 30
0.0
 10
316.84857860343993
 20
208.8842336825781
 30
0.0
  0
SPLINE
  5
6CC
330
17
100
AcDbEntity
  8
ENGRAVE
100
AcDbSpline
 70
0
 71
2
 72
6
 73
3
 74
0
 40
0.0
 40
0.0
 40
0.0
 40
1.0
 40
1.0
 40
1.0
 10
316.4565733951066
 20
211.47621284924477
 30
0.0
 10
316.7685525617733
 20
211.42022326591143
 30
0.0
 10
316.92855256177324
 20
211.2922024325781
 30
0.0
  0
SPLINE
  5
6CD
330
17
100
AcDbEntity
  8
ENGRAVE
100
AcDbSpline
 70
0
 71
2
 72
6
 73
3
 74
0
 40
0.0
 40
0.0
 40
0.0
 40
1.0
 40
1.0
 40
1.0
 10
316.84857860343993
 20
208.8842336825781
 30
0.0
 10
317.0245942284399
 20
209.02022326591143
 30
0.0
 10
317.1525629784399
 20
209.10022326591144
 30
0.0
  0
SPLINE
  5
6CE
330
17
100
AcDbEntity
  8
ENGRAVE
100
AcDbSpline
 70
0
 71
2
 72
6
 73
3
 74
0
 40
0.0
 40
0.0
 40
0.0
 40
1.0
 40
1.0
 40
1.0
 10
316.92855256177324
 20
211.2922024325781
 30
0.0
 10
317.26459422843993
 20
211.0042336825781
 30
0.0
 10
317.2485786034399
 20
210.54022326591144
 30
0.0
  0
SPLINE
  5
6CF
330
17
100
AcDbEntity
  8
ENGRAVE
100
AcDbSpline
 70
0
 71
2
 72
6
 73
3
 74
0
 40
0.0
 40
0.0
 40
0.0
 40
1.0
 40
1.0
 40
1.0
 10
317.1525629784399
 20
209.10022326591144
 30
0.0
 10
317.23256297843994
 20
209.18022326591142
 30
0.0
 10
317.50456818677327
 20
209.39621284924476
 30
0.0
  0
SPLINE
  5
6D0
330
17
100
AcDbEntity
  8
ENGRAVE
100
AcDbSpline
 70
0
 71
2
 72
6
 73
3
 74
0
 40
0.0
 40
0.0
 40
0.0
 40
1.0
 40
1.0
 40
1.0
 10
318.70459422843993
 20
208.71621284924476
 30
0.0
 10
318.1925629784399
 20
208.47621284924477
 30
0.0
 10
317.5685786034399
 20
208.00420764091143
 30
0.0
  0
SPLINE
  5
6D1
330
17
100
AcDbEntity
  8
ENGRAVE
100
AcDbSpline
 70
0
 71
2
 72
6
 73
3
 74
0
 40
0.0
 40
0.0
 40
0.0
 40
1.0
 40
1.0
 40
1.0
 10
317.50456818677327
 20
209.39621284924476
 30
0.0
 10
317.7765733951066
 20
209.6122024325781
 30
0.0
 10
318.0965733951066
 20
209.85220243257808
 30
0.0
  0
SPLINE
  5
6D2
330
17
100
AcDbEntity
  8
ENGRAVE
100
AcDbSpline
 70
0
 71
2
 72
6
 73
3
 74
0
 40
0.0
 40
0.0
 40
0.0
 40
1.0
 40
1.0
 40
1.0
 10
318.0965733951066
 20
209.85220243257808
 30
0.0
 10
318.4165733951066
 20
210.0922024325781
 30
0.0
 10
318.60855256177325
 20
210.22022326591144
 30
0.0
  0
SPLINE
  5
6D3
330
17
100
AcDbEntity
  8
ENGRAVE
100
AcDbSpline
 70
0
 71
2
 72
6
 73
3
 74
0
 40
0.0
 40
0.0
 40
0.0
 40
1.0
 40
1.0
 40
1.0
 10
319.0005577701066
 20
208.74022326591142
 30
0.0
 10
318.9125629784399
 20
208.79621284924477
 30
0.0
 10
318.70459422843993
 20
208.71621284924476
 30
0.0
  0
SPLINE
  5
6D4
330
17
100
AcDbEntity
  8
ENGRAVE
100
AcDbSpline
 70
0
 71
2
 72
6
 73
3
 74
0
 40
0.0
 40
0.0
 40
0.0
 40
1.0
 40
1.0
 40
1.0
 10
319.12058381177326
 20
208.4442336825781
 30
0.0
 10
319.08855256177327
 20
208.68423368257808
 30
0.0
 10
319.0005577701066
 20
208.74022326591142
 30
0.0
  0
SPLINE
  5
6D5
330
17
100
AcDbEntity
  8
ENGRAVE
100
AcDbSpline
 70
0
 71
2
 72
6
 73
3
 74
0
 40
0.0
 40
0.0
 40
0.0
 40
1.0
 40
1.0
 40
1.0
 10
319.1045942284399
 20
206.6042336825781
 30
0.0
 10
319.00855256177323
 20
206.9722024325781
 30
0.0
 10
319.05657339510657
 20
207.41220243257808
 30
0.0
  0
SPLINE
  5
6D6
330
17
100
AcDbEntity
  8
ENGRAVE
100
AcDbSpline
 70
0
 71
2
 72
6
 73
3
 74
0
 40
0.0
 40
0.0
 40
0.0
 40
1.0
 40
1.0
 40
1.0
 10
318.60855256177325
 20
210.22022326591144
 30
0.0
 10
318.7845942284399
 20
210.34824409924477
 30
0.0
 10
319.05657339510657
 20
210.4842336825781
 30
0.0
  0
SPLINE
  5
6D7
330
17
100
AcDbEntity
  8
ENGRAVE
100
AcDbSpline
 70
0
 71
2
 72
6
 73
3
 74
0
 40
0.0
 40
0.0
 40
0.0
 40
1.0
 40
1.0
 40
1.0
 10
319.4805577701066
 20
206.11621284924476
 30
0.0
 10
319.24855256177324
 20
206.23621284924477
 30
0.0
 10
319.1045942284399
 20
206.6042336825781
 30
0.0
  0
SPLINE
  5
6D8
330
17
100
AcDbEntity
  8
ENGRAVE
100
AcDbSpline
 70
0
 71
2
 72
6
 73
3
 74
0
 40
0.0
 40
0.0
 40
0.0
 40
1.0
 40
1.0
 40
1.0
 10
319.05657339510657
 20
207.41220243257808
 30
0.0
 10
319.1045942284399
 20
207.85220243257808
 30
0.0
 10
319.12058381177326
 20
208.14022326591143
 30
0.0
  0
SPLINE
  5
6D9
330
17
100
AcDbEntity
  8
ENGRAVE
100
AcDbSpline
 70
0
 71
2
 72
6
 73
3
 74
0
 40
0.0
 40
0.0
 40
0.0
 40
1.0
 40
1.0
 40
1.0
 10
319.05657339510657
 20
210.4842336825781
 30
0.0
 10
319.3285525617733
 20
210.62022326591142
 30
0.0
 10
319.3925629784399
 20
210.62022326591142
 30
0.0
  0
SPLINE
  5
6DA
330
17
100
AcDbEntity
  8
ENGRAVE
100
AcDbSpline
 70
0
 71
2
 72
6
 73
3
 74
0
 40
0.0
 40
0.0
 40
0.0
 40
1.0
 40
1.0
 40
1.0
 10
320.06459422843994
 20
205.96423368257808
 30
0.0
 10
319.7125629784399
 20
205.99621284924476
 30
0.0
 10
319.4805577701066
 20
206.11621284924476
 30
0.0
  0
SPLINE
  5
6DB
330
17
100
AcDbEntity
  8
ENGRAVE
100
AcDbSpline
 70
0
 71
2
 72
6
 73
3
 74
0
 40
0.0
 40
0.0
 40
0.0
 40
1.0
 40
1.0
 40
1.0
 10
319.3925629784399
 20
210.62022326591142
 30
0.0
 10
319.55256297843994
 20
210.62022326591142
 30
0.0
 10
319.78456818677324
 20
210.5082180575781
 30
0.0
  0
SPLINE
  5
6DC
330
17
100
AcDbEntity
  8
ENGRAVE
100
AcDbSpline
 70
0
 71
2
 72
6
 73
3
 74
0
 40
0.0
 40
0.0
 40
0.0
 40
1.0
 40
1.0
 40
1.0
 10
320.4885786034399
 20
206.2122024325781
 30
0.0
 10
320.2725629784399
 20
206.0122024325781
 30
0.0
 10
320.06459422843994
 20
205.96423368257808
 30
0.0
  0
SPLINE
  5
6DD
330
17
100
AcDbEntity
  8
ENGRAVE
100
AcDbSpline
 70
0
 71
2
 72
6
 73
3
 74
0
 40
0.0
 40
0.0
 40
0.0
 40
1.0
 40
1.0
 40
1.0
 10
319.78456818677324
 20
210.5082180575781
 30
0.0
 10
320.0165733951066
 20
210.39621284924476
 30
0.0
 10
320.2165733951066
 20
210.24420764091144
 30
0.0
  0
SPLINE
  5
6DE
330
17
100
AcDbEntity
  8
ENGRAVE
100
AcDbSpline
 70
0
 71
2
 72
6
 73
3
 74
0
 40
0.0
 40
0.0
 40
0.0
 40
1.0
 40
1.0
 40
1.0
 10
320.4165733951066
 20
208.63623889091144
 30
0.0
 10
320.4485525617732
 20
208.0442336825781
 30
0.0
 10
320.3525629784399
 20
207.62824409924477
 30
0.0
  0
SPLINE
  5
6DF
330
17
100
AcDbEntity
  8
ENGRAVE
100
AcDbSpline
 70
0
 71
2
 72
6
 73
3
 74
0
 40
0.0
 40
0.0
 40
0.0
 40
1.0
 40
1.0
 40
1.0
 10
320.3525629784399
 20
207.62824409924477
 30
0.0
 10
320.3525629784399
 20
207.62824409924477
 30
0.0
 10
320.3685786034399
 20
207.6042336825781
 30
0.0
  0
SPLINE
  5
6E0
330
17
100
AcDbEntity
  8
ENGRAVE
100
AcDbSpline
 70
0
 71
2
 72
6
 73
3
 74
0
 40
0.0
 40
0.0
 40
0.0
 40
1.0
 40
1.0
 40
1.0
 10
320.40058381177323
 20
207.5322024325781
 30
0.0
 10
320.38459422843994
 20
207.51621284924477
 30
0.0
 10
320.3925890201066
 20
207.47621284924477
 30
0.0
  0
SPLINE
  5
6E1
330
17
100
AcDbEntity
  8
ENGRAVE
100
AcDbSpline
 70
0
 71
2
 72
6
 73
3
 74
0
 40
0.0
 40
0.0
 40
0.0
 40
1.0
 40
1.0
 40
1.0
 10
320.3925890201066
 20
207.47621284924477
 30
0.0
 10
320.40058381177323
 20
207.43621284924475
 30
0.0
 10
320.40058381177323
 20
207.43621284924475
 30
0.0
  0
SPLINE
  5
6E2
330
17
100
AcDbEntity
  8
ENGRAVE
100
AcDbSpline
 70
0
 71
2
 72
6
 73
3
 74
0
 40
0.0
 40
0.0
 40
0.0
 40
1.0
 40
1.0
 40
1.0
 10
320.3685786034399
 20
207.6042336825781
 30
0.0
 10
320.38459422843994
 20
207.58022326591143
 30
0.0
 10
320.40058381177323
 20
207.5322024325781
 30
0.0
  0
SPLINE
  5
6E3
330
17
100
AcDbEntity
  8
ENGRAVE
100
AcDbSpline
 70
0
 71
2
 72
6
 73
3
 74
0
 40
0.0
 40
0.0
 40
0.0
 40
1.0
 40
1.0
 40
1.0
 10
320.4165733951066
 20
209.6122024325781
 30
0.0
 10
320.38459422843994
 20
209.22824409924476
 30
0.0
 10
320.4165733951066
 20
208.63623889091144
 30
0.0
  0
SPLINE
  5
6E4
330
17
100
AcDbEntity
  8
ENGRAVE
100
AcDbSpline
 70
0
 71
2
 72
6
 73
3
 74
0
 40
0.0
 40
0.0
 40
0.0
 40
1.0
 40
1.0
 40
1.0
 10
320.43256297843993
 20
209.79621284924477
 30
0.0
 10
320.4165733951066
 20
209.69220243257809
 30
0.0
 10
320.4165733951066
 20
209.6122024325781
 30
0.0
  0
SPLINE
  5
6E5
330
17
100
AcDbEntity
  8
ENGRAVE
100
AcDbSpline
 70
0
 71
2
 72
6
 73
3
 74
0
 40
0.0
 40
0.0
 40
0.0
 40
1.0
 40
1.0
 40
1.0
 10
320.4485525617732
 20
209.96423368257808
 30
0.0
 10
320.4485525617732
 20
209.90022326591142
 30
0.0
 10
320.43256297843993
 20
209.79621284924477
 30
0.0
  0
SPLINE
  5
6E6
330
17
100
AcDbEntity
  8
ENGRAVE
100
AcDbSpline
 70
0
 71
2
 72
6
 73
3
 74
0
 40
0.0
 40
0.0
 40
0.0
 40
1.0
 40
1.0
 40
1.0
 10
320.2165733951066
 20
210.24420764091144
 30
0.0
 10
320.4165733951066
 20
210.0922024325781
 30
0.0
 10
320.4485525617732
 20
209.96423368257808
 30
0.0
  0
SPLINE
  5
6E7
330
17
100
AcDbEntity
  8
ENGRAVE
100
AcDbSpline
 70
0
 71
2
 72
6
 73
3
 74
0
 40
0.0
 40
0.0
 40
0.0
 40
1.0
 40
1.0
 40
1.0
 10
320.7205838117732
 20
206.62022326591142
 30
0.0
 10
320.70459422843993
 20
206.41220243257808
 30
0.0
 10
320.4885786034399
 20
206.2122024325781
 30
0.0
  0
SPLINE
  5
6E8
330
17
100
AcDbEntity
  8
ENGRAVE
100
AcDbSpline
 70
0
 71
2
 72
6
 73
3
 74
0
 40
0.0
 40
0.0
 40
0.0
 40
1.0
 40
1.0
 40
1.0
 10
320.40058381177323
 20
207.43621284924475
 30
0.0
 10
320.43256297843993
 20
207.27621284924476
 30
0.0
 10
320.5125629784399
 20
207.10022326591144
 30
0.0
  0
SPLINE
  5
6E9
330
17
100
AcDbEntity
  8
ENGRAVE
100
AcDbSpline
 70
0
 71
2
 72
6
 73
3
 74
0
 40
0.0
 40
0.0
 40
0.0
 40
1.0
 40
1.0
 40
1.0
 10
320.5125629784399
 20
207.10022326591144
 30
0.0
 10
320.5925629784399
 20
206.9242336825781
 30
0.0
 10
320.7205838117732
 20
206.62022326591142
 30
0.0
  0
SPLINE
  5
6EA
330
17
100
AcDbEntity
  8
ENGRAVE
100
AcDbSpline
 70
0
 71
3
 72
116
 73
112
 74
0
 40
0.0
 40
0.0
 40
0.0
 40
0.0
 40
0.514264402360923
 40
0.514264402360923
 40
0.514264402360923
 40
1.3287038585726523
 40
1.3287038585726523
 40
1.3287038585726523
 40
2.3633080433332263
 40
2.3633080433332263
 40
2.3633080433332263
 40
3.507498291508499
 40
3.507498291508499
 40
3.507498291508499
 40
4.717676064382336
 40
4.717676064382336
 40
4.717676064382336
 40
7.264719492077198
 40
7.264719492077198
 40
7.264719492077198
 40
8.52849909465708
 40
8.52849909465708
 40
8.52849909465708
 40
9.798417491125612
 40
9.798417491125612
 40
9.798417491125612
 40
11.911395146641189
 40
11.911395146641189
 40
11.911395146641189
 40
14.312892485244422
 40
14.312892485244422
 40
14.312892485244422
 40
16.621795243320925
 40
16.621795243320925
 40
16.621795243320925
 40
17.87205908133378
 40
17.87205908133378
 40
17.87205908133378
 40
18.785641700639005
 40
18.785641700639005
 40
18.785641700639005
 40
19.105244143676675
 40
19.105244143676675
 40
19.105244143676675
 40
19.33252501727408
 40
19.33252501727408
 40
19.33252501727408
 40
19.468289864784477
 40
19.468289864784477
 40
19.468289864784477
 40
19.513432493878483
 40
19.513432493878483
 40
19.513432493878483
 40
19.55857512297249
 40
19.55857512297249
 40
19.55857512297249
 40
19.694339970482886
 40
19.694339970482886
 40
19.694339970482886
 40
19.92162084408029
 40
19.92162084408029
 40
19.92162084408029
 40
20.24122328711796
 40
20.24122328711796
 40
20.24122328711796
 40
21.154805906423185
 40
21.154805906423185
 40
21.154805906423185
 40
22.40506974443602
 40
22.40506974443602
 40
22.40506974443602
 40
24.71397250251254
 40
24.71397250251254
 40
24.71397250251254
 40
27.115469841115775
 40
27.115469841115775
 40
27.115469841115775
 40
29.228447496631354
 40
29.228447496631354
 40
29.228447496631354
 40
30.498365893099884
 40
30.498365893099884
 40
30.498365893099884
 40
31.762145495679764
 40
31.762145495679764
 40
31.762145495679764
 40
34.30918892337462
 40
34.30918892337462
 40
34.30918892337462
 40
35.519366696248454
 40
35.519366696248454
 40
35.519366696248454
 40
36.663556944423725
 40
36.663556944423725
 40
36.663556944423725
 40
37.69816112918428
 40
37.69816112918428
 40
37.69816112918428
 40
38.14178347451699
 40
38.14178347451699
 40
38.14178347451699
 40
38.51260058539603
 40
38.51260058539603
 40
38.51260058539603
 40
38.79278713847051
 40
38.79278713847051
 40
38.79278713847051
 40
38.96748187065575
 40
38.96748187065575
 40
38.96748187065575
 40
39.02686498775695
 40
39.02686498775695
 40
39.02686498775695
 40
39.02686498775695
 10
281.49999999999994
 20
164.91176470588235
 30
0.0
 10
281.50863106836357
 20
165.0832300764115
 30
0.0
 10
281.5537973097906
 20
165.25092313113473
 30
0.0
 10
281.6060652474791
 20
165.41367756135332
 30
0.0
 10
281.69343598915884
 20
165.67237522206577
 30
0.0
 10
281.81200547396475
 20
165.91598223609088
 30
0.0
 10
281.9617737018975
 20
166.14449860342862
 30
0.0
 10
282.15191356081294
 20
166.43607973315014
 30
0.0
 10
282.3827907690407
 20
166.6907886212417
 30
0.0
 10
282.6544053265803
 20
166.90862526770246
 30
0.0
 10
282.95285189583467
 20
167.14681291710326
 30
0.0
 10
283.2965200169601
 20
167.32906115720732
 30
0.0
 10
283.66291486010005
 20
167.43781830386405
 30
0.0
 10
284.0502479209389
 20
167.55346745273425
 30
0.0
 10
284.4615916463114
 20
167.58608544963124
 30
0.0
 10
284.8626214283456
 20
167.53642283245762
 30
0.0
 10
285.7083636935727
 20
167.4334431166863
 30
0.0
 10
286.49951738971623
 20
166.96959099564918
 30
0.0
 10
287.01335239772925
 20
166.291671946446
 30
0.0
 10
287.2687658951402
 20
165.95593051847035
 30
0.0
 10
287.4553103081692
 20
165.56663885253482
 30
0.0
 10
287.5480739961571
 20
165.1545622227234
 30
0.0
 10
287.6423788800311
 20
164.7406020371798
 30
0.0
 10
287.6388810913737
 20
164.30642481678368
 30
0.0
 10
287.5480739961572
 20
163.892290711134
 30
0.0
 10
287.39735198483993
 20
163.19923573903688
 30
0.0
 10
287.02096459451246
 20
162.57834505960136
 30
0.0
 10
286.57623673066485
 20
162.03580581684218
 30
0.0
 10
286.06703865405734
 20
161.41632835793385
 30
0.0
 10
285.4675801881401
 20
160.87996857432609
 30
0.0
 10
284.8626214283456
 20
160.357099936761
 30
0.0
 10
284.2798455780305
 20
159.8545877884338
 30
0.0
 10
283.6842856468486
 20
159.36613817068502
 30
0.0
 10
283.12475135630325
 20
158.8372753421988
 30
0.0
 10
282.82224350606083
 20
158.55093344023302
 30
0.0
 10
282.52995241946843
 20
158.25215360670742
 30
0.0
 10
282.2647058823529
 20
157.93063843413026
 30
0.0
 10
282.07137094710754
 20
157.69710255867253
 30
0.0
 10
281.8918837341431
 20
157.44569637774865
 30
0.0
 10
281.7447594518239
 20
157.18063623455228
 30
0.0
 10
281.69294643326884
 20
157.0900683769074
 30
0.0
 10
281.6467150318209
 20
156.99408826364512
 30
0.0
 10
281.60606524747914
 20
156.89269589476496
 30
0.0
 10
281.5773101499332
 20
156.81610544681553
 30
0.0
 10
281.5526326724996
 20
156.74447693412645
 30
0.0
 10
281.5320328151777
 20
156.67781035669708
 30
0.0
 10
281.51983579986165
 20
156.63999719019063
 30
0.0
 10
281.5092876294214
 20
156.607556000859
 30
0.0
 10
281.50405016245014
 20
156.5449605732353
 30
0.0
 10
281.5023086731529
 20
156.52414721672946
 30
0.0
 10
281.5011543365763
 20
156.49999999999991
 30
0.0
 10
281.5
 20
156.5
 30
0.0
 10
281.4988456634234
 20
156.4999999999999
 30
0.0
 10
281.49769132684725
 20
156.52414721672946
 30
0.0
 10
281.4959498375499
 20
156.54496057323533
 30
0.0
 10
281.49071237057865
 20
156.60755600085892
 30
0.0
 10
281.4801642001383
 20
156.63999719019077
 30
0.0
 10
281.4679671848223
 20
156.6778103566971
 30
0.0
 10
281.4473673275003
 20
156.74447693412623
 30
0.0
 10
281.4226898500665
 20
156.8161054468156
 30
0.0
 10
281.39393475252086
 20
156.892695894765
 30
0.0
 10
281.35328496817914
 20
156.99408826364495
 30
0.0
 10
281.3070535667311
 20
157.09006837690754
 30
0.0
 10
281.25524054817606
 20
157.1806362345523
 30
0.0
 10
281.1081162658568
 20
157.4456963777486
 30
0.0
 10
280.92862905289195
 20
157.69710255867258
 30
0.0
 10
280.7352941176471
 20
157.9306384341303
 30
0.0
 10
280.47004758053146
 20
158.2521536067078
 30
0.0
 10
280.1777564939397
 20
158.55093344023288
 30
0.0
 10
279.8752486436968
 20
158.83727534219878
 30
0.0
 10
279.3157143531518
 20
159.36613817068508
 30
0.0
 10
278.7201544219693
 20
159.8545877884337
 30
0.0
 10
278.1373785716543
 20
160.35709993676096
 30
0.0
 10
277.53241981186005
 20
160.87996857432614
 30
0.0
 10
276.9329613459425
 20
161.4163283579339
 30
0.0
 10
276.42376326933515
 20
162.03580581684201
 30
0.0
 10
275.9790354054874
 20
162.5783450595951
 30
0.0
 10
275.6026480151601
 20
163.19923573904498
 30
0.0
 10
275.45192600384274
 20
163.89229071113402
 30
0.0
 10
275.36111890862634
 20
164.3064248165972
 30
0.0
 10
275.35762111996854
 20
164.74060203743466
 30
0.0
 10
275.45192600384274
 20
165.1545622227234
 30
0.0
 10
275.5446896918311
 20
165.56663884995174
 30
0.0
 10
275.7312341048598
 20
165.95593052208002
 30
0.0
 10
275.9866476022707
 20
166.29167194644603
 30
0.0
 10
276.5004826102835
 20
166.9695908665382
 30
0.0
 10
277.29163630642773
 20
167.43344328581048
 30
0.0
 10
278.1373785716543
 20
167.53642283245756
 30
0.0
 10
278.5384083536889
 20
167.58607893952126
 30
0.0
 10
278.9497520790607
 20
167.55347631937195
 30
0.0
 10
279.3370851399
 20
167.437818303864
 30
0.0
 10
279.70347998304
 20
167.32897787993122
 30
0.0
 10
280.04714810416544
 20
167.14692565409598
 30
0.0
 10
280.3455946734197
 20
166.90862526770246
 30
0.0
 10
280.61720923095936
 20
166.6909435454398
 30
0.0
 10
280.84808643918694
 20
166.43623465734842
 30
0.0
 10
281.0382262981025
 20
166.14449860342867
 30
0.0
 10
281.119269404229
 20
166.01826702017686
 30
0.0
 10
281.19160748758685
 20
165.88929432688127
 30
0.0
 10
281.2552405481761
 20
165.7575805235416
 30
0.0
 10
281.30854470121994
 20
165.6519292027203
 30
0.0
 10
281.35477610266844
 20
165.53729488199102
 30
0.0
 10
281.3939347525208
 20
165.41367756135332
 30
0.0
 10
281.42334753101625
 20
165.31777403343872
 30
0.0
 10
281.4483252064713
 20
165.21107673123623
 30
0.0
 10
281.4679671848224
 20
165.14344857791292
 30
0.0
 10
281.4802138473051
 20
165.10128280656028
 30
0.0
 10
281.49038628314
 20
165.07430497937287
 30
0.0
 10
281.49594983755
 20
164.97100954346996
 30
0.0
 10
281.49784102910934
 20
164.93589683635204
 30
0.0
 10
281.49919966881936
 20
164.8919657023875
 30
0.0
 10
281.5
 20
164.91176470588238
 30
0.0
  0
ARC
  5
6EB
330
17
100
AcDbEntity
  8
ENGRAVE
100
AcDbCircle
 10
44.9999999999999
 20
54.999999999999986
 30
0.0
 40
30.5
100
AcDbArc
 50
180.0
 51
270.0
  0
ARC
  5
6EC
330
17
100
AcDbEntity
  8
ENGRAVE
100
AcDbCircle
 10
44.99999999999976
 20
212.39999999999998
 30
0.0
 40
17.5
100
AcDbArc
 50
90.0
 51
180.0
  0
ARC
  5
6ED
330
17
100
AcDbEntity
  8
ENGRAVE
100
AcDbCircle
 10
44.99999999999976
 20
54.999999999999986
 30
0.0
 40
17.5
100
AcDbArc
 50
-180.0
 51
-90.0
  0
ARC
  5
6EE
330
17
100
AcDbEntity
  8
ENGRAVE
100
AcDbCircle
 10
44.9999999999999
 20
212.39999999999998
 30
0.0
 40
30.5
100
AcDbArc
 50
90.0
 51
180.0
  0
ARC
  5
6EF
330
17
100
AcDbEntity
  8
ENGRAVE
100
AcDbCircle
 10
141.79999999468265
 20
212.39999999999998
 30
0.0
 40
17.5
100
AcDbArc
 50
0.0
 51
90.0
  0
ARC
  5
6F0
330
17
100
AcDbEntity
  8
ENGRAVE
100
AcDbCircle
 10
141.79999999696872
 20
54.999999999999986
 30
0.0
 40
30.5
100
AcDbArc
 50
270.0
 51
360.0
  0
ARC
  5
6F1
330
17
100
AcDbEntity
  8
ENGRAVE
100
AcDbCircle
 10
141.79999999468265
 20
54.999999999999986
 30
0.0
 40
17.5
100
AcDbArc
 50
-90.0
 51
0.0
  0
ARC
  5
6F2
330
17
100
AcDbEntity
  8
ENGRAVE
100
AcDbCircle
 10
141.79999999696872
 20
212.39999999999998
 30
0.0
 40
30.5
100
AcDbArc
 50
0.0
 51
90.0
  0
ARC
  5
6F3
330
17
100
AcDbEntity
  8
ENGRAVE
100
AcDbCircle
 10
226.5
 20
80.99999999999999
 30
0.0
 40
18.0
100
AcDbArc
 50
-180.0
 51
-90.0
  0
ARC
  5
6F4
330
17
100
AcDbEntity
  8
ENGRAVE
100
AcDbCircle
 10
226.5
 20
115.99999992165459
 30
0.0
 40
15.0
100
AcDbArc
 50
90.0
 51
180.0
  0
ARC
  5
6F5
330
17
100
AcDbEntity
  8
ENGRAVE
100
AcDbCircle
 10
226.5
 20
80.99999999999999
 30
0.0
 40
15.0
100
AcDbArc
 50
180.0
 51
270.0
  0
ARC
  5
6F6
330
17
100
AcDbEntity
  8
ENGRAVE
100
AcDbCircle
 10
226.5
 20
115.99999994121063
 30
0.0
 40
18.0
100
AcDbArc
 50
90.0
 51
180.0
  0
CIRCLE
  5
6F7
330
17
100
AcDbEntity
  8
ENGRAVE
100
AcDbCircle
 10
281.5
 20
195.0
 30
0.0
 40
49.0
  0
CIRCLE
  5
6F8
330
17
100
AcDbEntity
  8
ENGRAVE
100
AcDbCircle
 10
281.5
 20
195.0
 30
0.0
 40
52.0
  0
ARC
  5
6F9
330
17
100
AcDbEntity
  8
ENGRAVE
100
AcDbCircle
 10
336.5
 20
80.99999999999999
 30
0.0
 40
18.0
100
AcDbArc
 50
-90.0
 51
0.0
  0
ARC
  5
6FA
330
17
100
AcDbEntity
  8
ENGRAVE
100
AcDbCircle
 10
336.5
 20
115.99999992165459
 30
0.0
 40
15.0
100
AcDbArc
 50
0.0
 51
90.0
  0
ARC
  5
6FB
330
17
100
AcDbEntity
  8
ENGRAVE
100
AcDbCircle
 10
336.5
 20
80.99999999999999
 30
0.0
 40
15.0
100
AcDbArc
 50
270.0
 51
360.0
  0
ARC
  5
6FC
330
17
100
AcDbEntity
  8
ENGRAVE
100
AcDbCircle
 10
336.5
 20
115.99999994121063
 30
0.0
 40
18.0
100
AcDbArc
 50
0.0
 51
90.0
  0
LINE
  5
6FD
330
17
100
AcDbEntity
  8
ENGRAVE
100
AcDbLine
 10
14.5000000000001
 20
212.39999999999998
 30
0.0
 11
14.5000000000001
 21
54.999999999999986
 31
0.0
  0
LINE
  5
6FE
330
17
100
AcDbEntity
  8
ENGRAVE
100
AcDbLine
 10
27.500000000000227
 20
54.999999999999986
 30
0.0
 11
27.500000000000227
 21
212.39999999999998
 31
0.0
  0
LINE
  5
6FF
330
17
100
AcDbEntity
  8
ENGRAVE
100
AcDbLine
 10
44.9999999999999
 20
24.499999999999986
 30
0.0
 11
141.79999999696872
 21
24.499999999999986
 31
0.0
  0
LINE
  5
700
330
17
100
AcDbEntity
  8
ENGRAVE
100
AcDbLine
 10
44.99999999999976
 20
229.89999999999998
 30
0.0
 11
141.79999999468265
 21
229.89999999999998
 31
0.0
  0
LINE
  5
701
330
17
100
AcDbEntity
  8
ENGRAVE
100
AcDbLine
 10
68.91397662137658
 20
252.48893632828242
 30
0.0
 11
68.91397662137658
 21
252.42393632828242
 31
0.0
  0
LINE
  5
702
330
17
100
AcDbEntity
  8
ENGRAVE
100
AcDbLine
 10
80.4319681578349
 20
249.23893632828242
 30
0.0
 11
80.47098508491824
 21
249.6159447918241
 31
0.0
  0
LINE
  5
703
330
17
100
AcDbEntity
  8
ENGRAVE
100
AcDbLine
 10
81.87500201200157
 20
255.4009447918241
 30
0.0
 11
81.8879935484599
 21
255.42692786474078
 31
0.0
  0
LINE
  5
704
330
17
100
AcDbEntity
  8
ENGRAVE
100
AcDbLine
 10
95.30397662137658
 20
253.61996171890743
 30
0.0
 11
95.36897662137658
 21
253.90594479182408
 31
0.0
  0
LINE
  5
705
330
17
100
AcDbEntity
  8
ENGRAVE
100
AcDbLine
 10
95.64196815783491
 20
253.99692786474077
 30
0.0
 11
95.30397662137658
 21
253.61996171890743
 31
0.0
  0
LINE
  5
706
330
17
100
AcDbEntity
  8
ENGRAVE
100
AcDbLine
 10
109.18795123075158
 20
254.9849617189074
 30
0.0
 11
109.70795123075158
 21
254.84192786474077
 31
0.0
  0
LINE
  5
707
330
17
100
AcDbEntity
  8
ENGRAVE
100
AcDbLine
 10
109.70795123075158
 20
254.84192786474077
 30
0.0
 11
109.35692584012658
 21
254.08795325536576
 31
0.0
  0
LINE
  5
708
330
17
100
AcDbEntity
  8
ENGRAVE
100
AcDbLine
 10
117.65094276720991
 20
251.9559447918241
 30
0.0
 11
117.76795123075158
 21
252.39795325536576
 31
0.0
  0
LINE
  5
709
330
17
100
AcDbEntity
  8
ENGRAVE
100
AcDbLine
 10
117.75491737658491
 20
251.9559447918241
 30
0.0
 11
117.65094276720991
 21
251.9559447918241
 31
0.0
  0
LINE
  5
70A
330
17
100
AcDbEntity
  8
ENGRAVE
100
AcDbLine
 10
141.79999999468265
 20
37.499999999999986
 30
0.0
 11
44.99999999999976
 21
37.499999999999986
 31
0.0
  0
LINE
  5
70B
330
17
100
AcDbEntity
  8
ENGRAVE
100
AcDbLine
 10
141.79999999696872
 20
242.89999999999998
 30
0.0
 11
44.9999999999999
 21
242.89999999999998
 31
0.0
  0
LINE
  5
70C
330
17
100
AcDbEntity
  8
ENGRAVE
100
AcDbLine
 10
159.30000000000024
 20
212.39999999999998
 30
0.0
 11
159.30000000000024
 21
54.999999999999986
 31
0.0
  0
LINE
  5
70D
330
17
100
AcDbEntity
  8
ENGRAVE
100
AcDbLine
 10
172.30000000000013
 20
54.999999999999986
 30
0.0
 11
172.30000000000013
 21
212.39999999999998
 31
0.0
  0
LINE
  5
70E
330
17
100
AcDbEntity
  8
ENGRAVE
100
AcDbLine
 10
208.5
 20
115.99999994121063
 30
0.0
 11
208.5
 21
80.99999999999999
 31
0.0
  0
LINE
  5
70F
330
17
100
AcDbEntity
  8
ENGRAVE
100
AcDbLine
 10
211.5
 20
80.99999999999999
 30
0.0
 11
211.5
 21
115.99999992165459
 31
0.0
  0
LINE
  5
710
330
17
100
AcDbEntity
  8
ENGRAVE
100
AcDbLine
 10
226.5
 20
63.000000000000014
 30
0.0
 11
336.5
 21
63.000000000000014
 31
0.0
  0
LINE
  5
711
330
17
100
AcDbEntity
  8
ENGRAVE
100
AcDbLine
 10
226.5
 20
131.00000000000003
 30
0.0
 11
336.5
 21
131.00000000000003
 31
0.0
  0
LINE
  5
712
330
17
100
AcDbEntity
  8
ENGRAVE
100
AcDbLine
 10
242.73657339510655
 20
211.30824409924477
 30
0.0
 11
243.37657339510656
 21
211.13220243257808
 31
0.0
  0
LINE
  5
713
330
17
100
AcDbEntity
  8
ENGRAVE
100
AcDbLine
 10
243.37657339510656
 20
211.13220243257808
 30
0.0
 11
242.94454214510654
 21
210.2042336825781
 31
0.0
  0
LINE
  5
714
330
17
100
AcDbEntity
  8
ENGRAVE
100
AcDbLine
 10
248.97657339510658
 20
210.30022326591143
 30
0.0
 11
248.84855256177323
 21
210.0442336825781
 31
0.0
  0
LINE
  5
715
330
17
100
AcDbEntity
  8
ENGRAVE
100
AcDbLine
 10
251.7605317284399
 20
209.94824409924476
 30
0.0
 11
251.40855256177323
 21
209.3722024325781
 31
0.0
  0
LINE
  5
716
330
17
100
AcDbEntity
  8
ENGRAVE
100
AcDbLine
 10
253.08855256177324
 20
209.54824409924476
 30
0.0
 11
253.3605317284399
 21
210.34824409924477
 31
0.0
  0
LINE
  5
717
330
17
100
AcDbEntity
  8
ENGRAVE
100
AcDbLine
 10
253.3605317284399
 20
210.34824409924477
 30
0.0
 11
252.76855256177325
 21
210.87621284924475
 31
0.0
  0
LINE
  5
718
330
17
100
AcDbEntity
  8
ENGRAVE
100
AcDbLine
 10
257.8420740916687
 20
186.5897644175458
 30
0.0
 11
257.71405325833535
 21
186.33377483421248
 31
0.0
  0
LINE
  5
719
330
17
100
AcDbEntity
  8
ENGRAVE
100
AcDbLine
 10
260.62603242500205
 20
186.23778525087914
 30
0.0
 11
260.27405325833536
 21
185.66174358421247
 31
0.0
  0
LINE
  5
71A
330
17
100
AcDbEntity
  8
ENGRAVE
100
AcDbLine
 10
261.95405325833536
 20
185.83778525087914
 30
0.0
 11
262.226032425002
 21
186.63778525087915
 31
0.0
  0
LINE
  5
71B
330
17
100
AcDbEntity
  8
ENGRAVE
100
AcDbLine
 10
262.226032425002
 20
186.63778525087915
 30
0.0
 11
261.63405325833537
 21
187.16575400087913
 31
0.0
  0
LINE
  5
71C
330
17
100
AcDbEntity
  8
ENGRAVE
100
AcDbLine
 10
265.02603242500203
 20
187.7417435842125
 30
0.0
 11
264.9940532583354
 21
187.7417435842125
 31
0.0
  0
LINE
  5
71D
330
17
100
AcDbEntity
  8
ENGRAVE
100
AcDbLine
 10
265.08855256177327
 20
211.30824409924477
 30
0.0
 11
265.72855256177326
 21
211.13220243257808
 31
0.0
  0
LINE
  5
71E
330
17
100
AcDbEntity
  8
ENGRAVE
100
AcDbLine
 10
265.72855256177326
 20
211.13220243257808
 30
0.0
 11
265.29652131177323
 21
210.2042336825781
 31
0.0
  0
LINE
  5
71F
330
17
100
AcDbEntity
  8
ENGRAVE
100
AcDbLine
 10
268.1140532583354
 20
184.73377483421248
 30
0.0
 11
268.1140532583354
 21
184.4297644175458
 31
0.0
  0
LINE
  5
720
330
17
100
AcDbEntity
  8
ENGRAVE
100
AcDbLine
 10
273.77806367500204
 20
182.97377483421246
 30
0.0
 11
274.4340532583354
 21
183.56575400087914
 31
0.0
  0
LINE
  5
721
330
17
100
AcDbEntity
  8
ENGRAVE
100
AcDbLine
 10
274.4340532583354
 20
183.56575400087914
 30
0.0
 11
274.45004284166873
 21
183.0217435842125
 31
0.0
  0
LINE
  5
722
330
17
100
AcDbEntity
  8
ENGRAVE
100
AcDbLine
 10
275.5045421451066
 20
207.58022326591143
 30
0.0
 11
275.6485525617732
 21
208.1242336825781
 31
0.0
  0
LINE
  5
723
330
17
100
AcDbEntity
  8
ENGRAVE
100
AcDbLine
 10
275.6325108951066
 20
207.58022326591143
 30
0.0
 11
275.5045421451066
 21
207.58022326591143
 31
0.0
  0
LINE
  5
724
330
17
100
AcDbEntity
  8
ENGRAVE
100
AcDbLine
 10
281.74603242500206
 20
184.52575400087915
 30
0.0
 11
281.74603242500206
 21
184.44575400087913
 31
0.0
  0
LINE
  5
725
330
17
100
AcDbEntity
  8
ENGRAVE
100
AcDbLine
 10
287.2325629784399
 20
208.23621284924477
 30
0.0
 11
287.2325629784399
 21
208.15621284924475
 31
0.0
  0
LINE
  5
726
330
17
100
AcDbEntity
  8
ENGRAVE
100
AcDbLine
 10
288.84999075833537
 20
186.12575400087914
 30
0.0
 11
289.02603242500203
 21
186.55778525087914
 31
0.0
  0
LINE
  5
727
330
17
100
AcDbEntity
  8
ENGRAVE
100
AcDbLine
 10
290.0180115916687
 20
182.66976441754582
 30
0.0
 11
290.1780115916687
 21
182.52575400087915
 31
0.0
  0
LINE
  5
728
330
17
100
AcDbEntity
  8
ENGRAVE
100
AcDbLine
 10
290.226032425002
 20
184.44575400087913
 30
0.0
 11
289.7780115916687
 21
183.19778525087915
 31
0.0
  0
LINE
  5
729
330
17
100
AcDbEntity
  8
ENGRAVE
100
AcDbLine
 10
296.60855256177325
 20
211.3242336825781
 30
0.0
 11
296.52855256177327
 21
211.40423368257808
 31
0.0
  0
LINE
  5
72A
330
17
100
AcDbEntity
  8
ENGRAVE
100
AcDbLine
 10
316.0325629784399
 20
211.4522024325781
 30
0.0
 11
316.00058381177325
 21
211.4522024325781
 31
0.0
  0
LINE
  5
72B
330
17
100
AcDbEntity
  8
ENGRAVE
100
AcDbLine
 10
319.12058381177326
 20
208.4442336825781
 30
0.0
 11
319.12058381177326
 21
208.14022326591143
 31
0.0
  0
LINE
  5
72C
330
17
100
AcDbEntity
  8
ENGRAVE
100
AcDbLine
 10
336.5
 20
66.00000000000003
 30
0.0
 11
226.5
 21
66.00000000000003
 31
0.0
  0
LINE
  5
72D
330
17
100
AcDbEntity
  8
ENGRAVE
100
AcDbLine
 10
336.5
 20
134.0
 30
0.0
 11
226.5
 21
134.0
 31
0.0
  0
LINE
  5
72E
330
17
100
AcDbEntity
  8
ENGRAVE
100
AcDbLine
 10
351.5
 20
115.99999992165459
 30
0.0
 11
351.5
 21
80.99999999999999
 31
0.0
  0
LINE
  5
72F
330
17
100
AcDbEntity
  8
ENGRAVE
100
AcDbLine
 10
354.5
 20
80.99999999999999
 30
0.0
 11
354.5
 21
115.99999994121063
 31
0.0
  0
ENDSEC
  0
SECTION
  2
OBJECTS
  0
DICTIONARY
  5
A
330
0
100
AcDbDictionary
281
1
  3
ACAD_COLOR
350
B
  3
ACAD_GROUP
350
C
  3
ACAD_LAYOUT
350
D
  3
ACAD_MATERIAL
350
E
  3
ACAD_MLEADERSTYLE
350
F
  3
ACAD_MLINESTYLE
350
10
  3
ACAD_PLOTSETTINGS
350
11
  3
ACAD_PLOTSTYLENAME
350
12
  3
ACAD_SCALELIST
350
14
  3
ACAD_TABLESTYLE
350
15
  3
ACAD_VISUALSTYLE
350
16
  3
EZDXF_META
350
2D
  0
DICTIONARY
  5
B
330
A
100
AcDbDictionary
281
1
  0
DICTIONARY
  5
C
330
A
100
AcDbDictionary
281
1
  0
DICTIONARY
  5
D
330
A
100
AcDbDictionary
281
1
  3
Model
350
1A
  3
Layout1
350
1E
  0
DICTIONARY
  5
E
330
A
100
AcDbDictionary
281
1
  3
ByBlock
350
1F
  3
ByLayer
350
20
  3
Global
350
21
  0
DICTIONARY
  5
F
330
A
100
AcDbDictionary
281
1
  3
Standard
350
2C
  0
DICTIONARY
  5
10
330
A
100
AcDbDictionary
281
1
  3
Standard
350
22
  0
DICTIONARY
  5
11
330
A
100
AcDbDictionary
281
1
  0
ACDBDICTIONARYWDFLT
  5
12
330
A
100
AcDbDictionary
281
1
  3
Normal
350
13
100
AcDbDictionaryWithDefault
340
13
  0
ACDBPLACEHOLDER
  5
13
330
12
  0
DICTIONARY
  5
14
330
A
100
AcDbDictionary
281
1
  0
DICTIONARY
  5
15
330
A
100
AcDbDictionary
281
1
  0
DICTIONARY
  5
16
330
A
100
AcDbDictionary
281
1
  0
LAYOUT
  5
1A
330
D
100
AcDbPlotSettings
  1

  4
A3
  6

 40
7.5
 41
20.0
 42
7.5
 43
20.0
 44
420.0
 45
297.0
 46
0.0
 47
0.0
 48
0.0
 49
0.0
140
0.0
141
0.0
142
1.0
143
1.0
 70
1024
 72
1
 73
0
 74
5
  7

 75
16
 76
0
 77
2
 78
300
147
1.0
148
0.0
149
0.0
100
AcDbLayout
  1
Model
 70
1
 71
0
 10
0.0
 20
0.0
 11
420.0
 21
297.0
 12
0.0
 22
0.0
 32
0.0
 14
1e+20
 24
1e+20
 34
1e+20
 15
-1e+20
 25
-1e+20
 35
-1e+20
146
0.0
 13
0.0
 23
0.0
 33
0.0
 16
1.0
 26
0.0
 36
0.0
 17
0.0
 27
1.0
 37
0.0
 76
1
330
17
  0
LAYOUT
  5
1E
330
D
100
AcDbPlotSettings
  1

  4
A3
  6

 40
7.5
 41
20.0
 42
7.5
 43
20.0
 44
420.0
 45
297.0
 46
0.0
 47
0.0
 48
0.0
 49
0.0
140
0.0
141
0.0
142
1.0
143
1.0
 70
0
 72
1
 73
0
 74
5
  7

 75
16
 76
0
 77
2
 78
300
147
1.0
148
0.0
149
0.0
100
AcDbLayout
  1
Layout1
 70
1
 71
1
 10
0.0
 20
0.0
 11
420.0
 21
297.0
 12
0.0
 22
0.0
 32
0.0
 14
1e+20
 24
1e+20
 34
1e+20
 15
-1e+20
 25
-1e+20
 35
-1e+20
146
0.0
 13
0.0
 23
0.0
 33
0.0
 16
1.0
 26
0.0
 36
0.0
 17
0.0
 27
1.0
 37
0.0
 76
1
330
1B
  0
MATERIAL
  5
1F
102
{ACAD_REACTORS
330
E
102
}
330
E
100
AcDbMaterial
  1
ByBlock
  2

 70
0
 40
1.0
 71
1
 41
1.0
 91
-1023410177
 42
1.0
 72
1
  3

 73
1
 74
1
 75
1
 44
0.5
 73
0
 45
1.0
 46
1.0
 77
1
  4

 78
1
 79
1
170
1
 48
1.0
171
1
  6

172
1
173
1
174
1
140
1.0
141
1.0
175
1
  7

176
1
177
1
178
1
143
1.0
179
1
  8

270
1
271
1
272
1
145
1.0
146
1.0
273
1
  9

274
1
275
1
276
1
 42
1.0
 72
1
  3

 73
1
 74
1
 75
1
 94
63
  0
MATERIAL
  5
20
102
{ACAD_REACTORS
330
E
102
}
330
E
100
AcDbMaterial
  1
ByLayer
  2

 70
0
 40
1.0
 71
1
 41
1.0
 91
-1023410177
 42
1.0
 72
1
  3

 73
1
 74
1
 75
1
 44
0.5
 73
0
 45
1.0
 46
1.0
 77
1
  4

 78
1
 79
1
170
1
 48
1.0
171
1
  6

172
1
173
1
174
1
140
1.0
141
1.0
175
1
  7

176
1
177
1
178
1
143
1.0
179
1
  8

270
1
271
1
272
1
145
1.0
146
1.0
273
1
  9

274
1
275
1
276
1
 42
1.0
 72
1
  3

 73
1
 74
1
 75
1
 94
63
  0
MATERIAL
  5
21
102
{ACAD_REACTORS
330
E
102
}
330
E
100
AcDbMaterial
  1
Global
  2

 70
0
 40
1.0
 71
1
 41
1.0
 91
-1023410177
 42
1.0
 72
1
  3

 73
1
 74
1
 75
1
 44
0.5
 73
0
 45
1.0
 46
1.0
 77
1
  4

 78
1
 79
1
170
1
 48
1.0
171
1
  6

172
1
173
1
174
1
140
1.0
141
1.0
175
1
  7

176
1
177
1
178
1
143
1.0
179
1
  8

270
1
271
1
272
1
145
1.0
146
1.0
273
1
  9

274
1
275
1
276
1
 42
1.0
 72
1
  3

 73
1
 74
1
 75
1
 94
63
  0
MLINESTYLE
  5
22
102
{ACAD_REACTORS
330
10
102
}
330
10
100
AcDbMlineStyle
  2
Standard
 70
0
  3

 62
256
 51
90.0
 52
90.0
 71
2
 49
0.5
 62
256
  6
BYLAYER
 49
-0.5
 62
256
  6
BYLAYER
  0
MLEADERSTYLE
  5
2C
102
{ACAD_REACTORS
330
F
102
}
330
F
100
AcDbMLeaderStyle
179
2
170
2
171
1
172
0
 90
2
 40
0.0
 41
0.0
173
1
 91
-1056964608
 92
-2
290
1
 42
2.0
291
1
 43
8.0
  3
Standard
 44
4.0
300

342
29
174
1
175
1
176
0
178
1
 93
-1056964608
 45
4.0
292
0
297
0
 46
4.0
 94
-1056964608
 47
1.0
 49
1.0
140
1.0
294
1
141
0.0
177
0
142
1.0
295
0
296
0
143
3.75
271
0
272
9
273
9
  0
DICTIONARY
  5
2D
330
A
100
AcDbDictionary
280
1
281
1
  3
CREATED_BY_EZDXF
350
2E
  3
WRITTEN_BY_EZDXF
350
733
  0
DICTIONARYVAR
  5
2E
330
2D
100
DictionaryVariables
280
0
  1
0.0 @ 2000-01-01T00:00:00.000000+00:00
  0
DICTIONARYVAR
  5
733
330
2D
100
DictionaryVariables
280
0
  1
0.0 @ 2000-01-01T00:00:00.000000+00:00
  0
ENDSEC
  0
EOF
