  0
SECTION
  2
HEADER
  9
$ACADVER
  1
AC1027
  9
$ACADMAINTVER
 70
105
  9
$DWGCODEPAGE
  3
ANSI_1252
  9
$LASTSAVEDBY
  1
ezdxf
  9
$REQUIREDVERSIONS
160
0
  9
$INSBASE
 10
0.0
 20
0.0
 30
0.0
  9
$EXTMIN
 10
1e+20
 20
1e+20
 30
1e+20
  9
$EXTMAX
 10
-1e+20
 20
-1e+20
 30
-1e+20
  9
$LIMMIN
 10
0.0
 20
0.0
  9
$LIMMAX
 10
420.0
 20
297.0
  9
$ORTHOMODE
 70
0
  9
$REGENMODE
 70
1
  9
$FILLMODE
 70
1
  9
$QTEXTMODE
 70
0
  9
$MIRRTEXT
 70
1
  9
$LTSCALE
 40
1.0
  9
$ATTMODE
 70
1
  9
$TEXTSIZE
 40
2.5
  9
$TRACEWID
 40
1.0
  9
$TEXTSTYLE
  7
Standard
  9
$CLAYER
  8
0
  9
$CELTYPE
  6
ByLayer
  9
$CECOLOR
 62
256
  9
$CELTSCALE
 40
1.0
  9
$DISPSILH
 70
0
  9
$DIMSCALE
 40
1.0
  9
$DIMASZ
 40
2.5
  9
$DIMEXO
 40
0.625
  9
$DIMDLI
 40
3.75
  9
$DIMRND
 40
0.0
  9
$DIMDLE
 40
0.0
  9
$DIMEXE
 40
1.25
  9
$DIMTP
 40
0.0
  9
$DIMTM
 40
0.0
  9
$DIMTXT
 40
2.5
  9
$DIMCEN
 40
2.5
  9
$DIMTSZ
 40
0.0
  9
$DIMTOL
 70
0
  9
$DIMLIM
 70
0
  9
$DIMTIH
 70
0
  9
$DIMTOH
 70
0
  9
$DIMSE1
 70
0
  9
$DIMSE2
 70
0
  9
$DIMTAD
 70
1
  9
$DIMZIN
 70
8
  9
$DIMBLK
  1

  9
$DIMASO
 70
1
  9
$DIMSHO
 70
1
  9
$DIMPOST
  1

  9
$DIMAPOST
  1

  9
$DIMALT
 70
0
  9
$DIMALTD
 70
3
  9
$DIMALTF
 40
0.03937007874
  9
$DIMLFAC
 40
1.0
  9
$DIMTOFL
 70
1
  9
$DIMTVP
 40
0.0
  9
$DIMTIX
 70
0
  9
$DIMSOXD
 70
0
  9
$DIMSAH
 70
0
  9
$DIMBLK1
  1

  9
$DIMBLK2
  1

  9
$DIMSTYLE
  2
ISO-25
  9
$DIMCLRD
 70
0
  9
$DIMCLRE
 70
0
  9
$DIMCLRT
 70
0
  9
$DIMTFAC
 40
1.0
  9
$DIMGAP
 40
0.625
  9
$DIMJUST
 70
0
  9
$DIMSD1
 70
0
  9
$DIMSD2
 70
0
  9
$DIMTOLJ
 70
0
  9
$DIMTZIN
 70
8
  9
$DIMALTZ
 70
0
  9
$DIMALTTZ
 70
0
  9
$DIMUPT
 70
0
  9
$DIMDEC
 70
2
  9
$DIMTDEC
 70
2
  9
$DIMALTU
 70
2
  9
$DIMALTTD
 70
3
  9
$DIMTXSTY
  7
Standard
  9
$DIMAUNIT
 70
0
  9
$DIMADEC
 70
0
  9
$DIMALTRND
 40
0.0
  9
$DIMAZIN
 70
0
  9
$DIMDSEP
 70
44
  9
$DIMATFIT
 70
3
  9
$DIMFRAC
 70
0
  9
$DIMLDRBLK
  1

  9
$DIMLUNIT
 70
2
  9
$DIMLWD
 70
-2
  9
$DIMLWE
 70
-2
  9
$DIMTMOVE
 70
0
  9
$DIMFXL
 40
1.0
  9
$DIMFXLON
 70
0
  9
$DIMJOGANG
 40
0.785398163397
  9
$DIMTFILL
 70
0
  9
$DIMTFILLCLR
 70
0
  9
$DIMARCSYM
 70
0
  9
$DIMLTYPE
  6

  9
$DIMLTEX1
  6

  9
$DIMLTEX2
  6

  9
$DIMTXTDIRECTION
 70
0
  9
$LUNITS
 70
2
  9
$LUPREC
 70
4
  9
$SKETCHINC
 40
1.0
  9
$FILLETRAD
 40
10.0
  9
$AUNITS
 70
0
  9
$AUPREC
 70
2
  9
$MENU
  1
.
  9
$ELEVATION
 40
0.0
  9
$PELEVATION
 40
0.0
  9
$THICKNESS
 40
0.0
  9
$LIMCHECK
 70
0
  9
$CHAMFERA
 40
0.0
  9
$CHAMFERB
 40
0.0
  9
$CHAMFERC
 40
0.0
  9
$CHAMFERD
 40
0.0
  9
$SKPOLY
 70
0
  9
$TDCREATE
 40
2451545.0
  9
$TDUCREATE
 40
2451545.0
  9
$TDUPDATE
 40
2451545.0
  9
$TDUUPDATE
 40
2451545.0
  9
$TDINDWG
 40
0.0
  9
$TDUSRTIMER
 40
0.0
  9
$USRTIMER
 70
1
  9
$ANGBASE
 50
0.0
  9
$ANGDIR
 70
0
  9
$PDMODE
 70
0
  9
$PDSIZE
 40
0.0
  9
$PLINEWID
 40
0.0
  9
$SPLFRAME
 70
0
  9
$SPLINETYPE
 70
6
  9
$SPLINESEGS
 70
8
  9
$HANDSEED
  5
45E
  9
$SURFTAB1
 70
6
  9
$SURFTAB2
 70
6
  9
$SURFTYPE
 70
6
  9
$SURFU
 70
6
  9
$SURFV
 70
6
  9
$UCSBASE
  2

  9
$UCSNAME
  2

  9
$UCSORG
 10
0.0
 20
0.0
 30
0.0
  9
$UCSXDIR
 10
1.0
 20
0.0
 30
0.0
  9
$UCSYDIR
 10
0.0
 20
1.0
 30
0.0
  9
$UCSORTHOREF
  2

  9
$UCSORTHOVIEW
 70
0
  9
$UCSORGTOP
 10
0.0
 20
0.0
 30
0.0
  9
$UCSORGBOTTOM
 10
0.0
 20
0.0
 30
0.0
  9
$UCSORGLEFT
 10
0.0
 20
0.0
 30
0.0
  9
$UCSORGRIGHT
 10
0.0
 20
0.0
 30
0.0
  9
$UCSORGFRONT
 10
0.0
 20
0.0
 30
0.0
  9
$UCSORGBACK
 10
0.0
 20
0.0
 30
0.0
  9
$PUCSBASE
  2

  9
$PUCSNAME
  2

  9
$PUCSORG
 10
0.0
 20
0.0
 30
0.0
  9
$PUCSXDIR
 10
1.0
 20
0.0
 30
0.0
  9
$PUCSYDIR
 10
0.0
 20
1.0
 30
0.0
  9
$PUCSORTHOREF
  2

  9
$PUCSORTHOVIEW
 70
0
  9
$PUCSORGTOP
 10
0.0
 20
0.0
 30
0.0
  9
$PUCSORGBOTTOM
 10
0.0
 20
0.0
 30
0.0
  9
$PUCSORGLEFT
 10
0.0
 20
0.0
 30
0.0
  9
$PUCSORGRIGHT
 10
0.0
 20
0.0
 30
0.0
  9
$PUCSORGFRONT
 10
0.0
 20
0.0
 30
0.0
  9
$PUCSORGBACK
 10
0.0
 20
0.0
 30
0.0
  9
$USERI1
 70
0
  9
$USERI2
 70
0
  9
$USERI3
 70
0
  9
$USERI4
 70
0
  9
$USERI5
 70
0
  9
$USERR1
 40
0.0
  9
$USERR2
 40
0.0
  9
$USERR3
 40
0.0
  9
$USERR4
 40
0.0
  9
$USERR5
 40
0.0
  9
$WORLDVIEW
 70
1
  9
$SHADEDGE
 70
3
  9
$SHADEDIF
 70
70
  9
$TILEMODE
 70
1
  9
$MAXACTVP
 70
64
  9
$PINSBASE
 10
0.0
 20
0.0
 30
0.0
  9
$PLIMCHECK
 70
0
  9
$PEXTMIN
 10
1e+20
 20
1e+20
 30
1e+20
  9
$PEXTMAX
 10
-1e+20
 20
-1e+20
 30
-1e+20
  9
$PLIMMIN
 10
0.0
 20
0.0
  9
$PLIMMAX
 10
420.0
 20
297.0
  9
$UNITMODE
 70
0
  9
$VISRETAIN
 70
1
  9
$PLINEGEN
 70
0
  9
$PSLTSCALE
 70
1
  9
$TREEDEPTH
 70
3020
  9
$CMLSTYLE
  2
Standard
  9
$CMLJUST
 70
0
  9
$CMLSCALE
 40
20.0
  9
$PROXYGRAPHICS
 70
1
  9
$MEASUREMENT
 70
1
  9
$CELWEIGHT
370
-1
  9
$ENDCAPS
280
0
  9
$JOINSTYLE
280
0
  9
$LWDISPLAY
290
0
  9
$INSUNITS
 70
4
  9
$HYPERLINKBASE
  1

  9
$STYLESHEET
  1

  9
$XEDIT
290
1
  9
$CEPSNTYPE
380
0
  9
$PSTYLEMODE
290
1
  9
$FINGERPRINTGUID
  2
{00000000-0000-0000-0000-000000000000}
  9
$VERSIONGUID
  2
{00000000-0000-0000-0000-000000000000}
  9
$EXTNAMES
290
1
  9
$PSVPSCALE
 40
0.0
  9
$OLESTARTUP
290
0
  9
$SORTENTS
280
127
  9
$INDEXCTL
280
0
  9
$HIDETEXT
280
1
  9
$XCLIPFRAME
280
1
  9
$HALOGAP
280
0
  9
$OBSCOLOR
 70
257
  9
$OBSLTYPE
280
0
  9
$INTERSECTIONDISPLAY
280
0
  9
$INTERSECTIONCOLOR
 70
257
  9
$DIMASSOC
280
2
  9
$PROJECTNAME
  1

  9
$CAMERADISPLAY
290
0
  9
$LENSLENGTH
 40
50.0
  9
$CAMERAHEIGHT
 40
0.0
  9
$STEPSPERSEC
 40
24.0
  9
$STEPSIZE
 40
100.0
  9
$3DDWFPREC
 40
2.0
  9
$PSOLWIDTH
 40
0.005
  9
$PSOLHEIGHT
 40
0.08
  9
$LOFTANG1
 40
1.570796326795
  9
$LOFTANG2
 40
1.570796326795
  9
$LOFTMAG1
 40
0.0
  9
$LOFTMAG2
 40
0.0
  9
$LOFTPARAM
 70
7
  9
$LOFTNORMALS
280
1
  9
$LATITUDE
 40
37.795
  9
$LONGITUDE
 40
-122.394
  9
$NORTHDIRECTION
 40
0.0
  9
$TIMEZONE
 70
-8000
  9
$LIGHTGLYPHDISPLAY
280
1
  9
$TILEMODELIGHTSYNCH
280
1
  9
$CMATERIAL
347
20
  9
$SOLIDHIST
280
0
  9
$SHOWHIST
280
1
  9
$DWFFRAME
280
2
  9
$DGNFRAME
280
2
  9
$REALWORLDSCALE
290
1
  9
$INTERFERECOLOR
 62
256
  9
$CSHADOW
280
0
  9
$SHADOWPLANELOCATION
 40
0.0
  0
ENDSEC
  0
SECTION
  2
CLASSES
  0
CLASS
  1
ACDBDETAILVIEWSTYLE
  2
AcDbDetailViewStyle
  3
ObjectDBX Classes
 90
1025
 91
0
280
0
281
0
  0
CLASS
  1
ACDBDICTIONARYWDFLT
  2
AcDbDictionaryWithDefault
  3
ObjectDBX Classes
 90
0
 91
0
280
0
281
0
  0
CLASS
  1
ACDBPLACEHOLDER
  2
AcDbPlaceHolder
  3
ObjectDBX Classes
 90
0
 91
0
280
0
281
0
  0
CLASS
  1
ACDBSECTIONVIEWSTYLE
  2
AcDbSectionViewStyle
  3
ObjectDBX Classes
 90
1025
 91
0
280
0
281
0
  0
CLASS
  1
CELLSTYLEMAP
  2
AcDbCellStyleMap
  3
ObjectDBX Classes
 90
1152
 91
0
280
0
281
0
  0
CLASS
  1
DICTIONARYVAR
  2
AcDbDictionaryVar
  3
ObjectDBX Classes
 90
0
 91
0
280
0
281
0
  0
CLASS
  1
LAYOUT
  2
AcDbLayout
  3
ObjectDBX Classes
 90
0
 91
0
280
0
281
0
  0
CLASS
  1
MATERIAL
  2
AcDbMaterial
  3
ObjectDBX Classes
 90
1153
 91
0
280
0
281
0
  0
CLASS
  1
MENTALRAYRENDERSETTINGS
  2
AcDbMentalRayRenderSettings
  3
SCENEOE
 90
1024
 91
0
280
0
281
0
  0
CLASS
  1
MLEADERSTYLE
  2
AcDbMLeaderStyle
  3
ACDB_MLEADERSTYLE_CLASS
 90
4095
 91
0
280
0
281
0
  0
CLASS
  1
RASTERVARIABLES
  2
AcDbRasterVariables
  3
ISM
 90
0
 91
0
280
0
281
0
  0
CLASS
  1
SCALE
  2
AcDbScale
  3
ObjectDBX Classes
 90
1153
 91
0
280
0
281
0
  0
CLASS
  1
SUN
  2
AcDbSun
  3
SCENEOE
 90
1153
 91
0
280
0
281
0
  0
CLASS
  1
TABLESTYLE
  2
AcDbTableStyle
  3
ObjectDBX Classes
 90
4095
 91
0
280
0
281
0
  0
CLASS
  1
VISUALSTYLE
  2
AcDbVisualStyle
  3
ObjectDBX Classes
 90
4095
 91
0
280
0
281
0
  0
ENDSEC
  0
SECTION
  2
TABLES
  0
TABLE
  2
VPORT
  5
8
330
0
100
AcDbSymbolTable
 70
1
  0
VPORT
  5
45A
330
8
100
AcDbSymbolTableRecord
100
AcDbViewportTableRecord
  2
*Active
 70
0
 10
0.0
 20
0.0
 11
1.0
 21
1.0
 12
287.0
 22
195.0
 13
0.0
 23
0.0
 14
0.5
 24
0.5
 15
0.5
 25
0.5
 16
0.0
 26
0.0
 36
1.0
 17
0.0
 27
0.0
 37
0.0
 40
104.0
 41
1.34
 42
50.0
 43
0.0
 44
0.0
 50
0.0
 51
0.0
 71
0
 72
1000
 73
1
 74
3
 75
0
 76
0
 77
0
 78
0
281
0
 65
1
110
0.0
120
0.0
130
0.0
111
1.0
121
0.0
131
0.0
112
0.0
122
1.0
132
0.0
 79
0
146
0.0
  0
ENDTAB
  0
TABLE
  2
LTYPE
  5
2
330
0
100
AcDbSymbolTable
 70
3
  0
LTYPE
  5
24
330
2
100
AcDbSymbolTableRecord
100
AcDbLinetypeTableRecord
  2
ByBlock
 70
0
  3

 72
65
 73
0
 40
0.0
  0
LTYPE
  5
25
330
2
100
AcDbSymbolTableRecord
100
AcDbLinetypeTableRecord
  2
ByLayer
 70
0
  3

 72
65
 73
0
 40
0.0
  0
LTYPE
  5
26
330
2
100
AcDbSymbolTableRecord
100
AcDbLinetypeTableRecord
  2
Continuous
 70
0
  3

 72
65
 73
0
 40
0.0
  0
ENDTAB
  0
TABLE
  2
LAYER
  5
1
330
0
100
AcDbSymbolTable
 70
4
  0
LAYER
  5
27
330
1
100
AcDbSymbolTableRecord
100
AcDbLayerTableRecord
  2
0
 70
0
 62
7
  6
Continuous
370
-3
390
13
347
21
  0
LAYER
  5
28
330
1
100
AcDbSymbolTableRecord
100
AcDbLayerTableRecord
  2
Defpoints
 70
0
 62
7
  6
Continuous
290
0
370
-3
390
13
347
21
  0
LAYER
  5
2F
330
1
100
AcDbSymbolTableRecord
100
AcDbLayerTableRecord
  2
CUT
 70
0
 62
7
  6
Continuous
370
-3
390
13
347
21
  0
LAYER
  5
31
330
1
100
AcDbSymbolTableRecord
100
AcDbLayerTableRecord
  2
ENGRAVE
 70
0
 62
7
  6
Continuous
370
-3
390
13
347
21
  0
ENDTAB
  0
TABLE
  2
STYLE
  5
5
330
0
100
AcDbSymbolTable
 70
1
  0
STYLE
  5
29
330
5
100
AcDbSymbolTableRecord
100
AcDbTextStyleTableRecord
  2
Standard
 70
0
 40
0.0
 41
1.0
 50
0.0
 71
0
 42
2.5
  3
txt
  4

  0
ENDTAB
  0
TABLE
  2
VIEW
  5
7
330
0
100
AcDbSymbolTable
 70
0
  0
ENDTAB
  0
TABLE
  2
UCS
  5
6
330
0
100
AcDbSymbolTable
 70
0
  0
ENDTAB
  0
TABLE
  2
APPID
  5
3
330
0
100
AcDbSymbolTable
 70
3
  0
APPID
  5
2A
330
3
100
AcDbSymbolTableRecord
100
AcDbRegAppTableRecord
  2
ACAD
 70
0
  0
APPID
  5
45B
330
3
100
AcDbSymbolTableRecord
100
AcDbRegAppTableRecord
  2
HATCHBACKGROUNDCOLOR
 70
0
  0
APPID
  5
45C
330
3
100
AcDbSymbolTableRecord
100
AcDbRegAppTableRecord
  2
EZDXF
 70
0
  0
ENDTAB
  0
TABLE
  2
DIMSTYLE
  5
4
330
0
100
AcDbSymbolTable
 70
1
100
AcDbDimStyleTable
  0
DIMSTYLE
105
2B
330
4
100
AcDbSymbolTableRecord
100
AcDbDimStyleTableRecord
  2
Standard
 70
0
 40
1.0
 41
2.5
 42
0.625
 43
3.75
 44
1.25
 45
0.0
 46
0.0
 47
0.0
 48
0.0
 49
2.5
140
2.5
141
2.5
142
0.0
143
0.03937007874
144
1.0
145
0.0
146
1.0
147
0.625
148
0.0
 69
0
 70
0
 71
0
 72
0
 73
0
 74
0
 75
0
 76
0
 77
1
 78
8
 79
3
170
0
171
3
172
1
173
0
174
0
175
0
176
0
177
0
178
0
179
2
271
2
272
2
273
2
274
3
275
0
276
0
277
2
278
44
279
0
280
0
281
0
282
0
283
0
284
8
285
0
286
0
288
0
289
3
290
0
371
-2
372
-2
  0
ENDTAB
  0
TABLE
  2
BLOCK_RECORD
  5
9
330
0
100
AcDbSymbolTable
 70
2
  0
BLOCK_RECORD
  5
17
330
9
100
AcDbSymbolTableRecord
100
AcDbBlockTableRecord
  2
*Model_Space
340
1A
 70
0
280
1
281
0
  0
BLOCK_RECORD
  5
1B
330
9
100
AcDbSymbolTableRecord
100
AcDbBlockTableRecord
  2
*Paper_Space
340
1E
 70
0
280
1
281
0
  0
ENDTAB
  0
ENDSEC
  0
SECTION
  2
BLOCKS
  0
BLOCK
  5
18
330
17
100
AcDbEntity
  8
0
100
AcDbBlockBegin
  2
*Model_Space
 70
0
 10
0.0
 20
0.0
 30
0.0
  3
*Model_Space
  1

  0
ENDBLK
  5
19
330
17
100
AcDbEntity
  8
0
100
AcDbBlockEnd
  0
BLOCK
  5
1C
330
1B
100
AcDbEntity
  8
0
100
AcDbBlockBegin
  2
*Paper_Space
 70
0
 10
0.0
 20
0.0
 30
0.0
  3
*Paper_Space
  1

  0
ENDBLK
  5
1D
330
1B
100
AcDbEntity
  8
0
100
AcDbBlockEnd
  0
ENDSEC
  0
SECTION
  2
ENTITIES
  0
CIRCLE
  5
30
330
17
100
AcDbEntity
  8
CUT
100
AcDbCircle
 10
287.0
 20
195.0
 30
0.0
 40
52.0
  0
SPLINE
  5
32
330
17
100
AcDbEntity
  8
ENGRAVE
100
AcDbSpline
 70
0
 71
2
 72
6
 73
3
 74
0
 40
0.0
 40
0.0
 40
0.0
 40
1.0
 40
1.0
 40
1.0
 10
250.2992777922874
 20
204.85894954616697
 30
0.0
 10
250.23926802666242
 20
204.90396907741697
 30
0.0
 10
250.2317729094749
 20
205.25645931179199
 30
0.0
  0
SPLINE
  5
33
330
17
100
AcDbEntity
  8
ENGRAVE
100
AcDbSpline
 70
0
 71
2
 72
6
 73
3
 74
0
 40
0.0
 40
0.0
 40
0.0
 40
1.0
 40
1.0
 40
1.0
 10
250.2317729094749
 20
205.25645931179199
 30
0.0
 10
250.2242777922874
 20
205.60894954616697
 30
0.0
 10
250.26927290947492
 20
206.04395931179198
 30
0.0
  0
SPLINE
  5
34
330
17
100
AcDbEntity
  8
ENGRAVE
100
AcDbSpline
 70
0
 71
2
 72
6
 73
3
 74
0
 40
0.0
 40
0.0
 40
0.0
 40
1.0
 40
1.0
 40
1.0
 10
250.33677779228742
 20
204.81395442897949
 30
0.0
 10
250.2992777922874
 20
204.85894954616697
 30
0.0
 10
250.2992777922874
 20
204.85894954616697
 30
0.0
  0
SPLINE
  5
35
330
17
100
AcDbEntity
  8
ENGRAVE
100
AcDbSpline
 70
0
 71
2
 72
6
 73
3
 74
0
 40
0.0
 40
0.0
 40
0.0
 40
1.0
 40
1.0
 40
1.0
 10
250.37427779228742
 20
204.738978843042
 30
0.0
 10
250.37427779228742
 20
204.76895931179197
 30
0.0
 10
250.33677779228742
 20
204.81395442897949
 30
0.0
  0
SPLINE
  5
36
330
17
100
AcDbEntity
  8
ENGRAVE
100
AcDbSpline
 70
0
 71
2
 72
6
 73
3
 74
0
 40
0.0
 40
0.0
 40
0.0
 40
1.0
 40
1.0
 40
1.0
 10
250.57679244072492
 20
204.37147396022948
 30
0.0
 10
250.41929732353742
 20
204.58897884304199
 30
0.0
 10
250.37427779228742
 20
204.738978843042
 30
0.0
  0
SPLINE
  5
37
330
17
100
AcDbEntity
  8
ENGRAVE
100
AcDbSpline
 70
0
 71
2
 72
6
 73
3
 74
0
 40
0.0
 40
0.0
 40
0.0
 40
1.0
 40
1.0
 40
1.0
 10
250.26927290947492
 20
206.04395931179198
 30
0.0
 10
250.3142680266624
 20
206.478969077417
 30
0.0
 10
250.37427779228742
 20
206.73394954616697
 30
0.0
  0
SPLINE
  5
38
330
17
100
AcDbEntity
  8
ENGRAVE
100
AcDbSpline
 70
0
 71
2
 72
6
 73
3
 74
0
 40
0.0
 40
0.0
 40
0.0
 40
1.0
 40
1.0
 40
1.0
 10
250.4867777922874
 20
209.28394954616698
 30
0.0
 10
250.41929732353742
 20
209.37393978054197
 30
0.0
 10
250.41929732353742
 20
209.43394954616699
 30
0.0
  0
SPLINE
  5
39
330
17
100
AcDbEntity
  8
ENGRAVE
100
AcDbSpline
 70
0
 71
2
 72
6
 73
3
 74
0
 40
0.0
 40
0.0
 40
0.0
 40
1.0
 40
1.0
 40
1.0
 10
250.65928755791242
 20
209.16397884304197
 30
0.0
 10
250.5542582610374
 20
209.19395931179199
 30
0.0
 10
250.4867777922874
 20
209.28394954616698
 30
0.0
  0
SPLINE
  5
3A
330
17
100
AcDbEntity
  8
ENGRAVE
100
AcDbSpline
 70
0
 71
2
 72
6
 73
3
 74
0
 40
0.0
 40
0.0
 40
0.0
 40
1.0
 40
1.0
 40
1.0
 10
250.41929732353742
 20
209.43394954616699
 30
0.0
 10
250.41929732353742
 20
209.55396907741698
 30
0.0
 10
250.5542826750999
 20
209.77896907741697
 30
0.0
  0
SPLINE
  5
3B
330
17
100
AcDbEntity
  8
ENGRAVE
100
AcDbSpline
 70
0
 71
2
 72
6
 73
3
 74
0
 40
0.0
 40
0.0
 40
0.0
 40
1.0
 40
1.0
 40
1.0
 10
250.9292826750999
 20
203.98145931179198
 30
0.0
 10
250.7342875579124
 20
204.15396907741697
 30
0.0
 10
250.57679244072492
 20
204.37147396022948
 30
0.0
  0
SPLINE
  5
3C
330
17
100
AcDbEntity
  8
ENGRAVE
100
AcDbSpline
 70
0
 71
2
 72
6
 73
3
 74
0
 40
0.0
 40
0.0
 40
0.0
 40
1.0
 40
1.0
 40
1.0
 10
250.37427779228742
 20
206.73394954616697
 30
0.0
 10
250.4492777922874
 20
206.97393978054197
 30
0.0
 10
250.5992777922874
 20
207.386439780542
 30
0.0
  0
SPLINE
  5
3D
330
17
100
AcDbEntity
  8
ENGRAVE
100
AcDbSpline
 70
0
 71
2
 72
6
 73
3
 74
0
 40
0.0
 40
0.0
 40
0.0
 40
1.0
 40
1.0
 40
1.0
 10
250.5542826750999
 20
209.77896907741697
 30
0.0
 10
250.6892680266624
 20
210.00396907741697
 30
0.0
 10
250.74927779228742
 20
210.00396907741697
 30
0.0
  0
SPLINE
  5
3E
330
17
100
AcDbEntity
  8
ENGRAVE
100
AcDbSpline
 70
0
 71
2
 72
6
 73
3
 74
0
 40
0.0
 40
0.0
 40
0.0
 40
1.0
 40
1.0
 40
1.0
 10
250.5992777922874
 20
207.386439780542
 30
0.0
 10
250.74927779228742
 20
207.79893978054199
 30
0.0
 10
250.85425826103742
 20
208.12896907741697
 30
0.0
  0
SPLINE
  5
3F
330
17
100
AcDbEntity
  8
ENGRAVE
100
AcDbSpline
 70
0
 71
2
 72
6
 73
3
 74
0
 40
0.0
 40
0.0
 40
0.0
 40
1.0
 40
1.0
 40
1.0
 10
251.2892680266624
 20
203.77896907741697
 30
0.0
 10
251.12427779228742
 20
203.80894954616699
 30
0.0
 10
250.9292826750999
 20
203.98145931179198
 30
0.0
  0
SPLINE
  5
40
330
17
100
AcDbEntity
  8
ENGRAVE
100
AcDbSpline
 70
0
 71
2
 72
6
 73
3
 74
0
 40
0.0
 40
0.0
 40
0.0
 40
1.0
 40
1.0
 40
1.0
 10
250.74927779228742
 20
210.00396907741697
 30
0.0
 10
250.8242777922874
 20
209.988978843042
 30
0.0
 10
251.0267680266624
 20
209.988978843042
 30
0.0
  0
SPLINE
  5
41
330
17
100
AcDbEntity
  8
ENGRAVE
100
AcDbSpline
 70
0
 71
2
 72
6
 73
3
 74
0
 40
0.0
 40
0.0
 40
0.0
 40
1.0
 40
1.0
 40
1.0
 10
252.35425826103742
 20
203.79395931179198
 30
0.0
 10
251.6792582610374
 20
203.70396907741699
 30
0.0
 10
251.2892680266624
 20
203.77896907741697
 30
0.0
  0
SPLINE
  5
42
330
17
100
AcDbEntity
  8
ENGRAVE
100
AcDbSpline
 70
0
 71
2
 72
6
 73
3
 74
0
 40
0.0
 40
0.0
 40
0.0
 40
1.0
 40
1.0
 40
1.0
 10
251.67176314384992
 20
206.68145931179197
 30
0.0
 10
251.5292582610374
 20
206.103969077417
 30
0.0
 10
251.4242777922874
 20
205.53394954616698
 30
0.0
  0
SPLINE
  5
43
330
17
100
AcDbEntity
  8
ENGRAVE
100
AcDbSpline
 70
0
 71
2
 72
6
 73
3
 74
0
 40
0.0
 40
0.0
 40
0.0
 40
1.0
 40
1.0
 40
1.0
 10
251.0267680266624
 20
209.988978843042
 30
0.0
 10
251.22925826103742
 20
209.988978843042
 30
0.0
 10
251.4242777922874
 20
210.00396907741697
 30
0.0
  0
SPLINE
  5
44
330
17
100
AcDbEntity
  8
ENGRAVE
100
AcDbSpline
 70
0
 71
2
 72
6
 73
3
 74
0
 40
0.0
 40
0.0
 40
0.0
 40
1.0
 40
1.0
 40
1.0
 10
251.4242777922874
 20
205.53394954616698
 30
0.0
 10
251.37925826103742
 20
205.24893978054197
 30
0.0
 10
251.44676314384992
 20
205.12144954616699
 30
0.0
  0
SPLINE
  5
45
330
17
100
AcDbEntity
  8
ENGRAVE
100
AcDbSpline
 70
0
 71
2
 72
6
 73
3
 74
0
 40
0.0
 40
0.0
 40
0.0
 40
1.0
 40
1.0
 40
1.0
 10
251.4242777922874
 20
210.00396907741697
 30
0.0
 10
251.6192973235374
 20
210.01895931179197
 30
0.0
 10
251.6642680266624
 20
210.03394954616698
 30
0.0
  0
SPLINE
  5
46
330
17
100
AcDbEntity
  8
ENGRAVE
100
AcDbSpline
 70
0
 71
2
 72
6
 73
3
 74
0
 40
0.0
 40
0.0
 40
0.0
 40
1.0
 40
1.0
 40
1.0
 10
252.02427779228742
 20
207.88897884304197
 30
0.0
 10
251.8142680266624
 20
207.25894954616697
 30
0.0
 10
251.67176314384992
 20
206.68145931179197
 30
0.0
  0
SPLINE
  5
47
330
17
100
AcDbEntity
  8
ENGRAVE
100
AcDbSpline
 70
0
 71
2
 72
6
 73
3
 74
0
 40
0.0
 40
0.0
 40
0.0
 40
1.0
 40
1.0
 40
1.0
 10
251.6642680266624
 20
210.03394954616698
 30
0.0
 10
251.7242777922874
 20
210.06397884304198
 30
0.0
 10
251.78428755791242
 20
210.11646907741698
 30
0.0
  0
SPLINE
  5
48
330
17
100
AcDbEntity
  8
ENGRAVE
100
AcDbSpline
 70
0
 71
2
 72
6
 73
3
 74
0
 40
0.0
 40
0.0
 40
0.0
 40
1.0
 40
1.0
 40
1.0
 10
251.44676314384992
 20
205.12144954616699
 30
0.0
 10
251.51426802666242
 20
204.99395931179197
 30
0.0
 10
251.8292582610374
 20
204.96397884304199
 30
0.0
  0
SPLINE
  5
49
330
17
100
AcDbEntity
  8
ENGRAVE
100
AcDbSpline
 70
0
 71
2
 72
6
 73
3
 74
0
 40
0.0
 40
0.0
 40
0.0
 40
1.0
 40
1.0
 40
1.0
 10
251.78428755791242
 20
210.11646907741698
 30
0.0
 10
251.8442973235374
 20
210.16895931179198
 30
0.0
 10
251.87427779228742
 20
210.27393978054198
 30
0.0
  0
SPLINE
  5
4A
330
17
100
AcDbEntity
  8
ENGRAVE
100
AcDbSpline
 70
0
 71
2
 72
6
 73
3
 74
0
 40
0.0
 40
0.0
 40
0.0
 40
1.0
 40
1.0
 40
1.0
 10
251.87427779228742
 20
210.27393978054198
 30
0.0
 10
251.9492777922874
 20
210.43897884304198
 30
0.0
 10
252.00928755791242
 20
210.52896907741697
 30
0.0
  0
SPLINE
  5
4B
330
17
100
AcDbEntity
  8
ENGRAVE
100
AcDbSpline
 70
0
 71
2
 72
6
 73
3
 74
0
 40
0.0
 40
0.0
 40
0.0
 40
1.0
 40
1.0
 40
1.0
 10
252.3242777922874
 20
208.44395931179199
 30
0.0
 10
252.2042582610374
 20
208.18897884304198
 30
0.0
 10
252.02427779228742
 20
207.88897884304197
 30
0.0
  0
SPLINE
  5
4C
330
17
100
AcDbEntity
  8
ENGRAVE
100
AcDbSpline
 70
0
 71
2
 72
6
 73
3
 74
0
 40
0.0
 40
0.0
 40
0.0
 40
1.0
 40
1.0
 40
1.0
 10
252.00928755791242
 20
210.52896907741697
 30
0.0
 10
252.0692973235374
 20
210.61895931179197
 30
0.0
 10
252.1742777922874
 20
210.79893978054199
 30
0.0
  0
SPLINE
  5
4D
330
17
100
AcDbEntity
  8
ENGRAVE
100
AcDbSpline
 70
0
 71
2
 72
6
 73
3
 74
0
 40
0.0
 40
0.0
 40
0.0
 40
1.0
 40
1.0
 40
1.0
 10
251.8292582610374
 20
204.96397884304199
 30
0.0
 10
251.9942973235374
 20
204.948939780542
 30
0.0
 10
252.3092875579124
 20
204.97144954616698
 30
0.0
  0
SPLINE
  5
4E
330
17
100
AcDbEntity
  8
ENGRAVE
100
AcDbSpline
 70
0
 71
2
 72
6
 73
3
 74
0
 40
0.0
 40
0.0
 40
0.0
 40
1.0
 40
1.0
 40
1.0
 10
252.50425826103742
 20
208.75894954616697
 30
0.0
 10
252.4442973235374
 20
208.698939780542
 30
0.0
 10
252.3242777922874
 20
208.44395931179199
 30
0.0
  0
SPLINE
  5
4F
330
17
100
AcDbEntity
  8
ENGRAVE
100
AcDbSpline
 70
0
 71
2
 72
6
 73
3
 74
0
 40
0.0
 40
0.0
 40
0.0
 40
1.0
 40
1.0
 40
1.0
 10
252.1742777922874
 20
210.79893978054199
 30
0.0
 10
252.2792582610374
 20
210.99395931179197
 30
0.0
 10
252.3467631438499
 20
211.12896907741697
 30
0.0
  0
SPLINE
  5
50
330
17
100
AcDbEntity
  8
ENGRAVE
100
AcDbSpline
 70
0
 71
2
 72
6
 73
3
 74
0
 40
0.0
 40
0.0
 40
0.0
 40
1.0
 40
1.0
 40
1.0
 10
253.7042582610374
 20
204.30396907741698
 30
0.0
 10
253.0292582610374
 20
203.88394954616697
 30
0.0
 10
252.35425826103742
 20
203.79395931179198
 30
0.0
  0
SPLINE
  5
51
330
17
100
AcDbEntity
  8
ENGRAVE
100
AcDbSpline
 70
0
 71
2
 72
6
 73
3
 74
0
 40
0.0
 40
0.0
 40
0.0
 40
1.0
 40
1.0
 40
1.0
 10
252.6167826750999
 20
208.94647396022947
 30
0.0
 10
252.5642680266624
 20
208.87896907741697
 30
0.0
 10
252.50425826103742
 20
208.75894954616697
 30
0.0
  0
SPLINE
  5
52
330
17
100
AcDbEntity
  8
ENGRAVE
100
AcDbSpline
 70
0
 71
2
 72
6
 73
3
 74
0
 40
0.0
 40
0.0
 40
0.0
 40
1.0
 40
1.0
 40
1.0
 10
252.3467631438499
 20
211.12896907741697
 30
0.0
 10
252.4142680266624
 20
211.26397884304197
 30
0.0
 10
252.5642680266624
 20
211.50396907741697
 30
0.0
  0
SPLINE
  5
53
330
17
100
AcDbEntity
  8
ENGRAVE
100
AcDbSpline
 70
0
 71
2
 72
6
 73
3
 74
0
 40
0.0
 40
0.0
 40
0.0
 40
1.0
 40
1.0
 40
1.0
 10
252.7892680266624
 20
209.04395931179198
 30
0.0
 10
252.66929732353742
 20
209.01397884304197
 30
0.0
 10
252.6167826750999
 20
208.94647396022947
 30
0.0
  0
SPLINE
  5
54
330
17
100
AcDbEntity
  8
ENGRAVE
100
AcDbSpline
 70
0
 71
2
 72
6
 73
3
 74
0
 40
0.0
 40
0.0
 40
0.0
 40
1.0
 40
1.0
 40
1.0
 10
252.5642680266624
 20
211.50396907741697
 30
0.0
 10
252.63926802666242
 20
211.60894954616697
 30
0.0
 10
252.7292826750999
 20
211.75894954616697
 30
0.0
  0
SPLINE
  5
55
330
17
100
AcDbEntity
  8
ENGRAVE
100
AcDbSpline
 70
0
 71
2
 72
6
 73
3
 74
0
 40
0.0
 40
0.0
 40
0.0
 40
1.0
 40
1.0
 40
1.0
 10
252.9692729094749
 20
209.073939780542
 30
0.0
 10
252.90928755791242
 20
209.073939780542
 30
0.0
 10
252.7892680266624
 20
209.04395931179198
 30
0.0
  0
SPLINE
  5
56
330
17
100
AcDbEntity
  8
ENGRAVE
100
AcDbSpline
 70
0
 71
2
 72
6
 73
3
 74
0
 40
0.0
 40
0.0
 40
0.0
 40
1.0
 40
1.0
 40
1.0
 10
252.3092875579124
 20
204.97144954616698
 30
0.0
 10
252.62427779228742
 20
204.99395931179197
 30
0.0
 10
252.8342875579124
 20
205.05396907741698
 30
0.0
  0
SPLINE
  5
57
330
17
100
AcDbEntity
  8
ENGRAVE
100
AcDbSpline
 70
0
 71
2
 72
6
 73
3
 74
0
 40
0.0
 40
0.0
 40
0.0
 40
1.0
 40
1.0
 40
1.0
 10
252.7292826750999
 20
211.75894954616697
 30
0.0
 10
252.8192973235374
 20
211.90894954616698
 30
0.0
 10
252.9542582610374
 20
212.01397884304197
 30
0.0
  0
SPLINE
  5
58
330
17
100
AcDbEntity
  8
ENGRAVE
100
AcDbSpline
 70
0
 71
2
 72
6
 73
3
 74
0
 40
0.0
 40
0.0
 40
0.0
 40
1.0
 40
1.0
 40
1.0
 10
253.2242777922874
 20
209.08897884304199
 30
0.0
 10
253.0292582610374
 20
209.073939780542
 30
0.0
 10
252.9692729094749
 20
209.073939780542
 30
0.0
  0
SPLINE
  5
59
330
17
100
AcDbEntity
  8
ENGRAVE
100
AcDbSpline
 70
0
 71
2
 72
6
 73
3
 74
0
 40
0.0
 40
0.0
 40
0.0
 40
1.0
 40
1.0
 40
1.0
 10
252.8342875579124
 20
205.05396907741698
 30
0.0
 10
252.99927779228742
 20
205.12896907741697
 30
0.0
 10
253.1792826750999
 20
205.21146419460447
 30
0.0
  0
SPLINE
  5
5A
330
17
100
AcDbEntity
  8
ENGRAVE
100
AcDbSpline
 70
0
 71
2
 72
6
 73
3
 74
0
 40
0.0
 40
0.0
 40
0.0
 40
1.0
 40
1.0
 40
1.0
 10
253.5992777922874
 20
209.09647396022947
 30
0.0
 10
253.3442973235374
 20
209.08897884304199
 30
0.0
 10
253.2242777922874
 20
209.08897884304199
 30
0.0
  0
SPLINE
  5
5B
330
17
100
AcDbEntity
  8
ENGRAVE
100
AcDbSpline
 70
0
 71
2
 72
6
 73
3
 74
0
 40
0.0
 40
0.0
 40
0.0
 40
1.0
 40
1.0
 40
1.0
 10
253.37427779228742
 20
210.49893978054197
 30
0.0
 10
253.13428755791242
 20
210.16895931179198
 30
0.0
 10
253.28428755791242
 20
210.12396419460447
 30
0.0
  0
SPLINE
  5
5C
330
17
100
AcDbEntity
  8
ENGRAVE
100
AcDbSpline
 70
0
 71
2
 72
6
 73
3
 74
0
 40
0.0
 40
0.0
 40
0.0
 40
1.0
 40
1.0
 40
1.0
 10
253.6667826750999
 20
210.95645931179197
 30
0.0
 10
253.50928755791242
 20
210.75396907741697
 30
0.0
 10
253.37427779228742
 20
210.49893978054197
 30
0.0
  0
SPLINE
  5
5D
330
17
100
AcDbEntity
  8
ENGRAVE
100
AcDbSpline
 70
0
 71
2
 72
6
 73
3
 74
0
 40
0.0
 40
0.0
 40
0.0
 40
1.0
 40
1.0
 40
1.0
 10
252.9542582610374
 20
212.01397884304197
 30
0.0
 10
253.0892680266624
 20
212.13394954616697
 30
0.0
 10
253.3967631438499
 20
212.18646419460447
 30
0.0
  0
SPLINE
  5
5E
330
17
100
AcDbEntity
  8
ENGRAVE
100
AcDbSpline
 70
0
 71
2
 72
6
 73
3
 74
0
 40
0.0
 40
0.0
 40
0.0
 40
1.0
 40
1.0
 40
1.0
 10
253.1792826750999
 20
205.21146419460447
 30
0.0
 10
253.3592875579124
 20
205.29395931179198
 30
0.0
 10
253.50928755791242
 20
205.38394954616697
 30
0.0
  0
SPLINE
  5
5F
330
17
100
AcDbEntity
  8
ENGRAVE
100
AcDbSpline
 70
0
 71
2
 72
6
 73
3
 74
0
 40
0.0
 40
0.0
 40
0.0
 40
1.0
 40
1.0
 40
1.0
 10
254.2142680266624
 20
209.16397884304197
 30
0.0
 10
253.85425826103742
 20
209.103969077417
 30
0.0
 10
253.5992777922874
 20
209.09647396022947
 30
0.0
  0
SPLINE
  5
60
330
17
100
AcDbEntity
  8
ENGRAVE
100
AcDbSpline
 70
0
 71
2
 72
6
 73
3
 74
0
 40
0.0
 40
0.0
 40
0.0
 40
1.0
 40
1.0
 40
1.0
 10
253.9442973235374
 20
211.41397884304197
 30
0.0
 10
253.8242777922874
 20
211.15894954616698
 30
0.0
 10
253.6667826750999
 20
210.95645931179197
 30
0.0
  0
SPLINE
  5
61
330
17
100
AcDbEntity
  8
ENGRAVE
100
AcDbSpline
 70
0
 71
2
 72
6
 73
3
 74
0
 40
0.0
 40
0.0
 40
0.0
 40
1.0
 40
1.0
 40
1.0
 10
254.25928755791242
 20
204.82144954616697
 30
0.0
 10
254.1842875579124
 20
204.573939780542
 30
0.0
 10
253.7042582610374
 20
204.30396907741698
 30
0.0
  0
SPLINE
  5
62
330
17
100
AcDbEntity
  8
ENGRAVE
100
AcDbSpline
 70
0
 71
2
 72
6
 73
3
 74
0
 40
0.0
 40
0.0
 40
0.0
 40
1.0
 40
1.0
 40
1.0
 10
253.50928755791242
 20
205.38394954616697
 30
0.0
 10
253.64429732353742
 20
205.458949546167
 30
0.0
 10
253.77928267509992
 20
205.54144466335447
 30
0.0
  0
SPLINE
  5
63
330
17
100
AcDbEntity
  8
ENGRAVE
100
AcDbSpline
 70
0
 71
2
 72
6
 73
3
 74
0
 40
0.0
 40
0.0
 40
0.0
 40
1.0
 40
1.0
 40
1.0
 10
253.77928267509992
 20
205.54144466335447
 30
0.0
 10
253.9142680266624
 20
205.62393978054197
 30
0.0
 10
253.9142680266624
 20
205.62393978054197
 30
0.0
  0
SPLINE
  5
64
330
17
100
AcDbEntity
  8
ENGRAVE
100
AcDbSpline
 70
0
 71
2
 72
6
 73
3
 74
0
 40
0.0
 40
0.0
 40
0.0
 40
1.0
 40
1.0
 40
1.0
 10
253.3967631438499
 20
212.18646419460447
 30
0.0
 10
253.7042582610374
 20
212.238978843042
 30
0.0
 10
253.9292582610374
 20
212.04395931179198
 30
0.0
  0
SPLINE
  5
65
330
17
100
AcDbEntity
  8
ENGRAVE
100
AcDbSpline
 70
0
 71
2
 72
6
 73
3
 74
0
 40
0.0
 40
0.0
 40
0.0
 40
1.0
 40
1.0
 40
1.0
 10
254.0642680266624
 20
211.75894954616697
 30
0.0
 10
254.0792582610374
 20
211.62393978054197
 30
0.0
 10
253.9442973235374
 20
211.41397884304197
 30
0.0
  0
SPLINE
  5
66
330
17
100
AcDbEntity
  8
ENGRAVE
100
AcDbSpline
 70
0
 71
2
 72
6
 73
3
 74
0
 40
0.0
 40
0.0
 40
0.0
 40
1.0
 40
1.0
 40
1.0
 10
253.9292582610374
 20
212.04395931179198
 30
0.0
 10
254.0492777922874
 20
211.89395931179197
 30
0.0
 10
254.0642680266624
 20
211.75894954616697
 30
0.0
  0
SPLINE
  5
67
330
17
100
AcDbEntity
  8
ENGRAVE
100
AcDbSpline
 70
0
 71
2
 72
6
 73
3
 74
0
 40
0.0
 40
0.0
 40
0.0
 40
1.0
 40
1.0
 40
1.0
 10
253.28428755791242
 20
210.12396419460447
 30
0.0
 10
253.4342875579124
 20
210.07896907741699
 30
0.0
 10
254.12427779228742
 20
210.18394954616699
 30
0.0
  0
SPLINE
  5
68
330
17
100
AcDbEntity
  8
ENGRAVE
100
AcDbSpline
 70
0
 71
2
 72
6
 73
3
 74
0
 40
0.0
 40
0.0
 40
0.0
 40
1.0
 40
1.0
 40
1.0
 10
253.9142680266624
 20
205.62393978054197
 30
0.0
 10
253.98926802666242
 20
205.74395931179197
 30
0.0
 10
254.1317729094749
 20
205.58646419460447
 30
0.0
  0
SPLINE
  5
69
330
17
100
AcDbEntity
  8
ENGRAVE
100
AcDbSpline
 70
0
 71
2
 72
6
 73
3
 74
0
 40
0.0
 40
0.0
 40
0.0
 40
1.0
 40
1.0
 40
1.0
 10
254.90428267509992
 20
209.238978843042
 30
0.0
 10
254.78428755791242
 20
209.16397884304197
 30
0.0
 10
254.2142680266624
 20
209.16397884304197
 30
0.0
  0
SPLINE
  5
6A
330
17
100
AcDbEntity
  8
ENGRAVE
100
AcDbSpline
 70
0
 71
2
 72
6
 73
3
 74
0
 40
0.0
 40
0.0
 40
0.0
 40
1.0
 40
1.0
 40
1.0
 10
254.3342875579124
 20
205.24893978054197
 30
0.0
 10
254.3342875579124
 20
205.06895931179199
 30
0.0
 10
254.25928755791242
 20
204.82144954616697
 30
0.0
  0
SPLINE
  5
6B
330
17
100
AcDbEntity
  8
ENGRAVE
100
AcDbSpline
 70
0
 71
2
 72
6
 73
3
 74
0
 40
0.0
 40
0.0
 40
0.0
 40
1.0
 40
1.0
 40
1.0
 10
254.1317729094749
 20
205.58646419460447
 30
0.0
 10
254.27427779228742
 20
205.42896907741698
 30
0.0
 10
254.3342875579124
 20
205.24893978054197
 30
0.0
  0
SPLINE
  5
6C
330
17
100
AcDbEntity
  8
ENGRAVE
100
AcDbSpline
 70
0
 71
2
 72
6
 73
3
 74
0
 40
0.0
 40
0.0
 40
0.0
 40
1.0
 40
1.0
 40
1.0
 10
254.12427779228742
 20
210.18394954616699
 30
0.0
 10
254.5592875579124
 20
210.25894954616697
 30
0.0
 10
254.75428267509992
 20
210.093959311792
 30
0.0
  0
SPLINE
  5
6D
330
17
100
AcDbEntity
  8
ENGRAVE
100
AcDbSpline
 70
0
 71
2
 72
6
 73
3
 74
0
 40
0.0
 40
0.0
 40
0.0
 40
1.0
 40
1.0
 40
1.0
 10
255.0167826750999
 20
204.71646907741697
 30
0.0
 10
254.9492777922874
 20
204.843959311792
 30
0.0
 10
254.8892680266624
 20
204.90396907741697
 30
0.0
  0
SPLINE
  5
6E
330
17
100
AcDbEntity
  8
ENGRAVE
100
AcDbSpline
 70
0
 71
2
 72
6
 73
3
 74
0
 40
0.0
 40
0.0
 40
0.0
 40
1.0
 40
1.0
 40
1.0
 10
254.97925826103742
 20
209.67393978054199
 30
0.0
 10
255.02427779228742
 20
209.31397884304198
 30
0.0
 10
254.90428267509992
 20
209.238978843042
 30
0.0
  0
SPLINE
  5
6F
330
17
100
AcDbEntity
  8
ENGRAVE
100
AcDbSpline
 70
0
 71
2
 72
6
 73
3
 74
0
 40
0.0
 40
0.0
 40
0.0
 40
1.0
 40
1.0
 40
1.0
 10
254.8892680266624
 20
204.90396907741697
 30
0.0
 10
254.8142680266624
 20
204.99395931179197
 30
0.0
 10
254.9342631438499
 20
205.34644954616698
 30
0.0
  0
SPLINE
  5
70
330
17
100
AcDbEntity
  8
ENGRAVE
100
AcDbSpline
 70
0
 71
2
 72
6
 73
3
 74
0
 40
0.0
 40
0.0
 40
0.0
 40
1.0
 40
1.0
 40
1.0
 10
254.75428267509992
 20
210.093959311792
 30
0.0
 10
254.9492777922874
 20
209.92896907741698
 30
0.0
 10
254.97925826103742
 20
209.67393978054199
 30
0.0
  0
SPLINE
  5
71
330
17
100
AcDbEntity
  8
ENGRAVE
100
AcDbSpline
 70
0
 71
2
 72
6
 73
3
 74
0
 40
0.0
 40
0.0
 40
0.0
 40
1.0
 40
1.0
 40
1.0
 10
255.0842875579124
 20
204.52896907741697
 30
0.0
 10
255.0842875579124
 20
204.58897884304199
 30
0.0
 10
255.0167826750999
 20
204.71646907741697
 30
0.0
  0
SPLINE
  5
72
330
17
100
AcDbEntity
  8
ENGRAVE
100
AcDbSpline
 70
0
 71
2
 72
6
 73
3
 74
0
 40
0.0
 40
0.0
 40
0.0
 40
1.0
 40
1.0
 40
1.0
 10
255.2867777922874
 20
204.3489641946045
 30
0.0
 10
255.0842875579124
 20
204.468959311792
 30
0.0
 10
255.0842875579124
 20
204.52896907741697
 30
0.0
  0
SPLINE
  5
73
330
17
100
AcDbEntity
  8
ENGRAVE
100
AcDbSpline
 70
0
 71
2
 72
6
 73
3
 74
0
 40
0.0
 40
0.0
 40
0.0
 40
1.0
 40
1.0
 40
1.0
 10
255.5492777922874
 20
204.10894954616697
 30
0.0
 10
255.48926802666242
 20
204.228969077417
 30
0.0
 10
255.2867777922874
 20
204.3489641946045
 30
0.0
  0
SPLINE
  5
74
330
17
100
AcDbEntity
  8
ENGRAVE
100
AcDbSpline
 70
0
 71
2
 72
6
 73
3
 74
0
 40
0.0
 40
0.0
 40
0.0
 40
1.0
 40
1.0
 40
1.0
 10
254.9342631438499
 20
205.34644954616698
 30
0.0
 10
255.0542582610374
 20
205.698939780542
 30
0.0
 10
255.2942729094749
 20
206.208949546167
 30
0.0
  0
SPLINE
  5
75
330
17
100
AcDbEntity
  8
ENGRAVE
100
AcDbSpline
 70
0
 71
2
 72
6
 73
3
 74
0
 40
0.0
 40
0.0
 40
0.0
 40
1.0
 40
1.0
 40
1.0
 10
256.8167826750999
 20
204.10145442897948
 30
0.0
 10
256.0592875579124
 20
203.77896907741697
 30
0.0
 10
255.5492777922874
 20
204.10894954616697
 30
0.0
  0
SPLINE
  5
76
330
17
100
AcDbEntity
  8
ENGRAVE
100
AcDbSpline
 70
0
 71
2
 72
6
 73
3
 74
0
 40
0.0
 40
0.0
 40
0.0
 40
1.0
 40
1.0
 40
1.0
 10
255.2942729094749
 20
206.208949546167
 30
0.0
 10
255.5342875579124
 20
206.718959311792
 30
0.0
 10
255.8192484954124
 20
207.24395931179197
 30
0.0
  0
SPLINE
  5
77
330
17
100
AcDbEntity
  8
ENGRAVE
100
AcDbSpline
 70
0
 71
2
 72
6
 73
3
 74
0
 40
0.0
 40
0.0
 40
0.0
 40
1.0
 40
1.0
 40
1.0
 10
255.8192484954124
 20
207.24395931179197
 30
0.0
 10
255.9392680266624
 20
207.363978843042
 30
0.0
 10
256.0592631438499
 20
207.55897396022948
 30
0.0
  0
SPLINE
  5
78
330
17
100
AcDbEntity
  8
ENGRAVE
100
AcDbSpline
 70
0
 71
2
 72
6
 73
3
 74
0
 40
0.0
 40
0.0
 40
0.0
 40
1.0
 40
1.0
 40
1.0
 10
256.0592631438499
 20
207.55897396022948
 30
0.0
 10
256.1792582610374
 20
207.75396907741697
 30
0.0
 10
256.2392680266624
 20
207.81397884304198
 30
0.0
  0
SPLINE
  5
79
330
17
100
AcDbEntity
  8
ENGRAVE
100
AcDbSpline
 70
0
 71
2
 72
6
 73
3
 74
0
 40
0.0
 40
0.0
 40
0.0
 40
1.0
 40
1.0
 40
1.0
 10
256.2392680266624
 20
207.81397884304198
 30
0.0
 10
256.2392680266624
 20
207.87393978054197
 30
0.0
 10
256.2842631438499
 20
207.92645442897947
 30
0.0
  0
SPLINE
  5
7A
330
17
100
AcDbEntity
  8
ENGRAVE
100
AcDbSpline
 70
0
 71
2
 72
6
 73
3
 74
0
 40
0.0
 40
0.0
 40
0.0
 40
1.0
 40
1.0
 40
1.0
 10
256.4792826750999
 20
205.6614641946045
 30
0.0
 10
256.3742777922874
 20
205.353969077417
 30
0.0
 10
256.3742777922874
 20
205.353969077417
 30
0.0
  0
SPLINE
  5
7B
330
17
100
AcDbEntity
  8
ENGRAVE
100
AcDbSpline
 70
0
 71
2
 72
6
 73
3
 74
0
 40
0.0
 40
0.0
 40
0.0
 40
1.0
 40
1.0
 40
1.0
 10
256.2842631438499
 20
207.92645442897947
 30
0.0
 10
256.3292582610374
 20
207.978969077417
 30
0.0
 10
256.3892680266624
 20
207.978969077417
 30
0.0
  0
SPLINE
  5
7C
330
17
100
AcDbEntity
  8
ENGRAVE
100
AcDbSpline
 70
0
 71
2
 72
6
 73
3
 74
0
 40
0.0
 40
0.0
 40
0.0
 40
1.0
 40
1.0
 40
1.0
 10
256.7792582610374
 20
206.29893978054199
 30
0.0
 10
256.5842875579124
 20
205.968959311792
 30
0.0
 10
256.4792826750999
 20
205.6614641946045
 30
0.0
  0
SPLINE
  5
7D
330
17
100
AcDbEntity
  8
ENGRAVE
100
AcDbSpline
 70
0
 71
2
 72
6
 73
3
 74
0
 40
0.0
 40
0.0
 40
0.0
 40
1.0
 40
1.0
 40
1.0
 10
256.5092875579124
 20
208.218959311792
 30
0.0
 10
256.5392680266624
 20
208.27896907741697
 30
0.0
 10
256.6967631438499
 20
208.45897396022949
 30
0.0
  0
SPLINE
  5
7E
330
17
100
AcDbEntity
  8
ENGRAVE
100
AcDbSpline
 70
0
 71
2
 72
6
 73
3
 74
0
 40
0.0
 40
0.0
 40
0.0
 40
1.0
 40
1.0
 40
1.0
 10
256.3742777922874
 20
205.353969077417
 30
0.0
 10
256.4792582610374
 20
205.33897884304199
 30
0.0
 10
256.7042582610374
 20
205.46646907741697
 30
0.0
  0
SPLINE
  5
7F
330
17
100
AcDbEntity
  8
ENGRAVE
100
AcDbSpline
 70
0
 71
2
 72
6
 73
3
 74
0
 40
0.0
 40
0.0
 40
0.0
 40
1.0
 40
1.0
 40
1.0
 10
257.8517680266624
 20
207.896449546167
 30
0.0
 10
257.3942484954124
 20
207.34893978054197
 30
0.0
 10
256.7792582610374
 20
206.29893978054199
 30
0.0
  0
SPLINE
  5
80
330
17
100
AcDbEntity
  8
ENGRAVE
100
AcDbSpline
 70
0
 71
2
 72
6
 73
3
 74
0
 40
0.0
 40
0.0
 40
0.0
 40
1.0
 40
1.0
 40
1.0
 10
258.6392680266624
 20
205.50396907741697
 30
0.0
 10
257.5742777922874
 20
204.42393978054199
 30
0.0
 10
256.8167826750999
 20
204.10145442897948
 30
0.0
  0
SPLINE
  5
81
330
17
100
AcDbEntity
  8
ENGRAVE
100
AcDbSpline
 70
0
 71
2
 72
6
 73
3
 74
0
 40
0.0
 40
0.0
 40
0.0
 40
1.0
 40
1.0
 40
1.0
 10
256.6967631438499
 20
208.45897396022949
 30
0.0
 10
256.8542582610374
 20
208.63897884304197
 30
0.0
 10
257.0792582610374
 20
208.85645931179198
 30
0.0
  0
SPLINE
  5
82
330
17
100
AcDbEntity
  8
ENGRAVE
100
AcDbSpline
 70
0
 71
2
 72
6
 73
3
 74
0
 40
0.0
 40
0.0
 40
0.0
 40
1.0
 40
1.0
 40
1.0
 10
256.7042582610374
 20
205.46646907741697
 30
0.0
 10
256.9292582610374
 20
205.593959311792
 30
0.0
 10
257.3042582610374
 20
205.89395931179197
 30
0.0
  0
SPLINE
  5
83
330
17
100
AcDbEntity
  8
ENGRAVE
100
AcDbSpline
 70
0
 71
2
 72
6
 73
3
 74
0
 40
0.0
 40
0.0
 40
0.0
 40
1.0
 40
1.0
 40
1.0
 10
257.0792582610374
 20
208.85645931179198
 30
0.0
 10
257.3042582610374
 20
209.073939780542
 30
0.0
 10
257.5367533782249
 20
209.26895931179197
 30
0.0
  0
SPLINE
  5
84
330
17
100
AcDbEntity
  8
ENGRAVE
100
AcDbSpline
 70
0
 71
2
 72
6
 73
3
 74
0
 40
0.0
 40
0.0
 40
0.0
 40
1.0
 40
1.0
 40
1.0
 10
258.6092875579124
 20
208.44395931179199
 30
0.0
 10
258.3092875579124
 20
208.44395931179199
 30
0.0
 10
257.8517680266624
 20
207.896449546167
 30
0.0
  0
SPLINE
  5
85
330
17
100
AcDbEntity
  8
ENGRAVE
100
AcDbSpline
 70
0
 71
2
 72
6
 73
3
 74
0
 40
0.0
 40
0.0
 40
0.0
 40
1.0
 40
1.0
 40
1.0
 10
257.5367533782249
 20
209.26895931179197
 30
0.0
 10
257.7692484954124
 20
209.46397884304199
 30
0.0
 10
257.9192484954124
 20
209.55396907741698
 30
0.0
  0
SPLINE
  5
86
330
17
100
AcDbEntity
  8
ENGRAVE
100
AcDbSpline
 70
0
 71
2
 72
6
 73
3
 74
0
 40
0.0
 40
0.0
 40
0.0
 40
1.0
 40
1.0
 40
1.0
 10
257.3042582610374
 20
205.89395931179197
 30
0.0
 10
257.8142680266624
 20
206.32896907741699
 30
0.0
 10
258.1442729094749
 20
206.61395442897947
 30
0.0
  0
SPLINE
  5
87
330
17
100
AcDbEntity
  8
ENGRAVE
100
AcDbSpline
 70
0
 71
2
 72
6
 73
3
 74
0
 40
0.0
 40
0.0
 40
0.0
 40
1.0
 40
1.0
 40
1.0
 10
257.9192484954124
 20
209.55396907741698
 30
0.0
 10
258.2342875579124
 20
209.76397884304197
 30
0.0
 10
258.5717875579124
 20
209.74896419460447
 30
0.0
  0
SPLINE
  5
88
330
17
100
AcDbEntity
  8
ENGRAVE
100
AcDbSpline
 70
0
 71
2
 72
6
 73
3
 74
0
 40
0.0
 40
0.0
 40
0.0
 40
1.0
 40
1.0
 40
1.0
 10
258.8492533782249
 20
208.3389544289795
 30
0.0
 10
258.7292582610374
 20
208.44395931179199
 30
0.0
 10
258.6092875579124
 20
208.44395931179199
 30
0.0
  0
SPLINE
  5
89
330
17
100
AcDbEntity
  8
ENGRAVE
100
AcDbSpline
 70
0
 71
2
 72
6
 73
3
 74
0
 40
0.0
 40
0.0
 40
0.0
 40
1.0
 40
1.0
 40
1.0
 10
258.8267680266624
 20
205.70645931179197
 30
0.0
 10
258.7292582610374
 20
205.593959311792
 30
0.0
 10
258.6392680266624
 20
205.50396907741697
 30
0.0
  0
SPLINE
  5
8A
330
17
100
AcDbEntity
  8
ENGRAVE
100
AcDbSpline
 70
0
 71
2
 72
6
 73
3
 74
0
 40
0.0
 40
0.0
 40
0.0
 40
1.0
 40
1.0
 40
1.0
 10
258.1442729094749
 20
206.61395442897947
 30
0.0
 10
258.4742777922874
 20
206.89893978054198
 30
0.0
 10
258.7892680266624
 20
207.34893978054197
 30
0.0
  0
SPLINE
  5
8B
330
17
100
AcDbEntity
  8
ENGRAVE
100
AcDbSpline
 70
0
 71
2
 72
6
 73
3
 74
0
 40
0.0
 40
0.0
 40
0.0
 40
1.0
 40
1.0
 40
1.0
 10
258.9842875579124
 20
205.89395931179197
 30
0.0
 10
258.9242777922874
 20
205.81895931179199
 30
0.0
 10
258.8267680266624
 20
205.70645931179197
 30
0.0
  0
SPLINE
  5
8C
330
17
100
AcDbEntity
  8
ENGRAVE
100
AcDbSpline
 70
0
 71
2
 72
6
 73
3
 74
0
 40
0.0
 40
0.0
 40
0.0
 40
1.0
 40
1.0
 40
1.0
 10
259.1192484954124
 20
207.88897884304197
 30
0.0
 10
258.9692484954124
 20
208.23394954616697
 30
0.0
 10
258.8492533782249
 20
208.3389544289795
 30
0.0
  0
SPLINE
  5
8D
330
17
100
AcDbEntity
  8
ENGRAVE
100
AcDbSpline
 70
0
 71
2
 72
6
 73
3
 74
0
 40
0.0
 40
0.0
 40
0.0
 40
1.0
 40
1.0
 40
1.0
 10
259.0967631438499
 20
205.57144954616697
 30
0.0
 10
258.9992777922874
 20
205.81895931179199
 30
0.0
 10
258.9842875579124
 20
205.89395931179197
 30
0.0
  0
SPLINE
  5
8E
330
17
100
AcDbEntity
  8
ENGRAVE
100
AcDbSpline
 70
0
 71
2
 72
6
 73
3
 74
0
 40
0.0
 40
0.0
 40
0.0
 40
1.0
 40
1.0
 40
1.0
 10
259.2542582610374
 20
205.23394954616697
 30
0.0
 10
259.1942484954124
 20
205.323939780542
 30
0.0
 10
259.0967631438499
 20
205.57144954616697
 30
0.0
  0
SPLINE
  5
8F
330
17
100
AcDbEntity
  8
ENGRAVE
100
AcDbSpline
 70
0
 71
2
 72
6
 73
3
 74
0
 40
0.0
 40
0.0
 40
0.0
 40
1.0
 40
1.0
 40
1.0
 10
258.5717875579124
 20
209.74896419460447
 30
0.0
 10
258.9092875579124
 20
209.73394954616697
 30
0.0
 10
259.1492777922874
 20
209.53897884304197
 30
0.0
  0
SPLINE
  5
90
330
17
100
AcDbEntity
  8
ENGRAVE
100
AcDbSpline
 70
0
 71
2
 72
6
 73
3
 74
0
 40
0.0
 40
0.0
 40
0.0
 40
1.0
 40
1.0
 40
1.0
 10
260.0642680266624
 20
204.37896907741697
 30
0.0
 10
259.6142680266624
 20
204.54395931179198
 30
0.0
 10
259.2542582610374
 20
205.23394954616697
 30
0.0
  0
SPLINE
  5
91
330
17
100
AcDbEntity
  8
ENGRAVE
100
AcDbSpline
 70
0
 71
2
 72
6
 73
3
 74
0
 40
0.0
 40
0.0
 40
0.0
 40
1.0
 40
1.0
 40
1.0
 10
259.1492777922874
 20
209.53897884304197
 30
0.0
 10
259.1942484954124
 20
209.49395931179197
 30
0.0
 10
259.3517680266624
 20
209.35894954616697
 30
0.0
  0
SPLINE
  5
92
330
17
100
AcDbEntity
  8
ENGRAVE
100
AcDbSpline
 70
0
 71
2
 72
6
 73
3
 74
0
 40
0.0
 40
0.0
 40
0.0
 40
1.0
 40
1.0
 40
1.0
 10
259.3517680266624
 20
209.35894954616697
 30
0.0
 10
259.5092875579124
 20
209.22393978054197
 30
0.0
 10
259.7117777922874
 20
209.05894954616699
 30
0.0
  0
SPLINE
  5
93
330
17
100
AcDbEntity
  8
ENGRAVE
100
AcDbSpline
 70
0
 71
2
 72
6
 73
3
 74
0
 40
0.0
 40
0.0
 40
0.0
 40
1.0
 40
1.0
 40
1.0
 10
261.0092875579124
 20
204.27393978054198
 30
0.0
 10
260.5142680266624
 20
204.21397884304199
 30
0.0
 10
260.0642680266624
 20
204.37896907741697
 30
0.0
  0
SPLINE
  5
94
330
17
100
AcDbEntity
  8
ENGRAVE
100
AcDbSpline
 70
0
 71
2
 72
6
 73
3
 74
0
 40
0.0
 40
0.0
 40
0.0
 40
1.0
 40
1.0
 40
1.0
 10
259.7117777922874
 20
209.05894954616699
 30
0.0
 10
259.9142680266624
 20
208.89395931179197
 30
0.0
 10
260.0642680266624
 20
208.75894954616697
 30
0.0
  0
SPLINE
  5
95
330
17
100
AcDbEntity
  8
ENGRAVE
100
AcDbSpline
 70
0
 71
2
 72
6
 73
3
 74
0
 40
0.0
 40
0.0
 40
0.0
 40
1.0
 40
1.0
 40
1.0
 10
260.3642680266624
 20
207.51397884304197
 30
0.0
 10
260.1692484954124
 20
206.91397884304197
 30
0.0
 10
260.2592631438499
 20
206.46397884304199
 30
0.0
  0
SPLINE
  5
96
330
17
100
AcDbEntity
  8
ENGRAVE
100
AcDbSpline
 70
0
 71
2
 72
6
 73
3
 74
0
 40
0.0
 40
0.0
 40
0.0
 40
1.0
 40
1.0
 40
1.0
 10
260.2592631438499
 20
206.46397884304199
 30
0.0
 10
260.3492777922874
 20
206.01397884304197
 30
0.0
 10
260.5442484954124
 20
205.68394954616699
 30
0.0
  0
SPLINE
  5
97
330
17
100
AcDbEntity
  8
ENGRAVE
100
AcDbSpline
 70
0
 71
2
 72
6
 73
3
 74
0
 40
0.0
 40
0.0
 40
0.0
 40
1.0
 40
1.0
 40
1.0
 10
260.7542582610374
 20
200.71146419460447
 30
0.0
 10
260.6342387297874
 20
200.92896907741698
 30
0.0
 10
260.70923872978744
 20
201.31895931179199
 30
0.0
  0
SPLINE
  5
98
330
17
100
AcDbEntity
  8
ENGRAVE
100
AcDbSpline
 70
0
 71
2
 72
6
 73
3
 74
0
 40
0.0
 40
0.0
 40
0.0
 40
1.0
 40
1.0
 40
1.0
 10
260.9342387297874
 20
200.41895931179198
 30
0.0
 10
260.87427779228744
 20
200.49395931179197
 30
0.0
 10
260.7542582610374
 20
200.71146419460447
 30
0.0
  0
SPLINE
  5
99
330
17
100
AcDbEntity
  8
ENGRAVE
100
AcDbSpline
 70
0
 71
2
 72
6
 73
3
 74
0
 40
0.0
 40
0.0
 40
0.0
 40
1.0
 40
1.0
 40
1.0
 10
260.70923872978744
 20
201.31895931179199
 30
0.0
 10
260.78423872978743
 20
201.573939780542
 30
0.0
 10
260.8292582610374
 20
201.82144954616697
 30
0.0
  0
SPLINE
  5
9A
330
17
100
AcDbEntity
  8
ENGRAVE
100
AcDbSpline
 70
0
 71
2
 72
6
 73
3
 74
0
 40
0.0
 40
0.0
 40
0.0
 40
1.0
 40
1.0
 40
1.0
 10
260.8292582610374
 20
201.82144954616697
 30
0.0
 10
260.87427779228744
 20
202.06895931179199
 30
0.0
 10
260.87427779228744
 20
202.18897884304198
 30
0.0
  0
SPLINE
  5
9B
330
17
100
AcDbEntity
  8
ENGRAVE
100
AcDbSpline
 70
0
 71
2
 72
6
 73
3
 74
0
 40
0.0
 40
0.0
 40
0.0
 40
1.0
 40
1.0
 40
1.0
 10
260.87427779228744
 20
202.18897884304198
 30
0.0
 10
260.87427779228744
 20
202.24893978054197
 30
0.0
 10
260.9117777922874
 20
202.42144954616697
 30
0.0
  0
SPLINE
  5
9C
330
17
100
AcDbEntity
  8
ENGRAVE
100
AcDbSpline
 70
0
 71
2
 72
6
 73
3
 74
0
 40
0.0
 40
0.0
 40
0.0
 40
1.0
 40
1.0
 40
1.0
 10
261.1217387297874
 20
200.29144466335447
 30
0.0
 10
261.0092387297874
 20
200.28394954616698
 30
0.0
 10
260.9342387297874
 20
200.41895931179198
 30
0.0
  0
SPLINE
  5
9D
330
17
100
AcDbEntity
  8
ENGRAVE
100
AcDbSpline
 70
0
 71
2
 72
6
 73
3
 74
0
 40
0.0
 40
0.0
 40
0.0
 40
1.0
 40
1.0
 40
1.0
 10
260.9117777922874
 20
202.42144954616697
 30
0.0
 10
260.94927779228743
 20
202.593959311792
 30
0.0
 10
260.94927779228743
 20
202.66895931179198
 30
0.0
  0
SPLINE
  5
9E
330
17
100
AcDbEntity
  8
ENGRAVE
100
AcDbSpline
 70
0
 71
2
 72
6
 73
3
 74
0
 40
0.0
 40
0.0
 40
0.0
 40
1.0
 40
1.0
 40
1.0
 10
261.2867777922874
 20
204.46146419460447
 30
0.0
 10
261.1592875579124
 20
204.30396907741698
 30
0.0
 10
261.0092875579124
 20
204.27393978054198
 30
0.0
  0
SPLINE
  5
9F
330
17
100
AcDbEntity
  8
ENGRAVE
100
AcDbSpline
 70
0
 71
2
 72
6
 73
3
 74
0
 40
0.0
 40
0.0
 40
0.0
 40
1.0
 40
1.0
 40
1.0
 10
260.94927779228743
 20
202.66895931179198
 30
0.0
 10
261.0242777922874
 20
202.78897884304197
 30
0.0
 10
261.06927290947493
 20
202.99896419460447
 30
0.0
  0
SPLINE
  5
A0
330
17
100
AcDbEntity
  8
ENGRAVE
100
AcDbSpline
 70
0
 71
2
 72
6
 73
3
 74
0
 40
0.0
 40
0.0
 40
0.0
 40
1.0
 40
1.0
 40
1.0
 10
260.5442484954124
 20
205.68394954616699
 30
0.0
 10
260.6942484954124
 20
205.36895931179197
 30
0.0
 10
261.0842875579124
 20
205.30894954616699
 30
0.0
  0
SPLINE
  5
A1
330
17
100
AcDbEntity
  8
ENGRAVE
100
AcDbSpline
 70
0
 71
2
 72
6
 73
3
 74
0
 40
0.0
 40
0.0
 40
0.0
 40
1.0
 40
1.0
 40
1.0
 10
261.06927290947493
 20
202.99896419460447
 30
0.0
 10
261.11426802666244
 20
203.208949546167
 30
0.0
 10
261.11426802666244
 20
203.37393978054197
 30
0.0
  0
SPLINE
  5
A2
330
17
100
AcDbEntity
  8
ENGRAVE
100
AcDbSpline
 70
0
 71
2
 72
6
 73
3
 74
0
 40
0.0
 40
0.0
 40
0.0
 40
1.0
 40
1.0
 40
1.0
 10
261.29424849541243
 20
200.29893978054199
 30
0.0
 10
261.2342387297874
 20
200.29893978054199
 30
0.0
 10
261.1217387297874
 20
200.29144466335447
 30
0.0
  0
SPLINE
  5
A3
330
17
100
AcDbEntity
  8
ENGRAVE
100
AcDbSpline
 70
0
 71
2
 72
6
 73
3
 74
0
 40
0.0
 40
0.0
 40
0.0
 40
1.0
 40
1.0
 40
1.0
 10
261.4142680266624
 20
204.978969077417
 30
0.0
 10
261.4142680266624
 20
204.61895931179197
 30
0.0
 10
261.2867777922874
 20
204.46146419460447
 30
0.0
  0
SPLINE
  5
A4
330
17
100
AcDbEntity
  8
ENGRAVE
100
AcDbSpline
 70
0
 71
2
 72
6
 73
3
 74
0
 40
0.0
 40
0.0
 40
0.0
 40
1.0
 40
1.0
 40
1.0
 10
261.69927779228743
 20
200.57645442897947
 30
0.0
 10
261.4742777922874
 20
200.29893978054199
 30
0.0
 10
261.29424849541243
 20
200.29893978054199
 30
0.0
  0
SPLINE
  5
A5
330
17
100
AcDbEntity
  8
ENGRAVE
100
AcDbSpline
 70
0
 71
2
 72
6
 73
3
 74
0
 40
0.0
 40
0.0
 40
0.0
 40
1.0
 40
1.0
 40
1.0
 10
261.11426802666244
 20
203.37393978054197
 30
0.0
 10
261.11426802666244
 20
203.55396907741698
 30
0.0
 10
261.29424849541243
 20
203.70396907741699
 30
0.0
  0
SPLINE
  5
A6
330
17
100
AcDbEntity
  8
ENGRAVE
100
AcDbSpline
 70
0
 71
2
 72
6
 73
3
 74
0
 40
0.0
 40
0.0
 40
0.0
 40
1.0
 40
1.0
 40
1.0
 10
261.0842875579124
 20
205.30894954616699
 30
0.0
 10
261.2042582610374
 20
205.29395931179198
 30
0.0
 10
261.3092631438499
 20
205.218959311792
 30
0.0
  0
SPLINE
  5
A7
330
17
100
AcDbEntity
  8
ENGRAVE
100
AcDbSpline
 70
0
 71
2
 72
6
 73
3
 74
0
 40
0.0
 40
0.0
 40
0.0
 40
1.0
 40
1.0
 40
1.0
 10
261.29424849541243
 20
203.70396907741699
 30
0.0
 10
261.29424849541243
 20
203.823939780542
 30
0.0
 10
261.3467631438499
 20
204.00394466335447
 30
0.0
  0
SPLINE
  5
A8
330
17
100
AcDbEntity
  8
ENGRAVE
100
AcDbSpline
 70
0
 71
2
 72
6
 73
3
 74
0
 40
0.0
 40
0.0
 40
0.0
 40
1.0
 40
1.0
 40
1.0
 10
261.3467631438499
 20
204.00394466335447
 30
0.0
 10
261.3992777922874
 20
204.18394954616699
 30
0.0
 10
261.3992777922874
 20
204.24395931179197
 30
0.0
  0
SPLINE
  5
A9
330
17
100
AcDbEntity
  8
ENGRAVE
100
AcDbSpline
 70
0
 71
2
 72
6
 73
3
 74
0
 40
0.0
 40
0.0
 40
0.0
 40
1.0
 40
1.0
 40
1.0
 10
261.3092631438499
 20
205.218959311792
 30
0.0
 10
261.4142680266624
 20
205.14395931179197
 30
0.0
 10
261.4142680266624
 20
204.978969077417
 30
0.0
  0
SPLINE
  5
AA
330
17
100
AcDbEntity
  8
ENGRAVE
100
AcDbSpline
 70
0
 71
2
 72
6
 73
3
 74
0
 40
0.0
 40
0.0
 40
0.0
 40
1.0
 40
1.0
 40
1.0
 10
261.3992777922874
 20
204.24395931179197
 30
0.0
 10
261.4442484954124
 20
204.45396907741699
 30
0.0
 10
261.60174361259993
 20
204.98646419460448
 30
0.0
  0
SPLINE
  5
AB
330
17
100
AcDbEntity
  8
ENGRAVE
100
AcDbSpline
 70
0
 71
2
 72
6
 73
3
 74
0
 40
0.0
 40
0.0
 40
0.0
 40
1.0
 40
1.0
 40
1.0
 10
261.93926802666243
 20
201.228969077417
 30
0.0
 10
261.9242777922874
 20
200.853969077417
 30
0.0
 10
261.69927779228743
 20
200.57645442897947
 30
0.0
  0
SPLINE
  5
AC
330
17
100
AcDbEntity
  8
ENGRAVE
100
AcDbSpline
 70
0
 71
2
 72
6
 73
3
 74
0
 40
0.0
 40
0.0
 40
0.0
 40
1.0
 40
1.0
 40
1.0
 10
261.9542582610374
 20
201.47645442897948
 30
0.0
 10
261.93926802666243
 20
201.30396907741698
 30
0.0
 10
261.93926802666243
 20
201.228969077417
 30
0.0
  0
SPLINE
  5
AD
330
17
100
AcDbEntity
  8
ENGRAVE
100
AcDbSpline
 70
0
 71
2
 72
6
 73
3
 74
0
 40
0.0
 40
0.0
 40
0.0
 40
1.0
 40
1.0
 40
1.0
 10
262.0292582610374
 20
201.66397884304197
 30
0.0
 10
261.96924849541244
 20
201.64893978054198
 30
0.0
 10
261.9542582610374
 20
201.47645442897948
 30
0.0
  0
SPLINE
  5
AE
330
17
100
AcDbEntity
  8
ENGRAVE
100
AcDbSpline
 70
0
 71
2
 72
6
 73
3
 74
0
 40
0.0
 40
0.0
 40
0.0
 40
1.0
 40
1.0
 40
1.0
 10
261.60174361259993
 20
204.98646419460448
 30
0.0
 10
261.7592387297874
 20
205.51895931179197
 30
0.0
 10
261.99175826103743
 20
206.19395931179199
 30
0.0
  0
SPLINE
  5
AF
330
17
100
AcDbEntity
  8
ENGRAVE
100
AcDbSpline
 70
0
 71
2
 72
6
 73
3
 74
0
 40
0.0
 40
0.0
 40
0.0
 40
1.0
 40
1.0
 40
1.0
 10
262.1417582610374
 20
201.83646419460447
 30
0.0
 10
262.0892680266624
 20
201.66397884304197
 30
0.0
 10
262.0292582610374
 20
201.66397884304197
 30
0.0
  0
SPLINE
  5
B0
330
17
100
AcDbEntity
  8
ENGRAVE
100
AcDbSpline
 70
0
 71
2
 72
6
 73
3
 74
0
 40
0.0
 40
0.0
 40
0.0
 40
1.0
 40
1.0
 40
1.0
 10
262.1942484954124
 20
202.18897884304198
 30
0.0
 10
262.1942484954124
 20
202.00894954616697
 30
0.0
 10
262.1417582610374
 20
201.83646419460447
 30
0.0
  0
SPLINE
  5
B1
330
17
100
AcDbEntity
  8
ENGRAVE
100
AcDbSpline
 70
0
 71
2
 72
6
 73
3
 74
0
 40
0.0
 40
0.0
 40
0.0
 40
1.0
 40
1.0
 40
1.0
 10
262.29925337822493
 20
202.54896419460448
 30
0.0
 10
262.2542582610374
 20
202.30894954616699
 30
0.0
 10
262.1942484954124
 20
202.18897884304198
 30
0.0
  0
SPLINE
  5
B2
330
17
100
AcDbEntity
  8
ENGRAVE
100
AcDbSpline
 70
0
 71
2
 72
6
 73
3
 74
0
 40
0.0
 40
0.0
 40
0.0
 40
1.0
 40
1.0
 40
1.0
 10
262.34424849541244
 20
202.90894954616698
 30
0.0
 10
262.34424849541244
 20
202.78897884304197
 30
0.0
 10
262.29925337822493
 20
202.54896419460448
 30
0.0
  0
SPLINE
  5
B3
330
17
100
AcDbEntity
  8
ENGRAVE
100
AcDbSpline
 70
0
 71
2
 72
6
 73
3
 74
0
 40
0.0
 40
0.0
 40
0.0
 40
1.0
 40
1.0
 40
1.0
 10
262.4267436125999
 20
203.20145442897947
 30
0.0
 10
262.41924849541243
 20
203.02896907741697
 30
0.0
 10
262.34424849541244
 20
202.90894954616698
 30
0.0
  0
SPLINE
  5
B4
330
17
100
AcDbEntity
  8
ENGRAVE
100
AcDbSpline
 70
0
 71
2
 72
6
 73
3
 74
0
 40
0.0
 40
0.0
 40
0.0
 40
1.0
 40
1.0
 40
1.0
 10
262.4342387297874
 20
203.53897884304197
 30
0.0
 10
262.4342387297874
 20
203.53897884304197
 30
0.0
 10
262.4042582610374
 20
203.49395931179197
 30
0.0
  0
SPLINE
  5
B5
330
17
100
AcDbEntity
  8
ENGRAVE
100
AcDbSpline
 70
0
 71
2
 72
6
 73
3
 74
0
 40
0.0
 40
0.0
 40
0.0
 40
1.0
 40
1.0
 40
1.0
 10
262.4342387297874
 20
203.37393978054197
 30
0.0
 10
262.4342387297874
 20
203.37393978054197
 30
0.0
 10
262.4267436125999
 20
203.20145442897947
 30
0.0
  0
SPLINE
  5
B6
330
17
100
AcDbEntity
  8
ENGRAVE
100
AcDbSpline
 70
0
 71
2
 72
6
 73
3
 74
0
 40
0.0
 40
0.0
 40
0.0
 40
1.0
 40
1.0
 40
1.0
 10
262.4042582610374
 20
203.49395931179197
 30
0.0
 10
262.37427779228744
 20
203.448939780542
 30
0.0
 10
262.4342387297874
 20
203.37393978054197
 30
0.0
  0
SPLINE
  5
B7
330
17
100
AcDbEntity
  8
ENGRAVE
100
AcDbSpline
 70
0
 71
2
 72
6
 73
3
 74
0
 40
0.0
 40
0.0
 40
0.0
 40
1.0
 40
1.0
 40
1.0
 10
262.59925337822494
 20
203.69647396022947
 30
0.0
 10
262.5092387297874
 20
203.53897884304197
 30
0.0
 10
262.4342387297874
 20
203.53897884304197
 30
0.0
  0
SPLINE
  5
B8
330
17
100
AcDbEntity
  8
ENGRAVE
100
AcDbSpline
 70
0
 71
2
 72
6
 73
3
 74
0
 40
0.0
 40
0.0
 40
0.0
 40
1.0
 40
1.0
 40
1.0
 10
261.99175826103743
 20
206.19395931179199
 30
0.0
 10
262.2242777922874
 20
206.86895931179197
 30
0.0
 10
262.44927779228743
 20
207.51395442897947
 30
0.0
  0
SPLINE
  5
B9
330
17
100
AcDbEntity
  8
ENGRAVE
100
AcDbSpline
 70
0
 71
2
 72
6
 73
3
 74
0
 40
0.0
 40
0.0
 40
0.0
 40
1.0
 40
1.0
 40
1.0
 10
262.75677290947493
 20
204.04896419460448
 30
0.0
 10
262.68926802666243
 20
203.853969077417
 30
0.0
 10
262.59925337822494
 20
203.69647396022947
 30
0.0
  0
SPLINE
  5
BA
330
17
100
AcDbEntity
  8
ENGRAVE
100
AcDbSpline
 70
0
 71
2
 72
6
 73
3
 74
0
 40
0.0
 40
0.0
 40
0.0
 40
1.0
 40
1.0
 40
1.0
 10
262.82427779228743
 20
204.333949546167
 30
0.0
 10
262.82427779228743
 20
204.24395931179197
 30
0.0
 10
262.75677290947493
 20
204.04896419460448
 30
0.0
  0
SPLINE
  5
BB
330
17
100
AcDbEntity
  8
ENGRAVE
100
AcDbSpline
 70
0
 71
2
 72
6
 73
3
 74
0
 40
0.0
 40
0.0
 40
0.0
 40
1.0
 40
1.0
 40
1.0
 10
262.8617777922874
 20
204.43895442897949
 30
0.0
 10
262.82427779228743
 20
204.37896907741697
 30
0.0
 10
262.82427779228743
 20
204.333949546167
 30
0.0
  0
SPLINE
  5
BC
330
17
100
AcDbEntity
  8
ENGRAVE
100
AcDbSpline
 70
0
 71
2
 72
6
 73
3
 74
0
 40
0.0
 40
0.0
 40
0.0
 40
1.0
 40
1.0
 40
1.0
 10
262.44927779228743
 20
207.51395442897947
 30
0.0
 10
262.6742777922874
 20
208.15894954616698
 30
0.0
 10
262.85425826103744
 20
208.60894954616697
 30
0.0
  0
SPLINE
  5
BD
330
17
100
AcDbEntity
  8
ENGRAVE
100
AcDbSpline
 70
0
 71
2
 72
6
 73
3
 74
0
 40
0.0
 40
0.0
 40
0.0
 40
1.0
 40
1.0
 40
1.0
 10
262.92925826103743
 20
204.52896907741697
 30
0.0
 10
262.8992777922874
 20
204.49893978054197
 30
0.0
 10
262.8617777922874
 20
204.43895442897949
 30
0.0
  0
SPLINE
  5
BE
330
17
100
AcDbEntity
  8
ENGRAVE
100
AcDbSpline
 70
0
 71
2
 72
6
 73
3
 74
0
 40
0.0
 40
0.0
 40
0.0
 40
1.0
 40
1.0
 40
1.0
 10
263.3792582610374
 20
204.40894954616698
 30
0.0
 10
263.06426802666243
 20
204.40894954616698
 30
0.0
 10
262.92925826103743
 20
204.52896907741697
 30
0.0
  0
SPLINE
  5
BF
330
17
100
AcDbEntity
  8
ENGRAVE
100
AcDbSpline
 70
0
 71
2
 72
6
 73
3
 74
0
 40
0.0
 40
0.0
 40
0.0
 40
1.0
 40
1.0
 40
1.0
 10
263.38677779228743
 20
206.44146907741697
 30
0.0
 10
263.19927779228743
 20
206.08897884304199
 30
0.0
 10
263.1392680266624
 20
205.81895931179199
 30
0.0
  0
SPLINE
  5
C0
330
17
100
AcDbEntity
  8
ENGRAVE
100
AcDbSpline
 70
0
 71
2
 72
6
 73
3
 74
0
 40
0.0
 40
0.0
 40
0.0
 40
1.0
 40
1.0
 40
1.0
 10
262.85425826103744
 20
208.60894954616697
 30
0.0
 10
263.03423872978743
 20
209.02896907741697
 30
0.0
 10
263.1542582610374
 20
209.38895442897947
 30
0.0
  0
SPLINE
  5
C1
330
17
100
AcDbEntity
  8
ENGRAVE
100
AcDbSpline
 70
0
 71
2
 72
6
 73
3
 74
0
 40
0.0
 40
0.0
 40
0.0
 40
1.0
 40
1.0
 40
1.0
 10
263.3281895781269
 20
183.1129139070742
 30
0.0
 10
263.2606846953144
 20
183.2404041414492
 30
0.0
 10
263.2006749296894
 20
183.3004139070742
 30
0.0
  0
SPLINE
  5
C2
330
17
100
AcDbEntity
  8
ENGRAVE
100
AcDbSpline
 70
0
 71
2
 72
6
 73
3
 74
0
 40
0.0
 40
0.0
 40
0.0
 40
1.0
 40
1.0
 40
1.0
 10
263.1392680266624
 20
205.81895931179199
 30
0.0
 10
263.0792582610374
 20
205.54893978054199
 30
0.0
 10
263.2142680266624
 20
205.54893978054199
 30
0.0
  0
SPLINE
  5
C3
330
17
100
AcDbEntity
  8
ENGRAVE
100
AcDbSpline
 70
0
 71
2
 72
6
 73
3
 74
0
 40
0.0
 40
0.0
 40
0.0
 40
1.0
 40
1.0
 40
1.0
 10
263.2006749296894
 20
183.3004139070742
 30
0.0
 10
263.1256749296894
 20
183.39040414144918
 30
0.0
 10
263.2456700468769
 20
183.7428943758242
 30
0.0
  0
SPLINE
  5
C4
330
17
100
AcDbEntity
  8
ENGRAVE
100
AcDbSpline
 70
0
 71
2
 72
6
 73
3
 74
0
 40
0.0
 40
0.0
 40
0.0
 40
1.0
 40
1.0
 40
1.0
 10
263.1542582610374
 20
209.38895442897947
 30
0.0
 10
263.2742777922874
 20
209.74893978054197
 30
0.0
 10
263.2742777922874
 20
209.89893978054198
 30
0.0
  0
SPLINE
  5
C5
330
17
100
AcDbEntity
  8
ENGRAVE
100
AcDbSpline
 70
0
 71
2
 72
6
 73
3
 74
0
 40
0.0
 40
0.0
 40
0.0
 40
1.0
 40
1.0
 40
1.0
 10
263.2742777922874
 20
209.89893978054198
 30
0.0
 10
263.2742777922874
 20
209.958949546167
 30
0.0
 10
263.30425826103743
 20
209.99644954616699
 30
0.0
  0
SPLINE
  5
C6
330
17
100
AcDbEntity
  8
ENGRAVE
100
AcDbSpline
 70
0
 71
2
 72
6
 73
3
 74
0
 40
0.0
 40
0.0
 40
0.0
 40
1.0
 40
1.0
 40
1.0
 10
263.3956944609394
 20
182.9254139070742
 30
0.0
 10
263.3956944609394
 20
182.9854236726992
 30
0.0
 10
263.3281895781269
 20
183.1129139070742
 30
0.0
  0
SPLINE
  5
C7
330
17
100
AcDbEntity
  8
ENGRAVE
100
AcDbSpline
 70
0
 71
2
 72
6
 73
3
 74
0
 40
0.0
 40
0.0
 40
0.0
 40
1.0
 40
1.0
 40
1.0
 10
263.9042582610374
 20
204.48394954616697
 30
0.0
 10
263.6192484954124
 20
204.40894954616698
 30
0.0
 10
263.3792582610374
 20
204.40894954616698
 30
0.0
  0
SPLINE
  5
C8
330
17
100
AcDbEntity
  8
ENGRAVE
100
AcDbSpline
 70
0
 71
2
 72
6
 73
3
 74
0
 40
0.0
 40
0.0
 40
0.0
 40
1.0
 40
1.0
 40
1.0
 10
263.81426802666243
 20
207.04893978054199
 30
0.0
 10
263.57427779228743
 20
206.79395931179198
 30
0.0
 10
263.38677779228743
 20
206.44146907741697
 30
0.0
  0
SPLINE
  5
C9
330
17
100
AcDbEntity
  8
ENGRAVE
100
AcDbSpline
 70
0
 71
2
 72
6
 73
3
 74
0
 40
0.0
 40
0.0
 40
0.0
 40
1.0
 40
1.0
 40
1.0
 10
263.5981846953144
 20
182.7454090242617
 30
0.0
 10
263.3956944609394
 20
182.8654041414492
 30
0.0
 10
263.3956944609394
 20
182.9254139070742
 30
0.0
  0
SPLINE
  5
CA
330
17
100
AcDbEntity
  8
ENGRAVE
100
AcDbSpline
 70
0
 71
2
 72
6
 73
3
 74
0
 40
0.0
 40
0.0
 40
0.0
 40
1.0
 40
1.0
 40
1.0
 10
263.30425826103743
 20
209.99644954616699
 30
0.0
 10
263.33423872978744
 20
210.03394954616698
 30
0.0
 10
263.43926802666243
 20
210.15396907741697
 30
0.0
  0
SPLINE
  5
CB
330
17
100
AcDbEntity
  8
ENGRAVE
100
AcDbSpline
 70
0
 71
2
 72
6
 73
3
 74
0
 40
0.0
 40
0.0
 40
0.0
 40
1.0
 40
1.0
 40
1.0
 10
263.86068469531443
 20
182.50539437582418
 30
0.0
 10
263.8006749296894
 20
182.6254139070742
 30
0.0
 10
263.5981846953144
 20
182.7454090242617
 30
0.0
  0
SPLINE
  5
CC
330
17
100
AcDbEntity
  8
ENGRAVE
100
AcDbSpline
 70
0
 71
2
 72
6
 73
3
 74
0
 40
0.0
 40
0.0
 40
0.0
 40
1.0
 40
1.0
 40
1.0
 10
263.2456700468769
 20
183.7428943758242
 30
0.0
 10
263.3656651640644
 20
184.0953846101992
 30
0.0
 10
263.60567981250193
 20
184.6053943758242
 30
0.0
  0
SPLINE
  5
CD
330
17
100
AcDbEntity
  8
ENGRAVE
100
AcDbSpline
 70
0
 71
2
 72
6
 73
3
 74
0
 40
0.0
 40
0.0
 40
0.0
 40
1.0
 40
1.0
 40
1.0
 10
263.2142680266624
 20
205.54893978054199
 30
0.0
 10
263.33423872978744
 20
205.54893978054199
 30
0.0
 10
263.6492533782249
 20
205.65394466335448
 30
0.0
  0
SPLINE
  5
CE
330
17
100
AcDbEntity
  8
ENGRAVE
100
AcDbSpline
 70
0
 71
2
 72
6
 73
3
 74
0
 40
0.0
 40
0.0
 40
0.0
 40
1.0
 40
1.0
 40
1.0
 10
264.7592631438499
 20
207.73895442897947
 30
0.0
 10
264.29424849541243
 20
207.52896907741697
 30
0.0
 10
263.81426802666243
 20
207.04893978054199
 30
0.0
  0
SPLINE
  5
CF
330
17
100
AcDbEntity
  8
ENGRAVE
100
AcDbSpline
 70
0
 71
2
 72
6
 73
3
 74
0
 40
0.0
 40
0.0
 40
0.0
 40
1.0
 40
1.0
 40
1.0
 10
263.43926802666243
 20
210.15396907741697
 30
0.0
 10
263.5892680266624
 20
210.30396907741698
 30
0.0
 10
263.8367533782249
 20
210.26646907741699
 30
0.0
  0
SPLINE
  5
D0
330
17
100
AcDbEntity
  8
ENGRAVE
100
AcDbSpline
 70
0
 71
2
 72
6
 73
3
 74
0
 40
0.0
 40
0.0
 40
0.0
 40
1.0
 40
1.0
 40
1.0
 10
265.1281895781269
 20
182.4978992586367
 30
0.0
 10
264.37069446093943
 20
182.1754139070742
 30
0.0
 10
263.86068469531443
 20
182.50539437582418
 30
0.0
  0
SPLINE
  5
D1
330
17
100
AcDbEntity
  8
ENGRAVE
100
AcDbSpline
 70
0
 71
2
 72
6
 73
3
 74
0
 40
0.0
 40
0.0
 40
0.0
 40
1.0
 40
1.0
 40
1.0
 10
264.3992533782249
 20
204.64896419460447
 30
0.0
 10
264.18926802666243
 20
204.55894954616699
 30
0.0
 10
263.9042582610374
 20
204.48394954616697
 30
0.0
  0
SPLINE
  5
D2
330
17
100
AcDbEntity
  8
ENGRAVE
100
AcDbSpline
 70
0
 71
2
 72
6
 73
3
 74
0
 40
0.0
 40
0.0
 40
0.0
 40
1.0
 40
1.0
 40
1.0
 10
264.12176314384993
 20
208.55645931179197
 30
0.0
 10
264.0392680266624
 20
208.44395931179199
 30
0.0
 10
264.0692484954124
 20
208.458949546167
 30
0.0
  0
SPLINE
  5
D3
330
17
100
AcDbEntity
  8
ENGRAVE
100
AcDbSpline
 70
0
 71
2
 72
6
 73
3
 74
0
 40
0.0
 40
0.0
 40
0.0
 40
1.0
 40
1.0
 40
1.0
 10
264.30926314384993
 20
208.85645931179198
 30
0.0
 10
264.2042582610374
 20
208.66895931179198
 30
0.0
 10
264.12176314384993
 20
208.55645931179197
 30
0.0
  0
SPLINE
  5
D4
330
17
100
AcDbEntity
  8
ENGRAVE
100
AcDbSpline
 70
0
 71
2
 72
6
 73
3
 74
0
 40
0.0
 40
0.0
 40
0.0
 40
1.0
 40
1.0
 40
1.0
 10
263.60567981250193
 20
184.6053943758242
 30
0.0
 10
263.8456944609394
 20
185.1154041414492
 30
0.0
 10
264.1306553984394
 20
185.64040414144918
 30
0.0
  0
SPLINE
  5
D5
330
17
100
AcDbEntity
  8
ENGRAVE
100
AcDbSpline
 70
0
 71
2
 72
6
 73
3
 74
0
 40
0.0
 40
0.0
 40
0.0
 40
1.0
 40
1.0
 40
1.0
 10
263.8367533782249
 20
210.26646907741699
 30
0.0
 10
264.08423872978744
 20
210.228969077417
 30
0.0
 10
264.24927779228744
 20
210.10894954616697
 30
0.0
  0
SPLINE
  5
D6
330
17
100
AcDbEntity
  8
ENGRAVE
100
AcDbSpline
 70
0
 71
2
 72
6
 73
3
 74
0
 40
0.0
 40
0.0
 40
0.0
 40
1.0
 40
1.0
 40
1.0
 10
263.6492533782249
 20
205.65394466335448
 30
0.0
 10
263.9642680266624
 20
205.75894954616697
 30
0.0
 10
264.30926314384993
 20
205.91644466335447
 30
0.0
  0
SPLINE
  5
D7
330
17
100
AcDbEntity
  8
ENGRAVE
100
AcDbSpline
 70
0
 71
2
 72
6
 73
3
 74
0
 40
0.0
 40
0.0
 40
0.0
 40
1.0
 40
1.0
 40
1.0
 10
264.4142680266624
 20
209.26895931179197
 30
0.0
 10
264.4142680266624
 20
209.04395931179198
 30
0.0
 10
264.30926314384993
 20
208.85645931179198
 30
0.0
  0
SPLINE
  5
D8
330
17
100
AcDbEntity
  8
ENGRAVE
100
AcDbSpline
 70
0
 71
2
 72
6
 73
3
 74
0
 40
0.0
 40
0.0
 40
0.0
 40
1.0
 40
1.0
 40
1.0
 10
264.1306553984394
 20
185.64040414144918
 30
0.0
 10
264.2506749296894
 20
185.7604236726992
 30
0.0
 10
264.3706700468769
 20
185.9554187898867
 30
0.0
  0
SPLINE
  5
D9
330
17
100
AcDbEntity
  8
ENGRAVE
100
AcDbSpline
 70
0
 71
2
 72
6
 73
3
 74
0
 40
0.0
 40
0.0
 40
0.0
 40
1.0
 40
1.0
 40
1.0
 10
264.6092387297874
 20
204.76895931179197
 30
0.0
 10
264.6092387297874
 20
204.738978843042
 30
0.0
 10
264.3992533782249
 20
204.64896419460447
 30
0.0
  0
SPLINE
  5
DA
330
17
100
AcDbEntity
  8
ENGRAVE
100
AcDbSpline
 70
0
 71
2
 72
6
 73
3
 74
0
 40
0.0
 40
0.0
 40
0.0
 40
1.0
 40
1.0
 40
1.0
 10
264.42176314384994
 20
209.75645931179199
 30
0.0
 10
264.4742777922874
 20
209.59893978054197
 30
0.0
 10
264.4142680266624
 20
209.26895931179197
 30
0.0
  0
SPLINE
  5
DB
330
17
100
AcDbEntity
  8
ENGRAVE
100
AcDbSpline
 70
0
 71
2
 72
6
 73
3
 74
0
 40
0.0
 40
0.0
 40
0.0
 40
1.0
 40
1.0
 40
1.0
 10
264.24927779228744
 20
210.10894954616697
 30
0.0
 10
264.3692484954124
 20
209.91397884304197
 30
0.0
 10
264.42176314384994
 20
209.75645931179199
 30
0.0
  0
SPLINE
  5
DC
330
17
100
AcDbEntity
  8
ENGRAVE
100
AcDbSpline
 70
0
 71
2
 72
6
 73
3
 74
0
 40
0.0
 40
0.0
 40
0.0
 40
1.0
 40
1.0
 40
1.0
 10
264.3706700468769
 20
185.9554187898867
 30
0.0
 10
264.4906651640644
 20
186.15041390707418
 30
0.0
 10
264.5506749296894
 20
186.2104236726992
 30
0.0
  0
SPLINE
  5
DD
330
17
100
AcDbEntity
  8
ENGRAVE
100
AcDbSpline
 70
0
 71
2
 72
6
 73
3
 74
0
 40
0.0
 40
0.0
 40
0.0
 40
1.0
 40
1.0
 40
1.0
 10
264.5506749296894
 20
186.2104236726992
 30
0.0
 10
264.5506749296894
 20
186.2703846101992
 30
0.0
 10
264.59567004687693
 20
186.32289925863668
 30
0.0
  0
SPLINE
  5
DE
330
17
100
AcDbEntity
  8
ENGRAVE
100
AcDbSpline
 70
0
 71
2
 72
6
 73
3
 74
0
 40
0.0
 40
0.0
 40
0.0
 40
1.0
 40
1.0
 40
1.0
 10
264.64673872978744
 20
204.87396419460447
 30
0.0
 10
264.6092387297874
 20
204.843959311792
 30
0.0
 10
264.6092387297874
 20
204.76895931179197
 30
0.0
  0
SPLINE
  5
DF
330
17
100
AcDbEntity
  8
ENGRAVE
100
AcDbSpline
 70
0
 71
2
 72
6
 73
3
 74
0
 40
0.0
 40
0.0
 40
0.0
 40
1.0
 40
1.0
 40
1.0
 10
264.6842387297874
 20
204.90396907741697
 30
0.0
 10
264.6842387297874
 20
204.90396907741697
 30
0.0
 10
264.64673872978744
 20
204.87396419460447
 30
0.0
  0
SPLINE
  5
E0
330
17
100
AcDbEntity
  8
ENGRAVE
100
AcDbSpline
 70
0
 71
2
 72
6
 73
3
 74
0
 40
0.0
 40
0.0
 40
0.0
 40
1.0
 40
1.0
 40
1.0
 10
265.0892680266624
 20
204.97144954616698
 30
0.0
 10
264.80425826103743
 20
204.85894954616697
 30
0.0
 10
264.6842387297874
 20
204.90396907741697
 30
0.0
  0
SPLINE
  5
E1
330
17
100
AcDbEntity
  8
ENGRAVE
100
AcDbSpline
 70
0
 71
2
 72
6
 73
3
 74
0
 40
0.0
 40
0.0
 40
0.0
 40
1.0
 40
1.0
 40
1.0
 10
264.7906895781269
 20
184.0579090242617
 30
0.0
 10
264.6856846953144
 20
183.7504139070742
 30
0.0
 10
264.6856846953144
 20
183.7504139070742
 30
0.0
  0
SPLINE
  5
E2
330
17
100
AcDbEntity
  8
ENGRAVE
100
AcDbSpline
 70
0
 71
2
 72
6
 73
3
 74
0
 40
0.0
 40
0.0
 40
0.0
 40
1.0
 40
1.0
 40
1.0
 10
264.59567004687693
 20
186.32289925863668
 30
0.0
 10
264.6406651640644
 20
186.3754139070742
 30
0.0
 10
264.7006749296894
 20
186.3754139070742
 30
0.0
  0
SPLINE
  5
E3
330
17
100
AcDbEntity
  8
ENGRAVE
100
AcDbSpline
 70
0
 71
2
 72
6
 73
3
 74
0
 40
0.0
 40
0.0
 40
0.0
 40
1.0
 40
1.0
 40
1.0
 10
265.41924849541243
 20
207.64893978054198
 30
0.0
 10
265.2242777922874
 20
207.948939780542
 30
0.0
 10
264.7592631438499
 20
207.73895442897947
 30
0.0
  0
SPLINE
  5
E4
330
17
100
AcDbEntity
  8
ENGRAVE
100
AcDbSpline
 70
0
 71
2
 72
6
 73
3
 74
0
 40
0.0
 40
0.0
 40
0.0
 40
1.0
 40
1.0
 40
1.0
 10
265.09066516406443
 20
184.6953846101992
 30
0.0
 10
264.8956944609394
 20
184.3654041414492
 30
0.0
 10
264.7906895781269
 20
184.0579090242617
 30
0.0
  0
SPLINE
  5
E5
330
17
100
AcDbEntity
  8
ENGRAVE
100
AcDbSpline
 70
0
 71
2
 72
6
 73
3
 74
0
 40
0.0
 40
0.0
 40
0.0
 40
1.0
 40
1.0
 40
1.0
 10
264.30926314384993
 20
205.91644466335447
 30
0.0
 10
264.6542582610374
 20
206.073939780542
 30
0.0
 10
264.8492777922874
 20
206.238978843042
 30
0.0
  0
SPLINE
  5
E6
330
17
100
AcDbEntity
  8
ENGRAVE
100
AcDbSpline
 70
0
 71
2
 72
6
 73
3
 74
0
 40
0.0
 40
0.0
 40
0.0
 40
1.0
 40
1.0
 40
1.0
 10
264.8206944609394
 20
186.6154041414492
 30
0.0
 10
264.85067492968943
 20
186.6754139070742
 30
0.0
 10
265.0081700468769
 20
186.8554187898867
 30
0.0
  0
SPLINE
  5
E7
330
17
100
AcDbEntity
  8
ENGRAVE
100
AcDbSpline
 70
0
 71
2
 72
6
 73
3
 74
0
 40
0.0
 40
0.0
 40
0.0
 40
1.0
 40
1.0
 40
1.0
 10
264.6856846953144
 20
183.7504139070742
 30
0.0
 10
264.7906651640644
 20
183.7354236726992
 30
0.0
 10
265.0156651640644
 20
183.8629139070742
 30
0.0
  0
SPLINE
  5
E8
330
17
100
AcDbEntity
  8
ENGRAVE
100
AcDbSpline
 70
0
 71
2
 72
6
 73
3
 74
0
 40
0.0
 40
0.0
 40
0.0
 40
1.0
 40
1.0
 40
1.0
 10
265.6517680266624
 20
205.271449546167
 30
0.0
 10
265.37427779228744
 20
205.083949546167
 30
0.0
 10
265.0892680266624
 20
204.97144954616698
 30
0.0
  0
SPLINE
  5
E9
330
17
100
AcDbEntity
  8
ENGRAVE
100
AcDbSpline
 70
0
 71
2
 72
6
 73
3
 74
0
 40
0.0
 40
0.0
 40
0.0
 40
1.0
 40
1.0
 40
1.0
 10
266.16317492968943
 20
186.2928943758242
 30
0.0
 10
265.70565539843943
 20
185.74538461019918
 30
0.0
 10
265.09066516406443
 20
184.6953846101992
 30
0.0
  0
SPLINE
  5
EA
330
17
100
AcDbEntity
  8
ENGRAVE
100
AcDbSpline
 70
0
 71
2
 72
6
 73
3
 74
0
 40
0.0
 40
0.0
 40
0.0
 40
1.0
 40
1.0
 40
1.0
 10
266.9506749296894
 20
183.90041390707418
 30
0.0
 10
265.8856846953144
 20
182.8203846101992
 30
0.0
 10
265.1281895781269
 20
182.4978992586367
 30
0.0
  0
SPLINE
  5
EB
330
17
100
AcDbEntity
  8
ENGRAVE
100
AcDbSpline
 70
0
 71
2
 72
6
 73
3
 74
0
 40
0.0
 40
0.0
 40
0.0
 40
1.0
 40
1.0
 40
1.0
 10
264.0692484954124
 20
208.458949546167
 30
0.0
 10
264.72925826103744
 20
208.863978843042
 30
0.0
 10
265.2617533782249
 20
208.90147884304199
 30
0.0
  0
SPLINE
  5
EC
330
17
100
AcDbEntity
  8
ENGRAVE
100
AcDbSpline
 70
0
 71
2
 72
6
 73
3
 74
0
 40
0.0
 40
0.0
 40
0.0
 40
1.0
 40
1.0
 40
1.0
 10
265.0081700468769
 20
186.8554187898867
 30
0.0
 10
265.1656651640644
 20
187.03542367269918
 30
0.0
 10
265.3906651640644
 20
187.2529041414492
 30
0.0
  0
SPLINE
  5
ED
330
17
100
AcDbEntity
  8
ENGRAVE
100
AcDbSpline
 70
0
 71
2
 72
6
 73
3
 74
0
 40
0.0
 40
0.0
 40
0.0
 40
1.0
 40
1.0
 40
1.0
 10
265.4567729094749
 20
206.91395442897948
 30
0.0
 10
265.6742777922874
 20
207.24395931179197
 30
0.0
 10
265.41924849541243
 20
207.64893978054198
 30
0.0
  0
SPLINE
  5
EE
330
17
100
AcDbEntity
  8
ENGRAVE
100
AcDbSpline
 70
0
 71
2
 72
6
 73
3
 74
0
 40
0.0
 40
0.0
 40
0.0
 40
1.0
 40
1.0
 40
1.0
 10
264.8492777922874
 20
206.238978843042
 30
0.0
 10
265.23926802666244
 20
206.583949546167
 30
0.0
 10
265.4567729094749
 20
206.91395442897948
 30
0.0
  0
SPLINE
  5
EF
330
17
100
AcDbEntity
  8
ENGRAVE
100
AcDbSpline
 70
0
 71
2
 72
6
 73
3
 74
0
 40
0.0
 40
0.0
 40
0.0
 40
1.0
 40
1.0
 40
1.0
 10
265.0156651640644
 20
183.8629139070742
 30
0.0
 10
265.2406651640644
 20
183.9904041414492
 30
0.0
 10
265.6156651640644
 20
184.2904041414492
 30
0.0
  0
SPLINE
  5
F0
330
17
100
AcDbEntity
  8
ENGRAVE
100
AcDbSpline
 70
0
 71
2
 72
6
 73
3
 74
0
 40
0.0
 40
0.0
 40
0.0
 40
1.0
 40
1.0
 40
1.0
 10
266.0492777922874
 20
205.60894954616697
 30
0.0
 10
265.92925826103743
 20
205.458949546167
 30
0.0
 10
265.6517680266624
 20
205.271449546167
 30
0.0
  0
SPLINE
  5
F1
330
17
100
AcDbEntity
  8
ENGRAVE
100
AcDbSpline
 70
0
 71
2
 72
6
 73
3
 74
0
 40
0.0
 40
0.0
 40
0.0
 40
1.0
 40
1.0
 40
1.0
 10
265.3906651640644
 20
187.2529041414492
 30
0.0
 10
265.6156651640644
 20
187.4703846101992
 30
0.0
 10
265.8481602812519
 20
187.6654041414492
 30
0.0
  0
SPLINE
  5
F2
330
17
100
AcDbEntity
  8
ENGRAVE
100
AcDbSpline
 70
0
 71
2
 72
6
 73
3
 74
0
 40
0.0
 40
0.0
 40
0.0
 40
1.0
 40
1.0
 40
1.0
 10
266.16924849541243
 20
205.82645442897947
 30
0.0
 10
266.1092387297874
 20
205.728969077417
 30
0.0
 10
266.0492777922874
 20
205.60894954616697
 30
0.0
  0
SPLINE
  5
F3
330
17
100
AcDbEntity
  8
ENGRAVE
100
AcDbSpline
 70
0
 71
2
 72
6
 73
3
 74
0
 40
0.0
 40
0.0
 40
0.0
 40
1.0
 40
1.0
 40
1.0
 10
265.2617533782249
 20
208.90147884304199
 30
0.0
 10
265.79424849541243
 20
208.93897884304198
 30
0.0
 10
266.16175337822494
 20
208.72147396022947
 30
0.0
  0
SPLINE
  5
F4
330
17
100
AcDbEntity
  8
ENGRAVE
100
AcDbSpline
 70
0
 71
2
 72
6
 73
3
 74
0
 40
0.0
 40
0.0
 40
0.0
 40
1.0
 40
1.0
 40
1.0
 10
266.9206944609394
 20
186.8404041414492
 30
0.0
 10
266.62069446093943
 20
186.8404041414492
 30
0.0
 10
266.16317492968943
 20
186.2928943758242
 30
0.0
  0
SPLINE
  5
F5
330
17
100
AcDbEntity
  8
ENGRAVE
100
AcDbSpline
 70
0
 71
2
 72
6
 73
3
 74
0
 40
0.0
 40
0.0
 40
0.0
 40
1.0
 40
1.0
 40
1.0
 10
266.2892680266624
 20
205.92393978054199
 30
0.0
 10
266.22925826103744
 20
205.92393978054199
 30
0.0
 10
266.16924849541243
 20
205.82645442897947
 30
0.0
  0
SPLINE
  5
F6
330
17
100
AcDbEntity
  8
ENGRAVE
100
AcDbSpline
 70
0
 71
2
 72
6
 73
3
 74
0
 40
0.0
 40
0.0
 40
0.0
 40
1.0
 40
1.0
 40
1.0
 10
265.8481602812519
 20
187.6654041414492
 30
0.0
 10
266.08065539843943
 20
187.8604236726992
 30
0.0
 10
266.2306553984394
 20
187.9504139070742
 30
0.0
  0
SPLINE
  5
F7
330
17
100
AcDbEntity
  8
ENGRAVE
100
AcDbSpline
 70
0
 71
2
 72
6
 73
3
 74
0
 40
0.0
 40
0.0
 40
0.0
 40
1.0
 40
1.0
 40
1.0
 10
266.5292582610374
 20
206.27647884304199
 30
0.0
 10
266.3792582610374
 20
206.01397884304197
 30
0.0
 10
266.2892680266624
 20
205.92393978054199
 30
0.0
  0
SPLINE
  5
F8
330
17
100
AcDbEntity
  8
ENGRAVE
100
AcDbSpline
 70
0
 71
2
 72
6
 73
3
 74
0
 40
0.0
 40
0.0
 40
0.0
 40
1.0
 40
1.0
 40
1.0
 10
265.6156651640644
 20
184.2904041414492
 30
0.0
 10
266.1256749296894
 20
184.7254139070742
 30
0.0
 10
266.4556798125019
 20
185.01039925863668
 30
0.0
  0
SPLINE
  5
F9
330
17
100
AcDbEntity
  8
ENGRAVE
100
AcDbSpline
 70
0
 71
2
 72
6
 73
3
 74
0
 40
0.0
 40
0.0
 40
0.0
 40
1.0
 40
1.0
 40
1.0
 10
266.79925337822493
 20
206.83897884304199
 30
0.0
 10
266.67925826103743
 20
206.53897884304197
 30
0.0
 10
266.5292582610374
 20
206.27647884304199
 30
0.0
  0
SPLINE
  5
FA
330
17
100
AcDbEntity
  8
ENGRAVE
100
AcDbSpline
 70
0
 71
2
 72
6
 73
3
 74
0
 40
0.0
 40
0.0
 40
0.0
 40
1.0
 40
1.0
 40
1.0
 10
266.16175337822494
 20
208.72147396022947
 30
0.0
 10
266.5292582610374
 20
208.50396907741697
 30
0.0
 10
266.72425337822494
 20
208.12896907741697
 30
0.0
  0
SPLINE
  5
FB
330
17
100
AcDbEntity
  8
ENGRAVE
100
AcDbSpline
 70
0
 71
2
 72
6
 73
3
 74
0
 40
0.0
 40
0.0
 40
0.0
 40
1.0
 40
1.0
 40
1.0
 10
266.91924849541243
 20
207.31895931179199
 30
0.0
 10
266.91924849541243
 20
207.13897884304197
 30
0.0
 10
266.79925337822493
 20
206.83897884304199
 30
0.0
  0
SPLINE
  5
FC
330
17
100
AcDbEntity
  8
ENGRAVE
100
AcDbSpline
 70
0
 71
2
 72
6
 73
3
 74
0
 40
0.0
 40
0.0
 40
0.0
 40
1.0
 40
1.0
 40
1.0
 10
266.2306553984394
 20
187.9504139070742
 30
0.0
 10
266.5456944609394
 20
188.16042367269918
 30
0.0
 10
266.8831944609394
 20
188.14540902426168
 30
0.0
  0
SPLINE
  5
FD
330
17
100
AcDbEntity
  8
ENGRAVE
100
AcDbSpline
 70
0
 71
2
 72
6
 73
3
 74
0
 40
0.0
 40
0.0
 40
0.0
 40
1.0
 40
1.0
 40
1.0
 10
266.72425337822494
 20
208.12896907741697
 30
0.0
 10
266.91924849541243
 20
207.75396907741697
 30
0.0
 10
266.91924849541243
 20
207.31895931179199
 30
0.0
  0
SPLINE
  5
FE
330
17
100
AcDbEntity
  8
ENGRAVE
100
AcDbSpline
 70
0
 71
2
 72
6
 73
3
 74
0
 40
0.0
 40
0.0
 40
0.0
 40
1.0
 40
1.0
 40
1.0
 10
267.1606602812519
 20
186.7353992586367
 30
0.0
 10
267.0406651640644
 20
186.8404041414492
 30
0.0
 10
266.9206944609394
 20
186.8404041414492
 30
0.0
  0
SPLINE
  5
FF
330
17
100
AcDbEntity
  8
ENGRAVE
100
AcDbSpline
 70
0
 71
2
 72
6
 73
3
 74
0
 40
0.0
 40
0.0
 40
0.0
 40
1.0
 40
1.0
 40
1.0
 10
267.1381749296894
 20
184.1029041414492
 30
0.0
 10
267.0406651640644
 20
183.9904041414492
 30
0.0
 10
266.9506749296894
 20
183.90041390707418
 30
0.0
  0
SPLINE
  5
100
330
17
100
AcDbEntity
  8
ENGRAVE
100
AcDbSpline
 70
0
 71
2
 72
6
 73
3
 74
0
 40
0.0
 40
0.0
 40
0.0
 40
1.0
 40
1.0
 40
1.0
 10
266.4556798125019
 20
185.01039925863668
 30
0.0
 10
266.7856846953144
 20
185.2953846101992
 30
0.0
 10
267.10067492968943
 20
185.74538461019918
 30
0.0
  0
SPLINE
  5
101
330
17
100
AcDbEntity
  8
ENGRAVE
100
AcDbSpline
 70
0
 71
2
 72
6
 73
3
 74
0
 40
0.0
 40
0.0
 40
0.0
 40
1.0
 40
1.0
 40
1.0
 10
267.2956944609394
 20
184.2904041414492
 30
0.0
 10
267.23568469531443
 20
184.2154041414492
 30
0.0
 10
267.1381749296894
 20
184.1029041414492
 30
0.0
  0
SPLINE
  5
102
330
17
100
AcDbEntity
  8
ENGRAVE
100
AcDbSpline
 70
0
 71
2
 72
6
 73
3
 74
0
 40
0.0
 40
0.0
 40
0.0
 40
1.0
 40
1.0
 40
1.0
 10
267.4306553984394
 20
186.28542367269918
 30
0.0
 10
267.2806553984394
 20
186.63039437582418
 30
0.0
 10
267.1606602812519
 20
186.7353992586367
 30
0.0
  0
SPLINE
  5
103
330
17
100
AcDbEntity
  8
ENGRAVE
100
AcDbSpline
 70
0
 71
2
 72
6
 73
3
 74
0
 40
0.0
 40
0.0
 40
0.0
 40
1.0
 40
1.0
 40
1.0
 10
267.40817004687693
 20
183.9678943758242
 30
0.0
 10
267.3106846953144
 20
184.2154041414492
 30
0.0
 10
267.2956944609394
 20
184.2904041414492
 30
0.0
  0
SPLINE
  5
104
330
17
100
AcDbEntity
  8
ENGRAVE
100
AcDbSpline
 70
0
 71
2
 72
6
 73
3
 74
0
 40
0.0
 40
0.0
 40
0.0
 40
1.0
 40
1.0
 40
1.0
 10
267.5656651640644
 20
183.63039437582418
 30
0.0
 10
267.5056553984394
 20
183.7203846101992
 30
0.0
 10
267.40817004687693
 20
183.9678943758242
 30
0.0
  0
SPLINE
  5
105
330
17
100
AcDbEntity
  8
ENGRAVE
100
AcDbSpline
 70
0
 71
2
 72
6
 73
3
 74
0
 40
0.0
 40
0.0
 40
0.0
 40
1.0
 40
1.0
 40
1.0
 10
266.8831944609394
 20
188.14540902426168
 30
0.0
 10
267.2206944609394
 20
188.13039437582418
 30
0.0
 10
267.4606846953144
 20
187.9354236726992
 30
0.0
  0
SPLINE
  5
106
330
17
100
AcDbEntity
  8
ENGRAVE
100
AcDbSpline
 70
0
 71
2
 72
6
 73
3
 74
0
 40
0.0
 40
0.0
 40
0.0
 40
1.0
 40
1.0
 40
1.0
 10
268.3756749296894
 20
182.77541390707418
 30
0.0
 10
267.9256749296894
 20
182.9404041414492
 30
0.0
 10
267.5656651640644
 20
183.63039437582418
 30
0.0
  0
SPLINE
  5
107
330
17
100
AcDbEntity
  8
ENGRAVE
100
AcDbSpline
 70
0
 71
2
 72
6
 73
3
 74
0
 40
0.0
 40
0.0
 40
0.0
 40
1.0
 40
1.0
 40
1.0
 10
267.4606846953144
 20
187.9354236726992
 30
0.0
 10
267.5056553984394
 20
187.89040414144918
 30
0.0
 10
267.66317492968943
 20
187.75539437582418
 30
0.0
  0
SPLINE
  5
108
330
17
100
AcDbEntity
  8
ENGRAVE
100
AcDbSpline
 70
0
 71
2
 72
6
 73
3
 74
0
 40
0.0
 40
0.0
 40
0.0
 40
1.0
 40
1.0
 40
1.0
 10
267.66317492968943
 20
187.75539437582418
 30
0.0
 10
267.8206944609394
 20
187.62038461019918
 30
0.0
 10
268.0231846953144
 20
187.4553943758242
 30
0.0
  0
SPLINE
  5
109
330
17
100
AcDbEntity
  8
ENGRAVE
100
AcDbSpline
 70
0
 71
2
 72
6
 73
3
 74
0
 40
0.0
 40
0.0
 40
0.0
 40
1.0
 40
1.0
 40
1.0
 10
269.3206944609394
 20
182.6703846101992
 30
0.0
 10
268.8256749296894
 20
182.6104236726992
 30
0.0
 10
268.3756749296894
 20
182.77541390707418
 30
0.0
  0
SPLINE
  5
10A
330
17
100
AcDbEntity
  8
ENGRAVE
100
AcDbSpline
 70
0
 71
2
 72
6
 73
3
 74
0
 40
0.0
 40
0.0
 40
0.0
 40
1.0
 40
1.0
 40
1.0
 10
268.0231846953144
 20
187.4553943758242
 30
0.0
 10
268.22567492968943
 20
187.2904041414492
 30
0.0
 10
268.3756749296894
 20
187.1553943758242
 30
0.0
  0
SPLINE
  5
10B
330
17
100
AcDbEntity
  8
ENGRAVE
100
AcDbSpline
 70
0
 71
2
 72
6
 73
3
 74
0
 40
0.0
 40
0.0
 40
0.0
 40
1.0
 40
1.0
 40
1.0
 10
268.6756749296894
 20
185.91042367269918
 30
0.0
 10
268.4806553984394
 20
185.3104236726992
 30
0.0
 10
268.5706700468769
 20
184.8604236726992
 30
0.0
  0
SPLINE
  5
10C
330
17
100
AcDbEntity
  8
ENGRAVE
100
AcDbSpline
 70
0
 71
2
 72
6
 73
3
 74
0
 40
0.0
 40
0.0
 40
0.0
 40
1.0
 40
1.0
 40
1.0
 10
268.5706700468769
 20
184.8604236726992
 30
0.0
 10
268.6606846953144
 20
184.41042367269918
 30
0.0
 10
268.8556553984394
 20
184.0803943758242
 30
0.0
  0
SPLINE
  5
10D
330
17
100
AcDbEntity
  8
ENGRAVE
100
AcDbSpline
 70
0
 71
2
 72
6
 73
3
 74
0
 40
0.0
 40
0.0
 40
0.0
 40
1.0
 40
1.0
 40
1.0
 10
269.5981846953144
 20
182.8579090242617
 30
0.0
 10
269.4706944609394
 20
182.7004139070742
 30
0.0
 10
269.3206944609394
 20
182.6703846101992
 30
0.0
  0
SPLINE
  5
10E
330
17
100
AcDbEntity
  8
ENGRAVE
100
AcDbSpline
 70
0
 71
2
 72
6
 73
3
 74
0
 40
0.0
 40
0.0
 40
0.0
 40
1.0
 40
1.0
 40
1.0
 10
268.8556553984394
 20
184.0803943758242
 30
0.0
 10
269.0056553984394
 20
183.76540414144918
 30
0.0
 10
269.3956944609394
 20
183.7053943758242
 30
0.0
  0
SPLINE
  5
10F
330
17
100
AcDbEntity
  8
ENGRAVE
100
AcDbSpline
 70
0
 71
2
 72
6
 73
3
 74
0
 40
0.0
 40
0.0
 40
0.0
 40
1.0
 40
1.0
 40
1.0
 10
269.72567492968943
 20
183.3754139070742
 30
0.0
 10
269.72567492968943
 20
183.01540414144918
 30
0.0
 10
269.5981846953144
 20
182.8579090242617
 30
0.0
  0
SPLINE
  5
110
330
17
100
AcDbEntity
  8
ENGRAVE
100
AcDbSpline
 70
0
 71
2
 72
6
 73
3
 74
0
 40
0.0
 40
0.0
 40
0.0
 40
1.0
 40
1.0
 40
1.0
 10
269.3956944609394
 20
183.7053943758242
 30
0.0
 10
269.5156651640644
 20
183.6904041414492
 30
0.0
 10
269.6206700468769
 20
183.6154041414492
 30
0.0
  0
SPLINE
  5
111
330
17
100
AcDbEntity
  8
ENGRAVE
100
AcDbSpline
 70
0
 71
2
 72
6
 73
3
 74
0
 40
0.0
 40
0.0
 40
0.0
 40
1.0
 40
1.0
 40
1.0
 10
269.6206700468769
 20
183.6154041414492
 30
0.0
 10
269.72567492968943
 20
183.5404041414492
 30
0.0
 10
269.72567492968943
 20
183.3754139070742
 30
0.0
  0
SPLINE
  5
112
330
17
100
AcDbEntity
  8
ENGRAVE
100
AcDbSpline
 70
0
 71
2
 72
6
 73
3
 74
0
 40
0.0
 40
0.0
 40
0.0
 40
1.0
 40
1.0
 40
1.0
 10
270.1981602812519
 20
183.2178943758242
 30
0.0
 10
270.0556553984394
 20
183.4053943758242
 30
0.0
 10
270.0256749296894
 20
183.4654041414492
 30
0.0
  0
SPLINE
  5
113
330
17
100
AcDbEntity
  8
ENGRAVE
100
AcDbSpline
 70
0
 71
2
 72
6
 73
3
 74
0
 40
0.0
 40
0.0
 40
0.0
 40
1.0
 40
1.0
 40
1.0
 10
270.0256749296894
 20
183.4654041414492
 30
0.0
 10
270.0256749296894
 20
183.8254139070742
 30
0.0
 10
270.1156651640644
 20
184.0954090242617
 30
0.0
  0
SPLINE
  5
114
330
17
100
AcDbEntity
  8
ENGRAVE
100
AcDbSpline
 70
0
 71
2
 72
6
 73
3
 74
0
 40
0.0
 40
0.0
 40
0.0
 40
1.0
 40
1.0
 40
1.0
 10
270.4456456328144
 20
182.91042367269918
 30
0.0
 10
270.3406651640644
 20
183.0303943758242
 30
0.0
 10
270.1981602812519
 20
183.2178943758242
 30
0.0
  0
SPLINE
  5
115
330
17
100
AcDbEntity
  8
ENGRAVE
100
AcDbSpline
 70
0
 71
2
 72
6
 73
3
 74
0
 40
0.0
 40
0.0
 40
0.0
 40
1.0
 40
1.0
 40
1.0
 10
270.1156651640644
 20
184.0954090242617
 30
0.0
 10
270.2056553984394
 20
184.3654041414492
 30
0.0
 10
270.3856846953144
 20
184.78542367269918
 30
0.0
  0
SPLINE
  5
116
330
17
100
AcDbEntity
  8
ENGRAVE
100
AcDbSpline
 70
0
 71
2
 72
6
 73
3
 74
0
 40
0.0
 40
0.0
 40
0.0
 40
1.0
 40
1.0
 40
1.0
 10
270.7306553984394
 20
182.7004139070742
 30
0.0
 10
270.5956456328144
 20
182.7904041414492
 30
0.0
 10
270.4456456328144
 20
182.91042367269918
 30
0.0
  0
SPLINE
  5
117
330
17
100
AcDbEntity
  8
ENGRAVE
100
AcDbSpline
 70
0
 71
2
 72
6
 73
3
 74
0
 40
0.0
 40
0.0
 40
0.0
 40
1.0
 40
1.0
 40
1.0
 10
270.3856846953144
 20
184.78542367269918
 30
0.0
 10
270.4456456328144
 20
184.89040414144918
 30
0.0
 10
270.4981602812519
 20
185.0029041414492
 30
0.0
  0
SPLINE
  5
118
330
17
100
AcDbEntity
  8
ENGRAVE
100
AcDbSpline
 70
0
 71
2
 72
6
 73
3
 74
0
 40
0.0
 40
0.0
 40
0.0
 40
1.0
 40
1.0
 40
1.0
 10
270.4981602812519
 20
185.0029041414492
 30
0.0
 10
270.5506749296894
 20
185.1154041414492
 30
0.0
 10
270.6256749296894
 20
185.2504139070742
 30
0.0
  0
SPLINE
  5
119
330
17
100
AcDbEntity
  8
ENGRAVE
100
AcDbSpline
 70
0
 71
2
 72
6
 73
3
 74
0
 40
0.0
 40
0.0
 40
0.0
 40
1.0
 40
1.0
 40
1.0
 10
270.9856846953144
 20
182.6703846101992
 30
0.0
 10
270.8656651640644
 20
182.6104236726992
 30
0.0
 10
270.7306553984394
 20
182.7004139070742
 30
0.0
  0
SPLINE
  5
11A
330
17
100
AcDbEntity
  8
ENGRAVE
100
AcDbSpline
 70
0
 71
2
 72
6
 73
3
 74
0
 40
0.0
 40
0.0
 40
0.0
 40
1.0
 40
1.0
 40
1.0
 10
270.6256749296894
 20
185.2504139070742
 30
0.0
 10
270.6856846953144
 20
185.4604236726992
 30
0.0
 10
270.7981846953144
 20
185.7304187898867
 30
0.0
  0
SPLINE
  5
11B
330
17
100
AcDbEntity
  8
ENGRAVE
100
AcDbSpline
 70
0
 71
2
 72
6
 73
3
 74
0
 40
0.0
 40
0.0
 40
0.0
 40
1.0
 40
1.0
 40
1.0
 10
271.3081700468769
 20
182.8953846101992
 30
0.0
 10
271.1506749296894
 20
182.6703846101992
 30
0.0
 10
270.9856846953144
 20
182.6703846101992
 30
0.0
  0
SPLINE
  5
11C
330
17
100
AcDbEntity
  8
ENGRAVE
100
AcDbSpline
 70
0
 71
2
 72
6
 73
3
 74
0
 40
0.0
 40
0.0
 40
0.0
 40
1.0
 40
1.0
 40
1.0
 10
270.7981846953144
 20
185.7304187898867
 30
0.0
 10
270.9106846953144
 20
186.0004139070742
 30
0.0
 10
271.0156651640644
 20
186.2404041414492
 30
0.0
  0
SPLINE
  5
11D
330
17
100
AcDbEntity
  8
ENGRAVE
100
AcDbSpline
 70
0
 71
2
 72
6
 73
3
 74
0
 40
0.0
 40
0.0
 40
0.0
 40
1.0
 40
1.0
 40
1.0
 10
271.25425826103736
 20
204.85894954616697
 30
0.0
 10
271.19424849541235
 20
204.90396907741697
 30
0.0
 10
271.18675337822486
 20
205.25645931179199
 30
0.0
  0
SPLINE
  5
11E
330
17
100
AcDbEntity
  8
ENGRAVE
100
AcDbSpline
 70
0
 71
2
 72
6
 73
3
 74
0
 40
0.0
 40
0.0
 40
0.0
 40
1.0
 40
1.0
 40
1.0
 10
271.18675337822486
 20
205.25645931179199
 30
0.0
 10
271.1792582610374
 20
205.60894954616697
 30
0.0
 10
271.2242533782249
 20
206.04395931179198
 30
0.0
  0
SPLINE
  5
11F
330
17
100
AcDbEntity
  8
ENGRAVE
100
AcDbSpline
 70
0
 71
2
 72
6
 73
3
 74
0
 40
0.0
 40
0.0
 40
0.0
 40
1.0
 40
1.0
 40
1.0
 10
271.2917582610374
 20
204.81395442897949
 30
0.0
 10
271.25425826103736
 20
204.85894954616697
 30
0.0
 10
271.25425826103736
 20
204.85894954616697
 30
0.0
  0
SPLINE
  5
120
330
17
100
AcDbEntity
  8
ENGRAVE
100
AcDbSpline
 70
0
 71
2
 72
6
 73
3
 74
0
 40
0.0
 40
0.0
 40
0.0
 40
1.0
 40
1.0
 40
1.0
 10
271.0156651640644
 20
186.2404041414492
 30
0.0
 10
271.1806553984394
 20
186.63039437582418
 30
0.0
 10
271.2706700468769
 20
186.9154041414492
 30
0.0
  0
SPLINE
  5
121
330
17
100
AcDbEntity
  8
ENGRAVE
100
AcDbSpline
 70
0
 71
2
 72
6
 73
3
 74
0
 40
0.0
 40
0.0
 40
0.0
 40
1.0
 40
1.0
 40
1.0
 10
271.32925826103735
 20
204.738978843042
 30
0.0
 10
271.32925826103735
 20
204.76895931179197
 30
0.0
 10
271.2917582610374
 20
204.81395442897949
 30
0.0
  0
SPLINE
  5
122
330
17
100
AcDbEntity
  8
ENGRAVE
100
AcDbSpline
 70
0
 71
2
 72
6
 73
3
 74
0
 40
0.0
 40
0.0
 40
0.0
 40
1.0
 40
1.0
 40
1.0
 10
271.7956456328144
 20
183.4803943758242
 30
0.0
 10
271.4656651640644
 20
183.12038461019918
 30
0.0
 10
271.3081700468769
 20
182.8953846101992
 30
0.0
  0
SPLINE
  5
123
330
17
100
AcDbEntity
  8
ENGRAVE
100
AcDbSpline
 70
0
 71
2
 72
6
 73
3
 74
0
 40
0.0
 40
0.0
 40
0.0
 40
1.0
 40
1.0
 40
1.0
 10
271.53177290947485
 20
204.37147396022948
 30
0.0
 10
271.3742777922874
 20
204.58897884304199
 30
0.0
 10
271.32925826103735
 20
204.738978843042
 30
0.0
  0
SPLINE
  5
124
330
17
100
AcDbEntity
  8
ENGRAVE
100
AcDbSpline
 70
0
 71
2
 72
6
 73
3
 74
0
 40
0.0
 40
0.0
 40
0.0
 40
1.0
 40
1.0
 40
1.0
 10
271.2242533782249
 20
206.04395931179198
 30
0.0
 10
271.2692484954124
 20
206.478969077417
 30
0.0
 10
271.32925826103735
 20
206.73394954616697
 30
0.0
  0
SPLINE
  5
125
330
17
100
AcDbEntity
  8
ENGRAVE
100
AcDbSpline
 70
0
 71
2
 72
6
 73
3
 74
0
 40
0.0
 40
0.0
 40
0.0
 40
1.0
 40
1.0
 40
1.0
 10
271.44175826103736
 20
209.28394954616698
 30
0.0
 10
271.3742777922874
 20
209.37393978054197
 30
0.0
 10
271.3742777922874
 20
209.43394954616699
 30
0.0
  0
SPLINE
  5
126
330
17
100
AcDbEntity
  8
ENGRAVE
100
AcDbSpline
 70
0
 71
2
 72
6
 73
3
 74
0
 40
0.0
 40
0.0
 40
0.0
 40
1.0
 40
1.0
 40
1.0
 10
271.2706700468769
 20
186.9154041414492
 30
0.0
 10
271.3606846953144
 20
187.2004139070742
 30
0.0
 10
271.4206456328144
 20
187.5303943758242
 30
0.0
  0
SPLINE
  5
127
330
17
100
AcDbEntity
  8
ENGRAVE
100
AcDbSpline
 70
0
 71
2
 72
6
 73
3
 74
0
 40
0.0
 40
0.0
 40
0.0
 40
1.0
 40
1.0
 40
1.0
 10
271.4206456328144
 20
187.5303943758242
 30
0.0
 10
271.4056553984394
 20
187.5604236726992
 30
0.0
 10
271.4356602812519
 20
187.6204090242617
 30
0.0
  0
SPLINE
  5
128
330
17
100
AcDbEntity
  8
ENGRAVE
100
AcDbSpline
 70
0
 71
2
 72
6
 73
3
 74
0
 40
0.0
 40
0.0
 40
0.0
 40
1.0
 40
1.0
 40
1.0
 10
271.6142680266624
 20
209.16397884304197
 30
0.0
 10
271.5092387297874
 20
209.19395931179199
 30
0.0
 10
271.44175826103736
 20
209.28394954616698
 30
0.0
  0
SPLINE
  5
129
330
17
100
AcDbEntity
  8
ENGRAVE
100
AcDbSpline
 70
0
 71
2
 72
6
 73
3
 74
0
 40
0.0
 40
0.0
 40
0.0
 40
1.0
 40
1.0
 40
1.0
 10
271.3742777922874
 20
209.43394954616699
 30
0.0
 10
271.3742777922874
 20
209.55396907741698
 30
0.0
 10
271.50926314384986
 20
209.77896907741697
 30
0.0
  0
SPLINE
  5
12A
330
17
100
AcDbEntity
  8
ENGRAVE
100
AcDbSpline
 70
0
 71
2
 72
6
 73
3
 74
0
 40
0.0
 40
0.0
 40
0.0
 40
1.0
 40
1.0
 40
1.0
 10
271.4356602812519
 20
187.6204090242617
 30
0.0
 10
271.4656651640644
 20
187.6803943758242
 30
0.0
 10
271.5256749296894
 20
187.6953846101992
 30
0.0
  0
SPLINE
  5
12B
330
17
100
AcDbEntity
  8
ENGRAVE
100
AcDbSpline
 70
0
 71
2
 72
6
 73
3
 74
0
 40
0.0
 40
0.0
 40
0.0
 40
1.0
 40
1.0
 40
1.0
 10
271.88426314384986
 20
203.98145931179198
 30
0.0
 10
271.6892680266624
 20
204.15396907741697
 30
0.0
 10
271.53177290947485
 20
204.37147396022948
 30
0.0
  0
SPLINE
  5
12C
330
17
100
AcDbEntity
  8
ENGRAVE
100
AcDbSpline
 70
0
 71
2
 72
6
 73
3
 74
0
 40
0.0
 40
0.0
 40
0.0
 40
1.0
 40
1.0
 40
1.0
 10
271.32925826103735
 20
206.73394954616697
 30
0.0
 10
271.4042582610374
 20
206.97393978054197
 30
0.0
 10
271.5542582610374
 20
207.386439780542
 30
0.0
  0
SPLINE
  5
12D
330
17
100
AcDbEntity
  8
ENGRAVE
100
AcDbSpline
 70
0
 71
2
 72
6
 73
3
 74
0
 40
0.0
 40
0.0
 40
0.0
 40
1.0
 40
1.0
 40
1.0
 10
271.50926314384986
 20
209.77896907741697
 30
0.0
 10
271.6442484954124
 20
210.00396907741697
 30
0.0
 10
271.70425826103735
 20
210.00396907741697
 30
0.0
  0
SPLINE
  5
12E
330
17
100
AcDbEntity
  8
ENGRAVE
100
AcDbSpline
 70
0
 71
2
 72
6
 73
3
 74
0
 40
0.0
 40
0.0
 40
0.0
 40
1.0
 40
1.0
 40
1.0
 10
272.9956700468769
 20
184.4628894930117
 30
0.0
 10
272.4106846953144
 20
184.0203846101992
 30
0.0
 10
271.7956456328144
 20
183.4803943758242
 30
0.0
  0
SPLINE
  5
12F
330
17
100
AcDbEntity
  8
ENGRAVE
100
AcDbSpline
 70
0
 71
2
 72
6
 73
3
 74
0
 40
0.0
 40
0.0
 40
0.0
 40
1.0
 40
1.0
 40
1.0
 10
271.5542582610374
 20
207.386439780542
 30
0.0
 10
271.70425826103735
 20
207.79893978054199
 30
0.0
 10
271.80923872978735
 20
208.12896907741697
 30
0.0
  0
SPLINE
  5
130
330
17
100
AcDbEntity
  8
ENGRAVE
100
AcDbSpline
 70
0
 71
2
 72
6
 73
3
 74
0
 40
0.0
 40
0.0
 40
0.0
 40
1.0
 40
1.0
 40
1.0
 10
272.24424849541236
 20
203.77896907741697
 30
0.0
 10
272.07925826103735
 20
203.80894954616699
 30
0.0
 10
271.88426314384986
 20
203.98145931179198
 30
0.0
  0
SPLINE
  5
131
330
17
100
AcDbEntity
  8
ENGRAVE
100
AcDbSpline
 70
0
 71
2
 72
6
 73
3
 74
0
 40
0.0
 40
0.0
 40
0.0
 40
1.0
 40
1.0
 40
1.0
 10
272.0281651640644
 20
185.2579090242617
 30
0.0
 10
271.9156651640644
 20
185.0553943758242
 30
0.0
 10
271.9156651640644
 20
184.9803943758242
 30
0.0
  0
SPLINE
  5
132
330
17
100
AcDbEntity
  8
ENGRAVE
100
AcDbSpline
 70
0
 71
2
 72
6
 73
3
 74
0
 40
0.0
 40
0.0
 40
0.0
 40
1.0
 40
1.0
 40
1.0
 10
271.5556553984394
 20
187.6953846101992
 30
0.0
 10
271.6606846953144
 20
187.7703846101992
 30
0.0
 10
271.9531651640644
 20
187.7178943758242
 30
0.0
  0
SPLINE
  5
133
330
17
100
AcDbEntity
  8
ENGRAVE
100
AcDbSpline
 70
0
 71
2
 72
6
 73
3
 74
0
 40
0.0
 40
0.0
 40
0.0
 40
1.0
 40
1.0
 40
1.0
 10
271.70425826103735
 20
210.00396907741697
 30
0.0
 10
271.7792582610374
 20
209.988978843042
 30
0.0
 10
271.9817484954124
 20
209.988978843042
 30
0.0
  0
SPLINE
  5
134
330
17
100
AcDbEntity
  8
ENGRAVE
100
AcDbSpline
 70
0
 71
2
 72
6
 73
3
 74
0
 40
0.0
 40
0.0
 40
0.0
 40
1.0
 40
1.0
 40
1.0
 10
272.2456456328144
 20
185.7004139070742
 30
0.0
 10
272.1406651640644
 20
185.4604236726992
 30
0.0
 10
272.0281651640644
 20
185.2579090242617
 30
0.0
  0
SPLINE
  5
135
330
17
100
AcDbEntity
  8
ENGRAVE
100
AcDbSpline
 70
0
 71
2
 72
6
 73
3
 74
0
 40
0.0
 40
0.0
 40
0.0
 40
1.0
 40
1.0
 40
1.0
 10
271.9156651640644
 20
184.9803943758242
 30
0.0
 10
271.9156651640644
 20
184.9803943758242
 30
0.0
 10
272.0356602812519
 20
185.0704090242617
 30
0.0
  0
SPLINE
  5
136
330
17
100
AcDbEntity
  8
ENGRAVE
100
AcDbSpline
 70
0
 71
2
 72
6
 73
3
 74
0
 40
0.0
 40
0.0
 40
0.0
 40
1.0
 40
1.0
 40
1.0
 10
273.30923872978735
 20
203.79395931179198
 30
0.0
 10
272.6342387297874
 20
203.70396907741699
 30
0.0
 10
272.24424849541236
 20
203.77896907741697
 30
0.0
  0
SPLINE
  5
137
330
17
100
AcDbEntity
  8
ENGRAVE
100
AcDbSpline
 70
0
 71
2
 72
6
 73
3
 74
0
 40
0.0
 40
0.0
 40
0.0
 40
1.0
 40
1.0
 40
1.0
 10
272.6956700468769
 20
186.8404041414492
 30
0.0
 10
272.6806553984394
 20
186.4053943758242
 30
0.0
 10
272.2456456328144
 20
185.7004139070742
 30
0.0
  0
SPLINE
  5
138
330
17
100
AcDbEntity
  8
ENGRAVE
100
AcDbSpline
 70
0
 71
2
 72
6
 73
3
 74
0
 40
0.0
 40
0.0
 40
0.0
 40
1.0
 40
1.0
 40
1.0
 10
272.0356602812519
 20
185.0704090242617
 30
0.0
 10
272.1556553984394
 20
185.16042367269918
 30
0.0
 10
272.3206700468769
 20
185.2879139070742
 30
0.0
  0
SPLINE
  5
139
330
17
100
AcDbEntity
  8
ENGRAVE
100
AcDbSpline
 70
0
 71
2
 72
6
 73
3
 74
0
 40
0.0
 40
0.0
 40
0.0
 40
1.0
 40
1.0
 40
1.0
 10
272.62674361259985
 20
206.68145931179197
 30
0.0
 10
272.48423872978736
 20
206.103969077417
 30
0.0
 10
272.37925826103736
 20
205.53394954616698
 30
0.0
  0
SPLINE
  5
13A
330
17
100
AcDbEntity
  8
ENGRAVE
100
AcDbSpline
 70
0
 71
2
 72
6
 73
3
 74
0
 40
0.0
 40
0.0
 40
0.0
 40
1.0
 40
1.0
 40
1.0
 10
271.9817484954124
 20
209.988978843042
 30
0.0
 10
272.18423872978735
 20
209.988978843042
 30
0.0
 10
272.37925826103736
 20
210.00396907741697
 30
0.0
  0
SPLINE
  5
13B
330
17
100
AcDbEntity
  8
ENGRAVE
100
AcDbSpline
 70
0
 71
2
 72
6
 73
3
 74
0
 40
0.0
 40
0.0
 40
0.0
 40
1.0
 40
1.0
 40
1.0
 10
271.9531651640644
 20
187.7178943758242
 30
0.0
 10
272.2456456328144
 20
187.6654041414492
 30
0.0
 10
272.3956456328144
 20
187.5453846101992
 30
0.0
  0
SPLINE
  5
13C
330
17
100
AcDbEntity
  8
ENGRAVE
100
AcDbSpline
 70
0
 71
2
 72
6
 73
3
 74
0
 40
0.0
 40
0.0
 40
0.0
 40
1.0
 40
1.0
 40
1.0
 10
272.37925826103736
 20
205.53394954616698
 30
0.0
 10
272.3342387297874
 20
205.24893978054197
 30
0.0
 10
272.4017436125999
 20
205.12144954616699
 30
0.0
  0
SPLINE
  5
13D
330
17
100
AcDbEntity
  8
ENGRAVE
100
AcDbSpline
 70
0
 71
2
 72
6
 73
3
 74
0
 40
0.0
 40
0.0
 40
0.0
 40
1.0
 40
1.0
 40
1.0
 10
272.3206700468769
 20
185.2879139070742
 30
0.0
 10
272.4856846953144
 20
185.4154041414492
 30
0.0
 10
272.6056553984394
 20
185.4904041414492
 30
0.0
  0
SPLINE
  5
13E
330
17
100
AcDbEntity
  8
ENGRAVE
100
AcDbSpline
 70
0
 71
2
 72
6
 73
3
 74
0
 40
0.0
 40
0.0
 40
0.0
 40
1.0
 40
1.0
 40
1.0
 10
272.37925826103736
 20
210.00396907741697
 30
0.0
 10
272.5742777922874
 20
210.01895931179197
 30
0.0
 10
272.61924849541236
 20
210.03394954616698
 30
0.0
  0
SPLINE
  5
13F
330
17
100
AcDbEntity
  8
ENGRAVE
100
AcDbSpline
 70
0
 71
2
 72
6
 73
3
 74
0
 40
0.0
 40
0.0
 40
0.0
 40
1.0
 40
1.0
 40
1.0
 10
272.9792582610374
 20
207.88897884304197
 30
0.0
 10
272.7692484954124
 20
207.25894954616697
 30
0.0
 10
272.62674361259985
 20
206.68145931179197
 30
0.0
  0
SPLINE
  5
140
330
17
100
AcDbEntity
  8
ENGRAVE
100
AcDbSpline
 70
0
 71
2
 72
6
 73
3
 74
0
 40
0.0
 40
0.0
 40
0.0
 40
1.0
 40
1.0
 40
1.0
 10
272.3956456328144
 20
187.5453846101992
 30
0.0
 10
272.7106846953144
 20
187.27541390707418
 30
0.0
 10
272.6956700468769
 20
186.8404041414492
 30
0.0
  0
SPLINE
  5
141
330
17
100
AcDbEntity
  8
ENGRAVE
100
AcDbSpline
 70
0
 71
2
 72
6
 73
3
 74
0
 40
0.0
 40
0.0
 40
0.0
 40
1.0
 40
1.0
 40
1.0
 10
272.61924849541236
 20
210.03394954616698
 30
0.0
 10
272.6792582610374
 20
210.06397884304198
 30
0.0
 10
272.7392680266624
 20
210.11646907741698
 30
0.0
  0
SPLINE
  5
142
330
17
100
AcDbEntity
  8
ENGRAVE
100
AcDbSpline
 70
0
 71
2
 72
6
 73
3
 74
0
 40
0.0
 40
0.0
 40
0.0
 40
1.0
 40
1.0
 40
1.0
 10
272.4017436125999
 20
205.12144954616699
 30
0.0
 10
272.4692484954124
 20
204.99395931179197
 30
0.0
 10
272.7842387297874
 20
204.96397884304199
 30
0.0
  0
SPLINE
  5
143
330
17
100
AcDbEntity
  8
ENGRAVE
100
AcDbSpline
 70
0
 71
2
 72
6
 73
3
 74
0
 40
0.0
 40
0.0
 40
0.0
 40
1.0
 40
1.0
 40
1.0
 10
272.7392680266624
 20
210.11646907741698
 30
0.0
 10
272.7992777922874
 20
210.16895931179198
 30
0.0
 10
272.82925826103735
 20
210.27393978054198
 30
0.0
  0
SPLINE
  5
144
330
17
100
AcDbEntity
  8
ENGRAVE
100
AcDbSpline
 70
0
 71
2
 72
6
 73
3
 74
0
 40
0.0
 40
0.0
 40
0.0
 40
1.0
 40
1.0
 40
1.0
 10
272.6056553984394
 20
185.4904041414492
 30
0.0
 10
272.6806553984394
 20
185.5654041414492
 30
0.0
 10
272.9356602812519
 20
185.7678943758242
 30
0.0
  0
SPLINE
  5
145
330
17
100
AcDbEntity
  8
ENGRAVE
100
AcDbSpline
 70
0
 71
2
 72
6
 73
3
 74
0
 40
0.0
 40
0.0
 40
0.0
 40
1.0
 40
1.0
 40
1.0
 10
272.82925826103735
 20
210.27393978054198
 30
0.0
 10
272.9042582610374
 20
210.43897884304198
 30
0.0
 10
272.96426802666235
 20
210.52896907741697
 30
0.0
  0
SPLINE
  5
146
330
17
100
AcDbEntity
  8
ENGRAVE
100
AcDbSpline
 70
0
 71
2
 72
6
 73
3
 74
0
 40
0.0
 40
0.0
 40
0.0
 40
1.0
 40
1.0
 40
1.0
 10
273.2792582610374
 20
208.44395931179199
 30
0.0
 10
273.1592387297874
 20
208.18897884304198
 30
0.0
 10
272.9792582610374
 20
207.88897884304197
 30
0.0
  0
SPLINE
  5
147
330
17
100
AcDbEntity
  8
ENGRAVE
100
AcDbSpline
 70
0
 71
2
 72
6
 73
3
 74
0
 40
0.0
 40
0.0
 40
0.0
 40
1.0
 40
1.0
 40
1.0
 10
274.0606846953144
 20
185.13039437582418
 30
0.0
 10
273.5806553984394
 20
184.9053943758242
 30
0.0
 10
272.9956700468769
 20
184.4628894930117
 30
0.0
  0
SPLINE
  5
148
330
17
100
AcDbEntity
  8
ENGRAVE
100
AcDbSpline
 70
0
 71
2
 72
6
 73
3
 74
0
 40
0.0
 40
0.0
 40
0.0
 40
1.0
 40
1.0
 40
1.0
 10
272.96426802666235
 20
210.52896907741697
 30
0.0
 10
273.02427779228736
 20
210.61895931179197
 30
0.0
 10
273.12925826103736
 20
210.79893978054199
 30
0.0
  0
SPLINE
  5
149
330
17
100
AcDbEntity
  8
ENGRAVE
100
AcDbSpline
 70
0
 71
2
 72
6
 73
3
 74
0
 40
0.0
 40
0.0
 40
0.0
 40
1.0
 40
1.0
 40
1.0
 10
272.7842387297874
 20
204.96397884304199
 30
0.0
 10
272.9492777922874
 20
204.948939780542
 30
0.0
 10
273.26426802666236
 20
204.97144954616698
 30
0.0
  0
SPLINE
  5
14A
330
17
100
AcDbEntity
  8
ENGRAVE
100
AcDbSpline
 70
0
 71
2
 72
6
 73
3
 74
0
 40
0.0
 40
0.0
 40
0.0
 40
1.0
 40
1.0
 40
1.0
 10
273.4592387297874
 20
208.75894954616697
 30
0.0
 10
273.39927779228736
 20
208.698939780542
 30
0.0
 10
273.2792582610374
 20
208.44395931179199
 30
0.0
  0
SPLINE
  5
14B
330
17
100
AcDbEntity
  8
ENGRAVE
100
AcDbSpline
 70
0
 71
2
 72
6
 73
3
 74
0
 40
0.0
 40
0.0
 40
0.0
 40
1.0
 40
1.0
 40
1.0
 10
273.12925826103736
 20
210.79893978054199
 30
0.0
 10
273.23423872978736
 20
210.99395931179197
 30
0.0
 10
273.30174361259986
 20
211.12896907741697
 30
0.0
  0
SPLINE
  5
14C
330
17
100
AcDbEntity
  8
ENGRAVE
100
AcDbSpline
 70
0
 71
2
 72
6
 73
3
 74
0
 40
0.0
 40
0.0
 40
0.0
 40
1.0
 40
1.0
 40
1.0
 10
274.6592387297874
 20
204.30396907741698
 30
0.0
 10
273.98423872978736
 20
203.88394954616697
 30
0.0
 10
273.30923872978735
 20
203.79395931179198
 30
0.0
  0
SPLINE
  5
14D
330
17
100
AcDbEntity
  8
ENGRAVE
100
AcDbSpline
 70
0
 71
2
 72
6
 73
3
 74
0
 40
0.0
 40
0.0
 40
0.0
 40
1.0
 40
1.0
 40
1.0
 10
273.57176314384986
 20
208.94647396022947
 30
0.0
 10
273.5192484954124
 20
208.87896907741697
 30
0.0
 10
273.4592387297874
 20
208.75894954616697
 30
0.0
  0
SPLINE
  5
14E
330
17
100
AcDbEntity
  8
ENGRAVE
100
AcDbSpline
 70
0
 71
2
 72
6
 73
3
 74
0
 40
0.0
 40
0.0
 40
0.0
 40
1.0
 40
1.0
 40
1.0
 10
272.9356602812519
 20
185.7678943758242
 30
0.0
 10
273.1906651640644
 20
185.9703846101992
 30
0.0
 10
273.4906651640644
 20
186.1953846101992
 30
0.0
  0
SPLINE
  5
14F
330
17
100
AcDbEntity
  8
ENGRAVE
100
AcDbSpline
 70
0
 71
2
 72
6
 73
3
 74
0
 40
0.0
 40
0.0
 40
0.0
 40
1.0
 40
1.0
 40
1.0
 10
273.30174361259986
 20
211.12896907741697
 30
0.0
 10
273.36924849541236
 20
211.26397884304197
 30
0.0
 10
273.5192484954124
 20
211.50396907741697
 30
0.0
  0
SPLINE
  5
150
330
17
100
AcDbEntity
  8
ENGRAVE
100
AcDbSpline
 70
0
 71
2
 72
6
 73
3
 74
0
 40
0.0
 40
0.0
 40
0.0
 40
1.0
 40
1.0
 40
1.0
 10
273.74424849541236
 20
209.04395931179198
 30
0.0
 10
273.6242777922874
 20
209.01397884304197
 30
0.0
 10
273.57176314384986
 20
208.94647396022947
 30
0.0
  0
SPLINE
  5
151
330
17
100
AcDbEntity
  8
ENGRAVE
100
AcDbSpline
 70
0
 71
2
 72
6
 73
3
 74
0
 40
0.0
 40
0.0
 40
0.0
 40
1.0
 40
1.0
 40
1.0
 10
273.5192484954124
 20
211.50396907741697
 30
0.0
 10
273.5942484954124
 20
211.60894954616697
 30
0.0
 10
273.6842631438499
 20
211.75894954616697
 30
0.0
  0
SPLINE
  5
152
330
17
100
AcDbEntity
  8
ENGRAVE
100
AcDbSpline
 70
0
 71
2
 72
6
 73
3
 74
0
 40
0.0
 40
0.0
 40
0.0
 40
1.0
 40
1.0
 40
1.0
 10
273.9242533782249
 20
209.073939780542
 30
0.0
 10
273.8642680266624
 20
209.073939780542
 30
0.0
 10
273.74424849541236
 20
209.04395931179198
 30
0.0
  0
SPLINE
  5
153
330
17
100
AcDbEntity
  8
ENGRAVE
100
AcDbSpline
 70
0
 71
2
 72
6
 73
3
 74
0
 40
0.0
 40
0.0
 40
0.0
 40
1.0
 40
1.0
 40
1.0
 10
273.26426802666236
 20
204.97144954616698
 30
0.0
 10
273.57925826103735
 20
204.99395931179197
 30
0.0
 10
273.7892680266624
 20
205.05396907741698
 30
0.0
  0
SPLINE
  5
154
330
17
100
AcDbEntity
  8
ENGRAVE
100
AcDbSpline
 70
0
 71
2
 72
6
 73
3
 74
0
 40
0.0
 40
0.0
 40
0.0
 40
1.0
 40
1.0
 40
1.0
 10
273.6842631438499
 20
211.75894954616697
 30
0.0
 10
273.77427779228736
 20
211.90894954616698
 30
0.0
 10
273.9092387297874
 20
212.01397884304197
 30
0.0
  0
SPLINE
  5
155
330
17
100
AcDbEntity
  8
ENGRAVE
100
AcDbSpline
 70
0
 71
2
 72
6
 73
3
 74
0
 40
0.0
 40
0.0
 40
0.0
 40
1.0
 40
1.0
 40
1.0
 10
274.1792582610374
 20
209.08897884304199
 30
0.0
 10
273.98423872978736
 20
209.073939780542
 30
0.0
 10
273.9242533782249
 20
209.073939780542
 30
0.0
  0
SPLINE
  5
156
330
17
100
AcDbEntity
  8
ENGRAVE
100
AcDbSpline
 70
0
 71
2
 72
6
 73
3
 74
0
 40
0.0
 40
0.0
 40
0.0
 40
1.0
 40
1.0
 40
1.0
 10
273.4906651640644
 20
186.1953846101992
 30
0.0
 10
273.7906651640644
 20
186.4203846101992
 30
0.0
 10
273.9706456328144
 20
186.5404041414492
 30
0.0
  0
SPLINE
  5
157
330
17
100
AcDbEntity
  8
ENGRAVE
100
AcDbSpline
 70
0
 71
2
 72
6
 73
3
 74
0
 40
0.0
 40
0.0
 40
0.0
 40
1.0
 40
1.0
 40
1.0
 10
274.3381505156269
 20
185.1529041414492
 30
0.0
 10
274.2556553984394
 20
185.2053943758242
 30
0.0
 10
274.0606846953144
 20
185.13039437582418
 30
0.0
  0
SPLINE
  5
158
330
17
100
AcDbEntity
  8
ENGRAVE
100
AcDbSpline
 70
0
 71
2
 72
6
 73
3
 74
0
 40
0.0
 40
0.0
 40
0.0
 40
1.0
 40
1.0
 40
1.0
 10
273.7892680266624
 20
205.05396907741698
 30
0.0
 10
273.95425826103735
 20
205.12896907741697
 30
0.0
 10
274.13426314384986
 20
205.21146419460447
 30
0.0
  0
SPLINE
  5
159
330
17
100
AcDbEntity
  8
ENGRAVE
100
AcDbSpline
 70
0
 71
2
 72
6
 73
3
 74
0
 40
0.0
 40
0.0
 40
0.0
 40
1.0
 40
1.0
 40
1.0
 10
274.5542582610374
 20
209.09647396022947
 30
0.0
 10
274.2992777922874
 20
209.08897884304199
 30
0.0
 10
274.1792582610374
 20
209.08897884304199
 30
0.0
  0
SPLINE
  5
15A
330
17
100
AcDbEntity
  8
ENGRAVE
100
AcDbSpline
 70
0
 71
2
 72
6
 73
3
 74
0
 40
0.0
 40
0.0
 40
0.0
 40
1.0
 40
1.0
 40
1.0
 10
274.32925826103735
 20
210.49893978054197
 30
0.0
 10
274.08926802666235
 20
210.16895931179198
 30
0.0
 10
274.2392680266624
 20
210.12396419460447
 30
0.0
  0
SPLINE
  5
15B
330
17
100
AcDbEntity
  8
ENGRAVE
100
AcDbSpline
 70
0
 71
2
 72
6
 73
3
 74
0
 40
0.0
 40
0.0
 40
0.0
 40
1.0
 40
1.0
 40
1.0
 10
274.6217631438499
 20
210.95645931179197
 30
0.0
 10
274.46426802666235
 20
210.75396907741697
 30
0.0
 10
274.32925826103735
 20
210.49893978054197
 30
0.0
  0
SPLINE
  5
15C
330
17
100
AcDbEntity
  8
ENGRAVE
100
AcDbSpline
 70
0
 71
2
 72
6
 73
3
 74
0
 40
0.0
 40
0.0
 40
0.0
 40
1.0
 40
1.0
 40
1.0
 10
274.4506749296894
 20
184.8754139070742
 30
0.0
 10
274.4206456328144
 20
185.1004139070742
 30
0.0
 10
274.3381505156269
 20
185.1529041414492
 30
0.0
  0
SPLINE
  5
15D
330
17
100
AcDbEntity
  8
ENGRAVE
100
AcDbSpline
 70
0
 71
2
 72
6
 73
3
 74
0
 40
0.0
 40
0.0
 40
0.0
 40
1.0
 40
1.0
 40
1.0
 10
273.9092387297874
 20
212.01397884304197
 30
0.0
 10
274.0442484954124
 20
212.13394954616697
 30
0.0
 10
274.3517436125999
 20
212.18646419460447
 30
0.0
  0
SPLINE
  5
15E
330
17
100
AcDbEntity
  8
ENGRAVE
100
AcDbSpline
 70
0
 71
2
 72
6
 73
3
 74
0
 40
0.0
 40
0.0
 40
0.0
 40
1.0
 40
1.0
 40
1.0
 10
274.4356846953144
 20
183.15041390707418
 30
0.0
 10
274.3456456328144
 20
183.49538461019918
 30
0.0
 10
274.3906651640644
 20
183.9078846101992
 30
0.0
  0
SPLINE
  5
15F
330
17
100
AcDbEntity
  8
ENGRAVE
100
AcDbSpline
 70
0
 71
2
 72
6
 73
3
 74
0
 40
0.0
 40
0.0
 40
0.0
 40
1.0
 40
1.0
 40
1.0
 10
273.9706456328144
 20
186.5404041414492
 30
0.0
 10
274.1356846953144
 20
186.66042367269918
 30
0.0
 10
274.3906651640644
 20
186.7879139070742
 30
0.0
  0
SPLINE
  5
160
330
17
100
AcDbEntity
  8
ENGRAVE
100
AcDbSpline
 70
0
 71
2
 72
6
 73
3
 74
0
 40
0.0
 40
0.0
 40
0.0
 40
1.0
 40
1.0
 40
1.0
 10
274.7881505156269
 20
182.69289437582418
 30
0.0
 10
274.5706456328144
 20
182.8053943758242
 30
0.0
 10
274.4356846953144
 20
183.15041390707418
 30
0.0
  0
SPLINE
  5
161
330
17
100
AcDbEntity
  8
ENGRAVE
100
AcDbSpline
 70
0
 71
2
 72
6
 73
3
 74
0
 40
0.0
 40
0.0
 40
0.0
 40
1.0
 40
1.0
 40
1.0
 10
274.3906651640644
 20
183.9078846101992
 30
0.0
 10
274.4356846953144
 20
184.3203846101992
 30
0.0
 10
274.4506749296894
 20
184.5904041414492
 30
0.0
  0
SPLINE
  5
162
330
17
100
AcDbEntity
  8
ENGRAVE
100
AcDbSpline
 70
0
 71
2
 72
6
 73
3
 74
0
 40
0.0
 40
0.0
 40
0.0
 40
1.0
 40
1.0
 40
1.0
 10
274.13426314384986
 20
205.21146419460447
 30
0.0
 10
274.3142680266624
 20
205.29395931179198
 30
0.0
 10
274.46426802666235
 20
205.38394954616697
 30
0.0
  0
SPLINE
  5
163
330
17
100
AcDbEntity
  8
ENGRAVE
100
AcDbSpline
 70
0
 71
2
 72
6
 73
3
 74
0
 40
0.0
 40
0.0
 40
0.0
 40
1.0
 40
1.0
 40
1.0
 10
275.1692484954124
 20
209.16397884304197
 30
0.0
 10
274.80923872978735
 20
209.103969077417
 30
0.0
 10
274.5542582610374
 20
209.09647396022947
 30
0.0
  0
SPLINE
  5
164
330
17
100
AcDbEntity
  8
ENGRAVE
100
AcDbSpline
 70
0
 71
2
 72
6
 73
3
 74
0
 40
0.0
 40
0.0
 40
0.0
 40
1.0
 40
1.0
 40
1.0
 10
274.89927779228736
 20
211.41397884304197
 30
0.0
 10
274.7792582610374
 20
211.15894954616698
 30
0.0
 10
274.6217631438499
 20
210.95645931179197
 30
0.0
  0
SPLINE
  5
165
330
17
100
AcDbEntity
  8
ENGRAVE
100
AcDbSpline
 70
0
 71
2
 72
6
 73
3
 74
0
 40
0.0
 40
0.0
 40
0.0
 40
1.0
 40
1.0
 40
1.0
 10
275.21426802666235
 20
204.82144954616697
 30
0.0
 10
275.13926802666236
 20
204.573939780542
 30
0.0
 10
274.6592387297874
 20
204.30396907741698
 30
0.0
  0
SPLINE
  5
166
330
17
100
AcDbEntity
  8
ENGRAVE
100
AcDbSpline
 70
0
 71
2
 72
6
 73
3
 74
0
 40
0.0
 40
0.0
 40
0.0
 40
1.0
 40
1.0
 40
1.0
 10
274.3906651640644
 20
186.7879139070742
 30
0.0
 10
274.6456456328144
 20
186.9154041414492
 30
0.0
 10
274.7056553984394
 20
186.9154041414492
 30
0.0
  0
SPLINE
  5
167
330
17
100
AcDbEntity
  8
ENGRAVE
100
AcDbSpline
 70
0
 71
2
 72
6
 73
3
 74
0
 40
0.0
 40
0.0
 40
0.0
 40
1.0
 40
1.0
 40
1.0
 10
274.46426802666235
 20
205.38394954616697
 30
0.0
 10
274.59927779228735
 20
205.458949546167
 30
0.0
 10
274.7342631438499
 20
205.54144466335447
 30
0.0
  0
SPLINE
  5
168
330
17
100
AcDbEntity
  8
ENGRAVE
100
AcDbSpline
 70
0
 71
2
 72
6
 73
3
 74
0
 40
0.0
 40
0.0
 40
0.0
 40
1.0
 40
1.0
 40
1.0
 10
275.3356846953144
 20
182.5504139070742
 30
0.0
 10
275.0056553984394
 20
182.5803943758242
 30
0.0
 10
274.7881505156269
 20
182.69289437582418
 30
0.0
  0
SPLINE
  5
169
330
17
100
AcDbEntity
  8
ENGRAVE
100
AcDbSpline
 70
0
 71
2
 72
6
 73
3
 74
0
 40
0.0
 40
0.0
 40
0.0
 40
1.0
 40
1.0
 40
1.0
 10
274.7342631438499
 20
205.54144466335447
 30
0.0
 10
274.86924849541236
 20
205.62393978054197
 30
0.0
 10
274.86924849541236
 20
205.62393978054197
 30
0.0
  0
SPLINE
  5
16A
330
17
100
AcDbEntity
  8
ENGRAVE
100
AcDbSpline
 70
0
 71
2
 72
6
 73
3
 74
0
 40
0.0
 40
0.0
 40
0.0
 40
1.0
 40
1.0
 40
1.0
 10
274.3517436125999
 20
212.18646419460447
 30
0.0
 10
274.6592387297874
 20
212.238978843042
 30
0.0
 10
274.8842387297874
 20
212.04395931179198
 30
0.0
  0
SPLINE
  5
16B
330
17
100
AcDbEntity
  8
ENGRAVE
100
AcDbSpline
 70
0
 71
2
 72
6
 73
3
 74
0
 40
0.0
 40
0.0
 40
0.0
 40
1.0
 40
1.0
 40
1.0
 10
275.0192484954124
 20
211.75894954616697
 30
0.0
 10
275.0342387297874
 20
211.62393978054197
 30
0.0
 10
274.89927779228736
 20
211.41397884304197
 30
0.0
  0
SPLINE
  5
16C
330
17
100
AcDbEntity
  8
ENGRAVE
100
AcDbSpline
 70
0
 71
2
 72
6
 73
3
 74
0
 40
0.0
 40
0.0
 40
0.0
 40
1.0
 40
1.0
 40
1.0
 10
274.8842387297874
 20
212.04395931179198
 30
0.0
 10
275.00425826103736
 20
211.89395931179197
 30
0.0
 10
275.0192484954124
 20
211.75894954616697
 30
0.0
  0
SPLINE
  5
16D
330
17
100
AcDbEntity
  8
ENGRAVE
100
AcDbSpline
 70
0
 71
2
 72
6
 73
3
 74
0
 40
0.0
 40
0.0
 40
0.0
 40
1.0
 40
1.0
 40
1.0
 10
274.7056553984394
 20
186.9154041414492
 30
0.0
 10
274.8556553984394
 20
186.9154041414492
 30
0.0
 10
275.0731602812519
 20
186.8103992586367
 30
0.0
  0
SPLINE
  5
16E
330
17
100
AcDbEntity
  8
ENGRAVE
100
AcDbSpline
 70
0
 71
2
 72
6
 73
3
 74
0
 40
0.0
 40
0.0
 40
0.0
 40
1.0
 40
1.0
 40
1.0
 10
274.2392680266624
 20
210.12396419460447
 30
0.0
 10
274.38926802666236
 20
210.07896907741699
 30
0.0
 10
275.07925826103735
 20
210.18394954616699
 30
0.0
  0
SPLINE
  5
16F
330
17
100
AcDbEntity
  8
ENGRAVE
100
AcDbSpline
 70
0
 71
2
 72
6
 73
3
 74
0
 40
0.0
 40
0.0
 40
0.0
 40
1.0
 40
1.0
 40
1.0
 10
274.86924849541236
 20
205.62393978054197
 30
0.0
 10
274.94424849541235
 20
205.74395931179197
 30
0.0
 10
275.0867533782249
 20
205.58646419460447
 30
0.0
  0
SPLINE
  5
170
330
17
100
AcDbEntity
  8
ENGRAVE
100
AcDbSpline
 70
0
 71
2
 72
6
 73
3
 74
0
 40
0.0
 40
0.0
 40
0.0
 40
1.0
 40
1.0
 40
1.0
 10
275.8592631438499
 20
209.238978843042
 30
0.0
 10
275.7392680266624
 20
209.16397884304197
 30
0.0
 10
275.1692484954124
 20
209.16397884304197
 30
0.0
  0
SPLINE
  5
171
330
17
100
AcDbEntity
  8
ENGRAVE
100
AcDbSpline
 70
0
 71
2
 72
6
 73
3
 74
0
 40
0.0
 40
0.0
 40
0.0
 40
1.0
 40
1.0
 40
1.0
 10
275.2892680266624
 20
205.24893978054197
 30
0.0
 10
275.2892680266624
 20
205.06895931179199
 30
0.0
 10
275.21426802666235
 20
204.82144954616697
 30
0.0
  0
SPLINE
  5
172
330
17
100
AcDbEntity
  8
ENGRAVE
100
AcDbSpline
 70
0
 71
2
 72
6
 73
3
 74
0
 40
0.0
 40
0.0
 40
0.0
 40
1.0
 40
1.0
 40
1.0
 10
275.0867533782249
 20
205.58646419460447
 30
0.0
 10
275.2292582610374
 20
205.42896907741698
 30
0.0
 10
275.2892680266624
 20
205.24893978054197
 30
0.0
  0
SPLINE
  5
173
330
17
100
AcDbEntity
  8
ENGRAVE
100
AcDbSpline
 70
0
 71
2
 72
6
 73
3
 74
0
 40
0.0
 40
0.0
 40
0.0
 40
1.0
 40
1.0
 40
1.0
 10
275.7331700468769
 20
182.7828846101992
 30
0.0
 10
275.5306553984394
 20
182.5953846101992
 30
0.0
 10
275.3356846953144
 20
182.5504139070742
 30
0.0
  0
SPLINE
  5
174
330
17
100
AcDbEntity
  8
ENGRAVE
100
AcDbSpline
 70
0
 71
2
 72
6
 73
3
 74
0
 40
0.0
 40
0.0
 40
0.0
 40
1.0
 40
1.0
 40
1.0
 10
275.0731602812519
 20
186.8103992586367
 30
0.0
 10
275.2906651640644
 20
186.7053943758242
 30
0.0
 10
275.4781651640644
 20
186.56288949301168
 30
0.0
  0
SPLINE
  5
175
330
17
100
AcDbEntity
  8
ENGRAVE
100
AcDbSpline
 70
0
 71
2
 72
6
 73
3
 74
0
 40
0.0
 40
0.0
 40
0.0
 40
1.0
 40
1.0
 40
1.0
 10
275.6656651640644
 20
185.0554187898867
 30
0.0
 10
275.6956456328144
 20
184.5004139070742
 30
0.0
 10
275.6056553984394
 20
184.1104236726992
 30
0.0
  0
SPLINE
  5
176
330
17
100
AcDbEntity
  8
ENGRAVE
100
AcDbSpline
 70
0
 71
2
 72
6
 73
3
 74
0
 40
0.0
 40
0.0
 40
0.0
 40
1.0
 40
1.0
 40
1.0
 10
275.6056553984394
 20
184.1104236726992
 30
0.0
 10
275.6056553984394
 20
184.1104236726992
 30
0.0
 10
275.6206700468769
 20
184.08791390707418
 30
0.0
  0
SPLINE
  5
177
330
17
100
AcDbEntity
  8
ENGRAVE
100
AcDbSpline
 70
0
 71
2
 72
6
 73
3
 74
0
 40
0.0
 40
0.0
 40
0.0
 40
1.0
 40
1.0
 40
1.0
 10
275.6506749296894
 20
184.0203846101992
 30
0.0
 10
275.6356846953144
 20
184.00539437582418
 30
0.0
 10
275.6431798125019
 20
183.9678943758242
 30
0.0
  0
SPLINE
  5
178
330
17
100
AcDbEntity
  8
ENGRAVE
100
AcDbSpline
 70
0
 71
2
 72
6
 73
3
 74
0
 40
0.0
 40
0.0
 40
0.0
 40
1.0
 40
1.0
 40
1.0
 10
275.6431798125019
 20
183.9678943758242
 30
0.0
 10
275.6506749296894
 20
183.9303943758242
 30
0.0
 10
275.6506749296894
 20
183.9303943758242
 30
0.0
  0
SPLINE
  5
179
330
17
100
AcDbEntity
  8
ENGRAVE
100
AcDbSpline
 70
0
 71
2
 72
6
 73
3
 74
0
 40
0.0
 40
0.0
 40
0.0
 40
1.0
 40
1.0
 40
1.0
 10
275.6206700468769
 20
184.08791390707418
 30
0.0
 10
275.6356846953144
 20
184.0654041414492
 30
0.0
 10
275.6506749296894
 20
184.0203846101992
 30
0.0
  0
SPLINE
  5
17A
330
17
100
AcDbEntity
  8
ENGRAVE
100
AcDbSpline
 70
0
 71
2
 72
6
 73
3
 74
0
 40
0.0
 40
0.0
 40
0.0
 40
1.0
 40
1.0
 40
1.0
 10
275.6656651640644
 20
185.9703846101992
 30
0.0
 10
275.6356846953144
 20
185.6104236726992
 30
0.0
 10
275.6656651640644
 20
185.0554187898867
 30
0.0
  0
SPLINE
  5
17B
330
17
100
AcDbEntity
  8
ENGRAVE
100
AcDbSpline
 70
0
 71
2
 72
6
 73
3
 74
0
 40
0.0
 40
0.0
 40
0.0
 40
1.0
 40
1.0
 40
1.0
 10
275.6806553984394
 20
186.1428943758242
 30
0.0
 10
275.6656651640644
 20
186.0453846101992
 30
0.0
 10
275.6656651640644
 20
185.9703846101992
 30
0.0
  0
SPLINE
  5
17C
330
17
100
AcDbEntity
  8
ENGRAVE
100
AcDbSpline
 70
0
 71
2
 72
6
 73
3
 74
0
 40
0.0
 40
0.0
 40
0.0
 40
1.0
 40
1.0
 40
1.0
 10
275.6956456328144
 20
186.3004139070742
 30
0.0
 10
275.6956456328144
 20
186.2404041414492
 30
0.0
 10
275.6806553984394
 20
186.1428943758242
 30
0.0
  0
SPLINE
  5
17D
330
17
100
AcDbEntity
  8
ENGRAVE
100
AcDbSpline
 70
0
 71
2
 72
6
 73
3
 74
0
 40
0.0
 40
0.0
 40
0.0
 40
1.0
 40
1.0
 40
1.0
 10
275.4781651640644
 20
186.56288949301168
 30
0.0
 10
275.6656651640644
 20
186.4203846101992
 30
0.0
 10
275.6956456328144
 20
186.3004139070742
 30
0.0
  0
SPLINE
  5
17E
330
17
100
AcDbEntity
  8
ENGRAVE
100
AcDbSpline
 70
0
 71
2
 72
6
 73
3
 74
0
 40
0.0
 40
0.0
 40
0.0
 40
1.0
 40
1.0
 40
1.0
 10
275.07925826103735
 20
210.18394954616699
 30
0.0
 10
275.51426802666236
 20
210.25894954616697
 30
0.0
 10
275.70926314384985
 20
210.093959311792
 30
0.0
  0
SPLINE
  5
17F
330
17
100
AcDbEntity
  8
ENGRAVE
100
AcDbSpline
 70
0
 71
2
 72
6
 73
3
 74
0
 40
0.0
 40
0.0
 40
0.0
 40
1.0
 40
1.0
 40
1.0
 10
275.9506749296894
 20
183.1654041414492
 30
0.0
 10
275.9356846953144
 20
182.9703846101992
 30
0.0
 10
275.7331700468769
 20
182.7828846101992
 30
0.0
  0
SPLINE
  5
180
330
17
100
AcDbEntity
  8
ENGRAVE
100
AcDbSpline
 70
0
 71
2
 72
6
 73
3
 74
0
 40
0.0
 40
0.0
 40
0.0
 40
1.0
 40
1.0
 40
1.0
 10
275.6506749296894
 20
183.9303943758242
 30
0.0
 10
275.6806553984394
 20
183.7803943758242
 30
0.0
 10
275.7556553984394
 20
183.6154041414492
 30
0.0
  0
SPLINE
  5
181
330
17
100
AcDbEntity
  8
ENGRAVE
100
AcDbSpline
 70
0
 71
2
 72
6
 73
3
 74
0
 40
0.0
 40
0.0
 40
0.0
 40
1.0
 40
1.0
 40
1.0
 10
275.93423872978735
 20
209.67393978054199
 30
0.0
 10
275.9792582610374
 20
209.31397884304198
 30
0.0
 10
275.8592631438499
 20
209.238978843042
 30
0.0
  0
SPLINE
  5
182
330
17
100
AcDbEntity
  8
ENGRAVE
100
AcDbSpline
 70
0
 71
2
 72
6
 73
3
 74
0
 40
0.0
 40
0.0
 40
0.0
 40
1.0
 40
1.0
 40
1.0
 10
275.70926314384985
 20
210.093959311792
 30
0.0
 10
275.9042582610374
 20
209.92896907741698
 30
0.0
 10
275.93423872978735
 20
209.67393978054199
 30
0.0
  0
SPLINE
  5
183
330
17
100
AcDbEntity
  8
ENGRAVE
100
AcDbSpline
 70
0
 71
2
 72
6
 73
3
 74
0
 40
0.0
 40
0.0
 40
0.0
 40
1.0
 40
1.0
 40
1.0
 10
275.7556553984394
 20
183.6154041414492
 30
0.0
 10
275.8306553984394
 20
183.4504139070742
 30
0.0
 10
275.9506749296894
 20
183.1654041414492
 30
0.0
  0
SPLINE
  5
184
330
17
100
AcDbEntity
  8
ENGRAVE
100
AcDbSpline
 70
0
 71
2
 72
6
 73
3
 74
0
 40
0.0
 40
0.0
 40
0.0
 40
1.0
 40
1.0
 40
1.0
 10
276.2642680266624
 20
204.61895931179197
 30
0.0
 10
276.0392680266624
 20
204.87393978054197
 30
0.0
 10
276.0092631438499
 20
205.07645442897947
 30
0.0
  0
SPLINE
  5
185
330
17
100
AcDbEntity
  8
ENGRAVE
100
AcDbSpline
 70
0
 71
2
 72
6
 73
3
 74
0
 40
0.0
 40
0.0
 40
0.0
 40
1.0
 40
1.0
 40
1.0
 10
276.0092631438499
 20
205.07645442897947
 30
0.0
 10
275.9792582610374
 20
205.27896907741697
 30
0.0
 10
276.0242289641624
 20
205.62393978054197
 30
0.0
  0
SPLINE
  5
186
330
17
100
AcDbEntity
  8
ENGRAVE
100
AcDbSpline
 70
0
 71
2
 72
6
 73
3
 74
0
 40
0.0
 40
0.0
 40
0.0
 40
1.0
 40
1.0
 40
1.0
 10
276.0242289641624
 20
205.62393978054197
 30
0.0
 10
276.0992289641624
 20
205.863978843042
 30
0.0
 10
276.2042338469749
 20
206.26895931179197
 30
0.0
  0
SPLINE
  5
187
330
17
100
AcDbEntity
  8
ENGRAVE
100
AcDbSpline
 70
0
 71
2
 72
6
 73
3
 74
0
 40
0.0
 40
0.0
 40
0.0
 40
1.0
 40
1.0
 40
1.0
 10
276.4967387297874
 20
204.44644954616697
 30
0.0
 10
276.3692484954124
 20
204.54395931179198
 30
0.0
 10
276.2642680266624
 20
204.61895931179197
 30
0.0
  0
SPLINE
  5
188
330
17
100
AcDbEntity
  8
ENGRAVE
100
AcDbSpline
 70
0
 71
2
 72
6
 73
3
 74
0
 40
0.0
 40
0.0
 40
0.0
 40
1.0
 40
1.0
 40
1.0
 10
276.2042338469749
 20
206.26895931179197
 30
0.0
 10
276.3092387297874
 20
206.67393978054199
 30
0.0
 10
276.4592387297874
 20
207.13897884304197
 30
0.0
  0
SPLINE
  5
189
330
17
100
AcDbEntity
  8
ENGRAVE
100
AcDbSpline
 70
0
 71
2
 72
6
 73
3
 74
0
 40
0.0
 40
0.0
 40
0.0
 40
1.0
 40
1.0
 40
1.0
 10
276.7292582610374
 20
204.363978843042
 30
0.0
 10
276.6242289641624
 20
204.34893978054197
 30
0.0
 10
276.4967387297874
 20
204.44644954616697
 30
0.0
  0
SPLINE
  5
18A
330
17
100
AcDbEntity
  8
ENGRAVE
100
AcDbSpline
 70
0
 71
2
 72
6
 73
3
 74
0
 40
0.0
 40
0.0
 40
0.0
 40
1.0
 40
1.0
 40
1.0
 10
276.4592387297874
 20
207.13897884304197
 30
0.0
 10
276.4892680266624
 20
207.31895931179199
 30
0.0
 10
276.5717631438499
 20
207.56646907741697
 30
0.0
  0
SPLINE
  5
18B
330
17
100
AcDbEntity
  8
ENGRAVE
100
AcDbSpline
 70
0
 71
2
 72
6
 73
3
 74
0
 40
0.0
 40
0.0
 40
0.0
 40
1.0
 40
1.0
 40
1.0
 10
277.2392436125999
 20
204.59647396022947
 30
0.0
 10
277.0292582610374
 20
204.37896907741697
 30
0.0
 10
276.7292582610374
 20
204.363978843042
 30
0.0
  0
SPLINE
  5
18C
330
17
100
AcDbEntity
  8
ENGRAVE
100
AcDbSpline
 70
0
 71
2
 72
6
 73
3
 74
0
 40
0.0
 40
0.0
 40
0.0
 40
1.0
 40
1.0
 40
1.0
 10
276.5717631438499
 20
207.56646907741697
 30
0.0
 10
276.6542582610374
 20
207.81397884304198
 30
0.0
 10
276.7442484954124
 20
208.0464739602295
 30
0.0
  0
SPLINE
  5
18D
330
17
100
AcDbEntity
  8
ENGRAVE
100
AcDbSpline
 70
0
 71
2
 72
6
 73
3
 74
0
 40
0.0
 40
0.0
 40
0.0
 40
1.0
 40
1.0
 40
1.0
 10
276.9256749296894
 20
183.3604236726992
 30
0.0
 10
276.8356846953144
 20
183.5703846101992
 30
0.0
 10
276.8731846953144
 20
183.9453846101992
 30
0.0
  0
SPLINE
  5
18E
330
17
100
AcDbEntity
  8
ENGRAVE
100
AcDbSpline
 70
0
 71
2
 72
6
 73
3
 74
0
 40
0.0
 40
0.0
 40
0.0
 40
1.0
 40
1.0
 40
1.0
 10
276.7442484954124
 20
208.0464739602295
 30
0.0
 10
276.8342387297874
 20
208.27896907741697
 30
0.0
 10
276.8792582610374
 20
208.39893978054198
 30
0.0
  0
SPLINE
  5
18F
330
17
100
AcDbEntity
  8
ENGRAVE
100
AcDbSpline
 70
0
 71
2
 72
6
 73
3
 74
0
 40
0.0
 40
0.0
 40
0.0
 40
1.0
 40
1.0
 40
1.0
 10
277.1881749296894
 20
182.9779041414492
 30
0.0
 10
277.0006749296894
 20
183.2104236726992
 30
0.0
 10
276.9256749296894
 20
183.3604236726992
 30
0.0
  0
SPLINE
  5
190
330
17
100
AcDbEntity
  8
ENGRAVE
100
AcDbSpline
 70
0
 71
2
 72
6
 73
3
 74
0
 40
0.0
 40
0.0
 40
0.0
 40
1.0
 40
1.0
 40
1.0
 10
276.8731846953144
 20
183.9453846101992
 30
0.0
 10
276.9106846953144
 20
184.3203846101992
 30
0.0
 10
277.0531895781269
 20
184.7703846101992
 30
0.0
  0
SPLINE
  5
191
330
17
100
AcDbEntity
  8
ENGRAVE
100
AcDbSpline
 70
0
 71
2
 72
6
 73
3
 74
0
 40
0.0
 40
0.0
 40
0.0
 40
1.0
 40
1.0
 40
1.0
 10
276.8792582610374
 20
208.39893978054198
 30
0.0
 10
276.9842387297874
 20
208.77393978054198
 30
0.0
 10
277.0967387297874
 20
209.11895931179197
 30
0.0
  0
SPLINE
  5
192
330
17
100
AcDbEntity
  8
ENGRAVE
100
AcDbSpline
 70
0
 71
2
 72
6
 73
3
 74
0
 40
0.0
 40
0.0
 40
0.0
 40
1.0
 40
1.0
 40
1.0
 10
277.6081700468769
 20
182.55788461019918
 30
0.0
 10
277.3756749296894
 20
182.74538461019918
 30
0.0
 10
277.1881749296894
 20
182.9779041414492
 30
0.0
  0
SPLINE
  5
193
330
17
100
AcDbEntity
  8
ENGRAVE
100
AcDbSpline
 70
0
 71
2
 72
6
 73
3
 74
0
 40
0.0
 40
0.0
 40
0.0
 40
1.0
 40
1.0
 40
1.0
 10
277.6292582610374
 20
205.03897884304197
 30
0.0
 10
277.4492289641624
 20
204.81397884304198
 30
0.0
 10
277.2392436125999
 20
204.59647396022947
 30
0.0
  0
SPLINE
  5
194
330
17
100
AcDbEntity
  8
ENGRAVE
100
AcDbSpline
 70
0
 71
2
 72
6
 73
3
 74
0
 40
0.0
 40
0.0
 40
0.0
 40
1.0
 40
1.0
 40
1.0
 10
277.0967387297874
 20
209.11895931179197
 30
0.0
 10
277.2092387297874
 20
209.46397884304199
 30
0.0
 10
277.3742533782249
 20
209.91397884304197
 30
0.0
  0
SPLINE
  5
195
330
17
100
AcDbEntity
  8
ENGRAVE
100
AcDbSpline
 70
0
 71
2
 72
6
 73
3
 74
0
 40
0.0
 40
0.0
 40
0.0
 40
1.0
 40
1.0
 40
1.0
 10
277.0531895781269
 20
184.7703846101992
 30
0.0
 10
277.1956944609394
 20
185.2203846101992
 30
0.0
 10
277.4131749296894
 20
185.6553943758242
 30
0.0
  0
SPLINE
  5
196
330
17
100
AcDbEntity
  8
ENGRAVE
100
AcDbSpline
 70
0
 71
2
 72
6
 73
3
 74
0
 40
0.0
 40
0.0
 40
0.0
 40
1.0
 40
1.0
 40
1.0
 10
278.0056553984394
 20
182.3404041414492
 30
0.0
 10
277.8406651640644
 20
182.37038461019918
 30
0.0
 10
277.6081700468769
 20
182.55788461019918
 30
0.0
  0
SPLINE
  5
197
330
17
100
AcDbEntity
  8
ENGRAVE
100
AcDbSpline
 70
0
 71
2
 72
6
 73
3
 74
0
 40
0.0
 40
0.0
 40
0.0
 40
1.0
 40
1.0
 40
1.0
 10
278.5142436125999
 20
205.97645442897948
 30
0.0
 10
278.0042582610374
 20
205.51895931179197
 30
0.0
 10
277.6292582610374
 20
205.03897884304197
 30
0.0
  0
SPLINE
  5
198
330
17
100
AcDbEntity
  8
ENGRAVE
100
AcDbSpline
 70
0
 71
2
 72
6
 73
3
 74
0
 40
0.0
 40
0.0
 40
0.0
 40
1.0
 40
1.0
 40
1.0
 10
277.6892436125999
 20
206.91395442897948
 30
0.0
 10
277.6592387297874
 20
206.79395931179198
 30
0.0
 10
277.6442484954124
 20
206.67393978054199
 30
0.0
  0
SPLINE
  5
199
330
17
100
AcDbEntity
  8
ENGRAVE
100
AcDbSpline
 70
0
 71
2
 72
6
 73
3
 74
0
 40
0.0
 40
0.0
 40
0.0
 40
1.0
 40
1.0
 40
1.0
 10
277.7342387297874
 20
207.10894954616697
 30
0.0
 10
277.7192484954124
 20
207.03394954616698
 30
0.0
 10
277.6892436125999
 20
206.91395442897948
 30
0.0
  0
SPLINE
  5
19A
330
17
100
AcDbEntity
  8
ENGRAVE
100
AcDbSpline
 70
0
 71
2
 72
6
 73
3
 74
0
 40
0.0
 40
0.0
 40
0.0
 40
1.0
 40
1.0
 40
1.0
 10
277.8242533782249
 20
207.39395931179197
 30
0.0
 10
277.7792582610374
 20
207.228969077417
 30
0.0
 10
277.7342387297874
 20
207.10894954616697
 30
0.0
  0
SPLINE
  5
19B
330
17
100
AcDbEntity
  8
ENGRAVE
100
AcDbSpline
 70
0
 71
2
 72
6
 73
3
 74
0
 40
0.0
 40
0.0
 40
0.0
 40
1.0
 40
1.0
 40
1.0
 10
277.3742533782249
 20
209.91397884304197
 30
0.0
 10
277.5392680266624
 20
210.363978843042
 30
0.0
 10
277.7792582610374
 20
211.05396907741698
 30
0.0
  0
SPLINE
  5
19C
330
17
100
AcDbEntity
  8
ENGRAVE
100
AcDbSpline
 70
0
 71
2
 72
6
 73
3
 74
0
 40
0.0
 40
0.0
 40
0.0
 40
1.0
 40
1.0
 40
1.0
 10
277.8842387297874
 20
207.64893978054198
 30
0.0
 10
277.8692484954124
 20
207.55894954616699
 30
0.0
 10
277.8242533782249
 20
207.39395931179197
 30
0.0
  0
SPLINE
  5
19D
330
17
100
AcDbEntity
  8
ENGRAVE
100
AcDbSpline
 70
0
 71
2
 72
6
 73
3
 74
0
 40
0.0
 40
0.0
 40
0.0
 40
1.0
 40
1.0
 40
1.0
 10
277.6442484954124
 20
206.67393978054199
 30
0.0
 10
277.7192484954124
 20
206.76397884304197
 30
0.0
 10
277.8542582610374
 20
206.89146907741699
 30
0.0
  0
SPLINE
  5
19E
330
17
100
AcDbEntity
  8
ENGRAVE
100
AcDbSpline
 70
0
 71
2
 72
6
 73
3
 74
0
 40
0.0
 40
0.0
 40
0.0
 40
1.0
 40
1.0
 40
1.0
 10
277.9367533782249
 20
207.75394466335447
 30
0.0
 10
277.8842387297874
 20
207.64893978054198
 30
0.0
 10
277.8842387297874
 20
207.64893978054198
 30
0.0
  0
SPLINE
  5
19F
330
17
100
AcDbEntity
  8
ENGRAVE
100
AcDbSpline
 70
0
 71
2
 72
6
 73
3
 74
0
 40
0.0
 40
0.0
 40
0.0
 40
1.0
 40
1.0
 40
1.0
 10
277.4131749296894
 20
185.6553943758242
 30
0.0
 10
277.6306553984394
 20
186.0904041414492
 30
0.0
 10
277.9156651640644
 20
186.4053943758242
 30
0.0
  0
SPLINE
  5
1A0
330
17
100
AcDbEntity
  8
ENGRAVE
100
AcDbSpline
 70
0
 71
2
 72
6
 73
3
 74
0
 40
0.0
 40
0.0
 40
0.0
 40
1.0
 40
1.0
 40
1.0
 10
278.0492289641624
 20
207.978969077417
 30
0.0
 10
277.9892680266624
 20
207.85894954616697
 30
0.0
 10
277.9367533782249
 20
207.75394466335447
 30
0.0
  0
SPLINE
  5
1A1
330
17
100
AcDbEntity
  8
ENGRAVE
100
AcDbSpline
 70
0
 71
2
 72
6
 73
3
 74
0
 40
0.0
 40
0.0
 40
0.0
 40
1.0
 40
1.0
 40
1.0
 10
278.8081700468769
 20
182.5428943758242
 30
0.0
 10
278.3656651640644
 20
182.3404041414492
 30
0.0
 10
278.0056553984394
 20
182.3404041414492
 30
0.0
  0
SPLINE
  5
1A2
330
17
100
AcDbEntity
  8
ENGRAVE
100
AcDbSpline
 70
0
 71
2
 72
6
 73
3
 74
0
 40
0.0
 40
0.0
 40
0.0
 40
1.0
 40
1.0
 40
1.0
 10
278.1917338469749
 20
208.27894466335448
 30
0.0
 10
278.1092387297874
 20
208.09893978054197
 30
0.0
 10
278.0492289641624
 20
207.978969077417
 30
0.0
  0
SPLINE
  5
1A3
330
17
100
AcDbEntity
  8
ENGRAVE
100
AcDbSpline
 70
0
 71
2
 72
6
 73
3
 74
0
 40
0.0
 40
0.0
 40
0.0
 40
1.0
 40
1.0
 40
1.0
 10
278.6056798125019
 20
185.13039437582418
 30
0.0
 10
278.3506749296894
 20
184.6953846101992
 30
0.0
 10
278.1856846953144
 20
183.8854236726992
 30
0.0
  0
SPLINE
  5
1A4
330
17
100
AcDbEntity
  8
ENGRAVE
100
AcDbSpline
 70
0
 71
2
 72
6
 73
3
 74
0
 40
0.0
 40
0.0
 40
0.0
 40
1.0
 40
1.0
 40
1.0
 10
278.2892680266624
 20
208.53394954616698
 30
0.0
 10
278.2742289641624
 20
208.458949546167
 30
0.0
 10
278.1917338469749
 20
208.27894466335448
 30
0.0
  0
SPLINE
  5
1A5
330
17
100
AcDbEntity
  8
ENGRAVE
100
AcDbSpline
 70
0
 71
2
 72
6
 73
3
 74
0
 40
0.0
 40
0.0
 40
0.0
 40
1.0
 40
1.0
 40
1.0
 10
277.8542582610374
 20
206.89146907741699
 30
0.0
 10
277.9892680266624
 20
207.01895931179197
 30
0.0
 10
278.1992289641624
 20
207.21397884304199
 30
0.0
  0
SPLINE
  5
1A6
330
17
100
AcDbEntity
  8
ENGRAVE
100
AcDbSpline
 70
0
 71
2
 72
6
 73
3
 74
0
 40
0.0
 40
0.0
 40
0.0
 40
1.0
 40
1.0
 40
1.0
 10
277.7792582610374
 20
211.05396907741698
 30
0.0
 10
278.1092387297874
 20
211.95396907741699
 30
0.0
 10
278.2742533782249
 20
212.40396907741697
 30
0.0
  0
SPLINE
  5
1A7
330
17
100
AcDbEntity
  8
ENGRAVE
100
AcDbSpline
 70
0
 71
2
 72
6
 73
3
 74
0
 40
0.0
 40
0.0
 40
0.0
 40
1.0
 40
1.0
 40
1.0
 10
278.7392680266624
 20
209.74896419460447
 30
0.0
 10
278.5142680266624
 20
209.08897884304199
 30
0.0
 10
278.2892680266624
 20
208.53394954616698
 30
0.0
  0
SPLINE
  5
1A8
330
17
100
AcDbEntity
  8
ENGRAVE
100
AcDbSpline
 70
0
 71
2
 72
6
 73
3
 74
0
 40
0.0
 40
0.0
 40
0.0
 40
1.0
 40
1.0
 40
1.0
 10
278.1856846953144
 20
183.8854236726992
 30
0.0
 10
278.1556553984394
 20
183.7354236726992
 30
0.0
 10
278.2906651640644
 20
183.6754139070742
 30
0.0
  0
SPLINE
  5
1A9
330
17
100
AcDbEntity
  8
ENGRAVE
100
AcDbSpline
 70
0
 71
2
 72
6
 73
3
 74
0
 40
0.0
 40
0.0
 40
0.0
 40
1.0
 40
1.0
 40
1.0
 10
279.4967387297874
 20
206.73394954616697
 30
0.0
 10
279.0242289641624
 20
206.43394954616699
 30
0.0
 10
278.5142436125999
 20
205.97645442897948
 30
0.0
  0
SPLINE
  5
1AA
330
17
100
AcDbEntity
  8
ENGRAVE
100
AcDbSpline
 70
0
 71
2
 72
6
 73
3
 74
0
 40
0.0
 40
0.0
 40
0.0
 40
1.0
 40
1.0
 40
1.0
 10
278.2742533782249
 20
212.40396907741697
 30
0.0
 10
278.4392680266624
 20
212.853969077417
 30
0.0
 10
278.5142680266624
 20
213.04896419460448
 30
0.0
  0
SPLINE
  5
1AB
330
17
100
AcDbEntity
  8
ENGRAVE
100
AcDbSpline
 70
0
 71
2
 72
6
 73
3
 74
0
 40
0.0
 40
0.0
 40
0.0
 40
1.0
 40
1.0
 40
1.0
 10
279.2206944609394
 20
185.8953846101992
 30
0.0
 10
278.8606846953144
 20
185.5654041414492
 30
0.0
 10
278.6056798125019
 20
185.13039437582418
 30
0.0
  0
SPLINE
  5
1AC
330
17
100
AcDbEntity
  8
ENGRAVE
100
AcDbSpline
 70
0
 71
2
 72
6
 73
3
 74
0
 40
0.0
 40
0.0
 40
0.0
 40
1.0
 40
1.0
 40
1.0
 10
278.1992289641624
 20
207.21397884304199
 30
0.0
 10
278.4392680266624
 20
207.42393978054199
 30
0.0
 10
278.6192484954124
 20
207.573939780542
 30
0.0
  0
SPLINE
  5
1AD
330
17
100
AcDbEntity
  8
ENGRAVE
100
AcDbSpline
 70
0
 71
2
 72
6
 73
3
 74
0
 40
0.0
 40
0.0
 40
0.0
 40
1.0
 40
1.0
 40
1.0
 10
278.5142680266624
 20
213.04896419460448
 30
0.0
 10
278.5892680266624
 20
213.24395931179197
 30
0.0
 10
278.6192484954124
 20
213.363978843042
 30
0.0
  0
SPLINE
  5
1AE
330
17
100
AcDbEntity
  8
ENGRAVE
100
AcDbSpline
 70
0
 71
2
 72
6
 73
3
 74
0
 40
0.0
 40
0.0
 40
0.0
 40
1.0
 40
1.0
 40
1.0
 10
278.2906651640644
 20
183.6754139070742
 30
0.0
 10
278.4256749296894
 20
183.6154041414492
 30
0.0
 10
278.7106846953144
 20
183.7203846101992
 30
0.0
  0
SPLINE
  5
1AF
330
17
100
AcDbEntity
  8
ENGRAVE
100
AcDbSpline
 70
0
 71
2
 72
6
 73
3
 74
0
 40
0.0
 40
0.0
 40
0.0
 40
1.0
 40
1.0
 40
1.0
 10
279.1967631438499
 20
211.07645442897947
 30
0.0
 10
278.9642680266624
 20
210.40894954616698
 30
0.0
 10
278.7392680266624
 20
209.74896419460447
 30
0.0
  0
SPLINE
  5
1B0
330
17
100
AcDbEntity
  8
ENGRAVE
100
AcDbSpline
 70
0
 71
2
 72
6
 73
3
 74
0
 40
0.0
 40
0.0
 40
0.0
 40
1.0
 40
1.0
 40
1.0
 10
278.6192484954124
 20
213.363978843042
 30
0.0
 10
278.6192484954124
 20
213.48394954616697
 30
0.0
 10
278.7917582610374
 20
213.59644954616698
 30
0.0
  0
SPLINE
  5
1B1
330
17
100
AcDbEntity
  8
ENGRAVE
100
AcDbSpline
 70
0
 71
2
 72
6
 73
3
 74
0
 40
0.0
 40
0.0
 40
0.0
 40
1.0
 40
1.0
 40
1.0
 10
279.7606846953144
 20
183.2254139070742
 30
0.0
 10
279.2506749296894
 20
182.74538461019918
 30
0.0
 10
278.8081700468769
 20
182.5428943758242
 30
0.0
  0
SPLINE
  5
1B2
330
17
100
AcDbEntity
  8
ENGRAVE
100
AcDbSpline
 70
0
 71
2
 72
6
 73
3
 74
0
 40
0.0
 40
0.0
 40
0.0
 40
1.0
 40
1.0
 40
1.0
 10
278.6192484954124
 20
207.573939780542
 30
0.0
 10
278.7992289641624
 20
207.72393978054197
 30
0.0
 10
278.9792582610374
 20
207.843959311792
 30
0.0
  0
SPLINE
  5
1B3
330
17
100
AcDbEntity
  8
ENGRAVE
100
AcDbSpline
 70
0
 71
2
 72
6
 73
3
 74
0
 40
0.0
 40
0.0
 40
0.0
 40
1.0
 40
1.0
 40
1.0
 10
278.7106846953144
 20
183.7203846101992
 30
0.0
 10
278.9206944609394
 20
183.7953846101992
 30
0.0
 10
279.0856846953144
 20
183.9003894930117
 30
0.0
  0
SPLINE
  5
1B4
330
17
100
AcDbEntity
  8
ENGRAVE
100
AcDbSpline
 70
0
 71
2
 72
6
 73
3
 74
0
 40
0.0
 40
0.0
 40
0.0
 40
1.0
 40
1.0
 40
1.0
 10
278.7917582610374
 20
213.59644954616698
 30
0.0
 10
278.9642680266624
 20
213.708949546167
 30
0.0
 10
279.0992289641624
 20
213.708949546167
 30
0.0
  0
SPLINE
  5
1B5
330
17
100
AcDbEntity
  8
ENGRAVE
100
AcDbSpline
 70
0
 71
2
 72
6
 73
3
 74
0
 40
0.0
 40
0.0
 40
0.0
 40
1.0
 40
1.0
 40
1.0
 10
277.9156651640644
 20
186.4053943758242
 30
0.0
 10
278.4106846953144
 20
187.1553943758242
 30
0.0
 10
279.1456700468769
 20
187.3428943758242
 30
0.0
  0
SPLINE
  5
1B6
330
17
100
AcDbEntity
  8
ENGRAVE
100
AcDbSpline
 70
0
 71
2
 72
6
 73
3
 74
0
 40
0.0
 40
0.0
 40
0.0
 40
1.0
 40
1.0
 40
1.0
 10
279.6692484954124
 20
212.28394954616698
 30
0.0
 10
279.4292582610374
 20
211.74395931179197
 30
0.0
 10
279.1967631438499
 20
211.07645442897947
 30
0.0
  0
SPLINE
  5
1B7
330
17
100
AcDbEntity
  8
ENGRAVE
100
AcDbSpline
 70
0
 71
2
 72
6
 73
3
 74
0
 40
0.0
 40
0.0
 40
0.0
 40
1.0
 40
1.0
 40
1.0
 10
279.8056798125019
 20
186.2178943758242
 30
0.0
 10
279.5506749296894
 20
186.1953846101992
 30
0.0
 10
279.2206944609394
 20
185.8953846101992
 30
0.0
  0
SPLINE
  5
1B8
330
17
100
AcDbEntity
  8
ENGRAVE
100
AcDbSpline
 70
0
 71
2
 72
6
 73
3
 74
0
 40
0.0
 40
0.0
 40
0.0
 40
1.0
 40
1.0
 40
1.0
 10
278.9792582610374
 20
207.843959311792
 30
0.0
 10
279.1442484954124
 20
207.96397884304199
 30
0.0
 10
279.2867533782249
 20
208.06895931179199
 30
0.0
  0
SPLINE
  5
1B9
330
17
100
AcDbEntity
  8
ENGRAVE
100
AcDbSpline
 70
0
 71
2
 72
6
 73
3
 74
0
 40
0.0
 40
0.0
 40
0.0
 40
1.0
 40
1.0
 40
1.0
 10
279.2867533782249
 20
208.06895931179199
 30
0.0
 10
279.4292582610374
 20
208.17393978054199
 30
0.0
 10
279.4292582610374
 20
208.17393978054199
 30
0.0
  0
SPLINE
  5
1BA
330
17
100
AcDbEntity
  8
ENGRAVE
100
AcDbSpline
 70
0
 71
2
 72
6
 73
3
 74
0
 40
0.0
 40
0.0
 40
0.0
 40
1.0
 40
1.0
 40
1.0
 10
279.0856846953144
 20
183.9003894930117
 30
0.0
 10
279.2506749296894
 20
184.00539437582418
 30
0.0
 10
279.4756749296894
 20
184.1703846101992
 30
0.0
  0
SPLINE
  5
1BB
330
17
100
AcDbEntity
  8
ENGRAVE
100
AcDbSpline
 70
0
 71
2
 72
6
 73
3
 74
0
 40
0.0
 40
0.0
 40
0.0
 40
1.0
 40
1.0
 40
1.0
 10
280.1942484954124
 20
207.03394954616698
 30
0.0
 10
279.9692484954124
 20
207.03394954616698
 30
0.0
 10
279.4967387297874
 20
206.73394954616697
 30
0.0
  0
SPLINE
  5
1BC
330
17
100
AcDbEntity
  8
ENGRAVE
100
AcDbSpline
 70
0
 71
2
 72
6
 73
3
 74
0
 40
0.0
 40
0.0
 40
0.0
 40
1.0
 40
1.0
 40
1.0
 10
279.4292582610374
 20
208.17393978054199
 30
0.0
 10
279.4592387297874
 20
208.218959311792
 30
0.0
 10
279.4967387297874
 20
208.27896907741697
 30
0.0
  0
SPLINE
  5
1BD
330
17
100
AcDbEntity
  8
ENGRAVE
100
AcDbSpline
 70
0
 71
2
 72
6
 73
3
 74
0
 40
0.0
 40
0.0
 40
0.0
 40
1.0
 40
1.0
 40
1.0
 10
279.0992289641624
 20
213.708949546167
 30
0.0
 10
279.3092387297874
 20
213.69395931179199
 30
0.0
 10
279.5042338469749
 20
213.46146419460447
 30
0.0
  0
SPLINE
  5
1BE
330
17
100
AcDbEntity
  8
ENGRAVE
100
AcDbSpline
 70
0
 71
2
 72
6
 73
3
 74
0
 40
0.0
 40
0.0
 40
0.0
 40
1.0
 40
1.0
 40
1.0
 10
279.4967387297874
 20
208.27896907741697
 30
0.0
 10
279.5342387297874
 20
208.33897884304199
 30
0.0
 10
279.5792582610374
 20
208.353969077417
 30
0.0
  0
SPLINE
  5
1BF
330
17
100
AcDbEntity
  8
ENGRAVE
100
AcDbSpline
 70
0
 71
2
 72
6
 73
3
 74
0
 40
0.0
 40
0.0
 40
0.0
 40
1.0
 40
1.0
 40
1.0
 10
279.7742289641624
 20
212.906459311792
 30
0.0
 10
279.8492289641624
 20
212.583949546167
 30
0.0
 10
279.6692484954124
 20
212.28394954616698
 30
0.0
  0
SPLINE
  5
1C0
330
17
100
AcDbEntity
  8
ENGRAVE
100
AcDbSpline
 70
0
 71
2
 72
6
 73
3
 74
0
 40
0.0
 40
0.0
 40
0.0
 40
1.0
 40
1.0
 40
1.0
 10
279.5792582610374
 20
208.353969077417
 30
0.0
 10
279.6092387297874
 20
208.38394954616697
 30
0.0
 10
279.6842387297874
 20
208.43646419460447
 30
0.0
  0
SPLINE
  5
1C1
330
17
100
AcDbEntity
  8
ENGRAVE
100
AcDbSpline
 70
0
 71
2
 72
6
 73
3
 74
0
 40
0.0
 40
0.0
 40
0.0
 40
1.0
 40
1.0
 40
1.0
 10
279.5042338469749
 20
213.46146419460447
 30
0.0
 10
279.6992289641624
 20
213.228969077417
 30
0.0
 10
279.7742289641624
 20
212.906459311792
 30
0.0
  0
SPLINE
  5
1C2
330
17
100
AcDbEntity
  8
ENGRAVE
100
AcDbSpline
 70
0
 71
2
 72
6
 73
3
 74
0
 40
0.0
 40
0.0
 40
0.0
 40
1.0
 40
1.0
 40
1.0
 10
280.2256749296894
 20
186.1053943758242
 30
0.0
 10
280.0606846953144
 20
186.2404041414492
 30
0.0
 10
279.8056798125019
 20
186.2178943758242
 30
0.0
  0
SPLINE
  5
1C3
330
17
100
AcDbEntity
  8
ENGRAVE
100
AcDbSpline
 70
0
 71
2
 72
6
 73
3
 74
0
 40
0.0
 40
0.0
 40
0.0
 40
1.0
 40
1.0
 40
1.0
 10
279.6842387297874
 20
208.43646419460447
 30
0.0
 10
279.7592387297874
 20
208.488978843042
 30
0.0
 10
279.8342387297874
 20
208.54893978054199
 30
0.0
  0
SPLINE
  5
1C4
330
17
100
AcDbEntity
  8
ENGRAVE
100
AcDbSpline
 70
0
 71
2
 72
6
 73
3
 74
0
 40
0.0
 40
0.0
 40
0.0
 40
1.0
 40
1.0
 40
1.0
 10
279.4756749296894
 20
184.1703846101992
 30
0.0
 10
279.9256749296894
 20
184.51540414144918
 30
0.0
 10
280.1281651640644
 20
184.77040902426168
 30
0.0
  0
SPLINE
  5
1C5
330
17
100
AcDbEntity
  8
ENGRAVE
100
AcDbSpline
 70
0
 71
2
 72
6
 73
3
 74
0
 40
0.0
 40
0.0
 40
0.0
 40
1.0
 40
1.0
 40
1.0
 10
280.3442484954124
 20
206.74144466335449
 30
0.0
 10
280.3592387297874
 20
207.03394954616698
 30
0.0
 10
280.1942484954124
 20
207.03394954616698
 30
0.0
  0
SPLINE
  5
1C6
330
17
100
AcDbEntity
  8
ENGRAVE
100
AcDbSpline
 70
0
 71
2
 72
6
 73
3
 74
0
 40
0.0
 40
0.0
 40
0.0
 40
1.0
 40
1.0
 40
1.0
 10
280.4506749296894
 20
185.40041390707418
 30
0.0
 10
280.5706944609394
 20
185.8053943758242
 30
0.0
 10
280.2256749296894
 20
186.1053943758242
 30
0.0
  0
SPLINE
  5
1C7
330
17
100
AcDbEntity
  8
ENGRAVE
100
AcDbSpline
 70
0
 71
2
 72
6
 73
3
 74
0
 40
0.0
 40
0.0
 40
0.0
 40
1.0
 40
1.0
 40
1.0
 10
280.3517436125999
 20
205.05394466335449
 30
0.0
 10
280.2542582610374
 20
205.323939780542
 30
0.0
 10
280.2692484954124
 20
205.78897884304197
 30
0.0
  0
SPLINE
  5
1C8
330
17
100
AcDbEntity
  8
ENGRAVE
100
AcDbSpline
 70
0
 71
2
 72
6
 73
3
 74
0
 40
0.0
 40
0.0
 40
0.0
 40
1.0
 40
1.0
 40
1.0
 10
280.2692484954124
 20
205.78897884304197
 30
0.0
 10
280.3292582610374
 20
206.448939780542
 30
0.0
 10
280.3442484954124
 20
206.74144466335449
 30
0.0
  0
SPLINE
  5
1C9
330
17
100
AcDbEntity
  8
ENGRAVE
100
AcDbSpline
 70
0
 71
2
 72
6
 73
3
 74
0
 40
0.0
 40
0.0
 40
0.0
 40
1.0
 40
1.0
 40
1.0
 10
280.7342387297874
 20
204.58897884304199
 30
0.0
 10
280.4492289641624
 20
204.78394954616698
 30
0.0
 10
280.3517436125999
 20
205.05394466335449
 30
0.0
  0
SPLINE
  5
1CA
330
17
100
AcDbEntity
  8
ENGRAVE
100
AcDbSpline
 70
0
 71
2
 72
6
 73
3
 74
0
 40
0.0
 40
0.0
 40
0.0
 40
1.0
 40
1.0
 40
1.0
 10
280.4281651640644
 20
182.7679187898867
 30
0.0
 10
280.4056553984394
 20
182.9854236726992
 30
0.0
 10
280.3906651640644
 20
183.2703846101992
 30
0.0
  0
SPLINE
  5
1CB
330
17
100
AcDbEntity
  8
ENGRAVE
100
AcDbSpline
 70
0
 71
2
 72
6
 73
3
 74
0
 40
0.0
 40
0.0
 40
0.0
 40
1.0
 40
1.0
 40
1.0
 10
280.5406651640644
 20
182.3104236726992
 30
0.0
 10
280.4506749296894
 20
182.5504139070742
 30
0.0
 10
280.4281651640644
 20
182.7679187898867
 30
0.0
  0
SPLINE
  5
1CC
330
17
100
AcDbEntity
  8
ENGRAVE
100
AcDbSpline
 70
0
 71
2
 72
6
 73
3
 74
0
 40
0.0
 40
0.0
 40
0.0
 40
1.0
 40
1.0
 40
1.0
 10
280.1281651640644
 20
184.77040902426168
 30
0.0
 10
280.3306553984394
 20
185.02541390707418
 30
0.0
 10
280.4506749296894
 20
185.40041390707418
 30
0.0
  0
SPLINE
  5
1CD
330
17
100
AcDbEntity
  8
ENGRAVE
100
AcDbSpline
 70
0
 71
2
 72
6
 73
3
 74
0
 40
0.0
 40
0.0
 40
0.0
 40
1.0
 40
1.0
 40
1.0
 10
279.1456700468769
 20
187.3428943758242
 30
0.0
 10
279.8806553984394
 20
187.5303943758242
 30
0.0
 10
280.4506749296894
 20
187.2154041414492
 30
0.0
  0
SPLINE
  5
1CE
330
17
100
AcDbEntity
  8
ENGRAVE
100
AcDbSpline
 70
0
 71
2
 72
6
 73
3
 74
0
 40
0.0
 40
0.0
 40
0.0
 40
1.0
 40
1.0
 40
1.0
 10
280.8031651640644
 20
182.0029041414492
 30
0.0
 10
280.6156651640644
 20
182.1453846101992
 30
0.0
 10
280.5406651640644
 20
182.3104236726992
 30
0.0
  0
SPLINE
  5
1CF
330
17
100
AcDbEntity
  8
ENGRAVE
100
AcDbSpline
 70
0
 71
2
 72
6
 73
3
 74
0
 40
0.0
 40
0.0
 40
0.0
 40
1.0
 40
1.0
 40
1.0
 10
281.3117533782249
 20
204.48394954616697
 30
0.0
 10
281.0342387297874
 20
204.42393978054199
 30
0.0
 10
280.7342387297874
 20
204.58897884304199
 30
0.0
  0
SPLINE
  5
1D0
330
17
100
AcDbEntity
  8
ENGRAVE
100
AcDbSpline
 70
0
 71
2
 72
6
 73
3
 74
0
 40
0.0
 40
0.0
 40
0.0
 40
1.0
 40
1.0
 40
1.0
 10
279.8342387297874
 20
208.54893978054199
 30
0.0
 10
280.2542582610374
 20
208.81895931179199
 30
0.0
 10
280.7492289641624
 20
208.81895931179199
 30
0.0
  0
SPLINE
  5
1D1
330
17
100
AcDbEntity
  8
ENGRAVE
100
AcDbSpline
 70
0
 71
2
 72
6
 73
3
 74
0
 40
0.0
 40
0.0
 40
0.0
 40
1.0
 40
1.0
 40
1.0
 10
281.1856846953144
 20
181.9053943758242
 30
0.0
 10
280.9906651640644
 20
181.8604236726992
 30
0.0
 10
280.8031651640644
 20
182.0029041414492
 30
0.0
  0
SPLINE
  5
1D2
330
17
100
AcDbEntity
  8
ENGRAVE
100
AcDbSpline
 70
0
 71
2
 72
6
 73
3
 74
0
 40
0.0
 40
0.0
 40
0.0
 40
1.0
 40
1.0
 40
1.0
 10
280.4506749296894
 20
187.2154041414492
 30
0.0
 10
280.7206944609394
 20
187.0803943758242
 30
0.0
 10
280.8406895781269
 20
187.1103992586367
 30
0.0
  0
SPLINE
  5
1D3
330
17
100
AcDbEntity
  8
ENGRAVE
100
AcDbSpline
 70
0
 71
2
 72
6
 73
3
 74
0
 40
0.0
 40
0.0
 40
0.0
 40
1.0
 40
1.0
 40
1.0
 10
280.8406895781269
 20
187.1103992586367
 30
0.0
 10
280.9606846953144
 20
187.14040414144918
 30
0.0
 10
280.9906651640644
 20
187.3053943758242
 30
0.0
  0
SPLINE
  5
1D4
330
17
100
AcDbEntity
  8
ENGRAVE
100
AcDbSpline
 70
0
 71
2
 72
6
 73
3
 74
0
 40
0.0
 40
0.0
 40
0.0
 40
1.0
 40
1.0
 40
1.0
 10
280.7492289641624
 20
208.81895931179199
 30
0.0
 10
280.9292582610374
 20
208.81895931179199
 30
0.0
 10
281.1242533782249
 20
208.67645442897947
 30
0.0
  0
SPLINE
  5
1D5
330
17
100
AcDbEntity
  8
ENGRAVE
100
AcDbSpline
 70
0
 71
2
 72
6
 73
3
 74
0
 40
0.0
 40
0.0
 40
0.0
 40
1.0
 40
1.0
 40
1.0
 10
280.9906651640644
 20
187.3053943758242
 30
0.0
 10
281.0506749296894
 20
187.5453846101992
 30
0.0
 10
281.1256749296894
 20
187.75539437582418
 30
0.0
  0
SPLINE
  5
1D6
330
17
100
AcDbEntity
  8
ENGRAVE
100
AcDbSpline
 70
0
 71
2
 72
6
 73
3
 74
0
 40
0.0
 40
0.0
 40
0.0
 40
1.0
 40
1.0
 40
1.0
 10
281.5156651640644
 20
181.9728992586367
 30
0.0
 10
281.3506749296894
 20
181.9203846101992
 30
0.0
 10
281.1856846953144
 20
181.9053943758242
 30
0.0
  0
SPLINE
  5
1D7
330
17
100
AcDbEntity
  8
ENGRAVE
100
AcDbSpline
 70
0
 71
2
 72
6
 73
3
 74
0
 40
0.0
 40
0.0
 40
0.0
 40
1.0
 40
1.0
 40
1.0
 10
281.9492289641624
 20
204.78394954616698
 30
0.0
 10
281.5892680266624
 20
204.54395931179198
 30
0.0
 10
281.3117533782249
 20
204.48394954616697
 30
0.0
  0
SPLINE
  5
1D8
330
17
100
AcDbEntity
  8
ENGRAVE
100
AcDbSpline
 70
0
 71
2
 72
6
 73
3
 74
0
 40
0.0
 40
0.0
 40
0.0
 40
1.0
 40
1.0
 40
1.0
 10
281.1256749296894
 20
187.75539437582418
 30
0.0
 10
281.2006749296894
 20
187.9654041414492
 30
0.0
 10
281.3356846953144
 20
188.3854236726992
 30
0.0
  0
SPLINE
  5
1D9
330
17
100
AcDbEntity
  8
ENGRAVE
100
AcDbSpline
 70
0
 71
2
 72
6
 73
3
 74
0
 40
0.0
 40
0.0
 40
0.0
 40
1.0
 40
1.0
 40
1.0
 10
281.1242533782249
 20
208.67645442897947
 30
0.0
 10
281.3192484954124
 20
208.53394954616698
 30
0.0
 10
281.4842387297874
 20
208.27896907741697
 30
0.0
  0
SPLINE
  5
1DA
330
17
100
AcDbEntity
  8
ENGRAVE
100
AcDbSpline
 70
0
 71
2
 72
6
 73
3
 74
0
 40
0.0
 40
0.0
 40
0.0
 40
1.0
 40
1.0
 40
1.0
 10
281.6117533782249
 20
206.67396419460448
 30
0.0
 10
281.5442484954124
 20
206.343959311792
 30
0.0
 10
281.5142680266624
 20
206.17896907741698
 30
0.0
  0
SPLINE
  5
1DB
330
17
100
AcDbEntity
  8
ENGRAVE
100
AcDbSpline
 70
0
 71
2
 72
6
 73
3
 74
0
 40
0.0
 40
0.0
 40
0.0
 40
1.0
 40
1.0
 40
1.0
 10
281.7706700468769
 20
182.1754139070742
 30
0.0
 10
281.6806553984394
 20
182.02541390707418
 30
0.0
 10
281.5156651640644
 20
181.9728992586367
 30
0.0
  0
SPLINE
  5
1DC
330
17
100
AcDbEntity
  8
ENGRAVE
100
AcDbSpline
 70
0
 71
2
 72
6
 73
3
 74
0
 40
0.0
 40
0.0
 40
0.0
 40
1.0
 40
1.0
 40
1.0
 10
281.6792582610374
 20
207.12393978054197
 30
0.0
 10
281.6792582610374
 20
207.00396907741697
 30
0.0
 10
281.6117533782249
 20
206.67396419460448
 30
0.0
  0
SPLINE
  5
1DD
330
17
100
AcDbEntity
  8
ENGRAVE
100
AcDbSpline
 70
0
 71
2
 72
6
 73
3
 74
0
 40
0.0
 40
0.0
 40
0.0
 40
1.0
 40
1.0
 40
1.0
 10
281.4842387297874
 20
208.27896907741697
 30
0.0
 10
281.7392680266624
 20
207.91895931179198
 30
0.0
 10
281.6792582610374
 20
207.12393978054197
 30
0.0
  0
SPLINE
  5
1DE
330
17
100
AcDbEntity
  8
ENGRAVE
100
AcDbSpline
 70
0
 71
2
 72
6
 73
3
 74
0
 40
0.0
 40
0.0
 40
0.0
 40
1.0
 40
1.0
 40
1.0
 10
281.7331700468769
 20
184.1029041414492
 30
0.0
 10
281.7106846953144
 20
183.5703846101992
 30
0.0
 10
281.7256749296894
 20
183.1578846101992
 30
0.0
  0
SPLINE
  5
1DF
330
17
100
AcDbEntity
  8
ENGRAVE
100
AcDbSpline
 70
0
 71
2
 72
6
 73
3
 74
0
 40
0.0
 40
0.0
 40
0.0
 40
1.0
 40
1.0
 40
1.0
 10
281.8081700468769
 20
185.14540902426168
 30
0.0
 10
281.7556553984394
 20
184.6354236726992
 30
0.0
 10
281.7331700468769
 20
184.1029041414492
 30
0.0
  0
SPLINE
  5
1E0
330
17
100
AcDbEntity
  8
ENGRAVE
100
AcDbSpline
 70
0
 71
2
 72
6
 73
3
 74
0
 40
0.0
 40
0.0
 40
0.0
 40
1.0
 40
1.0
 40
1.0
 10
281.7706944609394
 20
182.6254139070742
 30
0.0
 10
281.8606846953144
 20
182.3254139070742
 30
0.0
 10
281.7706700468769
 20
182.1754139070742
 30
0.0
  0
SPLINE
  5
1E1
330
17
100
AcDbEntity
  8
ENGRAVE
100
AcDbSpline
 70
0
 71
2
 72
6
 73
3
 74
0
 40
0.0
 40
0.0
 40
0.0
 40
1.0
 40
1.0
 40
1.0
 10
281.7256749296894
 20
183.1578846101992
 30
0.0
 10
281.7406651640644
 20
182.74538461019918
 30
0.0
 10
281.7706944609394
 20
182.6254139070742
 30
0.0
  0
SPLINE
  5
1E2
330
17
100
AcDbEntity
  8
ENGRAVE
100
AcDbSpline
 70
0
 71
2
 72
6
 73
3
 74
0
 40
0.0
 40
0.0
 40
0.0
 40
1.0
 40
1.0
 40
1.0
 10
281.9506749296894
 20
185.9854236726992
 30
0.0
 10
281.8606846953144
 20
185.6553943758242
 30
0.0
 10
281.8081700468769
 20
185.14540902426168
 30
0.0
  0
SPLINE
  5
1E3
330
17
100
AcDbEntity
  8
ENGRAVE
100
AcDbSpline
 70
0
 71
2
 72
6
 73
3
 74
0
 40
0.0
 40
0.0
 40
0.0
 40
1.0
 40
1.0
 40
1.0
 10
281.4992289641624
 20
205.66895931179198
 30
0.0
 10
281.6642680266624
 20
205.728969077417
 30
0.0
 10
281.8217631438499
 20
205.68397396022948
 30
0.0
  0
SPLINE
  5
1E4
330
17
100
AcDbEntity
  8
ENGRAVE
100
AcDbSpline
 70
0
 71
2
 72
6
 73
3
 74
0
 40
0.0
 40
0.0
 40
0.0
 40
1.0
 40
1.0
 40
1.0
 10
282.2192484954124
 20
205.09893978054197
 30
0.0
 10
282.0992289641624
 20
204.87393978054197
 30
0.0
 10
281.9492289641624
 20
204.78394954616698
 30
0.0
  0
SPLINE
  5
1E5
330
17
100
AcDbEntity
  8
ENGRAVE
100
AcDbSpline
 70
0
 71
2
 72
6
 73
3
 74
0
 40
0.0
 40
0.0
 40
0.0
 40
1.0
 40
1.0
 40
1.0
 10
282.3256749296894
 20
187.2004139070742
 30
0.0
 10
282.1006749296894
 20
186.5104236726992
 30
0.0
 10
281.9506749296894
 20
185.9854236726992
 30
0.0
  0
SPLINE
  5
1E6
330
17
100
AcDbEntity
  8
ENGRAVE
100
AcDbSpline
 70
0
 71
2
 72
6
 73
3
 74
0
 40
0.0
 40
0.0
 40
0.0
 40
1.0
 40
1.0
 40
1.0
 10
281.8217631438499
 20
205.68397396022948
 30
0.0
 10
281.9792582610374
 20
205.63897884304197
 30
0.0
 10
281.9792582610374
 20
205.63897884304197
 30
0.0
  0
SPLINE
  5
1E7
330
17
100
AcDbEntity
  8
ENGRAVE
100
AcDbSpline
 70
0
 71
2
 72
6
 73
3
 74
0
 40
0.0
 40
0.0
 40
0.0
 40
1.0
 40
1.0
 40
1.0
 10
281.3356846953144
 20
188.3854236726992
 30
0.0
 10
281.7106846953144
 20
189.52541390707418
 30
0.0
 10
281.9881749296894
 20
190.1704090242617
 30
0.0
  0
SPLINE
  5
1E8
330
17
100
AcDbEntity
  8
ENGRAVE
100
AcDbSpline
 70
0
 71
2
 72
6
 73
3
 74
0
 40
0.0
 40
0.0
 40
0.0
 40
1.0
 40
1.0
 40
1.0
 10
281.9792582610374
 20
205.63897884304197
 30
0.0
 10
282.0542582610374
 20
205.593959311792
 30
0.0
 10
282.1217631438499
 20
205.53394954616698
 30
0.0
  0
SPLINE
  5
1E9
330
17
100
AcDbEntity
  8
ENGRAVE
100
AcDbSpline
 70
0
 71
2
 72
6
 73
3
 74
0
 40
0.0
 40
0.0
 40
0.0
 40
1.0
 40
1.0
 40
1.0
 10
282.2492289641624
 20
205.44395931179199
 30
0.0
 10
282.3392680266624
 20
205.323939780542
 30
0.0
 10
282.2192484954124
 20
205.09893978054197
 30
0.0
  0
SPLINE
  5
1EA
330
17
100
AcDbEntity
  8
ENGRAVE
100
AcDbSpline
 70
0
 71
2
 72
6
 73
3
 74
0
 40
0.0
 40
0.0
 40
0.0
 40
1.0
 40
1.0
 40
1.0
 10
282.1217631438499
 20
205.53394954616698
 30
0.0
 10
282.1892680266624
 20
205.47393978054197
 30
0.0
 10
282.2492289641624
 20
205.44395931179199
 30
0.0
  0
SPLINE
  5
1EB
330
17
100
AcDbEntity
  8
ENGRAVE
100
AcDbSpline
 70
0
 71
2
 72
6
 73
3
 74
0
 40
0.0
 40
0.0
 40
0.0
 40
1.0
 40
1.0
 40
1.0
 10
282.8131749296894
 20
188.5954090242617
 30
0.0
 10
282.5506749296894
 20
187.89040414144918
 30
0.0
 10
282.3256749296894
 20
187.2004139070742
 30
0.0
  0
SPLINE
  5
1EC
330
17
100
AcDbEntity
  8
ENGRAVE
100
AcDbSpline
 70
0
 71
2
 72
6
 73
3
 74
0
 40
0.0
 40
0.0
 40
0.0
 40
1.0
 40
1.0
 40
1.0
 10
281.9881749296894
 20
190.1704090242617
 30
0.0
 10
282.2656651640644
 20
190.8154041414492
 30
0.0
 10
282.4906651640644
 20
191.2953846101992
 30
0.0
  0
SPLINE
  5
1ED
330
17
100
AcDbEntity
  8
ENGRAVE
100
AcDbSpline
 70
0
 71
2
 72
6
 73
3
 74
0
 40
0.0
 40
0.0
 40
0.0
 40
1.0
 40
1.0
 40
1.0
 10
283.3381749296894
 20
189.8929187898867
 30
0.0
 10
283.0756749296894
 20
189.3004139070742
 30
0.0
 10
282.8131749296894
 20
188.5954090242617
 30
0.0
  0
SPLINE
  5
1EE
330
17
100
AcDbEntity
  8
ENGRAVE
100
AcDbSpline
 70
0
 71
2
 72
6
 73
3
 74
0
 40
0.0
 40
0.0
 40
0.0
 40
1.0
 40
1.0
 40
1.0
 10
282.4906651640644
 20
191.2953846101992
 30
0.0
 10
282.6556553984394
 20
191.64040414144918
 30
0.0
 10
282.8206700468769
 20
191.77541390707418
 30
0.0
  0
SPLINE
  5
1EF
330
17
100
AcDbEntity
  8
ENGRAVE
100
AcDbSpline
 70
0
 71
2
 72
6
 73
3
 74
0
 40
0.0
 40
0.0
 40
0.0
 40
1.0
 40
1.0
 40
1.0
 10
282.8206700468769
 20
191.77541390707418
 30
0.0
 10
282.9856846953144
 20
191.91042367269918
 30
0.0
 10
283.1056553984394
 20
191.8953846101992
 30
0.0
  0
SPLINE
  5
1F0
330
17
100
AcDbEntity
  8
ENGRAVE
100
AcDbSpline
 70
0
 71
2
 72
6
 73
3
 74
0
 40
0.0
 40
0.0
 40
0.0
 40
1.0
 40
1.0
 40
1.0
 10
283.25425826103736
 20
205.07645442897947
 30
0.0
 10
283.11924849541236
 20
205.50396907741697
 30
0.0
 10
283.2092875579124
 20
206.238978843042
 30
0.0
  0
SPLINE
  5
1F1
330
17
100
AcDbEntity
  8
ENGRAVE
100
AcDbSpline
 70
0
 71
2
 72
6
 73
3
 74
0
 40
0.0
 40
0.0
 40
0.0
 40
1.0
 40
1.0
 40
1.0
 10
283.5392680266624
 20
204.45396907741699
 30
0.0
 10
283.38926802666236
 20
204.64893978054198
 30
0.0
 10
283.25425826103736
 20
205.07645442897947
 30
0.0
  0
SPLINE
  5
1F2
330
17
100
AcDbEntity
  8
ENGRAVE
100
AcDbSpline
 70
0
 71
2
 72
6
 73
3
 74
0
 40
0.0
 40
0.0
 40
0.0
 40
1.0
 40
1.0
 40
1.0
 10
283.7956944609394
 20
190.8453846101992
 30
0.0
 10
283.6006749296894
 20
190.4854236726992
 30
0.0
 10
283.3381749296894
 20
189.8929187898867
 30
0.0
  0
SPLINE
  5
1F3
330
17
100
AcDbEntity
  8
ENGRAVE
100
AcDbSpline
 70
0
 71
2
 72
6
 73
3
 74
0
 40
0.0
 40
0.0
 40
0.0
 40
1.0
 40
1.0
 40
1.0
 10
283.1056553984394
 20
191.8953846101992
 30
0.0
 10
283.2706944609394
 20
191.8953846101992
 30
0.0
 10
283.5181798125019
 20
191.7753894930117
 30
0.0
  0
SPLINE
  5
1F4
330
17
100
AcDbEntity
  8
ENGRAVE
100
AcDbSpline
 70
0
 71
2
 72
6
 73
3
 74
0
 40
0.0
 40
0.0
 40
0.0
 40
1.0
 40
1.0
 40
1.0
 10
284.2442729094749
 20
203.93646419460447
 30
0.0
 10
283.8092875579124
 20
204.10894954616697
 30
0.0
 10
283.5392680266624
 20
204.45396907741699
 30
0.0
  0
SPLINE
  5
1F5
330
17
100
AcDbEntity
  8
ENGRAVE
100
AcDbSpline
 70
0
 71
2
 72
6
 73
3
 74
0
 40
0.0
 40
0.0
 40
0.0
 40
1.0
 40
1.0
 40
1.0
 10
283.2092875579124
 20
206.238978843042
 30
0.0
 10
283.2992777922874
 20
206.92896907741698
 30
0.0
 10
283.6367777922874
 20
207.63397396022947
 30
0.0
  0
SPLINE
  5
1F6
330
17
100
AcDbEntity
  8
ENGRAVE
100
AcDbSpline
 70
0
 71
2
 72
6
 73
3
 74
0
 40
0.0
 40
0.0
 40
0.0
 40
1.0
 40
1.0
 40
1.0
 10
283.8406651640644
 20
191.4453846101992
 30
0.0
 10
283.9606846953144
 20
191.1453846101992
 30
0.0
 10
283.7956944609394
 20
190.8453846101992
 30
0.0
  0
SPLINE
  5
1F7
330
17
100
AcDbEntity
  8
ENGRAVE
100
AcDbSpline
 70
0
 71
2
 72
6
 73
3
 74
0
 40
0.0
 40
0.0
 40
0.0
 40
1.0
 40
1.0
 40
1.0
 10
283.5181798125019
 20
191.7753894930117
 30
0.0
 10
283.7656651640644
 20
191.6553943758242
 30
0.0
 10
283.8406651640644
 20
191.4453846101992
 30
0.0
  0
SPLINE
  5
1F8
330
17
100
AcDbEntity
  8
ENGRAVE
100
AcDbSpline
 70
0
 71
2
 72
6
 73
3
 74
0
 40
0.0
 40
0.0
 40
0.0
 40
1.0
 40
1.0
 40
1.0
 10
285.1817729094749
 20
203.801478843042
 30
0.0
 10
284.6792582610374
 20
203.76397884304197
 30
0.0
 10
284.2442729094749
 20
203.93646419460447
 30
0.0
  0
SPLINE
  5
1F9
330
17
100
AcDbEntity
  8
ENGRAVE
100
AcDbSpline
 70
0
 71
2
 72
6
 73
3
 74
0
 40
0.0
 40
0.0
 40
0.0
 40
1.0
 40
1.0
 40
1.0
 10
284.5067484954124
 20
206.40396907741697
 30
0.0
 10
284.3942484954124
 20
206.25396907741697
 30
0.0
 10
284.40928755791236
 20
205.81895931179199
 30
0.0
  0
SPLINE
  5
1FA
330
17
100
AcDbEntity
  8
ENGRAVE
100
AcDbSpline
 70
0
 71
2
 72
6
 73
3
 74
0
 40
0.0
 40
0.0
 40
0.0
 40
1.0
 40
1.0
 40
1.0
 10
283.6367777922874
 20
207.63397396022947
 30
0.0
 10
283.9742777922874
 20
208.33897884304199
 30
0.0
 10
284.4692729094749
 20
208.87896907741697
 30
0.0
  0
SPLINE
  5
1FB
330
17
100
AcDbEntity
  8
ENGRAVE
100
AcDbSpline
 70
0
 71
2
 72
6
 73
3
 74
0
 40
0.0
 40
0.0
 40
0.0
 40
1.0
 40
1.0
 40
1.0
 10
284.9792582610374
 20
206.478969077417
 30
0.0
 10
284.61924849541236
 20
206.55396907741698
 30
0.0
 10
284.5067484954124
 20
206.40396907741697
 30
0.0
  0
SPLINE
  5
1FC
330
17
100
AcDbEntity
  8
ENGRAVE
100
AcDbSpline
 70
0
 71
2
 72
6
 73
3
 74
0
 40
0.0
 40
0.0
 40
0.0
 40
1.0
 40
1.0
 40
1.0
 10
284.40928755791236
 20
205.81895931179199
 30
0.0
 10
284.4392680266624
 20
205.54893978054199
 30
0.0
 10
284.5367777922874
 20
205.34644954616698
 30
0.0
  0
SPLINE
  5
1FD
330
17
100
AcDbEntity
  8
ENGRAVE
100
AcDbSpline
 70
0
 71
2
 72
6
 73
3
 74
0
 40
0.0
 40
0.0
 40
0.0
 40
1.0
 40
1.0
 40
1.0
 10
284.5367777922874
 20
205.34644954616698
 30
0.0
 10
284.6342875579124
 20
205.14395931179197
 30
0.0
 10
284.9042582610374
 20
205.06895931179199
 30
0.0
  0
SPLINE
  5
1FE
330
17
100
AcDbEntity
  8
ENGRAVE
100
AcDbSpline
 70
0
 71
2
 72
6
 73
3
 74
0
 40
0.0
 40
0.0
 40
0.0
 40
1.0
 40
1.0
 40
1.0
 10
285.1892680266624
 20
207.92645442897947
 30
0.0
 10
284.99424849541236
 20
207.69395931179199
 30
0.0
 10
284.9342875579124
 20
207.573939780542
 30
0.0
  0
SPLINE
  5
1FF
330
17
100
AcDbEntity
  8
ENGRAVE
100
AcDbSpline
 70
0
 71
2
 72
6
 73
3
 74
0
 40
0.0
 40
0.0
 40
0.0
 40
1.0
 40
1.0
 40
1.0
 10
285.9242533782249
 20
206.38895442897947
 30
0.0
 10
285.5792582610374
 20
206.35894954616697
 30
0.0
 10
284.9792582610374
 20
206.478969077417
 30
0.0
  0
SPLINE
  5
200
330
17
100
AcDbEntity
  8
ENGRAVE
100
AcDbSpline
 70
0
 71
2
 72
6
 73
3
 74
0
 40
0.0
 40
0.0
 40
0.0
 40
1.0
 40
1.0
 40
1.0
 10
286.1342875579124
 20
204.093959311792
 30
0.0
 10
285.6842875579124
 20
203.83897884304199
 30
0.0
 10
285.1817729094749
 20
203.801478843042
 30
0.0
  0
SPLINE
  5
201
330
17
100
AcDbEntity
  8
ENGRAVE
100
AcDbSpline
 70
0
 71
2
 72
6
 73
3
 74
0
 40
0.0
 40
0.0
 40
0.0
 40
1.0
 40
1.0
 40
1.0
 10
285.6167826750999
 20
208.36895931179197
 30
0.0
 10
285.3842875579124
 20
208.15894954616698
 30
0.0
 10
285.1892680266624
 20
207.92645442897947
 30
0.0
  0
SPLINE
  5
202
330
17
100
AcDbEntity
  8
ENGRAVE
100
AcDbSpline
 70
0
 71
2
 72
6
 73
3
 74
0
 40
0.0
 40
0.0
 40
0.0
 40
1.0
 40
1.0
 40
1.0
 10
284.9342875579124
 20
207.573939780542
 30
0.0
 10
285.0092875579124
 20
207.468959311792
 30
0.0
 10
285.3617777922874
 20
207.42396419460448
 30
0.0
  0
SPLINE
  5
203
330
17
100
AcDbEntity
  8
ENGRAVE
100
AcDbSpline
 70
0
 71
2
 72
6
 73
3
 74
0
 40
0.0
 40
0.0
 40
0.0
 40
1.0
 40
1.0
 40
1.0
 10
284.9042582610374
 20
205.06895931179199
 30
0.0
 10
285.2492777922874
 20
205.00894954616697
 30
0.0
 10
285.39927779228736
 20
205.06146419460447
 30
0.0
  0
SPLINE
  5
204
330
17
100
AcDbEntity
  8
ENGRAVE
100
AcDbSpline
 70
0
 71
2
 72
6
 73
3
 74
0
 40
0.0
 40
0.0
 40
0.0
 40
1.0
 40
1.0
 40
1.0
 10
284.4692729094749
 20
208.87896907741697
 30
0.0
 10
284.9642680266624
 20
209.41895931179198
 30
0.0
 10
285.5492777922874
 20
209.613978843042
 30
0.0
  0
SPLINE
  5
205
330
17
100
AcDbEntity
  8
ENGRAVE
100
AcDbSpline
 70
0
 71
2
 72
6
 73
3
 74
0
 40
0.0
 40
0.0
 40
0.0
 40
1.0
 40
1.0
 40
1.0
 10
285.9992777922874
 20
208.62393978054197
 30
0.0
 10
285.8492777922874
 20
208.57896907741699
 30
0.0
 10
285.6167826750999
 20
208.36895931179197
 30
0.0
  0
SPLINE
  5
206
330
17
100
AcDbEntity
  8
ENGRAVE
100
AcDbSpline
 70
0
 71
2
 72
6
 73
3
 74
0
 40
0.0
 40
0.0
 40
0.0
 40
1.0
 40
1.0
 40
1.0
 10
285.39927779228736
 20
205.06146419460447
 30
0.0
 10
285.5492777922874
 20
205.113978843042
 30
0.0
 10
285.77427779228736
 20
205.218959311792
 30
0.0
  0
SPLINE
  5
207
330
17
100
AcDbEntity
  8
ENGRAVE
100
AcDbSpline
 70
0
 71
2
 72
6
 73
3
 74
0
 40
0.0
 40
0.0
 40
0.0
 40
1.0
 40
1.0
 40
1.0
 10
286.52427779228736
 20
206.52393978054198
 30
0.0
 10
286.2692484954124
 20
206.41895931179198
 30
0.0
 10
285.9242533782249
 20
206.38895442897947
 30
0.0
  0
SPLINE
  5
208
330
17
100
AcDbEntity
  8
ENGRAVE
100
AcDbSpline
 70
0
 71
2
 72
6
 73
3
 74
0
 40
0.0
 40
0.0
 40
0.0
 40
1.0
 40
1.0
 40
1.0
 10
285.3617777922874
 20
207.42396419460448
 30
0.0
 10
285.7142680266624
 20
207.37896907741697
 30
0.0
 10
285.9392680266624
 20
207.43897884304198
 30
0.0
  0
SPLINE
  5
209
330
17
100
AcDbEntity
  8
ENGRAVE
100
AcDbSpline
 70
0
 71
2
 72
6
 73
3
 74
0
 40
0.0
 40
0.0
 40
0.0
 40
1.0
 40
1.0
 40
1.0
 10
285.5492777922874
 20
209.613978843042
 30
0.0
 10
285.7592875579124
 20
209.68897884304198
 30
0.0
 10
285.9767680266624
 20
209.72647884304197
 30
0.0
  0
SPLINE
  5
20A
330
17
100
AcDbEntity
  8
ENGRAVE
100
AcDbSpline
 70
0
 71
2
 72
6
 73
3
 74
0
 40
0.0
 40
0.0
 40
0.0
 40
1.0
 40
1.0
 40
1.0
 10
286.56175337822486
 20
208.5789446633545
 30
0.0
 10
286.3442484954124
 20
208.698939780542
 30
0.0
 10
285.9992777922874
 20
208.62393978054197
 30
0.0
  0
SPLINE
  5
20B
330
17
100
AcDbEntity
  8
ENGRAVE
100
AcDbSpline
 70
0
 71
2
 72
6
 73
3
 74
0
 40
0.0
 40
0.0
 40
0.0
 40
1.0
 40
1.0
 40
1.0
 10
285.77427779228736
 20
205.218959311792
 30
0.0
 10
285.9392680266624
 20
205.323939780542
 30
0.0
 10
286.1192729094749
 20
205.47393978054197
 30
0.0
  0
SPLINE
  5
20C
330
17
100
AcDbEntity
  8
ENGRAVE
100
AcDbSpline
 70
0
 71
2
 72
6
 73
3
 74
0
 40
0.0
 40
0.0
 40
0.0
 40
1.0
 40
1.0
 40
1.0
 10
286.9067729094749
 20
204.72393978054197
 30
0.0
 10
286.5842875579124
 20
204.34893978054197
 30
0.0
 10
286.1342875579124
 20
204.093959311792
 30
0.0
  0
SPLINE
  5
20D
330
17
100
AcDbEntity
  8
ENGRAVE
100
AcDbSpline
 70
0
 71
2
 72
6
 73
3
 74
0
 40
0.0
 40
0.0
 40
0.0
 40
1.0
 40
1.0
 40
1.0
 10
285.9392680266624
 20
207.43897884304198
 30
0.0
 10
286.0442484954124
 20
207.48394954616697
 30
0.0
 10
286.2467631438499
 20
207.64896419460447
 30
0.0
  0
SPLINE
  5
20E
330
17
100
AcDbEntity
  8
ENGRAVE
100
AcDbSpline
 70
0
 71
2
 72
6
 73
3
 74
0
 40
0.0
 40
0.0
 40
0.0
 40
1.0
 40
1.0
 40
1.0
 10
286.1192729094749
 20
205.47393978054197
 30
0.0
 10
286.2992777922874
 20
205.62393978054197
 30
0.0
 10
286.4192484954124
 20
205.698939780542
 30
0.0
  0
SPLINE
  5
20F
330
17
100
AcDbEntity
  8
ENGRAVE
100
AcDbSpline
 70
0
 71
2
 72
6
 73
3
 74
0
 40
0.0
 40
0.0
 40
0.0
 40
1.0
 40
1.0
 40
1.0
 10
287.5067729094749
 20
207.3489641946045
 30
0.0
 10
287.1542582610374
 20
206.79395931179198
 30
0.0
 10
286.52427779228736
 20
206.52393978054198
 30
0.0
  0
SPLINE
  5
210
330
17
100
AcDbEntity
  8
ENGRAVE
100
AcDbSpline
 70
0
 71
2
 72
6
 73
3
 74
0
 40
0.0
 40
0.0
 40
0.0
 40
1.0
 40
1.0
 40
1.0
 10
285.9767680266624
 20
209.72647884304197
 30
0.0
 10
286.1942484954124
 20
209.76397884304197
 30
0.0
 10
286.5542582610374
 20
209.73394954616697
 30
0.0
  0
SPLINE
  5
211
330
17
100
AcDbEntity
  8
ENGRAVE
100
AcDbSpline
 70
0
 71
2
 72
6
 73
3
 74
0
 40
0.0
 40
0.0
 40
0.0
 40
1.0
 40
1.0
 40
1.0
 10
286.7792582610374
 20
208.29395931179198
 30
0.0
 10
286.7792582610374
 20
208.458949546167
 30
0.0
 10
286.56175337822486
 20
208.5789446633545
 30
0.0
  0
SPLINE
  5
212
330
17
100
AcDbEntity
  8
ENGRAVE
100
AcDbSpline
 70
0
 71
2
 72
6
 73
3
 74
0
 40
0.0
 40
0.0
 40
0.0
 40
1.0
 40
1.0
 40
1.0
 10
286.7881505156269
 20
182.5429187898867
 30
0.0
 10
286.5556553984394
 20
182.77541390707418
 30
0.0
 10
286.6006261015644
 20
182.9553943758242
 30
0.0
  0
SPLINE
  5
213
330
17
100
AcDbEntity
  8
ENGRAVE
100
AcDbSpline
 70
0
 71
2
 72
6
 73
3
 74
0
 40
0.0
 40
0.0
 40
0.0
 40
1.0
 40
1.0
 40
1.0
 10
286.2467631438499
 20
207.64896419460447
 30
0.0
 10
286.4492777922874
 20
207.81397884304198
 30
0.0
 10
286.6142680266624
 20
208.00147884304198
 30
0.0
  0
SPLINE
  5
214
330
17
100
AcDbEntity
  8
ENGRAVE
100
AcDbSpline
 70
0
 71
2
 72
6
 73
3
 74
0
 40
0.0
 40
0.0
 40
0.0
 40
1.0
 40
1.0
 40
1.0
 10
286.6006261015644
 20
182.9553943758242
 30
0.0
 10
286.6306553984394
 20
183.0453846101992
 30
0.0
 10
286.7056553984394
 20
183.12038461019918
 30
0.0
  0
SPLINE
  5
215
330
17
100
AcDbEntity
  8
ENGRAVE
100
AcDbSpline
 70
0
 71
2
 72
6
 73
3
 74
0
 40
0.0
 40
0.0
 40
0.0
 40
1.0
 40
1.0
 40
1.0
 10
286.4192484954124
 20
205.698939780542
 30
0.0
 10
286.5392680266624
 20
205.78897884304197
 30
0.0
 10
286.7192484954124
 20
205.78897884304197
 30
0.0
  0
SPLINE
  5
216
330
17
100
AcDbEntity
  8
ENGRAVE
100
AcDbSpline
 70
0
 71
2
 72
6
 73
3
 74
0
 40
0.0
 40
0.0
 40
0.0
 40
1.0
 40
1.0
 40
1.0
 10
286.6142680266624
 20
208.00147884304198
 30
0.0
 10
286.7792582610374
 20
208.18897884304198
 30
0.0
 10
286.7792582610374
 20
208.29395931179198
 30
0.0
  0
SPLINE
  5
217
330
17
100
AcDbEntity
  8
ENGRAVE
100
AcDbSpline
 70
0
 71
2
 72
6
 73
3
 74
0
 40
0.0
 40
0.0
 40
0.0
 40
1.0
 40
1.0
 40
1.0
 10
287.53065539843936
 20
182.1004139070742
 30
0.0
 10
287.02064563281436
 20
182.3104236726992
 30
0.0
 10
286.7881505156269
 20
182.5429187898867
 30
0.0
  0
SPLINE
  5
218
330
17
100
AcDbEntity
  8
ENGRAVE
100
AcDbSpline
 70
0
 71
2
 72
6
 73
3
 74
0
 40
0.0
 40
0.0
 40
0.0
 40
1.0
 40
1.0
 40
1.0
 10
287.2292582610374
 20
205.29395931179198
 30
0.0
 10
287.2292582610374
 20
205.09893978054197
 30
0.0
 10
286.9067729094749
 20
204.72393978054197
 30
0.0
  0
SPLINE
  5
219
330
17
100
AcDbEntity
  8
ENGRAVE
100
AcDbSpline
 70
0
 71
2
 72
6
 73
3
 74
0
 40
0.0
 40
0.0
 40
0.0
 40
1.0
 40
1.0
 40
1.0
 10
287.0356358671894
 20
184.9728992586367
 30
0.0
 10
286.9456456328144
 20
185.26540414144918
 30
0.0
 10
286.9456456328144
 20
185.50539437582418
 30
0.0
  0
SPLINE
  5
21A
330
17
100
AcDbEntity
  8
ENGRAVE
100
AcDbSpline
 70
0
 71
2
 72
6
 73
3
 74
0
 40
0.0
 40
0.0
 40
0.0
 40
1.0
 40
1.0
 40
1.0
 10
286.7192484954124
 20
205.78897884304197
 30
0.0
 10
286.8842875579124
 20
205.77393978054198
 30
0.0
 10
287.03428755791236
 20
205.60894954616697
 30
0.0
  0
SPLINE
  5
21B
330
17
100
AcDbEntity
  8
ENGRAVE
100
AcDbSpline
 70
0
 71
2
 72
6
 73
3
 74
0
 40
0.0
 40
0.0
 40
0.0
 40
1.0
 40
1.0
 40
1.0
 10
287.2306553984394
 20
184.6803943758242
 30
0.0
 10
287.12562610156436
 20
184.6803943758242
 30
0.0
 10
287.0356358671894
 20
184.9728992586367
 30
0.0
  0
SPLINE
  5
21C
330
17
100
AcDbEntity
  8
ENGRAVE
100
AcDbSpline
 70
0
 71
2
 72
6
 73
3
 74
0
 40
0.0
 40
0.0
 40
0.0
 40
1.0
 40
1.0
 40
1.0
 10
286.7056553984394
 20
183.12038461019918
 30
0.0
 10
286.78065539843936
 20
183.1953846101992
 30
0.0
 10
287.0431553984394
 20
183.18788949301168
 30
0.0
  0
SPLINE
  5
21D
330
17
100
AcDbEntity
  8
ENGRAVE
100
AcDbSpline
 70
0
 71
2
 72
6
 73
3
 74
0
 40
0.0
 40
0.0
 40
0.0
 40
1.0
 40
1.0
 40
1.0
 10
286.5542582610374
 20
209.73394954616697
 30
0.0
 10
286.89927779228736
 20
209.68897884304198
 30
0.0
 10
287.1692729094749
 20
209.56146419460447
 30
0.0
  0
SPLINE
  5
21E
330
17
100
AcDbEntity
  8
ENGRAVE
100
AcDbSpline
 70
0
 71
2
 72
6
 73
3
 74
0
 40
0.0
 40
0.0
 40
0.0
 40
1.0
 40
1.0
 40
1.0
 10
286.9456456328144
 20
185.50539437582418
 30
0.0
 10
286.9456456328144
 20
185.9553943758242
 30
0.0
 10
287.2231358671894
 20
186.39040414144918
 30
0.0
  0
SPLINE
  5
21F
330
17
100
AcDbEntity
  8
ENGRAVE
100
AcDbSpline
 70
0
 71
2
 72
6
 73
3
 74
0
 40
0.0
 40
0.0
 40
0.0
 40
1.0
 40
1.0
 40
1.0
 10
287.03428755791236
 20
205.60894954616697
 30
0.0
 10
287.1842875579124
 20
205.44395931179199
 30
0.0
 10
287.2292582610374
 20
205.29395931179198
 30
0.0
  0
SPLINE
  5
220
330
17
100
AcDbEntity
  8
ENGRAVE
100
AcDbSpline
 70
0
 71
2
 72
6
 73
3
 74
0
 40
0.0
 40
0.0
 40
0.0
 40
1.0
 40
1.0
 40
1.0
 10
287.4406407500019
 20
184.2904041414492
 30
0.0
 10
287.1706456328144
 20
184.5004139070742
 30
0.0
 10
287.2306553984394
 20
184.6053943758242
 30
0.0
  0
SPLINE
  5
221
330
17
100
AcDbEntity
  8
ENGRAVE
100
AcDbSpline
 70
0
 71
2
 72
6
 73
3
 74
0
 40
0.0
 40
0.0
 40
0.0
 40
1.0
 40
1.0
 40
1.0
 10
288.0406163359394
 20
183.8104236726992
 30
0.0
 10
287.7106358671894
 20
184.0803943758242
 30
0.0
 10
287.4406407500019
 20
184.2904041414492
 30
0.0
  0
SPLINE
  5
222
330
17
100
AcDbEntity
  8
ENGRAVE
100
AcDbSpline
 70
0
 71
2
 72
6
 73
3
 74
0
 40
0.0
 40
0.0
 40
0.0
 40
1.0
 40
1.0
 40
1.0
 10
287.9342875579124
 20
208.38394954616697
 30
0.0
 10
287.8592875579124
 20
207.90396907741697
 30
0.0
 10
287.5067729094749
 20
207.3489641946045
 30
0.0
  0
SPLINE
  5
223
330
17
100
AcDbEntity
  8
ENGRAVE
100
AcDbSpline
 70
0
 71
2
 72
6
 73
3
 74
0
 40
0.0
 40
0.0
 40
0.0
 40
1.0
 40
1.0
 40
1.0
 10
288.2281163359394
 20
181.9728992586367
 30
0.0
 10
287.8156163359394
 20
181.9803943758242
 30
0.0
 10
287.53065539843936
 20
182.1004139070742
 30
0.0
  0
SPLINE
  5
224
330
17
100
AcDbEntity
  8
ENGRAVE
100
AcDbSpline
 70
0
 71
2
 72
6
 73
3
 74
0
 40
0.0
 40
0.0
 40
0.0
 40
1.0
 40
1.0
 40
1.0
 10
287.1692729094749
 20
209.56146419460447
 30
0.0
 10
287.4392680266624
 20
209.43394954616699
 30
0.0
 10
287.5592875579124
 20
209.28394954616698
 30
0.0
  0
SPLINE
  5
225
330
17
100
AcDbEntity
  8
ENGRAVE
100
AcDbSpline
 70
0
 71
2
 72
6
 73
3
 74
0
 40
0.0
 40
0.0
 40
0.0
 40
1.0
 40
1.0
 40
1.0
 10
287.2231358671894
 20
186.39040414144918
 30
0.0
 10
287.50062610156436
 20
186.8254139070742
 30
0.0
 10
287.8156163359394
 20
187.1553943758242
 30
0.0
  0
SPLINE
  5
226
330
17
100
AcDbEntity
  8
ENGRAVE
100
AcDbSpline
 70
0
 71
2
 72
6
 73
3
 74
0
 40
0.0
 40
0.0
 40
0.0
 40
1.0
 40
1.0
 40
1.0
 10
287.0431553984394
 20
183.18788949301168
 30
0.0
 10
287.3056553984394
 20
183.1803943758242
 30
0.0
 10
287.8606358671894
 20
183.0453846101992
 30
0.0
  0
SPLINE
  5
227
330
17
100
AcDbEntity
  8
ENGRAVE
100
AcDbSpline
 70
0
 71
2
 72
6
 73
3
 74
0
 40
0.0
 40
0.0
 40
0.0
 40
1.0
 40
1.0
 40
1.0
 10
287.5592875579124
 20
209.28394954616698
 30
0.0
 10
287.7992777922874
 20
209.04395931179198
 30
0.0
 10
287.8742777922874
 20
208.81895931179199
 30
0.0
  0
SPLINE
  5
228
330
17
100
AcDbEntity
  8
ENGRAVE
100
AcDbSpline
 70
0
 71
2
 72
6
 73
3
 74
0
 40
0.0
 40
0.0
 40
0.0
 40
1.0
 40
1.0
 40
1.0
 10
287.8742777922874
 20
208.81895931179199
 30
0.0
 10
287.9492777922874
 20
208.593959311792
 30
0.0
 10
287.9342875579124
 20
208.38394954616697
 30
0.0
  0
SPLINE
  5
229
330
17
100
AcDbEntity
  8
ENGRAVE
100
AcDbSpline
 70
0
 71
2
 72
6
 73
3
 74
0
 40
0.0
 40
0.0
 40
0.0
 40
1.0
 40
1.0
 40
1.0
 10
288.2731358671894
 20
183.6453846101992
 30
0.0
 10
288.1756261015644
 20
183.7203846101992
 30
0.0
 10
288.0406163359394
 20
183.8104236726992
 30
0.0
  0
SPLINE
  5
22A
330
17
100
AcDbEntity
  8
ENGRAVE
100
AcDbSpline
 70
0
 71
2
 72
6
 73
3
 74
0
 40
0.0
 40
0.0
 40
0.0
 40
1.0
 40
1.0
 40
1.0
 10
289.0156163359394
 20
182.0329090242617
 30
0.0
 10
288.6406163359394
 20
181.9654041414492
 30
0.0
 10
288.2281163359394
 20
181.9728992586367
 30
0.0
  0
SPLINE
  5
22B
330
17
100
AcDbEntity
  8
ENGRAVE
100
AcDbSpline
 70
0
 71
2
 72
6
 73
3
 74
0
 40
0.0
 40
0.0
 40
0.0
 40
1.0
 40
1.0
 40
1.0
 10
288.2881261015644
 20
185.6029041414492
 30
0.0
 10
288.2356358671894
 20
185.4904041414492
 30
0.0
 10
288.25062610156436
 20
185.37038461019918
 30
0.0
  0
SPLINE
  5
22C
330
17
100
AcDbEntity
  8
ENGRAVE
100
AcDbSpline
 70
0
 71
2
 72
6
 73
3
 74
0
 40
0.0
 40
0.0
 40
0.0
 40
1.0
 40
1.0
 40
1.0
 10
288.4006261015644
 20
183.49538461019918
 30
0.0
 10
288.3706456328144
 20
183.5703846101992
 30
0.0
 10
288.2731358671894
 20
183.6453846101992
 30
0.0
  0
SPLINE
  5
22D
330
17
100
AcDbEntity
  8
ENGRAVE
100
AcDbSpline
 70
0
 71
2
 72
6
 73
3
 74
0
 40
0.0
 40
0.0
 40
0.0
 40
1.0
 40
1.0
 40
1.0
 10
288.3556553984394
 20
185.8504139070742
 30
0.0
 10
288.3406163359394
 20
185.7154041414492
 30
0.0
 10
288.2881261015644
 20
185.6029041414492
 30
0.0
  0
SPLINE
  5
22E
330
17
100
AcDbEntity
  8
ENGRAVE
100
AcDbSpline
 70
0
 71
2
 72
6
 73
3
 74
0
 40
0.0
 40
0.0
 40
0.0
 40
1.0
 40
1.0
 40
1.0
 10
287.8606358671894
 20
183.0453846101992
 30
0.0
 10
288.11561633593936
 20
183.0453846101992
 30
0.0
 10
288.3481358671894
 20
183.0753894930117
 30
0.0
  0
SPLINE
  5
22F
330
17
100
AcDbEntity
  8
ENGRAVE
100
AcDbSpline
 70
0
 71
2
 72
6
 73
3
 74
0
 40
0.0
 40
0.0
 40
0.0
 40
1.0
 40
1.0
 40
1.0
 10
288.5956456328144
 20
186.1803943758242
 30
0.0
 10
288.4456456328144
 20
185.9703846101992
 30
0.0
 10
288.3556553984394
 20
185.8504139070742
 30
0.0
  0
SPLINE
  5
230
330
17
100
AcDbEntity
  8
ENGRAVE
100
AcDbSpline
 70
0
 71
2
 72
6
 73
3
 74
0
 40
0.0
 40
0.0
 40
0.0
 40
1.0
 40
1.0
 40
1.0
 10
288.6706456328144
 20
183.3754139070742
 30
0.0
 10
288.5506261015644
 20
183.49538461019918
 30
0.0
 10
288.4006261015644
 20
183.49538461019918
 30
0.0
  0
SPLINE
  5
231
330
17
100
AcDbEntity
  8
ENGRAVE
100
AcDbSpline
 70
0
 71
2
 72
6
 73
3
 74
0
 40
0.0
 40
0.0
 40
0.0
 40
1.0
 40
1.0
 40
1.0
 10
288.25062610156436
 20
185.37038461019918
 30
0.0
 10
288.2656163359394
 20
185.2203846101992
 30
0.0
 10
288.4006261015644
 20
185.0853992586367
 30
0.0
  0
SPLINE
  5
232
330
17
100
AcDbEntity
  8
ENGRAVE
100
AcDbSpline
 70
0
 71
2
 72
6
 73
3
 74
0
 40
0.0
 40
0.0
 40
0.0
 40
1.0
 40
1.0
 40
1.0
 10
288.8656407500019
 20
186.5329090242617
 30
0.0
 10
288.7456456328144
 20
186.39040414144918
 30
0.0
 10
288.5956456328144
 20
186.1803943758242
 30
0.0
  0
SPLINE
  5
233
330
17
100
AcDbEntity
  8
ENGRAVE
100
AcDbSpline
 70
0
 71
2
 72
6
 73
3
 74
0
 40
0.0
 40
0.0
 40
0.0
 40
1.0
 40
1.0
 40
1.0
 10
288.77565051562686
 20
183.2629139070742
 30
0.0
 10
288.7456456328144
 20
183.3154041414492
 30
0.0
 10
288.6706456328144
 20
183.3754139070742
 30
0.0
  0
SPLINE
  5
234
330
17
100
AcDbEntity
  8
ENGRAVE
100
AcDbSpline
 70
0
 71
2
 72
6
 73
3
 74
0
 40
0.0
 40
0.0
 40
0.0
 40
1.0
 40
1.0
 40
1.0
 10
288.3481358671894
 20
183.0753894930117
 30
0.0
 10
288.5806553984394
 20
183.1053943758242
 30
0.0
 10
288.7306553984394
 20
183.1803943758242
 30
0.0
  0
SPLINE
  5
235
330
17
100
AcDbEntity
  8
ENGRAVE
100
AcDbSpline
 70
0
 71
2
 72
6
 73
3
 74
0
 40
0.0
 40
0.0
 40
0.0
 40
1.0
 40
1.0
 40
1.0
 10
287.8156163359394
 20
187.1553943758242
 30
0.0
 10
288.2356358671894
 20
187.5604236726992
 30
0.0
 10
288.76063586718936
 20
187.9354236726992
 30
0.0
  0
SPLINE
  5
236
330
17
100
AcDbEntity
  8
ENGRAVE
100
AcDbSpline
 70
0
 71
2
 72
6
 73
3
 74
0
 40
0.0
 40
0.0
 40
0.0
 40
1.0
 40
1.0
 40
1.0
 10
288.7306553984394
 20
183.1803943758242
 30
0.0
 10
288.8056553984394
 20
183.2104236726992
 30
0.0
 10
288.77565051562686
 20
183.2629139070742
 30
0.0
  0
SPLINE
  5
237
330
17
100
AcDbEntity
  8
ENGRAVE
100
AcDbSpline
 70
0
 71
2
 72
6
 73
3
 74
0
 40
0.0
 40
0.0
 40
0.0
 40
1.0
 40
1.0
 40
1.0
 10
288.4006261015644
 20
185.0853992586367
 30
0.0
 10
288.5356358671894
 20
184.9504139070742
 30
0.0
 10
288.7906163359394
 20
184.7404041414492
 30
0.0
  0
SPLINE
  5
238
330
17
100
AcDbEntity
  8
ENGRAVE
100
AcDbSpline
 70
0
 71
2
 72
6
 73
3
 74
0
 40
0.0
 40
0.0
 40
0.0
 40
1.0
 40
1.0
 40
1.0
 10
288.9856358671894
 20
186.6004139070742
 30
0.0
 10
288.9856358671894
 20
186.6754139070742
 30
0.0
 10
288.8656407500019
 20
186.5329090242617
 30
0.0
  0
SPLINE
  5
239
330
17
100
AcDbEntity
  8
ENGRAVE
100
AcDbSpline
 70
0
 71
2
 72
6
 73
3
 74
0
 40
0.0
 40
0.0
 40
0.0
 40
1.0
 40
1.0
 40
1.0
 10
289.06813098437686
 20
186.6304187898867
 30
0.0
 10
289.0456456328144
 20
186.6004139070742
 30
0.0
 10
288.9856358671894
 20
186.6004139070742
 30
0.0
  0
SPLINE
  5
23A
330
17
100
AcDbEntity
  8
ENGRAVE
100
AcDbSpline
 70
0
 71
2
 72
6
 73
3
 74
0
 40
0.0
 40
0.0
 40
0.0
 40
1.0
 40
1.0
 40
1.0
 10
289.5406163359394
 20
182.1754139070742
 30
0.0
 10
289.3906163359394
 20
182.1004139070742
 30
0.0
 10
289.0156163359394
 20
182.0329090242617
 30
0.0
  0
SPLINE
  5
23B
330
17
100
AcDbEntity
  8
ENGRAVE
100
AcDbSpline
 70
0
 71
2
 72
6
 73
3
 74
0
 40
0.0
 40
0.0
 40
0.0
 40
1.0
 40
1.0
 40
1.0
 10
289.1506261015644
 20
186.76540414144918
 30
0.0
 10
289.0906163359394
 20
186.66042367269918
 30
0.0
 10
289.06813098437686
 20
186.6304187898867
 30
0.0
  0
SPLINE
  5
23C
330
17
100
AcDbEntity
  8
ENGRAVE
100
AcDbSpline
 70
0
 71
2
 72
6
 73
3
 74
0
 40
0.0
 40
0.0
 40
0.0
 40
1.0
 40
1.0
 40
1.0
 10
289.5706212187519
 20
187.07289925863668
 30
0.0
 10
289.3006261015644
 20
186.90041390707418
 30
0.0
 10
289.1506261015644
 20
186.76540414144918
 30
0.0
  0
SPLINE
  5
23D
330
17
100
AcDbEntity
  8
ENGRAVE
100
AcDbSpline
 70
0
 71
2
 72
6
 73
3
 74
0
 40
0.0
 40
0.0
 40
0.0
 40
1.0
 40
1.0
 40
1.0
 10
290.14064075000186
 20
182.69289437582418
 30
0.0
 10
289.9456456328144
 20
182.3553943758242
 30
0.0
 10
289.5406163359394
 20
182.1754139070742
 30
0.0
  0
SPLINE
  5
23E
330
17
100
AcDbEntity
  8
ENGRAVE
100
AcDbSpline
 70
0
 71
2
 72
6
 73
3
 74
0
 40
0.0
 40
0.0
 40
0.0
 40
1.0
 40
1.0
 40
1.0
 10
290.0881261015644
 20
187.3654041414492
 30
0.0
 10
289.8406163359394
 20
187.24538461019918
 30
0.0
 10
289.5706212187519
 20
187.07289925863668
 30
0.0
  0
SPLINE
  5
23F
330
17
100
AcDbEntity
  8
ENGRAVE
100
AcDbSpline
 70
0
 71
2
 72
6
 73
3
 74
0
 40
0.0
 40
0.0
 40
0.0
 40
1.0
 40
1.0
 40
1.0
 10
288.7906163359394
 20
184.7404041414492
 30
0.0
 10
289.3156163359394
 20
184.3504139070742
 30
0.0
 10
289.5781163359394
 20
184.1254139070742
 30
0.0
  0
SPLINE
  5
240
330
17
100
AcDbEntity
  8
ENGRAVE
100
AcDbSpline
 70
0
 71
2
 72
6
 73
3
 74
0
 40
0.0
 40
0.0
 40
0.0
 40
1.0
 40
1.0
 40
1.0
 10
289.5781163359394
 20
184.1254139070742
 30
0.0
 10
289.8406163359394
 20
183.90041390707418
 30
0.0
 10
289.9456212187519
 20
183.76540414144918
 30
0.0
  0
SPLINE
  5
241
330
17
100
AcDbEntity
  8
ENGRAVE
100
AcDbSpline
 70
0
 71
2
 72
6
 73
3
 74
0
 40
0.0
 40
0.0
 40
0.0
 40
1.0
 40
1.0
 40
1.0
 10
288.76063586718936
 20
187.9354236726992
 30
0.0
 10
289.2856358671894
 20
188.3104236726992
 30
0.0
 10
289.9756261015644
 20
188.4904041414492
 30
0.0
  0
SPLINE
  5
242
330
17
100
AcDbEntity
  8
ENGRAVE
100
AcDbSpline
 70
0
 71
2
 72
6
 73
3
 74
0
 40
0.0
 40
0.0
 40
0.0
 40
1.0
 40
1.0
 40
1.0
 10
290.0281163359394
 20
186.20290414144918
 30
0.0
 10
289.99061633593936
 20
186.2703846101992
 30
0.0
 10
289.99061633593936
 20
186.3303943758242
 30
0.0
  0
SPLINE
  5
243
330
17
100
AcDbEntity
  8
ENGRAVE
100
AcDbSpline
 70
0
 71
2
 72
6
 73
3
 74
0
 40
0.0
 40
0.0
 40
0.0
 40
1.0
 40
1.0
 40
1.0
 10
290.0656163359394
 20
186.1354236726992
 30
0.0
 10
290.0656163359394
 20
186.1354236726992
 30
0.0
 10
290.0281163359394
 20
186.20290414144918
 30
0.0
  0
SPLINE
  5
244
330
17
100
AcDbEntity
  8
ENGRAVE
100
AcDbSpline
 70
0
 71
2
 72
6
 73
3
 74
0
 40
0.0
 40
0.0
 40
0.0
 40
1.0
 40
1.0
 40
1.0
 10
289.99061633593936
 20
186.3303943758242
 30
0.0
 10
289.99061633593936
 20
186.39040414144918
 30
0.0
 10
290.0356358671894
 20
186.44289437582418
 30
0.0
  0
SPLINE
  5
245
330
17
100
AcDbEntity
  8
ENGRAVE
100
AcDbSpline
 70
0
 71
2
 72
6
 73
3
 74
0
 40
0.0
 40
0.0
 40
0.0
 40
1.0
 40
1.0
 40
1.0
 10
290.2006261015644
 20
185.9853992586367
 30
0.0
 10
290.12562610156436
 20
186.0453846101992
 30
0.0
 10
290.0656163359394
 20
186.1354236726992
 30
0.0
  0
SPLINE
  5
246
330
17
100
AcDbEntity
  8
ENGRAVE
100
AcDbSpline
 70
0
 71
2
 72
6
 73
3
 74
0
 40
0.0
 40
0.0
 40
0.0
 40
1.0
 40
1.0
 40
1.0
 10
289.9456212187519
 20
183.76540414144918
 30
0.0
 10
290.0506261015644
 20
183.63039437582418
 30
0.0
 10
290.0806553984394
 20
183.49538461019918
 30
0.0
  0
SPLINE
  5
247
330
17
100
AcDbEntity
  8
ENGRAVE
100
AcDbSpline
 70
0
 71
2
 72
6
 73
3
 74
0
 40
0.0
 40
0.0
 40
0.0
 40
1.0
 40
1.0
 40
1.0
 10
290.0356358671894
 20
186.44289437582418
 30
0.0
 10
290.0806553984394
 20
186.49538461019918
 30
0.0
 10
290.0806553984394
 20
186.49538461019918
 30
0.0
  0
SPLINE
  5
248
330
17
100
AcDbEntity
  8
ENGRAVE
100
AcDbSpline
 70
0
 71
2
 72
6
 73
3
 74
0
 40
0.0
 40
0.0
 40
0.0
 40
1.0
 40
1.0
 40
1.0
 10
290.4106358671894
 20
187.4854236726992
 30
0.0
 10
290.3356358671894
 20
187.4854236726992
 30
0.0
 10
290.0881261015644
 20
187.3654041414492
 30
0.0
  0
SPLINE
  5
249
330
17
100
AcDbEntity
  8
ENGRAVE
100
AcDbSpline
 70
0
 71
2
 72
6
 73
3
 74
0
 40
0.0
 40
0.0
 40
0.0
 40
1.0
 40
1.0
 40
1.0
 10
290.0806553984394
 20
183.49538461019918
 30
0.0
 10
290.3356358671894
 20
183.0303943758242
 30
0.0
 10
290.14064075000186
 20
182.69289437582418
 30
0.0
  0
SPLINE
  5
24A
330
17
100
AcDbEntity
  8
ENGRAVE
100
AcDbSpline
 70
0
 71
2
 72
6
 73
3
 74
0
 40
0.0
 40
0.0
 40
0.0
 40
1.0
 40
1.0
 40
1.0
 10
290.36561633593936
 20
185.8654041414492
 30
0.0
 10
290.2756261015644
 20
185.9254139070742
 30
0.0
 10
290.2006261015644
 20
185.9853992586367
 30
0.0
  0
SPLINE
  5
24B
330
17
100
AcDbEntity
  8
ENGRAVE
100
AcDbSpline
 70
0
 71
2
 72
6
 73
3
 74
0
 40
0.0
 40
0.0
 40
0.0
 40
1.0
 40
1.0
 40
1.0
 10
290.75563098437686
 20
185.8804187898867
 30
0.0
 10
290.50062610156436
 20
185.7604236726992
 30
0.0
 10
290.36561633593936
 20
185.8654041414492
 30
0.0
  0
SPLINE
  5
24C
330
17
100
AcDbEntity
  8
ENGRAVE
100
AcDbSpline
 70
0
 71
2
 72
6
 73
3
 74
0
 40
0.0
 40
0.0
 40
0.0
 40
1.0
 40
1.0
 40
1.0
 10
290.6056553984394
 20
187.3504139070742
 30
0.0
 10
290.6056553984394
 20
187.4854236726992
 30
0.0
 10
290.4106358671894
 20
187.4854236726992
 30
0.0
  0
SPLINE
  5
24D
330
17
100
AcDbEntity
  8
ENGRAVE
100
AcDbSpline
 70
0
 71
2
 72
6
 73
3
 74
0
 40
0.0
 40
0.0
 40
0.0
 40
1.0
 40
1.0
 40
1.0
 10
289.9756261015644
 20
188.4904041414492
 30
0.0
 10
290.1856358671894
 20
188.53542367269918
 30
0.0
 10
290.4556309843769
 20
188.53542367269918
 30
0.0
  0
SPLINE
  5
24E
330
17
100
AcDbEntity
  8
ENGRAVE
100
AcDbSpline
 70
0
 71
2
 72
6
 73
3
 74
0
 40
0.0
 40
0.0
 40
0.0
 40
1.0
 40
1.0
 40
1.0
 10
290.0806553984394
 20
186.49538461019918
 30
0.0
 10
290.3806553984394
 20
186.7803943758242
 30
0.0
 10
290.4931553984394
 20
187.0128894930117
 30
0.0
  0
SPLINE
  5
24F
330
17
100
AcDbEntity
  8
ENGRAVE
100
AcDbSpline
 70
0
 71
2
 72
6
 73
3
 74
0
 40
0.0
 40
0.0
 40
0.0
 40
1.0
 40
1.0
 40
1.0
 10
290.4931553984394
 20
187.0128894930117
 30
0.0
 10
290.6056553984394
 20
187.24538461019918
 30
0.0
 10
290.6056553984394
 20
187.3504139070742
 30
0.0
  0
SPLINE
  5
250
330
17
100
AcDbEntity
  8
ENGRAVE
100
AcDbSpline
 70
0
 71
2
 72
6
 73
3
 74
0
 40
0.0
 40
0.0
 40
0.0
 40
1.0
 40
1.0
 40
1.0
 10
291.2956456328144
 20
186.1953846101992
 30
0.0
 10
291.01063586718936
 20
186.0004139070742
 30
0.0
 10
290.75563098437686
 20
185.8804187898867
 30
0.0
  0
SPLINE
  5
251
330
17
100
AcDbEntity
  8
ENGRAVE
100
AcDbSpline
 70
0
 71
2
 72
6
 73
3
 74
0
 40
0.0
 40
0.0
 40
0.0
 40
1.0
 40
1.0
 40
1.0
 10
290.4556309843769
 20
188.53542367269918
 30
0.0
 10
290.7256261015644
 20
188.53542367269918
 30
0.0
 10
290.8456456328144
 20
188.4604236726992
 30
0.0
  0
SPLINE
  5
252
330
17
100
AcDbEntity
  8
ENGRAVE
100
AcDbSpline
 70
0
 71
2
 72
6
 73
3
 74
0
 40
0.0
 40
0.0
 40
0.0
 40
1.0
 40
1.0
 40
1.0
 10
290.8456456328144
 20
188.4604236726992
 30
0.0
 10
290.9656163359394
 20
188.53542367269918
 30
0.0
 10
291.1456212187519
 20
188.4229236726992
 30
0.0
  0
SPLINE
  5
253
330
17
100
AcDbEntity
  8
ENGRAVE
100
AcDbSpline
 70
0
 71
2
 72
6
 73
3
 74
0
 40
0.0
 40
0.0
 40
0.0
 40
1.0
 40
1.0
 40
1.0
 10
291.52064563281436
 20
186.5404041414492
 30
0.0
 10
291.52064563281436
 20
186.39040414144918
 30
0.0
 10
291.2956456328144
 20
186.1953846101992
 30
0.0
  0
SPLINE
  5
254
330
17
100
AcDbEntity
  8
ENGRAVE
100
AcDbSpline
 70
0
 71
2
 72
6
 73
3
 74
0
 40
0.0
 40
0.0
 40
0.0
 40
1.0
 40
1.0
 40
1.0
 10
291.1456212187519
 20
188.4229236726992
 30
0.0
 10
291.3256261015644
 20
188.3104236726992
 30
0.0
 10
291.50563098437686
 20
188.1154041414492
 30
0.0
  0
SPLINE
  5
255
330
17
100
AcDbEntity
  8
ENGRAVE
100
AcDbSpline
 70
0
 71
2
 72
6
 73
3
 74
0
 40
0.0
 40
0.0
 40
0.0
 40
1.0
 40
1.0
 40
1.0
 10
291.5581456328144
 20
186.6228992586367
 30
0.0
 10
291.52064563281436
 20
186.6154041414492
 30
0.0
 10
291.52064563281436
 20
186.5404041414492
 30
0.0
  0
SPLINE
  5
256
330
17
100
AcDbEntity
  8
ENGRAVE
100
AcDbSpline
 70
0
 71
2
 72
6
 73
3
 74
0
 40
0.0
 40
0.0
 40
0.0
 40
1.0
 40
1.0
 40
1.0
 10
291.5956456328144
 20
186.63039437582418
 30
0.0
 10
291.5956456328144
 20
186.63039437582418
 30
0.0
 10
291.5581456328144
 20
186.6228992586367
 30
0.0
  0
SPLINE
  5
257
330
17
100
AcDbEntity
  8
ENGRAVE
100
AcDbSpline
 70
0
 71
2
 72
6
 73
3
 74
0
 40
0.0
 40
0.0
 40
0.0
 40
1.0
 40
1.0
 40
1.0
 10
291.7306309843769
 20
186.8253894930117
 30
0.0
 10
291.7006261015644
 20
186.63039437582418
 30
0.0
 10
291.5956456328144
 20
186.63039437582418
 30
0.0
  0
SPLINE
  5
258
330
17
100
AcDbEntity
  8
ENGRAVE
100
AcDbSpline
 70
0
 71
2
 72
6
 73
3
 74
0
 40
0.0
 40
0.0
 40
0.0
 40
1.0
 40
1.0
 40
1.0
 10
291.7681309843769
 20
187.2828846101992
 30
0.0
 10
291.76063586718936
 20
187.0203846101992
 30
0.0
 10
291.7306309843769
 20
186.8253894930117
 30
0.0
  0
SPLINE
  5
259
330
17
100
AcDbEntity
  8
ENGRAVE
100
AcDbSpline
 70
0
 71
2
 72
6
 73
3
 74
0
 40
0.0
 40
0.0
 40
0.0
 40
1.0
 40
1.0
 40
1.0
 10
291.93177290947494
 20
204.14647396022949
 30
0.0
 10
291.69927779228743
 20
204.37896907741697
 30
0.0
 10
291.7442484954124
 20
204.55894954616699
 30
0.0
  0
SPLINE
  5
25A
330
17
100
AcDbEntity
  8
ENGRAVE
100
AcDbSpline
 70
0
 71
2
 72
6
 73
3
 74
0
 40
0.0
 40
0.0
 40
0.0
 40
1.0
 40
1.0
 40
1.0
 10
291.7756261015644
 20
187.7254139070742
 30
0.0
 10
291.7756261015644
 20
187.5453846101992
 30
0.0
 10
291.7681309843769
 20
187.2828846101992
 30
0.0
  0
SPLINE
  5
25B
330
17
100
AcDbEntity
  8
ENGRAVE
100
AcDbSpline
 70
0
 71
2
 72
6
 73
3
 74
0
 40
0.0
 40
0.0
 40
0.0
 40
1.0
 40
1.0
 40
1.0
 10
291.50563098437686
 20
188.1154041414492
 30
0.0
 10
291.6856358671894
 20
187.9203846101992
 30
0.0
 10
291.7756261015644
 20
187.7254139070742
 30
0.0
  0
SPLINE
  5
25C
330
17
100
AcDbEntity
  8
ENGRAVE
100
AcDbSpline
 70
0
 71
2
 72
6
 73
3
 74
0
 40
0.0
 40
0.0
 40
0.0
 40
1.0
 40
1.0
 40
1.0
 10
291.7442484954124
 20
204.55894954616699
 30
0.0
 10
291.7742777922874
 20
204.64893978054198
 30
0.0
 10
291.8492777922874
 20
204.72393978054197
 30
0.0
  0
SPLINE
  5
25D
330
17
100
AcDbEntity
  8
ENGRAVE
100
AcDbSpline
 70
0
 71
2
 72
6
 73
3
 74
0
 40
0.0
 40
0.0
 40
0.0
 40
1.0
 40
1.0
 40
1.0
 10
291.86561633593936
 20
183.1803943758242
 30
0.0
 10
291.7756261015644
 20
183.3453846101992
 30
0.0
 10
291.8506261015644
 20
183.7878894930117
 30
0.0
  0
SPLINE
  5
25E
330
17
100
AcDbEntity
  8
ENGRAVE
100
AcDbSpline
 70
0
 71
2
 72
6
 73
3
 74
0
 40
0.0
 40
0.0
 40
0.0
 40
1.0
 40
1.0
 40
1.0
 10
292.1581212187519
 20
182.77541390707418
 30
0.0
 10
291.9406163359394
 20
182.9404041414492
 30
0.0
 10
291.86561633593936
 20
183.1803943758242
 30
0.0
  0
SPLINE
  5
25F
330
17
100
AcDbEntity
  8
ENGRAVE
100
AcDbSpline
 70
0
 71
2
 72
6
 73
3
 74
0
 40
0.0
 40
0.0
 40
0.0
 40
1.0
 40
1.0
 40
1.0
 10
292.6742777922874
 20
203.70396907741699
 30
0.0
 10
292.1642680266624
 20
203.91397884304197
 30
0.0
 10
291.93177290947494
 20
204.14647396022949
 30
0.0
  0
SPLINE
  5
260
330
17
100
AcDbEntity
  8
ENGRAVE
100
AcDbSpline
 70
0
 71
2
 72
6
 73
3
 74
0
 40
0.0
 40
0.0
 40
0.0
 40
1.0
 40
1.0
 40
1.0
 10
292.17925826103743
 20
206.57645442897947
 30
0.0
 10
292.0892680266624
 20
206.86895931179197
 30
0.0
 10
292.0892680266624
 20
207.10894954616697
 30
0.0
  0
SPLINE
  5
261
330
17
100
AcDbEntity
  8
ENGRAVE
100
AcDbSpline
 70
0
 71
2
 72
6
 73
3
 74
0
 40
0.0
 40
0.0
 40
0.0
 40
1.0
 40
1.0
 40
1.0
 10
291.8506261015644
 20
183.7878894930117
 30
0.0
 10
291.9256261015644
 20
184.2303943758242
 30
0.0
 10
292.13563586718936
 20
185.2053943758242
 30
0.0
  0
SPLINE
  5
262
330
17
100
AcDbEntity
  8
ENGRAVE
100
AcDbSpline
 70
0
 71
2
 72
6
 73
3
 74
0
 40
0.0
 40
0.0
 40
0.0
 40
1.0
 40
1.0
 40
1.0
 10
292.64564563281436
 20
182.5953846101992
 30
0.0
 10
292.37562610156436
 20
182.6104236726992
 30
0.0
 10
292.1581212187519
 20
182.77541390707418
 30
0.0
  0
SPLINE
  5
263
330
17
100
AcDbEntity
  8
ENGRAVE
100
AcDbSpline
 70
0
 71
2
 72
6
 73
3
 74
0
 40
0.0
 40
0.0
 40
0.0
 40
1.0
 40
1.0
 40
1.0
 10
292.37427779228744
 20
206.28394954616698
 30
0.0
 10
292.2692484954124
 20
206.28394954616698
 30
0.0
 10
292.17925826103743
 20
206.57645442897947
 30
0.0
  0
SPLINE
  5
264
330
17
100
AcDbEntity
  8
ENGRAVE
100
AcDbSpline
 70
0
 71
2
 72
6
 73
3
 74
0
 40
0.0
 40
0.0
 40
0.0
 40
1.0
 40
1.0
 40
1.0
 10
291.8492777922874
 20
204.72393978054197
 30
0.0
 10
291.9242777922874
 20
204.79893978054199
 30
0.0
 10
292.18677779228744
 20
204.79144466335447
 30
0.0
  0
SPLINE
  5
265
330
17
100
AcDbEntity
  8
ENGRAVE
100
AcDbSpline
 70
0
 71
2
 72
6
 73
3
 74
0
 40
0.0
 40
0.0
 40
0.0
 40
1.0
 40
1.0
 40
1.0
 10
292.13563586718936
 20
185.2053943758242
 30
0.0
 10
292.2106358671894
 20
185.50539437582418
 30
0.0
 10
292.2781407500019
 20
185.70790902426168
 30
0.0
  0
SPLINE
  5
266
330
17
100
AcDbEntity
  8
ENGRAVE
100
AcDbSpline
 70
0
 71
2
 72
6
 73
3
 74
0
 40
0.0
 40
0.0
 40
0.0
 40
1.0
 40
1.0
 40
1.0
 10
292.0892680266624
 20
207.10894954616697
 30
0.0
 10
292.0892680266624
 20
207.55894954616699
 30
0.0
 10
292.36675826103743
 20
207.99395931179197
 30
0.0
  0
SPLINE
  5
267
330
17
100
AcDbEntity
  8
ENGRAVE
100
AcDbSpline
 70
0
 71
2
 72
6
 73
3
 74
0
 40
0.0
 40
0.0
 40
0.0
 40
1.0
 40
1.0
 40
1.0
 10
292.5842631438499
 20
205.89395931179197
 30
0.0
 10
292.31426802666243
 20
206.103969077417
 30
0.0
 10
292.37427779228744
 20
206.208949546167
 30
0.0
  0
SPLINE
  5
268
330
17
100
AcDbEntity
  8
ENGRAVE
100
AcDbSpline
 70
0
 71
2
 72
6
 73
3
 74
0
 40
0.0
 40
0.0
 40
0.0
 40
1.0
 40
1.0
 40
1.0
 10
292.2781407500019
 20
185.70790902426168
 30
0.0
 10
292.3456456328144
 20
185.91042367269918
 30
0.0
 10
292.4506505156269
 20
186.1579090242617
 30
0.0
  0
SPLINE
  5
269
330
17
100
AcDbEntity
  8
ENGRAVE
100
AcDbSpline
 70
0
 71
2
 72
6
 73
3
 74
0
 40
0.0
 40
0.0
 40
0.0
 40
1.0
 40
1.0
 40
1.0
 10
293.1842387297874
 20
205.41397884304197
 30
0.0
 10
292.85425826103744
 20
205.68394954616699
 30
0.0
 10
292.5842631438499
 20
205.89395931179197
 30
0.0
  0
SPLINE
  5
26A
330
17
100
AcDbEntity
  8
ENGRAVE
100
AcDbSpline
 70
0
 71
2
 72
6
 73
3
 74
0
 40
0.0
 40
0.0
 40
0.0
 40
1.0
 40
1.0
 40
1.0
 10
292.88563586718936
 20
182.8353992586367
 30
0.0
 10
292.6906163359394
 20
182.5953846101992
 30
0.0
 10
292.64564563281436
 20
182.5953846101992
 30
0.0
  0
SPLINE
  5
26B
330
17
100
AcDbEntity
  8
ENGRAVE
100
AcDbSpline
 70
0
 71
2
 72
6
 73
3
 74
0
 40
0.0
 40
0.0
 40
0.0
 40
1.0
 40
1.0
 40
1.0
 10
293.3717387297874
 20
203.57645442897947
 30
0.0
 10
292.95923872978744
 20
203.583949546167
 30
0.0
 10
292.6742777922874
 20
203.70396907741699
 30
0.0
  0
SPLINE
  5
26C
330
17
100
AcDbEntity
  8
ENGRAVE
100
AcDbSpline
 70
0
 71
2
 72
6
 73
3
 74
0
 40
0.0
 40
0.0
 40
0.0
 40
1.0
 40
1.0
 40
1.0
 10
292.4506505156269
 20
186.1579090242617
 30
0.0
 10
292.5556553984394
 20
186.4053943758242
 30
0.0
 10
292.7206456328144
 20
186.8104236726992
 30
0.0
  0
SPLINE
  5
26D
330
17
100
AcDbEntity
  8
ENGRAVE
100
AcDbSpline
 70
0
 71
2
 72
6
 73
3
 74
0
 40
0.0
 40
0.0
 40
0.0
 40
1.0
 40
1.0
 40
1.0
 10
292.7806309843769
 20
187.2078846101992
 30
0.0
 10
292.7656163359394
 20
187.3953846101992
 30
0.0
 10
292.75062610156436
 20
187.51540414144918
 30
0.0
  0
SPLINE
  5
26E
330
17
100
AcDbEntity
  8
ENGRAVE
100
AcDbSpline
 70
0
 71
2
 72
6
 73
3
 74
0
 40
0.0
 40
0.0
 40
0.0
 40
1.0
 40
1.0
 40
1.0
 10
292.7206456328144
 20
186.8104236726992
 30
0.0
 10
292.7956456328144
 20
187.0203846101992
 30
0.0
 10
292.7806309843769
 20
187.2078846101992
 30
0.0
  0
SPLINE
  5
26F
330
17
100
AcDbEntity
  8
ENGRAVE
100
AcDbSpline
 70
0
 71
2
 72
6
 73
3
 74
0
 40
0.0
 40
0.0
 40
0.0
 40
1.0
 40
1.0
 40
1.0
 10
293.3356358671894
 20
183.3754139070742
 30
0.0
 10
293.0806553984394
 20
183.0754139070742
 30
0.0
 10
292.88563586718936
 20
182.8353992586367
 30
0.0
  0
SPLINE
  5
270
330
17
100
AcDbEntity
  8
ENGRAVE
100
AcDbSpline
 70
0
 71
2
 72
6
 73
3
 74
0
 40
0.0
 40
0.0
 40
0.0
 40
1.0
 40
1.0
 40
1.0
 10
292.75062610156436
 20
187.51540414144918
 30
0.0
 10
292.75062610156436
 20
187.7404041414492
 30
0.0
 10
292.8931309843769
 20
187.8754139070742
 30
0.0
  0
SPLINE
  5
271
330
17
100
AcDbEntity
  8
ENGRAVE
100
AcDbSpline
 70
0
 71
2
 72
6
 73
3
 74
0
 40
0.0
 40
0.0
 40
0.0
 40
1.0
 40
1.0
 40
1.0
 10
292.36675826103743
 20
207.99395931179197
 30
0.0
 10
292.6442484954124
 20
208.42896907741698
 30
0.0
 10
292.95923872978744
 20
208.75894954616697
 30
0.0
  0
SPLINE
  5
272
330
17
100
AcDbEntity
  8
ENGRAVE
100
AcDbSpline
 70
0
 71
2
 72
6
 73
3
 74
0
 40
0.0
 40
0.0
 40
0.0
 40
1.0
 40
1.0
 40
1.0
 10
292.18677779228744
 20
204.79144466335447
 30
0.0
 10
292.44927779228743
 20
204.78394954616698
 30
0.0
 10
293.0042582610374
 20
204.64893978054198
 30
0.0
  0
SPLINE
  5
273
330
17
100
AcDbEntity
  8
ENGRAVE
100
AcDbSpline
 70
0
 71
2
 72
6
 73
3
 74
0
 40
0.0
 40
0.0
 40
0.0
 40
1.0
 40
1.0
 40
1.0
 10
293.41675826103744
 20
205.24893978054197
 30
0.0
 10
293.3192484954124
 20
205.323939780542
 30
0.0
 10
293.1842387297874
 20
205.41397884304197
 30
0.0
  0
SPLINE
  5
274
330
17
100
AcDbEntity
  8
ENGRAVE
100
AcDbSpline
 70
0
 71
2
 72
6
 73
3
 74
0
 40
0.0
 40
0.0
 40
0.0
 40
1.0
 40
1.0
 40
1.0
 10
292.8931309843769
 20
187.8754139070742
 30
0.0
 10
293.0356358671894
 20
188.0104236726992
 30
0.0
 10
293.2156407500019
 20
188.0629139070742
 30
0.0
  0
SPLINE
  5
275
330
17
100
AcDbEntity
  8
ENGRAVE
100
AcDbSpline
 70
0
 71
2
 72
6
 73
3
 74
0
 40
0.0
 40
0.0
 40
0.0
 40
1.0
 40
1.0
 40
1.0
 10
293.7856358671894
 20
183.8553943758242
 30
0.0
 10
293.5906163359394
 20
183.6754139070742
 30
0.0
 10
293.3356358671894
 20
183.3754139070742
 30
0.0
  0
SPLINE
  5
276
330
17
100
AcDbEntity
  8
ENGRAVE
100
AcDbSpline
 70
0
 71
2
 72
6
 73
3
 74
0
 40
0.0
 40
0.0
 40
0.0
 40
1.0
 40
1.0
 40
1.0
 10
294.15923872978743
 20
203.63646419460449
 30
0.0
 10
293.78423872978743
 20
203.56895931179199
 30
0.0
 10
293.3717387297874
 20
203.57645442897947
 30
0.0
  0
SPLINE
  5
277
330
17
100
AcDbEntity
  8
ENGRAVE
100
AcDbSpline
 70
0
 71
2
 72
6
 73
3
 74
0
 40
0.0
 40
0.0
 40
0.0
 40
1.0
 40
1.0
 40
1.0
 10
293.4317484954124
 20
207.20645931179197
 30
0.0
 10
293.3792582610374
 20
207.093959311792
 30
0.0
 10
293.3942484954124
 20
206.97393978054197
 30
0.0
  0
SPLINE
  5
278
330
17
100
AcDbEntity
  8
ENGRAVE
100
AcDbSpline
 70
0
 71
2
 72
6
 73
3
 74
0
 40
0.0
 40
0.0
 40
0.0
 40
1.0
 40
1.0
 40
1.0
 10
293.54424849541243
 20
205.09893978054197
 30
0.0
 10
293.5142680266624
 20
205.17393978054199
 30
0.0
 10
293.41675826103744
 20
205.24893978054197
 30
0.0
  0
SPLINE
  5
279
330
17
100
AcDbEntity
  8
ENGRAVE
100
AcDbSpline
 70
0
 71
2
 72
6
 73
3
 74
0
 40
0.0
 40
0.0
 40
0.0
 40
1.0
 40
1.0
 40
1.0
 10
293.49927779228744
 20
207.45396907741699
 30
0.0
 10
293.4842387297874
 20
207.31895931179199
 30
0.0
 10
293.4317484954124
 20
207.20645931179197
 30
0.0
  0
SPLINE
  5
27A
330
17
100
AcDbEntity
  8
ENGRAVE
100
AcDbSpline
 70
0
 71
2
 72
6
 73
3
 74
0
 40
0.0
 40
0.0
 40
0.0
 40
1.0
 40
1.0
 40
1.0
 10
293.0042582610374
 20
204.64893978054198
 30
0.0
 10
293.2592387297874
 20
204.64893978054198
 30
0.0
 10
293.49175826103743
 20
204.67894466335449
 30
0.0
  0
SPLINE
  5
27B
330
17
100
AcDbEntity
  8
ENGRAVE
100
AcDbSpline
 70
0
 71
2
 72
6
 73
3
 74
0
 40
0.0
 40
0.0
 40
0.0
 40
1.0
 40
1.0
 40
1.0
 10
293.73926802666244
 20
207.78394954616698
 30
0.0
 10
293.5892680266624
 20
207.573939780542
 30
0.0
 10
293.49927779228744
 20
207.45396907741699
 30
0.0
  0
SPLINE
  5
27C
330
17
100
AcDbEntity
  8
ENGRAVE
100
AcDbSpline
 70
0
 71
2
 72
6
 73
3
 74
0
 40
0.0
 40
0.0
 40
0.0
 40
1.0
 40
1.0
 40
1.0
 10
293.2156407500019
 20
188.0629139070742
 30
0.0
 10
293.39564563281436
 20
188.1154041414492
 30
0.0
 10
293.50062610156436
 20
188.0854236726992
 30
0.0
  0
SPLINE
  5
27D
330
17
100
AcDbEntity
  8
ENGRAVE
100
AcDbSpline
 70
0
 71
2
 72
6
 73
3
 74
0
 40
0.0
 40
0.0
 40
0.0
 40
1.0
 40
1.0
 40
1.0
 10
293.81426802666243
 20
204.978969077417
 30
0.0
 10
293.6942484954124
 20
205.09893978054197
 30
0.0
 10
293.54424849541243
 20
205.09893978054197
 30
0.0
  0
SPLINE
  5
27E
330
17
100
AcDbEntity
  8
ENGRAVE
100
AcDbSpline
 70
0
 71
2
 72
6
 73
3
 74
0
 40
0.0
 40
0.0
 40
0.0
 40
1.0
 40
1.0
 40
1.0
 10
293.3942484954124
 20
206.97393978054197
 30
0.0
 10
293.40923872978743
 20
206.823939780542
 30
0.0
 10
293.54424849541243
 20
206.68895442897949
 30
0.0
  0
SPLINE
  5
27F
330
17
100
AcDbEntity
  8
ENGRAVE
100
AcDbSpline
 70
0
 71
2
 72
6
 73
3
 74
0
 40
0.0
 40
0.0
 40
0.0
 40
1.0
 40
1.0
 40
1.0
 10
293.62062121875186
 20
185.5503894930117
 30
0.0
 10
293.5906163359394
 20
185.4303943758242
 30
0.0
 10
293.5906163359394
 20
185.37038461019918
 30
0.0
  0
SPLINE
  5
280
330
17
100
AcDbEntity
  8
ENGRAVE
100
AcDbSpline
 70
0
 71
2
 72
6
 73
3
 74
0
 40
0.0
 40
0.0
 40
0.0
 40
1.0
 40
1.0
 40
1.0
 10
293.8906163359394
 20
186.1803943758242
 30
0.0
 10
293.6506261015644
 20
185.6703846101992
 30
0.0
 10
293.62062121875186
 20
185.5503894930117
 30
0.0
  0
SPLINE
  5
281
330
17
100
AcDbEntity
  8
ENGRAVE
100
AcDbSpline
 70
0
 71
2
 72
6
 73
3
 74
0
 40
0.0
 40
0.0
 40
0.0
 40
1.0
 40
1.0
 40
1.0
 10
293.5906163359394
 20
185.37038461019918
 30
0.0
 10
293.6056553984394
 20
185.3254139070742
 30
0.0
 10
293.7256505156269
 20
185.4154041414492
 30
0.0
  0
SPLINE
  5
282
330
17
100
AcDbEntity
  8
ENGRAVE
100
AcDbSpline
 70
0
 71
2
 72
6
 73
3
 74
0
 40
0.0
 40
0.0
 40
0.0
 40
1.0
 40
1.0
 40
1.0
 10
294.0092631438499
 20
208.13646419460449
 30
0.0
 10
293.8892680266624
 20
207.99395931179197
 30
0.0
 10
293.73926802666244
 20
207.78394954616698
 30
0.0
  0
SPLINE
  5
283
330
17
100
AcDbEntity
  8
ENGRAVE
100
AcDbSpline
 70
0
 71
2
 72
6
 73
3
 74
0
 40
0.0
 40
0.0
 40
0.0
 40
1.0
 40
1.0
 40
1.0
 10
294.2656163359394
 20
184.3728992586367
 30
0.0
 10
294.0406163359394
 20
184.1254139070742
 30
0.0
 10
293.7856358671894
 20
183.8553943758242
 30
0.0
  0
SPLINE
  5
284
330
17
100
AcDbEntity
  8
ENGRAVE
100
AcDbSpline
 70
0
 71
2
 72
6
 73
3
 74
0
 40
0.0
 40
0.0
 40
0.0
 40
1.0
 40
1.0
 40
1.0
 10
293.9192729094749
 20
204.86646907741698
 30
0.0
 10
293.8892680266624
 20
204.91895931179198
 30
0.0
 10
293.81426802666243
 20
204.978969077417
 30
0.0
  0
SPLINE
  5
285
330
17
100
AcDbEntity
  8
ENGRAVE
100
AcDbSpline
 70
0
 71
2
 72
6
 73
3
 74
0
 40
0.0
 40
0.0
 40
0.0
 40
1.0
 40
1.0
 40
1.0
 10
293.49175826103743
 20
204.67894466335449
 30
0.0
 10
293.7242777922874
 20
204.708949546167
 30
0.0
 10
293.87427779228744
 20
204.78394954616698
 30
0.0
  0
SPLINE
  5
286
330
17
100
AcDbEntity
  8
ENGRAVE
100
AcDbSpline
 70
0
 71
2
 72
6
 73
3
 74
0
 40
0.0
 40
0.0
 40
0.0
 40
1.0
 40
1.0
 40
1.0
 10
292.95923872978744
 20
208.75894954616697
 30
0.0
 10
293.3792582610374
 20
209.16397884304197
 30
0.0
 10
293.9042582610374
 20
209.53897884304197
 30
0.0
  0
SPLINE
  5
287
330
17
100
AcDbEntity
  8
ENGRAVE
100
AcDbSpline
 70
0
 71
2
 72
6
 73
3
 74
0
 40
0.0
 40
0.0
 40
0.0
 40
1.0
 40
1.0
 40
1.0
 10
293.87427779228744
 20
204.78394954616698
 30
0.0
 10
293.94927779228743
 20
204.81397884304198
 30
0.0
 10
293.9192729094749
 20
204.86646907741698
 30
0.0
  0
SPLINE
  5
288
330
17
100
AcDbEntity
  8
ENGRAVE
100
AcDbSpline
 70
0
 71
2
 72
6
 73
3
 74
0
 40
0.0
 40
0.0
 40
0.0
 40
1.0
 40
1.0
 40
1.0
 10
293.54424849541243
 20
206.68895442897949
 30
0.0
 10
293.67925826103743
 20
206.55396907741698
 30
0.0
 10
293.9342387297874
 20
206.343959311792
 30
0.0
  0
SPLINE
  5
289
330
17
100
AcDbEntity
  8
ENGRAVE
100
AcDbSpline
 70
0
 71
2
 72
6
 73
3
 74
0
 40
0.0
 40
0.0
 40
0.0
 40
1.0
 40
1.0
 40
1.0
 10
294.1292582610374
 20
208.20396907741699
 30
0.0
 10
294.1292582610374
 20
208.27896907741697
 30
0.0
 10
294.0092631438499
 20
208.13646419460449
 30
0.0
  0
SPLINE
  5
28A
330
17
100
AcDbEntity
  8
ENGRAVE
100
AcDbSpline
 70
0
 71
2
 72
6
 73
3
 74
0
 40
0.0
 40
0.0
 40
0.0
 40
1.0
 40
1.0
 40
1.0
 10
293.7256505156269
 20
185.4154041414492
 30
0.0
 10
293.8456456328144
 20
185.50539437582418
 30
0.0
 10
294.0181309843769
 20
185.6628894930117
 30
0.0
  0
SPLINE
  5
28B
330
17
100
AcDbEntity
  8
ENGRAVE
100
AcDbSpline
 70
0
 71
2
 72
6
 73
3
 74
0
 40
0.0
 40
0.0
 40
0.0
 40
1.0
 40
1.0
 40
1.0
 10
294.1756261015644
 20
186.88539925863668
 30
0.0
 10
294.1006261015644
 20
186.7053943758242
 30
0.0
 10
294.0556553984394
 20
186.5854236726992
 30
0.0
  0
SPLINE
  5
28C
330
17
100
AcDbEntity
  8
ENGRAVE
100
AcDbSpline
 70
0
 71
2
 72
6
 73
3
 74
0
 40
0.0
 40
0.0
 40
0.0
 40
1.0
 40
1.0
 40
1.0
 10
293.50062610156436
 20
188.0854236726992
 30
0.0
 10
293.9206456328144
 20
188.0404041414492
 30
0.0
 10
294.0706456328144
 20
187.7853992586367
 30
0.0
  0
SPLINE
  5
28D
330
17
100
AcDbEntity
  8
ENGRAVE
100
AcDbSpline
 70
0
 71
2
 72
6
 73
3
 74
0
 40
0.0
 40
0.0
 40
0.0
 40
1.0
 40
1.0
 40
1.0
 10
294.2117533782249
 20
208.2339739602295
 30
0.0
 10
294.18926802666243
 20
208.20396907741699
 30
0.0
 10
294.1292582610374
 20
208.20396907741699
 30
0.0
  0
SPLINE
  5
28E
330
17
100
AcDbEntity
  8
ENGRAVE
100
AcDbSpline
 70
0
 71
2
 72
6
 73
3
 74
0
 40
0.0
 40
0.0
 40
0.0
 40
1.0
 40
1.0
 40
1.0
 10
294.6842387297874
 20
203.77896907741697
 30
0.0
 10
294.53423872978743
 20
203.70396907741699
 30
0.0
 10
294.15923872978743
 20
203.63646419460449
 30
0.0
  0
SPLINE
  5
28F
330
17
100
AcDbEntity
  8
ENGRAVE
100
AcDbSpline
 70
0
 71
2
 72
6
 73
3
 74
0
 40
0.0
 40
0.0
 40
0.0
 40
1.0
 40
1.0
 40
1.0
 10
294.2356358671894
 20
187.2904041414492
 30
0.0
 10
294.25062610156436
 20
187.0654041414492
 30
0.0
 10
294.1756261015644
 20
186.88539925863668
 30
0.0
  0
SPLINE
  5
290
330
17
100
AcDbEntity
  8
ENGRAVE
100
AcDbSpline
 70
0
 71
2
 72
6
 73
3
 74
0
 40
0.0
 40
0.0
 40
0.0
 40
1.0
 40
1.0
 40
1.0
 10
294.29424849541243
 20
208.36895931179197
 30
0.0
 10
294.2342387297874
 20
208.26397884304197
 30
0.0
 10
294.2117533782249
 20
208.2339739602295
 30
0.0
  0
SPLINE
  5
291
330
17
100
AcDbEntity
  8
ENGRAVE
100
AcDbSpline
 70
0
 71
2
 72
6
 73
3
 74
0
 40
0.0
 40
0.0
 40
0.0
 40
1.0
 40
1.0
 40
1.0
 10
294.0706456328144
 20
187.7853992586367
 30
0.0
 10
294.2206456328144
 20
187.5303943758242
 30
0.0
 10
294.2356358671894
 20
187.2904041414492
 30
0.0
  0
SPLINE
  5
292
330
17
100
AcDbEntity
  8
ENGRAVE
100
AcDbSpline
 70
0
 71
2
 72
6
 73
3
 74
0
 40
0.0
 40
0.0
 40
0.0
 40
1.0
 40
1.0
 40
1.0
 10
294.5806553984394
 20
184.7104236726992
 30
0.0
 10
294.49061633593936
 20
184.62038461019918
 30
0.0
 10
294.2656163359394
 20
184.3728992586367
 30
0.0
  0
SPLINE
  5
293
330
17
100
AcDbEntity
  8
ENGRAVE
100
AcDbSpline
 70
0
 71
2
 72
6
 73
3
 74
0
 40
0.0
 40
0.0
 40
0.0
 40
1.0
 40
1.0
 40
1.0
 10
294.71424361259994
 20
208.67645442897947
 30
0.0
 10
294.4442484954124
 20
208.50396907741697
 30
0.0
 10
294.29424849541243
 20
208.36895931179197
 30
0.0
  0
SPLINE
  5
294
330
17
100
AcDbEntity
  8
ENGRAVE
100
AcDbSpline
 70
0
 71
2
 72
6
 73
3
 74
0
 40
0.0
 40
0.0
 40
0.0
 40
1.0
 40
1.0
 40
1.0
 10
294.0181309843769
 20
185.6628894930117
 30
0.0
 10
294.1906163359394
 20
185.8203846101992
 30
0.0
 10
294.3406163359394
 20
185.9404041414492
 30
0.0
  0
SPLINE
  5
295
330
17
100
AcDbEntity
  8
ENGRAVE
100
AcDbSpline
 70
0
 71
2
 72
6
 73
3
 74
0
 40
0.0
 40
0.0
 40
0.0
 40
1.0
 40
1.0
 40
1.0
 10
294.7681309843769
 20
184.9204090242617
 30
0.0
 10
294.6706456328144
 20
184.8004139070742
 30
0.0
 10
294.5806553984394
 20
184.7104236726992
 30
0.0
  0
SPLINE
  5
296
330
17
100
AcDbEntity
  8
ENGRAVE
100
AcDbSpline
 70
0
 71
2
 72
6
 73
3
 74
0
 40
0.0
 40
0.0
 40
0.0
 40
1.0
 40
1.0
 40
1.0
 10
295.2842631438499
 20
204.29644954616697
 30
0.0
 10
295.0892680266624
 20
203.958949546167
 30
0.0
 10
294.6842387297874
 20
203.77896907741697
 30
0.0
  0
SPLINE
  5
297
330
17
100
AcDbEntity
  8
ENGRAVE
100
AcDbSpline
 70
0
 71
2
 72
6
 73
3
 74
0
 40
0.0
 40
0.0
 40
0.0
 40
1.0
 40
1.0
 40
1.0
 10
295.23174849541243
 20
208.968959311792
 30
0.0
 10
294.9842387297874
 20
208.84893978054197
 30
0.0
 10
294.71424361259994
 20
208.67645442897947
 30
0.0
  0
SPLINE
  5
298
330
17
100
AcDbEntity
  8
ENGRAVE
100
AcDbSpline
 70
0
 71
2
 72
6
 73
3
 74
0
 40
0.0
 40
0.0
 40
0.0
 40
1.0
 40
1.0
 40
1.0
 10
293.9342387297874
 20
206.343959311792
 30
0.0
 10
294.45923872978744
 20
205.95396907741699
 30
0.0
 10
294.72173872978743
 20
205.728969077417
 30
0.0
  0
SPLINE
  5
299
330
17
100
AcDbEntity
  8
ENGRAVE
100
AcDbSpline
 70
0
 71
2
 72
6
 73
3
 74
0
 40
0.0
 40
0.0
 40
0.0
 40
1.0
 40
1.0
 40
1.0
 10
294.8056553984394
 20
183.1803943758242
 30
0.0
 10
294.7306553984394
 20
183.3303943758242
 30
0.0
 10
294.76063586718936
 20
183.4354236726992
 30
0.0
  0
SPLINE
  5
29A
330
17
100
AcDbEntity
  8
ENGRAVE
100
AcDbSpline
 70
0
 71
2
 72
6
 73
3
 74
0
 40
0.0
 40
0.0
 40
0.0
 40
1.0
 40
1.0
 40
1.0
 10
294.9256261015644
 20
185.0404041414492
 30
0.0
 10
294.86561633593936
 20
185.0404041414492
 30
0.0
 10
294.7681309843769
 20
184.9204090242617
 30
0.0
  0
SPLINE
  5
29B
330
17
100
AcDbEntity
  8
ENGRAVE
100
AcDbSpline
 70
0
 71
2
 72
6
 73
3
 74
0
 40
0.0
 40
0.0
 40
0.0
 40
1.0
 40
1.0
 40
1.0
 10
294.9856358671894
 20
182.9404041414492
 30
0.0
 10
294.8806553984394
 20
183.0303943758242
 30
0.0
 10
294.8056553984394
 20
183.1803943758242
 30
0.0
  0
SPLINE
  5
29C
330
17
100
AcDbEntity
  8
ENGRAVE
100
AcDbSpline
 70
0
 71
2
 72
6
 73
3
 74
0
 40
0.0
 40
0.0
 40
0.0
 40
1.0
 40
1.0
 40
1.0
 10
295.1506261015644
 20
185.2728992586367
 30
0.0
 10
294.9856358671894
 20
185.13039437582418
 30
0.0
 10
294.9256261015644
 20
185.0404041414492
 30
0.0
  0
SPLINE
  5
29D
330
17
100
AcDbEntity
  8
ENGRAVE
100
AcDbSpline
 70
0
 71
2
 72
6
 73
3
 74
0
 40
0.0
 40
0.0
 40
0.0
 40
1.0
 40
1.0
 40
1.0
 10
294.72173872978743
 20
205.728969077417
 30
0.0
 10
294.9842387297874
 20
205.50396907741697
 30
0.0
 10
295.08924361259994
 20
205.36895931179197
 30
0.0
  0
SPLINE
  5
29E
330
17
100
AcDbEntity
  8
ENGRAVE
100
AcDbSpline
 70
0
 71
2
 72
6
 73
3
 74
0
 40
0.0
 40
0.0
 40
0.0
 40
1.0
 40
1.0
 40
1.0
 10
293.9042582610374
 20
209.53897884304197
 30
0.0
 10
294.42925826103743
 20
209.91397884304197
 30
0.0
 10
295.1192484954124
 20
210.093959311792
 30
0.0
  0
SPLINE
  5
29F
330
17
100
AcDbEntity
  8
ENGRAVE
100
AcDbSpline
 70
0
 71
2
 72
6
 73
3
 74
0
 40
0.0
 40
0.0
 40
0.0
 40
1.0
 40
1.0
 40
1.0
 10
295.1717387297874
 20
207.80645931179197
 30
0.0
 10
295.1342387297874
 20
207.87393978054197
 30
0.0
 10
295.1342387297874
 20
207.93394954616699
 30
0.0
  0
SPLINE
  5
2A0
330
17
100
AcDbEntity
  8
ENGRAVE
100
AcDbSpline
 70
0
 71
2
 72
6
 73
3
 74
0
 40
0.0
 40
0.0
 40
0.0
 40
1.0
 40
1.0
 40
1.0
 10
295.5181309843769
 20
182.76039925863668
 30
0.0
 10
295.3006261015644
 20
182.6553943758242
 30
0.0
 10
295.13563586718936
 20
182.8053943758242
 30
0.0
  0
SPLINE
  5
2A1
330
17
100
AcDbEntity
  8
ENGRAVE
100
AcDbSpline
 70
0
 71
2
 72
6
 73
3
 74
0
 40
0.0
 40
0.0
 40
0.0
 40
1.0
 40
1.0
 40
1.0
 10
295.40565539843936
 20
185.4303943758242
 30
0.0
 10
295.3156163359394
 20
185.4154041414492
 30
0.0
 10
295.1506261015644
 20
185.2728992586367
 30
0.0
  0
SPLINE
  5
2A2
330
17
100
AcDbEntity
  8
ENGRAVE
100
AcDbSpline
 70
0
 71
2
 72
6
 73
3
 74
0
 40
0.0
 40
0.0
 40
0.0
 40
1.0
 40
1.0
 40
1.0
 10
295.20923872978744
 20
207.738978843042
 30
0.0
 10
295.20923872978744
 20
207.738978843042
 30
0.0
 10
295.1717387297874
 20
207.80645931179197
 30
0.0
  0
SPLINE
  5
2A3
330
17
100
AcDbEntity
  8
ENGRAVE
100
AcDbSpline
 70
0
 71
2
 72
6
 73
3
 74
0
 40
0.0
 40
0.0
 40
0.0
 40
1.0
 40
1.0
 40
1.0
 10
295.1342387297874
 20
207.93394954616699
 30
0.0
 10
295.1342387297874
 20
207.99395931179197
 30
0.0
 10
295.17925826103743
 20
208.04644954616697
 30
0.0
  0
SPLINE
  5
2A4
330
17
100
AcDbEntity
  8
ENGRAVE
100
AcDbSpline
 70
0
 71
2
 72
6
 73
3
 74
0
 40
0.0
 40
0.0
 40
0.0
 40
1.0
 40
1.0
 40
1.0
 10
295.34424849541244
 20
207.5889544289795
 30
0.0
 10
295.2692484954124
 20
207.64893978054198
 30
0.0
 10
295.20923872978744
 20
207.738978843042
 30
0.0
  0
SPLINE
  5
2A5
330
17
100
AcDbEntity
  8
ENGRAVE
100
AcDbSpline
 70
0
 71
2
 72
6
 73
3
 74
0
 40
0.0
 40
0.0
 40
0.0
 40
1.0
 40
1.0
 40
1.0
 10
295.08924361259994
 20
205.36895931179197
 30
0.0
 10
295.1942484954124
 20
205.23394954616697
 30
0.0
 10
295.2242777922874
 20
205.09893978054197
 30
0.0
  0
SPLINE
  5
2A6
330
17
100
AcDbEntity
  8
ENGRAVE
100
AcDbSpline
 70
0
 71
2
 72
6
 73
3
 74
0
 40
0.0
 40
0.0
 40
0.0
 40
1.0
 40
1.0
 40
1.0
 10
295.17925826103743
 20
208.04644954616697
 30
0.0
 10
295.2242777922874
 20
208.09893978054197
 30
0.0
 10
295.2242777922874
 20
208.09893978054197
 30
0.0
  0
SPLINE
  5
2A7
330
17
100
AcDbEntity
  8
ENGRAVE
100
AcDbSpline
 70
0
 71
2
 72
6
 73
3
 74
0
 40
0.0
 40
0.0
 40
0.0
 40
1.0
 40
1.0
 40
1.0
 10
294.3406163359394
 20
185.9404041414492
 30
0.0
 10
294.7306553984394
 20
186.28542367269918
 30
0.0
 10
295.2256505156269
 20
186.6229236726992
 30
0.0
  0
SPLINE
  5
2A8
330
17
100
AcDbEntity
  8
ENGRAVE
100
AcDbSpline
 70
0
 71
2
 72
6
 73
3
 74
0
 40
0.0
 40
0.0
 40
0.0
 40
1.0
 40
1.0
 40
1.0
 10
295.55425826103743
 20
209.08897884304199
 30
0.0
 10
295.47925826103744
 20
209.08897884304199
 30
0.0
 10
295.23174849541243
 20
208.968959311792
 30
0.0
  0
SPLINE
  5
2A9
330
17
100
AcDbEntity
  8
ENGRAVE
100
AcDbSpline
 70
0
 71
2
 72
6
 73
3
 74
0
 40
0.0
 40
0.0
 40
0.0
 40
1.0
 40
1.0
 40
1.0
 10
295.2242777922874
 20
205.09893978054197
 30
0.0
 10
295.47925826103744
 20
204.63394954616697
 30
0.0
 10
295.2842631438499
 20
204.29644954616697
 30
0.0
  0
SPLINE
  5
2AA
330
17
100
AcDbEntity
  8
ENGRAVE
100
AcDbSpline
 70
0
 71
2
 72
6
 73
3
 74
0
 40
0.0
 40
0.0
 40
0.0
 40
1.0
 40
1.0
 40
1.0
 10
295.5092387297874
 20
207.468959311792
 30
0.0
 10
295.41924849541243
 20
207.52896907741697
 30
0.0
 10
295.34424849541244
 20
207.5889544289795
 30
0.0
  0
SPLINE
  5
2AB
330
17
100
AcDbEntity
  8
ENGRAVE
100
AcDbSpline
 70
0
 71
2
 72
6
 73
3
 74
0
 40
0.0
 40
0.0
 40
0.0
 40
1.0
 40
1.0
 40
1.0
 10
295.4731358671894
 20
185.3179187898867
 30
0.0
 10
295.51063586718936
 20
185.4604236726992
 30
0.0
 10
295.40565539843936
 20
185.4303943758242
 30
0.0
  0
SPLINE
  5
2AC
330
17
100
AcDbEntity
  8
ENGRAVE
100
AcDbSpline
 70
0
 71
2
 72
6
 73
3
 74
0
 40
0.0
 40
0.0
 40
0.0
 40
1.0
 40
1.0
 40
1.0
 10
295.1806553984394
 20
184.6053943758242
 30
0.0
 10
295.4356358671894
 20
185.1754139070742
 30
0.0
 10
295.4731358671894
 20
185.3179187898867
 30
0.0
  0
SPLINE
  5
2AD
330
17
100
AcDbEntity
  8
ENGRAVE
100
AcDbSpline
 70
0
 71
2
 72
6
 73
3
 74
0
 40
0.0
 40
0.0
 40
0.0
 40
1.0
 40
1.0
 40
1.0
 10
295.8992533782249
 20
207.4839739602295
 30
0.0
 10
295.6442484954124
 20
207.363978843042
 30
0.0
 10
295.5092387297874
 20
207.468959311792
 30
0.0
  0
SPLINE
  5
2AE
330
17
100
AcDbEntity
  8
ENGRAVE
100
AcDbSpline
 70
0
 71
2
 72
6
 73
3
 74
0
 40
0.0
 40
0.0
 40
0.0
 40
1.0
 40
1.0
 40
1.0
 10
295.95314075000186
 20
183.08290902426168
 30
0.0
 10
295.7356358671894
 20
182.8654041414492
 30
0.0
 10
295.5181309843769
 20
182.76039925863668
 30
0.0
  0
SPLINE
  5
2AF
330
17
100
AcDbEntity
  8
ENGRAVE
100
AcDbSpline
 70
0
 71
2
 72
6
 73
3
 74
0
 40
0.0
 40
0.0
 40
0.0
 40
1.0
 40
1.0
 40
1.0
 10
295.74927779228744
 20
208.95396907741699
 30
0.0
 10
295.74927779228744
 20
209.08897884304199
 30
0.0
 10
295.55425826103743
 20
209.08897884304199
 30
0.0
  0
SPLINE
  5
2B0
330
17
100
AcDbEntity
  8
ENGRAVE
100
AcDbSpline
 70
0
 71
2
 72
6
 73
3
 74
0
 40
0.0
 40
0.0
 40
0.0
 40
1.0
 40
1.0
 40
1.0
 10
295.1192484954124
 20
210.093959311792
 30
0.0
 10
295.3292582610374
 20
210.13897884304197
 30
0.0
 10
295.59925337822494
 20
210.13897884304197
 30
0.0
  0
SPLINE
  5
2B1
330
17
100
AcDbEntity
  8
ENGRAVE
100
AcDbSpline
 70
0
 71
2
 72
6
 73
3
 74
0
 40
0.0
 40
0.0
 40
0.0
 40
1.0
 40
1.0
 40
1.0
 10
295.2242777922874
 20
208.09893978054197
 30
0.0
 10
295.5242777922874
 20
208.38394954616697
 30
0.0
 10
295.63677779228743
 20
208.61644466335449
 30
0.0
  0
SPLINE
  5
2B2
330
17
100
AcDbEntity
  8
ENGRAVE
100
AcDbSpline
 70
0
 71
2
 72
6
 73
3
 74
0
 40
0.0
 40
0.0
 40
0.0
 40
1.0
 40
1.0
 40
1.0
 10
295.63677779228743
 20
208.61644466335449
 30
0.0
 10
295.74927779228744
 20
208.84893978054197
 30
0.0
 10
295.74927779228744
 20
208.95396907741699
 30
0.0
  0
SPLINE
  5
2B3
330
17
100
AcDbEntity
  8
ENGRAVE
100
AcDbSpline
 70
0
 71
2
 72
6
 73
3
 74
0
 40
0.0
 40
0.0
 40
0.0
 40
1.0
 40
1.0
 40
1.0
 10
296.43926802666243
 20
207.79893978054199
 30
0.0
 10
296.1542582610374
 20
207.603969077417
 30
0.0
 10
295.8992533782249
 20
207.4839739602295
 30
0.0
  0
SPLINE
  5
2B4
330
17
100
AcDbEntity
  8
ENGRAVE
100
AcDbSpline
 70
0
 71
2
 72
6
 73
3
 74
0
 40
0.0
 40
0.0
 40
0.0
 40
1.0
 40
1.0
 40
1.0
 10
296.3506261015644
 20
183.4504139070742
 30
0.0
 10
296.1706456328144
 20
183.3004139070742
 30
0.0
 10
295.95314075000186
 20
183.08290902426168
 30
0.0
  0
SPLINE
  5
2B5
330
17
100
AcDbEntity
  8
ENGRAVE
100
AcDbSpline
 70
0
 71
2
 72
6
 73
3
 74
0
 40
0.0
 40
0.0
 40
0.0
 40
1.0
 40
1.0
 40
1.0
 10
295.59925337822494
 20
210.13897884304197
 30
0.0
 10
295.8692484954124
 20
210.13897884304197
 30
0.0
 10
295.98926802666244
 20
210.06397884304198
 30
0.0
  0
SPLINE
  5
2B6
330
17
100
AcDbEntity
  8
ENGRAVE
100
AcDbSpline
 70
0
 71
2
 72
6
 73
3
 74
0
 40
0.0
 40
0.0
 40
0.0
 40
1.0
 40
1.0
 40
1.0
 10
295.2256505156269
 20
186.6229236726992
 30
0.0
 10
295.7206456328144
 20
186.9604236726992
 30
0.0
 10
296.02064563281436
 20
187.0504139070742
 30
0.0
  0
SPLINE
  5
2B7
330
17
100
AcDbEntity
  8
ENGRAVE
100
AcDbSpline
 70
0
 71
2
 72
6
 73
3
 74
0
 40
0.0
 40
0.0
 40
0.0
 40
1.0
 40
1.0
 40
1.0
 10
295.98926802666244
 20
210.06397884304198
 30
0.0
 10
296.1092387297874
 20
210.13897884304197
 30
0.0
 10
296.28924361259993
 20
210.02647884304199
 30
0.0
  0
SPLINE
  5
2B8
330
17
100
AcDbEntity
  8
ENGRAVE
100
AcDbSpline
 70
0
 71
2
 72
6
 73
3
 74
0
 40
0.0
 40
0.0
 40
0.0
 40
1.0
 40
1.0
 40
1.0
 10
297.5431309843769
 20
184.5978992586367
 30
0.0
 10
297.1006261015644
 20
184.24538461019918
 30
0.0
 10
296.3506261015644
 20
183.4504139070742
 30
0.0
  0
SPLINE
  5
2B9
330
17
100
AcDbEntity
  8
ENGRAVE
100
AcDbSpline
 70
0
 71
2
 72
6
 73
3
 74
0
 40
0.0
 40
0.0
 40
0.0
 40
1.0
 40
1.0
 40
1.0
 10
296.6642680266624
 20
208.14395931179197
 30
0.0
 10
296.6642680266624
 20
207.99395931179197
 30
0.0
 10
296.43926802666243
 20
207.79893978054199
 30
0.0
  0
SPLINE
  5
2BA
330
17
100
AcDbEntity
  8
ENGRAVE
100
AcDbSpline
 70
0
 71
2
 72
6
 73
3
 74
0
 40
0.0
 40
0.0
 40
0.0
 40
1.0
 40
1.0
 40
1.0
 10
296.02064563281436
 20
187.0504139070742
 30
0.0
 10
296.2756261015644
 20
187.00539437582418
 30
0.0
 10
296.4931309843769
 20
186.7954090242617
 30
0.0
  0
SPLINE
  5
2BB
330
17
100
AcDbEntity
  8
ENGRAVE
100
AcDbSpline
 70
0
 71
2
 72
6
 73
3
 74
0
 40
0.0
 40
0.0
 40
0.0
 40
1.0
 40
1.0
 40
1.0
 10
296.5606358671894
 20
185.1679187898867
 30
0.0
 10
296.5156163359394
 20
185.02541390707418
 30
0.0
 10
296.5156163359394
 20
185.02541390707418
 30
0.0
  0
SPLINE
  5
2BC
330
17
100
AcDbEntity
  8
ENGRAVE
100
AcDbSpline
 70
0
 71
2
 72
6
 73
3
 74
0
 40
0.0
 40
0.0
 40
0.0
 40
1.0
 40
1.0
 40
1.0
 10
296.65065051562686
 20
185.4754139070742
 30
0.0
 10
296.6056553984394
 20
185.3104236726992
 30
0.0
 10
296.5606358671894
 20
185.1679187898867
 30
0.0
  0
SPLINE
  5
2BD
330
17
100
AcDbEntity
  8
ENGRAVE
100
AcDbSpline
 70
0
 71
2
 72
6
 73
3
 74
0
 40
0.0
 40
0.0
 40
0.0
 40
1.0
 40
1.0
 40
1.0
 10
296.28924361259993
 20
210.02647884304199
 30
0.0
 10
296.46924849541244
 20
209.91397884304197
 30
0.0
 10
296.6492533782249
 20
209.718959311792
 30
0.0
  0
SPLINE
  5
2BE
330
17
100
AcDbEntity
  8
ENGRAVE
100
AcDbSpline
 70
0
 71
2
 72
6
 73
3
 74
0
 40
0.0
 40
0.0
 40
0.0
 40
1.0
 40
1.0
 40
1.0
 10
296.7106358671894
 20
185.7004139070742
 30
0.0
 10
296.6956456328144
 20
185.64040414144918
 30
0.0
 10
296.65065051562686
 20
185.4754139070742
 30
0.0
  0
SPLINE
  5
2BF
330
17
100
AcDbEntity
  8
ENGRAVE
100
AcDbSpline
 70
0
 71
2
 72
6
 73
3
 74
0
 40
0.0
 40
0.0
 40
0.0
 40
1.0
 40
1.0
 40
1.0
 10
296.7017680266624
 20
208.22645442897948
 30
0.0
 10
296.6642680266624
 20
208.218959311792
 30
0.0
 10
296.6642680266624
 20
208.14395931179197
 30
0.0
  0
SPLINE
  5
2C0
330
17
100
AcDbEntity
  8
ENGRAVE
100
AcDbSpline
 70
0
 71
2
 72
6
 73
3
 74
0
 40
0.0
 40
0.0
 40
0.0
 40
1.0
 40
1.0
 40
1.0
 10
296.73926802666244
 20
208.23394954616697
 30
0.0
 10
296.73926802666244
 20
208.23394954616697
 30
0.0
 10
296.7017680266624
 20
208.22645442897948
 30
0.0
  0
SPLINE
  5
2C1
330
17
100
AcDbEntity
  8
ENGRAVE
100
AcDbSpline
 70
0
 71
2
 72
6
 73
3
 74
0
 40
0.0
 40
0.0
 40
0.0
 40
1.0
 40
1.0
 40
1.0
 10
296.5156163359394
 20
185.02541390707418
 30
0.0
 10
296.5156163359394
 20
185.02541390707418
 30
0.0
 10
296.7106358671894
 20
185.2204090242617
 30
0.0
  0
SPLINE
  5
2C2
330
17
100
AcDbEntity
  8
ENGRAVE
100
AcDbSpline
 70
0
 71
2
 72
6
 73
3
 74
0
 40
0.0
 40
0.0
 40
0.0
 40
1.0
 40
1.0
 40
1.0
 10
296.7931309843769
 20
186.03041878988668
 30
0.0
 10
296.74061633593936
 20
185.8504139070742
 30
0.0
 10
296.7106358671894
 20
185.7004139070742
 30
0.0
  0
SPLINE
  5
2C3
330
17
100
AcDbEntity
  8
ENGRAVE
100
AcDbSpline
 70
0
 71
2
 72
6
 73
3
 74
0
 40
0.0
 40
0.0
 40
0.0
 40
1.0
 40
1.0
 40
1.0
 10
296.8742533782249
 20
208.42894466335449
 30
0.0
 10
296.84424849541244
 20
208.23394954616697
 30
0.0
 10
296.73926802666244
 20
208.23394954616697
 30
0.0
  0
SPLINE
  5
2C4
330
17
100
AcDbEntity
  8
ENGRAVE
100
AcDbSpline
 70
0
 71
2
 72
6
 73
3
 74
0
 40
0.0
 40
0.0
 40
0.0
 40
1.0
 40
1.0
 40
1.0
 10
296.4931309843769
 20
186.7954090242617
 30
0.0
 10
296.7106358671894
 20
186.5854236726992
 30
0.0
 10
296.77064563281436
 20
186.4354236726992
 30
0.0
  0
SPLINE
  5
2C5
330
17
100
AcDbEntity
  8
ENGRAVE
100
AcDbSpline
 70
0
 71
2
 72
6
 73
3
 74
0
 40
0.0
 40
0.0
 40
0.0
 40
1.0
 40
1.0
 40
1.0
 10
296.77064563281436
 20
186.4354236726992
 30
0.0
 10
296.8456456328144
 20
186.2104236726992
 30
0.0
 10
296.7931309843769
 20
186.03041878988668
 30
0.0
  0
SPLINE
  5
2C6
330
17
100
AcDbEntity
  8
ENGRAVE
100
AcDbSpline
 70
0
 71
2
 72
6
 73
3
 74
0
 40
0.0
 40
0.0
 40
0.0
 40
1.0
 40
1.0
 40
1.0
 10
296.91175337822494
 20
208.886439780542
 30
0.0
 10
296.9042582610374
 20
208.62393978054197
 30
0.0
 10
296.8742533782249
 20
208.42894466335449
 30
0.0
  0
SPLINE
  5
2C7
330
17
100
AcDbEntity
  8
ENGRAVE
100
AcDbSpline
 70
0
 71
2
 72
6
 73
3
 74
0
 40
0.0
 40
0.0
 40
0.0
 40
1.0
 40
1.0
 40
1.0
 10
296.91924849541243
 20
209.32896907741699
 30
0.0
 10
296.91924849541243
 20
209.14893978054198
 30
0.0
 10
296.91175337822494
 20
208.886439780542
 30
0.0
  0
SPLINE
  5
2C8
330
17
100
AcDbEntity
  8
ENGRAVE
100
AcDbSpline
 70
0
 71
2
 72
6
 73
3
 74
0
 40
0.0
 40
0.0
 40
0.0
 40
1.0
 40
1.0
 40
1.0
 10
296.6492533782249
 20
209.718959311792
 30
0.0
 10
296.8292582610374
 20
209.52393978054198
 30
0.0
 10
296.91924849541243
 20
209.32896907741699
 30
0.0
  0
SPLINE
  5
2C9
330
17
100
AcDbEntity
  8
ENGRAVE
100
AcDbSpline
 70
0
 71
2
 72
6
 73
3
 74
0
 40
0.0
 40
0.0
 40
0.0
 40
1.0
 40
1.0
 40
1.0
 10
297.37676802666243
 20
204.29644954616697
 30
0.0
 10
297.0992777922874
 20
204.63394954616697
 30
0.0
 10
297.0992777922874
 20
205.113978843042
 30
0.0
  0
SPLINE
  5
2CA
330
17
100
AcDbEntity
  8
ENGRAVE
100
AcDbSpline
 70
0
 71
2
 72
6
 73
3
 74
0
 40
0.0
 40
0.0
 40
0.0
 40
1.0
 40
1.0
 40
1.0
 10
296.7106358671894
 20
185.2204090242617
 30
0.0
 10
296.90565539843936
 20
185.4154041414492
 30
0.0
 10
297.14564563281436
 20
185.5654041414492
 30
0.0
  0
SPLINE
  5
2CB
330
17
100
AcDbEntity
  8
ENGRAVE
100
AcDbSpline
 70
0
 71
2
 72
6
 73
3
 74
0
 40
0.0
 40
0.0
 40
0.0
 40
1.0
 40
1.0
 40
1.0
 10
297.0992777922874
 20
205.113978843042
 30
0.0
 10
297.05425826103743
 20
205.56397884304198
 30
0.0
 10
297.1817484954124
 20
206.18646419460447
 30
0.0
  0
SPLINE
  5
2CC
330
17
100
AcDbEntity
  8
ENGRAVE
100
AcDbSpline
 70
0
 71
2
 72
6
 73
3
 74
0
 40
0.0
 40
0.0
 40
0.0
 40
1.0
 40
1.0
 40
1.0
 10
298.0817484954124
 20
203.80894954616699
 30
0.0
 10
297.6542582610374
 20
203.958949546167
 30
0.0
 10
297.37676802666243
 20
204.29644954616697
 30
0.0
  0
SPLINE
  5
2CD
330
17
100
AcDbEntity
  8
ENGRAVE
100
AcDbSpline
 70
0
 71
2
 72
6
 73
3
 74
0
 40
0.0
 40
0.0
 40
0.0
 40
1.0
 40
1.0
 40
1.0
 10
298.1056553984394
 20
184.9354236726992
 30
0.0
 10
297.9856358671894
 20
184.9504139070742
 30
0.0
 10
297.5431309843769
 20
184.5978992586367
 30
0.0
  0
SPLINE
  5
2CE
330
17
100
AcDbEntity
  8
ENGRAVE
100
AcDbSpline
 70
0
 71
2
 72
6
 73
3
 74
0
 40
0.0
 40
0.0
 40
0.0
 40
1.0
 40
1.0
 40
1.0
 10
297.1817484954124
 20
206.18646419460447
 30
0.0
 10
297.3092387297874
 20
206.80894954616699
 30
0.0
 10
297.5717387297874
 20
207.43895442897949
 30
0.0
  0
SPLINE
  5
2CF
330
17
100
AcDbEntity
  8
ENGRAVE
100
AcDbSpline
 70
0
 71
2
 72
6
 73
3
 74
0
 40
0.0
 40
0.0
 40
0.0
 40
1.0
 40
1.0
 40
1.0
 10
298.9442484954124
 20
203.73394954616697
 30
0.0
 10
298.5092387297874
 20
203.65894954616698
 30
0.0
 10
298.0817484954124
 20
203.80894954616699
 30
0.0
  0
SPLINE
  5
2D0
330
17
100
AcDbEntity
  8
ENGRAVE
100
AcDbSpline
 70
0
 71
2
 72
6
 73
3
 74
0
 40
0.0
 40
0.0
 40
0.0
 40
1.0
 40
1.0
 40
1.0
 10
298.2481358671894
 20
183.2404041414492
 30
0.0
 10
298.0756261015644
 20
183.5703846101992
 30
0.0
 10
298.0906163359394
 20
184.0953846101992
 30
0.0
  0
SPLINE
  5
2D1
330
17
100
AcDbEntity
  8
ENGRAVE
100
AcDbSpline
 70
0
 71
2
 72
6
 73
3
 74
0
 40
0.0
 40
0.0
 40
0.0
 40
1.0
 40
1.0
 40
1.0
 10
298.1581456328144
 20
184.7328846101992
 30
0.0
 10
298.2106358671894
 20
184.9203846101992
 30
0.0
 10
298.1056553984394
 20
184.9354236726992
 30
0.0
  0
SPLINE
  5
2D2
330
17
100
AcDbEntity
  8
ENGRAVE
100
AcDbSpline
 70
0
 71
2
 72
6
 73
3
 74
0
 40
0.0
 40
0.0
 40
0.0
 40
1.0
 40
1.0
 40
1.0
 10
298.0906163359394
 20
184.0953846101992
 30
0.0
 10
298.1056553984394
 20
184.5453846101992
 30
0.0
 10
298.1581456328144
 20
184.7328846101992
 30
0.0
  0
SPLINE
  5
2D3
330
17
100
AcDbEntity
  8
ENGRAVE
100
AcDbSpline
 70
0
 71
2
 72
6
 73
3
 74
0
 40
0.0
 40
0.0
 40
0.0
 40
1.0
 40
1.0
 40
1.0
 10
297.5717387297874
 20
207.43895442897949
 30
0.0
 10
297.83423872978744
 20
208.06895931179199
 30
0.0
 10
298.17925826103743
 20
208.50396907741697
 30
0.0
  0
SPLINE
  5
2D4
330
17
100
AcDbEntity
  8
ENGRAVE
100
AcDbSpline
 70
0
 71
2
 72
6
 73
3
 74
0
 40
0.0
 40
0.0
 40
0.0
 40
1.0
 40
1.0
 40
1.0
 10
298.64564563281436
 20
182.7454090242617
 30
0.0
 10
298.4206456328144
 20
182.91042367269918
 30
0.0
 10
298.2481358671894
 20
183.2404041414492
 30
0.0
  0
SPLINE
  5
2D5
330
17
100
AcDbEntity
  8
ENGRAVE
100
AcDbSpline
 70
0
 71
2
 72
6
 73
3
 74
0
 40
0.0
 40
0.0
 40
0.0
 40
1.0
 40
1.0
 40
1.0
 10
297.14564563281436
 20
185.5654041414492
 30
0.0
 10
297.89564563281436
 20
186.1354236726992
 30
0.0
 10
298.33815051562686
 20
186.2929187898867
 30
0.0
  0
SPLINE
  5
2D6
330
17
100
AcDbEntity
  8
ENGRAVE
100
AcDbSpline
 70
0
 71
2
 72
6
 73
3
 74
0
 40
0.0
 40
0.0
 40
0.0
 40
1.0
 40
1.0
 40
1.0
 10
298.4342387297874
 20
205.81895931179199
 30
0.0
 10
298.34424849541244
 20
205.47393978054197
 30
0.0
 10
298.41175337822494
 20
205.27894466335448
 30
0.0
  0
SPLINE
  5
2D7
330
17
100
AcDbEntity
  8
ENGRAVE
100
AcDbSpline
 70
0
 71
2
 72
6
 73
3
 74
0
 40
0.0
 40
0.0
 40
0.0
 40
1.0
 40
1.0
 40
1.0
 10
298.84673872978743
 20
207.19896419460449
 30
0.0
 10
298.65923872978743
 20
206.70396907741699
 30
0.0
 10
298.4342387297874
 20
205.81895931179199
 30
0.0
  0
SPLINE
  5
2D8
330
17
100
AcDbEntity
  8
ENGRAVE
100
AcDbSpline
 70
0
 71
2
 72
6
 73
3
 74
0
 40
0.0
 40
0.0
 40
0.0
 40
1.0
 40
1.0
 40
1.0
 10
298.41175337822494
 20
205.27894466335448
 30
0.0
 10
298.47925826103744
 20
205.083949546167
 30
0.0
 10
298.5242777922874
 20
205.06895931179199
 30
0.0
  0
SPLINE
  5
2D9
330
17
100
AcDbEntity
  8
ENGRAVE
100
AcDbSpline
 70
0
 71
2
 72
6
 73
3
 74
0
 40
0.0
 40
0.0
 40
0.0
 40
1.0
 40
1.0
 40
1.0
 10
298.9756261015644
 20
182.5504139070742
 30
0.0
 10
298.8706456328144
 20
182.5803943758242
 30
0.0
 10
298.64564563281436
 20
182.7454090242617
 30
0.0
  0
SPLINE
  5
2DA
330
17
100
AcDbEntity
  8
ENGRAVE
100
AcDbSpline
 70
0
 71
2
 72
6
 73
3
 74
0
 40
0.0
 40
0.0
 40
0.0
 40
1.0
 40
1.0
 40
1.0
 10
298.17925826103743
 20
208.50396907741697
 30
0.0
 10
298.47925826103744
 20
208.863978843042
 30
0.0
 10
298.7792582610374
 20
209.16397884304197
 30
0.0
  0
SPLINE
  5
2DB
330
17
100
AcDbEntity
  8
ENGRAVE
100
AcDbSpline
 70
0
 71
2
 72
6
 73
3
 74
0
 40
0.0
 40
0.0
 40
0.0
 40
1.0
 40
1.0
 40
1.0
 10
299.2742533782249
 20
207.97144954616698
 30
0.0
 10
299.03423872978743
 20
207.69395931179199
 30
0.0
 10
298.84673872978743
 20
207.19896419460449
 30
0.0
  0
SPLINE
  5
2DC
330
17
100
AcDbEntity
  8
ENGRAVE
100
AcDbSpline
 70
0
 71
2
 72
6
 73
3
 74
0
 40
0.0
 40
0.0
 40
0.0
 40
1.0
 40
1.0
 40
1.0
 10
299.4317484954124
 20
203.89896419460447
 30
0.0
 10
299.1542582610374
 20
203.77896907741697
 30
0.0
 10
298.9442484954124
 20
203.73394954616697
 30
0.0
  0
SPLINE
  5
2DD
330
17
100
AcDbEntity
  8
ENGRAVE
100
AcDbSpline
 70
0
 71
2
 72
6
 73
3
 74
0
 40
0.0
 40
0.0
 40
0.0
 40
1.0
 40
1.0
 40
1.0
 10
299.4781407500019
 20
182.5654041414492
 30
0.0
 10
299.2306553984394
 20
182.53542367269918
 30
0.0
 10
298.9756261015644
 20
182.5504139070742
 30
0.0
  0
SPLINE
  5
2DE
330
17
100
AcDbEntity
  8
ENGRAVE
100
AcDbSpline
 70
0
 71
2
 72
6
 73
3
 74
0
 40
0.0
 40
0.0
 40
0.0
 40
1.0
 40
1.0
 40
1.0
 10
298.5242777922874
 20
205.06895931179199
 30
0.0
 10
298.7342387297874
 20
205.00894954616697
 30
0.0
 10
298.98174849541243
 20
205.04644954616697
 30
0.0
  0
SPLINE
  5
2DF
330
17
100
AcDbEntity
  8
ENGRAVE
100
AcDbSpline
 70
0
 71
2
 72
6
 73
3
 74
0
 40
0.0
 40
0.0
 40
0.0
 40
1.0
 40
1.0
 40
1.0
 10
298.33815051562686
 20
186.2929187898867
 30
0.0
 10
298.78065539843936
 20
186.4504139070742
 30
0.0
 10
299.0956456328144
 20
186.0303943758242
 30
0.0
  0
SPLINE
  5
2E0
330
17
100
AcDbEntity
  8
ENGRAVE
100
AcDbSpline
 70
0
 71
2
 72
6
 73
3
 74
0
 40
0.0
 40
0.0
 40
0.0
 40
1.0
 40
1.0
 40
1.0
 10
299.8892680266624
 20
208.458949546167
 30
0.0
 10
299.5142680266624
 20
208.24893978054197
 30
0.0
 10
299.2742533782249
 20
207.97144954616698
 30
0.0
  0
SPLINE
  5
2E1
330
17
100
AcDbEntity
  8
ENGRAVE
100
AcDbSpline
 70
0
 71
2
 72
6
 73
3
 74
0
 40
0.0
 40
0.0
 40
0.0
 40
1.0
 40
1.0
 40
1.0
 10
298.7792582610374
 20
209.16397884304197
 30
0.0
 10
299.0792582610374
 20
209.46397884304199
 30
0.0
 10
299.3192484954124
 20
209.56895931179199
 30
0.0
  0
SPLINE
  5
2E2
330
17
100
AcDbEntity
  8
ENGRAVE
100
AcDbSpline
 70
0
 71
2
 72
6
 73
3
 74
0
 40
0.0
 40
0.0
 40
0.0
 40
1.0
 40
1.0
 40
1.0
 10
299.0956456328144
 20
186.0303943758242
 30
0.0
 10
299.2756261015644
 20
185.8654041414492
 30
0.0
 10
299.32814075000186
 20
185.5803943758242
 30
0.0
  0
SPLINE
  5
2E3
330
17
100
AcDbEntity
  8
ENGRAVE
100
AcDbSpline
 70
0
 71
2
 72
6
 73
3
 74
0
 40
0.0
 40
0.0
 40
0.0
 40
1.0
 40
1.0
 40
1.0
 10
299.32814075000186
 20
185.5803943758242
 30
0.0
 10
299.3806553984394
 20
185.2953846101992
 30
0.0
 10
299.3806553984394
 20
184.8154041414492
 30
0.0
  0
SPLINE
  5
2E4
330
17
100
AcDbEntity
  8
ENGRAVE
100
AcDbSpline
 70
0
 71
2
 72
6
 73
3
 74
0
 40
0.0
 40
0.0
 40
0.0
 40
1.0
 40
1.0
 40
1.0
 10
298.98174849541243
 20
205.04644954616697
 30
0.0
 10
299.22925826103744
 20
205.083949546167
 30
0.0
 10
299.3942484954124
 20
205.17393978054199
 30
0.0
  0
SPLINE
  5
2E5
330
17
100
AcDbEntity
  8
ENGRAVE
100
AcDbSpline
 70
0
 71
2
 72
6
 73
3
 74
0
 40
0.0
 40
0.0
 40
0.0
 40
1.0
 40
1.0
 40
1.0
 10
299.9267436125999
 20
204.13895442897947
 30
0.0
 10
299.70923872978744
 20
204.01895931179197
 30
0.0
 10
299.4317484954124
 20
203.89896419460447
 30
0.0
  0
SPLINE
  5
2E6
330
17
100
AcDbEntity
  8
ENGRAVE
100
AcDbSpline
 70
0
 71
2
 72
6
 73
3
 74
0
 40
0.0
 40
0.0
 40
0.0
 40
1.0
 40
1.0
 40
1.0
 10
299.3806553984394
 20
184.8154041414492
 30
0.0
 10
299.4106358671894
 20
184.51540414144918
 30
0.0
 10
299.44813586718936
 20
184.1629139070742
 30
0.0
  0
SPLINE
  5
2E7
330
17
100
AcDbEntity
  8
ENGRAVE
100
AcDbSpline
 70
0
 71
2
 72
6
 73
3
 74
0
 40
0.0
 40
0.0
 40
0.0
 40
1.0
 40
1.0
 40
1.0
 10
299.9506261015644
 20
182.7303943758242
 30
0.0
 10
299.7256261015644
 20
182.5953846101992
 30
0.0
 10
299.4781407500019
 20
182.5654041414492
 30
0.0
  0
SPLINE
  5
2E8
330
17
100
AcDbEntity
  8
ENGRAVE
100
AcDbSpline
 70
0
 71
2
 72
6
 73
3
 74
0
 40
0.0
 40
0.0
 40
0.0
 40
1.0
 40
1.0
 40
1.0
 10
299.44813586718936
 20
184.1629139070742
 30
0.0
 10
299.4856358671894
 20
183.8104236726992
 30
0.0
 10
299.5456456328144
 20
183.7354236726992
 30
0.0
  0
SPLINE
  5
2E9
330
17
100
AcDbEntity
  8
ENGRAVE
100
AcDbSpline
 70
0
 71
2
 72
6
 73
3
 74
0
 40
0.0
 40
0.0
 40
0.0
 40
1.0
 40
1.0
 40
1.0
 10
299.5456456328144
 20
183.7354236726992
 30
0.0
 10
299.5906163359394
 20
183.6754139070742
 30
0.0
 10
299.7106358671894
 20
183.6228992586367
 30
0.0
  0
SPLINE
  5
2EA
330
17
100
AcDbEntity
  8
ENGRAVE
100
AcDbSpline
 70
0
 71
2
 72
6
 73
3
 74
0
 40
0.0
 40
0.0
 40
0.0
 40
1.0
 40
1.0
 40
1.0
 10
299.3942484954124
 20
205.17393978054199
 30
0.0
 10
299.6342387297874
 20
205.29395931179198
 30
0.0
 10
299.8217387297874
 20
205.43646419460447
 30
0.0
  0
SPLINE
  5
2EB
330
17
100
AcDbEntity
  8
ENGRAVE
100
AcDbSpline
 70
0
 71
2
 72
6
 73
3
 74
0
 40
0.0
 40
0.0
 40
0.0
 40
1.0
 40
1.0
 40
1.0
 10
299.3192484954124
 20
209.56895931179199
 30
0.0
 10
299.5292582610374
 20
209.65894954616698
 30
0.0
 10
299.8367533782249
 20
209.71146419460447
 30
0.0
  0
SPLINE
  5
2EC
330
17
100
AcDbEntity
  8
ENGRAVE
100
AcDbSpline
 70
0
 71
2
 72
6
 73
3
 74
0
 40
0.0
 40
0.0
 40
0.0
 40
1.0
 40
1.0
 40
1.0
 10
300.2642680266624
 20
208.43646419460447
 30
0.0
 10
300.18926802666243
 20
208.57896907741699
 30
0.0
 10
299.8892680266624
 20
208.458949546167
 30
0.0
  0
SPLINE
  5
2ED
330
17
100
AcDbEntity
  8
ENGRAVE
100
AcDbSpline
 70
0
 71
2
 72
6
 73
3
 74
0
 40
0.0
 40
0.0
 40
0.0
 40
1.0
 40
1.0
 40
1.0
 10
300.1442484954124
 20
204.28897884304197
 30
0.0
 10
300.1442484954124
 20
204.25894954616697
 30
0.0
 10
299.9267436125999
 20
204.13895442897947
 30
0.0
  0
SPLINE
  5
2EE
330
17
100
AcDbEntity
  8
ENGRAVE
100
AcDbSpline
 70
0
 71
2
 72
6
 73
3
 74
0
 40
0.0
 40
0.0
 40
0.0
 40
1.0
 40
1.0
 40
1.0
 10
299.7106358671894
 20
183.6228992586367
 30
0.0
 10
299.8306553984394
 20
183.5703846101992
 30
0.0
 10
299.9356358671894
 20
183.5404041414492
 30
0.0
  0
SPLINE
  5
2EF
330
17
100
AcDbEntity
  8
ENGRAVE
100
AcDbSpline
 70
0
 71
2
 72
6
 73
3
 74
0
 40
0.0
 40
0.0
 40
0.0
 40
1.0
 40
1.0
 40
1.0
 10
300.1681309843769
 20
183.1579090242617
 30
0.0
 10
300.1906163359394
 20
182.88039437582418
 30
0.0
 10
299.9506261015644
 20
182.7303943758242
 30
0.0
  0
SPLINE
  5
2F0
330
17
100
AcDbEntity
  8
ENGRAVE
100
AcDbSpline
 70
0
 71
2
 72
6
 73
3
 74
0
 40
0.0
 40
0.0
 40
0.0
 40
1.0
 40
1.0
 40
1.0
 10
300.3392680266624
 20
207.093959311792
 30
0.0
 10
300.1742777922874
 20
207.15396907741697
 30
0.0
 10
300.1292582610374
 20
207.27393978054198
 30
0.0
  0
SPLINE
  5
2F1
330
17
100
AcDbEntity
  8
ENGRAVE
100
AcDbSpline
 70
0
 71
2
 72
6
 73
3
 74
0
 40
0.0
 40
0.0
 40
0.0
 40
1.0
 40
1.0
 40
1.0
 10
300.29424849541243
 20
204.37896907741697
 30
0.0
 10
300.1442484954124
 20
204.37896907741697
 30
0.0
 10
300.1442484954124
 20
204.28897884304197
 30
0.0
  0
SPLINE
  5
2F2
330
17
100
AcDbEntity
  8
ENGRAVE
100
AcDbSpline
 70
0
 71
2
 72
6
 73
3
 74
0
 40
0.0
 40
0.0
 40
0.0
 40
1.0
 40
1.0
 40
1.0
 10
299.9356358671894
 20
183.5404041414492
 30
0.0
 10
300.14564563281436
 20
183.4354236726992
 30
0.0
 10
300.1681309843769
 20
183.1579090242617
 30
0.0
  0
SPLINE
  5
2F3
330
17
100
AcDbEntity
  8
ENGRAVE
100
AcDbSpline
 70
0
 71
2
 72
6
 73
3
 74
0
 40
0.0
 40
0.0
 40
0.0
 40
1.0
 40
1.0
 40
1.0
 10
299.8217387297874
 20
205.43646419460447
 30
0.0
 10
300.0092387297874
 20
205.57896907741699
 30
0.0
 10
300.2342387297874
 20
205.74395931179197
 30
0.0
  0
SPLINE
  5
2F4
330
17
100
AcDbEntity
  8
ENGRAVE
100
AcDbSpline
 70
0
 71
2
 72
6
 73
3
 74
0
 40
0.0
 40
0.0
 40
0.0
 40
1.0
 40
1.0
 40
1.0
 10
300.1292582610374
 20
207.27393978054198
 30
0.0
 10
300.1292582610374
 20
207.34893978054197
 30
0.0
 10
300.24927779228744
 20
207.87393978054197
 30
0.0
  0
SPLINE
  5
2F5
330
17
100
AcDbEntity
  8
ENGRAVE
100
AcDbSpline
 70
0
 71
2
 72
6
 73
3
 74
0
 40
0.0
 40
0.0
 40
0.0
 40
1.0
 40
1.0
 40
1.0
 10
300.24927779228744
 20
207.87393978054197
 30
0.0
 10
300.3392680266624
 20
208.29395931179198
 30
0.0
 10
300.2642680266624
 20
208.43646419460447
 30
0.0
  0
SPLINE
  5
2F6
330
17
100
AcDbEntity
  8
ENGRAVE
100
AcDbSpline
 70
0
 71
2
 72
6
 73
3
 74
0
 40
0.0
 40
0.0
 40
0.0
 40
1.0
 40
1.0
 40
1.0
 10
299.8367533782249
 20
209.71146419460447
 30
0.0
 10
300.1442484954124
 20
209.76397884304197
 30
0.0
 10
300.2642680266624
 20
209.76397884304197
 30
0.0
  0
SPLINE
  5
2F7
330
17
100
AcDbEntity
  8
ENGRAVE
100
AcDbSpline
 70
0
 71
2
 72
6
 73
3
 74
0
 40
0.0
 40
0.0
 40
0.0
 40
1.0
 40
1.0
 40
1.0
 10
300.60174361259993
 20
204.55145442897947
 30
0.0
 10
300.3842387297874
 20
204.37896907741697
 30
0.0
 10
300.29424849541243
 20
204.37896907741697
 30
0.0
  0
SPLINE
  5
2F8
330
17
100
AcDbEntity
  8
ENGRAVE
100
AcDbSpline
 70
0
 71
2
 72
6
 73
3
 74
0
 40
0.0
 40
0.0
 40
0.0
 40
1.0
 40
1.0
 40
1.0
 10
300.66175337822494
 20
207.03394954616698
 30
0.0
 10
300.5042582610374
 20
207.03394954616698
 30
0.0
 10
300.3392680266624
 20
207.093959311792
 30
0.0
  0
SPLINE
  5
2F9
330
17
100
AcDbEntity
  8
ENGRAVE
100
AcDbSpline
 70
0
 71
2
 72
6
 73
3
 74
0
 40
0.0
 40
0.0
 40
0.0
 40
1.0
 40
1.0
 40
1.0
 10
300.39315539843943
 20
182.8053943758242
 30
0.0
 10
300.34066516406443
 20
183.0453846101992
 30
0.0
 10
300.3556553984394
 20
183.2779041414492
 30
0.0
  0
SPLINE
  5
2FA
330
17
100
AcDbEntity
  8
ENGRAVE
100
AcDbSpline
 70
0
 71
2
 72
6
 73
3
 74
0
 40
0.0
 40
0.0
 40
0.0
 40
1.0
 40
1.0
 40
1.0
 10
300.2342387297874
 20
205.74395931179197
 30
0.0
 10
300.3092387297874
 20
205.78897884304197
 30
0.0
 10
300.3692484954124
 20
205.916469077417
 30
0.0
  0
SPLINE
  5
2FB
330
17
100
AcDbEntity
  8
ENGRAVE
100
AcDbSpline
 70
0
 71
2
 72
6
 73
3
 74
0
 40
0.0
 40
0.0
 40
0.0
 40
1.0
 40
1.0
 40
1.0
 10
300.5656651640644
 20
182.4453846101992
 30
0.0
 10
300.44564563281443
 20
182.5654041414492
 30
0.0
 10
300.39315539843943
 20
182.8053943758242
 30
0.0
  0
SPLINE
  5
2FC
330
17
100
AcDbEntity
  8
ENGRAVE
100
AcDbSpline
 70
0
 71
2
 72
6
 73
3
 74
0
 40
0.0
 40
0.0
 40
0.0
 40
1.0
 40
1.0
 40
1.0
 10
300.3556553984394
 20
183.2779041414492
 30
0.0
 10
300.37064563281444
 20
183.5104236726992
 30
0.0
 10
300.4306553984394
 20
183.63039437582418
 30
0.0
  0
SPLINE
  5
2FD
330
17
100
AcDbEntity
  8
ENGRAVE
100
AcDbSpline
 70
0
 71
2
 72
6
 73
3
 74
0
 40
0.0
 40
0.0
 40
0.0
 40
1.0
 40
1.0
 40
1.0
 10
300.4306553984394
 20
183.63039437582418
 30
0.0
 10
300.4306553984394
 20
183.7504139070742
 30
0.0
 10
300.4681553984394
 20
183.8179187898867
 30
0.0
  0
SPLINE
  5
2FE
330
17
100
AcDbEntity
  8
ENGRAVE
100
AcDbSpline
 70
0
 71
2
 72
6
 73
3
 74
0
 40
0.0
 40
0.0
 40
0.0
 40
1.0
 40
1.0
 40
1.0
 10
300.4681553984394
 20
183.8179187898867
 30
0.0
 10
300.50565539843944
 20
183.8854236726992
 30
0.0
 10
300.4906651640644
 20
183.9453846101992
 30
0.0
  0
SPLINE
  5
2FF
330
17
100
AcDbEntity
  8
ENGRAVE
100
AcDbSpline
 70
0
 71
2
 72
6
 73
3
 74
0
 40
0.0
 40
0.0
 40
0.0
 40
1.0
 40
1.0
 40
1.0
 10
300.4906651640644
 20
183.9453846101992
 30
0.0
 10
300.47562610156444
 20
184.00539437582418
 30
0.0
 10
300.5206456328144
 20
184.1553943758242
 30
0.0
  0
SPLINE
  5
300
330
17
100
AcDbEntity
  8
ENGRAVE
100
AcDbSpline
 70
0
 71
2
 72
6
 73
3
 74
0
 40
0.0
 40
0.0
 40
0.0
 40
1.0
 40
1.0
 40
1.0
 10
300.3692484954124
 20
205.916469077417
 30
0.0
 10
300.42925826103743
 20
206.04395931179198
 30
0.0
 10
300.5492777922874
 20
206.103969077417
 30
0.0
  0
SPLINE
  5
301
330
17
100
AcDbEntity
  8
ENGRAVE
100
AcDbSpline
 70
0
 71
2
 72
6
 73
3
 74
0
 40
0.0
 40
0.0
 40
0.0
 40
1.0
 40
1.0
 40
1.0
 10
301.1581456328144
 20
182.26540414144918
 30
0.0
 10
300.82064563281443
 20
182.16042367269918
 30
0.0
 10
300.5656651640644
 20
182.4453846101992
 30
0.0
  0
SPLINE
  5
302
330
17
100
AcDbEntity
  8
ENGRAVE
100
AcDbSpline
 70
0
 71
2
 72
6
 73
3
 74
0
 40
0.0
 40
0.0
 40
0.0
 40
1.0
 40
1.0
 40
1.0
 10
301.05926314384993
 20
204.9639544289795
 30
0.0
 10
300.8192484954124
 20
204.72393978054197
 30
0.0
 10
300.60174361259993
 20
204.55145442897947
 30
0.0
  0
SPLINE
  5
303
330
17
100
AcDbEntity
  8
ENGRAVE
100
AcDbSpline
 70
0
 71
2
 72
6
 73
3
 74
0
 40
0.0
 40
0.0
 40
0.0
 40
1.0
 40
1.0
 40
1.0
 10
300.5206456328144
 20
184.1553943758242
 30
0.0
 10
300.5656651640644
 20
184.3053943758242
 30
0.0
 10
300.61063586718944
 20
184.4404041414492
 30
0.0
  0
SPLINE
  5
304
330
17
100
AcDbEntity
  8
ENGRAVE
100
AcDbSpline
 70
0
 71
2
 72
6
 73
3
 74
0
 40
0.0
 40
0.0
 40
0.0
 40
1.0
 40
1.0
 40
1.0
 10
300.8192484954124
 20
207.10894954616697
 30
0.0
 10
300.8192484954124
 20
207.03394954616698
 30
0.0
 10
300.66175337822494
 20
207.03394954616698
 30
0.0
  0
SPLINE
  5
305
330
17
100
AcDbEntity
  8
ENGRAVE
100
AcDbSpline
 70
0
 71
2
 72
6
 73
3
 74
0
 40
0.0
 40
0.0
 40
0.0
 40
1.0
 40
1.0
 40
1.0
 10
300.2642680266624
 20
209.76397884304197
 30
0.0
 10
300.5042582610374
 20
209.70396907741699
 30
0.0
 10
300.79676314384994
 20
209.56895931179199
 30
0.0
  0
SPLINE
  5
306
330
17
100
AcDbEntity
  8
ENGRAVE
100
AcDbSpline
 70
0
 71
2
 72
6
 73
3
 74
0
 40
0.0
 40
0.0
 40
0.0
 40
1.0
 40
1.0
 40
1.0
 10
300.87176314384993
 20
207.19144466335447
 30
0.0
 10
300.8192484954124
 20
207.18394954616699
 30
0.0
 10
300.8192484954124
 20
207.10894954616697
 30
0.0
  0
SPLINE
  5
307
330
17
100
AcDbEntity
  8
ENGRAVE
100
AcDbSpline
 70
0
 71
2
 72
6
 73
3
 74
0
 40
0.0
 40
0.0
 40
0.0
 40
1.0
 40
1.0
 40
1.0
 10
300.61063586718944
 20
184.4404041414492
 30
0.0
 10
300.71566516406443
 20
184.6803943758242
 30
0.0
 10
300.8506505156269
 20
185.06288949301168
 30
0.0
  0
SPLINE
  5
308
330
17
100
AcDbEntity
  8
ENGRAVE
100
AcDbSpline
 70
0
 71
2
 72
6
 73
3
 74
0
 40
0.0
 40
0.0
 40
0.0
 40
1.0
 40
1.0
 40
1.0
 10
300.5492777922874
 20
206.103969077417
 30
0.0
 10
300.66924849541243
 20
206.28394954616698
 30
0.0
 10
300.85674849541243
 20
206.29144466335447
 30
0.0
  0
SPLINE
  5
309
330
17
100
AcDbEntity
  8
ENGRAVE
100
AcDbSpline
 70
0
 71
2
 72
6
 73
3
 74
0
 40
0.0
 40
0.0
 40
0.0
 40
1.0
 40
1.0
 40
1.0
 10
300.9842387297874
 20
207.198939780542
 30
0.0
 10
300.9242777922874
 20
207.198939780542
 30
0.0
 10
300.87176314384993
 20
207.19144466335447
 30
0.0
  0
SPLINE
  5
30A
330
17
100
AcDbEntity
  8
ENGRAVE
100
AcDbSpline
 70
0
 71
2
 72
6
 73
3
 74
0
 40
0.0
 40
0.0
 40
0.0
 40
1.0
 40
1.0
 40
1.0
 10
301.2767680266624
 20
207.468959311792
 30
0.0
 10
301.10425826103744
 20
207.198939780542
 30
0.0
 10
300.9842387297874
 20
207.198939780542
 30
0.0
  0
SPLINE
  5
30B
330
17
100
AcDbEntity
  8
ENGRAVE
100
AcDbSpline
 70
0
 71
2
 72
6
 73
3
 74
0
 40
0.0
 40
0.0
 40
0.0
 40
1.0
 40
1.0
 40
1.0
 10
301.4567729094749
 20
205.41395442897948
 30
0.0
 10
301.2992777922874
 20
205.20396907741699
 30
0.0
 10
301.05926314384993
 20
204.9639544289795
 30
0.0
  0
SPLINE
  5
30C
330
17
100
AcDbEntity
  8
ENGRAVE
100
AcDbSpline
 70
0
 71
2
 72
6
 73
3
 74
0
 40
0.0
 40
0.0
 40
0.0
 40
1.0
 40
1.0
 40
1.0
 10
300.79676314384994
 20
209.56895931179199
 30
0.0
 10
301.0892680266624
 20
209.43394954616699
 30
0.0
 10
301.0892680266624
 20
209.25396907741697
 30
0.0
  0
SPLINE
  5
30D
330
17
100
AcDbEntity
  8
ENGRAVE
100
AcDbSpline
 70
0
 71
2
 72
6
 73
3
 74
0
 40
0.0
 40
0.0
 40
0.0
 40
1.0
 40
1.0
 40
1.0
 10
300.8506505156269
 20
185.06288949301168
 30
0.0
 10
300.98563586718944
 20
185.4453846101992
 30
0.0
 10
301.12064563281444
 20
185.8428943758242
 30
0.0
  0
SPLINE
  5
30E
330
17
100
AcDbEntity
  8
ENGRAVE
100
AcDbSpline
 70
0
 71
2
 72
6
 73
3
 74
0
 40
0.0
 40
0.0
 40
0.0
 40
1.0
 40
1.0
 40
1.0
 10
301.63065539843944
 20
182.9854236726992
 30
0.0
 10
301.49564563281444
 20
182.37038461019918
 30
0.0
 10
301.1581456328144
 20
182.26540414144918
 30
0.0
  0
SPLINE
  5
30F
330
17
100
AcDbEntity
  8
ENGRAVE
100
AcDbSpline
 70
0
 71
2
 72
6
 73
3
 74
0
 40
0.0
 40
0.0
 40
0.0
 40
1.0
 40
1.0
 40
1.0
 10
300.85674849541243
 20
206.29144466335447
 30
0.0
 10
301.04424849541243
 20
206.29893978054199
 30
0.0
 10
301.2242777922874
 20
206.29893978054199
 30
0.0
  0
SPLINE
  5
310
330
17
100
AcDbEntity
  8
ENGRAVE
100
AcDbSpline
 70
0
 71
2
 72
6
 73
3
 74
0
 40
0.0
 40
0.0
 40
0.0
 40
1.0
 40
1.0
 40
1.0
 10
301.5092387297874
 20
208.02393978054198
 30
0.0
 10
301.44927779228743
 20
207.738978843042
 30
0.0
 10
301.2767680266624
 20
207.468959311792
 30
0.0
  0
SPLINE
  5
311
330
17
100
AcDbEntity
  8
ENGRAVE
100
AcDbSpline
 70
0
 71
2
 72
6
 73
3
 74
0
 40
0.0
 40
0.0
 40
0.0
 40
1.0
 40
1.0
 40
1.0
 10
301.12064563281444
 20
185.8428943758242
 30
0.0
 10
301.25565539843944
 20
186.2404041414492
 30
0.0
 10
301.3456456328144
 20
186.5329090242617
 30
0.0
  0
SPLINE
  5
312
330
17
100
AcDbEntity
  8
ENGRAVE
100
AcDbSpline
 70
0
 71
2
 72
6
 73
3
 74
0
 40
0.0
 40
0.0
 40
0.0
 40
1.0
 40
1.0
 40
1.0
 10
301.1642680266624
 20
209.17896907741698
 30
0.0
 10
301.2542582610374
 20
209.17896907741698
 30
0.0
 10
301.36675826103743
 20
208.96146419460447
 30
0.0
  0
SPLINE
  5
313
330
17
100
AcDbEntity
  8
ENGRAVE
100
AcDbSpline
 70
0
 71
2
 72
6
 73
3
 74
0
 40
0.0
 40
0.0
 40
0.0
 40
1.0
 40
1.0
 40
1.0
 10
301.3456456328144
 20
186.5329090242617
 30
0.0
 10
301.43563586718943
 20
186.8254139070742
 30
0.0
 10
301.4506261015644
 20
186.8854236726992
 30
0.0
  0
SPLINE
  5
314
330
17
100
AcDbEntity
  8
ENGRAVE
100
AcDbSpline
 70
0
 71
2
 72
6
 73
3
 74
0
 40
0.0
 40
0.0
 40
0.0
 40
1.0
 40
1.0
 40
1.0
 10
301.58423872978744
 20
205.68394954616699
 30
0.0
 10
301.61426802666244
 20
205.62393978054197
 30
0.0
 10
301.4567729094749
 20
205.41395442897948
 30
0.0
  0
SPLINE
  5
315
330
17
100
AcDbEntity
  8
ENGRAVE
100
AcDbSpline
 70
0
 71
2
 72
6
 73
3
 74
0
 40
0.0
 40
0.0
 40
0.0
 40
1.0
 40
1.0
 40
1.0
 10
301.2242777922874
 20
206.29893978054199
 30
0.0
 10
301.34424849541244
 20
206.26895931179197
 30
0.0
 10
301.47925826103744
 20
206.14896419460447
 30
0.0
  0
SPLINE
  5
316
330
17
100
AcDbEntity
  8
ENGRAVE
100
AcDbSpline
 70
0
 71
2
 72
6
 73
3
 74
0
 40
0.0
 40
0.0
 40
0.0
 40
1.0
 40
1.0
 40
1.0
 10
301.5392680266624
 20
208.46646907741697
 30
0.0
 10
301.5992777922874
 20
208.18897884304198
 30
0.0
 10
301.5092387297874
 20
208.02393978054198
 30
0.0
  0
SPLINE
  5
317
330
17
100
AcDbEntity
  8
ENGRAVE
100
AcDbSpline
 70
0
 71
2
 72
6
 73
3
 74
0
 40
0.0
 40
0.0
 40
0.0
 40
1.0
 40
1.0
 40
1.0
 10
301.36675826103743
 20
208.96146419460447
 30
0.0
 10
301.47925826103744
 20
208.74395931179197
 30
0.0
 10
301.5392680266624
 20
208.46646907741697
 30
0.0
  0
SPLINE
  5
318
330
17
100
AcDbEntity
  8
ENGRAVE
100
AcDbSpline
 70
0
 71
2
 72
6
 73
3
 74
0
 40
0.0
 40
0.0
 40
0.0
 40
1.0
 40
1.0
 40
1.0
 10
301.5917582610374
 20
205.72144954616698
 30
0.0
 10
301.58423872978744
 20
205.68394954616699
 30
0.0
 10
301.58423872978744
 20
205.68394954616699
 30
0.0
  0
SPLINE
  5
319
330
17
100
AcDbEntity
  8
ENGRAVE
100
AcDbSpline
 70
0
 71
2
 72
6
 73
3
 74
0
 40
0.0
 40
0.0
 40
0.0
 40
1.0
 40
1.0
 40
1.0
 10
301.65923872978743
 20
205.75894954616697
 30
0.0
 10
301.5992777922874
 20
205.75894954616697
 30
0.0
 10
301.5917582610374
 20
205.72144954616698
 30
0.0
  0
SPLINE
  5
31A
330
17
100
AcDbEntity
  8
ENGRAVE
100
AcDbSpline
 70
0
 71
2
 72
6
 73
3
 74
0
 40
0.0
 40
0.0
 40
0.0
 40
1.0
 40
1.0
 40
1.0
 10
301.75065051562694
 20
183.3154041414492
 30
0.0
 10
301.70565539843943
 20
183.1053943758242
 30
0.0
 10
301.63065539843944
 20
182.9854236726992
 30
0.0
  0
SPLINE
  5
31B
330
17
100
AcDbEntity
  8
ENGRAVE
100
AcDbSpline
 70
0
 71
2
 72
6
 73
3
 74
0
 40
0.0
 40
0.0
 40
0.0
 40
1.0
 40
1.0
 40
1.0
 10
301.68177290947494
 20
205.916469077417
 30
0.0
 10
301.74927779228744
 20
205.80396907741698
 30
0.0
 10
301.65923872978743
 20
205.75894954616697
 30
0.0
  0
SPLINE
  5
31C
330
17
100
AcDbEntity
  8
ENGRAVE
100
AcDbSpline
 70
0
 71
2
 72
6
 73
3
 74
0
 40
0.0
 40
0.0
 40
0.0
 40
1.0
 40
1.0
 40
1.0
 10
301.47925826103744
 20
206.14896419460447
 30
0.0
 10
301.61426802666244
 20
206.02896907741697
 30
0.0
 10
301.68177290947494
 20
205.916469077417
 30
0.0
  0
SPLINE
  5
31D
330
17
100
AcDbEntity
  8
ENGRAVE
100
AcDbSpline
 70
0
 71
2
 72
6
 73
3
 74
0
 40
0.0
 40
0.0
 40
0.0
 40
1.0
 40
1.0
 40
1.0
 10
301.4506261015644
 20
186.8854236726992
 30
0.0
 10
301.4506261015644
 20
187.0654041414492
 30
0.0
 10
301.6906651640644
 20
187.0803943758242
 30
0.0
  0
SPLINE
  5
31E
330
17
100
AcDbEntity
  8
ENGRAVE
100
AcDbSpline
 70
0
 71
2
 72
6
 73
3
 74
0
 40
0.0
 40
0.0
 40
0.0
 40
1.0
 40
1.0
 40
1.0
 10
301.82565051562693
 20
183.7279041414492
 30
0.0
 10
301.7956456328144
 20
183.52541390707418
 30
0.0
 10
301.75065051562694
 20
183.3154041414492
 30
0.0
  0
SPLINE
  5
31F
330
17
100
AcDbEntity
  8
ENGRAVE
100
AcDbSpline
 70
0
 71
2
 72
6
 73
3
 74
0
 40
0.0
 40
0.0
 40
0.0
 40
1.0
 40
1.0
 40
1.0
 10
301.8856358671894
 20
184.00539437582418
 30
0.0
 10
301.8556553984394
 20
183.9303943758242
 30
0.0
 10
301.82565051562693
 20
183.7279041414492
 30
0.0
  0
SPLINE
  5
320
330
17
100
AcDbEntity
  8
ENGRAVE
100
AcDbSpline
 70
0
 71
2
 72
6
 73
3
 74
0
 40
0.0
 40
0.0
 40
0.0
 40
1.0
 40
1.0
 40
1.0
 10
301.87814075000193
 20
188.9103992586367
 30
0.0
 10
301.81063586718943
 20
189.1803943758242
 30
0.0
 10
301.87064563281444
 20
189.2254139070742
 30
0.0
  0
SPLINE
  5
321
330
17
100
AcDbEntity
  8
ENGRAVE
100
AcDbSpline
 70
0
 71
2
 72
6
 73
3
 74
0
 40
0.0
 40
0.0
 40
0.0
 40
1.0
 40
1.0
 40
1.0
 10
302.18563586718943
 20
188.4604236726992
 30
0.0
 10
301.94564563281443
 20
188.64040414144918
 30
0.0
 10
301.87814075000193
 20
188.9103992586367
 30
0.0
  0
SPLINE
  5
322
330
17
100
AcDbEntity
  8
ENGRAVE
100
AcDbSpline
 70
0
 71
2
 72
6
 73
3
 74
0
 40
0.0
 40
0.0
 40
0.0
 40
1.0
 40
1.0
 40
1.0
 10
302.0281407500019
 20
184.4179187898867
 30
0.0
 10
301.94564563281443
 20
184.2004139070742
 30
0.0
 10
301.8856358671894
 20
184.00539437582418
 30
0.0
  0
SPLINE
  5
323
330
17
100
AcDbEntity
  8
ENGRAVE
100
AcDbSpline
 70
0
 71
2
 72
6
 73
3
 74
0
 40
0.0
 40
0.0
 40
0.0
 40
1.0
 40
1.0
 40
1.0
 10
302.1706456328144
 20
184.75539437582418
 30
0.0
 10
302.11063586718944
 20
184.6354236726992
 30
0.0
 10
302.0281407500019
 20
184.4179187898867
 30
0.0
  0
SPLINE
  5
324
330
17
100
AcDbEntity
  8
ENGRAVE
100
AcDbSpline
 70
0
 71
2
 72
6
 73
3
 74
0
 40
0.0
 40
0.0
 40
0.0
 40
1.0
 40
1.0
 40
1.0
 10
301.6906651640644
 20
187.0803943758242
 30
0.0
 10
301.87064563281444
 20
187.14040414144918
 30
0.0
 10
302.12565051562694
 20
186.9303943758242
 30
0.0
  0
SPLINE
  5
325
330
17
100
AcDbEntity
  8
ENGRAVE
100
AcDbSpline
 70
0
 71
2
 72
6
 73
3
 74
0
 40
0.0
 40
0.0
 40
0.0
 40
1.0
 40
1.0
 40
1.0
 10
301.87064563281444
 20
189.2254139070742
 30
0.0
 10
302.0206456328144
 20
189.39040414144918
 30
0.0
 10
302.13314563281443
 20
189.6603992586367
 30
0.0
  0
SPLINE
  5
326
330
17
100
AcDbEntity
  8
ENGRAVE
100
AcDbSpline
 70
0
 71
2
 72
6
 73
3
 74
0
 40
0.0
 40
0.0
 40
0.0
 40
1.0
 40
1.0
 40
1.0
 10
302.2831456328144
 20
185.21291390707418
 30
0.0
 10
302.2006261015644
 20
184.9354236726992
 30
0.0
 10
302.1706456328144
 20
184.75539437582418
 30
0.0
  0
SPLINE
  5
327
330
17
100
AcDbEntity
  8
ENGRAVE
100
AcDbSpline
 70
0
 71
2
 72
6
 73
3
 74
0
 40
0.0
 40
0.0
 40
0.0
 40
1.0
 40
1.0
 40
1.0
 10
302.74064075000194
 20
188.3929187898867
 30
0.0
 10
302.3956456328144
 20
188.3104236726992
 30
0.0
 10
302.18563586718943
 20
188.4604236726992
 30
0.0
  0
SPLINE
  5
328
330
17
100
AcDbEntity
  8
ENGRAVE
100
AcDbSpline
 70
0
 71
2
 72
6
 73
3
 74
0
 40
0.0
 40
0.0
 40
0.0
 40
1.0
 40
1.0
 40
1.0
 10
302.42562610156443
 20
185.6104236726992
 30
0.0
 10
302.3656651640644
 20
185.4904041414492
 30
0.0
 10
302.2831456328144
 20
185.21291390707418
 30
0.0
  0
SPLINE
  5
329
330
17
100
AcDbEntity
  8
ENGRAVE
100
AcDbSpline
 70
0
 71
2
 72
6
 73
3
 74
0
 40
0.0
 40
0.0
 40
0.0
 40
1.0
 40
1.0
 40
1.0
 10
302.13314563281443
 20
189.6603992586367
 30
0.0
 10
302.24564563281444
 20
189.9303943758242
 30
0.0
 10
302.38065539843944
 20
190.1553943758242
 30
0.0
  0
SPLINE
  5
32A
330
17
100
AcDbEntity
  8
ENGRAVE
100
AcDbSpline
 70
0
 71
2
 72
6
 73
3
 74
0
 40
0.0
 40
0.0
 40
0.0
 40
1.0
 40
1.0
 40
1.0
 10
302.62064563281444
 20
186.1654041414492
 30
0.0
 10
302.59066516406443
 20
185.9703846101992
 30
0.0
 10
302.42562610156443
 20
185.6104236726992
 30
0.0
  0
SPLINE
  5
32B
330
17
100
AcDbEntity
  8
ENGRAVE
100
AcDbSpline
 70
0
 71
2
 72
6
 73
3
 74
0
 40
0.0
 40
0.0
 40
0.0
 40
1.0
 40
1.0
 40
1.0
 10
302.38065539843944
 20
190.1553943758242
 30
0.0
 10
302.4106358671894
 20
190.2004139070742
 30
0.0
 10
302.4631505156269
 20
190.2829090242617
 30
0.0
  0
SPLINE
  5
32C
330
17
100
AcDbEntity
  8
ENGRAVE
100
AcDbSpline
 70
0
 71
2
 72
6
 73
3
 74
0
 40
0.0
 40
0.0
 40
0.0
 40
1.0
 40
1.0
 40
1.0
 10
302.5817729094749
 20
204.468959311792
 30
0.0
 10
302.4242777922874
 20
204.63394954616697
 30
0.0
 10
302.4692484954124
 20
204.93394954616699
 30
0.0
  0
SPLINE
  5
32D
330
17
100
AcDbEntity
  8
ENGRAVE
100
AcDbSpline
 70
0
 71
2
 72
6
 73
3
 74
0
 40
0.0
 40
0.0
 40
0.0
 40
1.0
 40
1.0
 40
1.0
 10
302.12565051562694
 20
186.9303943758242
 30
0.0
 10
302.38065539843944
 20
186.7203846101992
 30
0.0
 10
302.5306553984394
 20
186.4803943758242
 30
0.0
  0
SPLINE
  5
32E
330
17
100
AcDbEntity
  8
ENGRAVE
100
AcDbSpline
 70
0
 71
2
 72
6
 73
3
 74
0
 40
0.0
 40
0.0
 40
0.0
 40
1.0
 40
1.0
 40
1.0
 10
302.4631505156269
 20
190.2829090242617
 30
0.0
 10
302.51566516406444
 20
190.3654041414492
 30
0.0
 10
302.5756261015644
 20
190.38039437582418
 30
0.0
  0
SPLINE
  5
32F
330
17
100
AcDbEntity
  8
ENGRAVE
100
AcDbSpline
 70
0
 71
2
 72
6
 73
3
 74
0
 40
0.0
 40
0.0
 40
0.0
 40
1.0
 40
1.0
 40
1.0
 10
302.8742777922874
 20
204.198939780542
 30
0.0
 10
302.7392680266624
 20
204.30396907741698
 30
0.0
 10
302.5817729094749
 20
204.468959311792
 30
0.0
  0
SPLINE
  5
330
330
17
100
AcDbEntity
  8
ENGRAVE
100
AcDbSpline
 70
0
 71
2
 72
6
 73
3
 74
0
 40
0.0
 40
0.0
 40
0.0
 40
1.0
 40
1.0
 40
1.0
 10
302.4692484954124
 20
204.93394954616699
 30
0.0
 10
302.5142680266624
 20
205.353969077417
 30
0.0
 10
302.5892680266624
 20
205.67645442897947
 30
0.0
  0
SPLINE
  5
331
330
17
100
AcDbEntity
  8
ENGRAVE
100
AcDbSpline
 70
0
 71
2
 72
6
 73
3
 74
0
 40
0.0
 40
0.0
 40
0.0
 40
1.0
 40
1.0
 40
1.0
 10
302.5306553984394
 20
186.4803943758242
 30
0.0
 10
302.6506261015644
 20
186.3604236726992
 30
0.0
 10
302.62064563281444
 20
186.1654041414492
 30
0.0
  0
SPLINE
  5
332
330
17
100
AcDbEntity
  8
ENGRAVE
100
AcDbSpline
 70
0
 71
2
 72
6
 73
3
 74
0
 40
0.0
 40
0.0
 40
0.0
 40
1.0
 40
1.0
 40
1.0
 10
303.31063586718943
 20
188.77541390707418
 30
0.0
 10
303.0856358671894
 20
188.4754139070742
 30
0.0
 10
302.74064075000194
 20
188.3929187898867
 30
0.0
  0
SPLINE
  5
333
330
17
100
AcDbEntity
  8
ENGRAVE
100
AcDbSpline
 70
0
 71
2
 72
6
 73
3
 74
0
 40
0.0
 40
0.0
 40
0.0
 40
1.0
 40
1.0
 40
1.0
 10
302.5892680266624
 20
205.67645442897947
 30
0.0
 10
302.6642680266624
 20
205.99893978054197
 30
0.0
 10
302.7692484954124
 20
206.41895931179198
 30
0.0
  0
SPLINE
  5
334
330
17
100
AcDbEntity
  8
ENGRAVE
100
AcDbSpline
 70
0
 71
2
 72
6
 73
3
 74
0
 40
0.0
 40
0.0
 40
0.0
 40
1.0
 40
1.0
 40
1.0
 10
303.2867777922874
 20
204.01895931179197
 30
0.0
 10
303.1142680266624
 20
203.958949546167
 30
0.0
 10
302.8742777922874
 20
204.198939780542
 30
0.0
  0
SPLINE
  5
335
330
17
100
AcDbEntity
  8
ENGRAVE
100
AcDbSpline
 70
0
 71
2
 72
6
 73
3
 74
0
 40
0.0
 40
0.0
 40
0.0
 40
1.0
 40
1.0
 40
1.0
 10
302.7692484954124
 20
206.41895931179198
 30
0.0
 10
302.7992777922874
 20
206.59893978054197
 30
0.0
 10
302.9267680266624
 20
207.03394954616698
 30
0.0
  0
SPLINE
  5
336
330
17
100
AcDbEntity
  8
ENGRAVE
100
AcDbSpline
 70
0
 71
2
 72
6
 73
3
 74
0
 40
0.0
 40
0.0
 40
0.0
 40
1.0
 40
1.0
 40
1.0
 10
302.5756261015644
 20
190.38039437582418
 30
0.0
 10
302.75565539843944
 20
190.5004139070742
 30
0.0
 10
303.0781407500019
 20
190.3654041414492
 30
0.0
  0
SPLINE
  5
337
330
17
100
AcDbEntity
  8
ENGRAVE
100
AcDbSpline
 70
0
 71
2
 72
6
 73
3
 74
0
 40
0.0
 40
0.0
 40
0.0
 40
1.0
 40
1.0
 40
1.0
 10
302.9267680266624
 20
207.03394954616698
 30
0.0
 10
303.05425826103743
 20
207.468959311792
 30
0.0
 10
303.2342631438499
 20
207.978969077417
 30
0.0
  0
SPLINE
  5
338
330
17
100
AcDbEntity
  8
ENGRAVE
100
AcDbSpline
 70
0
 71
2
 72
6
 73
3
 74
0
 40
0.0
 40
0.0
 40
0.0
 40
1.0
 40
1.0
 40
1.0
 10
303.58065539843943
 20
182.1829090242617
 30
0.0
 10
303.3556553984394
 20
182.4154041414492
 30
0.0
 10
303.2656407500019
 20
182.8654041414492
 30
0.0
  0
SPLINE
  5
339
330
17
100
AcDbEntity
  8
ENGRAVE
100
AcDbSpline
 70
0
 71
2
 72
6
 73
3
 74
0
 40
0.0
 40
0.0
 40
0.0
 40
1.0
 40
1.0
 40
1.0
 10
303.6392680266624
 20
204.31895931179199
 30
0.0
 10
303.45928755791243
 20
204.07896907741699
 30
0.0
 10
303.2867777922874
 20
204.01895931179197
 30
0.0
  0
SPLINE
  5
33A
330
17
100
AcDbEntity
  8
ENGRAVE
100
AcDbSpline
 70
0
 71
2
 72
6
 73
3
 74
0
 40
0.0
 40
0.0
 40
0.0
 40
1.0
 40
1.0
 40
1.0
 10
303.2656407500019
 20
182.8654041414492
 30
0.0
 10
303.17562610156443
 20
183.3154041414492
 30
0.0
 10
303.2956456328144
 20
183.87038461019918
 30
0.0
  0
SPLINE
  5
33B
330
17
100
AcDbEntity
  8
ENGRAVE
100
AcDbSpline
 70
0
 71
2
 72
6
 73
3
 74
0
 40
0.0
 40
0.0
 40
0.0
 40
1.0
 40
1.0
 40
1.0
 10
303.55062610156443
 20
189.9904041414492
 30
0.0
 10
303.82064563281443
 20
189.39040414144918
 30
0.0
 10
303.31063586718943
 20
188.77541390707418
 30
0.0
  0
SPLINE
  5
33C
330
17
100
AcDbEntity
  8
ENGRAVE
100
AcDbSpline
 70
0
 71
2
 72
6
 73
3
 74
0
 40
0.0
 40
0.0
 40
0.0
 40
1.0
 40
1.0
 40
1.0
 10
303.2956456328144
 20
183.87038461019918
 30
0.0
 10
303.3706456328144
 20
184.0504139070742
 30
0.0
 10
303.4156407500019
 20
184.2228992586367
 30
0.0
  0
SPLINE
  5
33D
330
17
100
AcDbEntity
  8
ENGRAVE
100
AcDbSpline
 70
0
 71
2
 72
6
 73
3
 74
0
 40
0.0
 40
0.0
 40
0.0
 40
1.0
 40
1.0
 40
1.0
 10
303.4156407500019
 20
184.2228992586367
 30
0.0
 10
303.4606358671894
 20
184.3953846101992
 30
0.0
 10
303.4606358671894
 20
184.5004139070742
 30
0.0
  0
SPLINE
  5
33E
330
17
100
AcDbEntity
  8
ENGRAVE
100
AcDbSpline
 70
0
 71
2
 72
6
 73
3
 74
0
 40
0.0
 40
0.0
 40
0.0
 40
1.0
 40
1.0
 40
1.0
 10
303.0781407500019
 20
190.3654041414492
 30
0.0
 10
303.4006261015644
 20
190.2303943758242
 30
0.0
 10
303.55062610156443
 20
189.9904041414492
 30
0.0
  0
SPLINE
  5
33F
330
17
100
AcDbEntity
  8
ENGRAVE
100
AcDbSpline
 70
0
 71
2
 72
6
 73
3
 74
0
 40
0.0
 40
0.0
 40
0.0
 40
1.0
 40
1.0
 40
1.0
 10
303.4606358671894
 20
184.5004139070742
 30
0.0
 10
303.4906163359394
 20
184.65041390707418
 30
0.0
 10
303.5806309843769
 20
184.9429187898867
 30
0.0
  0
SPLINE
  5
340
330
17
100
AcDbEntity
  8
ENGRAVE
100
AcDbSpline
 70
0
 71
2
 72
6
 73
3
 74
0
 40
0.0
 40
0.0
 40
0.0
 40
1.0
 40
1.0
 40
1.0
 10
304.0906163359394
 20
182.02541390707418
 30
0.0
 10
303.8056553984394
 20
181.9504139070742
 30
0.0
 10
303.58065539843943
 20
182.1829090242617
 30
0.0
  0
SPLINE
  5
341
330
17
100
AcDbEntity
  8
ENGRAVE
100
AcDbSpline
 70
0
 71
2
 72
6
 73
3
 74
0
 40
0.0
 40
0.0
 40
0.0
 40
1.0
 40
1.0
 40
1.0
 10
303.2342631438499
 20
207.978969077417
 30
0.0
 10
303.4142680266624
 20
208.488978843042
 30
0.0
 10
303.6092631438499
 20
208.94647396022947
 30
0.0
  0
SPLINE
  5
342
330
17
100
AcDbEntity
  8
ENGRAVE
100
AcDbSpline
 70
0
 71
2
 72
6
 73
3
 74
0
 40
0.0
 40
0.0
 40
0.0
 40
1.0
 40
1.0
 40
1.0
 10
303.7892680266624
 20
204.59647396022947
 30
0.0
 10
303.7442484954124
 20
204.45396907741699
 30
0.0
 10
303.6392680266624
 20
204.31895931179199
 30
0.0
  0
SPLINE
  5
343
330
17
100
AcDbEntity
  8
ENGRAVE
100
AcDbSpline
 70
0
 71
2
 72
6
 73
3
 74
0
 40
0.0
 40
0.0
 40
0.0
 40
1.0
 40
1.0
 40
1.0
 10
303.5806309843769
 20
184.9429187898867
 30
0.0
 10
303.6706456328144
 20
185.2354236726992
 30
0.0
 10
303.7756505156269
 20
185.5504139070742
 30
0.0
  0
SPLINE
  5
344
330
17
100
AcDbEntity
  8
ENGRAVE
100
AcDbSpline
 70
0
 71
2
 72
6
 73
3
 74
0
 40
0.0
 40
0.0
 40
0.0
 40
1.0
 40
1.0
 40
1.0
 10
303.83428755791243
 20
204.738978843042
 30
0.0
 10
303.83428755791243
 20
204.738978843042
 30
0.0
 10
303.7892680266624
 20
204.59647396022947
 30
0.0
  0
SPLINE
  5
345
330
17
100
AcDbEntity
  8
ENGRAVE
100
AcDbSpline
 70
0
 71
2
 72
6
 73
3
 74
0
 40
0.0
 40
0.0
 40
0.0
 40
1.0
 40
1.0
 40
1.0
 10
303.88677779228743
 20
205.0164446633545
 30
0.0
 10
303.83428755791243
 20
204.78394954616698
 30
0.0
 10
303.83428755791243
 20
204.738978843042
 30
0.0
  0
SPLINE
  5
346
330
17
100
AcDbEntity
  8
ENGRAVE
100
AcDbSpline
 70
0
 71
2
 72
6
 73
3
 74
0
 40
0.0
 40
0.0
 40
0.0
 40
1.0
 40
1.0
 40
1.0
 10
304.0142680266624
 20
205.50394466335447
 30
0.0
 10
303.93926802666243
 20
205.24893978054197
 30
0.0
 10
303.88677779228743
 20
205.0164446633545
 30
0.0
  0
SPLINE
  5
347
330
17
100
AcDbEntity
  8
ENGRAVE
100
AcDbSpline
 70
0
 71
2
 72
6
 73
3
 74
0
 40
0.0
 40
0.0
 40
0.0
 40
1.0
 40
1.0
 40
1.0
 10
303.6092631438499
 20
208.94647396022947
 30
0.0
 10
303.80425826103743
 20
209.40396907741697
 30
0.0
 10
303.9542582610374
 20
209.62896907741697
 30
0.0
  0
SPLINE
  5
348
330
17
100
AcDbEntity
  8
ENGRAVE
100
AcDbSpline
 70
0
 71
2
 72
6
 73
3
 74
0
 40
0.0
 40
0.0
 40
0.0
 40
1.0
 40
1.0
 40
1.0
 10
303.7756505156269
 20
185.5504139070742
 30
0.0
 10
303.8806553984394
 20
185.8654041414492
 30
0.0
 10
303.9781407500019
 20
186.1129139070742
 30
0.0
  0
SPLINE
  5
349
330
17
100
AcDbEntity
  8
ENGRAVE
100
AcDbSpline
 70
0
 71
2
 72
6
 73
3
 74
0
 40
0.0
 40
0.0
 40
0.0
 40
1.0
 40
1.0
 40
1.0
 10
304.1642680266624
 20
205.833949546167
 30
0.0
 10
304.0892680266624
 20
205.75894954616697
 30
0.0
 10
304.0142680266624
 20
205.50394466335447
 30
0.0
  0
SPLINE
  5
34A
330
17
100
AcDbEntity
  8
ENGRAVE
100
AcDbSpline
 70
0
 71
2
 72
6
 73
3
 74
0
 40
0.0
 40
0.0
 40
0.0
 40
1.0
 40
1.0
 40
1.0
 10
304.3231358671894
 20
182.28041878988668
 30
0.0
 10
304.2106358671894
 20
182.0854236726992
 30
0.0
 10
304.0906163359394
 20
182.02541390707418
 30
0.0
  0
SPLINE
  5
34B
330
17
100
AcDbEntity
  8
ENGRAVE
100
AcDbSpline
 70
0
 71
2
 72
6
 73
3
 74
0
 40
0.0
 40
0.0
 40
0.0
 40
1.0
 40
1.0
 40
1.0
 10
303.9781407500019
 20
186.1129139070742
 30
0.0
 10
304.0756261015644
 20
186.3604236726992
 30
0.0
 10
304.1056553984394
 20
186.4203846101992
 30
0.0
  0
SPLINE
  5
34C
330
17
100
AcDbEntity
  8
ENGRAVE
100
AcDbSpline
 70
0
 71
2
 72
6
 73
3
 74
0
 40
0.0
 40
0.0
 40
0.0
 40
1.0
 40
1.0
 40
1.0
 10
304.4042826750999
 20
206.13397396022947
 30
0.0
 10
304.2842875579124
 20
206.02896907741697
 30
0.0
 10
304.1642680266624
 20
205.833949546167
 30
0.0
  0
SPLINE
  5
34D
330
17
100
AcDbEntity
  8
ENGRAVE
100
AcDbSpline
 70
0
 71
2
 72
6
 73
3
 74
0
 40
0.0
 40
0.0
 40
0.0
 40
1.0
 40
1.0
 40
1.0
 10
304.1056553984394
 20
186.4203846101992
 30
0.0
 10
304.16561633593943
 20
186.4203846101992
 30
0.0
 10
304.2106358671894
 20
186.5253894930117
 30
0.0
  0
SPLINE
  5
34E
330
17
100
AcDbEntity
  8
ENGRAVE
100
AcDbSpline
 70
0
 71
2
 72
6
 73
3
 74
0
 40
0.0
 40
0.0
 40
0.0
 40
1.0
 40
1.0
 40
1.0
 10
304.3817484954124
 20
207.76146419460449
 30
0.0
 10
304.2692484954124
 20
207.55894954616699
 30
0.0
 10
304.2242533782249
 20
207.43145931179197
 30
0.0
  0
SPLINE
  5
34F
330
17
100
AcDbEntity
  8
ENGRAVE
100
AcDbSpline
 70
0
 71
2
 72
6
 73
3
 74
0
 40
0.0
 40
0.0
 40
0.0
 40
1.0
 40
1.0
 40
1.0
 10
304.2242533782249
 20
207.43145931179197
 30
0.0
 10
304.17925826103743
 20
207.30396907741698
 30
0.0
 10
304.2542582610374
 20
207.31895931179199
 30
0.0
  0
SPLINE
  5
350
330
17
100
AcDbEntity
  8
ENGRAVE
100
AcDbSpline
 70
0
 71
2
 72
6
 73
3
 74
0
 40
0.0
 40
0.0
 40
0.0
 40
1.0
 40
1.0
 40
1.0
 10
304.2106358671894
 20
186.5253894930117
 30
0.0
 10
304.2556553984394
 20
186.63039437582418
 30
0.0
 10
304.2556553984394
 20
186.7354236726992
 30
0.0
  0
SPLINE
  5
351
330
17
100
AcDbEntity
  8
ENGRAVE
100
AcDbSpline
 70
0
 71
2
 72
6
 73
3
 74
0
 40
0.0
 40
0.0
 40
0.0
 40
1.0
 40
1.0
 40
1.0
 10
304.2556553984394
 20
186.7354236726992
 30
0.0
 10
304.2556553984394
 20
186.8553943758242
 30
0.0
 10
304.3081456328144
 20
187.00539437582418
 30
0.0
  0
SPLINE
  5
352
330
17
100
AcDbEntity
  8
ENGRAVE
100
AcDbSpline
 70
0
 71
2
 72
6
 73
3
 74
0
 40
0.0
 40
0.0
 40
0.0
 40
1.0
 40
1.0
 40
1.0
 10
304.43563586718943
 20
182.8354236726992
 30
0.0
 10
304.43563586718943
 20
182.4754139070742
 30
0.0
 10
304.3231358671894
 20
182.28041878988668
 30
0.0
  0
SPLINE
  5
353
330
17
100
AcDbEntity
  8
ENGRAVE
100
AcDbSpline
 70
0
 71
2
 72
6
 73
3
 74
0
 40
0.0
 40
0.0
 40
0.0
 40
1.0
 40
1.0
 40
1.0
 10
304.5692484954124
 20
208.14395931179197
 30
0.0
 10
304.4942484954124
 20
207.96397884304199
 30
0.0
 10
304.3817484954124
 20
207.76146419460449
 30
0.0
  0
SPLINE
  5
354
330
17
100
AcDbEntity
  8
ENGRAVE
100
AcDbSpline
 70
0
 71
2
 72
6
 73
3
 74
0
 40
0.0
 40
0.0
 40
0.0
 40
1.0
 40
1.0
 40
1.0
 10
304.6292582610374
 20
206.35894954616697
 30
0.0
 10
304.5242777922874
 20
206.238978843042
 30
0.0
 10
304.4042826750999
 20
206.13397396022947
 30
0.0
  0
SPLINE
  5
355
330
17
100
AcDbEntity
  8
ENGRAVE
100
AcDbSpline
 70
0
 71
2
 72
6
 73
3
 74
0
 40
0.0
 40
0.0
 40
0.0
 40
1.0
 40
1.0
 40
1.0
 10
304.3081456328144
 20
187.00539437582418
 30
0.0
 10
304.3606358671894
 20
187.1553943758242
 30
0.0
 10
304.4206456328144
 20
187.2154041414492
 30
0.0
  0
SPLINE
  5
356
330
17
100
AcDbEntity
  8
ENGRAVE
100
AcDbSpline
 70
0
 71
2
 72
6
 73
3
 74
0
 40
0.0
 40
0.0
 40
0.0
 40
1.0
 40
1.0
 40
1.0
 10
304.6381261015644
 20
183.9454090242617
 30
0.0
 10
304.43563586718943
 20
183.25539437582418
 30
0.0
 10
304.43563586718943
 20
182.8354236726992
 30
0.0
  0
SPLINE
  5
357
330
17
100
AcDbEntity
  8
ENGRAVE
100
AcDbSpline
 70
0
 71
2
 72
6
 73
3
 74
0
 40
0.0
 40
0.0
 40
0.0
 40
1.0
 40
1.0
 40
1.0
 10
303.9542582610374
 20
209.62896907741697
 30
0.0
 10
304.1192484954124
 20
209.77896907741697
 30
0.0
 10
304.4417582610374
 20
209.77896907741697
 30
0.0
  0
SPLINE
  5
358
330
17
100
AcDbEntity
  8
ENGRAVE
100
AcDbSpline
 70
0
 71
2
 72
6
 73
3
 74
0
 40
0.0
 40
0.0
 40
0.0
 40
1.0
 40
1.0
 40
1.0
 10
304.4206456328144
 20
187.2154041414492
 30
0.0
 10
304.4206456328144
 20
187.2904041414492
 30
0.0
 10
304.4581456328144
 20
187.3879139070742
 30
0.0
  0
SPLINE
  5
359
330
17
100
AcDbEntity
  8
ENGRAVE
100
AcDbSpline
 70
0
 71
2
 72
6
 73
3
 74
0
 40
0.0
 40
0.0
 40
0.0
 40
1.0
 40
1.0
 40
1.0
 10
304.4581456328144
 20
187.3879139070742
 30
0.0
 10
304.4956456328144
 20
187.4854236726992
 30
0.0
 10
304.4956456328144
 20
187.5453846101992
 30
0.0
  0
SPLINE
  5
35A
330
17
100
AcDbEntity
  8
ENGRAVE
100
AcDbSpline
 70
0
 71
2
 72
6
 73
3
 74
0
 40
0.0
 40
0.0
 40
0.0
 40
1.0
 40
1.0
 40
1.0
 10
304.4956456328144
 20
187.5453846101992
 30
0.0
 10
304.4956456328144
 20
187.6053943758242
 30
0.0
 10
304.5331456328144
 20
187.6654041414492
 30
0.0
  0
SPLINE
  5
35B
330
17
100
AcDbEntity
  8
ENGRAVE
100
AcDbSpline
 70
0
 71
2
 72
6
 73
3
 74
0
 40
0.0
 40
0.0
 40
0.0
 40
1.0
 40
1.0
 40
1.0
 10
304.9892680266624
 20
209.18643978054197
 30
0.0
 10
304.92925826103743
 20
208.84893978054197
 30
0.0
 10
304.5692484954124
 20
208.14395931179197
 30
0.0
  0
SPLINE
  5
35C
330
17
100
AcDbEntity
  8
ENGRAVE
100
AcDbSpline
 70
0
 71
2
 72
6
 73
3
 74
0
 40
0.0
 40
0.0
 40
0.0
 40
1.0
 40
1.0
 40
1.0
 10
304.5331456328144
 20
187.6654041414492
 30
0.0
 10
304.57064563281443
 20
187.7254139070742
 30
0.0
 10
304.57064563281443
 20
187.78542367269918
 30
0.0
  0
SPLINE
  5
35D
330
17
100
AcDbEntity
  8
ENGRAVE
100
AcDbSpline
 70
0
 71
2
 72
6
 73
3
 74
0
 40
0.0
 40
0.0
 40
0.0
 40
1.0
 40
1.0
 40
1.0
 10
304.2542582610374
 20
207.31895931179199
 30
0.0
 10
304.3442484954124
 20
207.48394954616697
 30
0.0
 10
304.5842631438499
 20
207.70145442897947
 30
0.0
  0
SPLINE
  5
35E
330
17
100
AcDbEntity
  8
ENGRAVE
100
AcDbSpline
 70
0
 71
2
 72
6
 73
3
 74
0
 40
0.0
 40
0.0
 40
0.0
 40
1.0
 40
1.0
 40
1.0
 10
305.5667826750999
 20
207.13895442897947
 30
0.0
 10
305.1092875579124
 20
206.88394954616697
 30
0.0
 10
304.6292582610374
 20
206.35894954616697
 30
0.0
  0
SPLINE
  5
35F
330
17
100
AcDbEntity
  8
ENGRAVE
100
AcDbSpline
 70
0
 71
2
 72
6
 73
3
 74
0
 40
0.0
 40
0.0
 40
0.0
 40
1.0
 40
1.0
 40
1.0
 10
305.08065539843943
 20
185.4604236726992
 30
0.0
 10
304.8406163359394
 20
184.6354236726992
 30
0.0
 10
304.6381261015644
 20
183.9454090242617
 30
0.0
  0
SPLINE
  5
360
330
17
100
AcDbEntity
  8
ENGRAVE
100
AcDbSpline
 70
0
 71
2
 72
6
 73
3
 74
0
 40
0.0
 40
0.0
 40
0.0
 40
1.0
 40
1.0
 40
1.0
 10
304.57064563281443
 20
187.78542367269918
 30
0.0
 10
304.67562610156443
 20
187.9803943758242
 30
0.0
 10
304.8481358671894
 20
188.4079090242617
 30
0.0
  0
SPLINE
  5
361
330
17
100
AcDbEntity
  8
ENGRAVE
100
AcDbSpline
 70
0
 71
2
 72
6
 73
3
 74
0
 40
0.0
 40
0.0
 40
0.0
 40
1.0
 40
1.0
 40
1.0
 10
304.4417582610374
 20
209.77896907741697
 30
0.0
 10
304.7642680266624
 20
209.77896907741697
 30
0.0
 10
304.8842875579124
 20
209.65894954616698
 30
0.0
  0
SPLINE
  5
362
330
17
100
AcDbEntity
  8
ENGRAVE
100
AcDbSpline
 70
0
 71
2
 72
6
 73
3
 74
0
 40
0.0
 40
0.0
 40
0.0
 40
1.0
 40
1.0
 40
1.0
 10
304.8842875579124
 20
209.65894954616698
 30
0.0
 10
305.0492777922874
 20
209.52393978054198
 30
0.0
 10
304.9892680266624
 20
209.18643978054197
 30
0.0
  0
SPLINE
  5
363
330
17
100
AcDbEntity
  8
ENGRAVE
100
AcDbSpline
 70
0
 71
2
 72
6
 73
3
 74
0
 40
0.0
 40
0.0
 40
0.0
 40
1.0
 40
1.0
 40
1.0
 10
305.32064563281443
 20
186.25539437582418
 30
0.0
 10
305.32064563281443
 20
186.1053943758242
 30
0.0
 10
305.08065539843943
 20
185.4604236726992
 30
0.0
  0
SPLINE
  5
364
330
17
100
AcDbEntity
  8
ENGRAVE
100
AcDbSpline
 70
0
 71
2
 72
6
 73
3
 74
0
 40
0.0
 40
0.0
 40
0.0
 40
1.0
 40
1.0
 40
1.0
 10
304.5842631438499
 20
207.70145442897947
 30
0.0
 10
304.82427779228743
 20
207.91895931179198
 30
0.0
 10
305.0942729094749
 20
208.12896907741697
 30
0.0
  0
SPLINE
  5
365
330
17
100
AcDbEntity
  8
ENGRAVE
100
AcDbSpline
 70
0
 71
2
 72
6
 73
3
 74
0
 40
0.0
 40
0.0
 40
0.0
 40
1.0
 40
1.0
 40
1.0
 10
304.8481358671894
 20
188.4079090242617
 30
0.0
 10
305.0206456328144
 20
188.8354236726992
 30
0.0
 10
305.2231358671894
 20
189.3604236726992
 30
0.0
  0
SPLINE
  5
366
330
17
100
AcDbEntity
  8
ENGRAVE
100
AcDbSpline
 70
0
 71
2
 72
6
 73
3
 74
0
 40
0.0
 40
0.0
 40
0.0
 40
1.0
 40
1.0
 40
1.0
 10
305.3281407500019
 20
186.3378894930117
 30
0.0
 10
305.32064563281443
 20
186.25539437582418
 30
0.0
 10
305.32064563281443
 20
186.25539437582418
 30
0.0
  0
SPLINE
  5
367
330
17
100
AcDbEntity
  8
ENGRAVE
100
AcDbSpline
 70
0
 71
2
 72
6
 73
3
 74
0
 40
0.0
 40
0.0
 40
0.0
 40
1.0
 40
1.0
 40
1.0
 10
305.3956456328144
 20
186.4203846101992
 30
0.0
 10
305.3356358671894
 20
186.4203846101992
 30
0.0
 10
305.3281407500019
 20
186.3378894930117
 30
0.0
  0
SPLINE
  5
368
330
17
100
AcDbEntity
  8
ENGRAVE
100
AcDbSpline
 70
0
 71
2
 72
6
 73
3
 74
0
 40
0.0
 40
0.0
 40
0.0
 40
1.0
 40
1.0
 40
1.0
 10
305.4631505156269
 20
186.5404041414492
 30
0.0
 10
305.45565539843943
 20
186.4803943758242
 30
0.0
 10
305.3956456328144
 20
186.4203846101992
 30
0.0
  0
SPLINE
  5
369
330
17
100
AcDbEntity
  8
ENGRAVE
100
AcDbSpline
 70
0
 71
2
 72
6
 73
3
 74
0
 40
0.0
 40
0.0
 40
0.0
 40
1.0
 40
1.0
 40
1.0
 10
305.4706456328144
 20
186.66042367269918
 30
0.0
 10
305.4706456328144
 20
186.6004139070742
 30
0.0
 10
305.4631505156269
 20
186.5404041414492
 30
0.0
  0
SPLINE
  5
36A
330
17
100
AcDbEntity
  8
ENGRAVE
100
AcDbSpline
 70
0
 71
2
 72
6
 73
3
 74
0
 40
0.0
 40
0.0
 40
0.0
 40
1.0
 40
1.0
 40
1.0
 10
305.5456456328144
 20
186.8779041414492
 30
0.0
 10
305.4706456328144
 20
186.6904041414492
 30
0.0
 10
305.4706456328144
 20
186.66042367269918
 30
0.0
  0
SPLINE
  5
36B
330
17
100
AcDbEntity
  8
ENGRAVE
100
AcDbSpline
 70
0
 71
2
 72
6
 73
3
 74
0
 40
0.0
 40
0.0
 40
0.0
 40
1.0
 40
1.0
 40
1.0
 10
305.7331456328144
 20
187.32790414144918
 30
0.0
 10
305.6206456328144
 20
187.0654041414492
 30
0.0
 10
305.5456456328144
 20
186.8779041414492
 30
0.0
  0
SPLINE
  5
36C
330
17
100
AcDbEntity
  8
ENGRAVE
100
AcDbSpline
 70
0
 71
2
 72
6
 73
3
 74
0
 40
0.0
 40
0.0
 40
0.0
 40
1.0
 40
1.0
 40
1.0
 10
306.5942484954124
 20
207.72393978054197
 30
0.0
 10
306.0242777922874
 20
207.39395931179197
 30
0.0
 10
305.5667826750999
 20
207.13895442897947
 30
0.0
  0
SPLINE
  5
36D
330
17
100
AcDbEntity
  8
ENGRAVE
100
AcDbSpline
 70
0
 71
2
 72
6
 73
3
 74
0
 40
0.0
 40
0.0
 40
0.0
 40
1.0
 40
1.0
 40
1.0
 10
305.0942729094749
 20
208.12896907741697
 30
0.0
 10
305.3642680266624
 20
208.33897884304199
 30
0.0
 10
305.6042582610374
 20
208.50396907741697
 30
0.0
  0
SPLINE
  5
36E
330
17
100
AcDbEntity
  8
ENGRAVE
100
AcDbSpline
 70
0
 71
2
 72
6
 73
3
 74
0
 40
0.0
 40
0.0
 40
0.0
 40
1.0
 40
1.0
 40
1.0
 10
305.2231358671894
 20
189.3604236726992
 30
0.0
 10
305.42562610156443
 20
189.8854236726992
 30
0.0
 10
305.6056309843769
 20
190.39540902426168
 30
0.0
  0
SPLINE
  5
36F
330
17
100
AcDbEntity
  8
ENGRAVE
100
AcDbSpline
 70
0
 71
2
 72
6
 73
3
 74
0
 40
0.0
 40
0.0
 40
0.0
 40
1.0
 40
1.0
 40
1.0
 10
305.95065051562693
 20
187.82289925863668
 30
0.0
 10
305.8456456328144
 20
187.5904041414492
 30
0.0
 10
305.7331456328144
 20
187.32790414144918
 30
0.0
  0
SPLINE
  5
370
330
17
100
AcDbEntity
  8
ENGRAVE
100
AcDbSpline
 70
0
 71
2
 72
6
 73
3
 74
0
 40
0.0
 40
0.0
 40
0.0
 40
1.0
 40
1.0
 40
1.0
 10
305.6056309843769
 20
190.39540902426168
 30
0.0
 10
305.7856358671894
 20
190.9053943758242
 30
0.0
 10
305.8981358671894
 20
191.2579090242617
 30
0.0
  0
SPLINE
  5
371
330
17
100
AcDbEntity
  8
ENGRAVE
100
AcDbSpline
 70
0
 71
2
 72
6
 73
3
 74
0
 40
0.0
 40
0.0
 40
0.0
 40
1.0
 40
1.0
 40
1.0
 10
305.6042582610374
 20
208.50396907741697
 30
0.0
 10
305.8442484954124
 20
208.66895931179198
 30
0.0
 10
305.9342875579124
 20
208.71397884304199
 30
0.0
  0
SPLINE
  5
372
330
17
100
AcDbEntity
  8
ENGRAVE
100
AcDbSpline
 70
0
 71
2
 72
6
 73
3
 74
0
 40
0.0
 40
0.0
 40
0.0
 40
1.0
 40
1.0
 40
1.0
 10
306.1156163359394
 20
188.1754139070742
 30
0.0
 10
306.0556553984394
 20
188.0553943758242
 30
0.0
 10
305.95065051562693
 20
187.82289925863668
 30
0.0
  0
SPLINE
  5
373
330
17
100
AcDbEntity
  8
ENGRAVE
100
AcDbSpline
 70
0
 71
2
 72
6
 73
3
 74
0
 40
0.0
 40
0.0
 40
0.0
 40
1.0
 40
1.0
 40
1.0
 10
305.8981358671894
 20
191.2579090242617
 30
0.0
 10
306.0106358671894
 20
191.6104236726992
 30
0.0
 10
306.0106358671894
 20
191.6854236726992
 30
0.0
  0
SPLINE
  5
374
330
17
100
AcDbEntity
  8
ENGRAVE
100
AcDbSpline
 70
0
 71
2
 72
6
 73
3
 74
0
 40
0.0
 40
0.0
 40
0.0
 40
1.0
 40
1.0
 40
1.0
 10
306.0106358671894
 20
191.6854236726992
 30
0.0
 10
306.0106358671894
 20
191.8053943758242
 30
0.0
 10
306.1006261015644
 20
191.9103992586367
 30
0.0
  0
SPLINE
  5
375
330
17
100
AcDbEntity
  8
ENGRAVE
100
AcDbSpline
 70
0
 71
2
 72
6
 73
3
 74
0
 40
0.0
 40
0.0
 40
0.0
 40
1.0
 40
1.0
 40
1.0
 10
306.14564563281436
 20
183.4728992586367
 30
0.0
 10
306.01063586718936
 20
183.90041390707418
 30
0.0
 10
306.1006749296894
 20
184.6354236726992
 30
0.0
  0
SPLINE
  5
376
330
17
100
AcDbEntity
  8
ENGRAVE
100
AcDbSpline
 70
0
 71
2
 72
6
 73
3
 74
0
 40
0.0
 40
0.0
 40
0.0
 40
1.0
 40
1.0
 40
1.0
 10
306.2281407500019
 20
188.4753894930117
 30
0.0
 10
306.17562610156443
 20
188.3553943758242
 30
0.0
 10
306.1156163359394
 20
188.1754139070742
 30
0.0
  0
SPLINE
  5
377
330
17
100
AcDbEntity
  8
ENGRAVE
100
AcDbSpline
 70
0
 71
2
 72
6
 73
3
 74
0
 40
0.0
 40
0.0
 40
0.0
 40
1.0
 40
1.0
 40
1.0
 10
306.4306553984394
 20
182.8504139070742
 30
0.0
 10
306.28065539843936
 20
183.0453846101992
 30
0.0
 10
306.14564563281436
 20
183.4728992586367
 30
0.0
  0
SPLINE
  5
378
330
17
100
AcDbEntity
  8
ENGRAVE
100
AcDbSpline
 70
0
 71
2
 72
6
 73
3
 74
0
 40
0.0
 40
0.0
 40
0.0
 40
1.0
 40
1.0
 40
1.0
 10
305.9342875579124
 20
208.71397884304199
 30
0.0
 10
306.05425826103743
 20
208.78897884304197
 30
0.0
 10
306.2117533782249
 20
208.84146907741697
 30
0.0
  0
SPLINE
  5
379
330
17
100
AcDbEntity
  8
ENGRAVE
100
AcDbSpline
 70
0
 71
2
 72
6
 73
3
 74
0
 40
0.0
 40
0.0
 40
0.0
 40
1.0
 40
1.0
 40
1.0
 10
306.2806553984394
 20
188.6553943758242
 30
0.0
 10
306.2806553984394
 20
188.5953846101992
 30
0.0
 10
306.2281407500019
 20
188.4753894930117
 30
0.0
  0
SPLINE
  5
37A
330
17
100
AcDbEntity
  8
ENGRAVE
100
AcDbSpline
 70
0
 71
2
 72
6
 73
3
 74
0
 40
0.0
 40
0.0
 40
0.0
 40
1.0
 40
1.0
 40
1.0
 10
306.4156407500019
 20
188.9779041414492
 30
0.0
 10
306.2806553984394
 20
188.7154041414492
 30
0.0
 10
306.2806553984394
 20
188.6553943758242
 30
0.0
  0
SPLINE
  5
37B
330
17
100
AcDbEntity
  8
ENGRAVE
100
AcDbSpline
 70
0
 71
2
 72
6
 73
3
 74
0
 40
0.0
 40
0.0
 40
0.0
 40
1.0
 40
1.0
 40
1.0
 10
306.1006261015644
 20
191.9103992586367
 30
0.0
 10
306.1906163359394
 20
192.01540414144918
 30
0.0
 10
306.31063586718943
 20
192.01540414144918
 30
0.0
  0
SPLINE
  5
37C
330
17
100
AcDbEntity
  8
ENGRAVE
100
AcDbSpline
 70
0
 71
2
 72
6
 73
3
 74
0
 40
0.0
 40
0.0
 40
0.0
 40
1.0
 40
1.0
 40
1.0
 10
306.6706456328144
 20
189.5404041414492
 30
0.0
 10
306.55062610156443
 20
189.2404041414492
 30
0.0
 10
306.4156407500019
 20
188.9779041414492
 30
0.0
  0
SPLINE
  5
37D
330
17
100
AcDbEntity
  8
ENGRAVE
100
AcDbSpline
 70
0
 71
2
 72
6
 73
3
 74
0
 40
0.0
 40
0.0
 40
0.0
 40
1.0
 40
1.0
 40
1.0
 10
306.2117533782249
 20
208.84146907741697
 30
0.0
 10
306.3692484954124
 20
208.89395931179197
 30
0.0
 10
306.42925826103743
 20
208.92393978054199
 30
0.0
  0
SPLINE
  5
37E
330
17
100
AcDbEntity
  8
ENGRAVE
100
AcDbSpline
 70
0
 71
2
 72
6
 73
3
 74
0
 40
0.0
 40
0.0
 40
0.0
 40
1.0
 40
1.0
 40
1.0
 10
307.1356602812519
 20
182.33290902426168
 30
0.0
 10
306.7006749296894
 20
182.50539437582418
 30
0.0
 10
306.4306553984394
 20
182.8504139070742
 30
0.0
  0
SPLINE
  5
37F
330
17
100
AcDbEntity
  8
ENGRAVE
100
AcDbSpline
 70
0
 71
2
 72
6
 73
3
 74
0
 40
0.0
 40
0.0
 40
0.0
 40
1.0
 40
1.0
 40
1.0
 10
306.31063586718943
 20
192.01540414144918
 30
0.0
 10
306.3556553984394
 20
192.0604236726992
 30
0.0
 10
306.5206456328144
 20
192.08290902426168
 30
0.0
  0
SPLINE
  5
380
330
17
100
AcDbEntity
  8
ENGRAVE
100
AcDbSpline
 70
0
 71
2
 72
6
 73
3
 74
0
 40
0.0
 40
0.0
 40
0.0
 40
1.0
 40
1.0
 40
1.0
 10
306.1006749296894
 20
184.6354236726992
 30
0.0
 10
306.1906651640644
 20
185.3254139070742
 30
0.0
 10
306.5281651640644
 20
186.03041878988668
 30
0.0
  0
SPLINE
  5
381
330
17
100
AcDbEntity
  8
ENGRAVE
100
AcDbSpline
 70
0
 71
2
 72
6
 73
3
 74
0
 40
0.0
 40
0.0
 40
0.0
 40
1.0
 40
1.0
 40
1.0
 10
306.9542582610374
 20
207.87396419460447
 30
0.0
 10
306.80425826103743
 20
207.81397884304198
 30
0.0
 10
306.5942484954124
 20
207.72393978054197
 30
0.0
  0
SPLINE
  5
382
330
17
100
AcDbEntity
  8
ENGRAVE
100
AcDbSpline
 70
0
 71
2
 72
6
 73
3
 74
0
 40
0.0
 40
0.0
 40
0.0
 40
1.0
 40
1.0
 40
1.0
 10
307.0906407500019
 20
190.44789925863668
 30
0.0
 10
306.95565539843943
 20
190.14040414144918
 30
0.0
 10
306.6706456328144
 20
189.5404041414492
 30
0.0
  0
SPLINE
  5
383
330
17
100
AcDbEntity
  8
ENGRAVE
100
AcDbSpline
 70
0
 71
2
 72
6
 73
3
 74
0
 40
0.0
 40
0.0
 40
0.0
 40
1.0
 40
1.0
 40
1.0
 10
306.5206456328144
 20
192.08290902426168
 30
0.0
 10
306.68563586718943
 20
192.1053943758242
 30
0.0
 10
306.7456456328144
 20
192.1053943758242
 30
0.0
  0
SPLINE
  5
384
330
17
100
AcDbEntity
  8
ENGRAVE
100
AcDbSpline
 70
0
 71
2
 72
6
 73
3
 74
0
 40
0.0
 40
0.0
 40
0.0
 40
1.0
 40
1.0
 40
1.0
 10
306.7456456328144
 20
192.1053943758242
 30
0.0
 10
306.7456456328144
 20
192.1053943758242
 30
0.0
 10
306.80563098437693
 20
192.0454090242617
 30
0.0
  0
SPLINE
  5
385
330
17
100
AcDbEntity
  8
ENGRAVE
100
AcDbSpline
 70
0
 71
2
 72
6
 73
3
 74
0
 40
0.0
 40
0.0
 40
0.0
 40
1.0
 40
1.0
 40
1.0
 10
307.2992777922874
 20
207.948939780542
 30
0.0
 10
307.1042582610374
 20
207.93394954616699
 30
0.0
 10
306.9542582610374
 20
207.87396419460447
 30
0.0
  0
SPLINE
  5
386
330
17
100
AcDbEntity
  8
ENGRAVE
100
AcDbSpline
 70
0
 71
2
 72
6
 73
3
 74
0
 40
0.0
 40
0.0
 40
0.0
 40
1.0
 40
1.0
 40
1.0
 10
306.80563098437693
 20
192.0454090242617
 30
0.0
 10
306.8656163359394
 20
191.9854236726992
 30
0.0
 10
306.9856358671894
 20
191.8654041414492
 30
0.0
  0
SPLINE
  5
387
330
17
100
AcDbEntity
  8
ENGRAVE
100
AcDbSpline
 70
0
 71
2
 72
6
 73
3
 74
0
 40
0.0
 40
0.0
 40
0.0
 40
1.0
 40
1.0
 40
1.0
 10
307.2781407500019
 20
190.9353992586367
 30
0.0
 10
307.2256261015644
 20
190.75539437582418
 30
0.0
 10
307.0906407500019
 20
190.44789925863668
 30
0.0
  0
SPLINE
  5
388
330
17
100
AcDbEntity
  8
ENGRAVE
100
AcDbSpline
 70
0
 71
2
 72
6
 73
3
 74
0
 40
0.0
 40
0.0
 40
0.0
 40
1.0
 40
1.0
 40
1.0
 10
308.0731602812519
 20
182.1979236726992
 30
0.0
 10
307.5706456328144
 20
182.16042367269918
 30
0.0
 10
307.1356602812519
 20
182.33290902426168
 30
0.0
  0
SPLINE
  5
389
330
17
100
AcDbEntity
  8
ENGRAVE
100
AcDbSpline
 70
0
 71
2
 72
6
 73
3
 74
0
 40
0.0
 40
0.0
 40
0.0
 40
1.0
 40
1.0
 40
1.0
 10
306.42925826103743
 20
208.92393978054199
 30
0.0
 10
306.7742777922874
 20
209.08897884304199
 30
0.0
 10
307.1867777922874
 20
209.051478843042
 30
0.0
  0
SPLINE
  5
38A
330
17
100
AcDbEntity
  8
ENGRAVE
100
AcDbSpline
 70
0
 71
2
 72
6
 73
3
 74
0
 40
0.0
 40
0.0
 40
0.0
 40
1.0
 40
1.0
 40
1.0
 10
306.9856358671894
 20
191.8654041414492
 30
0.0
 10
307.1056553984394
 20
191.7604236726992
 30
0.0
 10
307.2181553984394
 20
191.6254139070742
 30
0.0
  0
SPLINE
  5
38B
330
17
100
AcDbEntity
  8
ENGRAVE
100
AcDbSpline
 70
0
 71
2
 72
6
 73
3
 74
0
 40
0.0
 40
0.0
 40
0.0
 40
1.0
 40
1.0
 40
1.0
 10
307.33065539843943
 20
191.3104236726992
 30
0.0
 10
307.33065539843943
 20
191.1154041414492
 30
0.0
 10
307.2781407500019
 20
190.9353992586367
 30
0.0
  0
SPLINE
  5
38C
330
17
100
AcDbEntity
  8
ENGRAVE
100
AcDbSpline
 70
0
 71
2
 72
6
 73
3
 74
0
 40
0.0
 40
0.0
 40
0.0
 40
1.0
 40
1.0
 40
1.0
 10
307.74175826103743
 20
208.15897396022947
 30
0.0
 10
307.5392680266624
 20
207.96397884304199
 30
0.0
 10
307.2992777922874
 20
207.948939780542
 30
0.0
  0
SPLINE
  5
38D
330
17
100
AcDbEntity
  8
ENGRAVE
100
AcDbSpline
 70
0
 71
2
 72
6
 73
3
 74
0
 40
0.0
 40
0.0
 40
0.0
 40
1.0
 40
1.0
 40
1.0
 10
307.3981358671894
 20
184.8004139070742
 30
0.0
 10
307.2856358671894
 20
184.65041390707418
 30
0.0
 10
307.30067492968936
 20
184.2154041414492
 30
0.0
  0
SPLINE
  5
38E
330
17
100
AcDbEntity
  8
ENGRAVE
100
AcDbSpline
 70
0
 71
2
 72
6
 73
3
 74
0
 40
0.0
 40
0.0
 40
0.0
 40
1.0
 40
1.0
 40
1.0
 10
307.2181553984394
 20
191.6254139070742
 30
0.0
 10
307.33065539843943
 20
191.4904041414492
 30
0.0
 10
307.33065539843943
 20
191.3104236726992
 30
0.0
  0
SPLINE
  5
38F
330
17
100
AcDbEntity
  8
ENGRAVE
100
AcDbSpline
 70
0
 71
2
 72
6
 73
3
 74
0
 40
0.0
 40
0.0
 40
0.0
 40
1.0
 40
1.0
 40
1.0
 10
306.5281651640644
 20
186.03041878988668
 30
0.0
 10
306.8656651640644
 20
186.7354236726992
 30
0.0
 10
307.3606602812519
 20
187.27541390707418
 30
0.0
  0
SPLINE
  5
390
330
17
100
AcDbEntity
  8
ENGRAVE
100
AcDbSpline
 70
0
 71
2
 72
6
 73
3
 74
0
 40
0.0
 40
0.0
 40
0.0
 40
1.0
 40
1.0
 40
1.0
 10
307.8706456328144
 20
184.8754139070742
 30
0.0
 10
307.51063586718936
 20
184.9504139070742
 30
0.0
 10
307.3981358671894
 20
184.8004139070742
 30
0.0
  0
SPLINE
  5
391
330
17
100
AcDbEntity
  8
ENGRAVE
100
AcDbSpline
 70
0
 71
2
 72
6
 73
3
 74
0
 40
0.0
 40
0.0
 40
0.0
 40
1.0
 40
1.0
 40
1.0
 10
307.30067492968936
 20
184.2154041414492
 30
0.0
 10
307.3306553984394
 20
183.9453846101992
 30
0.0
 10
307.4281651640644
 20
183.7428943758242
 30
0.0
  0
SPLINE
  5
392
330
17
100
AcDbEntity
  8
ENGRAVE
100
AcDbSpline
 70
0
 71
2
 72
6
 73
3
 74
0
 40
0.0
 40
0.0
 40
0.0
 40
1.0
 40
1.0
 40
1.0
 10
307.1867777922874
 20
209.051478843042
 30
0.0
 10
307.5992777922874
 20
209.01397884304197
 30
0.0
 10
307.68926802666243
 20
208.78897884304197
 30
0.0
  0
SPLINE
  5
393
330
17
100
AcDbEntity
  8
ENGRAVE
100
AcDbSpline
 70
0
 71
2
 72
6
 73
3
 74
0
 40
0.0
 40
0.0
 40
0.0
 40
1.0
 40
1.0
 40
1.0
 10
307.9442484954124
 20
208.458949546167
 30
0.0
 10
307.9442484954124
 20
208.353969077417
 30
0.0
 10
307.74175826103743
 20
208.15897396022947
 30
0.0
  0
SPLINE
  5
394
330
17
100
AcDbEntity
  8
ENGRAVE
100
AcDbSpline
 70
0
 71
2
 72
6
 73
3
 74
0
 40
0.0
 40
0.0
 40
0.0
 40
1.0
 40
1.0
 40
1.0
 10
307.68926802666243
 20
208.78897884304197
 30
0.0
 10
307.7042582610374
 20
208.66895931179198
 30
0.0
 10
307.7867533782249
 20
208.60894954616697
 30
0.0
  0
SPLINE
  5
395
330
17
100
AcDbEntity
  8
ENGRAVE
100
AcDbSpline
 70
0
 71
2
 72
6
 73
3
 74
0
 40
0.0
 40
0.0
 40
0.0
 40
1.0
 40
1.0
 40
1.0
 10
307.4281651640644
 20
183.7428943758242
 30
0.0
 10
307.5256749296894
 20
183.5404041414492
 30
0.0
 10
307.7956456328144
 20
183.4654041414492
 30
0.0
  0
SPLINE
  5
396
330
17
100
AcDbEntity
  8
ENGRAVE
100
AcDbSpline
 70
0
 71
2
 72
6
 73
3
 74
0
 40
0.0
 40
0.0
 40
0.0
 40
1.0
 40
1.0
 40
1.0
 10
308.0806553984394
 20
186.32289925863668
 30
0.0
 10
307.88563586718936
 20
186.0904041414492
 30
0.0
 10
307.8256749296894
 20
185.9703846101992
 30
0.0
  0
SPLINE
  5
397
330
17
100
AcDbEntity
  8
ENGRAVE
100
AcDbSpline
 70
0
 71
2
 72
6
 73
3
 74
0
 40
0.0
 40
0.0
 40
0.0
 40
1.0
 40
1.0
 40
1.0
 10
307.7867533782249
 20
208.60894954616697
 30
0.0
 10
307.8692484954124
 20
208.54893978054199
 30
0.0
 10
307.8692484954124
 20
208.54893978054199
 30
0.0
  0
SPLINE
  5
398
330
17
100
AcDbEntity
  8
ENGRAVE
100
AcDbSpline
 70
0
 71
2
 72
6
 73
3
 74
0
 40
0.0
 40
0.0
 40
0.0
 40
1.0
 40
1.0
 40
1.0
 10
308.8156407500019
 20
184.7853992586367
 30
0.0
 10
308.4706456328144
 20
184.75539437582418
 30
0.0
 10
307.8706456328144
 20
184.8754139070742
 30
0.0
  0
SPLINE
  5
399
330
17
100
AcDbEntity
  8
ENGRAVE
100
AcDbSpline
 70
0
 71
2
 72
6
 73
3
 74
0
 40
0.0
 40
0.0
 40
0.0
 40
1.0
 40
1.0
 40
1.0
 10
307.8692484954124
 20
208.54893978054199
 30
0.0
 10
307.92925826103743
 20
208.54893978054199
 30
0.0
 10
307.9367533782249
 20
208.50394466335447
 30
0.0
  0
SPLINE
  5
39A
330
17
100
AcDbEntity
  8
ENGRAVE
100
AcDbSpline
 70
0
 71
2
 72
6
 73
3
 74
0
 40
0.0
 40
0.0
 40
0.0
 40
1.0
 40
1.0
 40
1.0
 10
307.9367533782249
 20
208.50394466335447
 30
0.0
 10
307.9442484954124
 20
208.458949546167
 30
0.0
 10
307.9442484954124
 20
208.458949546167
 30
0.0
  0
SPLINE
  5
39B
330
17
100
AcDbEntity
  8
ENGRAVE
100
AcDbSpline
 70
0
 71
2
 72
6
 73
3
 74
0
 40
0.0
 40
0.0
 40
0.0
 40
1.0
 40
1.0
 40
1.0
 10
308.00425826103736
 20
205.07645442897947
 30
0.0
 10
307.86924849541236
 20
205.50396907741697
 30
0.0
 10
307.9592875579124
 20
206.238978843042
 30
0.0
  0
SPLINE
  5
39C
330
17
100
AcDbEntity
  8
ENGRAVE
100
AcDbSpline
 70
0
 71
2
 72
6
 73
3
 74
0
 40
0.0
 40
0.0
 40
0.0
 40
1.0
 40
1.0
 40
1.0
 10
308.2892680266624
 20
204.45396907741699
 30
0.0
 10
308.13926802666236
 20
204.64893978054198
 30
0.0
 10
308.00425826103736
 20
205.07645442897947
 30
0.0
  0
SPLINE
  5
39D
330
17
100
AcDbEntity
  8
ENGRAVE
100
AcDbSpline
 70
0
 71
2
 72
6
 73
3
 74
0
 40
0.0
 40
0.0
 40
0.0
 40
1.0
 40
1.0
 40
1.0
 10
309.0256749296894
 20
182.4904041414492
 30
0.0
 10
308.5756749296894
 20
182.2354236726992
 30
0.0
 10
308.0731602812519
 20
182.1979236726992
 30
0.0
  0
SPLINE
  5
39E
330
17
100
AcDbEntity
  8
ENGRAVE
100
AcDbSpline
 70
0
 71
2
 72
6
 73
3
 74
0
 40
0.0
 40
0.0
 40
0.0
 40
1.0
 40
1.0
 40
1.0
 10
308.5081700468769
 20
186.76540414144918
 30
0.0
 10
308.2756749296894
 20
186.5553943758242
 30
0.0
 10
308.0806553984394
 20
186.32289925863668
 30
0.0
  0
SPLINE
  5
39F
330
17
100
AcDbEntity
  8
ENGRAVE
100
AcDbSpline
 70
0
 71
2
 72
6
 73
3
 74
0
 40
0.0
 40
0.0
 40
0.0
 40
1.0
 40
1.0
 40
1.0
 10
307.8256749296894
 20
185.9703846101992
 30
0.0
 10
307.9006749296894
 20
185.8654041414492
 30
0.0
 10
308.2531651640644
 20
185.8204090242617
 30
0.0
  0
SPLINE
  5
3A0
330
17
100
AcDbEntity
  8
ENGRAVE
100
AcDbSpline
 70
0
 71
2
 72
6
 73
3
 74
0
 40
0.0
 40
0.0
 40
0.0
 40
1.0
 40
1.0
 40
1.0
 10
308.9942729094749
 20
203.93646419460447
 30
0.0
 10
308.5592875579124
 20
204.10894954616697
 30
0.0
 10
308.2892680266624
 20
204.45396907741699
 30
0.0
  0
SPLINE
  5
3A1
330
17
100
AcDbEntity
  8
ENGRAVE
100
AcDbSpline
 70
0
 71
2
 72
6
 73
3
 74
0
 40
0.0
 40
0.0
 40
0.0
 40
1.0
 40
1.0
 40
1.0
 10
307.7956456328144
 20
183.4654041414492
 30
0.0
 10
308.1406651640644
 20
183.4053943758242
 30
0.0
 10
308.29066516406436
 20
183.45790902426168
 30
0.0
  0
SPLINE
  5
3A2
330
17
100
AcDbEntity
  8
ENGRAVE
100
AcDbSpline
 70
0
 71
2
 72
6
 73
3
 74
0
 40
0.0
 40
0.0
 40
0.0
 40
1.0
 40
1.0
 40
1.0
 10
307.9592875579124
 20
206.238978843042
 30
0.0
 10
308.0492777922874
 20
206.92896907741698
 30
0.0
 10
308.3867777922874
 20
207.63397396022947
 30
0.0
  0
SPLINE
  5
3A3
330
17
100
AcDbEntity
  8
ENGRAVE
100
AcDbSpline
 70
0
 71
2
 72
6
 73
3
 74
0
 40
0.0
 40
0.0
 40
0.0
 40
1.0
 40
1.0
 40
1.0
 10
307.3606602812519
 20
187.27541390707418
 30
0.0
 10
307.8556553984394
 20
187.8154041414492
 30
0.0
 10
308.4406651640644
 20
188.0104236726992
 30
0.0
  0
SPLINE
  5
3A4
330
17
100
AcDbEntity
  8
ENGRAVE
100
AcDbSpline
 70
0
 71
2
 72
6
 73
3
 74
0
 40
0.0
 40
0.0
 40
0.0
 40
1.0
 40
1.0
 40
1.0
 10
308.8906651640644
 20
187.0203846101992
 30
0.0
 10
308.7406651640644
 20
186.9754139070742
 30
0.0
 10
308.5081700468769
 20
186.76540414144918
 30
0.0
  0
SPLINE
  5
3A5
330
17
100
AcDbEntity
  8
ENGRAVE
100
AcDbSpline
 70
0
 71
2
 72
6
 73
3
 74
0
 40
0.0
 40
0.0
 40
0.0
 40
1.0
 40
1.0
 40
1.0
 10
308.29066516406436
 20
183.45790902426168
 30
0.0
 10
308.4406651640644
 20
183.5104236726992
 30
0.0
 10
308.66566516406436
 20
183.6154041414492
 30
0.0
  0
SPLINE
  5
3A6
330
17
100
AcDbEntity
  8
ENGRAVE
100
AcDbSpline
 70
0
 71
2
 72
6
 73
3
 74
0
 40
0.0
 40
0.0
 40
0.0
 40
1.0
 40
1.0
 40
1.0
 10
309.41566516406436
 20
184.9203846101992
 30
0.0
 10
309.1606358671894
 20
184.8154041414492
 30
0.0
 10
308.8156407500019
 20
184.7853992586367
 30
0.0
  0
SPLINE
  5
3A7
330
17
100
AcDbEntity
  8
ENGRAVE
100
AcDbSpline
 70
0
 71
2
 72
6
 73
3
 74
0
 40
0.0
 40
0.0
 40
0.0
 40
1.0
 40
1.0
 40
1.0
 10
308.2531651640644
 20
185.8204090242617
 30
0.0
 10
308.6056553984394
 20
185.77541390707418
 30
0.0
 10
308.8306553984394
 20
185.8354236726992
 30
0.0
  0
SPLINE
  5
3A8
330
17
100
AcDbEntity
  8
ENGRAVE
100
AcDbSpline
 70
0
 71
2
 72
6
 73
3
 74
0
 40
0.0
 40
0.0
 40
0.0
 40
1.0
 40
1.0
 40
1.0
 10
308.4406651640644
 20
188.0104236726992
 30
0.0
 10
308.6506749296894
 20
188.0854236726992
 30
0.0
 10
308.8681553984394
 20
188.1229236726992
 30
0.0
  0
SPLINE
  5
3A9
330
17
100
AcDbEntity
  8
ENGRAVE
100
AcDbSpline
 70
0
 71
2
 72
6
 73
3
 74
0
 40
0.0
 40
0.0
 40
0.0
 40
1.0
 40
1.0
 40
1.0
 10
309.45314075000186
 20
186.9753894930117
 30
0.0
 10
309.2356358671894
 20
187.0953846101992
 30
0.0
 10
308.8906651640644
 20
187.0203846101992
 30
0.0
  0
SPLINE
  5
3AA
330
17
100
AcDbEntity
  8
ENGRAVE
100
AcDbSpline
 70
0
 71
2
 72
6
 73
3
 74
0
 40
0.0
 40
0.0
 40
0.0
 40
1.0
 40
1.0
 40
1.0
 10
309.9317729094749
 20
203.801478843042
 30
0.0
 10
309.4292582610374
 20
203.76397884304197
 30
0.0
 10
308.9942729094749
 20
203.93646419460447
 30
0.0
  0
SPLINE
  5
3AB
330
17
100
AcDbEntity
  8
ENGRAVE
100
AcDbSpline
 70
0
 71
2
 72
6
 73
3
 74
0
 40
0.0
 40
0.0
 40
0.0
 40
1.0
 40
1.0
 40
1.0
 10
308.66566516406436
 20
183.6154041414492
 30
0.0
 10
308.8306553984394
 20
183.7203846101992
 30
0.0
 10
309.0106602812519
 20
183.87038461019918
 30
0.0
  0
SPLINE
  5
3AC
330
17
100
AcDbEntity
  8
ENGRAVE
100
AcDbSpline
 70
0
 71
2
 72
6
 73
3
 74
0
 40
0.0
 40
0.0
 40
0.0
 40
1.0
 40
1.0
 40
1.0
 10
309.7981602812519
 20
183.12038461019918
 30
0.0
 10
309.4756749296894
 20
182.74538461019918
 30
0.0
 10
309.0256749296894
 20
182.4904041414492
 30
0.0
  0
SPLINE
  5
3AD
330
17
100
AcDbEntity
  8
ENGRAVE
100
AcDbSpline
 70
0
 71
2
 72
6
 73
3
 74
0
 40
0.0
 40
0.0
 40
0.0
 40
1.0
 40
1.0
 40
1.0
 10
308.8306553984394
 20
185.8354236726992
 30
0.0
 10
308.9356358671894
 20
185.88039437582418
 30
0.0
 10
309.1381505156269
 20
186.0454090242617
 30
0.0
  0
SPLINE
  5
3AE
330
17
100
AcDbEntity
  8
ENGRAVE
100
AcDbSpline
 70
0
 71
2
 72
6
 73
3
 74
0
 40
0.0
 40
0.0
 40
0.0
 40
1.0
 40
1.0
 40
1.0
 10
309.2567484954124
 20
206.40396907741697
 30
0.0
 10
309.1442484954124
 20
206.25396907741697
 30
0.0
 10
309.15928755791236
 20
205.81895931179199
 30
0.0
  0
SPLINE
  5
3AF
330
17
100
AcDbEntity
  8
ENGRAVE
100
AcDbSpline
 70
0
 71
2
 72
6
 73
3
 74
0
 40
0.0
 40
0.0
 40
0.0
 40
1.0
 40
1.0
 40
1.0
 10
308.3867777922874
 20
207.63397396022947
 30
0.0
 10
308.7242777922874
 20
208.33897884304199
 30
0.0
 10
309.2192729094749
 20
208.87896907741697
 30
0.0
  0
SPLINE
  5
3B0
330
17
100
AcDbEntity
  8
ENGRAVE
100
AcDbSpline
 70
0
 71
2
 72
6
 73
3
 74
0
 40
0.0
 40
0.0
 40
0.0
 40
1.0
 40
1.0
 40
1.0
 10
309.7292582610374
 20
206.478969077417
 30
0.0
 10
309.36924849541236
 20
206.55396907741698
 30
0.0
 10
309.2567484954124
 20
206.40396907741697
 30
0.0
  0
SPLINE
  5
3B1
330
17
100
AcDbEntity
  8
ENGRAVE
100
AcDbSpline
 70
0
 71
2
 72
6
 73
3
 74
0
 40
0.0
 40
0.0
 40
0.0
 40
1.0
 40
1.0
 40
1.0
 10
309.15928755791236
 20
205.81895931179199
 30
0.0
 10
309.1892680266624
 20
205.54893978054199
 30
0.0
 10
309.2867777922874
 20
205.34644954616698
 30
0.0
  0
SPLINE
  5
3B2
330
17
100
AcDbEntity
  8
ENGRAVE
100
AcDbSpline
 70
0
 71
2
 72
6
 73
3
 74
0
 40
0.0
 40
0.0
 40
0.0
 40
1.0
 40
1.0
 40
1.0
 10
309.0106602812519
 20
183.87038461019918
 30
0.0
 10
309.1906651640644
 20
184.0203846101992
 30
0.0
 10
309.3106358671894
 20
184.0953846101992
 30
0.0
  0
SPLINE
  5
3B3
330
17
100
AcDbEntity
  8
ENGRAVE
100
AcDbSpline
 70
0
 71
2
 72
6
 73
3
 74
0
 40
0.0
 40
0.0
 40
0.0
 40
1.0
 40
1.0
 40
1.0
 10
310.3981602812519
 20
185.7454090242617
 30
0.0
 10
310.0456456328144
 20
185.1904041414492
 30
0.0
 10
309.41566516406436
 20
184.9203846101992
 30
0.0
  0
SPLINE
  5
3B4
330
17
100
AcDbEntity
  8
ENGRAVE
100
AcDbSpline
 70
0
 71
2
 72
6
 73
3
 74
0
 40
0.0
 40
0.0
 40
0.0
 40
1.0
 40
1.0
 40
1.0
 10
308.8681553984394
 20
188.1229236726992
 30
0.0
 10
309.0856358671894
 20
188.16042367269918
 30
0.0
 10
309.4456456328144
 20
188.13039437582418
 30
0.0
  0
SPLINE
  5
3B5
330
17
100
AcDbEntity
  8
ENGRAVE
100
AcDbSpline
 70
0
 71
2
 72
6
 73
3
 74
0
 40
0.0
 40
0.0
 40
0.0
 40
1.0
 40
1.0
 40
1.0
 10
309.6706456328144
 20
186.6904041414492
 30
0.0
 10
309.6706456328144
 20
186.8553943758242
 30
0.0
 10
309.45314075000186
 20
186.9753894930117
 30
0.0
  0
SPLINE
  5
3B6
330
17
100
AcDbEntity
  8
ENGRAVE
100
AcDbSpline
 70
0
 71
2
 72
6
 73
3
 74
0
 40
0.0
 40
0.0
 40
0.0
 40
1.0
 40
1.0
 40
1.0
 10
309.1381505156269
 20
186.0454090242617
 30
0.0
 10
309.3406651640644
 20
186.2104236726992
 30
0.0
 10
309.5056553984394
 20
186.3979236726992
 30
0.0
  0
SPLINE
  5
3B7
330
17
100
AcDbEntity
  8
ENGRAVE
100
AcDbSpline
 70
0
 71
2
 72
6
 73
3
 74
0
 40
0.0
 40
0.0
 40
0.0
 40
1.0
 40
1.0
 40
1.0
 10
309.3106358671894
 20
184.0953846101992
 30
0.0
 10
309.4306553984394
 20
184.1854236726992
 30
0.0
 10
309.6106358671894
 20
184.1854236726992
 30
0.0
  0
SPLINE
  5
3B8
330
17
100
AcDbEntity
  8
ENGRAVE
100
AcDbSpline
 70
0
 71
2
 72
6
 73
3
 74
0
 40
0.0
 40
0.0
 40
0.0
 40
1.0
 40
1.0
 40
1.0
 10
309.2867777922874
 20
205.34644954616698
 30
0.0
 10
309.3842875579124
 20
205.14395931179197
 30
0.0
 10
309.6542582610374
 20
205.06895931179199
 30
0.0
  0
SPLINE
  5
3B9
330
17
100
AcDbEntity
  8
ENGRAVE
100
AcDbSpline
 70
0
 71
2
 72
6
 73
3
 74
0
 40
0.0
 40
0.0
 40
0.0
 40
1.0
 40
1.0
 40
1.0
 10
309.5056553984394
 20
186.3979236726992
 30
0.0
 10
309.6706456328144
 20
186.5854236726992
 30
0.0
 10
309.6706456328144
 20
186.6904041414492
 30
0.0
  0
SPLINE
  5
3BA
330
17
100
AcDbEntity
  8
ENGRAVE
100
AcDbSpline
 70
0
 71
2
 72
6
 73
3
 74
0
 40
0.0
 40
0.0
 40
0.0
 40
1.0
 40
1.0
 40
1.0
 10
309.9392680266624
 20
207.92645442897947
 30
0.0
 10
309.74424849541236
 20
207.69395931179199
 30
0.0
 10
309.6842875579124
 20
207.573939780542
 30
0.0
  0
SPLINE
  5
3BB
330
17
100
AcDbEntity
  8
ENGRAVE
100
AcDbSpline
 70
0
 71
2
 72
6
 73
3
 74
0
 40
0.0
 40
0.0
 40
0.0
 40
1.0
 40
1.0
 40
1.0
 10
310.6742533782249
 20
206.38895442897947
 30
0.0
 10
310.3292582610374
 20
206.35894954616697
 30
0.0
 10
309.7292582610374
 20
206.478969077417
 30
0.0
  0
SPLINE
  5
3BC
330
17
100
AcDbEntity
  8
ENGRAVE
100
AcDbSpline
 70
0
 71
2
 72
6
 73
3
 74
0
 40
0.0
 40
0.0
 40
0.0
 40
1.0
 40
1.0
 40
1.0
 10
310.1206456328144
 20
183.6904041414492
 30
0.0
 10
310.1206456328144
 20
183.49538461019918
 30
0.0
 10
309.7981602812519
 20
183.12038461019918
 30
0.0
  0
SPLINE
  5
3BD
330
17
100
AcDbEntity
  8
ENGRAVE
100
AcDbSpline
 70
0
 71
2
 72
6
 73
3
 74
0
 40
0.0
 40
0.0
 40
0.0
 40
1.0
 40
1.0
 40
1.0
 10
309.6106358671894
 20
184.1854236726992
 30
0.0
 10
309.7756749296894
 20
184.1703846101992
 30
0.0
 10
309.92567492968936
 20
184.00539437582418
 30
0.0
  0
SPLINE
  5
3BE
330
17
100
AcDbEntity
  8
ENGRAVE
100
AcDbSpline
 70
0
 71
2
 72
6
 73
3
 74
0
 40
0.0
 40
0.0
 40
0.0
 40
1.0
 40
1.0
 40
1.0
 10
310.8842875579124
 20
204.093959311792
 30
0.0
 10
310.4342875579124
 20
203.83897884304199
 30
0.0
 10
309.9317729094749
 20
203.801478843042
 30
0.0
  0
SPLINE
  5
3BF
330
17
100
AcDbEntity
  8
ENGRAVE
100
AcDbSpline
 70
0
 71
2
 72
6
 73
3
 74
0
 40
0.0
 40
0.0
 40
0.0
 40
1.0
 40
1.0
 40
1.0
 10
310.3667826750999
 20
208.36895931179197
 30
0.0
 10
310.1342875579124
 20
208.15894954616698
 30
0.0
 10
309.9392680266624
 20
207.92645442897947
 30
0.0
  0
SPLINE
  5
3C0
330
17
100
AcDbEntity
  8
ENGRAVE
100
AcDbSpline
 70
0
 71
2
 72
6
 73
3
 74
0
 40
0.0
 40
0.0
 40
0.0
 40
1.0
 40
1.0
 40
1.0
 10
309.4456456328144
 20
188.13039437582418
 30
0.0
 10
309.79066516406436
 20
188.0854236726992
 30
0.0
 10
310.0606602812519
 20
187.95790902426168
 30
0.0
  0
SPLINE
  5
3C1
330
17
100
AcDbEntity
  8
ENGRAVE
100
AcDbSpline
 70
0
 71
2
 72
6
 73
3
 74
0
 40
0.0
 40
0.0
 40
0.0
 40
1.0
 40
1.0
 40
1.0
 10
309.6842875579124
 20
207.573939780542
 30
0.0
 10
309.7592875579124
 20
207.468959311792
 30
0.0
 10
310.1117777922874
 20
207.42396419460448
 30
0.0
  0
SPLINE
  5
3C2
330
17
100
AcDbEntity
  8
ENGRAVE
100
AcDbSpline
 70
0
 71
2
 72
6
 73
3
 74
0
 40
0.0
 40
0.0
 40
0.0
 40
1.0
 40
1.0
 40
1.0
 10
309.92567492968936
 20
184.00539437582418
 30
0.0
 10
310.0756749296894
 20
183.8404041414492
 30
0.0
 10
310.1206456328144
 20
183.6904041414492
 30
0.0
  0
SPLINE
  5
3C3
330
17
100
AcDbEntity
  8
ENGRAVE
100
AcDbSpline
 70
0
 71
2
 72
6
 73
3
 74
0
 40
0.0
 40
0.0
 40
0.0
 40
1.0
 40
1.0
 40
1.0
 10
309.6542582610374
 20
205.06895931179199
 30
0.0
 10
309.9992777922874
 20
205.00894954616697
 30
0.0
 10
310.14927779228736
 20
205.06146419460447
 30
0.0
  0
SPLINE
  5
3C4
330
17
100
AcDbEntity
  8
ENGRAVE
100
AcDbSpline
 70
0
 71
2
 72
6
 73
3
 74
0
 40
0.0
 40
0.0
 40
0.0
 40
1.0
 40
1.0
 40
1.0
 10
309.2192729094749
 20
208.87896907741697
 30
0.0
 10
309.7142680266624
 20
209.41895931179198
 30
0.0
 10
310.2992777922874
 20
209.613978843042
 30
0.0
  0
SPLINE
  5
3C5
330
17
100
AcDbEntity
  8
ENGRAVE
100
AcDbSpline
 70
0
 71
2
 72
6
 73
3
 74
0
 40
0.0
 40
0.0
 40
0.0
 40
1.0
 40
1.0
 40
1.0
 10
310.7492777922874
 20
208.62393978054197
 30
0.0
 10
310.5992777922874
 20
208.57896907741699
 30
0.0
 10
310.3667826750999
 20
208.36895931179197
 30
0.0
  0
SPLINE
  5
3C6
330
17
100
AcDbEntity
  8
ENGRAVE
100
AcDbSpline
 70
0
 71
2
 72
6
 73
3
 74
0
 40
0.0
 40
0.0
 40
0.0
 40
1.0
 40
1.0
 40
1.0
 10
310.8256749296894
 20
186.7803943758242
 30
0.0
 10
310.7506749296894
 20
186.3004139070742
 30
0.0
 10
310.3981602812519
 20
185.7454090242617
 30
0.0
  0
SPLINE
  5
3C7
330
17
100
AcDbEntity
  8
ENGRAVE
100
AcDbSpline
 70
0
 71
2
 72
6
 73
3
 74
0
 40
0.0
 40
0.0
 40
0.0
 40
1.0
 40
1.0
 40
1.0
 10
310.0606602812519
 20
187.95790902426168
 30
0.0
 10
310.3306553984394
 20
187.8303943758242
 30
0.0
 10
310.4506749296894
 20
187.6803943758242
 30
0.0
  0
SPLINE
  5
3C8
330
17
100
AcDbEntity
  8
ENGRAVE
100
AcDbSpline
 70
0
 71
2
 72
6
 73
3
 74
0
 40
0.0
 40
0.0
 40
0.0
 40
1.0
 40
1.0
 40
1.0
 10
310.14927779228736
 20
205.06146419460447
 30
0.0
 10
310.2992777922874
 20
205.113978843042
 30
0.0
 10
310.52427779228736
 20
205.218959311792
 30
0.0
  0
SPLINE
  5
3C9
330
17
100
AcDbEntity
  8
ENGRAVE
100
AcDbSpline
 70
0
 71
2
 72
6
 73
3
 74
0
 40
0.0
 40
0.0
 40
0.0
 40
1.0
 40
1.0
 40
1.0
 10
311.27427779228736
 20
206.52393978054198
 30
0.0
 10
311.0192484954124
 20
206.41895931179198
 30
0.0
 10
310.6742533782249
 20
206.38895442897947
 30
0.0
  0
SPLINE
  5
3CA
330
17
100
AcDbEntity
  8
ENGRAVE
100
AcDbSpline
 70
0
 71
2
 72
6
 73
3
 74
0
 40
0.0
 40
0.0
 40
0.0
 40
1.0
 40
1.0
 40
1.0
 10
310.1117777922874
 20
207.42396419460448
 30
0.0
 10
310.4642680266624
 20
207.37896907741697
 30
0.0
 10
310.6892680266624
 20
207.43897884304198
 30
0.0
  0
SPLINE
  5
3CB
330
17
100
AcDbEntity
  8
ENGRAVE
100
AcDbSpline
 70
0
 71
2
 72
6
 73
3
 74
0
 40
0.0
 40
0.0
 40
0.0
 40
1.0
 40
1.0
 40
1.0
 10
310.2992777922874
 20
209.613978843042
 30
0.0
 10
310.5092875579124
 20
209.68897884304198
 30
0.0
 10
310.7267680266624
 20
209.72647884304197
 30
0.0
  0
SPLINE
  5
3CC
330
17
100
AcDbEntity
  8
ENGRAVE
100
AcDbSpline
 70
0
 71
2
 72
6
 73
3
 74
0
 40
0.0
 40
0.0
 40
0.0
 40
1.0
 40
1.0
 40
1.0
 10
311.31175337822486
 20
208.5789446633545
 30
0.0
 10
311.0942484954124
 20
208.698939780542
 30
0.0
 10
310.7492777922874
 20
208.62393978054197
 30
0.0
  0
SPLINE
  5
3CD
330
17
100
AcDbEntity
  8
ENGRAVE
100
AcDbSpline
 70
0
 71
2
 72
6
 73
3
 74
0
 40
0.0
 40
0.0
 40
0.0
 40
1.0
 40
1.0
 40
1.0
 10
310.4506749296894
 20
187.6803943758242
 30
0.0
 10
310.6906651640644
 20
187.4404041414492
 30
0.0
 10
310.7656651640644
 20
187.2154041414492
 30
0.0
  0
SPLINE
  5
3CE
330
17
100
AcDbEntity
  8
ENGRAVE
100
AcDbSpline
 70
0
 71
2
 72
6
 73
3
 74
0
 40
0.0
 40
0.0
 40
0.0
 40
1.0
 40
1.0
 40
1.0
 10
310.7656651640644
 20
187.2154041414492
 30
0.0
 10
310.8406651640644
 20
186.9904041414492
 30
0.0
 10
310.8256749296894
 20
186.7803943758242
 30
0.0
  0
SPLINE
  5
3CF
330
17
100
AcDbEntity
  8
ENGRAVE
100
AcDbSpline
 70
0
 71
2
 72
6
 73
3
 74
0
 40
0.0
 40
0.0
 40
0.0
 40
1.0
 40
1.0
 40
1.0
 10
310.52427779228736
 20
205.218959311792
 30
0.0
 10
310.6892680266624
 20
205.323939780542
 30
0.0
 10
310.8692729094749
 20
205.47393978054197
 30
0.0
  0
SPLINE
  5
3D0
330
17
100
AcDbEntity
  8
ENGRAVE
100
AcDbSpline
 70
0
 71
2
 72
6
 73
3
 74
0
 40
0.0
 40
0.0
 40
0.0
 40
1.0
 40
1.0
 40
1.0
 10
311.6567729094749
 20
204.72393978054197
 30
0.0
 10
311.3342875579124
 20
204.34893978054197
 30
0.0
 10
310.8842875579124
 20
204.093959311792
 30
0.0
  0
SPLINE
  5
3D1
330
17
100
AcDbEntity
  8
ENGRAVE
100
AcDbSpline
 70
0
 71
2
 72
6
 73
3
 74
0
 40
0.0
 40
0.0
 40
0.0
 40
1.0
 40
1.0
 40
1.0
 10
310.6892680266624
 20
207.43897884304198
 30
0.0
 10
310.7942484954124
 20
207.48394954616697
 30
0.0
 10
310.9967631438499
 20
207.64896419460447
 30
0.0
  0
SPLINE
  5
3D2
330
17
100
AcDbEntity
  8
ENGRAVE
100
AcDbSpline
 70
0
 71
2
 72
6
 73
3
 74
0
 40
0.0
 40
0.0
 40
0.0
 40
1.0
 40
1.0
 40
1.0
 10
310.8692729094749
 20
205.47393978054197
 30
0.0
 10
311.0492777922874
 20
205.62393978054197
 30
0.0
 10
311.1692484954124
 20
205.698939780542
 30
0.0
  0
SPLINE
  5
3D3
330
17
100
AcDbEntity
  8
ENGRAVE
100
AcDbSpline
 70
0
 71
2
 72
6
 73
3
 74
0
 40
0.0
 40
0.0
 40
0.0
 40
1.0
 40
1.0
 40
1.0
 10
312.2567729094749
 20
207.3489641946045
 30
0.0
 10
311.9042582610374
 20
206.79395931179198
 30
0.0
 10
311.27427779228736
 20
206.52393978054198
 30
0.0
  0
SPLINE
  5
3D4
330
17
100
AcDbEntity
  8
ENGRAVE
100
AcDbSpline
 70
0
 71
2
 72
6
 73
3
 74
0
 40
0.0
 40
0.0
 40
0.0
 40
1.0
 40
1.0
 40
1.0
 10
310.7267680266624
 20
209.72647884304197
 30
0.0
 10
310.9442484954124
 20
209.76397884304197
 30
0.0
 10
311.3042582610374
 20
209.73394954616697
 30
0.0
  0
SPLINE
  5
3D5
330
17
100
AcDbEntity
  8
ENGRAVE
100
AcDbSpline
 70
0
 71
2
 72
6
 73
3
 74
0
 40
0.0
 40
0.0
 40
0.0
 40
1.0
 40
1.0
 40
1.0
 10
311.5292582610374
 20
208.29395931179198
 30
0.0
 10
311.5292582610374
 20
208.458949546167
 30
0.0
 10
311.31175337822486
 20
208.5789446633545
 30
0.0
  0
SPLINE
  5
3D6
330
17
100
AcDbEntity
  8
ENGRAVE
100
AcDbSpline
 70
0
 71
2
 72
6
 73
3
 74
0
 40
0.0
 40
0.0
 40
0.0
 40
1.0
 40
1.0
 40
1.0
 10
310.9967631438499
 20
207.64896419460447
 30
0.0
 10
311.1992777922874
 20
207.81397884304198
 30
0.0
 10
311.3642680266624
 20
208.00147884304198
 30
0.0
  0
SPLINE
  5
3D7
330
17
100
AcDbEntity
  8
ENGRAVE
100
AcDbSpline
 70
0
 71
2
 72
6
 73
3
 74
0
 40
0.0
 40
0.0
 40
0.0
 40
1.0
 40
1.0
 40
1.0
 10
311.1692484954124
 20
205.698939780542
 30
0.0
 10
311.2892680266624
 20
205.78897884304197
 30
0.0
 10
311.4692484954124
 20
205.78897884304197
 30
0.0
  0
SPLINE
  5
3D8
330
17
100
AcDbEntity
  8
ENGRAVE
100
AcDbSpline
 70
0
 71
2
 72
6
 73
3
 74
0
 40
0.0
 40
0.0
 40
0.0
 40
1.0
 40
1.0
 40
1.0
 10
311.3642680266624
 20
208.00147884304198
 30
0.0
 10
311.5292582610374
 20
208.18897884304198
 30
0.0
 10
311.5292582610374
 20
208.29395931179198
 30
0.0
  0
SPLINE
  5
3D9
330
17
100
AcDbEntity
  8
ENGRAVE
100
AcDbSpline
 70
0
 71
2
 72
6
 73
3
 74
0
 40
0.0
 40
0.0
 40
0.0
 40
1.0
 40
1.0
 40
1.0
 10
311.9792582610374
 20
205.29395931179198
 30
0.0
 10
311.9792582610374
 20
205.09893978054197
 30
0.0
 10
311.6567729094749
 20
204.72393978054197
 30
0.0
  0
SPLINE
  5
3DA
330
17
100
AcDbEntity
  8
ENGRAVE
100
AcDbSpline
 70
0
 71
2
 72
6
 73
3
 74
0
 40
0.0
 40
0.0
 40
0.0
 40
1.0
 40
1.0
 40
1.0
 10
311.4692484954124
 20
205.78897884304197
 30
0.0
 10
311.6342875579124
 20
205.77393978054198
 30
0.0
 10
311.78428755791236
 20
205.60894954616697
 30
0.0
  0
SPLINE
  5
3DB
330
17
100
AcDbEntity
  8
ENGRAVE
100
AcDbSpline
 70
0
 71
2
 72
6
 73
3
 74
0
 40
0.0
 40
0.0
 40
0.0
 40
1.0
 40
1.0
 40
1.0
 10
311.3042582610374
 20
209.73394954616697
 30
0.0
 10
311.64927779228736
 20
209.68897884304198
 30
0.0
 10
311.9192729094749
 20
209.56146419460447
 30
0.0
  0
SPLINE
  5
3DC
330
17
100
AcDbEntity
  8
ENGRAVE
100
AcDbSpline
 70
0
 71
2
 72
6
 73
3
 74
0
 40
0.0
 40
0.0
 40
0.0
 40
1.0
 40
1.0
 40
1.0
 10
311.78428755791236
 20
205.60894954616697
 30
0.0
 10
311.9342875579124
 20
205.44395931179199
 30
0.0
 10
311.9792582610374
 20
205.29395931179198
 30
0.0
  0
SPLINE
  5
3DD
330
17
100
AcDbEntity
  8
ENGRAVE
100
AcDbSpline
 70
0
 71
2
 72
6
 73
3
 74
0
 40
0.0
 40
0.0
 40
0.0
 40
1.0
 40
1.0
 40
1.0
 10
312.6842875579124
 20
208.38394954616697
 30
0.0
 10
312.6092875579124
 20
207.90396907741697
 30
0.0
 10
312.2567729094749
 20
207.3489641946045
 30
0.0
  0
SPLINE
  5
3DE
330
17
100
AcDbEntity
  8
ENGRAVE
100
AcDbSpline
 70
0
 71
2
 72
6
 73
3
 74
0
 40
0.0
 40
0.0
 40
0.0
 40
1.0
 40
1.0
 40
1.0
 10
311.9192729094749
 20
209.56146419460447
 30
0.0
 10
312.1892680266624
 20
209.43394954616699
 30
0.0
 10
312.3092875579124
 20
209.28394954616698
 30
0.0
  0
SPLINE
  5
3DF
330
17
100
AcDbEntity
  8
ENGRAVE
100
AcDbSpline
 70
0
 71
2
 72
6
 73
3
 74
0
 40
0.0
 40
0.0
 40
0.0
 40
1.0
 40
1.0
 40
1.0
 10
312.3092875579124
 20
209.28394954616698
 30
0.0
 10
312.5492777922874
 20
209.04395931179198
 30
0.0
 10
312.6242777922874
 20
208.81895931179199
 30
0.0
  0
SPLINE
  5
3E0
330
17
100
AcDbEntity
  8
ENGRAVE
100
AcDbSpline
 70
0
 71
2
 72
6
 73
3
 74
0
 40
0.0
 40
0.0
 40
0.0
 40
1.0
 40
1.0
 40
1.0
 10
312.6242777922874
 20
208.81895931179199
 30
0.0
 10
312.6992777922874
 20
208.593959311792
 30
0.0
 10
312.6842875579124
 20
208.38394954616697
 30
0.0
  0
SPLINE
  5
3E1
330
17
100
AcDbEntity
  8
ENGRAVE
100
AcDbSpline
 70
0
 71
2
 72
6
 73
3
 74
0
 40
0.0
 40
0.0
 40
0.0
 40
1.0
 40
1.0
 40
1.0
 10
313.01426802666236
 20
205.07645442897947
 30
0.0
 10
312.87925826103736
 20
205.50396907741697
 30
0.0
 10
312.9692973235374
 20
206.238978843042
 30
0.0
  0
SPLINE
  5
3E2
330
17
100
AcDbEntity
  8
ENGRAVE
100
AcDbSpline
 70
0
 71
2
 72
6
 73
3
 74
0
 40
0.0
 40
0.0
 40
0.0
 40
1.0
 40
1.0
 40
1.0
 10
313.2992777922874
 20
204.45396907741699
 30
0.0
 10
313.14927779228736
 20
204.64893978054198
 30
0.0
 10
313.01426802666236
 20
205.07645442897947
 30
0.0
  0
SPLINE
  5
3E3
330
17
100
AcDbEntity
  8
ENGRAVE
100
AcDbSpline
 70
0
 71
2
 72
6
 73
3
 74
0
 40
0.0
 40
0.0
 40
0.0
 40
1.0
 40
1.0
 40
1.0
 10
314.0042826750999
 20
203.93646419460447
 30
0.0
 10
313.5692973235374
 20
204.10894954616697
 30
0.0
 10
313.2992777922874
 20
204.45396907741699
 30
0.0
  0
SPLINE
  5
3E4
330
17
100
AcDbEntity
  8
ENGRAVE
100
AcDbSpline
 70
0
 71
2
 72
6
 73
3
 74
0
 40
0.0
 40
0.0
 40
0.0
 40
1.0
 40
1.0
 40
1.0
 10
312.9692973235374
 20
206.238978843042
 30
0.0
 10
313.0592875579124
 20
206.92896907741698
 30
0.0
 10
313.3967875579124
 20
207.63397396022947
 30
0.0
  0
SPLINE
  5
3E5
330
17
100
AcDbEntity
  8
ENGRAVE
100
AcDbSpline
 70
0
 71
2
 72
6
 73
3
 74
0
 40
0.0
 40
0.0
 40
0.0
 40
1.0
 40
1.0
 40
1.0
 10
314.9417826750999
 20
203.801478843042
 30
0.0
 10
314.4392680266624
 20
203.76397884304197
 30
0.0
 10
314.0042826750999
 20
203.93646419460447
 30
0.0
  0
SPLINE
  5
3E6
330
17
100
AcDbEntity
  8
ENGRAVE
100
AcDbSpline
 70
0
 71
2
 72
6
 73
3
 74
0
 40
0.0
 40
0.0
 40
0.0
 40
1.0
 40
1.0
 40
1.0
 10
314.2667582610374
 20
206.40396907741697
 30
0.0
 10
314.1542582610374
 20
206.25396907741697
 30
0.0
 10
314.16929732353736
 20
205.81895931179199
 30
0.0
  0
SPLINE
  5
3E7
330
17
100
AcDbEntity
  8
ENGRAVE
100
AcDbSpline
 70
0
 71
2
 72
6
 73
3
 74
0
 40
0.0
 40
0.0
 40
0.0
 40
1.0
 40
1.0
 40
1.0
 10
313.3967875579124
 20
207.63397396022947
 30
0.0
 10
313.7342875579124
 20
208.33897884304199
 30
0.0
 10
314.2292826750999
 20
208.87896907741697
 30
0.0
  0
SPLINE
  5
3E8
330
17
100
AcDbEntity
  8
ENGRAVE
100
AcDbSpline
 70
0
 71
2
 72
6
 73
3
 74
0
 40
0.0
 40
0.0
 40
0.0
 40
1.0
 40
1.0
 40
1.0
 10
314.7392680266624
 20
206.478969077417
 30
0.0
 10
314.37925826103736
 20
206.55396907741698
 30
0.0
 10
314.2667582610374
 20
206.40396907741697
 30
0.0
  0
SPLINE
  5
3E9
330
17
100
AcDbEntity
  8
ENGRAVE
100
AcDbSpline
 70
0
 71
2
 72
6
 73
3
 74
0
 40
0.0
 40
0.0
 40
0.0
 40
1.0
 40
1.0
 40
1.0
 10
314.16929732353736
 20
205.81895931179199
 30
0.0
 10
314.1992777922874
 20
205.54893978054199
 30
0.0
 10
314.2967875579124
 20
205.34644954616698
 30
0.0
  0
SPLINE
  5
3EA
330
17
100
AcDbEntity
  8
ENGRAVE
100
AcDbSpline
 70
0
 71
2
 72
6
 73
3
 74
0
 40
0.0
 40
0.0
 40
0.0
 40
1.0
 40
1.0
 40
1.0
 10
314.2967875579124
 20
205.34644954616698
 30
0.0
 10
314.3942973235374
 20
205.14395931179197
 30
0.0
 10
314.6642680266624
 20
205.06895931179199
 30
0.0
  0
SPLINE
  5
3EB
330
17
100
AcDbEntity
  8
ENGRAVE
100
AcDbSpline
 70
0
 71
2
 72
6
 73
3
 74
0
 40
0.0
 40
0.0
 40
0.0
 40
1.0
 40
1.0
 40
1.0
 10
314.9492777922874
 20
207.92645442897947
 30
0.0
 10
314.75425826103736
 20
207.69395931179199
 30
0.0
 10
314.6942973235374
 20
207.573939780542
 30
0.0
  0
SPLINE
  5
3EC
330
17
100
AcDbEntity
  8
ENGRAVE
100
AcDbSpline
 70
0
 71
2
 72
6
 73
3
 74
0
 40
0.0
 40
0.0
 40
0.0
 40
1.0
 40
1.0
 40
1.0
 10
315.6842631438499
 20
206.38895442897947
 30
0.0
 10
315.3392680266624
 20
206.35894954616697
 30
0.0
 10
314.7392680266624
 20
206.478969077417
 30
0.0
  0
SPLINE
  5
3ED
330
17
100
AcDbEntity
  8
ENGRAVE
100
AcDbSpline
 70
0
 71
2
 72
6
 73
3
 74
0
 40
0.0
 40
0.0
 40
0.0
 40
1.0
 40
1.0
 40
1.0
 10
315.8942973235374
 20
204.093959311792
 30
0.0
 10
315.4442973235374
 20
203.83897884304199
 30
0.0
 10
314.9417826750999
 20
203.801478843042
 30
0.0
  0
SPLINE
  5
3EE
330
17
100
AcDbEntity
  8
ENGRAVE
100
AcDbSpline
 70
0
 71
2
 72
6
 73
3
 74
0
 40
0.0
 40
0.0
 40
0.0
 40
1.0
 40
1.0
 40
1.0
 10
315.3767924407249
 20
208.36895931179197
 30
0.0
 10
315.1442973235374
 20
208.15894954616698
 30
0.0
 10
314.9492777922874
 20
207.92645442897947
 30
0.0
  0
SPLINE
  5
3EF
330
17
100
AcDbEntity
  8
ENGRAVE
100
AcDbSpline
 70
0
 71
2
 72
6
 73
3
 74
0
 40
0.0
 40
0.0
 40
0.0
 40
1.0
 40
1.0
 40
1.0
 10
314.6942973235374
 20
207.573939780542
 30
0.0
 10
314.7692973235374
 20
207.468959311792
 30
0.0
 10
315.1217875579124
 20
207.42396419460448
 30
0.0
  0
SPLINE
  5
3F0
330
17
100
AcDbEntity
  8
ENGRAVE
100
AcDbSpline
 70
0
 71
2
 72
6
 73
3
 74
0
 40
0.0
 40
0.0
 40
0.0
 40
1.0
 40
1.0
 40
1.0
 10
314.6642680266624
 20
205.06895931179199
 30
0.0
 10
315.0092875579124
 20
205.00894954616697
 30
0.0
 10
315.15928755791236
 20
205.06146419460447
 30
0.0
  0
SPLINE
  5
3F1
330
17
100
AcDbEntity
  8
ENGRAVE
100
AcDbSpline
 70
0
 71
2
 72
6
 73
3
 74
0
 40
0.0
 40
0.0
 40
0.0
 40
1.0
 40
1.0
 40
1.0
 10
314.2292826750999
 20
208.87896907741697
 30
0.0
 10
314.7242777922874
 20
209.41895931179198
 30
0.0
 10
315.3092875579124
 20
209.613978843042
 30
0.0
  0
SPLINE
  5
3F2
330
17
100
AcDbEntity
  8
ENGRAVE
100
AcDbSpline
 70
0
 71
2
 72
6
 73
3
 74
0
 40
0.0
 40
0.0
 40
0.0
 40
1.0
 40
1.0
 40
1.0
 10
315.7592875579124
 20
208.62393978054197
 30
0.0
 10
315.6092875579124
 20
208.57896907741699
 30
0.0
 10
315.3767924407249
 20
208.36895931179197
 30
0.0
  0
SPLINE
  5
3F3
330
17
100
AcDbEntity
  8
ENGRAVE
100
AcDbSpline
 70
0
 71
2
 72
6
 73
3
 74
0
 40
0.0
 40
0.0
 40
0.0
 40
1.0
 40
1.0
 40
1.0
 10
315.15928755791236
 20
205.06146419460447
 30
0.0
 10
315.3092875579124
 20
205.113978843042
 30
0.0
 10
315.53428755791236
 20
205.218959311792
 30
0.0
  0
SPLINE
  5
3F4
330
17
100
AcDbEntity
  8
ENGRAVE
100
AcDbSpline
 70
0
 71
2
 72
6
 73
3
 74
0
 40
0.0
 40
0.0
 40
0.0
 40
1.0
 40
1.0
 40
1.0
 10
316.28428755791236
 20
206.52393978054198
 30
0.0
 10
316.0292582610374
 20
206.41895931179198
 30
0.0
 10
315.6842631438499
 20
206.38895442897947
 30
0.0
  0
SPLINE
  5
3F5
330
17
100
AcDbEntity
  8
ENGRAVE
100
AcDbSpline
 70
0
 71
2
 72
6
 73
3
 74
0
 40
0.0
 40
0.0
 40
0.0
 40
1.0
 40
1.0
 40
1.0
 10
315.1217875579124
 20
207.42396419460448
 30
0.0
 10
315.4742777922874
 20
207.37896907741697
 30
0.0
 10
315.6992777922874
 20
207.43897884304198
 30
0.0
  0
SPLINE
  5
3F6
330
17
100
AcDbEntity
  8
ENGRAVE
100
AcDbSpline
 70
0
 71
2
 72
6
 73
3
 74
0
 40
0.0
 40
0.0
 40
0.0
 40
1.0
 40
1.0
 40
1.0
 10
315.3092875579124
 20
209.613978843042
 30
0.0
 10
315.5192973235374
 20
209.68897884304198
 30
0.0
 10
315.7367777922874
 20
209.72647884304197
 30
0.0
  0
SPLINE
  5
3F7
330
17
100
AcDbEntity
  8
ENGRAVE
100
AcDbSpline
 70
0
 71
2
 72
6
 73
3
 74
0
 40
0.0
 40
0.0
 40
0.0
 40
1.0
 40
1.0
 40
1.0
 10
316.32176314384986
 20
208.5789446633545
 30
0.0
 10
316.1042582610374
 20
208.698939780542
 30
0.0
 10
315.7592875579124
 20
208.62393978054197
 30
0.0
  0
SPLINE
  5
3F8
330
17
100
AcDbEntity
  8
ENGRAVE
100
AcDbSpline
 70
0
 71
2
 72
6
 73
3
 74
0
 40
0.0
 40
0.0
 40
0.0
 40
1.0
 40
1.0
 40
1.0
 10
315.53428755791236
 20
205.218959311792
 30
0.0
 10
315.6992777922874
 20
205.323939780542
 30
0.0
 10
315.8792826750999
 20
205.47393978054197
 30
0.0
  0
SPLINE
  5
3F9
330
17
100
AcDbEntity
  8
ENGRAVE
100
AcDbSpline
 70
0
 71
2
 72
6
 73
3
 74
0
 40
0.0
 40
0.0
 40
0.0
 40
1.0
 40
1.0
 40
1.0
 10
316.6667826750999
 20
204.72393978054197
 30
0.0
 10
316.3442973235374
 20
204.34893978054197
 30
0.0
 10
315.8942973235374
 20
204.093959311792
 30
0.0
  0
SPLINE
  5
3FA
330
17
100
AcDbEntity
  8
ENGRAVE
100
AcDbSpline
 70
0
 71
2
 72
6
 73
3
 74
0
 40
0.0
 40
0.0
 40
0.0
 40
1.0
 40
1.0
 40
1.0
 10
315.6992777922874
 20
207.43897884304198
 30
0.0
 10
315.8042582610374
 20
207.48394954616697
 30
0.0
 10
316.0067729094749
 20
207.64896419460447
 30
0.0
  0
SPLINE
  5
3FB
330
17
100
AcDbEntity
  8
ENGRAVE
100
AcDbSpline
 70
0
 71
2
 72
6
 73
3
 74
0
 40
0.0
 40
0.0
 40
0.0
 40
1.0
 40
1.0
 40
1.0
 10
315.8792826750999
 20
205.47393978054197
 30
0.0
 10
316.0592875579124
 20
205.62393978054197
 30
0.0
 10
316.1792582610374
 20
205.698939780542
 30
0.0
  0
SPLINE
  5
3FC
330
17
100
AcDbEntity
  8
ENGRAVE
100
AcDbSpline
 70
0
 71
2
 72
6
 73
3
 74
0
 40
0.0
 40
0.0
 40
0.0
 40
1.0
 40
1.0
 40
1.0
 10
317.2667826750999
 20
207.3489641946045
 30
0.0
 10
316.9142680266624
 20
206.79395931179198
 30
0.0
 10
316.28428755791236
 20
206.52393978054198
 30
0.0
  0
SPLINE
  5
3FD
330
17
100
AcDbEntity
  8
ENGRAVE
100
AcDbSpline
 70
0
 71
2
 72
6
 73
3
 74
0
 40
0.0
 40
0.0
 40
0.0
 40
1.0
 40
1.0
 40
1.0
 10
315.7367777922874
 20
209.72647884304197
 30
0.0
 10
315.9542582610374
 20
209.76397884304197
 30
0.0
 10
316.3142680266624
 20
209.73394954616697
 30
0.0
  0
SPLINE
  5
3FE
330
17
100
AcDbEntity
  8
ENGRAVE
100
AcDbSpline
 70
0
 71
2
 72
6
 73
3
 74
0
 40
0.0
 40
0.0
 40
0.0
 40
1.0
 40
1.0
 40
1.0
 10
316.5392680266624
 20
208.29395931179198
 30
0.0
 10
316.5392680266624
 20
208.458949546167
 30
0.0
 10
316.32176314384986
 20
208.5789446633545
 30
0.0
  0
SPLINE
  5
3FF
330
17
100
AcDbEntity
  8
ENGRAVE
100
AcDbSpline
 70
0
 71
2
 72
6
 73
3
 74
0
 40
0.0
 40
0.0
 40
0.0
 40
1.0
 40
1.0
 40
1.0
 10
316.0067729094749
 20
207.64896419460447
 30
0.0
 10
316.2092875579124
 20
207.81397884304198
 30
0.0
 10
316.3742777922874
 20
208.00147884304198
 30
0.0
  0
SPLINE
  5
400
330
17
100
AcDbEntity
  8
ENGRAVE
100
AcDbSpline
 70
0
 71
2
 72
6
 73
3
 74
0
 40
0.0
 40
0.0
 40
0.0
 40
1.0
 40
1.0
 40
1.0
 10
316.1792582610374
 20
205.698939780542
 30
0.0
 10
316.2992777922874
 20
205.78897884304197
 30
0.0
 10
316.4792582610374
 20
205.78897884304197
 30
0.0
  0
SPLINE
  5
401
330
17
100
AcDbEntity
  8
ENGRAVE
100
AcDbSpline
 70
0
 71
2
 72
6
 73
3
 74
0
 40
0.0
 40
0.0
 40
0.0
 40
1.0
 40
1.0
 40
1.0
 10
316.3742777922874
 20
208.00147884304198
 30
0.0
 10
316.5392680266624
 20
208.18897884304198
 30
0.0
 10
316.5392680266624
 20
208.29395931179198
 30
0.0
  0
SPLINE
  5
402
330
17
100
AcDbEntity
  8
ENGRAVE
100
AcDbSpline
 70
0
 71
2
 72
6
 73
3
 74
0
 40
0.0
 40
0.0
 40
0.0
 40
1.0
 40
1.0
 40
1.0
 10
316.9892680266624
 20
205.29395931179198
 30
0.0
 10
316.9892680266624
 20
205.09893978054197
 30
0.0
 10
316.6667826750999
 20
204.72393978054197
 30
0.0
  0
SPLINE
  5
403
330
17
100
AcDbEntity
  8
ENGRAVE
100
AcDbSpline
 70
0
 71
2
 72
6
 73
3
 74
0
 40
0.0
 40
0.0
 40
0.0
 40
1.0
 40
1.0
 40
1.0
 10
316.4792582610374
 20
205.78897884304197
 30
0.0
 10
316.6442973235374
 20
205.77393978054198
 30
0.0
 10
316.79429732353736
 20
205.60894954616697
 30
0.0
  0
SPLINE
  5
404
330
17
100
AcDbEntity
  8
ENGRAVE
100
AcDbSpline
 70
0
 71
2
 72
6
 73
3
 74
0
 40
0.0
 40
0.0
 40
0.0
 40
1.0
 40
1.0
 40
1.0
 10
316.3142680266624
 20
209.73394954616697
 30
0.0
 10
316.65928755791236
 20
209.68897884304198
 30
0.0
 10
316.9292826750999
 20
209.56146419460447
 30
0.0
  0
SPLINE
  5
405
330
17
100
AcDbEntity
  8
ENGRAVE
100
AcDbSpline
 70
0
 71
2
 72
6
 73
3
 74
0
 40
0.0
 40
0.0
 40
0.0
 40
1.0
 40
1.0
 40
1.0
 10
316.79429732353736
 20
205.60894954616697
 30
0.0
 10
316.9442973235374
 20
205.44395931179199
 30
0.0
 10
316.9892680266624
 20
205.29395931179198
 30
0.0
  0
SPLINE
  5
406
330
17
100
AcDbEntity
  8
ENGRAVE
100
AcDbSpline
 70
0
 71
2
 72
6
 73
3
 74
0
 40
0.0
 40
0.0
 40
0.0
 40
1.0
 40
1.0
 40
1.0
 10
317.6942973235374
 20
208.38394954616697
 30
0.0
 10
317.6192973235374
 20
207.90396907741697
 30
0.0
 10
317.2667826750999
 20
207.3489641946045
 30
0.0
  0
SPLINE
  5
407
330
17
100
AcDbEntity
  8
ENGRAVE
100
AcDbSpline
 70
0
 71
2
 72
6
 73
3
 74
0
 40
0.0
 40
0.0
 40
0.0
 40
1.0
 40
1.0
 40
1.0
 10
316.9292826750999
 20
209.56146419460447
 30
0.0
 10
317.1992777922874
 20
209.43394954616699
 30
0.0
 10
317.3192973235374
 20
209.28394954616698
 30
0.0
  0
SPLINE
  5
408
330
17
100
AcDbEntity
  8
ENGRAVE
100
AcDbSpline
 70
0
 71
2
 72
6
 73
3
 74
0
 40
0.0
 40
0.0
 40
0.0
 40
1.0
 40
1.0
 40
1.0
 10
317.3192973235374
 20
209.28394954616698
 30
0.0
 10
317.5592875579124
 20
209.04395931179198
 30
0.0
 10
317.6342875579124
 20
208.81895931179199
 30
0.0
  0
SPLINE
  5
409
330
17
100
AcDbEntity
  8
ENGRAVE
100
AcDbSpline
 70
0
 71
2
 72
6
 73
3
 74
0
 40
0.0
 40
0.0
 40
0.0
 40
1.0
 40
1.0
 40
1.0
 10
317.6342875579124
 20
208.81895931179199
 30
0.0
 10
317.7092875579124
 20
208.593959311792
 30
0.0
 10
317.6942973235374
 20
208.38394954616697
 30
0.0
  0
SPLINE
  5
40A
330
17
100
AcDbEntity
  8
ENGRAVE
100
AcDbSpline
 70
0
 71
2
 72
6
 73
3
 74
0
 40
0.0
 40
0.0
 40
0.0
 40
1.0
 40
1.0
 40
1.0
 10
318.0167826750999
 20
204.82144954616697
 30
0.0
 10
317.8742777922874
 20
205.00894954616697
 30
0.0
 10
317.8442973235374
 20
205.06895931179199
 30
0.0
  0
SPLINE
  5
40B
330
17
100
AcDbEntity
  8
ENGRAVE
100
AcDbSpline
 70
0
 71
2
 72
6
 73
3
 74
0
 40
0.0
 40
0.0
 40
0.0
 40
1.0
 40
1.0
 40
1.0
 10
317.8442973235374
 20
205.06895931179199
 30
0.0
 10
317.8442973235374
 20
205.42896907741698
 30
0.0
 10
317.9342875579124
 20
205.69896419460449
 30
0.0
  0
SPLINE
  5
40C
330
17
100
AcDbEntity
  8
ENGRAVE
100
AcDbSpline
 70
0
 71
2
 72
6
 73
3
 74
0
 40
0.0
 40
0.0
 40
0.0
 40
1.0
 40
1.0
 40
1.0
 10
318.26426802666236
 20
204.51397884304197
 30
0.0
 10
318.15928755791236
 20
204.63394954616697
 30
0.0
 10
318.0167826750999
 20
204.82144954616697
 30
0.0
  0
SPLINE
  5
40D
330
17
100
AcDbEntity
  8
ENGRAVE
100
AcDbSpline
 70
0
 71
2
 72
6
 73
3
 74
0
 40
0.0
 40
0.0
 40
0.0
 40
1.0
 40
1.0
 40
1.0
 10
317.9342875579124
 20
205.69896419460449
 30
0.0
 10
318.02427779228736
 20
205.968959311792
 30
0.0
 10
318.2043070891624
 20
206.38897884304197
 30
0.0
  0
SPLINE
  5
40E
330
17
100
AcDbEntity
  8
ENGRAVE
100
AcDbSpline
 70
0
 71
2
 72
6
 73
3
 74
0
 40
0.0
 40
0.0
 40
0.0
 40
1.0
 40
1.0
 40
1.0
 10
318.5492777922874
 20
204.30396907741698
 30
0.0
 10
318.4142680266624
 20
204.39395931179197
 30
0.0
 10
318.26426802666236
 20
204.51397884304197
 30
0.0
  0
SPLINE
  5
40F
330
17
100
AcDbEntity
  8
ENGRAVE
100
AcDbSpline
 70
0
 71
2
 72
6
 73
3
 74
0
 40
0.0
 40
0.0
 40
0.0
 40
1.0
 40
1.0
 40
1.0
 10
318.2043070891624
 20
206.38897884304197
 30
0.0
 10
318.26426802666236
 20
206.49395931179197
 30
0.0
 10
318.3167826750999
 20
206.60645931179198
 30
0.0
  0
SPLINE
  5
410
330
17
100
AcDbEntity
  8
ENGRAVE
100
AcDbSpline
 70
0
 71
2
 72
6
 73
3
 74
0
 40
0.0
 40
0.0
 40
0.0
 40
1.0
 40
1.0
 40
1.0
 10
318.3167826750999
 20
206.60645931179198
 30
0.0
 10
318.3692973235374
 20
206.718959311792
 30
0.0
 10
318.4442973235374
 20
206.853969077417
 30
0.0
  0
SPLINE
  5
411
330
17
100
AcDbEntity
  8
ENGRAVE
100
AcDbSpline
 70
0
 71
2
 72
6
 73
3
 74
0
 40
0.0
 40
0.0
 40
0.0
 40
1.0
 40
1.0
 40
1.0
 10
318.80430708916236
 20
204.27393978054198
 30
0.0
 10
318.6842875579124
 20
204.21397884304199
 30
0.0
 10
318.5492777922874
 20
204.30396907741698
 30
0.0
  0
SPLINE
  5
412
330
17
100
AcDbEntity
  8
ENGRAVE
100
AcDbSpline
 70
0
 71
2
 72
6
 73
3
 74
0
 40
0.0
 40
0.0
 40
0.0
 40
1.0
 40
1.0
 40
1.0
 10
318.4442973235374
 20
206.853969077417
 30
0.0
 10
318.5043070891624
 20
207.06397884304198
 30
0.0
 10
318.61680708916236
 20
207.33397396022949
 30
0.0
  0
SPLINE
  5
413
330
17
100
AcDbEntity
  8
ENGRAVE
100
AcDbSpline
 70
0
 71
2
 72
6
 73
3
 74
0
 40
0.0
 40
0.0
 40
0.0
 40
1.0
 40
1.0
 40
1.0
 10
319.1267924407249
 20
204.49893978054197
 30
0.0
 10
318.9692973235374
 20
204.27393978054198
 30
0.0
 10
318.80430708916236
 20
204.27393978054198
 30
0.0
  0
SPLINE
  5
414
330
17
100
AcDbEntity
  8
ENGRAVE
100
AcDbSpline
 70
0
 71
2
 72
6
 73
3
 74
0
 40
0.0
 40
0.0
 40
0.0
 40
1.0
 40
1.0
 40
1.0
 10
318.61680708916236
 20
207.33397396022949
 30
0.0
 10
318.7293070891624
 20
207.603969077417
 30
0.0
 10
318.8342875579124
 20
207.843959311792
 30
0.0
  0
SPLINE
  5
415
330
17
100
AcDbEntity
  8
ENGRAVE
100
AcDbSpline
 70
0
 71
2
 72
6
 73
3
 74
0
 40
0.0
 40
0.0
 40
0.0
 40
1.0
 40
1.0
 40
1.0
 10
318.8342875579124
 20
207.843959311792
 30
0.0
 10
318.9992777922874
 20
208.23394954616697
 30
0.0
 10
319.0892924407249
 20
208.51895931179197
 30
0.0
  0
SPLINE
  5
416
330
17
100
AcDbEntity
  8
ENGRAVE
100
AcDbSpline
 70
0
 71
2
 72
6
 73
3
 74
0
 40
0.0
 40
0.0
 40
0.0
 40
1.0
 40
1.0
 40
1.0
 10
319.6142680266624
 20
205.083949546167
 30
0.0
 10
319.28428755791236
 20
204.72393978054197
 30
0.0
 10
319.1267924407249
 20
204.49893978054197
 30
0.0
  0
SPLINE
  5
417
330
17
100
AcDbEntity
  8
ENGRAVE
100
AcDbSpline
 70
0
 71
2
 72
6
 73
3
 74
0
 40
0.0
 40
0.0
 40
0.0
 40
1.0
 40
1.0
 40
1.0
 10
319.0892924407249
 20
208.51895931179197
 30
0.0
 10
319.17930708916236
 20
208.80396907741698
 30
0.0
 10
319.2392680266624
 20
209.13394954616697
 30
0.0
  0
SPLINE
  5
418
330
17
100
AcDbEntity
  8
ENGRAVE
100
AcDbSpline
 70
0
 71
2
 72
6
 73
3
 74
0
 40
0.0
 40
0.0
 40
0.0
 40
1.0
 40
1.0
 40
1.0
 10
319.2392680266624
 20
209.13394954616697
 30
0.0
 10
319.2242777922874
 20
209.16397884304197
 30
0.0
 10
319.2542826750999
 20
209.2239641946045
 30
0.0
  0
SPLINE
  5
419
330
17
100
AcDbEntity
  8
ENGRAVE
100
AcDbSpline
 70
0
 71
2
 72
6
 73
3
 74
0
 40
0.0
 40
0.0
 40
0.0
 40
1.0
 40
1.0
 40
1.0
 10
319.2542826750999
 20
209.2239641946045
 30
0.0
 10
319.28428755791236
 20
209.28394954616698
 30
0.0
 10
319.3442973235374
 20
209.29893978054199
 30
0.0
  0
SPLINE
  5
41A
330
17
100
AcDbEntity
  8
ENGRAVE
100
AcDbSpline
 70
0
 71
2
 72
6
 73
3
 74
0
 40
0.0
 40
0.0
 40
0.0
 40
1.0
 40
1.0
 40
1.0
 10
320.8142924407249
 20
206.06644466335447
 30
0.0
 10
320.2293070891624
 20
205.62393978054197
 30
0.0
 10
319.6142680266624
 20
205.083949546167
 30
0.0
  0
SPLINE
  5
41B
330
17
100
AcDbEntity
  8
ENGRAVE
100
AcDbSpline
 70
0
 71
2
 72
6
 73
3
 74
0
 40
0.0
 40
0.0
 40
0.0
 40
1.0
 40
1.0
 40
1.0
 10
319.84678755791236
 20
206.86146419460448
 30
0.0
 10
319.7342875579124
 20
206.65894954616698
 30
0.0
 10
319.7342875579124
 20
206.583949546167
 30
0.0
  0
SPLINE
  5
41C
330
17
100
AcDbEntity
  8
ENGRAVE
100
AcDbSpline
 70
0
 71
2
 72
6
 73
3
 74
0
 40
0.0
 40
0.0
 40
0.0
 40
1.0
 40
1.0
 40
1.0
 10
319.3742777922874
 20
209.29893978054199
 30
0.0
 10
319.4793070891624
 20
209.37393978054197
 30
0.0
 10
319.7717875579124
 20
209.32144954616697
 30
0.0
  0
SPLINE
  5
41D
330
17
100
AcDbEntity
  8
ENGRAVE
100
AcDbSpline
 70
0
 71
2
 72
6
 73
3
 74
0
 40
0.0
 40
0.0
 40
0.0
 40
1.0
 40
1.0
 40
1.0
 10
320.0642680266624
 20
207.30396907741698
 30
0.0
 10
319.9592875579124
 20
207.06397884304198
 30
0.0
 10
319.84678755791236
 20
206.86146419460448
 30
0.0
  0
SPLINE
  5
41E
330
17
100
AcDbEntity
  8
ENGRAVE
100
AcDbSpline
 70
0
 71
2
 72
6
 73
3
 74
0
 40
0.0
 40
0.0
 40
0.0
 40
1.0
 40
1.0
 40
1.0
 10
319.7342875579124
 20
206.583949546167
 30
0.0
 10
319.7342875579124
 20
206.583949546167
 30
0.0
 10
319.8542826750999
 20
206.67396419460448
 30
0.0
  0
SPLINE
  5
41F
330
17
100
AcDbEntity
  8
ENGRAVE
100
AcDbSpline
 70
0
 71
2
 72
6
 73
3
 74
0
 40
0.0
 40
0.0
 40
0.0
 40
1.0
 40
1.0
 40
1.0
 10
320.5142924407249
 20
208.44395931179199
 30
0.0
 10
320.4992777922874
 20
208.00894954616697
 30
0.0
 10
320.0642680266624
 20
207.30396907741698
 30
0.0
  0
SPLINE
  5
420
330
17
100
AcDbEntity
  8
ENGRAVE
100
AcDbSpline
 70
0
 71
2
 72
6
 73
3
 74
0
 40
0.0
 40
0.0
 40
0.0
 40
1.0
 40
1.0
 40
1.0
 10
319.8542826750999
 20
206.67396419460448
 30
0.0
 10
319.9742777922874
 20
206.76397884304197
 30
0.0
 10
320.1392924407249
 20
206.89146907741699
 30
0.0
  0
SPLINE
  5
421
330
17
100
AcDbEntity
  8
ENGRAVE
100
AcDbSpline
 70
0
 71
2
 72
6
 73
3
 74
0
 40
0.0
 40
0.0
 40
0.0
 40
1.0
 40
1.0
 40
1.0
 10
319.7717875579124
 20
209.32144954616697
 30
0.0
 10
320.0642680266624
 20
209.26895931179197
 30
0.0
 10
320.2142680266624
 20
209.14893978054198
 30
0.0
  0
SPLINE
  5
422
330
17
100
AcDbEntity
  8
ENGRAVE
100
AcDbSpline
 70
0
 71
2
 72
6
 73
3
 74
0
 40
0.0
 40
0.0
 40
0.0
 40
1.0
 40
1.0
 40
1.0
 10
320.1392924407249
 20
206.89146907741699
 30
0.0
 10
320.30430708916236
 20
207.01895931179197
 30
0.0
 10
320.4242777922874
 20
207.093959311792
 30
0.0
  0
SPLINE
  5
423
330
17
100
AcDbEntity
  8
ENGRAVE
100
AcDbSpline
 70
0
 71
2
 72
6
 73
3
 74
0
 40
0.0
 40
0.0
 40
0.0
 40
1.0
 40
1.0
 40
1.0
 10
320.2142680266624
 20
209.14893978054198
 30
0.0
 10
320.5293070891624
 20
208.87896907741697
 30
0.0
 10
320.5142924407249
 20
208.44395931179199
 30
0.0
  0
SPLINE
  5
424
330
17
100
AcDbEntity
  8
ENGRAVE
100
AcDbSpline
 70
0
 71
2
 72
6
 73
3
 74
0
 40
0.0
 40
0.0
 40
0.0
 40
1.0
 40
1.0
 40
1.0
 10
320.4242777922874
 20
207.093959311792
 30
0.0
 10
320.4992777922874
 20
207.16895931179198
 30
0.0
 10
320.7542826750999
 20
207.37144954616699
 30
0.0
  0
SPLINE
  5
425
330
17
100
AcDbEntity
  8
ENGRAVE
100
AcDbSpline
 70
0
 71
2
 72
6
 73
3
 74
0
 40
0.0
 40
0.0
 40
0.0
 40
1.0
 40
1.0
 40
1.0
 10
321.8793070891624
 20
206.73394954616697
 30
0.0
 10
321.39927779228736
 20
206.50894954616697
 30
0.0
 10
320.8142924407249
 20
206.06644466335447
 30
0.0
  0
SPLINE
  5
426
330
17
100
AcDbEntity
  8
ENGRAVE
100
AcDbSpline
 70
0
 71
2
 72
6
 73
3
 74
0
 40
0.0
 40
0.0
 40
0.0
 40
1.0
 40
1.0
 40
1.0
 10
320.7542826750999
 20
207.37144954616699
 30
0.0
 10
321.0092875579124
 20
207.573939780542
 30
0.0
 10
321.3092875579124
 20
207.79893978054199
 30
0.0
  0
SPLINE
  5
427
330
17
100
AcDbEntity
  8
ENGRAVE
100
AcDbSpline
 70
0
 71
2
 72
6
 73
3
 74
0
 40
0.0
 40
0.0
 40
0.0
 40
1.0
 40
1.0
 40
1.0
 10
321.3092875579124
 20
207.79893978054199
 30
0.0
 10
321.6092875579124
 20
208.02393978054198
 30
0.0
 10
321.7892680266624
 20
208.14395931179197
 30
0.0
  0
SPLINE
  5
428
330
17
100
AcDbEntity
  8
ENGRAVE
100
AcDbSpline
 70
0
 71
2
 72
6
 73
3
 74
0
 40
0.0
 40
0.0
 40
0.0
 40
1.0
 40
1.0
 40
1.0
 10
322.1567729094749
 20
206.75645931179199
 30
0.0
 10
322.0742777922874
 20
206.80894954616699
 30
0.0
 10
321.8793070891624
 20
206.73394954616697
 30
0.0
  0
SPLINE
  5
429
330
17
100
AcDbEntity
  8
ENGRAVE
100
AcDbSpline
 70
0
 71
2
 72
6
 73
3
 74
0
 40
0.0
 40
0.0
 40
0.0
 40
1.0
 40
1.0
 40
1.0
 10
322.2692973235374
 20
206.478969077417
 30
0.0
 10
322.2392680266624
 20
206.70396907741699
 30
0.0
 10
322.1567729094749
 20
206.75645931179199
 30
0.0
  0
SPLINE
  5
42A
330
17
100
AcDbEntity
  8
ENGRAVE
100
AcDbSpline
 70
0
 71
2
 72
6
 73
3
 74
0
 40
0.0
 40
0.0
 40
0.0
 40
1.0
 40
1.0
 40
1.0
 10
322.2543070891624
 20
204.75396907741697
 30
0.0
 10
322.1642680266624
 20
205.09893978054197
 30
0.0
 10
322.2092875579124
 20
205.511439780542
 30
0.0
  0
SPLINE
  5
42B
330
17
100
AcDbEntity
  8
ENGRAVE
100
AcDbSpline
 70
0
 71
2
 72
6
 73
3
 74
0
 40
0.0
 40
0.0
 40
0.0
 40
1.0
 40
1.0
 40
1.0
 10
321.7892680266624
 20
208.14395931179197
 30
0.0
 10
321.9543070891624
 20
208.26397884304197
 30
0.0
 10
322.2092875579124
 20
208.39146907741699
 30
0.0
  0
SPLINE
  5
42C
330
17
100
AcDbEntity
  8
ENGRAVE
100
AcDbSpline
 70
0
 71
2
 72
6
 73
3
 74
0
 40
0.0
 40
0.0
 40
0.0
 40
1.0
 40
1.0
 40
1.0
 10
322.6067729094749
 20
204.29644954616697
 30
0.0
 10
322.38926802666236
 20
204.40894954616698
 30
0.0
 10
322.2543070891624
 20
204.75396907741697
 30
0.0
  0
SPLINE
  5
42D
330
17
100
AcDbEntity
  8
ENGRAVE
100
AcDbSpline
 70
0
 71
2
 72
6
 73
3
 74
0
 40
0.0
 40
0.0
 40
0.0
 40
1.0
 40
1.0
 40
1.0
 10
322.2092875579124
 20
205.511439780542
 30
0.0
 10
322.2543070891624
 20
205.92393978054199
 30
0.0
 10
322.2692973235374
 20
206.19395931179199
 30
0.0
  0
SPLINE
  5
42E
330
17
100
AcDbEntity
  8
ENGRAVE
100
AcDbSpline
 70
0
 71
2
 72
6
 73
3
 74
0
 40
0.0
 40
0.0
 40
0.0
 40
1.0
 40
1.0
 40
1.0
 10
322.2092875579124
 20
208.39146907741699
 30
0.0
 10
322.4642680266624
 20
208.51895931179197
 30
0.0
 10
322.52427779228736
 20
208.51895931179197
 30
0.0
  0
SPLINE
  5
42F
330
17
100
AcDbEntity
  8
ENGRAVE
100
AcDbSpline
 70
0
 71
2
 72
6
 73
3
 74
0
 40
0.0
 40
0.0
 40
0.0
 40
1.0
 40
1.0
 40
1.0
 10
323.1543070891624
 20
204.15396907741697
 30
0.0
 10
322.8242777922874
 20
204.18394954616699
 30
0.0
 10
322.6067729094749
 20
204.29644954616697
 30
0.0
  0
SPLINE
  5
430
330
17
100
AcDbEntity
  8
ENGRAVE
100
AcDbSpline
 70
0
 71
2
 72
6
 73
3
 74
0
 40
0.0
 40
0.0
 40
0.0
 40
1.0
 40
1.0
 40
1.0
 10
322.52427779228736
 20
208.51895931179197
 30
0.0
 10
322.6742777922874
 20
208.51895931179197
 30
0.0
 10
322.8917826750999
 20
208.41395442897948
 30
0.0
  0
SPLINE
  5
431
330
17
100
AcDbEntity
  8
ENGRAVE
100
AcDbSpline
 70
0
 71
2
 72
6
 73
3
 74
0
 40
0.0
 40
0.0
 40
0.0
 40
1.0
 40
1.0
 40
1.0
 10
323.5517924407249
 20
204.386439780542
 30
0.0
 10
323.3492777922874
 20
204.198939780542
 30
0.0
 10
323.1543070891624
 20
204.15396907741697
 30
0.0
  0
SPLINE
  5
432
330
17
100
AcDbEntity
  8
ENGRAVE
100
AcDbSpline
 70
0
 71
2
 72
6
 73
3
 74
0
 40
0.0
 40
0.0
 40
0.0
 40
1.0
 40
1.0
 40
1.0
 10
322.8917826750999
 20
208.41395442897948
 30
0.0
 10
323.1092875579124
 20
208.30894954616699
 30
0.0
 10
323.2967875579124
 20
208.16644466335447
 30
0.0
  0
SPLINE
  5
433
330
17
100
AcDbEntity
  8
ENGRAVE
100
AcDbSpline
 70
0
 71
2
 72
6
 73
3
 74
0
 40
0.0
 40
0.0
 40
0.0
 40
1.0
 40
1.0
 40
1.0
 10
323.4842875579124
 20
206.65897396022947
 30
0.0
 10
323.51426802666236
 20
206.103969077417
 30
0.0
 10
323.4242777922874
 20
205.71397884304199
 30
0.0
  0
SPLINE
  5
434
330
17
100
AcDbEntity
  8
ENGRAVE
100
AcDbSpline
 70
0
 71
2
 72
6
 73
3
 74
0
 40
0.0
 40
0.0
 40
0.0
 40
1.0
 40
1.0
 40
1.0
 10
323.4242777922874
 20
205.71397884304199
 30
0.0
 10
323.4242777922874
 20
205.71397884304199
 30
0.0
 10
323.4392924407249
 20
205.69146907741697
 30
0.0
  0
SPLINE
  5
435
330
17
100
AcDbEntity
  8
ENGRAVE
100
AcDbSpline
 70
0
 71
2
 72
6
 73
3
 74
0
 40
0.0
 40
0.0
 40
0.0
 40
1.0
 40
1.0
 40
1.0
 10
323.4692973235374
 20
205.62393978054197
 30
0.0
 10
323.4543070891624
 20
205.60894954616697
 30
0.0
 10
323.4618022063499
 20
205.57144954616697
 30
0.0
  0
SPLINE
  5
436
330
17
100
AcDbEntity
  8
ENGRAVE
100
AcDbSpline
 70
0
 71
2
 72
6
 73
3
 74
0
 40
0.0
 40
0.0
 40
0.0
 40
1.0
 40
1.0
 40
1.0
 10
323.4618022063499
 20
205.57144954616697
 30
0.0
 10
323.4692973235374
 20
205.53394954616698
 30
0.0
 10
323.4692973235374
 20
205.53394954616698
 30
0.0
  0
SPLINE
  5
437
330
17
100
AcDbEntity
  8
ENGRAVE
100
AcDbSpline
 70
0
 71
2
 72
6
 73
3
 74
0
 40
0.0
 40
0.0
 40
0.0
 40
1.0
 40
1.0
 40
1.0
 10
323.4392924407249
 20
205.69146907741697
 30
0.0
 10
323.4543070891624
 20
205.66895931179198
 30
0.0
 10
323.4692973235374
 20
205.62393978054197
 30
0.0
  0
SPLINE
  5
438
330
17
100
AcDbEntity
  8
ENGRAVE
100
AcDbSpline
 70
0
 71
2
 72
6
 73
3
 74
0
 40
0.0
 40
0.0
 40
0.0
 40
1.0
 40
1.0
 40
1.0
 10
323.4842875579124
 20
207.573939780542
 30
0.0
 10
323.4543070891624
 20
207.21397884304199
 30
0.0
 10
323.4842875579124
 20
206.65897396022947
 30
0.0
  0
SPLINE
  5
439
330
17
100
AcDbEntity
  8
ENGRAVE
100
AcDbSpline
 70
0
 71
2
 72
6
 73
3
 74
0
 40
0.0
 40
0.0
 40
0.0
 40
1.0
 40
1.0
 40
1.0
 10
323.4992777922874
 20
207.74644954616699
 30
0.0
 10
323.4842875579124
 20
207.64893978054198
 30
0.0
 10
323.4842875579124
 20
207.573939780542
 30
0.0
  0
SPLINE
  5
43A
330
17
100
AcDbEntity
  8
ENGRAVE
100
AcDbSpline
 70
0
 71
2
 72
6
 73
3
 74
0
 40
0.0
 40
0.0
 40
0.0
 40
1.0
 40
1.0
 40
1.0
 10
323.51426802666236
 20
207.90396907741697
 30
0.0
 10
323.51426802666236
 20
207.843959311792
 30
0.0
 10
323.4992777922874
 20
207.74644954616699
 30
0.0
  0
SPLINE
  5
43B
330
17
100
AcDbEntity
  8
ENGRAVE
100
AcDbSpline
 70
0
 71
2
 72
6
 73
3
 74
0
 40
0.0
 40
0.0
 40
0.0
 40
1.0
 40
1.0
 40
1.0
 10
323.2967875579124
 20
208.16644466335447
 30
0.0
 10
323.4842875579124
 20
208.02393978054198
 30
0.0
 10
323.51426802666236
 20
207.90396907741697
 30
0.0
  0
SPLINE
  5
43C
330
17
100
AcDbEntity
  8
ENGRAVE
100
AcDbSpline
 70
0
 71
2
 72
6
 73
3
 74
0
 40
0.0
 40
0.0
 40
0.0
 40
1.0
 40
1.0
 40
1.0
 10
323.7692973235374
 20
204.76895931179197
 30
0.0
 10
323.7543070891624
 20
204.573939780542
 30
0.0
 10
323.5517924407249
 20
204.386439780542
 30
0.0
  0
SPLINE
  5
43D
330
17
100
AcDbEntity
  8
ENGRAVE
100
AcDbSpline
 70
0
 71
2
 72
6
 73
3
 74
0
 40
0.0
 40
0.0
 40
0.0
 40
1.0
 40
1.0
 40
1.0
 10
323.4692973235374
 20
205.53394954616698
 30
0.0
 10
323.4992777922874
 20
205.38394954616697
 30
0.0
 10
323.5742777922874
 20
205.218959311792
 30
0.0
  0
SPLINE
  5
43E
330
17
100
AcDbEntity
  8
ENGRAVE
100
AcDbSpline
 70
0
 71
2
 72
6
 73
3
 74
0
 40
0.0
 40
0.0
 40
0.0
 40
1.0
 40
1.0
 40
1.0
 10
323.5742777922874
 20
205.218959311792
 30
0.0
 10
323.64927779228736
 20
205.05396907741698
 30
0.0
 10
323.7692973235374
 20
204.76895931179197
 30
0.0
  0
SPLINE
  5
43F
330
17
100
AcDbEntity
  8
ENGRAVE
100
AcDbSpline
 70
0
 71
3
 72
116
 73
112
 74
0
 40
0.0
 40
0.0
 40
0.0
 40
0.0
 40
0.47470560217930635
 40
0.47470560217930635
 40
0.47470560217930635
 40
1.2264958694517054
 40
1.2264958694517054
 40
1.2264958694517054
 40
2.181515116922967
 40
2.181515116922967
 40
2.181515116922967
 40
3.237690730623235
 40
3.237690730623235
 40
3.237690730623235
 40
4.354777905583736
 40
4.354777905583736
 40
4.354777905583736
 40
6.705894915763598
 40
6.705894915763598
 40
6.705894915763598
 40
7.872460702760388
 40
7.872460702760388
 40
7.872460702760388
 40
9.044693068731332
 40
9.044693068731332
 40
9.044693068731332
 40
10.995133981514899
 40
10.995133981514899
 40
10.995133981514899
 40
13.211900755610197
 40
13.211900755610197
 40
13.211900755610197
 40
15.343195609219276
 40
15.343195609219276
 40
15.343195609219276
 40
16.497285305846535
 40
16.497285305846535
 40
16.497285305846535
 40
17.340592339051366
 40
17.340592339051366
 40
17.340592339051366
 40
17.63560997877845
 40
17.63560997877845
 40
17.63560997877845
 40
17.84540770825297
 40
17.84540770825297
 40
17.84540770825297
 40
17.970729105954877
 40
17.970729105954877
 40
17.970729105954877
 40
18.01239922511857
 40
18.01239922511857
 40
18.01239922511857
 40
18.054069344282265
 40
18.054069344282265
 40
18.054069344282265
 40
18.17939074198417
 40
18.17939074198417
 40
18.17939074198417
 40
18.38918847145869
 40
18.38918847145869
 40
18.38918847145869
 40
18.684206111185777
 40
18.684206111185777
 40
18.684206111185777
 40
19.527513144390607
 40
19.527513144390607
 40
19.527513144390607
 40
20.681602841017867
 40
20.681602841017867
 40
20.681602841017867
 40
22.812897694626947
 40
22.812897694626947
 40
22.812897694626947
 40
25.029664468722245
 40
25.029664468722245
 40
25.029664468722245
 40
26.980105381505815
 40
26.980105381505815
 40
26.980105381505815
 40
28.15233774747676
 40
28.15233774747676
 40
28.15233774747676
 40
29.318903534473552
 40
29.318903534473552
 40
29.318903534473552
 40
31.67002054465341
 40
31.67002054465341
 40
31.67002054465341
 40
32.787107719613914
 40
32.787107719613914
 40
32.787107719613914
 40
33.84328333331418
 40
33.84328333331418
 40
33.84328333331418
 40
34.798302580785446
 40
34.798302580785446
 40
34.798302580785446
 40
35.20780013032334
 40
35.20780013032334
 40
35.20780013032334
 40
35.550092848057844
 40
35.550092848057844
 40
35.550092848057844
 40
35.80872658935736
 40
35.80872658935736
 40
35.80872658935736
 40
35.969983265220634
 40
35.969983265220634
 40
35.969983265220634
 40
36.02479845023715
 40
36.02479845023715
 40
36.02479845023715
 40
36.02479845023715
 10
287.0
 20
168.76470588235293
 30
0.0
 10
287.00796714002786
 20
168.92298160899526
 30
0.0
 10
287.0496590551912
 20
169.07777519797048
 30
0.0
 10
287.0979063822886
 20
169.22801005663385
 30
0.0
 10
287.1785562976849
 20
169.4668078972917
 30
0.0
 10
287.28800505289047
 20
169.69167591023768
 30
0.0
 10
287.4262526479055
 20
169.90261409547264
 30
0.0
 10
287.60176636382727
 20
170.17176590752314
 30
0.0
 10
287.81488378680683
 20
170.40688180422302
 30
0.0
 10
288.06560491684337
 20
170.6079617855715
 30
0.0
 10
288.34109405769345
 20
170.82782730809538
 30
0.0
 10
288.6583261695017
 20
170.99605645280673
 30
0.0
 10
288.99653679393845
 20
171.09644766510522
 30
0.0
 10
289.3540750039433
 20
171.20320072560096
 30
0.0
 10
289.73377690428765
 20
171.23330964581342
 30
0.0
 10
290.1039582415498
 20
171.18746722996087
 30
0.0
 10
290.8846434094516
 20
171.0924090307875
 30
0.0
 10
291.6149391289691
 20
170.66423784213754
 30
0.0
 10
292.0892483671347
 20
170.03846641210401
 30
0.0
 10
292.32501467243696
 20
169.72855124781876
 30
0.0
 10
292.49720951523307
 20
169.36920509464753
 30
0.0
 10
292.5828375349144
 20
168.98882666712936
 30
0.0
 10
292.6698881969519
 20
168.6067095727815
 30
0.0
 10
292.6666594689604
 20
168.20593060010793
 30
0.0
 10
292.5828375349142
 20
167.82365296412368
 30
0.0
 10
292.44370952446747
 20
167.18390991295723
 30
0.0
 10
292.09627501031935
 20
166.61078005501656
 30
0.0
 10
291.6857569821521
 20
166.10997460016193
 30
0.0
 10
291.21572798836075
 20
165.53814925347757
 30
0.0
 10
290.6623817121293
 20
165.04304791476258
 30
0.0
 10
290.10395824154983
 20
164.56039994162543
 30
0.0
 10
289.566011302797
 20
164.09654257393888
 30
0.0
 10
289.01626367401457
 20
163.64566600370927
 30
0.0
 10
288.4997704827414
 20
163.15748493126037
 30
0.0
 10
288.2179435770056
 20
162.89475354598304
 30
0.0
 10
287.9533142004059
 20
162.61578834350047
 30
0.0
 10
287.7058823529412
 20
162.32058932381258
 30
0.0
 10
287.52741933579176
 20
162.10501774646698
 30
0.0
 10
287.3617388315168
 20
161.87295050253718
 30
0.0
 10
287.2259318016837
 20
161.62827960112523
 30
0.0
 10
287.1781043999403
 20
161.54467850176079
 30
0.0
 10
287.13542926014236
 20
161.4560814741339
 30
0.0
 10
287.09790638228856
 20
161.3624885182446
 30
0.0
 10
287.07136321532306
 20
161.2917896432144
 30
0.0
 10
287.04858400538427
 20
161.22567101611656
 30
0.0
 10
287.02956875247173
 20
161.16413263695117
 30
0.0
 10
287.01830996910337
 20
161.12922817556057
 30
0.0
 10
287.0085731963887
 20
161.09928246233136
 30
0.0
 10
287.0037386114924
 20
161.0415020676018
 30
0.0
 10
287.0021310829102
 20
161.02228973851945
 30
0.0
 10
287.00106554145526
 20
161.00000000000003
 30
0.0
 10
287.0
 20
161.0
 30
0.0
 10
286.9989344585447
 20
161.0
 30
0.0
 10
286.9978689170896
 20
161.02228973851942
 30
0.0
 10
286.99626138850755
 20
161.0415020676018
 30
0.0
 10
286.9914268036109
 20
161.09928246233127
 30
0.0
 10
286.98169003089697
 20
161.1292281755606
 30
0.0
 10
286.97043124752827
 20
161.16413263695117
 30
0.0
 10
286.9514159946156
 20
161.2256710161166
 30
0.0
 10
286.92863678467677
 20
161.29178964321443
 30
0.0
 10
286.9020936177115
 20
161.36248851824462
 30
0.0
 10
286.8645707398575
 20
161.45608147413384
 30
0.0
 10
286.8218956000594
 20
161.54467850176087
 30
0.0
 10
286.7740681983164
 20
161.62827960112517
 30
0.0
 10
286.6382611684834
 20
161.8729505025373
 30
0.0
 10
286.47258066420795
 20
162.10501774646696
 30
0.0
 10
286.2941176470587
 20
162.32058932381256
 30
0.0
 10
286.0466857995941
 20
162.6157883435004
 30
0.0
 10
285.78205642299434
 20
162.89475354598318
 30
0.0
 10
285.50022951725856
 20
163.1574849312604
 30
0.0
 10
284.98373632598583
 20
163.64566600370918
 30
0.0
 10
284.4339886972028
 20
164.09654257393908
 30
0.0
 10
283.8960417584501
 20
164.5603999416255
 30
0.0
 10
283.33761828787084
 20
165.04304791476278
 30
0.0
 10
282.784272011639
 20
165.53814925347743
 30
0.0
 10
282.31424301784796
 20
166.1099746001619
 30
0.0
 10
281.90372498968026
 20
166.61078005501062
 30
0.0
 10
281.5562904755327
 20
167.18390991296474
 30
0.0
 10
281.41716246508577
 20
167.8236529641237
 30
0.0
 10
281.33334053103965
 20
168.2059305999359
 30
0.0
 10
281.3301118030481
 20
168.60670957301673
 30
0.0
 10
281.4171624650857
 20
168.9888266671293
 30
0.0
 10
281.50279048476716
 20
169.36920509226297
 30
0.0
 10
281.6749853275625
 20
169.72855125115066
 30
0.0
 10
281.91075163286524
 20
170.03846641210404
 30
0.0
 10
282.3850608710311
 20
170.66423772295852
 30
0.0
 10
283.11535659054823
 20
171.09240918690193
 30
0.0
 10
283.8960417584502
 20
171.18746722996084
 30
0.0
 10
284.2662230957124
 20
171.23330363648125
 30
0.0
 10
284.6459249960563
 20
171.20320891018952
 30
0.0
 10
285.0034632060614
 20
171.09644766510522
 30
0.0
 10
285.3416738304983
 20
170.99597958147496
 30
0.0
 10
285.6589059423069
 20
170.82793137301152
 30
0.0
 10
285.9343950831564
 20
170.6079617855714
 30
0.0
 10
286.18511621319345
 20
170.40702481117518
 30
0.0
 10
286.39823363617245
 20
170.1719089144755
 30
0.0
 10
286.5737473520944
 20
169.90261409547261
 30
0.0
 10
286.6485563731344
 20
169.78609263400938
 30
0.0
 10
286.715329988542
 20
169.6670409171211
 30
0.0
 10
286.7740681983164
 20
169.54545894480768
 30
0.0
 10
286.8232720318954
 20
169.44793464866484
 30
0.0
 10
286.86594717169385
 20
169.34211835260712
 30
0.0
 10
286.90209361771144
 20
169.22801005663385
 30
0.0
 10
286.9292438747841
 20
169.13948372317415
 30
0.0
 10
286.9523001905887
 20
169.04099390575652
 30
0.0
 10
286.97043124752827
 20
168.9785679180734
 30
0.0
 10
286.9817358590507
 20
168.9396456675941
 30
0.0
 10
286.9911257998214
 20
168.91474305788256
 30
0.0
 10
286.9962613885076
 20
168.81939342474152
 30
0.0
 10
286.99800710379344
 20
168.78698169509437
 30
0.0
 10
286.9992612327563
 20
168.74642987912688
 30
0.0
 10
287.0
 20
168.76470588235293
 30
0.0
  0
LINE
  5
440
330
17
100
AcDbEntity
  8
ENGRAVE
100
AcDbLine
 10
250.65928755791242
 20
209.16397884304197
 30
0.0
 11
251.25928755791242
 21
208.99893978054197
 31
0.0
  0
LINE
  5
441
330
17
100
AcDbEntity
  8
ENGRAVE
100
AcDbLine
 10
251.25928755791242
 20
208.99893978054197
 30
0.0
 11
250.85425826103742
 21
208.12896907741697
 31
0.0
  0
LINE
  5
442
330
17
100
AcDbEntity
  8
ENGRAVE
100
AcDbLine
 10
256.5092875579124
 20
208.218959311792
 30
0.0
 11
256.3892680266624
 21
207.978969077417
 31
0.0
  0
LINE
  5
443
330
17
100
AcDbEntity
  8
ENGRAVE
100
AcDbLine
 10
259.1192484954124
 20
207.88897884304197
 30
0.0
 11
258.7892680266624
 21
207.34893978054197
 31
0.0
  0
LINE
  5
444
330
17
100
AcDbEntity
  8
ENGRAVE
100
AcDbLine
 10
260.3642680266624
 20
207.51397884304197
 30
0.0
 11
260.6192484954124
 21
208.26397884304197
 31
0.0
  0
LINE
  5
445
330
17
100
AcDbEntity
  8
ENGRAVE
100
AcDbLine
 10
260.6192484954124
 20
208.26397884304197
 30
0.0
 11
260.0642680266624
 21
208.75894954616697
 31
0.0
  0
LINE
  5
446
330
17
100
AcDbEntity
  8
ENGRAVE
100
AcDbLine
 10
264.8206944609394
 20
186.6154041414492
 30
0.0
 11
264.7006749296894
 21
186.3754139070742
 31
0.0
  0
LINE
  5
447
330
17
100
AcDbEntity
  8
ENGRAVE
100
AcDbLine
 10
267.4306553984394
 20
186.28542367269918
 30
0.0
 11
267.10067492968943
 21
185.74538461019918
 31
0.0
  0
LINE
  5
448
330
17
100
AcDbEntity
  8
ENGRAVE
100
AcDbLine
 10
268.6756749296894
 20
185.91042367269918
 30
0.0
 11
268.9306553984394
 21
186.66042367269918
 31
0.0
  0
LINE
  5
449
330
17
100
AcDbEntity
  8
ENGRAVE
100
AcDbLine
 10
268.9306553984394
 20
186.66042367269918
 30
0.0
 11
268.3756749296894
 21
187.1553943758242
 31
0.0
  0
LINE
  5
44A
330
17
100
AcDbEntity
  8
ENGRAVE
100
AcDbLine
 10
271.5556553984394
 20
187.6953846101992
 30
0.0
 11
271.5256749296894
 21
187.6953846101992
 31
0.0
  0
LINE
  5
44B
330
17
100
AcDbEntity
  8
ENGRAVE
100
AcDbLine
 10
271.6142680266624
 20
209.16397884304197
 30
0.0
 11
272.21426802666235
 21
208.99893978054197
 31
0.0
  0
LINE
  5
44C
330
17
100
AcDbEntity
  8
ENGRAVE
100
AcDbLine
 10
272.21426802666235
 20
208.99893978054197
 30
0.0
 11
271.80923872978735
 21
208.12896907741697
 31
0.0
  0
LINE
  5
44D
330
17
100
AcDbEntity
  8
ENGRAVE
100
AcDbLine
 10
274.4506749296894
 20
184.8754139070742
 30
0.0
 11
274.4506749296894
 21
184.5904041414492
 31
0.0
  0
LINE
  5
44E
330
17
100
AcDbEntity
  8
ENGRAVE
100
AcDbLine
 10
279.7606846953144
 20
183.2254139070742
 30
0.0
 11
280.3756749296894
 21
183.7803943758242
 31
0.0
  0
LINE
  5
44F
330
17
100
AcDbEntity
  8
ENGRAVE
100
AcDbLine
 10
280.3756749296894
 20
183.7803943758242
 30
0.0
 11
280.3906651640644
 21
183.2703846101992
 31
0.0
  0
LINE
  5
450
330
17
100
AcDbEntity
  8
ENGRAVE
100
AcDbLine
 10
281.3792582610374
 20
205.66895931179198
 30
0.0
 11
281.5142680266624
 21
206.17896907741698
 31
0.0
  0
LINE
  5
451
330
17
100
AcDbEntity
  8
ENGRAVE
100
AcDbLine
 10
281.4992289641624
 20
205.66895931179198
 30
0.0
 11
281.3792582610374
 21
205.66895931179198
 31
0.0
  0
LINE
  5
452
330
17
100
AcDbEntity
  8
ENGRAVE
100
AcDbLine
 10
287.2306553984394
 20
184.6803943758242
 30
0.0
 11
287.2306553984394
 21
184.6053943758242
 31
0.0
  0
LINE
  5
453
330
17
100
AcDbEntity
  8
ENGRAVE
100
AcDbLine
 10
292.37427779228744
 20
206.28394954616698
 30
0.0
 11
292.37427779228744
 21
206.208949546167
 31
0.0
  0
LINE
  5
454
330
17
100
AcDbEntity
  8
ENGRAVE
100
AcDbLine
 10
293.8906163359394
 20
186.1803943758242
 30
0.0
 11
294.0556553984394
 21
186.5854236726992
 31
0.0
  0
LINE
  5
455
330
17
100
AcDbEntity
  8
ENGRAVE
100
AcDbLine
 10
294.9856358671894
 20
182.9404041414492
 30
0.0
 11
295.13563586718936
 21
182.8053943758242
 31
0.0
  0
LINE
  5
456
330
17
100
AcDbEntity
  8
ENGRAVE
100
AcDbLine
 10
295.1806553984394
 20
184.6053943758242
 30
0.0
 11
294.76063586718936
 21
183.4354236726992
 31
0.0
  0
LINE
  5
457
330
17
100
AcDbEntity
  8
ENGRAVE
100
AcDbLine
 10
301.1642680266624
 20
209.17896907741698
 30
0.0
 11
301.0892680266624
 21
209.25396907741697
 31
0.0
  0
LINE
  5
458
330
17
100
AcDbEntity
  8
ENGRAVE
100
AcDbLine
 10
319.3742777922874
 20
209.29893978054199
 30
0.0
 11
319.3442973235374
 21
209.29893978054199
 31
0.0
  0
LINE
  5
459
330
17
100
AcDbEntity
  8
ENGRAVE
100
AcDbLine
 10
322.2692973235374
 20
206.478969077417
 30
0.0
 11
322.2692973235374
 21
206.19395931179199
 31
0.0
  0
ENDSEC
  0
SECTION
  2
OBJECTS
  0
DICTIONARY
  5
A
330
0
100
AcDbDictionary
281
1
  3
ACAD_COLOR
350
B
  3
ACAD_GROUP
350
C
  3
ACAD_LAYOUT
350
D
  3
ACAD_MATERIAL
350
E
  3
ACAD_MLEADERSTYLE
350
F
  3
ACAD_MLINESTYLE
350
10
  3
ACAD_PLOTSETTINGS
350
11
  3
ACAD_PLOTSTYLENAME
350
12
  3
ACAD_SCALELIST
350
14
  3
ACAD_TABLESTYLE
350
15
  3
ACAD_VISUALSTYLE
350
16
  3
EZDXF_META
350
2D
  0
DICTIONARY
  5
B
330
A
100
AcDbDictionary
281
1
  0
DICTIONARY
  5
C
330
A
100
AcDbDictionary
281
1
  0
DICTIONARY
  5
D
330
A
100
AcDbDictionary
281
1
  3
Model
350
1A
  3
Layout1
350
1E
  0
DICTIONARY
  5
E
330
A
100
AcDbDictionary
281
1
  3
ByBlock
350
1F
  3
ByLayer
350
20
  3
Global
350
21
  0
DICTIONARY
  5
F
330
A
100
AcDbDictionary
281
1
  3
Standard
350
2C
  0
DICTIONARY
  5
10
330
A
100
AcDbDictionary
281
1
  3
Standard
350
22
  0
DICTIONARY
  5
11
330
A
100
AcDbDictionary
281
1
  0
ACDBDICTIONARYWDFLT
  5
12
330
A
100
AcDbDictionary
281
1
  3
Normal
350
13
100
AcDbDictionaryWithDefault
340
13
  0
ACDBPLACEHOLDER
  5
13
330
12
  0
DICTIONARY
  5
14
330
A
100
AcDbDictionary
281
1
  0
DICTIONARY
  5
15
330
A
100
AcDbDictionary
281
1
  0
DICTIONARY
  5
16
330
A
100
AcDbDictionary
281
1
  0
LAYOUT
  5
1A
330
D
100
AcDbPlotSettings
  1

  4
A3
  6

 40
7.5
 41
20.0
 42
7.5
 43
20.0
 44
420.0
 45
297.0
 46
0.0
 47
0.0
 48
0.0
 49
0.0
140
0.0
141
0.0
142
1.0
143
1.0
 70
1024
 72
1
 73
0
 74
5
  7

 75
16
 76
0
 77
2
 78
300
147
1.0
148
0.0
149
0.0
100
AcDbLayout
  1
Model
 70
1
 71
0
 10
0.0
 20
0.0
 11
420.0
 21
297.0
 12
0.0
 22
0.0
 32
0.0
 14
1e+20
 24
1e+20
 34
1e+20
 15
-1e+20
 25
-1e+20
 35
-1e+20
146
0.0
 13
0.0
 23
0.0
 33
0.0
 16
1.0
 26
0.0
 36
0.0
 17
0.0
 27
1.0
 37
0.0
 76
1
330
17
  0
LAYOUT
  5
1E
330
D
100
AcDbPlotSettings
  1

  4
A3
  6

 40
7.5
 41
20.0
 42
7.5
 43
20.0
 44
420.0
 45
297.0
 46
0.0
 47
0.0
 48
0.0
 49
0.0
140
0.0
141
0.0
142
1.0
143
1.0
 70
0
 72
1
 73
0
 74
5
  7

 75
16
 76
0
 77
2
 78
300
147
1.0
148
0.0
149
0.0
100
AcDbLayout
  1
Layout1
 70
1
 71
1
 10
0.0
 20
0.0
 11
420.0
 21
297.0
 12
0.0
 22
0.0
 32
0.0
 14
1e+20
 24
1e+20
 34
1e+20
 15
-1e+20
 25
-1e+20
 35
-1e+20
146
0.0
 13
0.0
 23
0.0
 33
0.0
 16
1.0
 26
0.0
 36
0.0
 17
0.0
 27
1.0
 37
0.0
 76
1
330
1B
  0
MATERIAL
  5
1F
102
{ACAD_REACTORS
330
E
102
}
330
E
100
AcDbMaterial
  1
ByBlock
  2

 70
0
 40
1.0
 71
1
 41
1.0
 91
-1023410177
 42
1.0
 72
1
  3

 73
1
 74
1
 75
1
 44
0.5
 73
0
 45
1.0
 46
1.0
 77
1
  4

 78
1
 79
1
170
1
 48
1.0
171
1
  6

172
1
173
1
174
1
140
1.0
141
1.0
175
1
  7

176
1
177
1
178
1
143
1.0
179
1
  8

270
1
271
1
272
1
145
1.0
146
1.0
273
1
  9

274
1
275
1
276
1
 42
1.0
 72
1
  3

 73
1
 74
1
 75
1
 94
63
  0
MATERIAL
  5
20
102
{ACAD_REACTORS
330
E
102
}
330
E
100
AcDbMaterial
  1
ByLayer
  2

 70
0
 40
1.0
 71
1
 41
1.0
 91
-1023410177
 42
1.0
 72
1
  3

 73
1
 74
1
 75
1
 44
0.5
 73
0
 45
1.0
 46
1.0
 77
1
  4

 78
1
 79
1
170
1
 48
1.0
171
1
  6

172
1
173
1
174
1
140
1.0
141
1.0
175
1
  7

176
1
177
1
178
1
143
1.0
179
1
  8

270
1
271
1
272
1
145
1.0
146
1.0
273
1
  9

274
1
275
1
276
1
 42
1.0
 72
1
  3

 73
1
 74
1
 75
1
 94
63
  0
MATERIAL
  5
21
102
{ACAD_REACTORS
330
E
102
}
330
E
100
AcDbMaterial
  1
Global
  2

 70
0
 40
1.0
 71
1
 41
1.0
 91
-1023410177
 42
1.0
 72
1
  3

 73
1
 74
1
 75
1
 44
0.5
 73
0
 45
1.0
 46
1.0
 77
1
  4

 78
1
 79
1
170
1
 48
1.0
171
1
  6

172
1
173
1
174
1
140
1.0
141
1.0
175
1
  7

176
1
177
1
178
1
143
1.0
179
1
  8

270
1
271
1
272
1
145
1.0
146
1.0
273
1
  9

274
1
275
1
276
1
 42
1.0
 72
1
  3

 73
1
 74
1
 75
1
 94
63
  0
MLINESTYLE
  5
22
102
{ACAD_REACTORS
330
10
102
}
330
10
100
AcDbMlineStyle
  2
Standard
 70
0
  3

 62
256
 51
90.0
 52
90.0
 71
2
 49
0.5
 62
256
  6
BYLAYER
 49
-0.5
 62
256
  6
BYLAYER
  0
MLEADERSTYLE
  5
2C
102
{ACAD_REACTORS
330
F
102
}
330
F
100
AcDbMLeaderStyle
179
2
170
2
171
1
172
0
 90
2
 40
0.0
 41
0.0
173
1
 91
-1056964608
 92
-2
290
1
 42
2.0
291
1
 43
8.0
  3
Standard
 44
4.0
300

342
29
174
1
175
1
176
0
178
1
 93
-1056964608
 45
4.0
292
0
297
0
 46
4.0
 94
-1056964608
 47
1.0
 49
1.0
140
1.0
294
1
141
0.0
177
0
142
1.0
295
0
296
0
143
3.75
271
0
272
9
273
9
  0
DICTIONARY
  5
2D
330
A
100
AcDbDictionary
280
1
281
1
  3
CREATED_BY_EZDXF
350
2E
  3
WRITTEN_BY_EZDXF
350
45D
  0
DICTIONARYVAR
  5
2E
330
2D
100
DictionaryVariables
280
0
  1
0.0 @ 2000-01-01T00:00:00.000000+00:00
  0
DICTIONARYVAR
  5
45D
330
2D
100
DictionaryVariables
280
0
  1
0.0 @ 2000-01-01T00:00:00.000000+00:00
  0
ENDSEC
  0
EOF
